Fitting 100 folds for each of 200 candidates, totalling 20000 fits
[CV] END learning_rate=0.034309977022776265, max_depth=10, max_features=0.8255183999255711, min_samples_split=2, n_estimators=4168, subsample=0.8993315400781986; total time= 1.4min
[CV] END learning_rate=0.034309977022776265, max_depth=10, max_features=0.8255183999255711, min_samples_split=2, n_estimators=4168, subsample=0.8993315400781986; total time= 1.4min
[CV] END learning_rate=0.034309977022776265, max_depth=10, max_features=0.8255183999255711, min_samples_split=2, n_estimators=4168, subsample=0.8993315400781986; total time= 1.4min
[CV] END learning_rate=0.034309977022776265, max_depth=10, max_features=0.8255183999255711, min_samples_split=2, n_estimators=4168, subsample=0.8993315400781986; total time= 1.4min
[CV] END learning_rate=0.034309977022776265, max_depth=10, max_features=0.8255183999255711, min_samples_split=2, n_estimators=4168, subsample=0.8993315400781986; total time= 1.5min
[CV] END learning_rate=0.034309977022776265, max_depth=10, max_features=0.8255183999255711, min_samples_split=2, n_estimators=4168, subsample=0.8993315400781986; total time= 1.5min
[CV] END learning_rate=0.034309977022776265, max_depth=10, max_features=0.8255183999255711, min_samples_split=2, n_estimators=4168, subsample=0.8993315400781986; total time= 1.5min
[CV] END learning_rate=0.034309977022776265, max_depth=10, max_features=0.8255183999255711, min_samples_split=2, n_estimators=4168, subsample=0.8993315400781986; total time= 1.5min
[CV] END learning_rate=0.034309977022776265, max_depth=10, max_features=0.8255183999255711, min_samples_split=2, n_estimators=4168, subsample=0.8993315400781986; total time= 1.5min
[CV] END learning_rate=0.034309977022776265, max_depth=10, max_features=0.8255183999255711, min_samples_split=2, n_estimators=4168, subsample=0.8993315400781986; total time= 1.5min
[CV] END learning_rate=0.034309977022776265, max_depth=10, max_features=0.8255183999255711, min_samples_split=2, n_estimators=4168, subsample=0.8993315400781986; total time= 1.5min
[CV] END learning_rate=0.034309977022776265, max_depth=10, max_features=0.8255183999255711, min_samples_split=2, n_estimators=4168, subsample=0.8993315400781986; total time= 1.5min
[CV] END learning_rate=0.034309977022776265, max_depth=10, max_features=0.8255183999255711, min_samples_split=2, n_estimators=4168, subsample=0.8993315400781986; total time= 1.5min
[CV] END learning_rate=0.034309977022776265, max_depth=10, max_features=0.8255183999255711, min_samples_split=2, n_estimators=4168, subsample=0.8993315400781986; total time= 1.5min
[CV] END learning_rate=0.034309977022776265, max_depth=10, max_features=0.8255183999255711, min_samples_split=2, n_estimators=4168, subsample=0.8993315400781986; total time= 1.6min
[CV] END learning_rate=0.034309977022776265, max_depth=10, max_features=0.8255183999255711, min_samples_split=2, n_estimators=4168, subsample=0.8993315400781986; total time= 1.6min
[CV] END learning_rate=0.034309977022776265, max_depth=10, max_features=0.8255183999255711, min_samples_split=2, n_estimators=4168, subsample=0.8993315400781986; total time= 1.6min
[CV] END learning_rate=0.034309977022776265, max_depth=10, max_features=0.8255183999255711, min_samples_split=2, n_estimators=4168, subsample=0.8993315400781986; total time= 1.6min
[CV] END learning_rate=0.034309977022776265, max_depth=10, max_features=0.8255183999255711, min_samples_split=2, n_estimators=4168, subsample=0.8993315400781986; total time= 1.6min
[CV] END learning_rate=0.034309977022776265, max_depth=10, max_features=0.8255183999255711, min_samples_split=2, n_estimators=4168, subsample=0.8993315400781986; total time= 1.6min
[CV] END learning_rate=0.034309977022776265, max_depth=10, max_features=0.8255183999255711, min_samples_split=2, n_estimators=4168, subsample=0.8993315400781986; total time= 1.5min
[CV] END learning_rate=0.034309977022776265, max_depth=10, max_features=0.8255183999255711, min_samples_split=2, n_estimators=4168, subsample=0.8993315400781986; total time= 1.5min
[CV] END learning_rate=0.034309977022776265, max_depth=10, max_features=0.8255183999255711, min_samples_split=2, n_estimators=4168, subsample=0.8993315400781986; total time= 1.7min
[CV] END learning_rate=0.034309977022776265, max_depth=10, max_features=0.8255183999255711, min_samples_split=2, n_estimators=4168, subsample=0.8993315400781986; total time= 1.7min
[CV] END learning_rate=0.034309977022776265, max_depth=10, max_features=0.8255183999255711, min_samples_split=2, n_estimators=4168, subsample=0.8993315400781986; total time= 1.8min
[CV] END learning_rate=0.034309977022776265, max_depth=10, max_features=0.8255183999255711, min_samples_split=2, n_estimators=4168, subsample=0.8993315400781986; total time= 1.8min
[CV] END learning_rate=0.034309977022776265, max_depth=10, max_features=0.8255183999255711, min_samples_split=2, n_estimators=4168, subsample=0.8993315400781986; total time= 1.8min
[CV] END learning_rate=0.034309977022776265, max_depth=10, max_features=0.8255183999255711, min_samples_split=2, n_estimators=4168, subsample=0.8993315400781986; total time= 1.8min
[CV] END learning_rate=0.034309977022776265, max_depth=10, max_features=0.8255183999255711, min_samples_split=2, n_estimators=4168, subsample=0.8993315400781986; total time= 1.8min
[CV] END learning_rate=0.034309977022776265, max_depth=10, max_features=0.8255183999255711, min_samples_split=2, n_estimators=4168, subsample=0.8993315400781986; total time= 1.8min
[CV] END learning_rate=0.034309977022776265, max_depth=10, max_features=0.8255183999255711, min_samples_split=2, n_estimators=4168, subsample=0.8993315400781986; total time= 1.8min
[CV] END learning_rate=0.034309977022776265, max_depth=10, max_features=0.8255183999255711, min_samples_split=2, n_estimators=4168, subsample=0.8993315400781986; total time= 1.7min
[CV] END learning_rate=0.034309977022776265, max_depth=10, max_features=0.8255183999255711, min_samples_split=2, n_estimators=4168, subsample=0.8993315400781986; total time= 1.8min
[CV] END learning_rate=0.034309977022776265, max_depth=10, max_features=0.8255183999255711, min_samples_split=2, n_estimators=4168, subsample=0.8993315400781986; total time= 1.8min
[CV] END learning_rate=0.034309977022776265, max_depth=10, max_features=0.8255183999255711, min_samples_split=2, n_estimators=4168, subsample=0.8993315400781986; total time= 1.8min
[CV] END learning_rate=0.034309977022776265, max_depth=10, max_features=0.8255183999255711, min_samples_split=2, n_estimators=4168, subsample=0.8993315400781986; total time= 1.8min
[CV] END learning_rate=0.034309977022776265, max_depth=10, max_features=0.8255183999255711, min_samples_split=2, n_estimators=4168, subsample=0.8993315400781986; total time= 1.8min
[CV] END learning_rate=0.034309977022776265, max_depth=10, max_features=0.8255183999255711, min_samples_split=2, n_estimators=4168, subsample=0.8993315400781986; total time= 1.8min
[CV] END learning_rate=0.034309977022776265, max_depth=10, max_features=0.8255183999255711, min_samples_split=2, n_estimators=4168, subsample=0.8993315400781986; total time= 1.8min
[CV] END learning_rate=0.034309977022776265, max_depth=10, max_features=0.8255183999255711, min_samples_split=2, n_estimators=4168, subsample=0.8993315400781986; total time= 1.8min
[CV] END learning_rate=0.034309977022776265, max_depth=10, max_features=0.8255183999255711, min_samples_split=2, n_estimators=4168, subsample=0.8993315400781986; total time= 1.3min
[CV] END learning_rate=0.034309977022776265, max_depth=10, max_features=0.8255183999255711, min_samples_split=2, n_estimators=4168, subsample=0.8993315400781986; total time= 1.3min
[CV] END learning_rate=0.034309977022776265, max_depth=10, max_features=0.8255183999255711, min_samples_split=2, n_estimators=4168, subsample=0.8993315400781986; total time= 1.3min
[CV] END learning_rate=0.034309977022776265, max_depth=10, max_features=0.8255183999255711, min_samples_split=2, n_estimators=4168, subsample=0.8993315400781986; total time= 1.5min
[CV] END learning_rate=0.034309977022776265, max_depth=10, max_features=0.8255183999255711, min_samples_split=2, n_estimators=4168, subsample=0.8993315400781986; total time= 1.6minFitting 100 folds for each of 200 candidates, totalling 20000 fits
[CV] END learning_rate=0.034309977022776265, max_depth=10, max_features=0.8255183999255711, min_samples_split=2, n_estimators=4168, subsample=0.8993315400781986; total time= 1.4min
[CV] END learning_rate=0.034309977022776265, max_depth=10, max_features=0.8255183999255711, min_samples_split=2, n_estimators=4168, subsample=0.8993315400781986; total time= 1.4min
[CV] END learning_rate=0.034309977022776265, max_depth=10, max_features=0.8255183999255711, min_samples_split=2, n_estimators=4168, subsample=0.8993315400781986; total time= 1.5min
[CV] END learning_rate=0.034309977022776265, max_depth=10, max_features=0.8255183999255711, min_samples_split=2, n_estimators=4168, subsample=0.8993315400781986; total time= 1.5min
[CV] END learning_rate=0.034309977022776265, max_depth=10, max_features=0.8255183999255711, min_samples_split=2, n_estimators=4168, subsample=0.8993315400781986; total time= 1.5min
[CV] END learning_rate=0.034309977022776265, max_depth=10, max_features=0.8255183999255711, min_samples_split=2, n_estimators=4168, subsample=0.8993315400781986; total time= 1.5min
[CV] END learning_rate=0.034309977022776265, max_depth=10, max_features=0.8255183999255711, min_samples_split=2, n_estimators=4168, subsample=0.8993315400781986; total time= 1.5min
[CV] END learning_rate=0.034309977022776265, max_depth=10, max_features=0.8255183999255711, min_samples_split=2, n_estimators=4168, subsample=0.8993315400781986; total time= 1.5min
[CV] END learning_rate=0.034309977022776265, max_depth=10, max_features=0.8255183999255711, min_samples_split=2, n_estimators=4168, subsample=0.8993315400781986; total time= 1.5min
[CV] END learning_rate=0.034309977022776265, max_depth=10, max_features=0.8255183999255711, min_samples_split=2, n_estimators=4168, subsample=0.8993315400781986; total time= 1.5min
[CV] END learning_rate=0.034309977022776265, max_depth=10, max_features=0.8255183999255711, min_samples_split=2, n_estimators=4168, subsample=0.8993315400781986; total time= 1.5min
[CV] END learning_rate=0.034309977022776265, max_depth=10, max_features=0.8255183999255711, min_samples_split=2, n_estimators=4168, subsample=0.8993315400781986; total time= 1.5min
[CV] END learning_rate=0.034309977022776265, max_depth=10, max_features=0.8255183999255711, min_samples_split=2, n_estimators=4168, subsample=0.8993315400781986; total time= 1.5min
[CV] END learning_rate=0.034309977022776265, max_depth=10, max_features=0.8255183999255711, min_samples_split=2, n_estimators=4168, subsample=0.8993315400781986; total time= 1.5min
[CV] END learning_rate=0.034309977022776265, max_depth=10, max_features=0.8255183999255711, min_samples_split=2, n_estimators=4168, subsample=0.8993315400781986; total time= 1.5min
[CV] END learning_rate=0.034309977022776265, max_depth=10, max_features=0.8255183999255711, min_samples_split=2, n_estimators=4168, subsample=0.8993315400781986; total time= 1.6min
[CV] END learning_rate=0.034309977022776265, max_depth=10, max_features=0.8255183999255711, min_samples_split=2, n_estimators=4168, subsample=0.8993315400781986; total time= 1.6min
[CV] END learning_rate=0.034309977022776265, max_depth=10, max_features=0.8255183999255711, min_samples_split=2, n_estimators=4168, subsample=0.8993315400781986; total time= 1.6min
[CV] END learning_rate=0.034309977022776265, max_depth=10, max_features=0.8255183999255711, min_samples_split=2, n_estimators=4168, subsample=0.8993315400781986; total time= 1.6min
[CV] END learning_rate=0.034309977022776265, max_depth=10, max_features=0.8255183999255711, min_samples_split=2, n_estimators=4168, subsample=0.8993315400781986; total time= 1.6min
[CV] END learning_rate=0.034309977022776265, max_depth=10, max_features=0.8255183999255711, min_samples_split=2, n_estimators=4168, subsample=0.8993315400781986; total time= 1.5min
[CV] END learning_rate=0.034309977022776265, max_depth=10, max_features=0.8255183999255711, min_samples_split=2, n_estimators=4168, subsample=0.8993315400781986; total time= 1.5min
[CV] END learning_rate=0.034309977022776265, max_depth=10, max_features=0.8255183999255711, min_samples_split=2, n_estimators=4168, subsample=0.8993315400781986; total time= 1.7min
[CV] END learning_rate=0.034309977022776265, max_depth=10, max_features=0.8255183999255711, min_samples_split=2, n_estimators=4168, subsample=0.8993315400781986; total time= 1.7min
[CV] END learning_rate=0.034309977022776265, max_depth=10, max_features=0.8255183999255711, min_samples_split=2, n_estimators=4168, subsample=0.8993315400781986; total time= 1.8min
[CV] END learning_rate=0.034309977022776265, max_depth=10, max_features=0.8255183999255711, min_samples_split=2, n_estimators=4168, subsample=0.8993315400781986; total time= 1.8min
[CV] END learning_rate=0.034309977022776265, max_depth=10, max_features=0.8255183999255711, min_samples_split=2, n_estimators=4168, subsample=0.8993315400781986; total time= 1.7min
[CV] END learning_rate=0.034309977022776265, max_depth=10, max_features=0.8255183999255711, min_samples_split=2, n_estimators=4168, subsample=0.8993315400781986; total time= 1.8min
[CV] END learning_rate=0.034309977022776265, max_depth=10, max_features=0.8255183999255711, min_samples_split=2, n_estimators=4168, subsample=0.8993315400781986; total time= 1.7min
[CV] END learning_rate=0.034309977022776265, max_depth=10, max_features=0.8255183999255711, min_samples_split=2, n_estimators=4168, subsample=0.8993315400781986; total time= 1.8min
[CV] END learning_rate=0.034309977022776265, max_depth=10, max_features=0.8255183999255711, min_samples_split=2, n_estimators=4168, subsample=0.8993315400781986; total time= 1.8min
[CV] END learning_rate=0.034309977022776265, max_depth=10, max_features=0.8255183999255711, min_samples_split=2, n_estimators=4168, subsample=0.8993315400781986; total time= 1.8min
[CV] END learning_rate=0.034309977022776265, max_depth=10, max_features=0.8255183999255711, min_samples_split=2, n_estimators=4168, subsample=0.8993315400781986; total time= 1.8min
[CV] END learning_rate=0.034309977022776265, max_depth=10, max_features=0.8255183999255711, min_samples_split=2, n_estimators=4168, subsample=0.8993315400781986; total time= 1.8min
[CV] END learning_rate=0.034309977022776265, max_depth=10, max_features=0.8255183999255711, min_samples_split=2, n_estimators=4168, subsample=0.8993315400781986; total time= 1.9min
[CV] END learning_rate=0.034309977022776265, max_depth=10, max_features=0.8255183999255711, min_samples_split=2, n_estimators=4168, subsample=0.8993315400781986; total time= 1.8min
[CV] END learning_rate=0.034309977022776265, max_depth=10, max_features=0.8255183999255711, min_samples_split=2, n_estimators=4168, subsample=0.8993315400781986; total time= 1.8min
[CV] END learning_rate=0.034309977022776265, max_depth=10, max_features=0.8255183999255711, min_samples_split=2, n_estimators=4168, subsample=0.8993315400781986; total time= 1.8min
[CV] END learning_rate=0.034309977022776265, max_depth=10, max_features=0.8255183999255711, min_samples_split=2, n_estimators=4168, subsample=0.8993315400781986; total time= 1.8min
[CV] END learning_rate=0.034309977022776265, max_depth=10, max_features=0.8255183999255711, min_samples_split=2, n_estimators=4168, subsample=0.8993315400781986; total time= 1.8min
[CV] END learning_rate=0.034309977022776265, max_depth=10, max_features=0.8255183999255711, min_samples_split=2, n_estimators=4168, subsample=0.8993315400781986; total time= 1.2min
[CV] END learning_rate=0.034309977022776265, max_depth=10, max_features=0.8255183999255711, min_samples_split=2, n_estimators=4168, subsample=0.8993315400781986; total time= 1.3min
[CV] END learning_rate=0.034309977022776265, max_depth=10, max_features=0.8255183999255711, min_samples_split=2, n_estimators=4168, subsample=0.8993315400781986; total time= 1.6min
[CV] END learning_rate=0.034309977022776265, max_depth=10, max_features=0.8255183999255711, min_samples_split=2, n_estimators=4168, subsample=0.8993315400781986; total time= 1.6min
[CV] END learning_rate=0.034309977022776265, max_depth=10, max_features=0.8255183999255711, min_samples_split=2, n_estimators=4168, subsample=0.8993315400781986; total time= 1.6min
[CV] END learning_rate=0.034309977022776265, max_depth=10, max_features=0.8255183999255711, min_samples_split=2, n_estimators=4168, subsample=0.8993315400781986; total time= 1.6min
[CV] END learning_rate=0.034309977022776265, max_depth=10, max_features=0.8255183999255711, min_samples_split=2, n_estimators=4168, subsample=0.8993315400781986; total time= 1.6min
[CV] END learning_rate=0.034309977022776265, max_depth=10, max_features=0.8255183999255711, min_samples_split=2, n_estimators=4168, subsample=0.8993315400781986; total time= 1.6min
[CV] END learning_rate=0.034309977022776265, max_depth=10, max_features=0.8255183999255711, min_samples_split=2, n_estimators=4168, subsample=0.8993315400781986; total time= 1.7min
[CV] END learning_rate=0.034309977022776265, max_depth=10, max_features=0.8255183999255711, min_samples_split=2, n_estimators=4168, subsample=0.8993315400781986; total time= 1.6min
[CV] END learning_rate=0.034309977022776265, max_depth=10, max_features=0.8255183999255711, min_samples_split=2, n_estimators=4168, subsample=0.8993315400781986; total time= 1.6min
[CV] END learning_rate=0.034309977022776265, max_depth=10, max_features=0.8255183999255711, min_samples_split=2, n_estimators=4168, subsample=0.8993315400781986; total time= 1.7min
[CV] END learning_rate=0.034309977022776265, max_depth=10, max_features=0.8255183999255711, min_samples_split=2, n_estimators=4168, subsample=0.8993315400781986; total time= 1.7min
[CV] END learning_rate=0.034309977022776265, max_depth=10, max_features=0.8255183999255711, min_samples_split=2, n_estimators=4168, subsample=0.8993315400781986; total time= 1.6min
[CV] END learning_rate=0.034309977022776265, max_depth=10, max_features=0.8255183999255711, min_samples_split=2, n_estimators=4168, subsample=0.8993315400781986; total time= 1.7min
[CV] END learning_rate=0.034309977022776265, max_depth=10, max_features=0.8255183999255711, min_samples_split=2, n_estimators=4168, subsample=0.8993315400781986; total time= 1.7min
[CV] END learning_rate=0.034309977022776265, max_depth=10, max_features=0.8255183999255711, min_samples_split=2, n_estimators=4168, subsample=0.8993315400781986; total time= 1.6min
[CV] END learning_rate=0.034309977022776265, max_depth=10, max_features=0.8255183999255711, min_samples_split=2, n_estimators=4168, subsample=0.8993315400781986; total time= 1.7min
[CV] END learning_rate=0.034309977022776265, max_depth=10, max_features=0.8255183999255711, min_samples_split=2, n_estimators=4168, subsample=0.8993315400781986; total time= 1.7min
[CV] END learning_rate=0.034309977022776265, max_depth=10, max_features=0.8255183999255711, min_samples_split=2, n_estimators=4168, subsample=0.8993315400781986; total time= 1.7min
[CV] END learning_rate=0.034309977022776265, max_depth=10, max_features=0.8255183999255711, min_samples_split=2, n_estimators=4168, subsample=0.8993315400781986; total time= 1.2min
[CV] END learning_rate=0.034309977022776265, max_depth=10, max_features=0.8255183999255711, min_samples_split=2, n_estimators=4168, subsample=0.8993315400781986; total time= 1.3min
[CV] END learning_rate=0.034309977022776265, max_depth=10, max_features=0.8255183999255711, min_samples_split=2, n_estimators=4168, subsample=0.8993315400781986; total time= 1.2min
[CV] END learning_rate=0.034309977022776265, max_depth=10, max_features=0.8255183999255711, min_samples_split=2, n_estimators=4168, subsample=0.8993315400781986; total time= 1.3min
[CV] END learning_rate=0.034309977022776265, max_depth=10, max_features=0.8255183999255711, min_samples_split=2, n_estimators=4168, subsample=0.8993315400781986; total time= 1.3min
[CV] END learning_rate=0.034309977022776265, max_depth=10, max_features=0.8255183999255711, min_samples_split=2, n_estimators=4168, subsample=0.8993315400781986; total time= 1.5min
[CV] END learning_rate=0.034309977022776265, max_depth=10, max_features=0.8255183999255711, min_samples_split=2, n_estimators=4168, subsample=0.8993315400781986; total time= 1.6min
[CV] END learning_rate=0.034309977022776265, max_depth=10, max_features=0.8255183999255711, min_samples_split=2, n_estimators=4168, subsample=0.8993315400781986; total time= 1.5min
[CV] END learning_rate=0.034309977022776265, max_depth=10, max_features=0.8255183999255711, min_samples_split=2, n_estimators=4168, subsample=0.8993315400781986; total time= 1.6min
[CV] END learning_rate=0.034309977022776265, max_depth=10, max_features=0.8255183999255711, min_samples_split=2, n_estimators=4168, subsample=0.8993315400781986; total time= 1.6min
[CV] END learning_rate=0.034309977022776265, max_depth=10, max_features=0.8255183999255711, min_samples_split=2, n_estimators=4168, subsample=0.8993315400781986; total time= 1.6min
[CV] END learning_rate=0.034309977022776265, max_depth=10, max_features=0.8255183999255711, min_samples_split=2, n_estimators=4168, subsample=0.8993315400781986; total time= 1.6min
[CV] END learning_rate=0.034309977022776265, max_depth=10, max_features=0.8255183999255711, min_samples_split=2, n_estimators=4168, subsample=0.8993315400781986; total time= 1.6min
[CV] END learning_rate=0.034309977022776265, max_depth=10, max_features=0.8255183999255711, min_samples_split=2, n_estimators=4168, subsample=0.8993315400781986; total time= 1.6min
[CV] END learning_rate=0.034309977022776265, max_depth=10, max_features=0.8255183999255711, min_samples_split=2, n_estimators=4168, subsample=0.8993315400781986; total time= 1.6min
[CV] END learning_rate=0.034309977022776265, max_depth=10, max_features=0.8255183999255711, min_samples_split=2, n_estimators=4168, subsample=0.8993315400781986; total time= 1.6min
[CV] END learning_rate=0.034309977022776265, max_depth=10, max_features=0.8255183999255711, min_samples_split=2, n_estimators=4168, subsample=0.8993315400781986; total time= 1.6min
[CV] END learning_rate=0.034309977022776265, max_depth=10, max_features=0.8255183999255711, min_samples_split=2, n_estimators=4168, subsample=0.8993315400781986; total time= 1.6min
[CV] END learning_rate=0.034309977022776265, max_depth=10, max_features=0.8255183999255711, min_samples_split=2, n_estimators=4168, subsample=0.8993315400781986; total time= 1.6min
[CV] END learning_rate=0.034309977022776265, max_depth=10, max_features=0.8255183999255711, min_samples_split=2, n_estimators=4168, subsample=0.8993315400781986; total time= 1.6min
[CV] END learning_rate=0.034309977022776265, max_depth=10, max_features=0.8255183999255711, min_samples_split=2, n_estimators=4168, subsample=0.8993315400781986; total time= 1.4min
[CV] END learning_rate=0.034309977022776265, max_depth=10, max_features=0.8255183999255711, min_samples_split=2, n_estimators=4168, subsample=0.8993315400781986; total time= 1.4min
[CV] END learning_rate=0.034309977022776265, max_depth=10, max_features=0.8255183999255711, min_samples_split=2, n_estimators=4168, subsample=0.8993315400781986; total time= 1.3min
[CV] END learning_rate=0.034309977022776265, max_depth=10, max_features=0.8255183999255711, min_samples_split=2, n_estimators=4168, subsample=0.8993315400781986; total time= 1.4min
[CV] END learning_rate=0.16094119246640926, max_depth=8, max_features=0.7102644796917272, min_samples_split=2, n_estimators=4168, subsample=0.7257235182514921; total time=  30.4s
[CV] END learning_rate=0.16094119246640926, max_depth=8, max_features=0.7102644796917272, min_samples_split=2, n_estimators=4168, subsample=0.7257235182514921; total time=  29.5s
[CV] END learning_rate=0.034309977022776265, max_depth=10, max_features=0.8255183999255711, min_samples_split=2, n_estimators=4168, subsample=0.8993315400781986; total time= 1.3min
[CV] END learning_rate=0.16094119246640926, max_depth=8, max_features=0.7102644796917272, min_samples_split=2, n_estimators=4168, subsample=0.7257235182514921; total time=  34.8s
[CV] END learning_rate=0.034309977022776265, max_depth=10, max_features=0.8255183999255711, min_samples_split=2, n_estimators=4168, subsample=0.8993315400781986; total time= 1.6min
[CV] END learning_rate=0.034309977022776265, max_depth=10, max_features=0.8255183999255711, min_samples_split=2, n_estimators=4168, subsample=0.8993315400781986; total time= 1.6min
[CV] END learning_rate=0.16094119246640926, max_depth=8, max_features=0.7102644796917272, min_samples_split=2, n_estimators=4168, subsample=0.7257235182514921; total time=  44.4s
[CV] END learning_rate=0.034309977022776265, max_depth=10, max_features=0.8255183999255711, min_samples_split=2, n_estimators=4168, subsample=0.8993315400781986; total time= 1.6min
[CV] END learning_rate=0.034309977022776265, max_depth=10, max_features=0.8255183999255711, min_samples_split=2, n_estimators=4168, subsample=0.8993315400781986; total time= 1.6min
[CV] END learning_rate=0.034309977022776265, max_depth=10, max_features=0.8255183999255711, min_samples_split=2, n_estimators=4168, subsample=0.8993315400781986; total time= 1.6min
[CV] END learning_rate=0.034309977022776265, max_depth=10, max_features=0.8255183999255711, min_samples_split=2, n_estimators=4168, subsample=0.8993315400781986; total time= 1.7min
[CV] END learning_rate=0.034309977022776265, max_depth=10, max_features=0.8255183999255711, min_samples_split=2, n_estimators=4168, subsample=0.8993315400781986; total time= 1.6min
[CV] END learning_rate=0.034309977022776265, max_depth=10, max_features=0.8255183999255711, min_samples_split=2, n_estimators=4168, subsample=0.8993315400781986; total time= 1.6min
[CV] END learning_rate=0.034309977022776265, max_depth=10, max_features=0.8255183999255711, min_samples_split=2, n_estimators=4168, subsample=0.8993315400781986; total time= 1.7min
[CV] END learning_rate=0.034309977022776265, max_depth=10, max_features=0.8255183999255711, min_samples_split=2, n_estimators=4168, subsample=0.8993315400781986; total time= 1.7min
[CV] END learning_rate=0.034309977022776265, max_depth=10, max_features=0.8255183999255711, min_samples_split=2, n_estimators=4168, subsample=0.8993315400781986; total time= 1.7min
[CV] END learning_rate=0.034309977022776265, max_depth=10, max_features=0.8255183999255711, min_samples_split=2, n_estimators=4168, subsample=0.8993315400781986; total time= 1.7min
[CV] END learning_rate=0.034309977022776265, max_depth=10, max_features=0.8255183999255711, min_samples_split=2, n_estimators=4168, subsample=0.8993315400781986; total time= 1.7min
[CV] END learning_rate=0.034309977022776265, max_depth=10, max_features=0.8255183999255711, min_samples_split=2, n_estimators=4168, subsample=0.8993315400781986; total time= 1.6min
[CV] END learning_rate=0.034309977022776265, max_depth=10, max_features=0.8255183999255711, min_samples_split=2, n_estimators=4168, subsample=0.8993315400781986; total time= 1.7min
[CV] END learning_rate=0.034309977022776265, max_depth=10, max_features=0.8255183999255711, min_samples_split=2, n_estimators=4168, subsample=0.8993315400781986; total time= 1.6min
[CV] END learning_rate=0.034309977022776265, max_depth=10, max_features=0.8255183999255711, min_samples_split=2, n_estimators=4168, subsample=0.8993315400781986; total time= 1.6min
[CV] END learning_rate=0.034309977022776265, max_depth=10, max_features=0.8255183999255711, min_samples_split=2, n_estimators=4168, subsample=0.8993315400781986; total time= 1.2min
[CV] END learning_rate=0.034309977022776265, max_depth=10, max_features=0.8255183999255711, min_samples_split=2, n_estimators=4168, subsample=0.8993315400781986; total time= 1.2min
[CV] END learning_rate=0.034309977022776265, max_depth=10, max_features=0.8255183999255711, min_samples_split=2, n_estimators=4168, subsample=0.8993315400781986; total time= 1.2min
[CV] END learning_rate=0.034309977022776265, max_depth=10, max_features=0.8255183999255711, min_samples_split=2, n_estimators=4168, subsample=0.8993315400781986; total time= 1.3min
[CV] END learning_rate=0.034309977022776265, max_depth=10, max_features=0.8255183999255711, min_samples_split=2, n_estimators=4168, subsample=0.8993315400781986; total time= 1.5min
[CV] END learning_rate=0.034309977022776265, max_depth=10, max_features=0.8255183999255711, min_samples_split=2, n_estimators=4168, subsample=0.8993315400781986; total time= 1.5min
[CV] END learning_rate=0.034309977022776265, max_depth=10, max_features=0.8255183999255711, min_samples_split=2, n_estimators=4168, subsample=0.8993315400781986; total time= 1.5min
[CV] END learning_rate=0.034309977022776265, max_depth=10, max_features=0.8255183999255711, min_samples_split=2, n_estimators=4168, subsample=0.8993315400781986; total time= 1.6min
[CV] END learning_rate=0.034309977022776265, max_depth=10, max_features=0.8255183999255711, min_samples_split=2, n_estimators=4168, subsample=0.8993315400781986; total time= 1.5min
[CV] END learning_rate=0.034309977022776265, max_depth=10, max_features=0.8255183999255711, min_samples_split=2, n_estimators=4168, subsample=0.8993315400781986; total time= 1.6min
[CV] END learning_rate=0.034309977022776265, max_depth=10, max_features=0.8255183999255711, min_samples_split=2, n_estimators=4168, subsample=0.8993315400781986; total time= 1.5min
[CV] END learning_rate=0.034309977022776265, max_depth=10, max_features=0.8255183999255711, min_samples_split=2, n_estimators=4168, subsample=0.8993315400781986; total time= 1.6min
[CV] END learning_rate=0.034309977022776265, max_depth=10, max_features=0.8255183999255711, min_samples_split=2, n_estimators=4168, subsample=0.8993315400781986; total time= 1.6min
[CV] END learning_rate=0.034309977022776265, max_depth=10, max_features=0.8255183999255711, min_samples_split=2, n_estimators=4168, subsample=0.8993315400781986; total time= 1.6min
[CV] END learning_rate=0.034309977022776265, max_depth=10, max_features=0.8255183999255711, min_samples_split=2, n_estimators=4168, subsample=0.8993315400781986; total time= 1.6min
[CV] END learning_rate=0.034309977022776265, max_depth=10, max_features=0.8255183999255711, min_samples_split=2, n_estimators=4168, subsample=0.8993315400781986; total time= 1.6min
[CV] END learning_rate=0.034309977022776265, max_depth=10, max_features=0.8255183999255711, min_samples_split=2, n_estimators=4168, subsample=0.8993315400781986; total time= 1.6min
[CV] END learning_rate=0.034309977022776265, max_depth=10, max_features=0.8255183999255711, min_samples_split=2, n_estimators=4168, subsample=0.8993315400781986; total time= 1.6min
[CV] END learning_rate=0.034309977022776265, max_depth=10, max_features=0.8255183999255711, min_samples_split=2, n_estimators=4168, subsample=0.8993315400781986; total time= 1.6min
[CV] END learning_rate=0.034309977022776265, max_depth=10, max_features=0.8255183999255711, min_samples_split=2, n_estimators=4168, subsample=0.8993315400781986; total time= 1.6min
[CV] END learning_rate=0.034309977022776265, max_depth=10, max_features=0.8255183999255711, min_samples_split=2, n_estimators=4168, subsample=0.8993315400781986; total time= 1.4min
[CV] END learning_rate=0.034309977022776265, max_depth=10, max_features=0.8255183999255711, min_samples_split=2, n_estimators=4168, subsample=0.8993315400781986; total time= 1.3min
[CV] END learning_rate=0.16094119246640926, max_depth=8, max_features=0.7102644796917272, min_samples_split=2, n_estimators=4168, subsample=0.7257235182514921; total time=  25.0s
[CV] END learning_rate=0.16094119246640926, max_depth=8, max_features=0.7102644796917272, min_samples_split=2, n_estimators=4168, subsample=0.7257235182514921; total time=  25.3s
[CV] END learning_rate=0.034309977022776265, max_depth=10, max_features=0.8255183999255711, min_samples_split=2, n_estimators=4168, subsample=0.8993315400781986; total time= 1.3min
[CV] END learning_rate=0.034309977022776265, max_depth=10, max_features=0.8255183999255711, min_samples_split=2, n_estimators=4168, subsample=0.8993315400781986; total time= 1.3min
[CV] END learning_rate=0.16094119246640926, max_depth=8, max_features=0.7102644796917272, min_samples_split=2, n_estimators=4168, subsample=0.7257235182514921; total time=  31.0s
[CV] END learning_rate=0.16094119246640926, max_depth=8, max_features=0.7102644796917272, min_samples_split=2, n_estimators=4168, subsample=0.7257235182514921; total time=  35.0s
[CV] END learning_rate=0.034309977022776265, max_depth=10, max_features=0.8255183999255711, min_samples_split=2, n_estimators=4168, subsample=0.8993315400781986; total time= 1.6min
[CV] END learning_rate=0.034309977022776265, max_depth=10, max_features=0.8255183999255711, min_samples_split=2, n_estimators=4168, subsample=0.8993315400781986; total time= 1.5min
[CV] END learning_rate=0.034309977022776265, max_depth=10, max_features=0.8255183999255711, min_samples_split=2, n_estimators=4168, subsample=0.8993315400781986; total time= 1.7min
[CV] END learning_rate=0.034309977022776265, max_depth=10, max_features=0.8255183999255711, min_samples_split=2, n_estimators=4168, subsample=0.8993315400781986; total time= 1.6min
[CV] END learning_rate=0.034309977022776265, max_depth=10, max_features=0.8255183999255711, min_samples_split=2, n_estimators=4168, subsample=0.8993315400781986; total time= 1.6min
[CV] END learning_rate=0.034309977022776265, max_depth=10, max_features=0.8255183999255711, min_samples_split=2, n_estimators=4168, subsample=0.8993315400781986; total time= 1.6min
[CV] END learning_rate=0.16094119246640926, max_depth=8, max_features=0.7102644796917272, min_samples_split=2, n_estimators=4168, subsample=0.7257235182514921; total time=  47.1s
[CV] END learning_rate=0.034309977022776265, max_depth=10, max_features=0.8255183999255711, min_samples_split=2, n_estimators=4168, subsample=0.8993315400781986; total time= 1.7min
[CV] END learning_rate=0.034309977022776265, max_depth=10, max_features=0.8255183999255711, min_samples_split=2, n_estimators=4168, subsample=0.8993315400781986; total time= 1.6min
[CV] END learning_rate=0.034309977022776265, max_depth=10, max_features=0.8255183999255711, min_samples_split=2, n_estimators=4168, subsample=0.8993315400781986; total time= 1.6min
[CV] END learning_rate=0.034309977022776265, max_depth=10, max_features=0.8255183999255711, min_samples_split=2, n_estimators=4168, subsample=0.8993315400781986; total time= 1.6min
[CV] END learning_rate=0.034309977022776265, max_depth=10, max_features=0.8255183999255711, min_samples_split=2, n_estimators=4168, subsample=0.8993315400781986; total time= 1.6min
[CV] END learning_rate=0.034309977022776265, max_depth=10, max_features=0.8255183999255711, min_samples_split=2, n_estimators=4168, subsample=0.8993315400781986; total time= 1.6min
[CV] END learning_rate=0.16094119246640926, max_depth=8, max_features=0.7102644796917272, min_samples_split=2, n_estimators=4168, subsample=0.7257235182514921; total time=  52.9s
[CV] END learning_rate=0.034309977022776265, max_depth=10, max_features=0.8255183999255711, min_samples_split=2, n_estimators=4168, subsample=0.8993315400781986; total time= 1.6min
[CV] END learning_rate=0.034309977022776265, max_depth=10, max_features=0.8255183999255711, min_samples_split=2, n_estimators=4168, subsample=0.8993315400781986; total time= 1.6min
[CV] END learning_rate=0.034309977022776265, max_depth=10, max_features=0.8255183999255711, min_samples_split=2, n_estimators=4168, subsample=0.8993315400781986; total time= 1.6min
[CV] END learning_rate=0.034309977022776265, max_depth=10, max_features=0.8255183999255711, min_samples_split=2, n_estimators=4168, subsample=0.8993315400781986; total time= 1.7min
[CV] END learning_rate=0.16094119246640926, max_depth=8, max_features=0.7102644796917272, min_samples_split=2, n_estimators=4168, subsample=0.7257235182514921; total time= 1.1min
[CV] END learning_rate=0.16094119246640926, max_depth=8, max_features=0.7102644796917272, min_samples_split=2, n_estimators=4168, subsample=0.7257235182514921; total time= 1.1min
[CV] END learning_rate=0.16094119246640926, max_depth=8, max_features=0.7102644796917272, min_samples_split=2, n_estimators=4168, subsample=0.7257235182514921; total time= 1.1min
[CV] END learning_rate=0.16094119246640926, max_depth=8, max_features=0.7102644796917272, min_samples_split=2, n_estimators=4168, subsample=0.7257235182514921; total time= 1.1min
[CV] END learning_rate=0.16094119246640926, max_depth=8, max_features=0.7102644796917272, min_samples_split=2, n_estimators=4168, subsample=0.7257235182514921; total time= 1.1min
[CV] END learning_rate=0.16094119246640926, max_depth=8, max_features=0.7102644796917272, min_samples_split=2, n_estimators=4168, subsample=0.7257235182514921; total time= 1.1min
[CV] END learning_rate=0.16094119246640926, max_depth=8, max_features=0.7102644796917272, min_samples_split=2, n_estimators=4168, subsample=0.7257235182514921; total time= 1.1min
[CV] END learning_rate=0.16094119246640926, max_depth=8, max_features=0.7102644796917272, min_samples_split=2, n_estimators=4168, subsample=0.7257235182514921; total time= 1.1min
[CV] END learning_rate=0.16094119246640926, max_depth=8, max_features=0.7102644796917272, min_samples_split=2, n_estimators=4168, subsample=0.7257235182514921; total time= 1.1min
[CV] END learning_rate=0.16094119246640926, max_depth=8, max_features=0.7102644796917272, min_samples_split=2, n_estimators=4168, subsample=0.7257235182514921; total time= 1.1min
[CV] END learning_rate=0.16094119246640926, max_depth=8, max_features=0.7102644796917272, min_samples_split=2, n_estimators=4168, subsample=0.7257235182514921; total time= 1.1min
[CV] END learning_rate=0.16094119246640926, max_depth=8, max_features=0.7102644796917272, min_samples_split=2, n_estimators=4168, subsample=0.7257235182514921; total time= 1.1min
[CV] END learning_rate=0.16094119246640926, max_depth=8, max_features=0.7102644796917272, min_samples_split=2, n_estimators=4168, subsample=0.7257235182514921; total time= 1.1min
[CV] END learning_rate=0.16094119246640926, max_depth=8, max_features=0.7102644796917272, min_samples_split=2, n_estimators=4168, subsample=0.7257235182514921; total time= 1.1min
[CV] END learning_rate=0.16094119246640926, max_depth=8, max_features=0.7102644796917272, min_samples_split=2, n_estimators=4168, subsample=0.7257235182514921; total time= 1.1min
[CV] END learning_rate=0.16094119246640926, max_depth=8, max_features=0.7102644796917272, min_samples_split=2, n_estimators=4168, subsample=0.7257235182514921; total time= 1.0min
[CV] END learning_rate=0.16094119246640926, max_depth=8, max_features=0.7102644796917272, min_samples_split=2, n_estimators=4168, subsample=0.7257235182514921; total time= 1.0min
[CV] END learning_rate=0.16094119246640926, max_depth=8, max_features=0.7102644796917272, min_samples_split=2, n_estimators=4168, subsample=0.7257235182514921; total time= 1.1min
[CV] END learning_rate=0.16094119246640926, max_depth=8, max_features=0.7102644796917272, min_samples_split=2, n_estimators=4168, subsample=0.7257235182514921; total time= 1.1min
[CV] END learning_rate=0.16094119246640926, max_depth=8, max_features=0.7102644796917272, min_samples_split=2, n_estimators=4168, subsample=0.7257235182514921; total time= 1.0min
[CV] END learning_rate=0.16094119246640926, max_depth=8, max_features=0.7102644796917272, min_samples_split=2, n_estimators=4168, subsample=0.7257235182514921; total time=  59.6s
[CV] END learning_rate=0.16094119246640926, max_depth=8, max_features=0.7102644796917272, min_samples_split=2, n_estimators=4168, subsample=0.7257235182514921; total time=  59.8s
[CV] END learning_rate=0.16094119246640926, max_depth=8, max_features=0.7102644796917272, min_samples_split=2, n_estimators=4168, subsample=0.7257235182514921; total time= 1.0min
[CV] END learning_rate=0.16094119246640926, max_depth=8, max_features=0.7102644796917272, min_samples_split=2, n_estimators=4168, subsample=0.7257235182514921; total time= 1.0min
[CV] END learning_rate=0.16094119246640926, max_depth=8, max_features=0.7102644796917272, min_samples_split=2, n_estimators=4168, subsample=0.7257235182514921; total time=  59.4s
[CV] END learning_rate=0.16094119246640926, max_depth=8, max_features=0.7102644796917272, min_samples_split=2, n_estimators=4168, subsample=0.7257235182514921; total time= 1.0min
[CV] END learning_rate=0.16094119246640926, max_depth=8, max_features=0.7102644796917272, min_samples_split=2, n_estimators=4168, subsample=0.7257235182514921; total time= 1.0min
[CV] END learning_rate=0.16094119246640926, max_depth=8, max_features=0.7102644796917272, min_samples_split=2, n_estimators=4168, subsample=0.7257235182514921; total time= 1.0min
[CV] END learning_rate=0.16094119246640926, max_depth=8, max_features=0.7102644796917272, min_samples_split=2, n_estimators=4168, subsample=0.7257235182514921; total time= 1.0min
[CV] END learning_rate=0.16094119246640926, max_depth=8, max_features=0.7102644796917272, min_samples_split=2, n_estimators=4168, subsample=0.7257235182514921; total time= 1.0min
[CV] END learning_rate=0.16094119246640926, max_depth=8, max_features=0.7102644796917272, min_samples_split=2, n_estimators=4168, subsample=0.7257235182514921; total time= 1.0min
[CV] END learning_rate=0.034309977022776265, max_depth=10, max_features=0.8255183999255711, min_samples_split=2, n_estimators=4168, subsample=0.8993315400781986; total time= 1.6min
[CV] END learning_rate=0.034309977022776265, max_depth=10, max_features=0.8255183999255711, min_samples_split=2, n_estimators=4168, subsample=0.8993315400781986; total time= 1.6min
[CV] END learning_rate=0.16094119246640926, max_depth=8, max_features=0.7102644796917272, min_samples_split=2, n_estimators=4168, subsample=0.7257235182514921; total time=  49.4s
[CV] END learning_rate=0.16094119246640926, max_depth=8, max_features=0.7102644796917272, min_samples_split=2, n_estimators=4168, subsample=0.7257235182514921; total time=  49.6s
[CV] END learning_rate=0.034309977022776265, max_depth=10, max_features=0.8255183999255711, min_samples_split=2, n_estimators=4168, subsample=0.8993315400781986; total time= 1.7min
[CV] END learning_rate=0.034309977022776265, max_depth=10, max_features=0.8255183999255711, min_samples_split=2, n_estimators=4168, subsample=0.8993315400781986; total time= 1.6min
[CV] END learning_rate=0.034309977022776265, max_depth=10, max_features=0.8255183999255711, min_samples_split=2, n_estimators=4168, subsample=0.8993315400781986; total time= 1.7min
[CV] END learning_rate=0.034309977022776265, max_depth=10, max_features=0.8255183999255711, min_samples_split=2, n_estimators=4168, subsample=0.8993315400781986; total time= 1.7min
[CV] END learning_rate=0.034309977022776265, max_depth=10, max_features=0.8255183999255711, min_samples_split=2, n_estimators=4168, subsample=0.8993315400781986; total time= 1.6min
[CV] END learning_rate=0.034309977022776265, max_depth=10, max_features=0.8255183999255711, min_samples_split=2, n_estimators=4168, subsample=0.8993315400781986; total time= 1.7min
[CV] END learning_rate=0.034309977022776265, max_depth=10, max_features=0.8255183999255711, min_samples_split=2, n_estimators=4168, subsample=0.8993315400781986; total time= 1.7min
[CV] END learning_rate=0.16094119246640926, max_depth=8, max_features=0.7102644796917272, min_samples_split=2, n_estimators=4168, subsample=0.7257235182514921; total time=  54.4s
[CV] END learning_rate=0.034309977022776265, max_depth=10, max_features=0.8255183999255711, min_samples_split=2, n_estimators=4168, subsample=0.8993315400781986; total time= 1.7min
[CV] END learning_rate=0.034309977022776265, max_depth=10, max_features=0.8255183999255711, min_samples_split=2, n_estimators=4168, subsample=0.8993315400781986; total time= 1.6min
[CV] END learning_rate=0.034309977022776265, max_depth=10, max_features=0.8255183999255711, min_samples_split=2, n_estimators=4168, subsample=0.8993315400781986; total time= 1.7min
[CV] END learning_rate=0.034309977022776265, max_depth=10, max_features=0.8255183999255711, min_samples_split=2, n_estimators=4168, subsample=0.8993315400781986; total time= 1.7min
[CV] END learning_rate=0.16094119246640926, max_depth=8, max_features=0.7102644796917272, min_samples_split=2, n_estimators=4168, subsample=0.7257235182514921; total time= 1.1min
[CV] END learning_rate=0.16094119246640926, max_depth=8, max_features=0.7102644796917272, min_samples_split=2, n_estimators=4168, subsample=0.7257235182514921; total time= 1.1min
[CV] END learning_rate=0.16094119246640926, max_depth=8, max_features=0.7102644796917272, min_samples_split=2, n_estimators=4168, subsample=0.7257235182514921; total time= 1.1min
[CV] END learning_rate=0.16094119246640926, max_depth=8, max_features=0.7102644796917272, min_samples_split=2, n_estimators=4168, subsample=0.7257235182514921; total time= 1.1min
[CV] END learning_rate=0.16094119246640926, max_depth=8, max_features=0.7102644796917272, min_samples_split=2, n_estimators=4168, subsample=0.7257235182514921; total time= 1.1min
[CV] END learning_rate=0.16094119246640926, max_depth=8, max_features=0.7102644796917272, min_samples_split=2, n_estimators=4168, subsample=0.7257235182514921; total time= 1.1min
[CV] END learning_rate=0.16094119246640926, max_depth=8, max_features=0.7102644796917272, min_samples_split=2, n_estimators=4168, subsample=0.7257235182514921; total time= 1.1min
[CV] END learning_rate=0.16094119246640926, max_depth=8, max_features=0.7102644796917272, min_samples_split=2, n_estimators=4168, subsample=0.7257235182514921; total time= 1.1min
[CV] END learning_rate=0.16094119246640926, max_depth=8, max_features=0.7102644796917272, min_samples_split=2, n_estimators=4168, subsample=0.7257235182514921; total time= 1.1min
[CV] END learning_rate=0.16094119246640926, max_depth=8, max_features=0.7102644796917272, min_samples_split=2, n_estimators=4168, subsample=0.7257235182514921; total time= 1.1min
[CV] END learning_rate=0.16094119246640926, max_depth=8, max_features=0.7102644796917272, min_samples_split=2, n_estimators=4168, subsample=0.7257235182514921; total time= 1.1min
[CV] END learning_rate=0.16094119246640926, max_depth=8, max_features=0.7102644796917272, min_samples_split=2, n_estimators=4168, subsample=0.7257235182514921; total time= 1.1min
[CV] END learning_rate=0.16094119246640926, max_depth=8, max_features=0.7102644796917272, min_samples_split=2, n_estimators=4168, subsample=0.7257235182514921; total time= 1.1min
[CV] END learning_rate=0.16094119246640926, max_depth=8, max_features=0.7102644796917272, min_samples_split=2, n_estimators=4168, subsample=0.7257235182514921; total time= 1.0min
[CV] END learning_rate=0.16094119246640926, max_depth=8, max_features=0.7102644796917272, min_samples_split=2, n_estimators=4168, subsample=0.7257235182514921; total time= 1.1min
[CV] END learning_rate=0.16094119246640926, max_depth=8, max_features=0.7102644796917272, min_samples_split=2, n_estimators=4168, subsample=0.7257235182514921; total time= 1.1min
[CV] END learning_rate=0.16094119246640926, max_depth=8, max_features=0.7102644796917272, min_samples_split=2, n_estimators=4168, subsample=0.7257235182514921; total time= 1.0min
[CV] END learning_rate=0.16094119246640926, max_depth=8, max_features=0.7102644796917272, min_samples_split=2, n_estimators=4168, subsample=0.7257235182514921; total time= 1.0min
[CV] END learning_rate=0.16094119246640926, max_depth=8, max_features=0.7102644796917272, min_samples_split=2, n_estimators=4168, subsample=0.7257235182514921; total time= 1.0min
[CV] END learning_rate=0.16094119246640926, max_depth=8, max_features=0.7102644796917272, min_samples_split=2, n_estimators=4168, subsample=0.7257235182514921; total time= 1.0min
[CV] END learning_rate=0.16094119246640926, max_depth=8, max_features=0.7102644796917272, min_samples_split=2, n_estimators=4168, subsample=0.7257235182514921; total time=  58.6s
[CV] END learning_rate=0.16094119246640926, max_depth=8, max_features=0.7102644796917272, min_samples_split=2, n_estimators=4168, subsample=0.7257235182514921; total time= 1.0min
[CV] END learning_rate=0.16094119246640926, max_depth=8, max_features=0.7102644796917272, min_samples_split=2, n_estimators=4168, subsample=0.7257235182514921; total time=  58.4s
[CV] END learning_rate=0.16094119246640926, max_depth=8, max_features=0.7102644796917272, min_samples_split=2, n_estimators=4168, subsample=0.7257235182514921; total time= 1.0min
[CV] END learning_rate=0.16094119246640926, max_depth=8, max_features=0.7102644796917272, min_samples_split=2, n_estimators=4168, subsample=0.7257235182514921; total time=  58.6s
[CV] END learning_rate=0.16094119246640926, max_depth=8, max_features=0.7102644796917272, min_samples_split=2, n_estimators=4168, subsample=0.7257235182514921; total time=  59.8s
[CV] END learning_rate=0.16094119246640926, max_depth=8, max_features=0.7102644796917272, min_samples_split=2, n_estimators=4168, subsample=0.7257235182514921; total time= 1.0min
[CV] END learning_rate=0.16094119246640926, max_depth=8, max_features=0.7102644796917272, min_samples_split=2, n_estimators=4168, subsample=0.7257235182514921; total time= 1.0min
[CV] END learning_rate=0.16094119246640926, max_depth=8, max_features=0.7102644796917272, min_samples_split=2, n_estimators=4168, subsample=0.7257235182514921; total time= 1.0min
[CV] END learning_rate=0.16094119246640926, max_depth=8, max_features=0.7102644796917272, min_samples_split=2, n_estimators=4168, subsample=0.7257235182514921; total time= 1.0min
[CV] END learning_rate=0.16094119246640926, max_depth=8, max_features=0.7102644796917272, min_samples_split=2, n_estimators=4168, subsample=0.7257235182514921; total time=  59.6s
[CV] END learning_rate=0.16094119246640926, max_depth=8, max_features=0.7102644796917272, min_samples_split=2, n_estimators=4168, subsample=0.7257235182514921; total time= 1.0min
[CV] END learning_rate=0.16094119246640926, max_depth=8, max_features=0.7102644796917272, min_samples_split=2, n_estimators=4168, subsample=0.7257235182514921; total time= 1.0min
[CV] END learning_rate=0.16094119246640926, max_depth=8, max_features=0.7102644796917272, min_samples_split=2, n_estimators=4168, subsample=0.7257235182514921; total time= 1.0min
[CV] END learning_rate=0.16094119246640926, max_depth=8, max_features=0.7102644796917272, min_samples_split=2, n_estimators=4168, subsample=0.7257235182514921; total time= 1.0min
[CV] END learning_rate=0.16094119246640926, max_depth=8, max_features=0.7102644796917272, min_samples_split=2, n_estimators=4168, subsample=0.7257235182514921; total time= 1.0min
[CV] END learning_rate=0.16094119246640926, max_depth=8, max_features=0.7102644796917272, min_samples_split=2, n_estimators=4168, subsample=0.7257235182514921; total time= 1.0min
[CV] END learning_rate=0.16094119246640926, max_depth=8, max_features=0.7102644796917272, min_samples_split=2, n_estimators=4168, subsample=0.7257235182514921; total time= 1.0min
[CV] END learning_rate=0.16094119246640926, max_depth=8, max_features=0.7102644796917272, min_samples_split=2, n_estimators=4168, subsample=0.7257235182514921; total time= 1.0min
[CV] END learning_rate=0.16094119246640926, max_depth=8, max_features=0.7102644796917272, min_samples_split=2, n_estimators=4168, subsample=0.7257235182514921; total time=  57.4s
[CV] END learning_rate=0.16094119246640926, max_depth=8, max_features=0.7102644796917272, min_samples_split=2, n_estimators=4168, subsample=0.7257235182514921; total time=  59.2s
[CV] END learning_rate=0.16094119246640926, max_depth=8, max_features=0.7102644796917272, min_samples_split=2, n_estimators=4168, subsample=0.7257235182514921; total time= 1.0min
[CV] END learning_rate=0.16094119246640926, max_depth=8, max_features=0.7102644796917272, min_samples_split=2, n_estimators=4168, subsample=0.7257235182514921; total time= 1.0min
[CV] END learning_rate=0.16094119246640926, max_depth=8, max_features=0.7102644796917272, min_samples_split=2, n_estimators=4168, subsample=0.7257235182514921; total time= 1.0min
[CV] END learning_rate=0.16094119246640926, max_depth=8, max_features=0.7102644796917272, min_samples_split=2, n_estimators=4168, subsample=0.7257235182514921; total time= 1.0min
[CV] END learning_rate=0.16094119246640926, max_depth=8, max_features=0.7102644796917272, min_samples_split=2, n_estimators=4168, subsample=0.7257235182514921; total time= 1.1min
[CV] END learning_rate=0.16094119246640926, max_depth=8, max_features=0.7102644796917272, min_samples_split=2, n_estimators=4168, subsample=0.7257235182514921; total time= 1.1min
[CV] END learning_rate=0.16094119246640926, max_depth=8, max_features=0.7102644796917272, min_samples_split=2, n_estimators=4168, subsample=0.7257235182514921; total time= 1.1min
[CV] END learning_rate=0.16094119246640926, max_depth=8, max_features=0.7102644796917272, min_samples_split=2, n_estimators=4168, subsample=0.7257235182514921; total time= 1.1min
[CV] END learning_rate=0.16094119246640926, max_depth=8, max_features=0.7102644796917272, min_samples_split=2, n_estimators=4168, subsample=0.7257235182514921; total time= 1.1min
[CV] END learning_rate=0.16094119246640926, max_depth=8, max_features=0.7102644796917272, min_samples_split=2, n_estimators=4168, subsample=0.7257235182514921; total time= 1.1min
[CV] END learning_rate=0.16094119246640926, max_depth=8, max_features=0.7102644796917272, min_samples_split=2, n_estimators=4168, subsample=0.7257235182514921; total time= 1.1min
[CV] END learning_rate=0.16094119246640926, max_depth=8, max_features=0.7102644796917272, min_samples_split=2, n_estimators=4168, subsample=0.7257235182514921; total time= 1.1min
[CV] END learning_rate=0.16094119246640926, max_depth=8, max_features=0.7102644796917272, min_samples_split=2, n_estimators=4168, subsample=0.7257235182514921; total time= 1.1min
[CV] END learning_rate=0.16094119246640926, max_depth=8, max_features=0.7102644796917272, min_samples_split=2, n_estimators=4168, subsample=0.7257235182514921; total time= 1.1min
[CV] END learning_rate=0.16094119246640926, max_depth=8, max_features=0.7102644796917272, min_samples_split=2, n_estimators=4168, subsample=0.7257235182514921; total time= 1.1min
[CV] END learning_rate=0.16094119246640926, max_depth=8, max_features=0.7102644796917272, min_samples_split=2, n_estimators=4168, subsample=0.7257235182514921; total time= 1.1min
[CV] END learning_rate=0.16094119246640926, max_depth=8, max_features=0.7102644796917272, min_samples_split=2, n_estimators=4168, subsample=0.7257235182514921; total time= 1.1min
[CV] END learning_rate=0.16094119246640926, max_depth=8, max_features=0.7102644796917272, min_samples_split=2, n_estimators=4168, subsample=0.7257235182514921; total time= 1.1min
[CV] END learning_rate=0.16094119246640926, max_depth=8, max_features=0.7102644796917272, min_samples_split=2, n_estimators=4168, subsample=0.7257235182514921; total time= 1.0min
[CV] END learning_rate=0.16094119246640926, max_depth=8, max_features=0.7102644796917272, min_samples_split=2, n_estimators=4168, subsample=0.7257235182514921; total time= 1.0min
[CV] END learning_rate=0.16094119246640926, max_depth=8, max_features=0.7102644796917272, min_samples_split=2, n_estimators=4168, subsample=0.7257235182514921; total time= 1.1min
[CV] END learning_rate=0.16094119246640926, max_depth=8, max_features=0.7102644796917272, min_samples_split=2, n_estimators=4168, subsample=0.7257235182514921; total time= 1.0min
[CV] END learning_rate=0.16094119246640926, max_depth=8, max_features=0.7102644796917272, min_samples_split=2, n_estimators=4168, subsample=0.7257235182514921; total time= 1.0min
[CV] END learning_rate=0.16094119246640926, max_depth=8, max_features=0.7102644796917272, min_samples_split=2, n_estimators=4168, subsample=0.7257235182514921; total time= 1.0min
[CV] END learning_rate=0.16094119246640926, max_depth=8, max_features=0.7102644796917272, min_samples_split=2, n_estimators=4168, subsample=0.7257235182514921; total time= 1.0min
[CV] END learning_rate=0.16094119246640926, max_depth=8, max_features=0.7102644796917272, min_samples_split=2, n_estimators=4168, subsample=0.7257235182514921; total time= 1.0min
[CV] END learning_rate=0.16094119246640926, max_depth=8, max_features=0.7102644796917272, min_samples_split=2, n_estimators=4168, subsample=0.7257235182514921; total time= 1.1min
[CV] END learning_rate=0.16094119246640926, max_depth=8, max_features=0.7102644796917272, min_samples_split=2, n_estimators=4168, subsample=0.7257235182514921; total time= 1.1min
[CV] END learning_rate=0.16094119246640926, max_depth=8, max_features=0.7102644796917272, min_samples_split=2, n_estimators=4168, subsample=0.7257235182514921; total time= 1.1min
[CV] END learning_rate=0.16094119246640926, max_depth=8, max_features=0.7102644796917272, min_samples_split=2, n_estimators=4168, subsample=0.7257235182514921; total time= 1.1min
[CV] END learning_rate=0.16094119246640926, max_depth=8, max_features=0.7102644796917272, min_samples_split=2, n_estimators=4168, subsample=0.7257235182514921; total time= 1.1min
[CV] END learning_rate=0.16094119246640926, max_depth=8, max_features=0.7102644796917272, min_samples_split=2, n_estimators=4168, subsample=0.7257235182514921; total time= 1.1min
[CV] END learning_rate=0.16094119246640926, max_depth=8, max_features=0.7102644796917272, min_samples_split=2, n_estimators=4168, subsample=0.7257235182514921; total time= 1.2min
[CV] END learning_rate=0.16094119246640926, max_depth=8, max_features=0.7102644796917272, min_samples_split=2, n_estimators=4168, subsample=0.7257235182514921; total time= 1.2min
[CV] END learning_rate=0.16094119246640926, max_depth=8, max_features=0.7102644796917272, min_samples_split=2, n_estimators=4168, subsample=0.7257235182514921; total time= 1.1min
[CV] END learning_rate=0.16094119246640926, max_depth=8, max_features=0.7102644796917272, min_samples_split=2, n_estimators=4168, subsample=0.7257235182514921; total time= 1.0min
[CV] END learning_rate=0.16094119246640926, max_depth=8, max_features=0.7102644796917272, min_samples_split=2, n_estimators=4168, subsample=0.7257235182514921; total time= 1.0min
[CV] END learning_rate=0.16094119246640926, max_depth=8, max_features=0.7102644796917272, min_samples_split=2, n_estimators=4168, subsample=0.7257235182514921; total time= 1.0min
[CV] END learning_rate=0.16094119246640926, max_depth=8, max_features=0.7102644796917272, min_samples_split=2, n_estimators=4168, subsample=0.7257235182514921; total time= 1.0min
[CV] END learning_rate=0.16094119246640926, max_depth=8, max_features=0.7102644796917272, min_samples_split=2, n_estimators=4168, subsample=0.7257235182514921; total time= 1.0min
[CV] END learning_rate=0.16094119246640926, max_depth=8, max_features=0.7102644796917272, min_samples_split=2, n_estimators=4168, subsample=0.7257235182514921; total time= 1.0min
[CV] END learning_rate=0.16094119246640926, max_depth=8, max_features=0.7102644796917272, min_samples_split=2, n_estimators=4168, subsample=0.7257235182514921; total time= 1.0min
[CV] END learning_rate=0.16094119246640926, max_depth=8, max_features=0.7102644796917272, min_samples_split=2, n_estimators=4168, subsample=0.7257235182514921; total time= 1.0min
[CV] END learning_rate=0.16094119246640926, max_depth=8, max_features=0.7102644796917272, min_samples_split=2, n_estimators=4168, subsample=0.7257235182514921; total time= 1.0min
[CV] END learning_rate=0.16094119246640926, max_depth=8, max_features=0.7102644796917272, min_samples_split=2, n_estimators=4168, subsample=0.7257235182514921; total time= 1.0min
[CV] END learning_rate=0.16094119246640926, max_depth=8, max_features=0.7102644796917272, min_samples_split=2, n_estimators=4168, subsample=0.7257235182514921; total time=  58.9s
[CV] END learning_rate=0.16094119246640926, max_depth=8, max_features=0.7102644796917272, min_samples_split=2, n_estimators=4168, subsample=0.7257235182514921; total time= 1.0min
[CV] END learning_rate=0.16094119246640926, max_depth=8, max_features=0.7102644796917272, min_samples_split=2, n_estimators=4168, subsample=0.7257235182514921; total time=  59.6s
[CV] END learning_rate=0.16094119246640926, max_depth=8, max_features=0.7102644796917272, min_samples_split=2, n_estimators=4168, subsample=0.7257235182514921; total time=  59.7s
[CV] END learning_rate=0.16094119246640926, max_depth=8, max_features=0.7102644796917272, min_samples_split=2, n_estimators=4168, subsample=0.7257235182514921; total time= 1.0min
[CV] END learning_rate=0.16094119246640926, max_depth=8, max_features=0.7102644796917272, min_samples_split=2, n_estimators=4168, subsample=0.7257235182514921; total time= 1.0min
[CV] END learning_rate=0.16094119246640926, max_depth=8, max_features=0.7102644796917272, min_samples_split=2, n_estimators=4168, subsample=0.7257235182514921; total time= 1.1min
[CV] END learning_rate=0.16094119246640926, max_depth=8, max_features=0.7102644796917272, min_samples_split=2, n_estimators=4168, subsample=0.7257235182514921; total time= 1.1min
[CV] END learning_rate=0.16094119246640926, max_depth=8, max_features=0.7102644796917272, min_samples_split=2, n_estimators=4168, subsample=0.7257235182514921; total time= 1.1min
[CV] END learning_rate=0.16094119246640926, max_depth=8, max_features=0.7102644796917272, min_samples_split=2, n_estimators=4168, subsample=0.7257235182514921; total time= 1.1min
[CV] END learning_rate=0.16094119246640926, max_depth=8, max_features=0.7102644796917272, min_samples_split=2, n_estimators=4168, subsample=0.7257235182514921; total time= 1.1min
[CV] END learning_rate=0.16094119246640926, max_depth=8, max_features=0.7102644796917272, min_samples_split=2, n_estimators=4168, subsample=0.7257235182514921; total time= 1.1min
[CV] END learning_rate=0.16094119246640926, max_depth=8, max_features=0.7102644796917272, min_samples_split=2, n_estimators=4168, subsample=0.7257235182514921; total time= 1.1min
[CV] END learning_rate=0.16094119246640926, max_depth=8, max_features=0.7102644796917272, min_samples_split=2, n_estimators=4168, subsample=0.7257235182514921; total time= 1.1min
[CV] END learning_rate=0.16094119246640926, max_depth=8, max_features=0.7102644796917272, min_samples_split=2, n_estimators=4168, subsample=0.7257235182514921; total time= 1.1min
[CV] END learning_rate=0.16094119246640926, max_depth=8, max_features=0.7102644796917272, min_samples_split=2, n_estimators=4168, subsample=0.7257235182514921; total time= 1.1min
[CV] END learning_rate=0.16094119246640926, max_depth=8, max_features=0.7102644796917272, min_samples_split=2, n_estimators=4168, subsample=0.7257235182514921; total time= 1.1min
[CV] END learning_rate=0.16094119246640926, max_depth=8, max_features=0.7102644796917272, min_samples_split=2, n_estimators=4168, subsample=0.7257235182514921; total time= 1.1min
[CV] END learning_rate=0.16094119246640926, max_depth=8, max_features=0.7102644796917272, min_samples_split=2, n_estimators=4168, subsample=0.7257235182514921; total time= 1.1min
[CV] END learning_rate=0.16094119246640926, max_depth=8, max_features=0.7102644796917272, min_samples_split=2, n_estimators=4168, subsample=0.7257235182514921; total time= 1.1min
[CV] END learning_rate=0.16094119246640926, max_depth=8, max_features=0.7102644796917272, min_samples_split=2, n_estimators=4168, subsample=0.7257235182514921; total time= 1.0min
[CV] END learning_rate=0.16094119246640926, max_depth=8, max_features=0.7102644796917272, min_samples_split=2, n_estimators=4168, subsample=0.7257235182514921; total time=  59.4s
[CV] END learning_rate=0.16094119246640926, max_depth=8, max_features=0.7102644796917272, min_samples_split=2, n_estimators=4168, subsample=0.7257235182514921; total time= 1.0min
[CV] END learning_rate=0.16094119246640926, max_depth=8, max_features=0.7102644796917272, min_samples_split=2, n_estimators=4168, subsample=0.7257235182514921; total time=  60.0s
[CV] END learning_rate=0.16094119246640926, max_depth=8, max_features=0.7102644796917272, min_samples_split=2, n_estimators=4168, subsample=0.7257235182514921; total time= 1.0min
[CV] END learning_rate=0.16094119246640926, max_depth=8, max_features=0.7102644796917272, min_samples_split=2, n_estimators=4168, subsample=0.7257235182514921; total time= 1.0min
[CV] END learning_rate=0.16094119246640926, max_depth=8, max_features=0.7102644796917272, min_samples_split=2, n_estimators=4168, subsample=0.7257235182514921; total time= 1.1min
[CV] END learning_rate=0.16094119246640926, max_depth=8, max_features=0.7102644796917272, min_samples_split=2, n_estimators=4168, subsample=0.7257235182514921; total time= 1.1min
[CV] END learning_rate=0.16094119246640926, max_depth=8, max_features=0.7102644796917272, min_samples_split=2, n_estimators=4168, subsample=0.7257235182514921; total time= 1.1min
[CV] END learning_rate=0.16094119246640926, max_depth=8, max_features=0.7102644796917272, min_samples_split=2, n_estimators=4168, subsample=0.7257235182514921; total time= 1.1min
[CV] END learning_rate=0.16094119246640926, max_depth=8, max_features=0.7102644796917272, min_samples_split=2, n_estimators=4168, subsample=0.7257235182514921; total time= 1.1min
[CV] END learning_rate=0.16094119246640926, max_depth=8, max_features=0.7102644796917272, min_samples_split=2, n_estimators=4168, subsample=0.7257235182514921; total time= 1.1min
[CV] END learning_rate=0.16094119246640926, max_depth=8, max_features=0.7102644796917272, min_samples_split=2, n_estimators=4168, subsample=0.7257235182514921; total time= 1.1min
[CV] END learning_rate=0.16094119246640926, max_depth=8, max_features=0.7102644796917272, min_samples_split=2, n_estimators=4168, subsample=0.7257235182514921; total time= 1.2min
[CV] END learning_rate=0.16094119246640926, max_depth=8, max_features=0.7102644796917272, min_samples_split=2, n_estimators=4168, subsample=0.7257235182514921; total time= 1.1min
[CV] END learning_rate=0.16094119246640926, max_depth=8, max_features=0.7102644796917272, min_samples_split=2, n_estimators=4168, subsample=0.7257235182514921; total time= 1.1min
[CV] END learning_rate=0.16094119246640926, max_depth=8, max_features=0.7102644796917272, min_samples_split=2, n_estimators=4168, subsample=0.7257235182514921; total time= 1.1min
[CV] END learning_rate=0.16094119246640926, max_depth=8, max_features=0.7102644796917272, min_samples_split=2, n_estimators=4168, subsample=0.7257235182514921; total time= 1.2min
[CV] END learning_rate=0.16094119246640926, max_depth=8, max_features=0.7102644796917272, min_samples_split=2, n_estimators=4168, subsample=0.7257235182514921; total time= 1.1min
[CV] END learning_rate=0.16094119246640926, max_depth=8, max_features=0.7102644796917272, min_samples_split=2, n_estimators=4168, subsample=0.7257235182514921; total time= 1.1min
[CV] END learning_rate=0.16094119246640926, max_depth=8, max_features=0.7102644796917272, min_samples_split=2, n_estimators=4168, subsample=0.7257235182514921; total time= 1.1min
[CV] END learning_rate=0.16094119246640926, max_depth=8, max_features=0.7102644796917272, min_samples_split=2, n_estimators=4168, subsample=0.7257235182514921; total time= 1.1min
[CV] END learning_rate=0.16094119246640926, max_depth=8, max_features=0.7102644796917272, min_samples_split=2, n_estimators=4168, subsample=0.7257235182514921; total time= 1.1min
[CV] END learning_rate=0.16094119246640926, max_depth=8, max_features=0.7102644796917272, min_samples_split=2, n_estimators=4168, subsample=0.7257235182514921; total time= 1.1min
[CV] END learning_rate=0.16094119246640926, max_depth=8, max_features=0.7102644796917272, min_samples_split=2, n_estimators=4168, subsample=0.7257235182514921; total time= 1.1min
[CV] END learning_rate=0.16094119246640926, max_depth=8, max_features=0.7102644796917272, min_samples_split=2, n_estimators=4168, subsample=0.7257235182514921; total time= 1.1min
[CV] END learning_rate=0.16094119246640926, max_depth=8, max_features=0.7102644796917272, min_samples_split=2, n_estimators=4168, subsample=0.7257235182514921; total time= 1.2min
[CV] END learning_rate=0.16094119246640926, max_depth=8, max_features=0.7102644796917272, min_samples_split=2, n_estimators=4168, subsample=0.7257235182514921; total time= 1.2min
[CV] END learning_rate=0.16094119246640926, max_depth=8, max_features=0.7102644796917272, min_samples_split=2, n_estimators=4168, subsample=0.7257235182514921; total time= 1.2min
[CV] END learning_rate=0.20267695188333315, max_depth=13, max_features=0.4934133071510458, min_samples_split=2, n_estimators=4168, subsample=0.7422756934537176; total time= 1.1min
[CV] END learning_rate=0.16094119246640926, max_depth=8, max_features=0.7102644796917272, min_samples_split=2, n_estimators=4168, subsample=0.7257235182514921; total time= 1.2min
[CV] END learning_rate=0.20267695188333315, max_depth=13, max_features=0.4934133071510458, min_samples_split=2, n_estimators=4168, subsample=0.7422756934537176; total time= 1.1min
[CV] END learning_rate=0.20267695188333315, max_depth=13, max_features=0.4934133071510458, min_samples_split=2, n_estimators=4168, subsample=0.7422756934537176; total time= 1.1min
[CV] END learning_rate=0.20267695188333315, max_depth=13, max_features=0.4934133071510458, min_samples_split=2, n_estimators=4168, subsample=0.7422756934537176; total time= 1.1min
[CV] END learning_rate=0.16094119246640926, max_depth=8, max_features=0.7102644796917272, min_samples_split=2, n_estimators=4168, subsample=0.7257235182514921; total time= 1.2min
[CV] END learning_rate=0.20267695188333315, max_depth=13, max_features=0.4934133071510458, min_samples_split=2, n_estimators=4168, subsample=0.7422756934537176; total time= 1.1min
[CV] END learning_rate=0.20267695188333315, max_depth=13, max_features=0.4934133071510458, min_samples_split=2, n_estimators=4168, subsample=0.7422756934537176; total time= 1.1min
[CV] END learning_rate=0.20267695188333315, max_depth=13, max_features=0.4934133071510458, min_samples_split=2, n_estimators=4168, subsample=0.7422756934537176; total time= 1.1min
[CV] END learning_rate=0.16094119246640926, max_depth=8, max_features=0.7102644796917272, min_samples_split=2, n_estimators=4168, subsample=0.7257235182514921; total time= 1.2min
[CV] END learning_rate=0.16094119246640926, max_depth=8, max_features=0.7102644796917272, min_samples_split=2, n_estimators=4168, subsample=0.7257235182514921; total time= 1.2min
[CV] END learning_rate=0.20267695188333315, max_depth=13, max_features=0.4934133071510458, min_samples_split=2, n_estimators=4168, subsample=0.7422756934537176; total time= 1.1min
[CV] END learning_rate=0.20267695188333315, max_depth=13, max_features=0.4934133071510458, min_samples_split=2, n_estimators=4168, subsample=0.7422756934537176; total time= 1.1min
[CV] END learning_rate=0.20267695188333315, max_depth=13, max_features=0.4934133071510458, min_samples_split=2, n_estimators=4168, subsample=0.7422756934537176; total time= 1.0min
[CV] END learning_rate=0.20267695188333315, max_depth=13, max_features=0.4934133071510458, min_samples_split=2, n_estimators=4168, subsample=0.7422756934537176; total time= 1.1min
[CV] END learning_rate=0.20267695188333315, max_depth=13, max_features=0.4934133071510458, min_samples_split=2, n_estimators=4168, subsample=0.7422756934537176; total time= 1.1min
[CV] END learning_rate=0.20267695188333315, max_depth=13, max_features=0.4934133071510458, min_samples_split=2, n_estimators=4168, subsample=0.7422756934537176; total time= 1.0min
[CV] END learning_rate=0.20267695188333315, max_depth=13, max_features=0.4934133071510458, min_samples_split=2, n_estimators=4168, subsample=0.7422756934537176; total time= 1.1min
[CV] END learning_rate=0.20267695188333315, max_depth=13, max_features=0.4934133071510458, min_samples_split=2, n_estimators=4168, subsample=0.7422756934537176; total time= 1.1min
[CV] END learning_rate=0.20267695188333315, max_depth=13, max_features=0.4934133071510458, min_samples_split=2, n_estimators=4168, subsample=0.7422756934537176; total time= 1.1min
[CV] END learning_rate=0.20267695188333315, max_depth=13, max_features=0.4934133071510458, min_samples_split=2, n_estimators=4168, subsample=0.7422756934537176; total time= 1.1min
[CV] END learning_rate=0.20267695188333315, max_depth=13, max_features=0.4934133071510458, min_samples_split=2, n_estimators=4168, subsample=0.7422756934537176; total time= 1.1min
[CV] END learning_rate=0.20267695188333315, max_depth=13, max_features=0.4934133071510458, min_samples_split=2, n_estimators=4168, subsample=0.7422756934537176; total time= 1.1min
[CV] END learning_rate=0.20267695188333315, max_depth=13, max_features=0.4934133071510458, min_samples_split=2, n_estimators=4168, subsample=0.7422756934537176; total time= 1.1min
[CV] END learning_rate=0.20267695188333315, max_depth=13, max_features=0.4934133071510458, min_samples_split=2, n_estimators=4168, subsample=0.7422756934537176; total time= 1.1min
[CV] END learning_rate=0.20267695188333315, max_depth=13, max_features=0.4934133071510458, min_samples_split=2, n_estimators=4168, subsample=0.7422756934537176; total time= 1.1min
[CV] END learning_rate=0.20267695188333315, max_depth=13, max_features=0.4934133071510458, min_samples_split=2, n_estimators=4168, subsample=0.7422756934537176; total time= 1.1min
[CV] END learning_rate=0.20267695188333315, max_depth=13, max_features=0.4934133071510458, min_samples_split=2, n_estimators=4168, subsample=0.7422756934537176; total time= 1.1min
[CV] END learning_rate=0.20267695188333315, max_depth=13, max_features=0.4934133071510458, min_samples_split=2, n_estimators=4168, subsample=0.7422756934537176; total time= 1.1min
[CV] END learning_rate=0.20267695188333315, max_depth=13, max_features=0.4934133071510458, min_samples_split=2, n_estimators=4168, subsample=0.7422756934537176; total time= 1.1min
[CV] END learning_rate=0.20267695188333315, max_depth=13, max_features=0.4934133071510458, min_samples_split=2, n_estimators=4168, subsample=0.7422756934537176; total time= 1.1min
[CV] END learning_rate=0.20267695188333315, max_depth=13, max_features=0.4934133071510458, min_samples_split=2, n_estimators=4168, subsample=0.7422756934537176; total time= 1.1min
[CV] END learning_rate=0.20267695188333315, max_depth=13, max_features=0.4934133071510458, min_samples_split=2, n_estimators=4168, subsample=0.7422756934537176; total time= 1.0min
[CV] END learning_rate=0.16094119246640926, max_depth=8, max_features=0.7102644796917272, min_samples_split=2, n_estimators=4168, subsample=0.7257235182514921; total time= 1.1min
[CV] END learning_rate=0.16094119246640926, max_depth=8, max_features=0.7102644796917272, min_samples_split=2, n_estimators=4168, subsample=0.7257235182514921; total time= 1.1min
[CV] END learning_rate=0.16094119246640926, max_depth=8, max_features=0.7102644796917272, min_samples_split=2, n_estimators=4168, subsample=0.7257235182514921; total time= 1.2min
[CV] END learning_rate=0.16094119246640926, max_depth=8, max_features=0.7102644796917272, min_samples_split=2, n_estimators=4168, subsample=0.7257235182514921; total time= 1.1min
[CV] END learning_rate=0.16094119246640926, max_depth=8, max_features=0.7102644796917272, min_samples_split=2, n_estimators=4168, subsample=0.7257235182514921; total time= 1.1min
[CV] END learning_rate=0.16094119246640926, max_depth=8, max_features=0.7102644796917272, min_samples_split=2, n_estimators=4168, subsample=0.7257235182514921; total time= 1.1min
[CV] END learning_rate=0.16094119246640926, max_depth=8, max_features=0.7102644796917272, min_samples_split=2, n_estimators=4168, subsample=0.7257235182514921; total time= 1.0min
[CV] END learning_rate=0.16094119246640926, max_depth=8, max_features=0.7102644796917272, min_samples_split=2, n_estimators=4168, subsample=0.7257235182514921; total time= 1.1min
[CV] END learning_rate=0.16094119246640926, max_depth=8, max_features=0.7102644796917272, min_samples_split=2, n_estimators=4168, subsample=0.7257235182514921; total time= 1.1min
[CV] END learning_rate=0.16094119246640926, max_depth=8, max_features=0.7102644796917272, min_samples_split=2, n_estimators=4168, subsample=0.7257235182514921; total time= 1.1min
[CV] END learning_rate=0.16094119246640926, max_depth=8, max_features=0.7102644796917272, min_samples_split=2, n_estimators=4168, subsample=0.7257235182514921; total time= 1.1min
[CV] END learning_rate=0.16094119246640926, max_depth=8, max_features=0.7102644796917272, min_samples_split=2, n_estimators=4168, subsample=0.7257235182514921; total time= 1.1min
[CV] END learning_rate=0.16094119246640926, max_depth=8, max_features=0.7102644796917272, min_samples_split=2, n_estimators=4168, subsample=0.7257235182514921; total time= 1.1min
[CV] END learning_rate=0.20267695188333315, max_depth=13, max_features=0.4934133071510458, min_samples_split=2, n_estimators=4168, subsample=0.7422756934537176; total time= 1.1min
[CV] END learning_rate=0.16094119246640926, max_depth=8, max_features=0.7102644796917272, min_samples_split=2, n_estimators=4168, subsample=0.7257235182514921; total time= 1.2min
[CV] END learning_rate=0.20267695188333315, max_depth=13, max_features=0.4934133071510458, min_samples_split=2, n_estimators=4168, subsample=0.7422756934537176; total time= 1.1min
[CV] END learning_rate=0.16094119246640926, max_depth=8, max_features=0.7102644796917272, min_samples_split=2, n_estimators=4168, subsample=0.7257235182514921; total time= 1.2min
[CV] END learning_rate=0.16094119246640926, max_depth=8, max_features=0.7102644796917272, min_samples_split=2, n_estimators=4168, subsample=0.7257235182514921; total time= 1.2min
[CV] END learning_rate=0.16094119246640926, max_depth=8, max_features=0.7102644796917272, min_samples_split=2, n_estimators=4168, subsample=0.7257235182514921; total time= 1.2min
[CV] END learning_rate=0.20267695188333315, max_depth=13, max_features=0.4934133071510458, min_samples_split=2, n_estimators=4168, subsample=0.7422756934537176; total time= 1.1min
[CV] END learning_rate=0.20267695188333315, max_depth=13, max_features=0.4934133071510458, min_samples_split=2, n_estimators=4168, subsample=0.7422756934537176; total time= 1.1min
[CV] END learning_rate=0.20267695188333315, max_depth=13, max_features=0.4934133071510458, min_samples_split=2, n_estimators=4168, subsample=0.7422756934537176; total time= 1.1min
[CV] END learning_rate=0.20267695188333315, max_depth=13, max_features=0.4934133071510458, min_samples_split=2, n_estimators=4168, subsample=0.7422756934537176; total time= 1.1min
[CV] END learning_rate=0.20267695188333315, max_depth=13, max_features=0.4934133071510458, min_samples_split=2, n_estimators=4168, subsample=0.7422756934537176; total time= 1.1min
[CV] END learning_rate=0.20267695188333315, max_depth=13, max_features=0.4934133071510458, min_samples_split=2, n_estimators=4168, subsample=0.7422756934537176; total time= 1.1min
[CV] END learning_rate=0.20267695188333315, max_depth=13, max_features=0.4934133071510458, min_samples_split=2, n_estimators=4168, subsample=0.7422756934537176; total time= 1.1min
[CV] END learning_rate=0.20267695188333315, max_depth=13, max_features=0.4934133071510458, min_samples_split=2, n_estimators=4168, subsample=0.7422756934537176; total time= 1.1min
[CV] END learning_rate=0.20267695188333315, max_depth=13, max_features=0.4934133071510458, min_samples_split=2, n_estimators=4168, subsample=0.7422756934537176; total time= 1.1min
[CV] END learning_rate=0.20267695188333315, max_depth=13, max_features=0.4934133071510458, min_samples_split=2, n_estimators=4168, subsample=0.7422756934537176; total time= 1.1min
[CV] END learning_rate=0.20267695188333315, max_depth=13, max_features=0.4934133071510458, min_samples_split=2, n_estimators=4168, subsample=0.7422756934537176; total time= 1.1min
[CV] END learning_rate=0.20267695188333315, max_depth=13, max_features=0.4934133071510458, min_samples_split=2, n_estimators=4168, subsample=0.7422756934537176; total time= 1.1min
[CV] END learning_rate=0.20267695188333315, max_depth=13, max_features=0.4934133071510458, min_samples_split=2, n_estimators=4168, subsample=0.7422756934537176; total time= 1.1min
[CV] END learning_rate=0.20267695188333315, max_depth=13, max_features=0.4934133071510458, min_samples_split=2, n_estimators=4168, subsample=0.7422756934537176; total time= 1.1min
[CV] END learning_rate=0.20267695188333315, max_depth=13, max_features=0.4934133071510458, min_samples_split=2, n_estimators=4168, subsample=0.7422756934537176; total time= 1.1min
[CV] END learning_rate=0.20267695188333315, max_depth=13, max_features=0.4934133071510458, min_samples_split=2, n_estimators=4168, subsample=0.7422756934537176; total time= 1.1min
[CV] END learning_rate=0.20267695188333315, max_depth=13, max_features=0.4934133071510458, min_samples_split=2, n_estimators=4168, subsample=0.7422756934537176; total time= 1.1min
[CV] END learning_rate=0.20267695188333315, max_depth=13, max_features=0.4934133071510458, min_samples_split=2, n_estimators=4168, subsample=0.7422756934537176; total time= 1.1min
[CV] END learning_rate=0.20267695188333315, max_depth=13, max_features=0.4934133071510458, min_samples_split=2, n_estimators=4168, subsample=0.7422756934537176; total time= 1.1min
[CV] END learning_rate=0.20267695188333315, max_depth=13, max_features=0.4934133071510458, min_samples_split=2, n_estimators=4168, subsample=0.7422756934537176; total time= 1.1min
[CV] END learning_rate=0.20267695188333315, max_depth=13, max_features=0.4934133071510458, min_samples_split=2, n_estimators=4168, subsample=0.7422756934537176; total time= 1.1min
[CV] END learning_rate=0.20267695188333315, max_depth=13, max_features=0.4934133071510458, min_samples_split=2, n_estimators=4168, subsample=0.7422756934537176; total time= 1.1min
[CV] END learning_rate=0.20267695188333315, max_depth=13, max_features=0.4934133071510458, min_samples_split=2, n_estimators=4168, subsample=0.7422756934537176; total time= 1.1min
[CV] END learning_rate=0.20267695188333315, max_depth=13, max_features=0.4934133071510458, min_samples_split=2, n_estimators=4168, subsample=0.7422756934537176; total time= 1.1min
[CV] END learning_rate=0.20267695188333315, max_depth=13, max_features=0.4934133071510458, min_samples_split=2, n_estimators=4168, subsample=0.7422756934537176; total time= 1.1min
[CV] END learning_rate=0.20267695188333315, max_depth=13, max_features=0.4934133071510458, min_samples_split=2, n_estimators=4168, subsample=0.7422756934537176; total time= 1.1min
[CV] END learning_rate=0.20267695188333315, max_depth=13, max_features=0.4934133071510458, min_samples_split=2, n_estimators=4168, subsample=0.7422756934537176; total time= 1.0min
[CV] END learning_rate=0.20267695188333315, max_depth=13, max_features=0.4934133071510458, min_samples_split=2, n_estimators=4168, subsample=0.7422756934537176; total time= 1.1min
[CV] END learning_rate=0.20267695188333315, max_depth=13, max_features=0.4934133071510458, min_samples_split=2, n_estimators=4168, subsample=0.7422756934537176; total time= 1.1min
[CV] END learning_rate=0.20267695188333315, max_depth=13, max_features=0.4934133071510458, min_samples_split=2, n_estimators=4168, subsample=0.7422756934537176; total time= 1.0min
[CV] END learning_rate=0.20267695188333315, max_depth=13, max_features=0.4934133071510458, min_samples_split=2, n_estimators=4168, subsample=0.7422756934537176; total time= 1.1min
[CV] END learning_rate=0.20267695188333315, max_depth=13, max_features=0.4934133071510458, min_samples_split=2, n_estimators=4168, subsample=0.7422756934537176; total time= 1.1min
[CV] END learning_rate=0.20267695188333315, max_depth=13, max_features=0.4934133071510458, min_samples_split=2, n_estimators=4168, subsample=0.7422756934537176; total time= 1.1min
[CV] END learning_rate=0.20267695188333315, max_depth=13, max_features=0.4934133071510458, min_samples_split=2, n_estimators=4168, subsample=0.7422756934537176; total time= 1.1min
[CV] END learning_rate=0.20267695188333315, max_depth=13, max_features=0.4934133071510458, min_samples_split=2, n_estimators=4168, subsample=0.7422756934537176; total time= 1.1min
[CV] END learning_rate=0.20267695188333315, max_depth=13, max_features=0.4934133071510458, min_samples_split=2, n_estimators=4168, subsample=0.7422756934537176; total time= 1.1min
[CV] END learning_rate=0.20267695188333315, max_depth=13, max_features=0.4934133071510458, min_samples_split=2, n_estimators=4168, subsample=0.7422756934537176; total time= 1.1min
[CV] END learning_rate=0.20267695188333315, max_depth=13, max_features=0.4934133071510458, min_samples_split=2, n_estimators=4168, subsample=0.7422756934537176; total time= 1.1min
[CV] END learning_rate=0.20267695188333315, max_depth=13, max_features=0.4934133071510458, min_samples_split=2, n_estimators=4168, subsample=0.7422756934537176; total time= 1.1min
[CV] END learning_rate=0.20267695188333315, max_depth=13, max_features=0.4934133071510458, min_samples_split=2, n_estimators=4168, subsample=0.7422756934537176; total time= 1.2min
[CV] END learning_rate=0.20267695188333315, max_depth=13, max_features=0.4934133071510458, min_samples_split=2, n_estimators=4168, subsample=0.7422756934537176; total time= 1.1min
[CV] END learning_rate=0.20267695188333315, max_depth=13, max_features=0.4934133071510458, min_samples_split=2, n_estimators=4168, subsample=0.7422756934537176; total time= 1.1min
[CV] END learning_rate=0.20267695188333315, max_depth=13, max_features=0.4934133071510458, min_samples_split=2, n_estimators=4168, subsample=0.7422756934537176; total time= 1.2min
[CV] END learning_rate=0.20267695188333315, max_depth=13, max_features=0.4934133071510458, min_samples_split=2, n_estimators=4168, subsample=0.7422756934537176; total time= 1.1min
[CV] END learning_rate=0.20267695188333315, max_depth=13, max_features=0.4934133071510458, min_samples_split=2, n_estimators=4168, subsample=0.7422756934537176; total time= 1.1min
[CV] END learning_rate=0.20267695188333315, max_depth=13, max_features=0.4934133071510458, min_samples_split=2, n_estimators=4168, subsample=0.7422756934537176; total time= 1.2min
[CV] END learning_rate=0.20267695188333315, max_depth=13, max_features=0.4934133071510458, min_samples_split=2, n_estimators=4168, subsample=0.7422756934537176; total time= 1.2min
[CV] END learning_rate=0.20267695188333315, max_depth=13, max_features=0.4934133071510458, min_samples_split=2, n_estimators=4168, subsample=0.7422756934537176; total time= 1.1min
[CV] END learning_rate=0.20267695188333315, max_depth=13, max_features=0.4934133071510458, min_samples_split=2, n_estimators=4168, subsample=0.7422756934537176; total time= 1.2min
[CV] END learning_rate=0.20267695188333315, max_depth=13, max_features=0.4934133071510458, min_samples_split=2, n_estimators=4168, subsample=0.7422756934537176; total time= 1.2min
[CV] END learning_rate=0.20267695188333315, max_depth=13, max_features=0.4934133071510458, min_samples_split=2, n_estimators=4168, subsample=0.7422756934537176; total time= 1.2min
[CV] END learning_rate=0.20267695188333315, max_depth=13, max_features=0.4934133071510458, min_samples_split=2, n_estimators=4168, subsample=0.7422756934537176; total time= 1.2min
[CV] END learning_rate=0.20267695188333315, max_depth=13, max_features=0.4934133071510458, min_samples_split=2, n_estimators=4168, subsample=0.7422756934537176; total time= 1.2min
[CV] END learning_rate=0.20267695188333315, max_depth=13, max_features=0.4934133071510458, min_samples_split=2, n_estimators=4168, subsample=0.7422756934537176; total time= 1.2min
[CV] END learning_rate=0.20267695188333315, max_depth=13, max_features=0.4934133071510458, min_samples_split=2, n_estimators=4168, subsample=0.7422756934537176; total time= 1.1min
[CV] END learning_rate=0.20267695188333315, max_depth=13, max_features=0.4934133071510458, min_samples_split=2, n_estimators=4168, subsample=0.7422756934537176; total time= 1.2min
[CV] END learning_rate=0.20267695188333315, max_depth=13, max_features=0.4934133071510458, min_samples_split=2, n_estimators=4168, subsample=0.7422756934537176; total time= 1.2min
[CV] END learning_rate=0.20267695188333315, max_depth=13, max_features=0.4934133071510458, min_samples_split=2, n_estimators=4168, subsample=0.7422756934537176; total time= 1.2min
[CV] END learning_rate=0.20267695188333315, max_depth=13, max_features=0.4934133071510458, min_samples_split=2, n_estimators=4168, subsample=0.7422756934537176; total time= 1.2min
[CV] END learning_rate=0.20267695188333315, max_depth=13, max_features=0.4934133071510458, min_samples_split=2, n_estimators=4168, subsample=0.7422756934537176; total time= 1.2min
[CV] END learning_rate=0.20267695188333315, max_depth=13, max_features=0.4934133071510458, min_samples_split=2, n_estimators=4168, subsample=0.7422756934537176; total time= 1.2min
[CV] END learning_rate=0.20267695188333315, max_depth=13, max_features=0.4934133071510458, min_samples_split=2, n_estimators=4168, subsample=0.7422756934537176; total time= 1.2min
[CV] END learning_rate=0.20267695188333315, max_depth=13, max_features=0.4934133071510458, min_samples_split=2, n_estimators=4168, subsample=0.7422756934537176; total time= 1.2min
[CV] END learning_rate=0.20267695188333315, max_depth=13, max_features=0.4934133071510458, min_samples_split=2, n_estimators=4168, subsample=0.7422756934537176; total time= 1.2min
[CV] END learning_rate=0.20267695188333315, max_depth=13, max_features=0.4934133071510458, min_samples_split=2, n_estimators=4168, subsample=0.7422756934537176; total time= 1.1min
[CV] END learning_rate=0.20267695188333315, max_depth=13, max_features=0.4934133071510458, min_samples_split=2, n_estimators=4168, subsample=0.7422756934537176; total time= 1.2min
[CV] END learning_rate=0.20267695188333315, max_depth=13, max_features=0.4934133071510458, min_samples_split=2, n_estimators=4168, subsample=0.7422756934537176; total time= 1.2min
[CV] END learning_rate=0.20267695188333315, max_depth=13, max_features=0.4934133071510458, min_samples_split=2, n_estimators=4168, subsample=0.7422756934537176; total time= 1.2min
[CV] END learning_rate=0.20267695188333315, max_depth=13, max_features=0.4934133071510458, min_samples_split=2, n_estimators=4168, subsample=0.7422756934537176; total time= 1.2min
[CV] END learning_rate=0.20267695188333315, max_depth=13, max_features=0.4934133071510458, min_samples_split=2, n_estimators=4168, subsample=0.7422756934537176; total time= 1.2min
[CV] END learning_rate=0.20267695188333315, max_depth=13, max_features=0.4934133071510458, min_samples_split=2, n_estimators=4168, subsample=0.7422756934537176; total time= 1.2min
[CV] END learning_rate=0.20267695188333315, max_depth=13, max_features=0.4934133071510458, min_samples_split=2, n_estimators=4168, subsample=0.7422756934537176; total time= 1.2min
[CV] END learning_rate=0.20267695188333315, max_depth=13, max_features=0.4934133071510458, min_samples_split=2, n_estimators=4168, subsample=0.7422756934537176; total time= 1.2min
[CV] END learning_rate=0.20267695188333315, max_depth=13, max_features=0.4934133071510458, min_samples_split=2, n_estimators=4168, subsample=0.7422756934537176; total time= 1.1min
[CV] END learning_rate=0.20267695188333315, max_depth=13, max_features=0.4934133071510458, min_samples_split=2, n_estimators=4168, subsample=0.7422756934537176; total time= 1.1min
[CV] END learning_rate=0.20267695188333315, max_depth=13, max_features=0.4934133071510458, min_samples_split=2, n_estimators=4168, subsample=0.7422756934537176; total time= 1.1min
[CV] END learning_rate=0.20267695188333315, max_depth=13, max_features=0.4934133071510458, min_samples_split=2, n_estimators=4168, subsample=0.7422756934537176; total time= 1.0min
[CV] END learning_rate=0.20267695188333315, max_depth=13, max_features=0.4934133071510458, min_samples_split=2, n_estimators=4168, subsample=0.7422756934537176; total time= 1.1min
[CV] END learning_rate=0.20267695188333315, max_depth=13, max_features=0.4934133071510458, min_samples_split=2, n_estimators=4168, subsample=0.7422756934537176; total time= 1.1min
[CV] END learning_rate=0.20267695188333315, max_depth=13, max_features=0.4934133071510458, min_samples_split=2, n_estimators=4168, subsample=0.7422756934537176; total time= 1.1min
[CV] END learning_rate=0.20267695188333315, max_depth=13, max_features=0.4934133071510458, min_samples_split=2, n_estimators=4168, subsample=0.7422756934537176; total time= 1.1min
[CV] END learning_rate=0.20267695188333315, max_depth=13, max_features=0.4934133071510458, min_samples_split=2, n_estimators=4168, subsample=0.7422756934537176; total time= 1.1min
[CV] END learning_rate=0.20267695188333315, max_depth=13, max_features=0.4934133071510458, min_samples_split=2, n_estimators=4168, subsample=0.7422756934537176; total time= 1.1min
[CV] END learning_rate=0.20267695188333315, max_depth=13, max_features=0.4934133071510458, min_samples_split=2, n_estimators=4168, subsample=0.7422756934537176; total time= 1.1min
[CV] END learning_rate=0.20267695188333315, max_depth=13, max_features=0.4934133071510458, min_samples_split=2, n_estimators=4168, subsample=0.7422756934537176; total time= 1.1min
[CV] END learning_rate=0.20267695188333315, max_depth=13, max_features=0.4934133071510458, min_samples_split=2, n_estimators=4168, subsample=0.7422756934537176; total time= 1.1min
[CV] END learning_rate=0.20267695188333315, max_depth=13, max_features=0.4934133071510458, min_samples_split=2, n_estimators=4168, subsample=0.7422756934537176; total time= 1.2min
[CV] END learning_rate=0.20267695188333315, max_depth=13, max_features=0.4934133071510458, min_samples_split=2, n_estimators=4168, subsample=0.7422756934537176; total time= 1.2min
[CV] END learning_rate=0.20267695188333315, max_depth=13, max_features=0.4934133071510458, min_samples_split=2, n_estimators=4168, subsample=0.7422756934537176; total time= 1.1min
[CV] END learning_rate=0.20267695188333315, max_depth=13, max_features=0.4934133071510458, min_samples_split=2, n_estimators=4168, subsample=0.7422756934537176; total time= 1.2min
[CV] END learning_rate=0.20267695188333315, max_depth=13, max_features=0.4934133071510458, min_samples_split=2, n_estimators=4168, subsample=0.7422756934537176; total time= 1.2min
[CV] END learning_rate=0.20267695188333315, max_depth=13, max_features=0.4934133071510458, min_samples_split=2, n_estimators=4168, subsample=0.7422756934537176; total time= 1.1min
[CV] END learning_rate=0.20267695188333315, max_depth=13, max_features=0.4934133071510458, min_samples_split=2, n_estimators=4168, subsample=0.7422756934537176; total time= 1.1min
[CV] END learning_rate=0.20267695188333315, max_depth=13, max_features=0.4934133071510458, min_samples_split=2, n_estimators=4168, subsample=0.7422756934537176; total time= 1.1min
[CV] END learning_rate=0.20267695188333315, max_depth=13, max_features=0.4934133071510458, min_samples_split=2, n_estimators=4168, subsample=0.7422756934537176; total time= 1.2min
[CV] END learning_rate=0.20267695188333315, max_depth=13, max_features=0.4934133071510458, min_samples_split=2, n_estimators=4168, subsample=0.7422756934537176; total time= 1.1min
[CV] END learning_rate=0.20267695188333315, max_depth=13, max_features=0.4934133071510458, min_samples_split=2, n_estimators=4168, subsample=0.7422756934537176; total time= 1.2min
[CV] END learning_rate=0.20267695188333315, max_depth=13, max_features=0.4934133071510458, min_samples_split=2, n_estimators=4168, subsample=0.7422756934537176; total time= 1.2min
[CV] END learning_rate=0.20267695188333315, max_depth=13, max_features=0.4934133071510458, min_samples_split=2, n_estimators=4168, subsample=0.7422756934537176; total time= 1.2min
[CV] END learning_rate=0.20267695188333315, max_depth=13, max_features=0.4934133071510458, min_samples_split=2, n_estimators=4168, subsample=0.7422756934537176; total time= 1.2min
[CV] END learning_rate=0.20267695188333315, max_depth=13, max_features=0.4934133071510458, min_samples_split=2, n_estimators=4168, subsample=0.7422756934537176; total time= 1.2min
[CV] END learning_rate=0.20267695188333315, max_depth=13, max_features=0.4934133071510458, min_samples_split=2, n_estimators=4168, subsample=0.7422756934537176; total time= 1.2min
[CV] END learning_rate=0.20267695188333315, max_depth=13, max_features=0.4934133071510458, min_samples_split=2, n_estimators=4168, subsample=0.7422756934537176; total time= 1.2min
[CV] END learning_rate=0.20267695188333315, max_depth=13, max_features=0.4934133071510458, min_samples_split=2, n_estimators=4168, subsample=0.7422756934537176; total time= 1.2min
[CV] END learning_rate=0.20267695188333315, max_depth=13, max_features=0.4934133071510458, min_samples_split=2, n_estimators=4168, subsample=0.7422756934537176; total time= 1.2min
[CV] END learning_rate=0.20267695188333315, max_depth=13, max_features=0.4934133071510458, min_samples_split=2, n_estimators=4168, subsample=0.7422756934537176; total time= 1.2min
[CV] END learning_rate=0.20267695188333315, max_depth=13, max_features=0.4934133071510458, min_samples_split=2, n_estimators=4168, subsample=0.7422756934537176; total time= 1.2min
[CV] END learning_rate=0.20267695188333315, max_depth=13, max_features=0.4934133071510458, min_samples_split=2, n_estimators=4168, subsample=0.7422756934537176; total time= 1.2min
[CV] END learning_rate=0.20267695188333315, max_depth=13, max_features=0.4934133071510458, min_samples_split=2, n_estimators=4168, subsample=0.7422756934537176; total time= 1.2min
[CV] END learning_rate=0.20267695188333315, max_depth=13, max_features=0.4934133071510458, min_samples_split=2, n_estimators=4168, subsample=0.7422756934537176; total time= 1.2min
[CV] END learning_rate=0.20267695188333315, max_depth=13, max_features=0.4934133071510458, min_samples_split=2, n_estimators=4168, subsample=0.7422756934537176; total time= 1.2min
[CV] END learning_rate=0.20267695188333315, max_depth=13, max_features=0.4934133071510458, min_samples_split=2, n_estimators=4168, subsample=0.7422756934537176; total time= 1.2min
[CV] END learning_rate=0.20267695188333315, max_depth=13, max_features=0.4934133071510458, min_samples_split=2, n_estimators=4168, subsample=0.7422756934537176; total time= 1.2min
[CV] END learning_rate=0.20267695188333315, max_depth=13, max_features=0.4934133071510458, min_samples_split=2, n_estimators=4168, subsample=0.7422756934537176; total time= 1.1min
[CV] END learning_rate=0.20267695188333315, max_depth=13, max_features=0.4934133071510458, min_samples_split=2, n_estimators=4168, subsample=0.7422756934537176; total time= 1.2min
[CV] END learning_rate=0.20267695188333315, max_depth=13, max_features=0.4934133071510458, min_samples_split=2, n_estimators=4168, subsample=0.7422756934537176; total time= 1.2min
[CV] END learning_rate=0.20267695188333315, max_depth=13, max_features=0.4934133071510458, min_samples_split=2, n_estimators=4168, subsample=0.7422756934537176; total time= 1.2min
[CV] END learning_rate=0.20267695188333315, max_depth=13, max_features=0.4934133071510458, min_samples_split=2, n_estimators=4168, subsample=0.7422756934537176; total time= 1.2min
[CV] END learning_rate=0.20267695188333315, max_depth=13, max_features=0.4934133071510458, min_samples_split=2, n_estimators=4168, subsample=0.7422756934537176; total time= 1.2min
[CV] END learning_rate=0.20267695188333315, max_depth=13, max_features=0.4934133071510458, min_samples_split=2, n_estimators=4168, subsample=0.7422756934537176; total time= 1.2min
[CV] END learning_rate=0.20267695188333315, max_depth=13, max_features=0.4934133071510458, min_samples_split=2, n_estimators=4168, subsample=0.7422756934537176; total time= 1.2min
[CV] END learning_rate=0.20267695188333315, max_depth=13, max_features=0.4934133071510458, min_samples_split=2, n_estimators=4168, subsample=0.7422756934537176; total time= 1.2min
[CV] END learning_rate=0.20267695188333315, max_depth=13, max_features=0.4934133071510458, min_samples_split=2, n_estimators=4168, subsample=0.7422756934537176; total time= 1.2min
[CV] END learning_rate=0.20267695188333315, max_depth=13, max_features=0.4934133071510458, min_samples_split=2, n_estimators=4168, subsample=0.7422756934537176; total time= 1.2min
[CV] END learning_rate=0.20267695188333315, max_depth=13, max_features=0.4934133071510458, min_samples_split=2, n_estimators=4168, subsample=0.7422756934537176; total time= 1.1min
[CV] END learning_rate=0.20267695188333315, max_depth=13, max_features=0.4934133071510458, min_samples_split=2, n_estimators=4168, subsample=0.7422756934537176; total time= 1.2min
[CV] END learning_rate=0.20267695188333315, max_depth=13, max_features=0.4934133071510458, min_samples_split=2, n_estimators=4168, subsample=0.7422756934537176; total time= 1.2min
[CV] END learning_rate=0.20267695188333315, max_depth=13, max_features=0.4934133071510458, min_samples_split=2, n_estimators=4168, subsample=0.7422756934537176; total time= 1.2min
[CV] END learning_rate=0.20267695188333315, max_depth=13, max_features=0.4934133071510458, min_samples_split=2, n_estimators=4168, subsample=0.7422756934537176; total time= 1.2min
[CV] END learning_rate=0.20267695188333315, max_depth=13, max_features=0.4934133071510458, min_samples_split=2, n_estimators=4168, subsample=0.7422756934537176; total time= 1.2min
[CV] END learning_rate=0.20267695188333315, max_depth=13, max_features=0.4934133071510458, min_samples_split=2, n_estimators=4168, subsample=0.7422756934537176; total time= 1.2min
[CV] END learning_rate=0.20267695188333315, max_depth=13, max_features=0.4934133071510458, min_samples_split=2, n_estimators=4168, subsample=0.7422756934537176; total time= 1.2min
[CV] END learning_rate=0.20267695188333315, max_depth=13, max_features=0.4934133071510458, min_samples_split=2, n_estimators=4168, subsample=0.7422756934537176; total time= 1.1min
[CV] END learning_rate=0.20267695188333315, max_depth=13, max_features=0.4934133071510458, min_samples_split=2, n_estimators=4168, subsample=0.7422756934537176; total time= 1.1min
[CV] END learning_rate=0.20267695188333315, max_depth=13, max_features=0.4934133071510458, min_samples_split=2, n_estimators=4168, subsample=0.7422756934537176; total time= 1.1min
[CV] END learning_rate=0.20267695188333315, max_depth=13, max_features=0.4934133071510458, min_samples_split=2, n_estimators=4168, subsample=0.7422756934537176; total time= 1.2min
[CV] END learning_rate=0.20267695188333315, max_depth=13, max_features=0.4934133071510458, min_samples_split=2, n_estimators=4168, subsample=0.7422756934537176; total time= 1.1min
[CV] END learning_rate=0.20267695188333315, max_depth=13, max_features=0.4934133071510458, min_samples_split=2, n_estimators=4168, subsample=0.7422756934537176; total time= 1.1min
[CV] END learning_rate=0.20267695188333315, max_depth=13, max_features=0.4934133071510458, min_samples_split=2, n_estimators=4168, subsample=0.7422756934537176; total time= 1.2min
[CV] END learning_rate=0.20267695188333315, max_depth=13, max_features=0.4934133071510458, min_samples_split=2, n_estimators=4168, subsample=0.7422756934537176; total time= 1.2min
[CV] END learning_rate=0.20267695188333315, max_depth=13, max_features=0.4934133071510458, min_samples_split=2, n_estimators=4168, subsample=0.7422756934537176; total time= 1.2min
[CV] END learning_rate=0.20267695188333315, max_depth=13, max_features=0.4934133071510458, min_samples_split=2, n_estimators=4168, subsample=0.7422756934537176; total time= 1.1min
[CV] END learning_rate=0.20267695188333315, max_depth=13, max_features=0.4934133071510458, min_samples_split=2, n_estimators=4168, subsample=0.7422756934537176; total time= 1.2min
[CV] END learning_rate=0.20267695188333315, max_depth=13, max_features=0.4934133071510458, min_samples_split=2, n_estimators=4168, subsample=0.7422756934537176; total time= 1.2min
[CV] END learning_rate=0.13420186966472852, max_depth=13, max_features=0.563207966534582, min_samples_split=2, n_estimators=4168, subsample=0.890300529340937; total time= 1.2min
[CV] END learning_rate=0.13420186966472852, max_depth=13, max_features=0.563207966534582, min_samples_split=2, n_estimators=4168, subsample=0.890300529340937; total time= 1.2min
[CV] END learning_rate=0.13420186966472852, max_depth=13, max_features=0.563207966534582, min_samples_split=2, n_estimators=4168, subsample=0.890300529340937; total time= 1.3min
[CV] END learning_rate=0.13420186966472852, max_depth=13, max_features=0.563207966534582, min_samples_split=2, n_estimators=4168, subsample=0.890300529340937; total time= 1.2min
[CV] END learning_rate=0.13420186966472852, max_depth=13, max_features=0.563207966534582, min_samples_split=2, n_estimators=4168, subsample=0.890300529340937; total time= 1.2min
[CV] END learning_rate=0.13420186966472852, max_depth=13, max_features=0.563207966534582, min_samples_split=2, n_estimators=4168, subsample=0.890300529340937; total time= 1.2min
[CV] END learning_rate=0.13420186966472852, max_depth=13, max_features=0.563207966534582, min_samples_split=2, n_estimators=4168, subsample=0.890300529340937; total time= 1.2min
[CV] END learning_rate=0.13420186966472852, max_depth=13, max_features=0.563207966534582, min_samples_split=2, n_estimators=4168, subsample=0.890300529340937; total time= 1.2min
[CV] END learning_rate=0.13420186966472852, max_depth=13, max_features=0.563207966534582, min_samples_split=2, n_estimators=4168, subsample=0.890300529340937; total time= 1.2min
[CV] END learning_rate=0.13420186966472852, max_depth=13, max_features=0.563207966534582, min_samples_split=2, n_estimators=4168, subsample=0.890300529340937; total time= 1.2min
[CV] END learning_rate=0.13420186966472852, max_depth=13, max_features=0.563207966534582, min_samples_split=2, n_estimators=4168, subsample=0.890300529340937; total time= 1.3min
[CV] END learning_rate=0.13420186966472852, max_depth=13, max_features=0.563207966534582, min_samples_split=2, n_estimators=4168, subsample=0.890300529340937; total time= 1.2min
[CV] END learning_rate=0.13420186966472852, max_depth=13, max_features=0.563207966534582, min_samples_split=2, n_estimators=4168, subsample=0.890300529340937; total time= 1.2min
[CV] END learning_rate=0.13420186966472852, max_depth=13, max_features=0.563207966534582, min_samples_split=2, n_estimators=4168, subsample=0.890300529340937; total time= 1.2min
[CV] END learning_rate=0.13420186966472852, max_depth=13, max_features=0.563207966534582, min_samples_split=2, n_estimators=4168, subsample=0.890300529340937; total time= 1.2min
[CV] END learning_rate=0.13420186966472852, max_depth=13, max_features=0.563207966534582, min_samples_split=2, n_estimators=4168, subsample=0.890300529340937; total time= 1.2min
[CV] END learning_rate=0.13420186966472852, max_depth=13, max_features=0.563207966534582, min_samples_split=2, n_estimators=4168, subsample=0.890300529340937; total time= 1.2min
[CV] END learning_rate=0.13420186966472852, max_depth=13, max_features=0.563207966534582, min_samples_split=2, n_estimators=4168, subsample=0.890300529340937; total time= 1.2min
[CV] END learning_rate=0.13420186966472852, max_depth=13, max_features=0.563207966534582, min_samples_split=2, n_estimators=4168, subsample=0.890300529340937; total time= 1.2min
[CV] END learning_rate=0.13420186966472852, max_depth=13, max_features=0.563207966534582, min_samples_split=2, n_estimators=4168, subsample=0.890300529340937; total time= 1.2min
[CV] END learning_rate=0.13420186966472852, max_depth=13, max_features=0.563207966534582, min_samples_split=2, n_estimators=4168, subsample=0.890300529340937; total time= 1.2min
[CV] END learning_rate=0.20267695188333315, max_depth=13, max_features=0.4934133071510458, min_samples_split=2, n_estimators=4168, subsample=0.7422756934537176; total time= 1.1min
[CV] END learning_rate=0.20267695188333315, max_depth=13, max_features=0.4934133071510458, min_samples_split=2, n_estimators=4168, subsample=0.7422756934537176; total time= 1.2min
[CV] END learning_rate=0.20267695188333315, max_depth=13, max_features=0.4934133071510458, min_samples_split=2, n_estimators=4168, subsample=0.7422756934537176; total time= 1.2min
[CV] END learning_rate=0.20267695188333315, max_depth=13, max_features=0.4934133071510458, min_samples_split=2, n_estimators=4168, subsample=0.7422756934537176; total time= 1.2min
[CV] END learning_rate=0.20267695188333315, max_depth=13, max_features=0.4934133071510458, min_samples_split=2, n_estimators=4168, subsample=0.7422756934537176; total time= 1.1min
[CV] END learning_rate=0.20267695188333315, max_depth=13, max_features=0.4934133071510458, min_samples_split=2, n_estimators=4168, subsample=0.7422756934537176; total time= 1.2min
[CV] END learning_rate=0.20267695188333315, max_depth=13, max_features=0.4934133071510458, min_samples_split=2, n_estimators=4168, subsample=0.7422756934537176; total time= 1.2min
[CV] END learning_rate=0.20267695188333315, max_depth=13, max_features=0.4934133071510458, min_samples_split=2, n_estimators=4168, subsample=0.7422756934537176; total time= 1.2min
[CV] END learning_rate=0.20267695188333315, max_depth=13, max_features=0.4934133071510458, min_samples_split=2, n_estimators=4168, subsample=0.7422756934537176; total time= 1.2min
[CV] END learning_rate=0.20267695188333315, max_depth=13, max_features=0.4934133071510458, min_samples_split=2, n_estimators=4168, subsample=0.7422756934537176; total time= 1.2min
[CV] END learning_rate=0.20267695188333315, max_depth=13, max_features=0.4934133071510458, min_samples_split=2, n_estimators=4168, subsample=0.7422756934537176; total time= 1.2min
[CV] END learning_rate=0.20267695188333315, max_depth=13, max_features=0.4934133071510458, min_samples_split=2, n_estimators=4168, subsample=0.7422756934537176; total time= 1.2min
[CV] END learning_rate=0.20267695188333315, max_depth=13, max_features=0.4934133071510458, min_samples_split=2, n_estimators=4168, subsample=0.7422756934537176; total time= 1.2min
[CV] END learning_rate=0.20267695188333315, max_depth=13, max_features=0.4934133071510458, min_samples_split=2, n_estimators=4168, subsample=0.7422756934537176; total time= 1.1min
[CV] END learning_rate=0.20267695188333315, max_depth=13, max_features=0.4934133071510458, min_samples_split=2, n_estimators=4168, subsample=0.7422756934537176; total time= 1.1min
[CV] END learning_rate=0.20267695188333315, max_depth=13, max_features=0.4934133071510458, min_samples_split=2, n_estimators=4168, subsample=0.7422756934537176; total time= 1.1min
[CV] END learning_rate=0.20267695188333315, max_depth=13, max_features=0.4934133071510458, min_samples_split=2, n_estimators=4168, subsample=0.7422756934537176; total time= 1.2min
[CV] END learning_rate=0.20267695188333315, max_depth=13, max_features=0.4934133071510458, min_samples_split=2, n_estimators=4168, subsample=0.7422756934537176; total time= 1.2min
[CV] END learning_rate=0.20267695188333315, max_depth=13, max_features=0.4934133071510458, min_samples_split=2, n_estimators=4168, subsample=0.7422756934537176; total time= 1.1min
[CV] END learning_rate=0.20267695188333315, max_depth=13, max_features=0.4934133071510458, min_samples_split=2, n_estimators=4168, subsample=0.7422756934537176; total time= 1.2min
[CV] END learning_rate=0.20267695188333315, max_depth=13, max_features=0.4934133071510458, min_samples_split=2, n_estimators=4168, subsample=0.7422756934537176; total time= 1.1min
[CV] END learning_rate=0.20267695188333315, max_depth=13, max_features=0.4934133071510458, min_samples_split=2, n_estimators=4168, subsample=0.7422756934537176; total time= 1.1min
[CV] END learning_rate=0.20267695188333315, max_depth=13, max_features=0.4934133071510458, min_samples_split=2, n_estimators=4168, subsample=0.7422756934537176; total time= 1.1min
[CV] END learning_rate=0.20267695188333315, max_depth=13, max_features=0.4934133071510458, min_samples_split=2, n_estimators=4168, subsample=0.7422756934537176; total time= 1.2min
[CV] END learning_rate=0.20267695188333315, max_depth=13, max_features=0.4934133071510458, min_samples_split=2, n_estimators=4168, subsample=0.7422756934537176; total time= 1.2min
[CV] END learning_rate=0.13420186966472852, max_depth=13, max_features=0.563207966534582, min_samples_split=2, n_estimators=4168, subsample=0.890300529340937; total time= 1.2min
[CV] END learning_rate=0.13420186966472852, max_depth=13, max_features=0.563207966534582, min_samples_split=2, n_estimators=4168, subsample=0.890300529340937; total time= 1.3min
[CV] END learning_rate=0.13420186966472852, max_depth=13, max_features=0.563207966534582, min_samples_split=2, n_estimators=4168, subsample=0.890300529340937; total time= 1.2min
[CV] END learning_rate=0.13420186966472852, max_depth=13, max_features=0.563207966534582, min_samples_split=2, n_estimators=4168, subsample=0.890300529340937; total time= 1.3min
[CV] END learning_rate=0.13420186966472852, max_depth=13, max_features=0.563207966534582, min_samples_split=2, n_estimators=4168, subsample=0.890300529340937; total time= 1.2min
[CV] END learning_rate=0.13420186966472852, max_depth=13, max_features=0.563207966534582, min_samples_split=2, n_estimators=4168, subsample=0.890300529340937; total time= 1.2min
[CV] END learning_rate=0.13420186966472852, max_depth=13, max_features=0.563207966534582, min_samples_split=2, n_estimators=4168, subsample=0.890300529340937; total time= 1.3min
[CV] END learning_rate=0.13420186966472852, max_depth=13, max_features=0.563207966534582, min_samples_split=2, n_estimators=4168, subsample=0.890300529340937; total time= 1.3min
[CV] END learning_rate=0.13420186966472852, max_depth=13, max_features=0.563207966534582, min_samples_split=2, n_estimators=4168, subsample=0.890300529340937; total time= 1.2min
[CV] END learning_rate=0.13420186966472852, max_depth=13, max_features=0.563207966534582, min_samples_split=2, n_estimators=4168, subsample=0.890300529340937; total time= 1.2min
[CV] END learning_rate=0.13420186966472852, max_depth=13, max_features=0.563207966534582, min_samples_split=2, n_estimators=4168, subsample=0.890300529340937; total time= 1.2min
[CV] END learning_rate=0.13420186966472852, max_depth=13, max_features=0.563207966534582, min_samples_split=2, n_estimators=4168, subsample=0.890300529340937; total time= 1.1min
[CV] END learning_rate=0.13420186966472852, max_depth=13, max_features=0.563207966534582, min_samples_split=2, n_estimators=4168, subsample=0.890300529340937; total time= 1.2min
[CV] END learning_rate=0.13420186966472852, max_depth=13, max_features=0.563207966534582, min_samples_split=2, n_estimators=4168, subsample=0.890300529340937; total time= 1.1min
[CV] END learning_rate=0.13420186966472852, max_depth=13, max_features=0.563207966534582, min_samples_split=2, n_estimators=4168, subsample=0.890300529340937; total time= 1.1min
[CV] END learning_rate=0.13420186966472852, max_depth=13, max_features=0.563207966534582, min_samples_split=2, n_estimators=4168, subsample=0.890300529340937; total time= 1.1min
[CV] END learning_rate=0.13420186966472852, max_depth=13, max_features=0.563207966534582, min_samples_split=2, n_estimators=4168, subsample=0.890300529340937; total time= 1.2min
[CV] END learning_rate=0.13420186966472852, max_depth=13, max_features=0.563207966534582, min_samples_split=2, n_estimators=4168, subsample=0.890300529340937; total time= 1.2min
[CV] END learning_rate=0.13420186966472852, max_depth=13, max_features=0.563207966534582, min_samples_split=2, n_estimators=4168, subsample=0.890300529340937; total time= 1.2min
[CV] END learning_rate=0.13420186966472852, max_depth=13, max_features=0.563207966534582, min_samples_split=2, n_estimators=4168, subsample=0.890300529340937; total time= 1.2min
[CV] END learning_rate=0.13420186966472852, max_depth=13, max_features=0.563207966534582, min_samples_split=2, n_estimators=4168, subsample=0.890300529340937; total time= 1.1min
[CV] END learning_rate=0.13420186966472852, max_depth=13, max_features=0.563207966534582, min_samples_split=2, n_estimators=4168, subsample=0.890300529340937; total time= 1.2min
[CV] END learning_rate=0.13420186966472852, max_depth=13, max_features=0.563207966534582, min_samples_split=2, n_estimators=4168, subsample=0.890300529340937; total time= 1.2min
[CV] END learning_rate=0.13420186966472852, max_depth=13, max_features=0.563207966534582, min_samples_split=2, n_estimators=4168, subsample=0.890300529340937; total time= 1.2min
[CV] END learning_rate=0.13420186966472852, max_depth=13, max_features=0.563207966534582, min_samples_split=2, n_estimators=4168, subsample=0.890300529340937; total time= 1.2min
[CV] END learning_rate=0.13420186966472852, max_depth=13, max_features=0.563207966534582, min_samples_split=2, n_estimators=4168, subsample=0.890300529340937; total time= 1.2min
[CV] END learning_rate=0.13420186966472852, max_depth=13, max_features=0.563207966534582, min_samples_split=2, n_estimators=4168, subsample=0.890300529340937; total time= 1.2min
[CV] END learning_rate=0.13420186966472852, max_depth=13, max_features=0.563207966534582, min_samples_split=2, n_estimators=4168, subsample=0.890300529340937; total time= 1.2min
[CV] END learning_rate=0.13420186966472852, max_depth=13, max_features=0.563207966534582, min_samples_split=2, n_estimators=4168, subsample=0.890300529340937; total time= 1.1min
[CV] END learning_rate=0.13420186966472852, max_depth=13, max_features=0.563207966534582, min_samples_split=2, n_estimators=4168, subsample=0.890300529340937; total time= 1.1min
[CV] END learning_rate=0.13420186966472852, max_depth=13, max_features=0.563207966534582, min_samples_split=2, n_estimators=4168, subsample=0.890300529340937; total time= 1.2min
[CV] END learning_rate=0.13420186966472852, max_depth=13, max_features=0.563207966534582, min_samples_split=2, n_estimators=4168, subsample=0.890300529340937; total time= 1.1min
[CV] END learning_rate=0.13420186966472852, max_depth=13, max_features=0.563207966534582, min_samples_split=2, n_estimators=4168, subsample=0.890300529340937; total time= 1.1min
[CV] END learning_rate=0.13420186966472852, max_depth=13, max_features=0.563207966534582, min_samples_split=2, n_estimators=4168, subsample=0.890300529340937; total time= 1.1min
[CV] END learning_rate=0.13420186966472852, max_depth=13, max_features=0.563207966534582, min_samples_split=2, n_estimators=4168, subsample=0.890300529340937; total time= 1.1min
[CV] END learning_rate=0.13420186966472852, max_depth=13, max_features=0.563207966534582, min_samples_split=2, n_estimators=4168, subsample=0.890300529340937; total time= 1.1min
[CV] END learning_rate=0.13420186966472852, max_depth=13, max_features=0.563207966534582, min_samples_split=2, n_estimators=4168, subsample=0.890300529340937; total time= 1.1min
[CV] END learning_rate=0.13420186966472852, max_depth=13, max_features=0.563207966534582, min_samples_split=2, n_estimators=4168, subsample=0.890300529340937; total time= 1.1min
[CV] END learning_rate=0.13420186966472852, max_depth=13, max_features=0.563207966534582, min_samples_split=2, n_estimators=4168, subsample=0.890300529340937; total time= 1.1min
[CV] END learning_rate=0.13420186966472852, max_depth=13, max_features=0.563207966534582, min_samples_split=2, n_estimators=4168, subsample=0.890300529340937; total time= 1.1min
[CV] END learning_rate=0.13420186966472852, max_depth=13, max_features=0.563207966534582, min_samples_split=2, n_estimators=4168, subsample=0.890300529340937; total time= 1.1min
[CV] END learning_rate=0.13420186966472852, max_depth=13, max_features=0.563207966534582, min_samples_split=2, n_estimators=4168, subsample=0.890300529340937; total time= 1.1min
[CV] END learning_rate=0.13420186966472852, max_depth=13, max_features=0.563207966534582, min_samples_split=2, n_estimators=4168, subsample=0.890300529340937; total time= 1.1min
[CV] END learning_rate=0.13420186966472852, max_depth=13, max_features=0.563207966534582, min_samples_split=2, n_estimators=4168, subsample=0.890300529340937; total time= 1.1min
[CV] END learning_rate=0.13420186966472852, max_depth=13, max_features=0.563207966534582, min_samples_split=2, n_estimators=4168, subsample=0.890300529340937; total time= 1.1min
[CV] END learning_rate=0.13420186966472852, max_depth=13, max_features=0.563207966534582, min_samples_split=2, n_estimators=4168, subsample=0.890300529340937; total time= 1.1min
[CV] END learning_rate=0.13420186966472852, max_depth=13, max_features=0.563207966534582, min_samples_split=2, n_estimators=4168, subsample=0.890300529340937; total time= 1.1min
[CV] END learning_rate=0.13420186966472852, max_depth=13, max_features=0.563207966534582, min_samples_split=2, n_estimators=4168, subsample=0.890300529340937; total time= 1.0min
[CV] END learning_rate=0.13420186966472852, max_depth=13, max_features=0.563207966534582, min_samples_split=2, n_estimators=4168, subsample=0.890300529340937; total time= 1.0min
[CV] END learning_rate=0.13420186966472852, max_depth=13, max_features=0.563207966534582, min_samples_split=2, n_estimators=4168, subsample=0.890300529340937; total time= 1.0min
[CV] END learning_rate=0.13420186966472852, max_depth=13, max_features=0.563207966534582, min_samples_split=2, n_estimators=4168, subsample=0.890300529340937; total time= 1.0min
[CV] END learning_rate=0.13420186966472852, max_depth=13, max_features=0.563207966534582, min_samples_split=2, n_estimators=4168, subsample=0.890300529340937; total time= 1.0min
[CV] END learning_rate=0.13420186966472852, max_depth=13, max_features=0.563207966534582, min_samples_split=2, n_estimators=4168, subsample=0.890300529340937; total time= 1.0min
[CV] END learning_rate=0.13420186966472852, max_depth=13, max_features=0.563207966534582, min_samples_split=2, n_estimators=4168, subsample=0.890300529340937; total time=  59.8s
[CV] END learning_rate=0.13420186966472852, max_depth=13, max_features=0.563207966534582, min_samples_split=2, n_estimators=4168, subsample=0.890300529340937; total time=  58.9s
[CV] END learning_rate=0.13420186966472852, max_depth=13, max_features=0.563207966534582, min_samples_split=2, n_estimators=4168, subsample=0.890300529340937; total time=  59.3s
[CV] END learning_rate=0.13420186966472852, max_depth=13, max_features=0.563207966534582, min_samples_split=2, n_estimators=4168, subsample=0.890300529340937; total time=  59.4s
[CV] END learning_rate=0.13420186966472852, max_depth=13, max_features=0.563207966534582, min_samples_split=2, n_estimators=4168, subsample=0.890300529340937; total time=  59.6s
[CV] END learning_rate=0.13420186966472852, max_depth=13, max_features=0.563207966534582, min_samples_split=2, n_estimators=4168, subsample=0.890300529340937; total time=  59.7s
[CV] END learning_rate=0.13420186966472852, max_depth=13, max_features=0.563207966534582, min_samples_split=2, n_estimators=4168, subsample=0.890300529340937; total time=  59.4s
[CV] END learning_rate=0.13420186966472852, max_depth=13, max_features=0.563207966534582, min_samples_split=2, n_estimators=4168, subsample=0.890300529340937; total time=  59.0s
[CV] END learning_rate=0.13420186966472852, max_depth=13, max_features=0.563207966534582, min_samples_split=2, n_estimators=4168, subsample=0.890300529340937; total time=  59.4s
[CV] END learning_rate=0.13420186966472852, max_depth=13, max_features=0.563207966534582, min_samples_split=2, n_estimators=4168, subsample=0.890300529340937; total time=  60.0s
[CV] END learning_rate=0.13420186966472852, max_depth=13, max_features=0.563207966534582, min_samples_split=2, n_estimators=4168, subsample=0.890300529340937; total time=  59.8s
[CV] END learning_rate=0.13420186966472852, max_depth=13, max_features=0.563207966534582, min_samples_split=2, n_estimators=4168, subsample=0.890300529340937; total time=  59.8s
[CV] END learning_rate=0.13420186966472852, max_depth=13, max_features=0.563207966534582, min_samples_split=2, n_estimators=4168, subsample=0.890300529340937; total time= 1.0min
[CV] END learning_rate=0.13420186966472852, max_depth=13, max_features=0.563207966534582, min_samples_split=2, n_estimators=4168, subsample=0.890300529340937; total time= 1.0min
[CV] END learning_rate=0.13420186966472852, max_depth=13, max_features=0.563207966534582, min_samples_split=2, n_estimators=4168, subsample=0.890300529340937; total time= 1.2min
[CV] END learning_rate=0.13420186966472852, max_depth=13, max_features=0.563207966534582, min_samples_split=2, n_estimators=4168, subsample=0.890300529340937; total time= 1.2min
[CV] END learning_rate=0.13420186966472852, max_depth=13, max_features=0.563207966534582, min_samples_split=2, n_estimators=4168, subsample=0.890300529340937; total time= 1.2min
[CV] END learning_rate=0.13420186966472852, max_depth=13, max_features=0.563207966534582, min_samples_split=2, n_estimators=4168, subsample=0.890300529340937; total time= 1.2min
[CV] END learning_rate=0.13420186966472852, max_depth=13, max_features=0.563207966534582, min_samples_split=2, n_estimators=4168, subsample=0.890300529340937; total time= 1.2min
[CV] END learning_rate=0.13420186966472852, max_depth=13, max_features=0.563207966534582, min_samples_split=2, n_estimators=4168, subsample=0.890300529340937; total time= 1.2min
[CV] END learning_rate=0.13420186966472852, max_depth=13, max_features=0.563207966534582, min_samples_split=2, n_estimators=4168, subsample=0.890300529340937; total time= 1.2min
[CV] END learning_rate=0.13420186966472852, max_depth=13, max_features=0.563207966534582, min_samples_split=2, n_estimators=4168, subsample=0.890300529340937; total time= 1.1min
[CV] END learning_rate=0.13420186966472852, max_depth=13, max_features=0.563207966534582, min_samples_split=2, n_estimators=4168, subsample=0.890300529340937; total time= 1.1min
[CV] END learning_rate=0.13420186966472852, max_depth=13, max_features=0.563207966534582, min_samples_split=2, n_estimators=4168, subsample=0.890300529340937; total time= 1.1min
[CV] END learning_rate=0.13420186966472852, max_depth=13, max_features=0.563207966534582, min_samples_split=2, n_estimators=4168, subsample=0.890300529340937; total time= 1.1min
[CV] END learning_rate=0.13420186966472852, max_depth=13, max_features=0.563207966534582, min_samples_split=2, n_estimators=4168, subsample=0.890300529340937; total time= 1.1min
[CV] END learning_rate=0.13420186966472852, max_depth=13, max_features=0.563207966534582, min_samples_split=2, n_estimators=4168, subsample=0.890300529340937; total time= 1.1min
[CV] END learning_rate=0.13420186966472852, max_depth=13, max_features=0.563207966534582, min_samples_split=2, n_estimators=4168, subsample=0.890300529340937; total time= 1.1min
[CV] END learning_rate=0.13420186966472852, max_depth=13, max_features=0.563207966534582, min_samples_split=2, n_estimators=4168, subsample=0.890300529340937; total time= 1.1min
[CV] END learning_rate=0.13420186966472852, max_depth=13, max_features=0.563207966534582, min_samples_split=2, n_estimators=4168, subsample=0.890300529340937; total time= 1.1min
[CV] END learning_rate=0.13420186966472852, max_depth=13, max_features=0.563207966534582, min_samples_split=2, n_estimators=4168, subsample=0.890300529340937; total time= 1.1min
[CV] END learning_rate=0.13420186966472852, max_depth=13, max_features=0.563207966534582, min_samples_split=2, n_estimators=4168, subsample=0.890300529340937; total time= 1.1min
[CV] END learning_rate=0.13420186966472852, max_depth=13, max_features=0.563207966534582, min_samples_split=2, n_estimators=4168, subsample=0.890300529340937; total time= 1.1min
[CV] END learning_rate=0.13420186966472852, max_depth=13, max_features=0.563207966534582, min_samples_split=2, n_estimators=4168, subsample=0.890300529340937; total time= 1.1min
[CV] END learning_rate=0.13420186966472852, max_depth=13, max_features=0.563207966534582, min_samples_split=2, n_estimators=4168, subsample=0.890300529340937; total time= 1.1min
[CV] END learning_rate=0.13420186966472852, max_depth=13, max_features=0.563207966534582, min_samples_split=2, n_estimators=4168, subsample=0.890300529340937; total time= 1.1min
[CV] END learning_rate=0.13420186966472852, max_depth=13, max_features=0.563207966534582, min_samples_split=2, n_estimators=4168, subsample=0.890300529340937; total time= 1.0min
[CV] END learning_rate=0.13420186966472852, max_depth=13, max_features=0.563207966534582, min_samples_split=2, n_estimators=4168, subsample=0.890300529340937; total time= 1.1min
[CV] END learning_rate=0.13420186966472852, max_depth=13, max_features=0.563207966534582, min_samples_split=2, n_estimators=4168, subsample=0.890300529340937; total time= 1.1min
[CV] END learning_rate=0.13420186966472852, max_depth=13, max_features=0.563207966534582, min_samples_split=2, n_estimators=4168, subsample=0.890300529340937; total time= 1.1min
[CV] END learning_rate=0.13420186966472852, max_depth=13, max_features=0.563207966534582, min_samples_split=2, n_estimators=4168, subsample=0.890300529340937; total time= 1.1min
[CV] END learning_rate=0.13420186966472852, max_depth=13, max_features=0.563207966534582, min_samples_split=2, n_estimators=4168, subsample=0.890300529340937; total time= 1.1min
[CV] END learning_rate=0.13420186966472852, max_depth=13, max_features=0.563207966534582, min_samples_split=2, n_estimators=4168, subsample=0.890300529340937; total time= 1.0min
[CV] END learning_rate=0.13420186966472852, max_depth=13, max_features=0.563207966534582, min_samples_split=2, n_estimators=4168, subsample=0.890300529340937; total time= 1.0min
[CV] END learning_rate=0.13420186966472852, max_depth=13, max_features=0.563207966534582, min_samples_split=2, n_estimators=4168, subsample=0.890300529340937; total time= 1.0min
[CV] END learning_rate=0.13420186966472852, max_depth=13, max_features=0.563207966534582, min_samples_split=2, n_estimators=4168, subsample=0.890300529340937; total time=  59.7s
[CV] END learning_rate=0.13420186966472852, max_depth=13, max_features=0.563207966534582, min_samples_split=2, n_estimators=4168, subsample=0.890300529340937; total time=  59.4s
[CV] END learning_rate=0.13420186966472852, max_depth=13, max_features=0.563207966534582, min_samples_split=2, n_estimators=4168, subsample=0.890300529340937; total time=  58.6s
[CV] END learning_rate=0.13420186966472852, max_depth=13, max_features=0.563207966534582, min_samples_split=2, n_estimators=4168, subsample=0.890300529340937; total time=  59.2s
[CV] END learning_rate=0.13420186966472852, max_depth=13, max_features=0.563207966534582, min_samples_split=2, n_estimators=4168, subsample=0.890300529340937; total time=  59.1s
[CV] END learning_rate=0.13420186966472852, max_depth=13, max_features=0.563207966534582, min_samples_split=2, n_estimators=4168, subsample=0.890300529340937; total time=  58.7s
[CV] END learning_rate=0.13420186966472852, max_depth=13, max_features=0.563207966534582, min_samples_split=2, n_estimators=4168, subsample=0.890300529340937; total time=  58.8s
[CV] END learning_rate=0.13420186966472852, max_depth=13, max_features=0.563207966534582, min_samples_split=2, n_estimators=4168, subsample=0.890300529340937; total time=  59.2s
[CV] END learning_rate=0.13420186966472852, max_depth=13, max_features=0.563207966534582, min_samples_split=2, n_estimators=4168, subsample=0.890300529340937; total time=  59.6s
[CV] END learning_rate=0.13420186966472852, max_depth=13, max_features=0.563207966534582, min_samples_split=2, n_estimators=4168, subsample=0.890300529340937; total time=  59.4s
[CV] END learning_rate=0.13420186966472852, max_depth=13, max_features=0.563207966534582, min_samples_split=2, n_estimators=4168, subsample=0.890300529340937; total time=  59.7s
[CV] END learning_rate=0.13420186966472852, max_depth=13, max_features=0.563207966534582, min_samples_split=2, n_estimators=4168, subsample=0.890300529340937; total time= 1.0min
[CV] END learning_rate=0.13420186966472852, max_depth=13, max_features=0.563207966534582, min_samples_split=2, n_estimators=4168, subsample=0.890300529340937; total time=  59.7s
[CV] END learning_rate=0.13420186966472852, max_depth=13, max_features=0.563207966534582, min_samples_split=2, n_estimators=4168, subsample=0.890300529340937; total time=  59.9s
[CV] END learning_rate=0.13420186966472852, max_depth=13, max_features=0.563207966534582, min_samples_split=2, n_estimators=4168, subsample=0.890300529340937; total time=  59.1s
[CV] END learning_rate=0.13420186966472852, max_depth=13, max_features=0.563207966534582, min_samples_split=2, n_estimators=4168, subsample=0.890300529340937; total time=  59.8s
[CV] END learning_rate=0.13420186966472852, max_depth=13, max_features=0.563207966534582, min_samples_split=2, n_estimators=4168, subsample=0.890300529340937; total time=  59.3s
[CV] END learning_rate=0.13420186966472852, max_depth=13, max_features=0.563207966534582, min_samples_split=2, n_estimators=4168, subsample=0.890300529340937; total time=  59.3s
[CV] END learning_rate=0.13420186966472852, max_depth=13, max_features=0.563207966534582, min_samples_split=2, n_estimators=4168, subsample=0.890300529340937; total time= 1.0min
[CV] END learning_rate=0.13420186966472852, max_depth=13, max_features=0.563207966534582, min_samples_split=2, n_estimators=4168, subsample=0.890300529340937; total time=  60.0s
[CV] END learning_rate=0.13420186966472852, max_depth=13, max_features=0.563207966534582, min_samples_split=2, n_estimators=4168, subsample=0.890300529340937; total time=  59.7s
[CV] END learning_rate=0.13420186966472852, max_depth=13, max_features=0.563207966534582, min_samples_split=2, n_estimators=4168, subsample=0.890300529340937; total time= 1.0min
[CV] END learning_rate=0.13420186966472852, max_depth=13, max_features=0.563207966534582, min_samples_split=2, n_estimators=4168, subsample=0.890300529340937; total time=  59.9s
[CV] END learning_rate=0.13420186966472852, max_depth=13, max_features=0.563207966534582, min_samples_split=2, n_estimators=4168, subsample=0.890300529340937; total time= 1.0min
[CV] END learning_rate=0.13420186966472852, max_depth=13, max_features=0.563207966534582, min_samples_split=2, n_estimators=4168, subsample=0.890300529340937; total time= 1.0min
[CV] END learning_rate=0.13420186966472852, max_depth=13, max_features=0.563207966534582, min_samples_split=2, n_estimators=4168, subsample=0.890300529340937; total time= 1.0min
[CV] END learning_rate=0.13420186966472852, max_depth=13, max_features=0.563207966534582, min_samples_split=2, n_estimators=4168, subsample=0.890300529340937; total time= 1.0min
[CV] END learning_rate=0.13420186966472852, max_depth=13, max_features=0.563207966534582, min_samples_split=2, n_estimators=4168, subsample=0.890300529340937; total time= 1.0min
[CV] END learning_rate=0.13420186966472852, max_depth=13, max_features=0.563207966534582, min_samples_split=2, n_estimators=4168, subsample=0.890300529340937; total time= 1.0min
[CV] END learning_rate=0.13420186966472852, max_depth=13, max_features=0.563207966534582, min_samples_split=2, n_estimators=4168, subsample=0.890300529340937; total time= 1.0min
[CV] END learning_rate=0.13420186966472852, max_depth=13, max_features=0.563207966534582, min_samples_split=2, n_estimators=4168, subsample=0.890300529340937; total time= 1.0min
[CV] END learning_rate=0.13420186966472852, max_depth=13, max_features=0.563207966534582, min_samples_split=2, n_estimators=4168, subsample=0.890300529340937; total time= 1.1min
[CV] END learning_rate=0.13420186966472852, max_depth=13, max_features=0.563207966534582, min_samples_split=2, n_estimators=4168, subsample=0.890300529340937; total time= 1.1min
[CV] END learning_rate=0.13420186966472852, max_depth=13, max_features=0.563207966534582, min_samples_split=2, n_estimators=4168, subsample=0.890300529340937; total time= 1.1min
[CV] END learning_rate=0.13420186966472852, max_depth=13, max_features=0.563207966534582, min_samples_split=2, n_estimators=4168, subsample=0.890300529340937; total time= 1.1min
[CV] END learning_rate=0.13420186966472852, max_depth=13, max_features=0.563207966534582, min_samples_split=2, n_estimators=4168, subsample=0.890300529340937; total time= 1.0min
[CV] END learning_rate=0.13420186966472852, max_depth=13, max_features=0.563207966534582, min_samples_split=2, n_estimators=4168, subsample=0.890300529340937; total time= 1.0min
[CV] END learning_rate=0.13420186966472852, max_depth=13, max_features=0.563207966534582, min_samples_split=2, n_estimators=4168, subsample=0.890300529340937; total time= 1.0min
[CV] END learning_rate=0.13420186966472852, max_depth=13, max_features=0.563207966534582, min_samples_split=2, n_estimators=4168, subsample=0.890300529340937; total time= 1.1min
[CV] END learning_rate=0.13420186966472852, max_depth=13, max_features=0.563207966534582, min_samples_split=2, n_estimators=4168, subsample=0.890300529340937; total time= 1.0min
[CV] END learning_rate=0.13420186966472852, max_depth=13, max_features=0.563207966534582, min_samples_split=2, n_estimators=4168, subsample=0.890300529340937; total time= 1.1min
[CV] END learning_rate=0.13420186966472852, max_depth=13, max_features=0.563207966534582, min_samples_split=2, n_estimators=4168, subsample=0.890300529340937; total time= 1.0min
[CV] END learning_rate=0.13420186966472852, max_depth=13, max_features=0.563207966534582, min_samples_split=2, n_estimators=4168, subsample=0.890300529340937; total time= 1.0min
[CV] END learning_rate=0.13420186966472852, max_depth=13, max_features=0.563207966534582, min_samples_split=2, n_estimators=4168, subsample=0.890300529340937; total time= 1.0min
[CV] END learning_rate=0.13420186966472852, max_depth=13, max_features=0.563207966534582, min_samples_split=2, n_estimators=4168, subsample=0.890300529340937; total time= 1.0min
[CV] END learning_rate=0.13420186966472852, max_depth=13, max_features=0.563207966534582, min_samples_split=2, n_estimators=4168, subsample=0.890300529340937; total time= 1.0min
[CV] END learning_rate=0.13420186966472852, max_depth=13, max_features=0.563207966534582, min_samples_split=2, n_estimators=4168, subsample=0.890300529340937; total time= 1.0min
[CV] END learning_rate=0.13420186966472852, max_depth=13, max_features=0.563207966534582, min_samples_split=2, n_estimators=4168, subsample=0.890300529340937; total time=  59.9s
[CV] END learning_rate=0.011478916201752568, max_depth=9, max_features=0.3467468889128293, min_samples_split=2, n_estimators=4168, subsample=0.8888719962112984; total time= 1.3min
[CV] END learning_rate=0.011478916201752568, max_depth=9, max_features=0.3467468889128293, min_samples_split=2, n_estimators=4168, subsample=0.8888719962112984; total time= 1.3min
[CV] END learning_rate=0.011478916201752568, max_depth=9, max_features=0.3467468889128293, min_samples_split=2, n_estimators=4168, subsample=0.8888719962112984; total time= 1.3min
[CV] END learning_rate=0.011478916201752568, max_depth=9, max_features=0.3467468889128293, min_samples_split=2, n_estimators=4168, subsample=0.8888719962112984; total time= 1.4min
[CV] END learning_rate=0.011478916201752568, max_depth=9, max_features=0.3467468889128293, min_samples_split=2, n_estimators=4168, subsample=0.8888719962112984; total time= 1.6min
[CV] END learning_rate=0.011478916201752568, max_depth=9, max_features=0.3467468889128293, min_samples_split=2, n_estimators=4168, subsample=0.8888719962112984; total time= 1.7min
[CV] END learning_rate=0.011478916201752568, max_depth=9, max_features=0.3467468889128293, min_samples_split=2, n_estimators=4168, subsample=0.8888719962112984; total time= 1.5min
[CV] END learning_rate=0.011478916201752568, max_depth=9, max_features=0.3467468889128293, min_samples_split=2, n_estimators=4168, subsample=0.8888719962112984; total time= 1.8min
[CV] END learning_rate=0.011478916201752568, max_depth=9, max_features=0.3467468889128293, min_samples_split=2, n_estimators=4168, subsample=0.8888719962112984; total time= 1.9min
[CV] END learning_rate=0.011478916201752568, max_depth=9, max_features=0.3467468889128293, min_samples_split=2, n_estimators=4168, subsample=0.8888719962112984; total time= 1.7min
[CV] END learning_rate=0.011478916201752568, max_depth=9, max_features=0.3467468889128293, min_samples_split=2, n_estimators=4168, subsample=0.8888719962112984; total time= 1.8min
[CV] END learning_rate=0.011478916201752568, max_depth=9, max_features=0.3467468889128293, min_samples_split=2, n_estimators=4168, subsample=0.8888719962112984; total time= 1.9min
[CV] END learning_rate=0.011478916201752568, max_depth=9, max_features=0.3467468889128293, min_samples_split=2, n_estimators=4168, subsample=0.8888719962112984; total time= 1.9min
[CV] END learning_rate=0.13420186966472852, max_depth=13, max_features=0.563207966534582, min_samples_split=2, n_estimators=4168, subsample=0.890300529340937; total time= 1.0min
[CV] END learning_rate=0.13420186966472852, max_depth=13, max_features=0.563207966534582, min_samples_split=2, n_estimators=4168, subsample=0.890300529340937; total time= 1.0min
[CV] END learning_rate=0.13420186966472852, max_depth=13, max_features=0.563207966534582, min_samples_split=2, n_estimators=4168, subsample=0.890300529340937; total time= 1.0min
[CV] END learning_rate=0.13420186966472852, max_depth=13, max_features=0.563207966534582, min_samples_split=2, n_estimators=4168, subsample=0.890300529340937; total time=  60.0s
[CV] END learning_rate=0.13420186966472852, max_depth=13, max_features=0.563207966534582, min_samples_split=2, n_estimators=4168, subsample=0.890300529340937; total time=  58.9s
[CV] END learning_rate=0.13420186966472852, max_depth=13, max_features=0.563207966534582, min_samples_split=2, n_estimators=4168, subsample=0.890300529340937; total time=  59.5s
[CV] END learning_rate=0.13420186966472852, max_depth=13, max_features=0.563207966534582, min_samples_split=2, n_estimators=4168, subsample=0.890300529340937; total time= 1.0min
[CV] END learning_rate=0.13420186966472852, max_depth=13, max_features=0.563207966534582, min_samples_split=2, n_estimators=4168, subsample=0.890300529340937; total time= 1.0min
[CV] END learning_rate=0.13420186966472852, max_depth=13, max_features=0.563207966534582, min_samples_split=2, n_estimators=4168, subsample=0.890300529340937; total time=  59.7s
[CV] END learning_rate=0.13420186966472852, max_depth=13, max_features=0.563207966534582, min_samples_split=2, n_estimators=4168, subsample=0.890300529340937; total time= 1.0min
[CV] END learning_rate=0.13420186966472852, max_depth=13, max_features=0.563207966534582, min_samples_split=2, n_estimators=4168, subsample=0.890300529340937; total time= 1.0min
[CV] END learning_rate=0.13420186966472852, max_depth=13, max_features=0.563207966534582, min_samples_split=2, n_estimators=4168, subsample=0.890300529340937; total time= 1.0min
[CV] END learning_rate=0.13420186966472852, max_depth=13, max_features=0.563207966534582, min_samples_split=2, n_estimators=4168, subsample=0.890300529340937; total time= 1.0min
[CV] END learning_rate=0.13420186966472852, max_depth=13, max_features=0.563207966534582, min_samples_split=2, n_estimators=4168, subsample=0.890300529340937; total time= 1.0min
[CV] END learning_rate=0.13420186966472852, max_depth=13, max_features=0.563207966534582, min_samples_split=2, n_estimators=4168, subsample=0.890300529340937; total time= 1.0min
[CV] END learning_rate=0.13420186966472852, max_depth=13, max_features=0.563207966534582, min_samples_split=2, n_estimators=4168, subsample=0.890300529340937; total time= 1.0min
[CV] END learning_rate=0.13420186966472852, max_depth=13, max_features=0.563207966534582, min_samples_split=2, n_estimators=4168, subsample=0.890300529340937; total time= 1.0min
[CV] END learning_rate=0.13420186966472852, max_depth=13, max_features=0.563207966534582, min_samples_split=2, n_estimators=4168, subsample=0.890300529340937; total time= 1.1min
[CV] END learning_rate=0.13420186966472852, max_depth=13, max_features=0.563207966534582, min_samples_split=2, n_estimators=4168, subsample=0.890300529340937; total time= 1.0min
[CV] END learning_rate=0.13420186966472852, max_depth=13, max_features=0.563207966534582, min_samples_split=2, n_estimators=4168, subsample=0.890300529340937; total time= 1.1min
[CV] END learning_rate=0.13420186966472852, max_depth=13, max_features=0.563207966534582, min_samples_split=2, n_estimators=4168, subsample=0.890300529340937; total time= 1.1min
[CV] END learning_rate=0.13420186966472852, max_depth=13, max_features=0.563207966534582, min_samples_split=2, n_estimators=4168, subsample=0.890300529340937; total time= 1.1min
[CV] END learning_rate=0.13420186966472852, max_depth=13, max_features=0.563207966534582, min_samples_split=2, n_estimators=4168, subsample=0.890300529340937; total time= 1.1min
[CV] END learning_rate=0.13420186966472852, max_depth=13, max_features=0.563207966534582, min_samples_split=2, n_estimators=4168, subsample=0.890300529340937; total time= 1.1min
[CV] END learning_rate=0.13420186966472852, max_depth=13, max_features=0.563207966534582, min_samples_split=2, n_estimators=4168, subsample=0.890300529340937; total time= 1.0min
[CV] END learning_rate=0.13420186966472852, max_depth=13, max_features=0.563207966534582, min_samples_split=2, n_estimators=4168, subsample=0.890300529340937; total time= 1.1min
[CV] END learning_rate=0.13420186966472852, max_depth=13, max_features=0.563207966534582, min_samples_split=2, n_estimators=4168, subsample=0.890300529340937; total time= 1.0min
[CV] END learning_rate=0.13420186966472852, max_depth=13, max_features=0.563207966534582, min_samples_split=2, n_estimators=4168, subsample=0.890300529340937; total time= 1.0min
[CV] END learning_rate=0.13420186966472852, max_depth=13, max_features=0.563207966534582, min_samples_split=2, n_estimators=4168, subsample=0.890300529340937; total time= 1.0min
[CV] END learning_rate=0.13420186966472852, max_depth=13, max_features=0.563207966534582, min_samples_split=2, n_estimators=4168, subsample=0.890300529340937; total time=  59.9s
[CV] END learning_rate=0.13420186966472852, max_depth=13, max_features=0.563207966534582, min_samples_split=2, n_estimators=4168, subsample=0.890300529340937; total time=  59.7s
[CV] END learning_rate=0.13420186966472852, max_depth=13, max_features=0.563207966534582, min_samples_split=2, n_estimators=4168, subsample=0.890300529340937; total time=  59.7s
[CV] END learning_rate=0.13420186966472852, max_depth=13, max_features=0.563207966534582, min_samples_split=2, n_estimators=4168, subsample=0.890300529340937; total time=  58.7s
[CV] END learning_rate=0.011478916201752568, max_depth=9, max_features=0.3467468889128293, min_samples_split=2, n_estimators=4168, subsample=0.8888719962112984; total time= 1.3min
[CV] END learning_rate=0.011478916201752568, max_depth=9, max_features=0.3467468889128293, min_samples_split=2, n_estimators=4168, subsample=0.8888719962112984; total time= 1.3min
[CV] END learning_rate=0.011478916201752568, max_depth=9, max_features=0.3467468889128293, min_samples_split=2, n_estimators=4168, subsample=0.8888719962112984; total time= 1.3min
[CV] END learning_rate=0.011478916201752568, max_depth=9, max_features=0.3467468889128293, min_samples_split=2, n_estimators=4168, subsample=0.8888719962112984; total time= 1.4min
[CV] END learning_rate=0.011478916201752568, max_depth=9, max_features=0.3467468889128293, min_samples_split=2, n_estimators=4168, subsample=0.8888719962112984; total time= 1.4min
[CV] END learning_rate=0.011478916201752568, max_depth=9, max_features=0.3467468889128293, min_samples_split=2, n_estimators=4168, subsample=0.8888719962112984; total time= 1.5min
[CV] END learning_rate=0.011478916201752568, max_depth=9, max_features=0.3467468889128293, min_samples_split=2, n_estimators=4168, subsample=0.8888719962112984; total time= 1.8min
[CV] END learning_rate=0.011478916201752568, max_depth=9, max_features=0.3467468889128293, min_samples_split=2, n_estimators=4168, subsample=0.8888719962112984; total time= 1.8min
[CV] END learning_rate=0.011478916201752568, max_depth=9, max_features=0.3467468889128293, min_samples_split=2, n_estimators=4168, subsample=0.8888719962112984; total time= 1.9min
[CV] END learning_rate=0.011478916201752568, max_depth=9, max_features=0.3467468889128293, min_samples_split=2, n_estimators=4168, subsample=0.8888719962112984; total time= 2.0min
[CV] END learning_rate=0.011478916201752568, max_depth=9, max_features=0.3467468889128293, min_samples_split=2, n_estimators=4168, subsample=0.8888719962112984; total time= 1.9min
[CV] END learning_rate=0.011478916201752568, max_depth=9, max_features=0.3467468889128293, min_samples_split=2, n_estimators=4168, subsample=0.8888719962112984; total time= 2.0min
[CV] END learning_rate=0.011478916201752568, max_depth=9, max_features=0.3467468889128293, min_samples_split=2, n_estimators=4168, subsample=0.8888719962112984; total time= 2.1min
[CV] END learning_rate=0.011478916201752568, max_depth=9, max_features=0.3467468889128293, min_samples_split=2, n_estimators=4168, subsample=0.8888719962112984; total time= 2.0min
[CV] END learning_rate=0.011478916201752568, max_depth=9, max_features=0.3467468889128293, min_samples_split=2, n_estimators=4168, subsample=0.8888719962112984; total time= 2.2min
[CV] END learning_rate=0.011478916201752568, max_depth=9, max_features=0.3467468889128293, min_samples_split=2, n_estimators=4168, subsample=0.8888719962112984; total time= 2.3min
[CV] END learning_rate=0.011478916201752568, max_depth=9, max_features=0.3467468889128293, min_samples_split=2, n_estimators=4168, subsample=0.8888719962112984; total time= 2.3min
[CV] END learning_rate=0.011478916201752568, max_depth=9, max_features=0.3467468889128293, min_samples_split=2, n_estimators=4168, subsample=0.8888719962112984; total time= 2.4min
[CV] END learning_rate=0.011478916201752568, max_depth=9, max_features=0.3467468889128293, min_samples_split=2, n_estimators=4168, subsample=0.8888719962112984; total time= 2.5min
[CV] END learning_rate=0.011478916201752568, max_depth=9, max_features=0.3467468889128293, min_samples_split=2, n_estimators=4168, subsample=0.8888719962112984; total time= 2.5min
[CV] END learning_rate=0.011478916201752568, max_depth=9, max_features=0.3467468889128293, min_samples_split=2, n_estimators=4168, subsample=0.8888719962112984; total time= 2.7min
[CV] END learning_rate=0.011478916201752568, max_depth=9, max_features=0.3467468889128293, min_samples_split=2, n_estimators=4168, subsample=0.8888719962112984; total time= 2.7min
[CV] END learning_rate=0.011478916201752568, max_depth=9, max_features=0.3467468889128293, min_samples_split=2, n_estimators=4168, subsample=0.8888719962112984; total time= 2.7min
[CV] END learning_rate=0.011478916201752568, max_depth=9, max_features=0.3467468889128293, min_samples_split=2, n_estimators=4168, subsample=0.8888719962112984; total time= 2.7min
[CV] END learning_rate=0.011478916201752568, max_depth=9, max_features=0.3467468889128293, min_samples_split=2, n_estimators=4168, subsample=0.8888719962112984; total time= 2.7min
[CV] END learning_rate=0.011478916201752568, max_depth=9, max_features=0.3467468889128293, min_samples_split=2, n_estimators=4168, subsample=0.8888719962112984; total time= 2.5min
[CV] END learning_rate=0.011478916201752568, max_depth=9, max_features=0.3467468889128293, min_samples_split=2, n_estimators=4168, subsample=0.8888719962112984; total time= 2.4min
[CV] END learning_rate=0.011478916201752568, max_depth=9, max_features=0.3467468889128293, min_samples_split=2, n_estimators=4168, subsample=0.8888719962112984; total time= 3.1min
[CV] END learning_rate=0.011478916201752568, max_depth=9, max_features=0.3467468889128293, min_samples_split=2, n_estimators=4168, subsample=0.8888719962112984; total time= 2.5min
[CV] END learning_rate=0.011478916201752568, max_depth=9, max_features=0.3467468889128293, min_samples_split=2, n_estimators=4168, subsample=0.8888719962112984; total time= 2.4min
[CV] END learning_rate=0.011478916201752568, max_depth=9, max_features=0.3467468889128293, min_samples_split=2, n_estimators=4168, subsample=0.8888719962112984; total time= 3.2min
[CV] END learning_rate=0.011478916201752568, max_depth=9, max_features=0.3467468889128293, min_samples_split=2, n_estimators=4168, subsample=0.8888719962112984; total time= 3.1min
[CV] END learning_rate=0.011478916201752568, max_depth=9, max_features=0.3467468889128293, min_samples_split=2, n_estimators=4168, subsample=0.8888719962112984; total time= 3.0min
[CV] END learning_rate=0.011478916201752568, max_depth=9, max_features=0.3467468889128293, min_samples_split=2, n_estimators=4168, subsample=0.8888719962112984; total time= 2.5min
[CV] END learning_rate=0.011478916201752568, max_depth=9, max_features=0.3467468889128293, min_samples_split=2, n_estimators=4168, subsample=0.8888719962112984; total time= 2.4min
[CV] END learning_rate=0.011478916201752568, max_depth=9, max_features=0.3467468889128293, min_samples_split=2, n_estimators=4168, subsample=0.8888719962112984; total time= 2.4min
[CV] END learning_rate=0.011478916201752568, max_depth=9, max_features=0.3467468889128293, min_samples_split=2, n_estimators=4168, subsample=0.8888719962112984; total time= 2.3min
[CV] END learning_rate=0.011478916201752568, max_depth=9, max_features=0.3467468889128293, min_samples_split=2, n_estimators=4168, subsample=0.8888719962112984; total time= 2.4min
[CV] END learning_rate=0.011478916201752568, max_depth=9, max_features=0.3467468889128293, min_samples_split=2, n_estimators=4168, subsample=0.8888719962112984; total time= 2.3min
[CV] END learning_rate=0.011478916201752568, max_depth=9, max_features=0.3467468889128293, min_samples_split=2, n_estimators=4168, subsample=0.8888719962112984; total time= 2.3min
[CV] END learning_rate=0.011478916201752568, max_depth=9, max_features=0.3467468889128293, min_samples_split=2, n_estimators=4168, subsample=0.8888719962112984; total time= 2.3min
[CV] END learning_rate=0.011478916201752568, max_depth=9, max_features=0.3467468889128293, min_samples_split=2, n_estimators=4168, subsample=0.8888719962112984; total time= 2.1min
[CV] END learning_rate=0.011478916201752568, max_depth=9, max_features=0.3467468889128293, min_samples_split=2, n_estimators=4168, subsample=0.8888719962112984; total time= 2.3min
[CV] END learning_rate=0.011478916201752568, max_depth=9, max_features=0.3467468889128293, min_samples_split=2, n_estimators=4168, subsample=0.8888719962112984; total time= 2.3min
[CV] END learning_rate=0.011478916201752568, max_depth=9, max_features=0.3467468889128293, min_samples_split=2, n_estimators=4168, subsample=0.8888719962112984; total time= 2.3min
[CV] END learning_rate=0.011478916201752568, max_depth=9, max_features=0.3467468889128293, min_samples_split=2, n_estimators=4168, subsample=0.8888719962112984; total time= 2.3min
[CV] END learning_rate=0.011478916201752568, max_depth=9, max_features=0.3467468889128293, min_samples_split=2, n_estimators=4168, subsample=0.8888719962112984; total time= 2.2min
[CV] END learning_rate=0.011478916201752568, max_depth=9, max_features=0.3467468889128293, min_samples_split=2, n_estimators=4168, subsample=0.8888719962112984; total time= 2.1min
[CV] END learning_rate=0.011478916201752568, max_depth=9, max_features=0.3467468889128293, min_samples_split=2, n_estimators=4168, subsample=0.8888719962112984; total time= 2.2min
[CV] END learning_rate=0.011478916201752568, max_depth=9, max_features=0.3467468889128293, min_samples_split=2, n_estimators=4168, subsample=0.8888719962112984; total time= 2.1min
[CV] END learning_rate=0.011478916201752568, max_depth=9, max_features=0.3467468889128293, min_samples_split=2, n_estimators=4168, subsample=0.8888719962112984; total time= 2.5min
[CV] END learning_rate=0.011478916201752568, max_depth=9, max_features=0.3467468889128293, min_samples_split=2, n_estimators=4168, subsample=0.8888719962112984; total time= 2.4min
[CV] END learning_rate=0.011478916201752568, max_depth=9, max_features=0.3467468889128293, min_samples_split=2, n_estimators=4168, subsample=0.8888719962112984; total time= 2.5min
[CV] END learning_rate=0.011478916201752568, max_depth=9, max_features=0.3467468889128293, min_samples_split=2, n_estimators=4168, subsample=0.8888719962112984; total time= 2.5min
[CV] END learning_rate=0.011478916201752568, max_depth=9, max_features=0.3467468889128293, min_samples_split=2, n_estimators=4168, subsample=0.8888719962112984; total time= 2.3min
[CV] END learning_rate=0.011478916201752568, max_depth=9, max_features=0.3467468889128293, min_samples_split=2, n_estimators=4168, subsample=0.8888719962112984; total time= 2.3min
[CV] END learning_rate=0.011478916201752568, max_depth=9, max_features=0.3467468889128293, min_samples_split=2, n_estimators=4168, subsample=0.8888719962112984; total time= 2.2min
[CV] END learning_rate=0.011478916201752568, max_depth=9, max_features=0.3467468889128293, min_samples_split=2, n_estimators=4168, subsample=0.8888719962112984; total time= 2.3min
[CV] END learning_rate=0.011478916201752568, max_depth=9, max_features=0.3467468889128293, min_samples_split=2, n_estimators=4168, subsample=0.8888719962112984; total time= 2.2min
[CV] END learning_rate=0.011478916201752568, max_depth=9, max_features=0.3467468889128293, min_samples_split=2, n_estimators=4168, subsample=0.8888719962112984; total time= 2.2min
[CV] END learning_rate=0.011478916201752568, max_depth=9, max_features=0.3467468889128293, min_samples_split=2, n_estimators=4168, subsample=0.8888719962112984; total time= 2.3min
[CV] END learning_rate=0.011478916201752568, max_depth=9, max_features=0.3467468889128293, min_samples_split=2, n_estimators=4168, subsample=0.8888719962112984; total time= 2.4min
[CV] END learning_rate=0.011478916201752568, max_depth=9, max_features=0.3467468889128293, min_samples_split=2, n_estimators=4168, subsample=0.8888719962112984; total time= 2.4min
[CV] END learning_rate=0.011478916201752568, max_depth=9, max_features=0.3467468889128293, min_samples_split=2, n_estimators=4168, subsample=0.8888719962112984; total time= 2.6min
[CV] END learning_rate=0.011478916201752568, max_depth=9, max_features=0.3467468889128293, min_samples_split=2, n_estimators=4168, subsample=0.8888719962112984; total time= 2.7min
[CV] END learning_rate=0.011478916201752568, max_depth=9, max_features=0.3467468889128293, min_samples_split=2, n_estimators=4168, subsample=0.8888719962112984; total time= 2.9min
[CV] END learning_rate=0.011478916201752568, max_depth=9, max_features=0.3467468889128293, min_samples_split=2, n_estimators=4168, subsample=0.8888719962112984; total time= 3.0min
[CV] END learning_rate=0.011478916201752568, max_depth=9, max_features=0.3467468889128293, min_samples_split=2, n_estimators=4168, subsample=0.8888719962112984; total time= 3.0min
[CV] END learning_rate=0.011478916201752568, max_depth=9, max_features=0.3467468889128293, min_samples_split=2, n_estimators=4168, subsample=0.8888719962112984; total time= 3.0min
[CV] END learning_rate=0.011478916201752568, max_depth=9, max_features=0.3467468889128293, min_samples_split=2, n_estimators=4168, subsample=0.8888719962112984; total time= 3.0min
[CV] END learning_rate=0.011478916201752568, max_depth=9, max_features=0.3467468889128293, min_samples_split=2, n_estimators=4168, subsample=0.8888719962112984; total time= 3.0min
[CV] END learning_rate=0.011478916201752568, max_depth=9, max_features=0.3467468889128293, min_samples_split=2, n_estimators=4168, subsample=0.8888719962112984; total time= 3.0min
[CV] END learning_rate=0.011478916201752568, max_depth=9, max_features=0.3467468889128293, min_samples_split=2, n_estimators=4168, subsample=0.8888719962112984; total time= 2.5min
[CV] END learning_rate=0.011478916201752568, max_depth=9, max_features=0.3467468889128293, min_samples_split=2, n_estimators=4168, subsample=0.8888719962112984; total time= 2.5min
[CV] END learning_rate=0.011478916201752568, max_depth=9, max_features=0.3467468889128293, min_samples_split=2, n_estimators=4168, subsample=0.8888719962112984; total time= 2.5min
[CV] END learning_rate=0.011478916201752568, max_depth=9, max_features=0.3467468889128293, min_samples_split=2, n_estimators=4168, subsample=0.8888719962112984; total time= 3.2min
[CV] END learning_rate=0.011478916201752568, max_depth=9, max_features=0.3467468889128293, min_samples_split=2, n_estimators=4168, subsample=0.8888719962112984; total time= 3.1min
[CV] END learning_rate=0.011478916201752568, max_depth=9, max_features=0.3467468889128293, min_samples_split=2, n_estimators=4168, subsample=0.8888719962112984; total time= 3.0min
[CV] END learning_rate=0.011478916201752568, max_depth=9, max_features=0.3467468889128293, min_samples_split=2, n_estimators=4168, subsample=0.8888719962112984; total time= 3.0min
[CV] END learning_rate=0.011478916201752568, max_depth=9, max_features=0.3467468889128293, min_samples_split=2, n_estimators=4168, subsample=0.8888719962112984; total time= 2.6min
[CV] END learning_rate=0.011478916201752568, max_depth=9, max_features=0.3467468889128293, min_samples_split=2, n_estimators=4168, subsample=0.8888719962112984; total time= 2.5min
[CV] END learning_rate=0.011478916201752568, max_depth=9, max_features=0.3467468889128293, min_samples_split=2, n_estimators=4168, subsample=0.8888719962112984; total time= 2.5min
[CV] END learning_rate=0.011478916201752568, max_depth=9, max_features=0.3467468889128293, min_samples_split=2, n_estimators=4168, subsample=0.8888719962112984; total time= 2.3min
[CV] END learning_rate=0.011478916201752568, max_depth=9, max_features=0.3467468889128293, min_samples_split=2, n_estimators=4168, subsample=0.8888719962112984; total time= 2.6min
[CV] END learning_rate=0.011478916201752568, max_depth=9, max_features=0.3467468889128293, min_samples_split=2, n_estimators=4168, subsample=0.8888719962112984; total time= 2.4min
[CV] END learning_rate=0.011478916201752568, max_depth=9, max_features=0.3467468889128293, min_samples_split=2, n_estimators=4168, subsample=0.8888719962112984; total time= 2.4min
[CV] END learning_rate=0.011478916201752568, max_depth=9, max_features=0.3467468889128293, min_samples_split=2, n_estimators=4168, subsample=0.8888719962112984; total time= 2.3min
[CV] END learning_rate=0.011478916201752568, max_depth=9, max_features=0.3467468889128293, min_samples_split=2, n_estimators=4168, subsample=0.8888719962112984; total time= 2.3min
[CV] END learning_rate=0.011478916201752568, max_depth=9, max_features=0.3467468889128293, min_samples_split=2, n_estimators=4168, subsample=0.8888719962112984; total time= 2.3min
[CV] END learning_rate=0.011478916201752568, max_depth=9, max_features=0.3467468889128293, min_samples_split=2, n_estimators=4168, subsample=0.8888719962112984; total time= 2.3min
[CV] END learning_rate=0.011478916201752568, max_depth=9, max_features=0.3467468889128293, min_samples_split=2, n_estimators=4168, subsample=0.8888719962112984; total time= 2.4min
[CV] END learning_rate=0.011478916201752568, max_depth=9, max_features=0.3467468889128293, min_samples_split=2, n_estimators=4168, subsample=0.8888719962112984; total time= 2.3min
[CV] END learning_rate=0.011478916201752568, max_depth=9, max_features=0.3467468889128293, min_samples_split=2, n_estimators=4168, subsample=0.8888719962112984; total time= 2.3min
[CV] END learning_rate=0.011478916201752568, max_depth=9, max_features=0.3467468889128293, min_samples_split=2, n_estimators=4168, subsample=0.8888719962112984; total time= 2.4min
[CV] END learning_rate=0.011478916201752568, max_depth=9, max_features=0.3467468889128293, min_samples_split=2, n_estimators=4168, subsample=0.8888719962112984; total time= 2.4min
[CV] END learning_rate=0.011478916201752568, max_depth=9, max_features=0.3467468889128293, min_samples_split=2, n_estimators=4168, subsample=0.8888719962112984; total time= 2.5min
[CV] END learning_rate=0.011478916201752568, max_depth=9, max_features=0.3467468889128293, min_samples_split=2, n_estimators=4168, subsample=0.8888719962112984; total time= 2.5min
[CV] END learning_rate=0.011478916201752568, max_depth=9, max_features=0.3467468889128293, min_samples_split=2, n_estimators=4168, subsample=0.8888719962112984; total time= 2.5min
[CV] END learning_rate=0.011478916201752568, max_depth=9, max_features=0.3467468889128293, min_samples_split=2, n_estimators=4168, subsample=0.8888719962112984; total time= 2.4min
[CV] END learning_rate=0.011478916201752568, max_depth=9, max_features=0.3467468889128293, min_samples_split=2, n_estimators=4168, subsample=0.8888719962112984; total time= 2.3min
[CV] END learning_rate=0.011478916201752568, max_depth=9, max_features=0.3467468889128293, min_samples_split=2, n_estimators=4168, subsample=0.8888719962112984; total time= 2.3min
[CV] END learning_rate=0.011478916201752568, max_depth=9, max_features=0.3467468889128293, min_samples_split=2, n_estimators=4168, subsample=0.8888719962112984; total time= 2.2min
[CV] END learning_rate=0.011478916201752568, max_depth=9, max_features=0.3467468889128293, min_samples_split=2, n_estimators=4168, subsample=0.8888719962112984; total time= 2.1min
[CV] END learning_rate=0.011478916201752568, max_depth=9, max_features=0.3467468889128293, min_samples_split=2, n_estimators=4168, subsample=0.8888719962112984; total time= 2.3min
[CV] END learning_rate=0.011478916201752568, max_depth=9, max_features=0.3467468889128293, min_samples_split=2, n_estimators=4168, subsample=0.8888719962112984; total time= 2.1min
[CV] END learning_rate=0.011478916201752568, max_depth=9, max_features=0.3467468889128293, min_samples_split=2, n_estimators=4168, subsample=0.8888719962112984; total time= 2.2min
[CV] END learning_rate=0.011478916201752568, max_depth=9, max_features=0.3467468889128293, min_samples_split=2, n_estimators=4168, subsample=0.8888719962112984; total time= 2.1min
[CV] END learning_rate=0.011478916201752568, max_depth=9, max_features=0.3467468889128293, min_samples_split=2, n_estimators=4168, subsample=0.8888719962112984; total time= 2.2min
[CV] END learning_rate=0.011478916201752568, max_depth=9, max_features=0.3467468889128293, min_samples_split=2, n_estimators=4168, subsample=0.8888719962112984; total time= 2.1min
[CV] END learning_rate=0.011478916201752568, max_depth=9, max_features=0.3467468889128293, min_samples_split=2, n_estimators=4168, subsample=0.8888719962112984; total time= 2.0min
[CV] END learning_rate=0.011478916201752568, max_depth=9, max_features=0.3467468889128293, min_samples_split=2, n_estimators=4168, subsample=0.8888719962112984; total time= 1.9min
[CV] END learning_rate=0.011478916201752568, max_depth=9, max_features=0.3467468889128293, min_samples_split=2, n_estimators=4168, subsample=0.8888719962112984; total time= 2.0min
[CV] END learning_rate=0.011478916201752568, max_depth=9, max_features=0.3467468889128293, min_samples_split=2, n_estimators=4168, subsample=0.8888719962112984; total time= 1.9min
[CV] END learning_rate=0.011478916201752568, max_depth=9, max_features=0.3467468889128293, min_samples_split=2, n_estimators=4168, subsample=0.8888719962112984; total time= 2.0min
[CV] END learning_rate=0.011478916201752568, max_depth=9, max_features=0.3467468889128293, min_samples_split=2, n_estimators=4168, subsample=0.8888719962112984; total time= 1.9min
[CV] END learning_rate=0.011478916201752568, max_depth=9, max_features=0.3467468889128293, min_samples_split=2, n_estimators=4168, subsample=0.8888719962112984; total time= 1.8min
[CV] END learning_rate=0.011478916201752568, max_depth=9, max_features=0.3467468889128293, min_samples_split=2, n_estimators=4168, subsample=0.8888719962112984; total time= 1.8min
[CV] END learning_rate=0.011478916201752568, max_depth=9, max_features=0.3467468889128293, min_samples_split=2, n_estimators=4168, subsample=0.8888719962112984; total time= 1.8min
[CV] END learning_rate=0.011478916201752568, max_depth=9, max_features=0.3467468889128293, min_samples_split=2, n_estimators=4168, subsample=0.8888719962112984; total time= 1.7min
[CV] END learning_rate=0.011478916201752568, max_depth=9, max_features=0.3467468889128293, min_samples_split=2, n_estimators=4168, subsample=0.8888719962112984; total time= 1.7min
[CV] END learning_rate=0.011478916201752568, max_depth=9, max_features=0.3467468889128293, min_samples_split=2, n_estimators=4168, subsample=0.8888719962112984; total time= 1.6min
[CV] END learning_rate=0.011478916201752568, max_depth=9, max_features=0.3467468889128293, min_samples_split=2, n_estimators=4168, subsample=0.8888719962112984; total time= 1.7min
[CV] END learning_rate=0.011478916201752568, max_depth=9, max_features=0.3467468889128293, min_samples_split=2, n_estimators=4168, subsample=0.8888719962112984; total time= 1.6min
[CV] END learning_rate=0.011478916201752568, max_depth=9, max_features=0.3467468889128293, min_samples_split=2, n_estimators=4168, subsample=0.8888719962112984; total time= 1.7min
[CV] END learning_rate=0.011478916201752568, max_depth=9, max_features=0.3467468889128293, min_samples_split=2, n_estimators=4168, subsample=0.8888719962112984; total time= 1.6min
[CV] END learning_rate=0.011478916201752568, max_depth=9, max_features=0.3467468889128293, min_samples_split=2, n_estimators=4168, subsample=0.8888719962112984; total time= 1.6min
[CV] END learning_rate=0.011478916201752568, max_depth=9, max_features=0.3467468889128293, min_samples_split=2, n_estimators=4168, subsample=0.8888719962112984; total time= 1.6min
[CV] END learning_rate=0.011478916201752568, max_depth=9, max_features=0.3467468889128293, min_samples_split=2, n_estimators=4168, subsample=0.8888719962112984; total time= 1.6min
[CV] END learning_rate=0.011478916201752568, max_depth=9, max_features=0.3467468889128293, min_samples_split=2, n_estimators=4168, subsample=0.8888719962112984; total time= 1.6min
[CV] END learning_rate=0.011478916201752568, max_depth=9, max_features=0.3467468889128293, min_samples_split=2, n_estimators=4168, subsample=0.8888719962112984; total time= 1.6min
[CV] END learning_rate=0.011478916201752568, max_depth=9, max_features=0.3467468889128293, min_samples_split=2, n_estimators=4168, subsample=0.8888719962112984; total time= 1.6min
[CV] END learning_rate=0.011478916201752568, max_depth=9, max_features=0.3467468889128293, min_samples_split=2, n_estimators=4168, subsample=0.8888719962112984; total time= 1.5min
[CV] END learning_rate=0.011478916201752568, max_depth=9, max_features=0.3467468889128293, min_samples_split=2, n_estimators=4168, subsample=0.8888719962112984; total time= 1.5min
[CV] END learning_rate=0.011478916201752568, max_depth=9, max_features=0.3467468889128293, min_samples_split=2, n_estimators=4168, subsample=0.8888719962112984; total time= 1.5min
[CV] END learning_rate=0.011478916201752568, max_depth=9, max_features=0.3467468889128293, min_samples_split=2, n_estimators=4168, subsample=0.8888719962112984; total time= 1.5min
[CV] END learning_rate=0.011478916201752568, max_depth=9, max_features=0.3467468889128293, min_samples_split=2, n_estimators=4168, subsample=0.8888719962112984; total time= 1.5min
[CV] END learning_rate=0.011478916201752568, max_depth=9, max_features=0.3467468889128293, min_samples_split=2, n_estimators=4168, subsample=0.8888719962112984; total time= 1.5min
[CV] END learning_rate=0.011478916201752568, max_depth=9, max_features=0.3467468889128293, min_samples_split=2, n_estimators=4168, subsample=0.8888719962112984; total time= 1.5min
[CV] END learning_rate=0.011478916201752568, max_depth=9, max_features=0.3467468889128293, min_samples_split=2, n_estimators=4168, subsample=0.8888719962112984; total time= 1.5min
[CV] END learning_rate=0.011478916201752568, max_depth=9, max_features=0.3467468889128293, min_samples_split=2, n_estimators=4168, subsample=0.8888719962112984; total time= 1.5min
[CV] END learning_rate=0.011478916201752568, max_depth=9, max_features=0.3467468889128293, min_samples_split=2, n_estimators=4168, subsample=0.8888719962112984; total time= 1.6min
[CV] END learning_rate=0.011478916201752568, max_depth=9, max_features=0.3467468889128293, min_samples_split=2, n_estimators=4168, subsample=0.8888719962112984; total time= 1.5min
[CV] END learning_rate=0.011478916201752568, max_depth=9, max_features=0.3467468889128293, min_samples_split=2, n_estimators=4168, subsample=0.8888719962112984; total time= 1.4min
[CV] END learning_rate=0.011478916201752568, max_depth=9, max_features=0.3467468889128293, min_samples_split=2, n_estimators=4168, subsample=0.8888719962112984; total time= 1.5min
[CV] END learning_rate=0.011478916201752568, max_depth=9, max_features=0.3467468889128293, min_samples_split=2, n_estimators=4168, subsample=0.8888719962112984; total time= 1.4min
[CV] END learning_rate=0.011478916201752568, max_depth=9, max_features=0.3467468889128293, min_samples_split=2, n_estimators=4168, subsample=0.8888719962112984; total time= 1.5min
[CV] END learning_rate=0.11252755476052344, max_depth=5, max_features=0.9035772568372358, min_samples_split=2, n_estimators=4168, subsample=0.8750524870215068; total time= 1.4min
[CV] END learning_rate=0.11252755476052344, max_depth=5, max_features=0.9035772568372358, min_samples_split=2, n_estimators=4168, subsample=0.8750524870215068; total time= 1.4min
[CV] END learning_rate=0.11252755476052344, max_depth=5, max_features=0.9035772568372358, min_samples_split=2, n_estimators=4168, subsample=0.8750524870215068; total time= 1.4min
[CV] END learning_rate=0.11252755476052344, max_depth=5, max_features=0.9035772568372358, min_samples_split=2, n_estimators=4168, subsample=0.8750524870215068; total time= 1.4min
[CV] END learning_rate=0.11252755476052344, max_depth=5, max_features=0.9035772568372358, min_samples_split=2, n_estimators=4168, subsample=0.8750524870215068; total time= 1.4min
[CV] END learning_rate=0.011478916201752568, max_depth=9, max_features=0.3467468889128293, min_samples_split=2, n_estimators=4168, subsample=0.8888719962112984; total time= 2.0min
[CV] END learning_rate=0.011478916201752568, max_depth=9, max_features=0.3467468889128293, min_samples_split=2, n_estimators=4168, subsample=0.8888719962112984; total time= 2.0min
[CV] END learning_rate=0.011478916201752568, max_depth=9, max_features=0.3467468889128293, min_samples_split=2, n_estimators=4168, subsample=0.8888719962112984; total time= 2.0min
[CV] END learning_rate=0.011478916201752568, max_depth=9, max_features=0.3467468889128293, min_samples_split=2, n_estimators=4168, subsample=0.8888719962112984; total time= 1.9min
[CV] END learning_rate=0.011478916201752568, max_depth=9, max_features=0.3467468889128293, min_samples_split=2, n_estimators=4168, subsample=0.8888719962112984; total time= 1.9min
[CV] END learning_rate=0.011478916201752568, max_depth=9, max_features=0.3467468889128293, min_samples_split=2, n_estimators=4168, subsample=0.8888719962112984; total time= 1.8min
[CV] END learning_rate=0.011478916201752568, max_depth=9, max_features=0.3467468889128293, min_samples_split=2, n_estimators=4168, subsample=0.8888719962112984; total time= 1.9min
[CV] END learning_rate=0.011478916201752568, max_depth=9, max_features=0.3467468889128293, min_samples_split=2, n_estimators=4168, subsample=0.8888719962112984; total time= 1.8min
[CV] END learning_rate=0.011478916201752568, max_depth=9, max_features=0.3467468889128293, min_samples_split=2, n_estimators=4168, subsample=0.8888719962112984; total time= 1.8min
[CV] END learning_rate=0.011478916201752568, max_depth=9, max_features=0.3467468889128293, min_samples_split=2, n_estimators=4168, subsample=0.8888719962112984; total time= 1.7min
[CV] END learning_rate=0.011478916201752568, max_depth=9, max_features=0.3467468889128293, min_samples_split=2, n_estimators=4168, subsample=0.8888719962112984; total time= 1.7min
[CV] END learning_rate=0.011478916201752568, max_depth=9, max_features=0.3467468889128293, min_samples_split=2, n_estimators=4168, subsample=0.8888719962112984; total time= 1.8min
[CV] END learning_rate=0.011478916201752568, max_depth=9, max_features=0.3467468889128293, min_samples_split=2, n_estimators=4168, subsample=0.8888719962112984; total time= 1.7min
[CV] END learning_rate=0.011478916201752568, max_depth=9, max_features=0.3467468889128293, min_samples_split=2, n_estimators=4168, subsample=0.8888719962112984; total time= 1.6min
[CV] END learning_rate=0.011478916201752568, max_depth=9, max_features=0.3467468889128293, min_samples_split=2, n_estimators=4168, subsample=0.8888719962112984; total time= 1.7min
[CV] END learning_rate=0.011478916201752568, max_depth=9, max_features=0.3467468889128293, min_samples_split=2, n_estimators=4168, subsample=0.8888719962112984; total time= 1.7min
[CV] END learning_rate=0.011478916201752568, max_depth=9, max_features=0.3467468889128293, min_samples_split=2, n_estimators=4168, subsample=0.8888719962112984; total time= 1.6min
[CV] END learning_rate=0.011478916201752568, max_depth=9, max_features=0.3467468889128293, min_samples_split=2, n_estimators=4168, subsample=0.8888719962112984; total time= 1.6min
[CV] END learning_rate=0.011478916201752568, max_depth=9, max_features=0.3467468889128293, min_samples_split=2, n_estimators=4168, subsample=0.8888719962112984; total time= 1.6min
[CV] END learning_rate=0.011478916201752568, max_depth=9, max_features=0.3467468889128293, min_samples_split=2, n_estimators=4168, subsample=0.8888719962112984; total time= 1.6min
[CV] END learning_rate=0.011478916201752568, max_depth=9, max_features=0.3467468889128293, min_samples_split=2, n_estimators=4168, subsample=0.8888719962112984; total time= 1.6min
[CV] END learning_rate=0.011478916201752568, max_depth=9, max_features=0.3467468889128293, min_samples_split=2, n_estimators=4168, subsample=0.8888719962112984; total time= 1.6min
[CV] END learning_rate=0.011478916201752568, max_depth=9, max_features=0.3467468889128293, min_samples_split=2, n_estimators=4168, subsample=0.8888719962112984; total time= 1.6min
[CV] END learning_rate=0.011478916201752568, max_depth=9, max_features=0.3467468889128293, min_samples_split=2, n_estimators=4168, subsample=0.8888719962112984; total time= 1.6min
[CV] END learning_rate=0.011478916201752568, max_depth=9, max_features=0.3467468889128293, min_samples_split=2, n_estimators=4168, subsample=0.8888719962112984; total time= 1.6min
[CV] END learning_rate=0.011478916201752568, max_depth=9, max_features=0.3467468889128293, min_samples_split=2, n_estimators=4168, subsample=0.8888719962112984; total time= 1.6min
[CV] END learning_rate=0.011478916201752568, max_depth=9, max_features=0.3467468889128293, min_samples_split=2, n_estimators=4168, subsample=0.8888719962112984; total time= 1.5min
[CV] END learning_rate=0.011478916201752568, max_depth=9, max_features=0.3467468889128293, min_samples_split=2, n_estimators=4168, subsample=0.8888719962112984; total time= 1.5min
[CV] END learning_rate=0.011478916201752568, max_depth=9, max_features=0.3467468889128293, min_samples_split=2, n_estimators=4168, subsample=0.8888719962112984; total time= 1.6min
[CV] END learning_rate=0.011478916201752568, max_depth=9, max_features=0.3467468889128293, min_samples_split=2, n_estimators=4168, subsample=0.8888719962112984; total time= 1.5min
[CV] END learning_rate=0.011478916201752568, max_depth=9, max_features=0.3467468889128293, min_samples_split=2, n_estimators=4168, subsample=0.8888719962112984; total time= 1.6min
[CV] END learning_rate=0.011478916201752568, max_depth=9, max_features=0.3467468889128293, min_samples_split=2, n_estimators=4168, subsample=0.8888719962112984; total time= 1.6min
[CV] END learning_rate=0.011478916201752568, max_depth=9, max_features=0.3467468889128293, min_samples_split=2, n_estimators=4168, subsample=0.8888719962112984; total time= 1.5min
[CV] END learning_rate=0.011478916201752568, max_depth=9, max_features=0.3467468889128293, min_samples_split=2, n_estimators=4168, subsample=0.8888719962112984; total time= 1.6min
[CV] END learning_rate=0.011478916201752568, max_depth=9, max_features=0.3467468889128293, min_samples_split=2, n_estimators=4168, subsample=0.8888719962112984; total time= 1.5min
[CV] END learning_rate=0.011478916201752568, max_depth=9, max_features=0.3467468889128293, min_samples_split=2, n_estimators=4168, subsample=0.8888719962112984; total time= 1.5min
[CV] END learning_rate=0.011478916201752568, max_depth=9, max_features=0.3467468889128293, min_samples_split=2, n_estimators=4168, subsample=0.8888719962112984; total time= 1.5min
[CV] END learning_rate=0.011478916201752568, max_depth=9, max_features=0.3467468889128293, min_samples_split=2, n_estimators=4168, subsample=0.8888719962112984; total time= 1.5min
[CV] END learning_rate=0.011478916201752568, max_depth=9, max_features=0.3467468889128293, min_samples_split=2, n_estimators=4168, subsample=0.8888719962112984; total time= 1.5min
[CV] END learning_rate=0.011478916201752568, max_depth=9, max_features=0.3467468889128293, min_samples_split=2, n_estimators=4168, subsample=0.8888719962112984; total time= 1.5min
[CV] END learning_rate=0.011478916201752568, max_depth=9, max_features=0.3467468889128293, min_samples_split=2, n_estimators=4168, subsample=0.8888719962112984; total time= 1.4min
[CV] END learning_rate=0.11252755476052344, max_depth=5, max_features=0.9035772568372358, min_samples_split=2, n_estimators=4168, subsample=0.8750524870215068; total time= 1.4min
[CV] END learning_rate=0.11252755476052344, max_depth=5, max_features=0.9035772568372358, min_samples_split=2, n_estimators=4168, subsample=0.8750524870215068; total time= 1.4min
[CV] END learning_rate=0.11252755476052344, max_depth=5, max_features=0.9035772568372358, min_samples_split=2, n_estimators=4168, subsample=0.8750524870215068; total time= 1.4min
[CV] END learning_rate=0.11252755476052344, max_depth=5, max_features=0.9035772568372358, min_samples_split=2, n_estimators=4168, subsample=0.8750524870215068; total time= 1.4min
[CV] END learning_rate=0.11252755476052344, max_depth=5, max_features=0.9035772568372358, min_samples_split=2, n_estimators=4168, subsample=0.8750524870215068; total time= 1.4minTraceback (most recent call last):
  File "d:\seoul\main_GBDT.py", line 10, in <module>
    Parallel(n_jobs=2)(   # n_jobs=-1 表示用满所有CPU
  File "C:\Users\owner\AppData\Roaming\Python\Python312\site-packages\joblib\parallel.py", line 2071, in __call__
    return output if self.return_generator else list(output)
                                                ^^^^^^^^^^^^
  File "C:\Users\owner\AppData\Roaming\Python\Python312\site-packages\joblib\parallel.py", line 1681, in _get_outputs
    yield from self._retrieve()
  File "C:\Users\owner\AppData\Roaming\Python\Python312\site-packages\joblib\parallel.py", line 1783, in _retrieve
    self._raise_error_fast()
  File "C:\Users\owner\AppData\Roaming\Python\Python312\site-packages\joblib\parallel.py", line 1858, in _raise_error_fast
    error_job.get_result(self.timeout)
  File "C:\Users\owner\AppData\Roaming\Python\Python312\site-packages\joblib\parallel.py", line 757, in get_result
^C