mean_fit_time,std_fit_time,mean_score_time,std_score_time,param_learning_rate,param_max_depth,param_max_features,param_min_samples_split,param_n_estimators,param_subsample,params,split0_test_score,split1_test_score,split2_test_score,split3_test_score,split4_test_score,split5_test_score,split6_test_score,split7_test_score,split8_test_score,split9_test_score,split10_test_score,split11_test_score,split12_test_score,split13_test_score,split14_test_score,split15_test_score,split16_test_score,split17_test_score,split18_test_score,split19_test_score,split20_test_score,split21_test_score,split22_test_score,split23_test_score,split24_test_score,split25_test_score,split26_test_score,split27_test_score,split28_test_score,split29_test_score,split30_test_score,split31_test_score,split32_test_score,split33_test_score,split34_test_score,split35_test_score,split36_test_score,split37_test_score,split38_test_score,split39_test_score,split40_test_score,split41_test_score,split42_test_score,split43_test_score,split44_test_score,split45_test_score,split46_test_score,split47_test_score,split48_test_score,split49_test_score,split50_test_score,split51_test_score,split52_test_score,split53_test_score,split54_test_score,split55_test_score,split56_test_score,split57_test_score,split58_test_score,split59_test_score,split60_test_score,split61_test_score,split62_test_score,split63_test_score,split64_test_score,split65_test_score,split66_test_score,split67_test_score,split68_test_score,split69_test_score,split70_test_score,split71_test_score,split72_test_score,split73_test_score,split74_test_score,split75_test_score,split76_test_score,split77_test_score,split78_test_score,split79_test_score,split80_test_score,split81_test_score,split82_test_score,split83_test_score,split84_test_score,split85_test_score,split86_test_score,split87_test_score,split88_test_score,split89_test_score,split90_test_score,split91_test_score,split92_test_score,split93_test_score,split94_test_score,split95_test_score,split96_test_score,split97_test_score,split98_test_score,split99_test_score,mean_test_score,std_test_score,rank_test_score
343.1515479516983,159.08230596372468,0.29294862508773806,0.293729526263433,0.034309977022776265,10,0.8255183999255711,2,4168,0.8993315400781986,"{'learning_rate': 0.034309977022776265, 'max_depth': 10, 'max_features': 0.8255183999255711, 'min_samples_split': 2, 'n_estimators': 4168, 'subsample': 0.8993315400781986}",0.9359430996297154,0.94347634999805,0.9553214501417152,0.9465825129604228,0.9460331403948251,0.9505408685378682,0.9459572684461282,0.9484551286519195,0.9359726361582269,0.9461305008140202,0.9523177163211611,0.937275406264289,0.9474469419957569,0.9487543716903655,0.9497521570924563,0.9492102668778432,0.9497673225969988,0.9481903413322736,0.9466497290069475,0.940749014065676,0.9420632867832069,0.9518240314998653,0.9425313978572833,0.9486439480344991,0.9453857073062355,0.9495172104172489,0.9433926777223335,0.9481237734373221,0.9415782385594739,0.9316202567881633,0.9486046973952643,0.9440150286250807,0.9420976210765561,0.9490416164910531,0.938183039491653,0.9412554082528046,0.9418531157421066,0.9469233342841039,0.9512768130618031,0.9529332133590688,0.948140111679625,0.9521227521187912,0.9454342902017542,0.937632720004337,0.9503685605988094,0.9439323032080568,0.9348730124435235,0.9476707928839062,0.9529924455095475,0.9417211155185418,0.9463337035057477,0.9478230273557859,0.9497133967245814,0.9461001562627325,0.9332819758768817,0.9404222867630627,0.9518076024333254,0.9538190035630152,0.9463427658182987,0.9406237210850572,0.9401481107204049,0.9466352732468782,0.9497324271670097,0.9479318486496331,0.9464586598911277,0.9478065636726374,0.9527372671226741,0.946900191562243,0.9489382131618205,0.9404384007745609,0.9456527762621482,0.9428707724756852,0.9477690925118033,0.9482841190768524,0.9489133052463538,0.9465641662701008,0.9495635225112312,0.9504403182192934,0.9469215578342355,0.9457850662650219,0.943625198346339,0.9467968972484977,0.9475112782760219,0.9451328065251292,0.9481607500417808,0.9472541690327418,0.9461961480269284,0.9459592770689043,0.9482832952607377,0.9484980138621987,0.9442384236714864,0.9524917189133276,0.945047338844583,0.9476915860734594,0.9426495105315256,0.9460920501158591,0.9484780345340078,0.9471369893268027,0.9410659433535852,0.9497228585759382,0.9460907032298873,0.004525732132438856,155
112.51306620597839,76.07677967003768,0.21494800567626954,0.21157347587746783,0.16094119246640926,8,0.7102644796917272,2,4168,0.7257235182514921,"{'learning_rate': 0.16094119246640926, 'max_depth': 8, 'max_features': 0.7102644796917272, 'min_samples_split': 2, 'n_estimators': 4168, 'subsample': 0.7257235182514921}",0.9373137707507481,0.9449233196732968,0.9529042573968411,0.9443586756088029,0.9455607668433508,0.9510799384104812,0.9466943606998164,0.9493806469161936,0.9413731898136716,0.945304102954586,0.951570682612739,0.9385495609579302,0.9472343955367676,0.9500922967861994,0.9497400461680532,0.949295094227824,0.9488492764292269,0.9471709189826509,0.9450325348639943,0.9424895285046659,0.9424958245845727,0.9517490743734792,0.9456009657899945,0.9483055737492858,0.9467623241145349,0.9482172581109911,0.9463382481954585,0.948257734590698,0.9492788846849584,0.9278182704906648,0.9489188933305839,0.9453804502294205,0.9424364817306788,0.948267120753429,0.9438799010045625,0.9366749411963087,0.9421130090612057,0.943926010921722,0.9526497860064385,0.9522200652318316,0.9476640497560261,0.9534117492478033,0.9431329170956829,0.9381483084162103,0.9485413222800279,0.9414291950289744,0.9374383902527342,0.9489668953711039,0.954267515219196,0.9415500701609605,0.9463133781868305,0.9473106196564298,0.9510600148411872,0.9428793677039072,0.9338153170637968,0.9413355814728966,0.9498483355498623,0.951796833254309,0.9471846013679748,0.9428304439192978,0.9447390622918349,0.9460734519826947,0.9495063175582331,0.9496076986308618,0.9470959056432681,0.9489455573677084,0.9512852372010311,0.9452484008549192,0.9477030989226863,0.941410917215283,0.9434250203754088,0.9430479682399369,0.9460970954778035,0.944158456349568,0.9516560471388145,0.9444190930779548,0.9484085791244989,0.9489154978637442,0.9474719536774222,0.9466856135182774,0.944779235491942,0.946741230995025,0.9500511602452392,0.9446479375868702,0.9481503755221933,0.9461783243945474,0.9468462743457549,0.9472498325972626,0.9490862924417165,0.9492613742008222,0.9459911772269745,0.9517389288548445,0.9485352721515872,0.9469428242708047,0.9442927297458649,0.9452086006014069,0.9490238970526543,0.9468656127502469,0.9418456820270075,0.9484283570409451,0.9462689918018952,0.0042794336787778005,152
32.308092453479766,29.353704885949764,0.11083266735076905,0.11268179030503217,0.20267695188333315,13,0.4934133071510458,2,4168,0.7422756934537176,"{'learning_rate': 0.20267695188333315, 'max_depth': 13, 'max_features': 0.4934133071510458, 'min_samples_split': 2, 'n_estimators': 4168, 'subsample': 0.7422756934537176}",0.9298331503536859,0.9314563871484606,0.9460329023208305,0.9387994587927095,0.9386900992973057,0.9433416766465351,0.9367806459158049,0.9414611881301678,0.9261595455923602,0.937706022277607,0.9407644206181255,0.9308410751963062,0.936803403973859,0.9398127916714137,0.9408539167727734,0.9396422617628676,0.9387259538315994,0.9350085186112193,0.9379333842219967,0.9334663739989841,0.9298408071608902,0.9413730363451143,0.9314783894577954,0.9379415637119826,0.9424583397402937,0.9419149391237654,0.9350331153514826,0.9369416270555381,0.9344035097181944,0.9213268119143213,0.9410974405103818,0.9359057748113022,0.9349247890659911,0.9344988172337424,0.9309422002733112,0.9311244099246665,0.9300248684739498,0.9368509511565597,0.9390445764029481,0.9448817317353171,0.938446953633446,0.941298234699393,0.9405353632105266,0.9281890214851825,0.940935355773526,0.9364359032867355,0.9224042605237979,0.9339293988801709,0.9465938296593639,0.9332723789530357,0.9368594351030437,0.9402484279815574,0.9420372096183229,0.9367472791400291,0.9245489386969383,0.9315971540287342,0.942997522802016,0.9448974288423418,0.935738213414428,0.9306185156556067,0.9345617418500706,0.9373307769779439,0.9404006413336169,0.9388345724314918,0.9417834045884025,0.9396935827810992,0.943278135342662,0.9345291805605225,0.9393846026208929,0.9288242009893726,0.9343900046675201,0.9323873520476449,0.9397221408482537,0.9382449640788578,0.9429421612138732,0.9370349297749482,0.9419618932948864,0.9411021951552219,0.9366339842667125,0.9371628776890983,0.9280619863751138,0.9354335178337166,0.9373626571996115,0.9394852864102111,0.9360009117512408,0.9328731033792149,0.935311652645071,0.93916959881451,0.9414793661411012,0.939560920930066,0.9318022098963897,0.9426565865509312,0.9391065370363855,0.937681551581077,0.9326254485853209,0.9355377244641039,0.9409067605431601,0.9395696738333228,0.9333432471175691,0.9446598233908441,0.936872836086824,0.004994135913321772,189
58.019461681842806,48.13725189284395,0.10843429803848266,0.11167493479459364,0.13420186966472852,13,0.563207966534582,2,4168,0.890300529340937,"{'learning_rate': 0.13420186966472852, 'max_depth': 13, 'max_features': 0.563207966534582, 'min_samples_split': 2, 'n_estimators': 4168, 'subsample': 0.890300529340937}",0.9265813692284107,0.9367477712406227,0.9490986747806558,0.9400670469866281,0.9395689301450749,0.9456268075607038,0.9380458851540899,0.9419471378197113,0.9315474347174568,0.9431221811722549,0.9454841515146986,0.9320696989003846,0.9421822435688196,0.9423762987384221,0.9448164366121614,0.9448602802255958,0.9446859867950534,0.940787868014906,0.9414086708775604,0.9348937806714918,0.9324408158460645,0.9445194086562537,0.9368079862658065,0.9429261002322487,0.9386285526125965,0.9421247557747177,0.9384587769460782,0.9420754791459358,0.9368664978197174,0.9264756960493911,0.9402832584178018,0.9371668068148699,0.9352589228206908,0.9406942667994496,0.9340470393803679,0.931682830974656,0.9353156589770986,0.9397662870043197,0.9457415411724527,0.9468332579240447,0.9407975348847273,0.9473443236538811,0.9371435087519914,0.930692037687079,0.9424714497703904,0.9379461238906782,0.9345140618130645,0.9397591297891645,0.9474518047006414,0.9380985885018833,0.9396211041464098,0.9409234778194072,0.9444623709257954,0.9381911648559722,0.9278356288295968,0.9301190379303019,0.9458747709655827,0.9478396785614477,0.9423205435140861,0.9357970571184094,0.9340949796683801,0.9397904296199387,0.9435553596242924,0.9422144941192495,0.9426340562375133,0.9400215874538216,0.9461283276184331,0.9381835548205365,0.9426459821746542,0.9337558781723329,0.9413979981563871,0.9378376055554327,0.9410567422907161,0.9431395624493168,0.9464295953457321,0.9378921951120545,0.9433353599005647,0.9445778843623183,0.9389243653826898,0.9386431691215322,0.9363252428618013,0.9393665571830118,0.9404127345900684,0.9424155918683572,0.9410226421410981,0.9405377511018528,0.9400393991743855,0.9384510417663385,0.9436103226813392,0.9425776122994743,0.9359585401249678,0.9459702451463117,0.9393265287530546,0.9402249515288343,0.9362989184282375,0.9371145274446129,0.9433103153597425,0.9398617619159391,0.9309887153408933,0.9403443596397255,0.939736528790057,0.004711762808919178,179
105.86245801210403,72.69253325134864,0.3808776617050171,0.394911351808936,0.011478916201752568,9,0.3467468889128293,2,4168,0.8888719962112984,"{'learning_rate': 0.011478916201752568, 'max_depth': 9, 'max_features': 0.3467468889128293, 'min_samples_split': 2, 'n_estimators': 4168, 'subsample': 0.8888719962112984}",0.9437520915271048,0.9521601255502956,0.9619444967311367,0.9528132132778561,0.9519181540838363,0.9584905153887139,0.9524733995312465,0.9542800498460564,0.9452035771539441,0.9535330884162552,0.958918162448484,0.9461904298804151,0.9534569172380536,0.9560684174629092,0.9550025314134878,0.955256725017698,0.9563723064921101,0.9541071834782293,0.9541095959149676,0.9486872511232808,0.948190385692801,0.9571685744719375,0.9502819018367816,0.9560409682938963,0.9542055202234656,0.9539713086491084,0.9524407214583717,0.9538491425082088,0.9517437582783198,0.9419542784412733,0.9544174747186158,0.9527152650253912,0.9515892585017288,0.9549582072611753,0.9504424850523245,0.9467451831332507,0.9494366520996032,0.9533192125673667,0.9567776674398486,0.9583421989469405,0.9548596210175883,0.9587591741753307,0.951074301513821,0.9455127857262203,0.9562044865330476,0.9519228079309068,0.9466178110489958,0.9520585425685277,0.9592896286030768,0.9504772654958404,0.9520101879285477,0.9553358886198646,0.9578225267814875,0.9525810347237432,0.9439665515024485,0.9481505470980556,0.9564130223471266,0.9590106697979658,0.9540580739201627,0.9488601913060938,0.9506628558730826,0.9554560834444571,0.9543900608327579,0.9545582705255383,0.9540508091400091,0.9549719801220894,0.9579532908214989,0.9534716235139428,0.9556904970098679,0.9483393137543918,0.9523717828166182,0.9504943167738338,0.9540809699538128,0.9535607172510361,0.9564782910654431,0.9512015506175846,0.9553074578918128,0.9567216344635142,0.9536408092835869,0.9521336046956422,0.9502403162064357,0.955781514654778,0.9544521260840648,0.9511834896355394,0.956162916607709,0.953367915598986,0.953330036280235,0.9525544518298674,0.955777619661661,0.954852227158224,0.951047104923642,0.9577114946775732,0.9545093576097201,0.9565941411230704,0.949037597784997,0.9517655206524053,0.9550158982390702,0.9542933454968949,0.9496857616455538,0.9572931000296125,0.9531850537096591,0.003652069820111703,43
168.42009662151338,111.04445458449774,0.17883021831512452,0.18122257171085732,0.11252755476052344,5,0.9035772568372358,2,4168,0.8750524870215068,"{'learning_rate': 0.11252755476052344, 'max_depth': 5, 'max_features': 0.9035772568372358, 'min_samples_split': 2, 'n_estimators': 4168, 'subsample': 0.8750524870215068}",0.9432304003169893,0.9507506123735915,0.9574137839658142,0.9503151267895467,0.95316916048064,0.9552487758509581,0.950107575834795,0.9527580458036656,0.9427083747645851,0.9526076451124826,0.9570567506254606,0.9446425201913504,0.9527209389634177,0.9516009798419759,0.9540619143208243,0.9520730487220009,0.9552548002822937,0.9518092521474755,0.9485087955597632,0.9468024728891303,0.9465043387730976,0.951798583456347,0.9471906838375425,0.9518359891790549,0.9527269066118638,0.9516860983895963,0.952356609602651,0.9532166021318809,0.9501682455703728,0.9376980442033994,0.9510729860116335,0.9514935009297112,0.9489860602586742,0.9497331444234932,0.9496812328922654,0.9428435950937653,0.9472760328989108,0.9508561836356956,0.9535045412065171,0.9568485614630301,0.9514825512099233,0.95687773623434,0.9491544306171884,0.9445162244730286,0.9533824600248364,0.9487822794204057,0.9445448955931617,0.9501170378199305,0.9572389324790774,0.947669587220017,0.9517859197247271,0.9536990624652661,0.9544916682403262,0.9512756385628774,0.9430115391250291,0.9486477079905705,0.9545210369613278,0.954421040569013,0.9511745193312078,0.947900678278328,0.9475624308582015,0.9515736193139717,0.9532708080381892,0.9520400557995305,0.9522306741716536,0.9516592735495951,0.9556350552356511,0.9540802108619675,0.9518957392803162,0.9457397538679561,0.951554233116436,0.951322023095044,0.9541712079161683,0.949524856111439,0.9530966652468869,0.9490963649058096,0.9547012906138443,0.9534865252201873,0.9494015815489598,0.9508099842831753,0.946595708589121,0.9503872913925364,0.9465947162935114,0.9501109701359398,0.9535666724308992,0.9518926841195201,0.9501754859736611,0.9468272610983903,0.9551556346131057,0.9550613279818787,0.9478009515162685,0.9529635353462612,0.9526489871104031,0.954006232795698,0.9457845174557069,0.9495433910103609,0.9540834569734292,0.954308594946406,0.9463242843994498,0.9544336627108773,0.9508613158167527,0.003635944122273159,82
225.17079446077346,128.71722894328377,0.2974123549461365,0.3040003913873798,0.02182672713652882,8,0.729429006999116,2,4168,0.8426212864018037,"{'learning_rate': 0.02182672713652882, 'max_depth': 8, 'max_features': 0.729429006999116, 'min_samples_split': 2, 'n_estimators': 4168, 'subsample': 0.8426212864018037}",0.9436027893844009,0.9504516320169265,0.9604039588515842,0.9524366986332925,0.9517132316883653,0.9569638202700947,0.9527672121050922,0.9535832251534719,0.9443724523778741,0.9510679390904824,0.9580566506880516,0.9451779827249497,0.9532355161658719,0.953326651634781,0.9559308447728659,0.9541099586691059,0.9543469743722136,0.953076321521992,0.9519615250288914,0.9468791185276233,0.9475297671613443,0.9574419287241053,0.9481964470047405,0.9541944395818686,0.9527997800376806,0.952596638334926,0.9518088206075606,0.9533496704891494,0.9501381577972257,0.9398228324985655,0.9528388354400612,0.9517702155742219,0.9488313134060509,0.9529923103367368,0.9488977084703994,0.9469548250671902,0.9484455889143272,0.9513325484208925,0.9559311892416187,0.9575836934415481,0.9534525976553454,0.9585678770054205,0.9500717166331718,0.9434017087569403,0.9574281612077055,0.9508397432826482,0.9430626378827329,0.9520561862850796,0.9576969132926467,0.9479401480252234,0.953214783327187,0.9543277308844776,0.955953459631106,0.9515842056563824,0.9423285513065552,0.9475051634758568,0.9550471410974392,0.958948067959115,0.952161599201627,0.9481146608770259,0.9486562953274741,0.9523940189384824,0.9545538272720997,0.9523545698012266,0.9524407189997387,0.9546468891921258,0.9578811766767397,0.9521143585331275,0.9543290891245731,0.9474181445431216,0.951580356085223,0.950000700930167,0.9536020801653915,0.9530710261778399,0.9548491500723435,0.9517413886908814,0.9559543940447596,0.9556027153250289,0.9513766469604985,0.9509468867780533,0.949205688010788,0.9531489136919632,0.9528846005416353,0.9501575460643292,0.9535647979633123,0.9528002604608872,0.9514172595786065,0.9514685392295612,0.9543838994772762,0.9547337988214377,0.9493649329043361,0.9559706055516316,0.9522416772848811,0.9542948600707262,0.9469269650471986,0.9507277798463096,0.9544560144470335,0.9533198457631055,0.9471206732860988,0.9563157288613207,0.9520064308821315,0.0038206669863954617,60
110.37811281681061,81.26439973391763,0.1824803853034973,0.18388593574221776,0.04074815560860463,5,0.6381938749367917,2,4168,0.7162553812160863,"{'learning_rate': 0.04074815560860463, 'max_depth': 5, 'max_features': 0.6381938749367917, 'min_samples_split': 2, 'n_estimators': 4168, 'subsample': 0.7162553812160863}",0.9455795081455641,0.953109061533024,0.9613862399623349,0.9547958031297439,0.9548613915141444,0.9593731719547467,0.9531016241938046,0.9541882184755943,0.9454104774018077,0.952775367939166,0.9590190368429862,0.9454222784108335,0.9526348686067792,0.9542423477077251,0.9573416343895995,0.9567008158692375,0.9554134170817431,0.9545294892550856,0.9536277890192814,0.9506094779074817,0.9501622316668771,0.9568291035096798,0.9513998271136059,0.9552315350633879,0.9558220210885547,0.955587972563095,0.9550841107898238,0.9543222600759343,0.9541671842290362,0.9418712876260897,0.9552558884135223,0.9544704486201483,0.9521437173496856,0.9550753745435538,0.9529383022338852,0.946253188358709,0.9523718578411737,0.9547052763841563,0.9565553361823074,0.9599904650823141,0.9551742868905152,0.9596275478894212,0.9507837361095867,0.9465212587657924,0.9585464779328565,0.9531535747353695,0.9465266274295898,0.9557988716274654,0.9595189642595527,0.9501595298773713,0.9553748042925087,0.9564052332018789,0.9592431239408504,0.9531278212865157,0.9450129611481436,0.9527864591520244,0.956628461906979,0.958615548477203,0.9528369313236583,0.9519407992779327,0.9511219445061798,0.9567363976363786,0.9565184372822193,0.9552110727088572,0.9534953100675077,0.9565156929886028,0.9582377158535882,0.9561184764617934,0.9555150581073234,0.9491444484234044,0.9532851807472766,0.952630773823502,0.9556374032682329,0.9521901823093379,0.9565099755038385,0.9527260486758611,0.9570091150464503,0.9567186468243208,0.9540877798816297,0.9539246346367488,0.9526522528129753,0.9542520800098997,0.9556023812556174,0.9533196617102171,0.9554468203433026,0.9537820573238833,0.9538740689848594,0.9512355151346238,0.9573792324984128,0.9563541596671894,0.9518904133481967,0.957511966235,0.9554602589417065,0.9576514957927545,0.9496707098233316,0.954001278653801,0.9567622871848458,0.9564343318338266,0.9504420100075761,0.9572437509895171,0.9540644345490602,0.0035654243712244355,18
151.03594075918198,106.19622380700858,0.2885458493232727,0.29278460485468866,0.00787169111132696,7,0.6000233430178148,2,4168,0.7797632208827519,"{'learning_rate': 0.00787169111132696, 'max_depth': 7, 'max_features': 0.6000233430178148, 'min_samples_split': 2, 'n_estimators': 4168, 'subsample': 0.7797632208827519}",0.9462765172952926,0.9529843364480217,0.9627646948582099,0.9540939773562135,0.9547504583315383,0.9592981815487513,0.9538889805886871,0.9557654250784808,0.9457029997219921,0.9539171745702765,0.9598283954033553,0.9478418028113423,0.9550751199251204,0.9570740359333997,0.9573703617574703,0.9567066042961974,0.95754771003832,0.9551058810583976,0.953366970152415,0.9508030803372833,0.9490654397973668,0.9581132679955303,0.9511192647504871,0.9563549603116636,0.9553869624665842,0.9549863784183792,0.9545888080421622,0.9551824794642159,0.9525387998601368,0.9416766419801568,0.9553457882841174,0.9545533236326877,0.9526671380183512,0.9557111257935114,0.9516181934565682,0.9486645331953695,0.9507459258981514,0.9546987596562877,0.9576475987029899,0.9604120587550786,0.9553395927323013,0.9596913593420342,0.9514668392703991,0.9468778073629858,0.9585984401420795,0.9527089897723087,0.9474687144338049,0.9544670149108752,0.9609729924383648,0.9500114364028198,0.9543970048120455,0.9573593021648847,0.9582740304142644,0.9545961649656878,0.9452147179086205,0.9503473728634062,0.9570034051097669,0.9601138563334816,0.9549341239534148,0.9505632990014194,0.9519563811841367,0.9565523531920034,0.9565056183165189,0.9554157586314882,0.9554288080829115,0.9563502654077215,0.9592664418992105,0.9553101889522222,0.9564123798349429,0.9491613342197852,0.9536724752678566,0.9520544456354317,0.9553171955439299,0.9548884118651231,0.9578549440737505,0.9531825008524331,0.9577276282685133,0.9572728860207138,0.95369507679923,0.9543845538370649,0.9513489192054233,0.9557879386453539,0.9559663966466685,0.9527290716389093,0.9557117685109054,0.95482455157478,0.9541430401338957,0.953941774552922,0.9573652776507318,0.9569068448213438,0.9522250565414722,0.9586272673299548,0.9548756171108866,0.9573030793910193,0.9491863456105804,0.9535604748131316,0.9565373321785076,0.9558207533012865,0.9512000116259502,0.9585684882404786,0.9544068627773471,0.003657617015414587,14
112.84665678024292,84.32441971007304,0.6123412036895752,0.6057097816025435,0.002204408027866876,10,0.42196109783371993,2,4168,0.6368187333479057,"{'learning_rate': 0.002204408027866876, 'max_depth': 10, 'max_features': 0.42196109783371993, 'min_samples_split': 2, 'n_estimators': 4168, 'subsample': 0.6368187333479057}",0.9421688228818828,0.9502932385142439,0.9610773597721366,0.9520066011526109,0.9507972025433813,0.956686796749247,0.9509660814260315,0.9531854035583558,0.9429691942017226,0.9517031749157802,0.9573677170579536,0.94413170946495,0.9517554540918951,0.9543669601634925,0.9539190821010967,0.954781163486915,0.9548656539920393,0.9519240516615999,0.9520407663083233,0.9474003303726841,0.9456068842247951,0.9562316800642894,0.949222947379863,0.9537891269661601,0.9528459473060678,0.9528664241240938,0.9512575462894439,0.952336360440552,0.9496669212144927,0.9386580213595024,0.9527904204025571,0.9503606339181746,0.9498611805789401,0.9537746332667479,0.947421664236712,0.9451556258111136,0.9472625392104045,0.9508986303039737,0.9553864192213174,0.9568585382940926,0.9525041578511753,0.9577189100458835,0.9501254300919842,0.9437213327862433,0.9554248861350402,0.9504608875577896,0.9446189682293503,0.9509574736300641,0.9581802780638458,0.9485778059437259,0.9506181743163595,0.9541409666970293,0.9561923279664593,0.950887797371446,0.9420787380892792,0.9468410855068237,0.9554277593665468,0.9575341484810092,0.9529394269233386,0.9465681689624741,0.9485214017464401,0.9532897000209478,0.9530459564752511,0.9528059601686785,0.9521792807271257,0.9533075493197593,0.9565894136063098,0.9515657889994716,0.9535220664711268,0.9462833700033668,0.9503948953754981,0.9486027697984143,0.9524716366995671,0.9528527311714804,0.9555277139635646,0.9499411281147426,0.9540407786751683,0.9548555491123853,0.9514373850495965,0.9508789848480999,0.9484918090090102,0.9535524154638239,0.9530158494404032,0.9497236972935238,0.9534807645409267,0.9520853325734843,0.9513362511161756,0.952284447091758,0.9543224713730973,0.9536193902994263,0.9489299253609744,0.9560544343761401,0.9525349749307622,0.9541497112833334,0.9480046692132658,0.9506394655280772,0.9537604603317449,0.9522331757318833,0.947408807273695,0.9558062108301433,0.9515572595645413,0.0038545165216774405,69
198.91307508468628,121.55042690481812,0.3611765456199646,0.3678069590847911,0.01480199922593233,9,0.7311375937791238,2,4168,0.6934767629369737,"{'learning_rate': 0.01480199922593233, 'max_depth': 9, 'max_features': 0.7311375937791238, 'min_samples_split': 2, 'n_estimators': 4168, 'subsample': 0.6934767629369737}",0.9429443551896259,0.9495850645040765,0.9605381866716809,0.9511941473476944,0.9509914587859024,0.9557285513872115,0.951436816568622,0.9533872538300339,0.9422199409325626,0.9508077206222494,0.9577959256227396,0.9437364497323847,0.9526311701302698,0.9537931193412388,0.9553156294021566,0.9541093128529069,0.9553881884341966,0.9535323821291367,0.9517766498875481,0.9465644643311757,0.9471527951794241,0.9561865986305718,0.9488217542189519,0.9540782661693878,0.952130162958778,0.9524819208520356,0.9506980195556989,0.9522182943287224,0.9487232728663334,0.9378478122231726,0.9525102804649692,0.9496126548098498,0.9486977928300152,0.9536744968480662,0.9464952177250718,0.9441066601035768,0.9473696654644175,0.9511919226667238,0.9554761770282202,0.9569993221309411,0.953544430702209,0.9573064656080803,0.948707696309611,0.9437514451458144,0.9562534542324822,0.9496426165576303,0.940972653556677,0.9525751307302631,0.9584052403714141,0.9486192322049585,0.951740277240815,0.9539955383656409,0.9555746295236613,0.950714389002934,0.9409946840394636,0.9466561762443597,0.9547588304476173,0.9586624392159191,0.952028187112573,0.9464466560329747,0.9479930947432311,0.9520573295845527,0.9535892781896697,0.9527571137247914,0.9521323688308052,0.9534252590491313,0.9570807222847049,0.9516151968076769,0.9538527636364297,0.9469296553118671,0.9511309221386406,0.9493401204050332,0.9529991977487814,0.9527649169965097,0.9551925907051486,0.9507621293050512,0.9547214939560952,0.9541961790290866,0.9508083789932847,0.9514177237673982,0.9493409875118146,0.9527686048695766,0.9530505200394221,0.9506278979539767,0.9537087360334896,0.9520332439586604,0.9507241888717548,0.952487342235571,0.9526888103312494,0.9540591876337869,0.9490115078472773,0.9566056369639883,0.9510406995336927,0.9538057630101143,0.9472545343321006,0.9503663468420709,0.954498831820663,0.9522963759738661,0.9467231371004504,0.954874589974288,0.9514403342544914,0.0040503690342894045,72
98.40774079322814,70.01116723946625,0.2578939580917358,0.2575635308767021,0.019230985848199402,6,0.3926818835585638,2,4168,0.9455311449794073,"{'learning_rate': 0.019230985848199402, 'max_depth': 6, 'max_features': 0.3926818835585638, 'min_samples_split': 2, 'n_estimators': 4168, 'subsample': 0.9455311449794073}",0.9449519976579152,0.9542943382372566,0.9630006610349973,0.9543239986426093,0.9554785533066837,0.9598478150967693,0.9539790986626823,0.956053784898607,0.9473992087136225,0.955119392858409,0.959124587091213,0.9486523686997672,0.9554779739620463,0.957257464138024,0.957693191242436,0.9574513770004593,0.9579631559522469,0.95475208064413,0.9545081612083016,0.951167855025035,0.9504653354701902,0.9567558960888666,0.9515767128256792,0.956323444243243,0.9568234918099335,0.9554440235199028,0.9558862192334934,0.9553588003565442,0.953140630216812,0.9427530535014126,0.9554525292797053,0.9549896706951042,0.9540780723429495,0.9557196131891414,0.953342512004789,0.9485626147645836,0.9521076160527259,0.9553292898694191,0.957174504770735,0.960621572523218,0.9565288507306047,0.9598177189408988,0.9515778544476734,0.9482079485254699,0.9583618581557383,0.953936245240372,0.948990544952821,0.9540107247865619,0.9610723969878637,0.9520254908156844,0.9542923026846022,0.957236246920736,0.960225738091615,0.9553253806117352,0.9459285343822091,0.9520987105579426,0.9584270036203245,0.9601486575358081,0.9554295711372986,0.9516271257321867,0.9526991407105241,0.9575655016344838,0.9563051322915671,0.9561366430986286,0.9555431645469182,0.9564398461250538,0.9586679359923096,0.9553374410582227,0.9573264550020779,0.9504246480347153,0.9553950509619077,0.9515817415264435,0.955984821871997,0.9546829975413509,0.9584431797419651,0.9530931092479055,0.9576691582897536,0.9569984576612458,0.9538589518177023,0.9545572763695845,0.9523939444298251,0.9569968850277417,0.9553912275652424,0.9534783469305043,0.956726249514308,0.95580945326735,0.9554416197192952,0.9533546802031667,0.9577022364937837,0.9575607539396461,0.9530325168216781,0.957745126992387,0.9555142523707529,0.9578693955157621,0.9495267263657386,0.9536215051605391,0.9565107883925388,0.9566026795123581,0.9531286982155409,0.9595244373255511,0.9549231374897786,0.003462236851148677,5
90.5865200638771,74.34516780031768,0.2787123966217041,0.2782291188205656,0.058894059575253024,7,0.4099061789374698,2,4168,0.675271908931688,"{'learning_rate': 0.058894059575253024, 'max_depth': 7, 'max_features': 0.4099061789374698, 'min_samples_split': 2, 'n_estimators': 4168, 'subsample': 0.675271908931688}",0.9455496722864601,0.9516416730599176,0.9614846129817866,0.9541439508512558,0.9535048397875993,0.9587926612653435,0.9514043343419418,0.9549316924030126,0.9458572415175416,0.9520204989473138,0.9577973202043975,0.9457180261248078,0.9544051228689833,0.9549253807749067,0.9561715114589558,0.9578164634023898,0.955378144955456,0.9519694648653569,0.9534884588831253,0.9480948139267827,0.9494923483375488,0.956511115041647,0.9532565738791768,0.9553374600171628,0.9552582416179771,0.9546080912812497,0.9532732564890147,0.9546394487360402,0.9524222747685898,0.9434071299488634,0.9532467371861497,0.9524921538341661,0.9525764070799912,0.9557514457265446,0.9496932282680063,0.9468171534562057,0.9493880513006558,0.9536296237025902,0.9565272708972099,0.9580990701487424,0.9561041755943598,0.958442634813079,0.9510687465494848,0.9460739520774937,0.9573856388498042,0.950918387324434,0.9473644034942758,0.9532995728038711,0.9596322143140263,0.950282184017506,0.9524930782782354,0.9560329190748729,0.9584380157359742,0.9525843935428053,0.9446822504265371,0.9488613321594741,0.9570842775163946,0.9586253096848445,0.9543814103587934,0.9504962914303545,0.9507785555165309,0.9547309899120104,0.9550690351299209,0.9546101595445615,0.9534011269701018,0.9569836302480442,0.9584019746706333,0.9527757797906667,0.95430506780363,0.947972044723259,0.9528009551952809,0.9505901161892658,0.9545635137418768,0.9525632289506404,0.9562808375300714,0.9523158439455741,0.9566857694744852,0.9551661401199871,0.9532173598068521,0.9529161098741267,0.9522434427849089,0.9539626811400084,0.9547286280040946,0.9513310168743551,0.95523891745388,0.9549347081274,0.9539465477336124,0.9516840006427911,0.9573215624878253,0.9557493389047469,0.9518785331236743,0.9579200041704671,0.9529124545948096,0.956087923113187,0.9482983458735875,0.9521033519206641,0.9549858192282785,0.954503932012237,0.9481761799259607,0.9583787475560606,0.9533828852948157,0.0035527547734283686,40
262.5569544124603,147.45321167265044,0.31626168251037595,0.323862445731224,0.013154903428519675,9,0.7035132276732117,2,4168,0.9410460479419269,"{'learning_rate': 0.013154903428519675, 'max_depth': 9, 'max_features': 0.7035132276732117, 'min_samples_split': 2, 'n_estimators': 4168, 'subsample': 0.9410460479419269}",0.9403091107406387,0.9473269414307229,0.9596447196285575,0.9494516797335049,0.9485349628207855,0.9547425170044957,0.9502338374156016,0.9518142869211561,0.9415631738172215,0.9502411877150287,0.957187541039176,0.942054300565568,0.9514239847034197,0.9522832449465742,0.9534441466053704,0.9535109330322997,0.9535286222289624,0.9513895830379123,0.9501605069056451,0.9444514748055273,0.945658239211749,0.9555786791540738,0.9459518852707272,0.9525916956707547,0.94960013050651,0.9500124007039829,0.9480016613986462,0.9510057405904098,0.9473508681483253,0.937767388472253,0.9523015738376237,0.948217676426023,0.9469028254219305,0.952002515734413,0.9445595519458827,0.9443550622905883,0.9462339388141876,0.950202544940688,0.954044168426699,0.9560437794769518,0.951608235146521,0.9559053043698775,0.947446232098583,0.9421633169302408,0.9546526817942095,0.9479795015052884,0.940290308066238,0.9499224532913151,0.9559640758537731,0.9468126964600618,0.9507640192944745,0.9523722368815295,0.9534144283429182,0.9498244890803319,0.939547529382777,0.9438819489445192,0.9533082303515248,0.9575730725434738,0.9505441276968316,0.9450285284446436,0.9467510326248744,0.9501869409599621,0.9526930684940068,0.9507820318988183,0.9506196647669887,0.9525041148581691,0.9563816097029044,0.9503632879420281,0.9524532281818862,0.9457969462370228,0.950043785208099,0.9471574540323456,0.9516393763037138,0.9531081512792609,0.9538558897797619,0.9494620467695756,0.9535936376361016,0.953467004606561,0.9500116030412239,0.9497622584700308,0.9472816462890882,0.951501815260216,0.9510182005998085,0.9488476031556113,0.9521271746402289,0.9503256892707138,0.9489551802443951,0.9509249263780792,0.952064799616325,0.9525710104241121,0.948183613476589,0.9546665238311127,0.9501048488507942,0.9517248393648282,0.9459005732176966,0.9490516836721442,0.9524057735497913,0.9511585504787452,0.9448719590873391,0.953627981669945,0.9499863002389062,0.00408854596969041,97
124.96288630008698,80.99174735795123,0.3965761756896973,0.39581087285747485,0.058787488174591576,9,0.4287208298911828,2,4168,0.8147337384172095,"{'learning_rate': 0.058787488174591576, 'max_depth': 9, 'max_features': 0.4287208298911828, 'min_samples_split': 2, 'n_estimators': 4168, 'subsample': 0.8147337384172095}",0.9424233794201649,0.9495624240312379,0.9585670303747649,0.9506154099873072,0.9514069611470043,0.9556784308289589,0.9502059164489493,0.9514921556328542,0.9429793436256911,0.9496108100397391,0.9564449114175295,0.9444168705358688,0.9511710793654676,0.955254103897902,0.9527340969430005,0.9529100812920823,0.9532687044750047,0.9520072060988126,0.9524729913697447,0.9468711423973766,0.945019755418652,0.9545757857492948,0.950258634369357,0.9523607825533846,0.9522898590672905,0.9522527224837612,0.9486384125305795,0.9524148754208349,0.9478768083143467,0.9381309749633895,0.9524834908551428,0.9500145164302001,0.9503119789737792,0.9534039207880655,0.9483594093535335,0.9458891695986935,0.9491716861793636,0.9505838596562678,0.9557547703135377,0.9572976452021655,0.9527596237250676,0.9557362958085247,0.9484244812224462,0.9422295519431344,0.9553778737026278,0.9488193954196303,0.9444105596500825,0.9509519298714467,0.9579349250359225,0.9500206756070753,0.9510550717579462,0.9538763014202106,0.9556885642996136,0.9514079318077058,0.9413222269371803,0.9452308464633687,0.9538781135477318,0.9567615995015628,0.9516217984347382,0.9445790929099851,0.9475040481745236,0.950168461163885,0.9531963799102225,0.9539760847227938,0.9507482267432363,0.9522269192337826,0.955558351172785,0.95092485247294,0.9525253029187964,0.9458038096824747,0.9498481426032993,0.9483847364159496,0.9504771908970768,0.9509069306478979,0.9547837078609451,0.9513723229085213,0.9543925005218364,0.9547556434253852,0.9511951598313418,0.9510026318241079,0.947852417511082,0.9515839931609403,0.9521382934184056,0.9495445389259706,0.9532458714319322,0.9502475250132174,0.9507962204110066,0.9525668707217406,0.9526513245235735,0.9535123952436986,0.9482823613726499,0.9562878827804154,0.9515923980784632,0.9539846771198015,0.9451230486932414,0.9498328080281796,0.9534828121200012,0.9503169439084062,0.9469392993759327,0.955295369953639,0.950942974215412,0.0037896267292138993,79
123.86140141487121,83.51344466399968,0.4097258925437927,0.42158871185946817,0.0074256256636144845,9,0.4770112689529312,2,4168,0.6106544380455997,"{'learning_rate': 0.0074256256636144845, 'max_depth': 9, 'max_features': 0.4770112689529312, 'min_samples_split': 2, 'n_estimators': 4168, 'subsample': 0.6106544380455997}",0.9442217147637907,0.9524910132950337,0.9620603635173915,0.9538194294981963,0.9535368244453754,0.9588752193823248,0.9532760208509843,0.9552922995513489,0.945750895321711,0.9532715993395838,0.9589155465718678,0.9470633271188663,0.9543687914066453,0.9567359704203093,0.9562115766570779,0.9566629319221339,0.9567542742021433,0.9541248237648638,0.953446144319915,0.9496498421623853,0.9483372504857857,0.9576636777594925,0.9509564341885809,0.9558792517136314,0.9552525336152056,0.9543567135758446,0.9535808749916828,0.9547669124893274,0.9508719938118866,0.9426689254936874,0.9552030109746475,0.952556625724917,0.9517314084232219,0.9562237635449576,0.9487693716736434,0.9470426585678384,0.9493244070724889,0.9530647609042598,0.9569588363780077,0.9595637105604102,0.9556192418907284,0.9592850444343414,0.950886308837375,0.9461956728960473,0.958009640639929,0.952724642771951,0.9456749246528503,0.9529640888524877,0.9601680842877115,0.9508120146327592,0.9531305994319487,0.9553470809724566,0.9575305717909899,0.9521525631617895,0.9433156373656518,0.9483491629206033,0.9567175800444264,0.9591167004597665,0.9539873890036169,0.9490525767260869,0.9509454698019838,0.9550266124867014,0.9553111917048374,0.9549184476925713,0.9546576740921671,0.9553785826478237,0.9583459465955219,0.9535736664468342,0.9558968553055949,0.9481705694303328,0.9521579718824864,0.9511383032299207,0.9545557380970907,0.9544351338598661,0.9563458744193104,0.9522620557227462,0.9556982030043639,0.9570392247304836,0.9533985020896973,0.9536152837992662,0.9505984197119816,0.9548495377143733,0.9544699621304009,0.9516073522413083,0.9552698290825687,0.9541915199720502,0.9540092821441185,0.9537121578992134,0.9562353486548794,0.9551641592661927,0.9517590588558223,0.9577508839999763,0.9544356395135808,0.9564977144586514,0.9499696954464959,0.9526890951492035,0.9557629115286467,0.9544168525499568,0.9496645069282682,0.9580639365314167,0.9535633042705369,0.0037170370775730216,34
167.6383525300026,116.35491498209403,0.507174687385559,0.516936642681432,0.003542301979862929,10,0.519294212142261,2,4168,0.8664566840767005,"{'learning_rate': 0.003542301979862929, 'max_depth': 10, 'max_features': 0.519294212142261, 'min_samples_split': 2, 'n_estimators': 4168, 'subsample': 0.8664566840767005}",0.9408783961089109,0.9490592715182136,0.9600657255691919,0.9504922341411948,0.9494108743093629,0.9549788249737554,0.9502295408199407,0.9515506224272114,0.9418423362566056,0.9508211106705575,0.9564205398437411,0.9433619379271285,0.9510882951054969,0.9533127755586227,0.9532621260330933,0.953571751737593,0.9535371322170922,0.9511264874943633,0.9508544843689969,0.9458488163250366,0.9447479678428103,0.9555586854987262,0.9471786542338373,0.9522733380814059,0.9510382719283701,0.9519750962942353,0.9498768485800442,0.9512760662655486,0.9481119243831732,0.9383299524575889,0.9522751863599445,0.9485997257553194,0.9479284487074197,0.952242902315113,0.9450378657195597,0.9450935542182766,0.9467170528569226,0.9498810504478984,0.9545501933129078,0.9558628149316077,0.9515249100453771,0.9561096213027422,0.9491770549124259,0.9426578992913256,0.9541795744521901,0.948799888985771,0.9419955189072426,0.9499419514013023,0.9572137737752751,0.947439292578916,0.9497891582906355,0.9531437904495388,0.9547859749303658,0.9498428641928364,0.9407684365148776,0.9448104289795136,0.9546590827278671,0.9575548765025478,0.951445101573546,0.9454527332698788,0.9474018433568863,0.9517277415442523,0.9524181311391904,0.9515469297404247,0.9515974835081221,0.952834626479351,0.9555401417590109,0.9498482014805514,0.952167715095992,0.9451400228143663,0.9496496959202069,0.9472724979940117,0.9519885751636348,0.952834900744042,0.95438912292973,0.9495070027236544,0.9534324354145739,0.9536766645870648,0.9503371269067374,0.9501345377959303,0.9473930414880305,0.9522865885287394,0.9523259080681324,0.9484551337030563,0.952218107577208,0.9509073209051709,0.9504313817219624,0.9511747692155357,0.9529655677318217,0.95253527146505,0.9475911643958768,0.9553177007313275,0.9515292596556805,0.9525981925689991,0.946608176851803,0.9490383546424253,0.9526194119944082,0.9517191244289928,0.9458876801655747,0.9549293717661337,0.9504353774138465,0.003932624453417012,91
17.750755984783172,17.318539307504416,0.07121870756149291,0.07718544743134652,0.2734032352073796,10,0.34288512029063584,2,4168,0.8022354374607745,"{'learning_rate': 0.2734032352073796, 'max_depth': 10, 'max_features': 0.34288512029063584, 'min_samples_split': 2, 'n_estimators': 4168, 'subsample': 0.8022354374607745}",0.9332637399685101,0.9367564371976209,0.9444171800122577,0.9332737877213093,0.9346342105614532,0.9422795522950402,0.9384832066256381,0.9419369050485343,0.9220156843322403,0.9384426558273193,0.943664181398412,0.9255990018882513,0.9390562167707606,0.937743046047737,0.9430236972383995,0.9402389945012156,0.9377257981314581,0.9400730039191784,0.9402787285217784,0.9327746518857489,0.9269727622700631,0.9406733177706498,0.9324745081943725,0.9378275534460022,0.9380927181943888,0.9382674509092712,0.938539020915171,0.9373915246647185,0.9313637935070836,0.9213088764616102,0.9359592867654871,0.9409714726601862,0.9368687793604052,0.9405971491271302,0.9331299297112162,0.928123615077187,0.9324511927728607,0.9387070126443627,0.9394444584707713,0.9431128129159227,0.9434592031452509,0.9448529931801674,0.9335309804579524,0.9259467899689465,0.9418156605423882,0.9355981578663356,0.9271707924130205,0.935232618859442,0.9411372548115052,0.9354185560900428,0.9368247335523547,0.9411250174622654,0.9395052386020242,0.9336338435934322,0.9301040098688765,0.934269285004195,0.9457199920379847,0.9461485392643332,0.9386090823464033,0.9279527163458947,0.9340310864720449,0.9426320255471771,0.9378156178314867,0.9369207508634368,0.938707488017323,0.9357204654099589,0.939177703107452,0.9369811390583415,0.9409937269429883,0.9333574945735148,0.9371676259490518,0.9336644970280533,0.9418606336890724,0.9371141818861013,0.9432420241600981,0.9354817276355091,0.9423075242796495,0.9408965408759065,0.9360398415620044,0.9380751905423896,0.9384150652785631,0.9382764646843799,0.9396617625141833,0.9383853712617197,0.9397424975424892,0.9376592967645391,0.9359364444020847,0.9338541348247077,0.9364553476618986,0.9426526694697319,0.9331025454910414,0.9416762498443009,0.9444787059988444,0.9372432425791538,0.9308473451285585,0.9378111607867579,0.9396617155078489,0.9387212502295493,0.9340363228059545,0.9416021411248842,0.937184204004773,0.004891151418784913,186
130.6921285533905,84.39293084457435,0.1630224347114563,0.16944783228764196,0.06549741060235847,5,0.9023229491727829,2,4168,0.7385529462805007,"{'learning_rate': 0.06549741060235847, 'max_depth': 5, 'max_features': 0.9023229491727829, 'min_samples_split': 2, 'n_estimators': 4168, 'subsample': 0.7385529462805007}",0.9466001753343269,0.9511197043867987,0.9581761600837521,0.9521882719287,0.9543930181053871,0.958307943946433,0.9520116712784518,0.9541434205064322,0.9431218593306155,0.9525180847514394,0.9571528325402565,0.945927818648528,0.9554034985112484,0.9532768665898715,0.9558981976450163,0.9555871859476842,0.9551985332325896,0.9538362377514578,0.9521957284998824,0.9492047117012535,0.9493435741772526,0.9531222488074759,0.9510055374048153,0.9553706989823813,0.954352768276975,0.9533818853042653,0.9547203015800234,0.9539349870336791,0.9516780727809143,0.9396587165987649,0.9540098010140627,0.953430671767432,0.9519443551900426,0.9541927047305374,0.9527806837104686,0.9457256133225614,0.9493847099640814,0.9532073406670141,0.9571771618678213,0.9590100962821485,0.9534666332331437,0.9586537830190399,0.9506693347327859,0.9461165195164379,0.9550395566286312,0.9504963983836877,0.9455626353802687,0.9534282555416455,0.9598301838943529,0.951502208891933,0.9540846770974064,0.9557338433785761,0.9571704087260335,0.9535392883272681,0.9432653490895205,0.9512695349360112,0.9553800015743839,0.9569423265800356,0.9524734196940842,0.948123107048106,0.9486929666365117,0.9541051759334046,0.9557391862205483,0.9544784629267999,0.9542212655928609,0.9538415860965493,0.9556600320839505,0.9550076204683561,0.9555877998153206,0.9489182721433975,0.9523165096824663,0.9522764350175073,0.9550678562464555,0.9515919722805251,0.9539606581679576,0.9508335967826458,0.9569448469917212,0.955970229943454,0.95217608597034,0.9526866955774534,0.949459836949237,0.9526203384643367,0.9529387700143334,0.9528631331253193,0.9537688788600968,0.9532241077089258,0.9521961576939161,0.949875776245247,0.9560266189978472,0.9566757866144404,0.9511341264563753,0.9555184943595884,0.9532101930517501,0.9564745854518432,0.9481155171959217,0.9528897554547794,0.9551383714080453,0.9555032315780033,0.9491326194556778,0.9559699733169158,0.9528925484283701,0.0035240398614412504,49
22.20645749092102,21.60418473252279,0.08357556581497193,0.09509137930535284,0.3147454283856185,12,0.5971235036366592,2,4168,0.5532549058138174,"{'learning_rate': 0.3147454283856185, 'max_depth': 12, 'max_features': 0.5971235036366592, 'min_samples_split': 2, 'n_estimators': 4168, 'subsample': 0.5532549058138174}",0.9154667897758517,0.914909933293663,0.9380292056126412,0.9282977122252108,0.9248741696700722,0.9347278967710265,0.9209155465981343,0.9275987097738242,0.9199490472986973,0.9275070986320791,0.9375884653319633,0.9105005901606685,0.9236123960324824,0.9251259726118987,0.92440178324971,0.9297161195467422,0.9274539178064436,0.9315036764463319,0.9260148057299074,0.9248955509432514,0.9186512983947177,0.9301366117379253,0.9140509443034238,0.9289446560803781,0.9245608470203287,0.9236248905267229,0.9256430829205308,0.9272064466079362,0.9203039426331965,0.9144892801533934,0.9263017913852492,0.9265578811817194,0.9205056317307168,0.9306075016253883,0.9208467062086889,0.9186659797184299,0.9161667233998153,0.9291433348084046,0.9287546610790155,0.9370350094766907,0.9271841845005864,0.9332874182474574,0.921973132298599,0.9198261541745913,0.9287660719569389,0.9264943918276053,0.9084459691544396,0.9290423106387005,0.9321951114098428,0.9194168941607636,0.9306251146729209,0.9278371058353416,0.9310556525047295,0.9267030595473209,0.9161451403955694,0.9194826340916306,0.9270586626601225,0.9333673856748584,0.92803300263396,0.9190531910472421,0.9218538252204408,0.9226980170631869,0.9293935870022996,0.9267037153179237,0.9207334808345579,0.9296611859332622,0.9283565598223975,0.9202143474427324,0.9312782569106207,0.9237009432551311,0.9219860067398755,0.9265363443629464,0.9247799606349966,0.9227935687869143,0.9257856080641685,0.920027201922963,0.9316686879850289,0.9326352407448646,0.92465435349584,0.9246429644955213,0.9210584467912908,0.9309535615939882,0.9238519569053287,0.9282723447850724,0.930944380813669,0.9241206563293302,0.9328063548676532,0.9288213176078196,0.9239868927632411,0.9251756289711096,0.9235459115423127,0.9291026104568092,0.9228668112031064,0.9259333117921111,0.9223914099135259,0.9184352304453975,0.930629973159466,0.9166073516425224,0.921946183342866,0.9247740458356476,0.9251760743273444,0.0056007779153797975,200
235.84307317495347,128.01478883593612,0.48526291847229003,0.4948537358090337,0.01970268772826537,12,0.6143991414158105,2,4168,0.8294170684987832,"{'learning_rate': 0.01970268772826537, 'max_depth': 12, 'max_features': 0.6143991414158105, 'min_samples_split': 2, 'n_estimators': 4168, 'subsample': 0.8294170684987832}",0.9386491593843374,0.9445581998734547,0.956097520428787,0.946530788741122,0.9458936373567272,0.9511035371795655,0.9460555704300461,0.948215231586117,0.9378348707043419,0.9470050043885591,0.9535739814711446,0.9378026252136598,0.9477588683514251,0.9491648815833655,0.950041456698231,0.9507917619465395,0.9497321091895324,0.9480319624607716,0.9463941170239377,0.9409638424320659,0.9415896566744948,0.9523610473624897,0.9433369557092737,0.9487140287052113,0.9469552861502442,0.9486071999083668,0.9446052521491884,0.9480459350980438,0.9437164654582755,0.932909944745411,0.9494323205206561,0.9440734350240552,0.9436270001274987,0.9482444406841511,0.9416771735235958,0.9410851734175212,0.9430852381759565,0.9462129620689529,0.9517027443814225,0.9524986534383493,0.9474542574926219,0.9521952005203465,0.9450265948562709,0.9377885927575926,0.950207858231761,0.9451742065126219,0.9369730412787661,0.9470525735670113,0.9533908105202444,0.9437121052411738,0.947182912856227,0.9492493962140927,0.950556498828658,0.945414605100108,0.9370557667784276,0.9394204814213225,0.9508207756708921,0.9543881467348486,0.9487004354844147,0.9414900645485754,0.9428573646881234,0.9462564784604588,0.949335749426749,0.9479472995694179,0.9484791967924173,0.9482419900155589,0.9522506587311342,0.9454047989632406,0.9492621379225838,0.9412045843322007,0.9461228799002398,0.9436808928114654,0.9473609596651359,0.9482176020545168,0.9505536285043323,0.9460931600510256,0.9502993694994015,0.9511263005320532,0.9461473185231644,0.9454743457901127,0.9418747940397573,0.9479919552258312,0.9482887883327702,0.9458178464087098,0.9492287949103719,0.9468267657445117,0.9456714658114215,0.947239624387105,0.9489400017687708,0.9492527682036493,0.9422142231564286,0.9523531877965319,0.946979325021239,0.9483021442107645,0.9433440247211125,0.9455348473504345,0.9484404159841086,0.9483048694751666,0.9406162332156469,0.9515716390135945,0.9465704479539412,0.004235793811851553,148
103.27514355659486,74.67864763798674,0.15616599798202516,0.16032972388773556,0.19115907462495102,8,0.7373263013539815,2,4168,0.7790064005873156,"{'learning_rate': 0.19115907462495102, 'max_depth': 8, 'max_features': 0.7373263013539815, 'min_samples_split': 2, 'n_estimators': 4168, 'subsample': 0.7790064005873156}",0.936648065998634,0.9427936704768589,0.9542970977182564,0.9462976654934184,0.9474615147073292,0.9497183406371772,0.9437829874331461,0.9458089976609544,0.9385477955888504,0.946277162341661,0.952120741126395,0.9350215213996653,0.9444179091448139,0.9444637061145993,0.9457739856617375,0.9491893107181966,0.9494683025064684,0.9474407784968598,0.943978194417897,0.9408600955231089,0.9384278060183079,0.946255355033044,0.9405265837279209,0.9499536683807686,0.9445401711514179,0.9445072297933643,0.9421313043923918,0.9449396187586934,0.9443402727754681,0.926334335912985,0.9458238974972022,0.9434548924882901,0.9438425940720396,0.9461772327146598,0.9396210299341763,0.937458578351527,0.9381256677613528,0.9424554254756614,0.9471705186636247,0.9525992653539411,0.9459054560320843,0.9496110519983191,0.9419120061961013,0.9362428941303214,0.9501621145841637,0.9428506568474003,0.9365329767429761,0.9460787720898958,0.9535279732374318,0.9399643241826937,0.945979317840365,0.9450880786840713,0.9489300195068741,0.9427402816574031,0.9358336478657183,0.9380476769097364,0.9478592177610937,0.9532949797875679,0.9414975886958461,0.9388108617353742,0.9433553730745535,0.9445297287803867,0.9487648379390514,0.9477017781104626,0.9463979260073332,0.9442657679227344,0.9511912566725331,0.9426965290421133,0.9480734129529252,0.9433029396288592,0.9444207078677453,0.9408456730531978,0.9458271013375337,0.9464397996193328,0.9464511886393432,0.9404705900693893,0.9485350794708407,0.9503868850090007,0.9419480644640676,0.9445961918592376,0.9430589822553447,0.9451361695707404,0.946831871978394,0.9419644171523218,0.947923573843909,0.9450875361146732,0.9416656544986213,0.945178890961623,0.9472994665822452,0.949272158837987,0.9419719046370268,0.950365945554893,0.9482936300094137,0.9464803076891284,0.9402869240888879,0.9453907855874994,0.9479205409616047,0.9448546699323175,0.9415875621329158,0.9479430828661186,0.9446263809468459,0.0044954251438465345,163
69.34280231237412,57.25192616010198,0.2140754747390747,0.218286658756379,0.007905759575680264,6,0.38328835821838003,2,4168,0.6596977658090665,"{'learning_rate': 0.007905759575680264, 'max_depth': 6, 'max_features': 0.38328835821838003, 'min_samples_split': 2, 'n_estimators': 4168, 'subsample': 0.6596977658090665}",0.9459745857535502,0.9545241224270498,0.9631102761281777,0.9549201809785461,0.9555522670650163,0.9597312139346672,0.9538086368374583,0.9560824848986931,0.9470827264318336,0.955333653720982,0.9595350198635777,0.948617561721795,0.955409913596938,0.9567076258382198,0.9576597622371167,0.9572389222104878,0.9579240317213725,0.9546537540857103,0.9541101929962881,0.9514417536402981,0.9503841289934997,0.9574848214253633,0.9521780380456267,0.9562859737559829,0.9560605504556483,0.9560447359262384,0.95588963348572,0.9556831348933145,0.953749943638557,0.9431411125877148,0.9556627948262363,0.9552768695815375,0.9536646091428386,0.9564631582962377,0.953832058857077,0.9481141214757277,0.9513844079236989,0.9550682838411112,0.9579574348745278,0.9608527577297102,0.9554892839716722,0.9606574001489184,0.9521434058620409,0.9482883571767368,0.9585684938933249,0.9542654487512767,0.9481766347802559,0.9547715155064614,0.9608797519070962,0.9511056959255925,0.9544098629556824,0.9572110893867847,0.9594627518473049,0.9543846459280678,0.9452724671403671,0.9512855109374565,0.9572783798090536,0.9597344408712507,0.9553354988309313,0.9505347681469867,0.9521679257165677,0.9572593970970384,0.9563649718657501,0.9553352036928782,0.9546288667084042,0.9569443748384237,0.9589593220692635,0.9561152933681274,0.9564891327841804,0.9501130389227027,0.9544649560125097,0.9528053424635083,0.9557290334248504,0.9535654696095419,0.958593780520854,0.9527111624128795,0.9570459231203664,0.9576533887431564,0.9544924550923963,0.9543558932652018,0.9518645789247518,0.9566718604486233,0.9558972697597132,0.9532095989456584,0.9569283962641634,0.9554867030085689,0.9546193778012375,0.9536588027949491,0.9578545706396663,0.9569964737963118,0.9523020724276852,0.9581344210206443,0.9557426147613883,0.9582874675095285,0.9504127019946101,0.9540716301567307,0.9563453311674691,0.9561420608200772,0.9516942282017338,0.9586940270677706,0.9548466177886128,0.003482881315140447,6
94.28162819623947,66.88362728918058,0.3043988299369812,0.31673739970361636,0.002099302779853093,7,0.41157455805695187,2,4168,0.8408431353009675,"{'learning_rate': 0.002099302779853093, 'max_depth': 7, 'max_features': 0.41157455805695187, 'min_samples_split': 2, 'n_estimators': 4168, 'subsample': 0.8408431353009675}",0.9410418281772034,0.9492532903750238,0.959470208193435,0.9504796429145578,0.9505816132262036,0.9555110640881425,0.9502693124118108,0.9509610649249925,0.9414574420816109,0.9505568784206642,0.9564184848066498,0.9434782500528867,0.950047487202422,0.9531554258587116,0.9531945660861367,0.9536858662883767,0.9539850035882387,0.9495677546414323,0.9496904233392546,0.9469124953547641,0.944569906057475,0.9546336117972017,0.9467974390412678,0.9521634376949417,0.951306536522059,0.9516687542273433,0.9510743398572552,0.9505550695164396,0.949519725064203,0.9366833516029848,0.9516815966208897,0.9499968116326226,0.9472309403780097,0.9513512679400414,0.9479787317833582,0.9435912825168067,0.9461885855320368,0.9501382006473188,0.9539531567769644,0.9557570452200398,0.9505948233246788,0.9562457235225296,0.9482016439558513,0.9429861669684902,0.9529208497005569,0.9491587591673386,0.9439050501199306,0.9500330494748364,0.9567197723919733,0.9466600784990248,0.9491827732931467,0.9527817637229161,0.955652879788059,0.949325147901123,0.9410613615686788,0.9463946814236889,0.9536935871102565,0.9557057730907207,0.9516025132120342,0.945205033744449,0.9465257632998098,0.9532142533075771,0.9519942078523063,0.9508703526083127,0.9513228474418328,0.9523748141004263,0.9547466039233392,0.951080478874855,0.9519308208148312,0.9448077336170688,0.9491942004107761,0.9476931254687002,0.9511872787074785,0.9500810785110897,0.9547691516821183,0.9480765151239363,0.9524747471250449,0.9539408307302892,0.9499250079503292,0.9491957454513549,0.9454457872160682,0.9522481017531047,0.9527949305852038,0.9491415443157383,0.9513912376099727,0.9504363632721133,0.9495569456315072,0.9496810667704005,0.9531643489535446,0.9527670721185504,0.9473637270648809,0.9544247158449578,0.9509625671897808,0.9530867755475317,0.9461047754392724,0.9493208369968473,0.9514458415148314,0.9518597153375141,0.9461905305110109,0.9548087212967711,0.9502219048641314,0.0038463253547797727,94
141.7163554573059,79.01032430044248,0.3038551068305969,0.32505614909454966,0.008952858170585108,8,0.5661338573527634,2,4168,0.773315271193567,"{'learning_rate': 0.008952858170585108, 'max_depth': 8, 'max_features': 0.5661338573527634, 'min_samples_split': 2, 'n_estimators': 4168, 'subsample': 0.773315271193567}",0.944679556985965,0.951997626289704,0.9620819619016807,0.9533756670492386,0.9529908359535534,0.9582747351037458,0.9536550493479028,0.9549686249792121,0.9455964866160993,0.9520969872205889,0.9593649854608375,0.9462332296943433,0.9544893627699462,0.9556368060727599,0.9567958390465087,0.9563539814810749,0.9565952510893105,0.954797477543554,0.9536021940406921,0.9490714414988213,0.9491099823952823,0.9575831012308056,0.9509894296047497,0.9549479547906434,0.9548430501090027,0.9541378600950934,0.9528266239386972,0.9548990915981602,0.9511725895219879,0.9405095266742236,0.9541839064919383,0.953206058218533,0.9517680183788382,0.9555660864673604,0.949775554491812,0.9480290913701155,0.9508273186407428,0.9536340310993437,0.9563961450642543,0.9592818094842767,0.9553319988973261,0.9588635571641789,0.9509755529809367,0.9455258587669202,0.957925707108967,0.9522432811272976,0.9456307607759314,0.953539320604641,0.959814378805747,0.9497357129935963,0.9540156291567141,0.9566842871377648,0.957691444041001,0.9531616831353936,0.9435264376642528,0.948349859921009,0.957099890124358,0.960258306003322,0.9541475158902184,0.9484361712572879,0.9505639384310433,0.9548827160502709,0.9557900880747544,0.9551519180157128,0.9545265230135364,0.9557559784987243,0.9583182205699333,0.9539345213098103,0.9562515084278727,0.9487385428077635,0.9528028379208936,0.9510115856272489,0.9550237159887818,0.9548667501194574,0.957157197545984,0.9530990662373486,0.9573002289223445,0.9563813196275823,0.9533085648635715,0.9529624205599402,0.9510824551322643,0.9548943993354627,0.9554493078509949,0.9515135557864746,0.9554480735479263,0.9541753251365509,0.9537794003608452,0.9537732322981651,0.9555853416476514,0.9558572180546715,0.9522251734930219,0.9584255244284403,0.9541211469669234,0.9563956687427486,0.9492996881210565,0.9523363654992895,0.956397053093714,0.9552991681468185,0.9499190336101209,0.9575515296806533,0.9536065898691463,0.0037904752083511815,31
265.9797257375717,120.82395802604277,0.7228862524032593,0.7396022578507594,0.004699090486003942,13,0.7288114078786097,2,4168,0.6565132929283641,"{'learning_rate': 0.004699090486003942, 'max_depth': 13, 'max_features': 0.7288114078786097, 'min_samples_split': 2, 'n_estimators': 4168, 'subsample': 0.6565132929283641}",0.9377470386096397,0.9447307794306253,0.9565782320471206,0.94741147154776,0.9475072275476542,0.9520439847506461,0.9476052950325788,0.9492159101603858,0.9381106542197248,0.9467416065386672,0.9540268814978266,0.9388148733834449,0.9489698355233503,0.9491884170134136,0.9502831271724336,0.9507099408822307,0.9510083219609601,0.9490413977393521,0.947597158682083,0.9420279532921146,0.9418737838531551,0.9534302276734314,0.9441024857708915,0.9500316863092333,0.9473783995857745,0.950180828387234,0.9460935042209416,0.9488883053931819,0.9430818663443726,0.9326640046923825,0.9489684939516886,0.9447076145165577,0.942989694879299,0.9499476964391921,0.9408971234422426,0.9412050424268672,0.9424618545599031,0.946124693064387,0.9522971031597568,0.9528610078329218,0.9484555767839993,0.9529707839544045,0.9461136864635237,0.9386369854316114,0.9513730429100213,0.9463047514516097,0.9366956492203912,0.9471717738696792,0.9544950726449108,0.9443773496901172,0.9475763518363387,0.9501234719153173,0.951531251121231,0.9451715460759129,0.936727014592904,0.9419404041056018,0.9520426836651565,0.9548350609965761,0.9482191497241264,0.9408982998009408,0.9441450205135841,0.9472804717731468,0.9502838960664073,0.9489460734653531,0.9473584624633856,0.9495956617179238,0.9533716559331702,0.9470025187543291,0.9498735679226296,0.9408198014219609,0.9473193421557702,0.9441064989646363,0.948168059881595,0.9482148187725258,0.9513850571558814,0.9472246964676686,0.9498845658898077,0.9511613535902562,0.9468607349338136,0.9462953861397794,0.9443322023871139,0.9481270549109673,0.9490297546935879,0.9471713706515157,0.9489670827399902,0.9470574473507812,0.9464791519660448,0.9478651555993766,0.9493097720370106,0.9501719446079481,0.9428301694665502,0.9532739385825354,0.9478362425619727,0.9494161443560403,0.9441199248175951,0.9459323323032461,0.950359601297967,0.9485076545643549,0.9413702590942653,0.9517336843471795,0.9471839396210947,0.0043910791303733996,139
86.21467220306397,62.61105562382908,0.202996084690094,0.2004421706906363,0.09007975215349343,5,0.47952557638509563,2,4168,0.7829529791145666,"{'learning_rate': 0.09007975215349343, 'max_depth': 5, 'max_features': 0.47952557638509563, 'min_samples_split': 2, 'n_estimators': 4168, 'subsample': 0.7829529791145666}",0.942783214492127,0.9519963461135392,0.959022775648475,0.9508089362583471,0.9524985321843943,0.9574886039916679,0.9501170000896072,0.9517952666106717,0.9415035780900266,0.9511009961846703,0.9554002534447925,0.9471578012706041,0.9522554920346556,0.9536921034444453,0.9542865151774934,0.9544974644948627,0.9543848931161398,0.9498284112842613,0.9536885682507921,0.9484160672577162,0.9467886126995552,0.9526848393221757,0.9480377760753911,0.9535294633336541,0.9549955994671664,0.951583476527149,0.9547442968614672,0.9544728529558387,0.950282400647989,0.9404729151026194,0.9516854543479227,0.95433598243041,0.9496803336497556,0.9529349895053048,0.9492604115353716,0.9441127117626805,0.9468301659185958,0.9526939371532631,0.9542050807113951,0.9592231599361405,0.9541484837676986,0.956148552133973,0.9510763899551257,0.9446306998092495,0.9545514454236046,0.9472390280265187,0.944422837087293,0.9537000137746201,0.9593257348391858,0.9489883747305442,0.9525287148844346,0.9547748046227742,0.9567935991212918,0.9514359930173694,0.9439266827312953,0.9490874985548402,0.9541998745842339,0.9565798399662166,0.9528662295195665,0.9478668682918855,0.948746939813233,0.9528275708468706,0.9557817502986774,0.9522668466976084,0.9533302264298879,0.9527625844871065,0.9565946870141998,0.9533278730405375,0.9550160159219843,0.9470257174991401,0.9530527659392879,0.9497485019623906,0.9541688988853877,0.9521081111835908,0.9539316826240787,0.9493355027345597,0.9531122392164055,0.956718510724693,0.9507589299105627,0.9522908920245053,0.9481933100464497,0.9533628808281438,0.9519540223351957,0.9506714270947637,0.9541756263816847,0.9530477952572125,0.9530896484134096,0.9504986045960926,0.9555425124272698,0.9531555336471079,0.9499994419923106,0.9533517830552941,0.9522691212878784,0.9554256001323147,0.946772943319993,0.9510546848788802,0.9544220922020977,0.9536555608232266,0.946669743504059,0.9566934297470036,0.9518648095344996,0.0037146667484263068,63
176.0354839992523,117.79698387356001,0.20202848434448242,0.20984962513783564,0.04291901388569427,7,0.7062131452903928,2,4168,0.9132119825742047,"{'learning_rate': 0.04291901388569427, 'max_depth': 7, 'max_features': 0.7062131452903928, 'min_samples_split': 2, 'n_estimators': 4168, 'subsample': 0.9132119825742047}",0.9450526188440294,0.95023991827672,0.9609015779419569,0.9520184582300943,0.9528039947997445,0.9570295565609674,0.9531978079864145,0.9547819380362194,0.9445054025667834,0.9526384965596071,0.9585399042576658,0.946288957580142,0.9537667625516406,0.9544807430159322,0.9552685948454269,0.9547870300934186,0.955994319766479,0.9534986059412984,0.9515846483236887,0.9478353912228368,0.9484599073284671,0.9571245709230899,0.9502322367701026,0.9538289615129364,0.952885037737427,0.9533187753055312,0.9513517234756863,0.953195446100394,0.9499491504901765,0.9413456762877657,0.9545497676593416,0.9526576661705596,0.9503985108267025,0.955301284711368,0.9496152732313441,0.9458437939355244,0.9477510537562455,0.9539316266420349,0.9564037919289358,0.9587464250754212,0.9547675268844668,0.958433360696197,0.9497563894718429,0.944486943449496,0.957415006429031,0.9502669904073776,0.9453589421909387,0.9535566269934115,0.9588663928421911,0.947781160982437,0.9534666123029859,0.9555252362968996,0.9560770023443826,0.9520799818480257,0.943967954012215,0.9484633791757933,0.9544903948471065,0.9594382457588218,0.9527357014127349,0.9479935261121908,0.9507803853393526,0.9561388212108046,0.9547825119124869,0.9534233266754017,0.9522485817035852,0.9527932971743954,0.9574537237222511,0.9531581359847693,0.9547472381294445,0.9480122598858818,0.9523244338730666,0.9504219604798834,0.9530251036488832,0.95318960447731,0.956029284357979,0.9523886010613994,0.9558528741732323,0.9554039531342593,0.9533975859078779,0.9544922191553887,0.950251196059209,0.9530712775059405,0.9543002450334569,0.9521884276522563,0.954668857111084,0.953320654197837,0.9516247968904533,0.9526568634571603,0.955454880683191,0.9541211516959103,0.9510933151821311,0.9567741799006313,0.9532050222330379,0.9554478501049717,0.9484386216312158,0.9512337342390053,0.9553798856125589,0.9540678995447549,0.9485376822398043,0.9563627388932651,0.952692959636042,0.0036658168595496933,51
136.6441571187973,83.17972343481519,0.15266562938690187,0.16180418192795967,0.06770330433633677,5,0.8267634387057252,2,4168,0.8338849407061293,"{'learning_rate': 0.06770330433633677, 'max_depth': 5, 'max_features': 0.8267634387057252, 'min_samples_split': 2, 'n_estimators': 4168, 'subsample': 0.8338849407061293}",0.9452269837204845,0.9506362616571875,0.9595494094526277,0.95173917758371,0.9552895085426949,0.9575794444234809,0.9525860091806484,0.9544316611528615,0.9460420938224512,0.9526199085893272,0.9582645430492023,0.9461604358374659,0.9529369443565474,0.9536315010999107,0.9560846166299742,0.9555758638049828,0.9552721175620569,0.9530785740388953,0.9518793196787058,0.9499063180196403,0.9497034456374496,0.9535103267937904,0.9493286826949616,0.9537868123777543,0.9525826401457916,0.953887924449277,0.9537776984891766,0.9536162843605732,0.9513795433783466,0.939589109048138,0.9549234828594956,0.9532237211269483,0.9503664673347758,0.9540352330500422,0.9532273702127843,0.946282622890878,0.9494988228426483,0.9532719308580861,0.9559239728614208,0.9591403288492953,0.9531094900342111,0.9589080099820037,0.9492134775600434,0.9455561142813236,0.9562747051807984,0.9494585810342641,0.9467243392986027,0.9522342964594555,0.956620261450967,0.9475834220901422,0.954146468469146,0.9554770874598071,0.9585966176154768,0.9520746222674049,0.9433617016577096,0.9496995035083121,0.9562151864235404,0.9562134074219659,0.9529070892121823,0.9482428602227844,0.9496302625780094,0.9535338062758102,0.9557235857247735,0.9537273046834673,0.9534364679868066,0.9543471839459222,0.9559465899180757,0.9540196493808999,0.9550972447877127,0.9468697778988919,0.9527137463756271,0.9522960284150683,0.9536641655854877,0.9506253644087289,0.9552713337029816,0.9515449845519428,0.9566883314998519,0.9561766200309811,0.952001563847716,0.9512214033967082,0.948591509031796,0.9531022850161269,0.9538768875468364,0.9507722252599017,0.9544932778038447,0.9523372266889139,0.9526753897620378,0.9494972106950476,0.9560462469073767,0.9565887411698146,0.9489837611059778,0.955565126317688,0.954272637876534,0.9577864007547732,0.9457915139106813,0.95205741668335,0.9553956249314712,0.9561600817798943,0.9481380326511903,0.9562241776161843,0.9526505554259954,0.0036494669011446425,53
165.75729196548463,74.68864046732213,0.7154056167602539,0.7198060095358948,0.009333073735289197,13,0.4801316361555423,2,4168,0.6743591710936778,"{'learning_rate': 0.009333073735289197, 'max_depth': 13, 'max_features': 0.4801316361555423, 'min_samples_split': 2, 'n_estimators': 4168, 'subsample': 0.6743591710936778}",0.9393423390093554,0.9469906432336851,0.958206736168444,0.9489203742055331,0.9474617578395268,0.9533260303906282,0.9492879373677435,0.9504902270352047,0.940319239560898,0.9491327792029406,0.9549401194239425,0.9411056181311047,0.9496484214753429,0.9516533931441777,0.9509749458751466,0.9531527237506079,0.9519223423790006,0.9490681910853429,0.9491131114828207,0.944130074926455,0.9421139417282627,0.9537804655606279,0.9460655208087905,0.951473153912845,0.9497607890430164,0.9508771093715511,0.9475475997817111,0.9499342773434274,0.9451945444672799,0.9357345847905885,0.9503752642051566,0.9464785878186421,0.9462473166773369,0.9505634583976653,0.9426619063482323,0.9415530585456066,0.9447851214621168,0.9477342844481286,0.9531410733790425,0.9544688211352907,0.9498445255090657,0.9541409498445177,0.9466089336977348,0.9408477806440284,0.9524132081539709,0.9476314255349374,0.9400040250357606,0.9473920362097455,0.9556749524010985,0.9457880197032781,0.9477667543194124,0.9514602107903462,0.9530447521422408,0.9467417702706393,0.9382903108863533,0.9421225176963103,0.9530831735682241,0.9553741612892573,0.9494349410851465,0.9429228660112465,0.9454608635645018,0.9497698769409918,0.9508816425114707,0.9500327036332807,0.9491365447703644,0.95063686228171,0.9537952024754535,0.9472325226850206,0.9515032719469736,0.9431447678076718,0.9476897368437132,0.9455877232888601,0.9492363891252572,0.9512539740104062,0.9525946017710373,0.9484639109673985,0.9515892113781593,0.9523377170305709,0.9478578586845813,0.9472934332006367,0.9456438594841952,0.9506707173407695,0.9507729868014806,0.9475559996393712,0.9504831639784963,0.949334588645443,0.9482687058959148,0.949689342872218,0.9508768775712707,0.9506723760595513,0.9452268960668219,0.953770739874618,0.9502821422131573,0.9515587412640287,0.9454167437694416,0.9471256829169519,0.9514554314768899,0.950277780639141,0.9439898759377531,0.9526769291886709,0.9486151359626078,0.004125111006075767,121
141.18418856859208,87.60529023097862,0.17500076770782472,0.18172995263594946,0.2967854276883806,5,0.7563727365752111,2,4168,0.752046969735728,"{'learning_rate': 0.2967854276883806, 'max_depth': 5, 'max_features': 0.7563727365752111, 'min_samples_split': 2, 'n_estimators': 4168, 'subsample': 0.752046969735728}",0.9346104864986053,0.9396410668693694,0.9485912653326901,0.9381952799909073,0.9467837173561553,0.9489686454640339,0.9376336793706977,0.9427295265488419,0.9366573162231804,0.9375861499744088,0.9466135925756622,0.9369383525010054,0.9416517656175644,0.9436044712912504,0.9445495670181612,0.9430711503804438,0.9419557745191092,0.9429794531828709,0.9406115214537195,0.938943893173803,0.9347985615812002,0.9430257492598302,0.9441143425776667,0.9443664931204857,0.9431715301861776,0.9412687910104512,0.941780219969708,0.9406698042188127,0.9456755166464588,0.927312297427748,0.9462672033453265,0.9383569663116267,0.9434801043513508,0.9432437874359763,0.9393629130646952,0.9323470707636897,0.9372575462691739,0.942571933238907,0.9448275697653552,0.9468531986110604,0.9409495681478222,0.9417529016018745,0.9402926000897047,0.9340117996084959,0.9430714476202868,0.9404377375711261,0.935632711435125,0.9393952614747235,0.9468326064388329,0.9371914265797822,0.9457075975615077,0.9419120206978064,0.9413759676753372,0.9432957390363272,0.9348936550253635,0.9372968705890581,0.9423081158955812,0.943109593964945,0.9415518260727613,0.9332046788430064,0.9407309622733038,0.9412643899071338,0.9406511931685368,0.9424728756908095,0.9367507011663503,0.9475441606341074,0.9486943850346206,0.9424170607153216,0.9441410279735711,0.9412739287002975,0.9384148376257893,0.9398114523559076,0.9452694273099147,0.9389303817679551,0.9441692779919582,0.9356790072176838,0.9462217617138937,0.9421602990583969,0.9358494771798881,0.9445831028393468,0.9347782735291168,0.9430441688121723,0.9423413770999781,0.9360011627263185,0.9407915701004393,0.9434188847797776,0.9371884467450124,0.9393453766887412,0.9440838303882453,0.9428823984934931,0.9408736799438454,0.9481141351178537,0.9429990426770885,0.9483375427086316,0.9366234360734791,0.9441075362580942,0.944498667099906,0.9422621854644692,0.9374147749002716,0.9437741583844383,0.9412720275874382,0.00402623429450645,175
89.13610060691833,59.23361077259845,0.1638278293609619,0.167984424106983,0.2827819835087035,6,0.5644190594945832,2,4168,0.8005679371762305,"{'learning_rate': 0.2827819835087035, 'max_depth': 6, 'max_features': 0.5644190594945832, 'min_samples_split': 2, 'n_estimators': 4168, 'subsample': 0.8005679371762305}",0.9293146534392935,0.9372782206174334,0.9516830837668251,0.9412869253833667,0.9447216125644782,0.9471528717350235,0.9391388054816295,0.9473599750193422,0.9355344526762837,0.9393433914954641,0.9459972382801443,0.9350107896641774,0.9448773788933051,0.9436728593281684,0.9465514804499163,0.9428356107874071,0.9439185229507726,0.9452489642667904,0.9366767155060521,0.9403010457148937,0.9371285196514865,0.9436152966452099,0.936299070624203,0.9437281795039444,0.9411839681551579,0.9433679874857137,0.9427365613766393,0.9461728412713455,0.9412701738260203,0.9323443109575031,0.9442607768427402,0.941990133493507,0.9337168769796922,0.9436961900487488,0.9422527856323143,0.9380830334323658,0.9381620552840861,0.9462443852140241,0.943577652342851,0.9464291413336545,0.9418061246586945,0.9468013254838759,0.9366911013267086,0.9326377553413001,0.9470389801249717,0.9397792281894075,0.9346000030550512,0.9438623999583579,0.9488603616195567,0.9377308900635104,0.9399027642526563,0.9479394742417784,0.9504271504813032,0.9439683370981169,0.934623665770811,0.942260886080987,0.9474970861861358,0.9478432496344585,0.945900178810481,0.9397200231478595,0.941706829836315,0.9397298753125034,0.9459622125299348,0.944808554196247,0.943615055169088,0.9446395053779011,0.9490973197074899,0.9407015046404549,0.9431049662915827,0.9391320791972445,0.9387245800818994,0.9398742990545821,0.9474242412525036,0.9451737859809413,0.9439924470061786,0.9418135174753897,0.9460252674107426,0.9471625274413411,0.9398787868943304,0.9446109267784057,0.9411025588004501,0.9391796643359036,0.9414960333275441,0.9411364524248628,0.9429040373838631,0.9379896219581284,0.9419276567570847,0.9377230151588182,0.9480209231724281,0.9457038846723133,0.9423797303692673,0.944961332559002,0.9448625885045489,0.9491255278891287,0.9399727401263576,0.9385483918798159,0.9473572550714435,0.9419658206263718,0.9390793919215054,0.9468681042665256,0.9423353853648843,0.004302164545246387,173
174.49048219680787,89.80453825531116,0.4507171654701233,0.45893213717503006,0.023393824703871684,11,0.5102149684879131,2,4168,0.817651670984479,"{'learning_rate': 0.023393824703871684, 'max_depth': 11, 'max_features': 0.5102149684879131, 'min_samples_split': 2, 'n_estimators': 4168, 'subsample': 0.817651670984479}",0.9383899504227681,0.9474134896671436,0.9585871852995005,0.948059893260365,0.9476938550191935,0.9536783237754745,0.9487206821348719,0.9498380738586822,0.9399643433380269,0.9494287953793336,0.9539400835578851,0.9403375997681537,0.9494074525327924,0.9506993728456876,0.9516367883768699,0.9520277347919668,0.9518498314540501,0.9493694316711272,0.947911844329722,0.9440394660877003,0.9429886311487593,0.9533174282834512,0.9455388879252511,0.9515135221161447,0.9496098325847653,0.9510905604933347,0.9474507419470278,0.9496218689478135,0.9445177744959461,0.9357841822335053,0.9503710327198056,0.9474869455634695,0.9460381889259928,0.9503974031958757,0.9425012753586481,0.943128546375672,0.9444716302630066,0.9477910451206197,0.9527825643800097,0.9542169052588755,0.9503624845599375,0.9538403241793456,0.94658779277986,0.9404361150621041,0.9523153491665113,0.9462067920631249,0.9393077715592343,0.9477945860010067,0.9561426548301325,0.9452913217334391,0.9476113908222108,0.9515310672364496,0.9527829889222069,0.9485427812746245,0.9396197634793444,0.9423321176554821,0.9543090651511347,0.9558917810578765,0.9500717681139681,0.9444013101050347,0.9455801375731869,0.9493700381340344,0.9510440937441579,0.9497372042221065,0.9494578150956504,0.9512466906699804,0.9544690277253347,0.9480978345444848,0.9514416249488338,0.9437293547272574,0.9478708279415307,0.9465008566126571,0.9487042401966601,0.9508561191864968,0.9518598592939851,0.9483916686109707,0.9517035543316394,0.9522638570564563,0.9479035362749579,0.9477417617763463,0.9454816203060193,0.950202858112414,0.9508184986451869,0.9455713500910121,0.9508526974154755,0.9491862121807212,0.9483736052014382,0.9503666287014961,0.9519808862402357,0.9507369118674899,0.944988166951666,0.9536848791688852,0.9498330088731882,0.952283367647478,0.9451762916108475,0.947038568283661,0.9507792522387284,0.9504423374478114,0.9443147731699391,0.9521168153377045,0.9486119122282044,0.0041192993153073955,122
166.79467807531356,99.49179103209724,0.31042176961898804,0.3103244601863846,0.008984048200827542,7,0.8453807225503804,2,4168,0.58748256714039,"{'learning_rate': 0.008984048200827542, 'max_depth': 7, 'max_features': 0.8453807225503804, 'min_samples_split': 2, 'n_estimators': 4168, 'subsample': 0.58748256714039}",0.946607602908102,0.9526073283176962,0.9629145372704896,0.9544915980627381,0.9548593920569364,0.9593611594169879,0.954077257347222,0.9562704572074289,0.9463432262641874,0.9539605980514224,0.9600226798268101,0.9482011686569397,0.9546631272404398,0.9565853360393847,0.9577332185900786,0.956984916953696,0.9580422111190738,0.9550580041604189,0.9535239852487419,0.9504288586601438,0.9498599075401783,0.9574341877628924,0.9519979141009083,0.9568551197542567,0.9550485950786143,0.9556683926507987,0.9547382129753513,0.9556133880809465,0.95190962277079,0.9417107378323465,0.9555109180929505,0.9538479828669406,0.9522567394433016,0.9563997204053578,0.9504015745575589,0.9474562253378669,0.9512218215599348,0.9545269760545834,0.9582169979006231,0.9604261912356301,0.9560147519713148,0.9602147619934829,0.9516022276227007,0.9465674521021679,0.9583738934739843,0.9541016919634544,0.9461272308349417,0.9544915450301551,0.9609832494534636,0.9503209385289119,0.955056448784324,0.9572481906616194,0.9584540918940896,0.9535449564786479,0.9451479364358826,0.9503814686326169,0.9571831334361669,0.9603402960841831,0.9552706894565018,0.9504277534376326,0.9510193089680945,0.9561267118480159,0.9566650907613177,0.9564215422299415,0.9555836766131197,0.9563277466360293,0.9586615960926282,0.9549781317099811,0.9563192771526351,0.9500262255354197,0.9537148220025697,0.9520062116475019,0.9554400125194824,0.9543984914824066,0.958208845471068,0.9542399629981098,0.9574729081907051,0.957291064452187,0.954147855979241,0.9542225461753637,0.9525301298189899,0.9549655739085874,0.9555148996916843,0.9536492371355932,0.9563875240354157,0.9550202939649379,0.9543119484242502,0.9535943438768607,0.9571157140777394,0.9570136767789876,0.95184061784631,0.9583402561904734,0.9550356739158815,0.9567823374564878,0.9502448135072178,0.9541842980028646,0.9574072108449462,0.9557438235418502,0.9503696843462597,0.9581868964862356,0.9544720157999441,0.003685880649629445,13
147.5758762907982,96.18551527248249,0.29026013135910034,0.2816063210444965,0.003226986853355662,6,0.6686829695816052,2,4168,0.8147719386009962,"{'learning_rate': 0.003226986853355662, 'max_depth': 6, 'max_features': 0.6686829695816052, 'min_samples_split': 2, 'n_estimators': 4168, 'subsample': 0.8147719386009962}",0.9426889993255254,0.9497614635514771,0.9596461314944477,0.951569614772203,0.9521715844359607,0.9557299218543699,0.9515736861462202,0.9520363036641297,0.9424784712611567,0.9510997582334264,0.9569904578961071,0.9444271333349924,0.9507393914817478,0.9532752918719171,0.9546123491432571,0.9540726299019561,0.9543215451961836,0.9513230980319008,0.9493900756800789,0.9480957528357564,0.9465418858160535,0.9544326877565125,0.9474526691489662,0.9525872528394731,0.9524216118714423,0.9529418583455156,0.9517703161283522,0.951394497206882,0.9507292472181786,0.9371689111663877,0.9527782828640349,0.9514903054431544,0.9479029442036755,0.9511332822324132,0.9496679673964555,0.9444563248073142,0.9474769805022611,0.9511670810305184,0.9543435407152758,0.9571000634845036,0.9508586688292681,0.9572261907202912,0.9484693657344143,0.9435623636943872,0.9545124052114452,0.9501373062161098,0.9444978410892824,0.9518612972725669,0.9579732660462364,0.9469168021934361,0.950846208433377,0.9534675169436998,0.9559675657450442,0.9506026471814621,0.942304242604493,0.9477156484379067,0.9535589733196951,0.9565464907693582,0.9522629820827535,0.9468838106688618,0.9472140844356595,0.9535758050503529,0.9541322004720034,0.9514512396937509,0.9515934387722853,0.9531484131190257,0.9557876775915566,0.9522154419456479,0.9522817133454955,0.9455663145644696,0.9505664627494453,0.949310847865446,0.9517749050022306,0.9505408392593766,0.9555226880703889,0.9495378383645778,0.9537856999782757,0.9546343632974956,0.950129350205186,0.9500780917472418,0.9469107314413953,0.9523242963040293,0.952818703350286,0.9501494327626554,0.952036587700439,0.951526703077866,0.9493619887366027,0.9497241492299295,0.9545407701007034,0.9544600301504494,0.9480123687316802,0.9552688844648531,0.9520176208066669,0.9536121027758305,0.9464161698288666,0.9503695023827922,0.9523156607366992,0.9532525531224093,0.9470775142956576,0.95518900384833,0.9510736515286234,0.0037676204757161385,77
98.00652883291245,77.6563033085039,0.3176733684539795,0.33647629882326396,0.058578682461386235,8,0.4635536200917778,2,4168,0.6033419927343954,"{'learning_rate': 0.058578682461386235, 'max_depth': 8, 'max_features': 0.4635536200917778, 'min_samples_split': 2, 'n_estimators': 4168, 'subsample': 0.6033419927343954}",0.9443200312237174,0.9498856270477971,0.9602948283525814,0.9506785996328243,0.9514235248018279,0.9584509354426256,0.9500906738607237,0.9517573185979785,0.9456472652011493,0.9509507759460433,0.9559804160488804,0.9436256406471811,0.9531266139527067,0.9553925677504636,0.9547430526986785,0.9537773099617359,0.9541206321632574,0.9532236669719433,0.9510053083479948,0.949811234874069,0.9477936320945027,0.9544937058135862,0.9502323205528553,0.9549279326439389,0.9528870544743716,0.9529950715985487,0.9516070392887226,0.9549066835235357,0.9513415264727718,0.9425326823800573,0.9518246042876221,0.9526018746014835,0.9513293523859505,0.9537222272639918,0.9488056345695313,0.9434760526613888,0.9462960393755405,0.9517595162863876,0.9553580972581074,0.9570842632568441,0.9544125301488965,0.9577576187257199,0.9485184430385675,0.9434020526169312,0.9568951854279352,0.9510000145985966,0.9439667346249704,0.9519813278726432,0.9578420632050038,0.9487914062525544,0.9510433664909794,0.9563055705987243,0.9557912105597234,0.952134374136954,0.943250027251004,0.9470212114842849,0.9549358649011696,0.9564499534863724,0.9516840267176419,0.9480168423804551,0.9486914119723295,0.9543067397760001,0.9530570487687748,0.9536477311840437,0.9508876465202819,0.9559398139086885,0.9571830426591005,0.9514670396527578,0.9543118045128216,0.9477814045310263,0.9499542925175548,0.9514248533465797,0.9519283526779895,0.9545564161082855,0.9552730666984393,0.9501470721131031,0.9551429577430982,0.9555638150055735,0.9516322218892249,0.9541309644230385,0.9500778782528628,0.9506809663803335,0.9531517642552199,0.9514120459142574,0.9543043231977096,0.9527023939307333,0.9522610564465877,0.9505291641921154,0.9545940241310407,0.9552447676952569,0.9502637436924434,0.9579717394630752,0.9540883954981526,0.9548299178201265,0.9476339215580726,0.9504006421032665,0.9545709825606679,0.9541157616887838,0.9497511919907612,0.9556176813264051,0.9520671121693962,0.003669792500619541,59
271.7551535844803,143.67087086523625,0.32980539321899416,0.34332486642386223,0.0033096865408180623,8,0.8532074692641054,2,4168,0.8779581174760334,"{'learning_rate': 0.0033096865408180623, 'max_depth': 8, 'max_features': 0.8532074692641054, 'min_samples_split': 2, 'n_estimators': 4168, 'subsample': 0.8779581174760334}",0.9415997482229529,0.9480995704267798,0.9596007990695989,0.950254524651732,0.9501707374824719,0.9550462032829412,0.9506918129468827,0.9517361755487982,0.9420634172415067,0.9503004218981008,0.9565221052273195,0.943597625621742,0.9511730373226435,0.9528687604104235,0.9539801712262176,0.9531080780550211,0.9541806345565379,0.9521341313614117,0.9496884233019793,0.945428085911496,0.9457596716867429,0.9567389810753802,0.9463084229040399,0.952381017589343,0.9503591826394439,0.9520220841852594,0.9495217108582792,0.951617666492034,0.9485513902838795,0.9364977566469195,0.9522443211314299,0.9500045033686714,0.9473963631886347,0.9516951960035481,0.9462682249529124,0.9444735176438022,0.9457595363862995,0.9508818389912033,0.9545380408368578,0.9560551307836835,0.9522096331156203,0.9560974363544917,0.9482287823637443,0.942035064467466,0.954716069043476,0.9490453264587327,0.9416980304306164,0.951525545188336,0.9570194805543253,0.9459536658486788,0.9513368506514217,0.9534679047175084,0.9543146302042714,0.9496800390684746,0.9406080602932678,0.9457364631367956,0.9537148474899744,0.9572958327196835,0.9511072267448465,0.9456868583407506,0.9465795937736119,0.9519309993663461,0.9530915447818292,0.9521240963536515,0.9517286816898499,0.9521131210073204,0.9561483115517416,0.9511128814531066,0.9519908306771715,0.945479471891209,0.9500089249349222,0.9481810203330175,0.9517546379730581,0.9524251316455182,0.954033508593405,0.9497073880884941,0.9535919678775091,0.9538224954818831,0.9498310512619087,0.9503888054508882,0.9480362722480348,0.9505653253111886,0.9520610095954719,0.9495198936386237,0.9513095841989686,0.9506402294968176,0.9491592226720318,0.9509866521341123,0.9528764772733205,0.9532894499252369,0.9480721034030704,0.9551631702608827,0.9510987231788712,0.9523071022707443,0.9457432029446209,0.9491731368948358,0.9526518675372915,0.9522664271023707,0.9462022761561298,0.9539056871198706,0.9504386904615635,0.003988136854248615,90
55.671724684238434,46.12879396744992,0.18835660457611084,0.20068581837804386,0.07659757870614843,5,0.39284964077338125,2,4168,0.6905047160758202,"{'learning_rate': 0.07659757870614843, 'max_depth': 5, 'max_features': 0.39284964077338125, 'min_samples_split': 2, 'n_estimators': 4168, 'subsample': 0.6905047160758202}",0.9430913362047687,0.9523441299784328,0.9613746182614119,0.9540856141733579,0.9554655044182431,0.9597282186401344,0.9502781505422069,0.9537896909149837,0.9457748408645127,0.9517565021324698,0.9571833243064962,0.9459052348560822,0.9536277692945371,0.9547229313664787,0.9564511031930566,0.9544730098309733,0.9556829359386095,0.9523564797659374,0.9527622459896254,0.9479190869058028,0.94940770459928,0.9554698427972268,0.9504410458680604,0.9538506633236465,0.9539225841071383,0.9530468642199235,0.9555195076760659,0.9528301839901645,0.9518654755182119,0.9428715097714092,0.953488685868212,0.95213098385772,0.9530490952462732,0.9544528724935851,0.9508031666075497,0.9445253595387144,0.9513003771774501,0.9532380738462732,0.9569719920483806,0.9584108546181471,0.9530426234686838,0.9580650831630279,0.9491123942934773,0.9474594952285407,0.955862693417437,0.9533018331415569,0.9493753664707326,0.9539644742929344,0.9594530734207933,0.9499272715928846,0.9532252337438507,0.955121238283233,0.9567626274847032,0.9520880651715689,0.9441158362932986,0.9488945509598616,0.9544846214840149,0.9569589149796776,0.9534677580461448,0.9486790369704227,0.9503776689862982,0.9557128935210082,0.9555525904760015,0.9551588168220704,0.9514279717748312,0.9553594874870094,0.9568239207509887,0.9544216532540898,0.9525046465999815,0.9500185246218552,0.9516600131603548,0.9508839722706497,0.9528600826497531,0.9519989121299709,0.9584378174714597,0.9496275314136021,0.9566153275787197,0.9573077609817096,0.9535165515227896,0.9532400583508458,0.9481900238104776,0.952125691262669,0.954512240101153,0.9527177490794309,0.9547861863961385,0.9536785655524294,0.9533565364121004,0.9515923288206635,0.9562478779943131,0.9555965389783865,0.9495690958137956,0.9570529877623624,0.9551821749528501,0.9584527021785688,0.9430063220451009,0.9522463334609712,0.956756767003019,0.9544473380737409,0.9491586032183232,0.9567497357386108,0.9529866376313748,0.0036889297586300412,47
150.91491353273392,115.99577746391728,0.3562047076225281,0.36896419413509046,0.022722937137443968,10,0.42182946500629437,2,4168,0.9035360616930725,"{'learning_rate': 0.022722937137443968, 'max_depth': 10, 'max_features': 0.42182946500629437, 'min_samples_split': 2, 'n_estimators': 4168, 'subsample': 0.9035360616930725}",0.9418756176126456,0.948812994568491,0.9596374022843819,0.9500569202600612,0.9491615888296183,0.954741028328331,0.9492853516616782,0.9516040458087656,0.9421223623461754,0.9501462687294683,0.9571875233718731,0.9417419562522713,0.9519462622172058,0.95446466703907,0.9515285272741323,0.9531434978408241,0.953881046931712,0.9504477571750748,0.9508119338354462,0.9465616539036775,0.9446405860724985,0.9558785750024824,0.9479088701973768,0.9529255426930163,0.9506235642022676,0.951179024963246,0.9495802742195601,0.9513870330186868,0.9477181043856774,0.9380235839769703,0.9519920410836747,0.9485913785564972,0.9489149875432334,0.9527063063440098,0.945601752992694,0.9435862866957444,0.9470246585990243,0.9504551771155161,0.9544402926934917,0.9560260470118236,0.9516738407103827,0.9558388922208463,0.9486896904813716,0.942487010392676,0.9551154870040268,0.9486531257871194,0.9438485122930655,0.9496161373985533,0.9565613972452274,0.9483381119020184,0.9504041019470487,0.9527039125835108,0.9547098055990781,0.9499352965976158,0.9415151663143126,0.9448873836648403,0.9550530168683878,0.9570070795435657,0.9515177779267499,0.9454940274677804,0.9474428294191438,0.9509973820156391,0.9526293354857646,0.9522197360700042,0.9513212077149403,0.953219969804169,0.9556171879936256,0.9501972759321841,0.9527975790623456,0.9462089385700627,0.9491149860452749,0.9465597015453913,0.951875692594383,0.9532039623937593,0.9548395580128761,0.9497065381989165,0.9531677872873824,0.9538260873641753,0.9500963092883792,0.9495903537504231,0.9474843577008821,0.9541088618295225,0.9519608324230657,0.9487090444529955,0.9522147768284263,0.9506925749306188,0.9497864713466874,0.9511168692598151,0.9531646200106909,0.9516009447814204,0.9479222322117022,0.9554826590528455,0.9517287578365642,0.9529274872554488,0.9463720661308942,0.9489664417441795,0.9531886703908755,0.9515518101745547,0.9463234059454042,0.9554319206253592,0.9504777949106736,0.003916326812568752,89
119.08633026123047,94.4654383868301,0.34999427556991575,0.3637313058433034,0.004639902315883837,8,0.4319384050811783,2,4168,0.8667480710985318,"{'learning_rate': 0.004639902315883837, 'max_depth': 8, 'max_features': 0.4319384050811783, 'min_samples_split': 2, 'n_estimators': 4168, 'subsample': 0.8667480710985318}",0.9439508704324557,0.9522852777181076,0.9624535684920855,0.9532688201758008,0.9530246943298124,0.9582748238204485,0.9529696664016843,0.9547297801433964,0.9452463043645366,0.9536690100623648,0.9588926389789856,0.9463186751125913,0.9537225156935862,0.9560633552497119,0.9560097142790064,0.9562045595201997,0.9563463305052794,0.9540149340756252,0.953450017765733,0.9496353338151947,0.9480531982790512,0.9570342221502547,0.9506194423712097,0.9551682052828065,0.9547491981400157,0.9541830103821904,0.9535198263488037,0.954236070356174,0.9518710303752848,0.941282614782175,0.9543472425640394,0.9528295743326858,0.9514210906271889,0.9553396661234269,0.950220847207523,0.94684577327797,0.9500857603901625,0.953268500460341,0.9569606566906056,0.9589487075127953,0.9546741339039104,0.9594265366039497,0.9511724400769748,0.946078315954182,0.9572145207626424,0.9520942876059426,0.9462699065292911,0.9531930950847353,0.9597888464887091,0.9506093160956038,0.9527099990878634,0.9563285052896543,0.9581194710786985,0.9533261991727515,0.9440428994925889,0.9491610855075527,0.9568691702352539,0.9594626634973624,0.9542551232737497,0.9491713561484628,0.9504488548815555,0.9554844010396257,0.9556255750792455,0.9545261625931517,0.9549729540794544,0.9555894908615518,0.958021202748696,0.9537495157225829,0.9555277741160627,0.9485845839818551,0.9524967591225041,0.9504429051068523,0.95466427232636,0.9542408645858219,0.9573145152395288,0.9516970221142421,0.956321121791147,0.9562862584926963,0.9534869696860968,0.9532315036572806,0.9497145857794619,0.9554623094441466,0.955597306980468,0.9518603269082991,0.9553964332533608,0.9548789987815686,0.9533447157735342,0.9532026095249706,0.956132552202827,0.9555323641596557,0.9513654066727385,0.9575209630784631,0.9543721900571952,0.9562848161076511,0.9495499947683532,0.9527176548087644,0.9552406000230834,0.954590252528307,0.9500130563649595,0.9576770256908932,0.9534865027061622,0.0037064137421629886,38
62.719794778823854,54.027012425739926,0.13228436231613158,0.1298349144097568,0.176374803692031,10,0.6656475291350787,2,4168,0.7131667017543379,"{'learning_rate': 0.176374803692031, 'max_depth': 10, 'max_features': 0.6656475291350787, 'min_samples_split': 2, 'n_estimators': 4168, 'subsample': 0.7131667017543379}",0.9368846967835721,0.9363109001336128,0.9523682495161948,0.9443058109022074,0.942508423677237,0.9467760056067296,0.9395175516239975,0.9445303393202924,0.9314806602293115,0.9408655983290524,0.9475552871425029,0.932043452378297,0.9442853129756622,0.9419670615104712,0.9408122098815154,0.943138237377309,0.9452266033799007,0.9447946648068148,0.9434245269283114,0.9363226256026578,0.9357507265718845,0.9465825143147407,0.9388501756550555,0.9459435900308644,0.9419456603271384,0.9433596867557474,0.9396338741359267,0.9431134113268445,0.935976011563465,0.9294963014886227,0.9443686438142881,0.9387009928546454,0.9397309608505758,0.9425300538389931,0.9341150732890535,0.934248794745905,0.9342310223355675,0.9445265728378497,0.9434846593895742,0.9482034379502304,0.9386082815713016,0.9495016647082594,0.9383047420447528,0.93219684551696,0.945391021399927,0.9396507567988841,0.9335647291323343,0.9432668009578837,0.9466677755708968,0.939138933792997,0.9452245852927655,0.9440413862718228,0.9468027447719191,0.9411803137385223,0.9287350814964619,0.9384199689608687,0.9481016038317066,0.9481456652592121,0.9439015681262344,0.9351357928157216,0.9357723448747577,0.9427248612085017,0.943865431420935,0.9432740547780029,0.942486771522493,0.9445848519188194,0.9475904293798161,0.9442085255922573,0.9421916613151474,0.9347911314920865,0.9421673700709485,0.938085913017214,0.9432225905681922,0.9403919326380142,0.9436713319503468,0.9400050578127936,0.9429701779987683,0.9438357016801373,0.9404769744352033,0.9417474160301852,0.9381988610122869,0.9441384792175583,0.9397287616095886,0.9408215468434308,0.9430355639421903,0.9430427250414616,0.9408620374097815,0.9436827947755955,0.9412856819405165,0.9445094999843296,0.9349502408890084,0.9493154831366689,0.9439580241651234,0.9447263395156217,0.9379379997131722,0.9406215648421898,0.9456305130651432,0.9463646443848253,0.9360771315899431,0.9437448501567095,0.9414658791718182,0.00456466383925512,174
236.7333595609665,140.8862533840963,0.7151355075836182,0.7313353201510255,0.0028615430780951833,12,0.598508298635958,2,4168,0.8432089625812538,"{'learning_rate': 0.0028615430780951833, 'max_depth': 12, 'max_features': 0.598508298635958, 'min_samples_split': 2, 'n_estimators': 4168, 'subsample': 0.8432089625812538}",0.9366588534601862,0.9448222619995684,0.9568273511392971,0.9471928425135268,0.9460084211466433,0.9515483467841878,0.9471629754854344,0.9483121304873695,0.9376633384314764,0.9474286543753034,0.9532541296358905,0.9386980501966099,0.9483470346143964,0.9491705422976523,0.9503207829121146,0.9510620545482754,0.9503167157043413,0.9480434802911203,0.9473637579905365,0.9423742635726522,0.9411466845771083,0.9528721875099274,0.9439971744993683,0.9497086116991155,0.947173231295658,0.9495233046731242,0.9460756552690629,0.9485772982496143,0.9437646205627173,0.9335001316329237,0.9494922640041292,0.9444208661092559,0.9429818119351195,0.9488201156317374,0.9407975125546394,0.941137457448949,0.9429506246349337,0.9463389629177574,0.9518606265979032,0.9524976696409831,0.9479223053694326,0.9531932675810356,0.9465857665869633,0.9388974514477619,0.951243392794802,0.9458670403565571,0.9372049810637728,0.9462804363806306,0.954351325592336,0.9443008738867151,0.9466574629729528,0.949542659468231,0.9508986243610676,0.9457569073930748,0.9363053522898658,0.9405868119072993,0.9521943693552419,0.9547040615171759,0.9484087264337236,0.941502011705745,0.9435833466291487,0.9475119233474224,0.9498878547936551,0.9487222403535961,0.9480061329888205,0.9494084089513897,0.9530131300154167,0.9460918655560814,0.9496108899964403,0.9415872570923132,0.9463757540426594,0.9434575722144511,0.9480536397873707,0.9493021969853278,0.951361473511022,0.9463473098157253,0.9499269184413781,0.950743391560328,0.9466977797243816,0.9461937885091831,0.9430652148411365,0.949201060084828,0.949189805922354,0.946334571353584,0.9483997582446152,0.9473010311984682,0.9461376298402332,0.9479307113299107,0.9490878072764652,0.949986028050682,0.9433962364013021,0.952390156158188,0.9475163019240749,0.949409103493015,0.9437827104867149,0.9459169808220819,0.9492395664130894,0.9480938062233581,0.9420971319458613,0.9512390967034658,0.9469821421052451,0.00430494760923647,140
50.43194563627243,43.32795539329323,0.13399120569229125,0.13110322972021862,0.1777033847672164,12,0.5441472554619294,2,4168,0.846486102281136,"{'learning_rate': 0.1777033847672164, 'max_depth': 12, 'max_features': 0.5441472554619294, 'min_samples_split': 2, 'n_estimators': 4168, 'subsample': 0.846486102281136}",0.9254447406055774,0.9390698633150562,0.9504639090873235,0.9400664270631984,0.9401236567730366,0.9450968542745184,0.9393724399495039,0.9398314695811599,0.929987671806439,0.9381323517188459,0.945547436851269,0.9293503222219638,0.9420128367876858,0.9414426418514432,0.9437032709980296,0.9429673470137238,0.9433893874610791,0.9432832202445348,0.9384692681055974,0.9361379890351352,0.9337941867444504,0.9473208993618253,0.9390165866601509,0.938563663261221,0.941091303350931,0.938999248355767,0.9372109892606075,0.9415692049099184,0.937872461245203,0.9262941746524079,0.942456450969994,0.9350847600632036,0.9359550181591874,0.9424347112253553,0.9326166175889549,0.9336417349977623,0.9356919335142658,0.9419166555271291,0.9418678007206538,0.9431505951229986,0.9387572661152145,0.9468703876304211,0.9372916842580071,0.929789699980769,0.9447214798241663,0.938186831661281,0.9351799501552523,0.9407152900338489,0.947370186040559,0.9374790881658632,0.9416406507654606,0.9400359197019247,0.9466035311165532,0.9399478560827814,0.9289718769265053,0.9289111074968014,0.9434545229631831,0.9465812455004069,0.9391858481795361,0.9347755282301096,0.935448808345194,0.9399201348470544,0.9434226383950949,0.9419657513873271,0.941275089455732,0.9430591282598279,0.9458192581430255,0.9396095962782708,0.9454279747381639,0.9335742648432066,0.9373186853883206,0.9351981739989015,0.9401371785665648,0.9421718864865952,0.9433568727189314,0.9413388404669911,0.943553529994221,0.9403347324799144,0.9403327276226763,0.9411970082291382,0.9390064263375071,0.9426580583722685,0.9407865643795742,0.9363996301878544,0.94598048493028,0.9405504617939704,0.9399963939764657,0.9375029567042608,0.9428511927667028,0.9391398847047588,0.9330417693199055,0.9471311815714768,0.9365351267023088,0.9415337358944468,0.9371533651098436,0.9347039266344508,0.9421648039160708,0.9416770513035609,0.9354292867278318,0.9441220251889749,0.9395973865843341,0.00475217385190806,182
136.93418537378312,100.5853006606312,0.34686113357543946,0.3385452879745186,0.004864734957527726,7,0.6194279323337255,2,4168,0.6850008532300484,"{'learning_rate': 0.004864734957527726, 'max_depth': 7, 'max_features': 0.6194279323337255, 'min_samples_split': 2, 'n_estimators': 4168, 'subsample': 0.6850008532300484}",0.9452046827873963,0.9527320549683564,0.9628171703541722,0.95387541480608,0.9541196071504134,0.9589011294771221,0.9536240992837136,0.9556188511440461,0.9460567577986488,0.9539233186959939,0.9593317399619569,0.9469202575740541,0.9545704021513021,0.9565249973192125,0.9567665760844561,0.9566847984978138,0.957490866743707,0.954727461679125,0.9529871872475126,0.9503869077662161,0.94899813271576,0.9577840396562337,0.9506998231728466,0.9557962417414145,0.955067055758225,0.9546477489074724,0.9538963325273525,0.9548141815652115,0.9525794097362845,0.9409719696130722,0.9550012281953855,0.9546162903633938,0.9516566230960413,0.955835541078212,0.9504155952954391,0.9474750925568645,0.9504019850661344,0.9539882206697108,0.957291646368589,0.9598282946766685,0.9550943554340283,0.9595551962654272,0.9511205952719443,0.9459444827637865,0.9582932839331616,0.9527774475977308,0.9470594195601196,0.9546443704418492,0.9603347486199473,0.9500752689584739,0.9536486450191165,0.9568075672655061,0.9587922823817813,0.9535825812288763,0.9439893426490569,0.9497243280373366,0.9569383824768178,0.9596495666689404,0.9547684610208681,0.9496987249829174,0.9511920273613418,0.9560171851281377,0.9563498301044574,0.9553380241000866,0.9545322205192458,0.9562114567302767,0.9584912086752728,0.9542973460717495,0.9558874345162939,0.9487361696754729,0.9535823389008609,0.9516612866709365,0.9551202620708694,0.9536080535214514,0.9575746998908112,0.9526188748008473,0.9563452480678224,0.9568002296347298,0.9536276709166801,0.9537463457743185,0.9512648220615882,0.9544461949519896,0.9557601182983164,0.9520733833611195,0.956057028676968,0.9541798661087784,0.9534529734735795,0.9535652358521394,0.9568285194245812,0.9562114146419893,0.952225027047947,0.9584101960556222,0.954846118701628,0.9565360825610705,0.9492850450922616,0.9531432736610757,0.9560970655422019,0.955476597400609,0.9499232029583939,0.9579208977022293,0.9539696976153502,0.0037383535446072215,20
112.24824774980544,85.72087634616379,0.19488831281661986,0.2018808092041478,0.005066863395249431,5,0.7961383656506613,2,4168,0.637480896168937,"{'learning_rate': 0.005066863395249431, 'max_depth': 5, 'max_features': 0.7961383656506613, 'min_samples_split': 2, 'n_estimators': 4168, 'subsample': 0.637480896168937}",0.9438077018178123,0.9504480928947248,0.9598274349786274,0.9525829511584042,0.9527163655590374,0.9569813531454585,0.9516431945321262,0.9523121537493887,0.9425327137224823,0.9519789674945557,0.9570653637621473,0.9446660255016708,0.9515049636925578,0.9530377889357649,0.9545336304365158,0.9543961731512255,0.955018527682058,0.9514965509322543,0.9495873093083221,0.9490931307047429,0.9475857941096203,0.9536346393353771,0.9481925380243786,0.9529815445868726,0.9527368717429685,0.9533915806696839,0.9531917896358777,0.9521346699815645,0.9511476474498344,0.9382580398698128,0.9532998356942101,0.9524099354728497,0.9492485678968028,0.951282910103664,0.9511364969728404,0.9438106640742343,0.9475703629856689,0.9518185191427029,0.954721764560204,0.9581133155702791,0.9511101640611209,0.9573161543545112,0.9491241894883384,0.9446962641515612,0.9547715043761441,0.9507127225936733,0.9451296828467379,0.9528324122324447,0.9584232117019105,0.9480439089568269,0.9514049127271963,0.954341241392678,0.956641044231621,0.9505147691028653,0.943028333379332,0.9493762510804242,0.954548473877581,0.9556631068510626,0.9531362838537336,0.9476938664336503,0.9477125677210325,0.9543578259643607,0.9551810792439707,0.9518498288507143,0.9523194144800635,0.9539725541753613,0.955175370927394,0.953749928008757,0.9525628275570055,0.9463077908179471,0.9512211958109319,0.9509041173796456,0.9522797695805987,0.9491713894765106,0.9559294714046489,0.9496728353669285,0.9544034849480175,0.9548905232715718,0.9504953197322678,0.9509851164660028,0.9468801260201966,0.9531221425487448,0.9533591712566074,0.9514801352425253,0.9522904604523927,0.9511698902741746,0.9502169850649631,0.9492442300230767,0.9554652110856444,0.9552615804408634,0.9478239526857749,0.9549959388486252,0.9529876502387736,0.9548894530873624,0.9474441140628862,0.9519073369186662,0.9531365274735386,0.9542827774004136,0.9471347484341985,0.9550318015674998,0.9516167302304338,0.0037077629251354976,66
113.14754090309142,95.97659240355748,0.1670973539352417,0.17444030869949606,0.01196174193467231,5,0.6883949150611814,2,4168,0.7914186827998569,"{'learning_rate': 0.01196174193467231, 'max_depth': 5, 'max_features': 0.6883949150611814, 'min_samples_split': 2, 'n_estimators': 4168, 'subsample': 0.7914186827998569}",0.9460117078254237,0.9516353941759615,0.9617391492785156,0.9541456079942858,0.9554852515070563,0.9587572219284004,0.953442764550739,0.9549220578675353,0.9452090618844489,0.9541198113573498,0.9590288000829741,0.9476986319519858,0.9548759754422596,0.9552872918404476,0.9565144861815938,0.9570638081868776,0.9570498688679934,0.9537266905433369,0.952911175443267,0.9497278724540307,0.9499124236064949,0.9559783183338016,0.951184328000481,0.9548612162308185,0.9545840592086177,0.9546801750720699,0.9548365122330555,0.9542037674125367,0.9526170292235338,0.941760112304073,0.9551848594215373,0.9546589504580417,0.9517049250909991,0.9543682062832378,0.9530070371795271,0.9471145044310749,0.9507996598221314,0.9542594646518499,0.9567828579289601,0.959940332726345,0.9542820107958131,0.9594281800631695,0.9505688748848662,0.9462850769644787,0.9574006796694647,0.9527902697787953,0.9474605635245753,0.9541352661492306,0.9603333130859695,0.9497613868225055,0.9538992449948144,0.9566512969337514,0.9584692083075607,0.9531366414987179,0.9451328117164757,0.9514179148647585,0.9559149721180217,0.9580673520007533,0.9544646125856674,0.9496077389663842,0.950398958134656,0.955707681255725,0.9568607527261801,0.9546452000589085,0.9540781423660019,0.9555649148603131,0.9575093858481785,0.9559605773368294,0.9553009600033658,0.9487092109944293,0.9539660250707654,0.9526657533948898,0.9542295525638983,0.951689528621162,0.9567750460089008,0.9524835987462603,0.9564783496599486,0.9565469563202852,0.9523879106428778,0.9531861412769274,0.9504234751074293,0.9551810495829904,0.954474568105156,0.953133980836044,0.9555076647280927,0.9543668039437593,0.9530098531421775,0.9515160162627201,0.957496884423704,0.9569083705291423,0.9504934476854141,0.9565794167006495,0.9551716907665061,0.9573466770477784,0.9491464482361034,0.953477901711811,0.9562971562527802,0.9559941742689488,0.9502753377597508,0.9573347312051317,0.9538027907889602,0.003522154742412961,25
138.94336862564086,98.25127756918604,0.2332702684402466,0.23973209269055235,0.11577141594597738,8,0.6960789512713625,2,4168,0.7833954070935212,"{'learning_rate': 0.11577141594597738, 'max_depth': 8, 'max_features': 0.6960789512713625, 'min_samples_split': 2, 'n_estimators': 4168, 'subsample': 0.7833954070935212}",0.939770493368673,0.9434119120313338,0.9587295119803142,0.9490271525486953,0.9485792588902505,0.9513578916559514,0.9499464011177794,0.9494282159704179,0.9415828789762913,0.9485727021897584,0.95312417122566,0.9420098693341112,0.9506946284877962,0.9525434584712296,0.9519812856340995,0.9522016053881903,0.9527657875553144,0.950401026079585,0.9495458833756982,0.9450471193103319,0.9463811614948203,0.9524637551126066,0.9434641051190557,0.9490769169467609,0.9487326659682161,0.9491332821788255,0.9488148540252548,0.9513084775653808,0.9486984386244064,0.9362536400770058,0.9494271321520763,0.9481989575718367,0.9468094798772534,0.9494099057599409,0.9453644646155346,0.9437408098865347,0.9439440508338706,0.9462879503314628,0.9528793162093153,0.9548423026323396,0.9504828139113387,0.9531572071710902,0.9461315868084953,0.9400662386803949,0.9550836109980174,0.9489817374871088,0.9399227191239217,0.9493103312019631,0.9562460661359716,0.9440071294934012,0.9496315415113543,0.9496760046627065,0.9538722856146656,0.9478623055266464,0.9378767390194522,0.9445592666589782,0.95075687796346,0.9542314926640849,0.9501065179771082,0.9428216765137651,0.9464769927258088,0.9500951109141681,0.9485762008066638,0.9506363727619981,0.9507372328142665,0.9489652893274663,0.9528189324198076,0.9496642313443645,0.95162893137402,0.9448710272964324,0.949031606143811,0.945566386032007,0.9484748539991101,0.9468131526594501,0.9523292790404319,0.947770999277861,0.9518285586373598,0.9509981952571368,0.94868158185101,0.9477367522144201,0.9467637268251379,0.9499213461223722,0.9506485281381072,0.9477216469008698,0.9493699093874859,0.9487327633987807,0.947266074648986,0.9478740508607494,0.9496896239609764,0.9511058445542393,0.944210215548766,0.9542117137233294,0.9486881148228709,0.9530656351716688,0.9417596054885322,0.9460168606453542,0.9522927737086075,0.9512635613259549,0.9462249324165263,0.9522266007916182,0.9486349228503643,0.0039490286968166055,120
176.2201678109169,123.55053378400476,0.26488027334213254,0.25618043072768765,0.0068564314564107985,8,0.6917142204161856,2,4168,0.7662163476493078,"{'learning_rate': 0.0068564314564107985, 'max_depth': 8, 'max_features': 0.6917142204161856, 'min_samples_split': 2, 'n_estimators': 4168, 'subsample': 0.7662163476493078}",0.943851684206264,0.9508508315758175,0.9617849433613154,0.9524385490137691,0.952738961846312,0.9578583128872881,0.9527460535554543,0.9545546817330985,0.9443992874146976,0.952135533682908,0.9590548217041286,0.9458624892299106,0.9538152333160064,0.9550751651301586,0.9557567981556396,0.9556910428060145,0.9567642698121099,0.954794358903255,0.9522714781006069,0.9486646660977113,0.9479468093868179,0.9573285052232922,0.9502423963368439,0.9550178237021473,0.9543533678418901,0.9542370972325928,0.9523757506189823,0.9541541998850064,0.951078207555727,0.9400620276464333,0.9539074059029715,0.9526584503722112,0.9506583436554835,0.9545367900214913,0.9488618928069419,0.9465667686351443,0.949618900762714,0.9533969018293987,0.9566909889413596,0.9590013369192454,0.9551769964066867,0.9589975637201631,0.95048989989497,0.9450521830752944,0.9580019749136581,0.9514417340337536,0.9441973311821811,0.9528594623096447,0.9595407184680094,0.9497162337145233,0.9535387281552501,0.9558346701732521,0.9571538545685109,0.9519626061407055,0.9422086948792857,0.9484971060348221,0.9560382685425245,0.9595332192610929,0.9535421557584516,0.948526312227484,0.9504665258646479,0.9544702496502094,0.9552925848005902,0.9543662385340178,0.95381685204276,0.9554981545800669,0.9581633603070561,0.9529813075701433,0.9551619720862811,0.948311515317948,0.9521984869897058,0.9506258524054791,0.9548426995764339,0.9541893782627551,0.9563946797804185,0.9523074177560144,0.956189473973343,0.9556895226178054,0.9527565335316117,0.9527695444632139,0.9508724210673966,0.9537015068557454,0.9543727023123564,0.9513408298487529,0.9549636665668504,0.9534732574221516,0.952206154193092,0.9527147037578835,0.9548905040390406,0.9554099983543795,0.9509039137435035,0.9579127838327218,0.9537119011842423,0.955618481517177,0.9488912954597888,0.9514872671965211,0.9556524742545243,0.9547226629242526,0.9491970692125171,0.9569428544663033,0.9530159163958913,0.0038873716527714733,45
186.80777142524718,130.77827952044046,0.23856585025787352,0.2290352315246197,0.042447737358520234,6,0.8953685550856594,2,4168,0.7739021256898738,"{'learning_rate': 0.042447737358520234, 'max_depth': 6, 'max_features': 0.8953685550856594, 'min_samples_split': 2, 'n_estimators': 4168, 'subsample': 0.7739021256898738}",0.9463462587039871,0.9517662019578568,0.9614475605785365,0.9532385974666775,0.9551526006362658,0.957921504277284,0.9533948931105545,0.9556250359278997,0.9450317948118927,0.9536580443690068,0.9585625456737723,0.9479034238574257,0.9544937281181665,0.9551925313994681,0.9570166040209999,0.9557743925848152,0.9557111945900949,0.9540934057787401,0.9536233078893854,0.9508416573715387,0.9497677663832645,0.9554448706644755,0.9509451177161524,0.9551118857160319,0.9545020722041394,0.9541107793524651,0.9543292391022818,0.9543547059302969,0.9520385727534318,0.9423666387701064,0.9547070489707659,0.9543899377979297,0.9509756608286424,0.9550428222786879,0.9502291978552884,0.94684789756437,0.9512683240109261,0.9531957587445038,0.956833936128592,0.9600359552542391,0.9534717489561555,0.959738576646552,0.9505837226761723,0.9458984407849399,0.958909760363538,0.9526048539454963,0.9460128501359661,0.9555120665989081,0.9601193817768707,0.9491522771545593,0.9551999461910533,0.9559931328452396,0.9580602940306597,0.9530615735657876,0.9471615499104973,0.951285795684976,0.9564476315753541,0.9595274861544293,0.9534492382987614,0.9503926717675012,0.950563590849978,0.9558392796832145,0.9554586568100721,0.9544425779395578,0.9541383189494498,0.9558531419877544,0.9583139770393873,0.9549044477708506,0.9548944612578041,0.9495217385164028,0.9540439200193155,0.951802664566325,0.9539605353745676,0.9530343574353364,0.9573547283713812,0.9522492178419685,0.9576133703650749,0.9565630531550207,0.9519583216623052,0.9533868090502365,0.9505822322369093,0.9552118018184947,0.9546917705386103,0.9529798371993833,0.9553490188501893,0.953217724023049,0.9533251822834768,0.9516865329020847,0.956982516394753,0.9564462515031774,0.9514873367930106,0.9566873145266043,0.9549689672713548,0.9565327727662944,0.9486226373420671,0.9519656988790806,0.9559969386630901,0.9553022070458619,0.9503101885518563,0.9580211854526768,0.9537214175390241,0.003491731604690088,27
114.09731044530868,83.53067843517329,0.26845569610595704,0.27214578122081606,0.006008116661255823,7,0.4431781364164753,2,4168,0.9350257970633646,"{'learning_rate': 0.006008116661255823, 'max_depth': 7, 'max_features': 0.4431781364164753, 'min_samples_split': 2, 'n_estimators': 4168, 'subsample': 0.9350257970633646}",0.9451724655254421,0.9529987601738884,0.9629029105909992,0.9539556111755432,0.9536999561774887,0.9585799665423603,0.9534212657139469,0.9548338380354774,0.9460593697952819,0.9542584451683377,0.9587888205311523,0.9473270655022705,0.9543801246633321,0.9565695567926864,0.9565833816303771,0.9565624335331617,0.9569913227381015,0.9542606332698652,0.9534494985035991,0.9504940159140818,0.9485153988083527,0.9575262957452145,0.9507905618511258,0.9558916039142866,0.9555530256843902,0.9549784947263794,0.9536656284970495,0.9541997257858859,0.9524235504783453,0.9419304388170148,0.9547334593536954,0.9539463567549958,0.9522309232886726,0.9553959020422144,0.9514679388679145,0.9479592877402381,0.9506758551107889,0.9539698217636488,0.957052272457347,0.9598194938709667,0.9551918118589242,0.9600185732727577,0.9512961906806305,0.9464284416537327,0.9573516981646982,0.9530954734191895,0.9475019104112379,0.9537160787292405,0.9602078884187546,0.9503941401097507,0.9532575896648741,0.9569412073949186,0.9586557176384979,0.9535228104081743,0.9450894771737705,0.9498526637868282,0.9570636013412517,0.9598163557096282,0.9542502022253212,0.9498475511906187,0.9507235720136074,0.956609147242407,0.9558611241941715,0.9551530637671165,0.954984090862602,0.9557227060801172,0.9584865104864643,0.9545842301492985,0.955914946976922,0.9494884554465939,0.953600967538623,0.9509857610213195,0.9548977740027553,0.9544813028821588,0.9574965814972499,0.9521086784877344,0.956780741380336,0.9571292728308313,0.9540175515110219,0.9532700068601812,0.9498639871943674,0.9555933178025675,0.9553926025275848,0.9526466100482035,0.9555159710920319,0.9545849666694742,0.9535703108343789,0.9531685041202675,0.9567943392732383,0.9564158250096433,0.9519601109220924,0.957782298678792,0.9547675781172591,0.9569721327427794,0.9496481936351343,0.952718704363473,0.9552863568160568,0.9551342517693764,0.9507004274275531,0.9582617934832103,0.9539658962854773,0.00359934709991561,21
196.4192130804062,133.59195718943107,0.21965110063552856,0.22704041281035944,0.0921353795171421,7,0.8987075128788344,2,4168,0.826064957462618,"{'learning_rate': 0.0921353795171421, 'max_depth': 7, 'max_features': 0.8987075128788344, 'min_samples_split': 2, 'n_estimators': 4168, 'subsample': 0.826064957462618}",0.9412419845606542,0.9478426014551701,0.9592124709004841,0.9490048259522166,0.9526043418277459,0.9559821777701998,0.9521066897897336,0.9515940643439835,0.9431433054757541,0.9488182910371217,0.9562744081195359,0.9456074306072312,0.9506094685598376,0.9523921584692109,0.9539700199941952,0.9529655893809127,0.9532020427729919,0.9503279817948993,0.9519085804989678,0.9457823920349633,0.9446399172301875,0.9540795574556622,0.9487401287278543,0.9523040512253337,0.9506759911321696,0.9512696299203073,0.9497448332721032,0.9510641677324018,0.9459796476199036,0.9376307442010032,0.950185987536797,0.9524501209799893,0.946285356359097,0.9538984025009976,0.9476539072035471,0.9435310260948861,0.9458069675243483,0.9512561930908625,0.9540665683915848,0.955932089039444,0.9511781844274682,0.9565386052491706,0.949034035399368,0.9428335001905156,0.9529341395741173,0.951191469799048,0.9433802691615963,0.9519553015291867,0.9591495324739657,0.9453174865688283,0.9506771351430507,0.9542673659388178,0.9552207836447695,0.9490008029989185,0.942569679425299,0.9471032128436083,0.9543716404453839,0.9562138821779121,0.9518293627955186,0.9464516587148416,0.9486175029415275,0.9519739732057524,0.9534198008759814,0.9524290960962849,0.9506414394696552,0.9539265813996122,0.9573495854508858,0.9516932447192761,0.9527436498485401,0.9469739109428353,0.9490976247442194,0.9469029271132238,0.9514255256769071,0.9521935322574433,0.9525109861299728,0.950590705244297,0.9558533163876232,0.9539023129148293,0.9494360173214068,0.949795118477146,0.9476095632115682,0.9513637362075049,0.95136526809703,0.9487006797881288,0.9521653940438397,0.9524552432657178,0.9520385515608719,0.949621865428903,0.9534262128196879,0.9518779399571212,0.9477575362820404,0.9546668402357403,0.9504138054559664,0.9530028687338107,0.943851530581607,0.9505589175593615,0.954739872511009,0.9530668727469234,0.9456125398924596,0.9550067129654302,0.9506378296364784,0.003931618206325223,87
183.80085409402847,135.75753139421116,0.7026125311851501,0.6874213897411215,0.0031108326056301064,11,0.5873960594492682,2,4168,0.6737716992635644,"{'learning_rate': 0.0031108326056301064, 'max_depth': 11, 'max_features': 0.5873960594492682, 'min_samples_split': 2, 'n_estimators': 4168, 'subsample': 0.6737716992635644}",0.9402552005715968,0.94795622759736,0.959703542309024,0.9501706589259327,0.949100049759463,0.9547209715881991,0.9494845859374036,0.9517075730776756,0.9413031408935391,0.9497627625673839,0.9566306487338003,0.9420569404265084,0.951240814239463,0.9523669077247982,0.9529043744696294,0.9532945650605794,0.9537136578646057,0.9508774488644226,0.9498146942344111,0.9456964032311306,0.944274129537161,0.955130628534367,0.9474331571723204,0.9523333698095037,0.9511690051141191,0.9517303907708913,0.9488349364463344,0.9508377370705628,0.9467088782485393,0.9366652545975593,0.951706668660674,0.9481544021545271,0.9472648132675093,0.9518788507785729,0.9445205726003663,0.943810313278438,0.946578662891506,0.9496562238386287,0.9543364250623507,0.9554307264229842,0.9512255263212386,0.9553944560640676,0.9484260840156271,0.9419015134180425,0.9544044313721343,0.9490007291356382,0.9408212682423522,0.9493312605656725,0.9570342532058346,0.9470495343973895,0.9498296872498433,0.9526059200764192,0.9539315018775263,0.948840182197594,0.9393876108436905,0.9444708909492733,0.9541085094347368,0.9570249379104175,0.9509899190848244,0.9452005976427904,0.9470069773351313,0.9506038478176366,0.9524266541608432,0.9515046993203841,0.9506115565809105,0.9520237218802821,0.9557732021583574,0.9492837852578673,0.9525992423447183,0.9441634644055127,0.9493936898019788,0.9467205554720087,0.9511581005167544,0.9515498178490714,0.9537101059816229,0.949577009218474,0.9527207291297847,0.9535020465034648,0.9495135919787107,0.9493300622012243,0.9472512329029037,0.9516406434375599,0.9517373387031073,0.948255394034665,0.951323150006399,0.9502964903796378,0.9499663114433898,0.9510634742606654,0.9520883495325387,0.9526806191648873,0.9467338901438357,0.9552348544529651,0.9506966179393062,0.9523945574658818,0.9462191607413024,0.9488643710294781,0.9523071235196824,0.9511202070898224,0.9452352499098131,0.9542970261758692,0.949947740505874,0.004094932472759651,100
88.04216642379761,74.2071158053734,0.4027256894111633,0.39496822665699194,0.07366219007900414,8,0.4393497366621478,2,4168,0.5551923148256198,"{'learning_rate': 0.07366219007900414, 'max_depth': 8, 'max_features': 0.4393497366621478, 'min_samples_split': 2, 'n_estimators': 4168, 'subsample': 0.5551923148256198}",0.9428639857052978,0.9498464337890301,0.9609451665294794,0.9513286730144315,0.9518381739636009,0.9568881857522206,0.9505320339919239,0.9531884969626037,0.9453298296645609,0.950032912934496,0.956895376073745,0.9436789146556785,0.9527140959922814,0.9545833764799935,0.9555121036194366,0.9540529978875828,0.9530893765134791,0.9528640038152049,0.9508322313158447,0.9479317959477631,0.9458481522843202,0.9538476490860739,0.9498211242193888,0.9524082721462281,0.9504882151246045,0.9522626055563967,0.9516674735218934,0.9544252660226599,0.9492661990821668,0.9374507289438905,0.9521126772684936,0.9500663521342334,0.9509952865888716,0.9538423773735303,0.9461691667828454,0.9443275161189718,0.9476501444013861,0.9517438975392664,0.9526107356135501,0.9565845750567009,0.9524661723215901,0.957514994614951,0.9473007344738907,0.9426873063758364,0.955717717979587,0.9496956708793307,0.9416681944906536,0.9519346543311085,0.9583013222865244,0.9479829582354596,0.9501131075331576,0.9522903578910376,0.9573059366090796,0.949592197757228,0.9434059573637779,0.9483412793981776,0.9542154904823898,0.9559460118227016,0.9513256785916466,0.9452314894779413,0.9494098088509881,0.9536626033972578,0.953254725026282,0.9537479727762147,0.9493766656930331,0.9514462430567172,0.9537498067701099,0.9501584950089909,0.9513064794989549,0.9455602707138202,0.9513591955856023,0.9463600682363184,0.9511181924370067,0.9506668420247764,0.952972230804263,0.9492879710463753,0.9540245241338636,0.954191655722446,0.9512494167514991,0.9526024392212091,0.947930348486484,0.9520331855257153,0.9524666191776696,0.9504075725261445,0.954350218971218,0.9518730140263624,0.9511382111116319,0.9503026693918779,0.953470914653467,0.952485746852459,0.9506805194990936,0.9577026314811015,0.9511373976522528,0.9546598363935691,0.9471146476378156,0.9513648997343681,0.9528576566890452,0.9529967488116071,0.9465780713812367,0.9572493642247408,0.951158796933738,0.0038945871942672916,76
142.55457714557647,108.88099895161457,0.35652942657470704,0.3507961549584253,0.0028332686506026515,7,0.5985978666870624,2,4168,0.7666072141879023,"{'learning_rate': 0.0028332686506026515, 'max_depth': 7, 'max_features': 0.5985978666870624, 'min_samples_split': 2, 'n_estimators': 4168, 'subsample': 0.7666072141879023}",0.9435280199077065,0.9501634223686314,0.9607844460783609,0.9519601524743667,0.952290477628046,0.9566921932613789,0.9523313383519889,0.9532200684776567,0.9431510520134038,0.9519380734192069,0.9577762212268621,0.945132131063507,0.9519226249863685,0.9546080316807903,0.9550840633594867,0.9549659292792431,0.955220038860205,0.9524080341800985,0.9509270268136166,0.9483414291525556,0.9468082211942257,0.955795612121607,0.9487552320560197,0.9536870019813024,0.9527285595573017,0.9535208517820283,0.9520617936848527,0.9526400096487297,0.9505723354655673,0.9385776512675033,0.9529057322261526,0.9519894158305945,0.9489314544678092,0.9531569059786504,0.9493488582455326,0.9456264102628805,0.9481997881990392,0.9521777161007303,0.9554132979442933,0.9575015196596466,0.9529808602239831,0.9576657620353035,0.9495486679364795,0.9442966818124435,0.9558467189811335,0.9507284409006458,0.9451334047492462,0.9524472061836188,0.9586468512697842,0.9480554808375543,0.9516103765818158,0.9546739092108129,0.9566404375903177,0.9513829436799291,0.9428100031288581,0.9476859862179747,0.9550482033396883,0.9579084031873316,0.9532099311621446,0.9475191133641789,0.9484156020640682,0.9543597888873219,0.9542420455777277,0.9527000981107298,0.9527541289547898,0.9541715186256359,0.9569174743369387,0.9523546519798038,0.95371803731766,0.9468423945598073,0.9511499484487257,0.9497615099533021,0.9526443403535854,0.9520081556606571,0.9561173817036857,0.9502187237006041,0.9547901893180148,0.9551955989630334,0.9515647603499353,0.9513024314969587,0.948030543468992,0.9535106731844157,0.9542032852335534,0.9504043805158886,0.953393034860157,0.9523194023984641,0.9512516301789239,0.9515442737602555,0.9549622756561411,0.9544675844774821,0.9495021762384421,0.9565046175469926,0.9527594469367806,0.9544776460626561,0.9474260181922579,0.95092240616042,0.953883016955752,0.9536668939392703,0.948309890128146,0.9560860250408016,0.9519553652594999,0.0037731917558708533,61
126.12578196525574,69.84060976972822,0.19384058713912963,0.19401489656643267,0.2078842538782157,5,0.5999444960895808,2,4168,0.9193506699558507,"{'learning_rate': 0.2078842538782157, 'max_depth': 5, 'max_features': 0.5999444960895808, 'min_samples_split': 2, 'n_estimators': 4168, 'subsample': 0.9193506699558507}",0.9400680736634119,0.9448867057972229,0.9558638656193943,0.9470985039809422,0.9484793122468982,0.9519840923958259,0.9458989766320073,0.947273936125566,0.9355192048715442,0.9474784754880909,0.9517744554321338,0.9432033843637725,0.9459707289637884,0.9462951924362266,0.9506952484167815,0.9510816020242572,0.9501682397681434,0.9460962650821022,0.9460700982722611,0.9431418935549248,0.9416046390702487,0.9488941173936063,0.9440535334446161,0.9454211394886772,0.9492708820496961,0.9462651259666912,0.9478426207882203,0.9470531028566724,0.94242044248113,0.9338833421154479,0.9505170306179647,0.9465008287931866,0.9447269023003088,0.9458987172543711,0.947033514607526,0.9406821013407913,0.9425253620957936,0.9473335649170851,0.9491256904766852,0.9534871437780686,0.9468069416134947,0.9535330539717621,0.9464472007765101,0.9413770422554288,0.9513943049816181,0.9456866215505649,0.9345987819556778,0.9489820804997605,0.9521766365364617,0.9423407840457577,0.9472186656723508,0.9466765286273436,0.9517137670525896,0.9459754703490947,0.9367248039844634,0.9430839412094362,0.9505473485403744,0.9501431286903833,0.9467527709180936,0.942340637813888,0.9433480002965267,0.9491153513473005,0.9508313783051565,0.9500012018441815,0.9469655961129673,0.9516571135580617,0.9501007377668487,0.9484952636903294,0.9472811081119507,0.941936312111873,0.9480682427177922,0.9460407063442637,0.9482675234540212,0.9491531548035173,0.9512816332492999,0.9452780888159145,0.9501922192490516,0.9505854997182281,0.9432607649232896,0.9439650986050312,0.9449688495857449,0.9508462660259756,0.9483001622596829,0.9494519217247024,0.9514585589584954,0.9476131289487307,0.947106438046165,0.9438721713598036,0.9524545875131202,0.9498332495423166,0.9451750715537557,0.9478139246317296,0.947498873146221,0.9526912305632662,0.9400863711932369,0.9445501113175235,0.9485214635011282,0.948243586512218,0.9463012730919385,0.9517208124781661,0.9469244161499666,0.004042404331226461,142
283.05892706394195,174.48831646701683,0.775536949634552,0.7790420641076043,0.00407067039939574,13,0.7756179978787981,2,4168,0.6771670832896792,"{'learning_rate': 0.00407067039939574, 'max_depth': 13, 'max_features': 0.7756179978787981, 'min_samples_split': 2, 'n_estimators': 4168, 'subsample': 0.6771670832896792}",0.9372767644890062,0.9437640879932989,0.9563923293190788,0.9469950980097003,0.9467455374156527,0.9510975426373443,0.9475558161691142,0.9485854852569234,0.937777307322427,0.9466810236379298,0.9532227556790053,0.9387872039980288,0.9479532226932073,0.949089738693049,0.949776400684768,0.9508714358584998,0.9505888376279602,0.9487024252444675,0.9467225944183757,0.9415954683498964,0.9416198865342422,0.9534514490177004,0.9434519090962845,0.9498606654102532,0.9468558959877968,0.9495104215495648,0.945400026109574,0.948196389325172,0.9428211593959303,0.9325085374629177,0.9486711812557763,0.9446373613628778,0.9430886580685558,0.9494281119974051,0.9405475700579374,0.9409461867420134,0.9421148779684586,0.9468051659969794,0.9517250847781933,0.9526212222268504,0.948596129014061,0.9531078079406544,0.9463679252419382,0.9383069551080254,0.9512882175844626,0.9461843969806579,0.9362754295866448,0.9468075686481605,0.9540977192209923,0.9435630122523312,0.9473782224800172,0.9497488824263596,0.9512935863005683,0.9451365609716098,0.9355985675619591,0.9415005583941062,0.951563975660327,0.9551708211299667,0.9476392924461926,0.9401417807987573,0.9435586138942929,0.9473078771701019,0.949670417325923,0.9487074153685452,0.9479670641656266,0.9493371420134725,0.9532045709609263,0.9471169721608947,0.9498566927805864,0.9402820725511482,0.9467556727666994,0.9436150071684687,0.9477728219794497,0.9482399667059592,0.951083807731218,0.9471437420451043,0.9494699923411766,0.9508023118602976,0.9464957592932833,0.9457112793202724,0.9440618751411741,0.9482301063747194,0.9488166875126591,0.9467612354658745,0.9481333778227916,0.94688656579582,0.9457398881529284,0.9474951538849334,0.9485630787653847,0.9497975979624221,0.9423211038844449,0.9529862038966557,0.9469976416121915,0.9493044566267983,0.9435404451194169,0.9456168493942975,0.9502642966900501,0.9478051595592912,0.9406979146768704,0.9514540165622297,0.9468378310009443,0.004443116686590144,144
108.34554299116135,75.4555356968255,0.6977156281471253,0.6904534244933397,0.014571905849303018,12,0.33503216233857,2,4168,0.6737982711417441,"{'learning_rate': 0.014571905849303018, 'max_depth': 12, 'max_features': 0.33503216233857, 'min_samples_split': 2, 'n_estimators': 4168, 'subsample': 0.6737982711417441}",0.9404671801846258,0.9500331877865539,0.960409103619411,0.9516199783052585,0.9494556912796527,0.9555134321970477,0.9495898078183207,0.9515936493094788,0.9411339161345319,0.9504158872960617,0.9558453701087358,0.9436797019088228,0.9523844382522014,0.9532324767522927,0.9520988195992846,0.9536005107283376,0.9538752356694024,0.9510087339741788,0.9505479928029297,0.9457364429140385,0.9440088374616965,0.95513448253156,0.9474140297772045,0.9524994875154598,0.9515756766213498,0.9507919776961458,0.9492407512195379,0.9506115846860608,0.9496791322207497,0.9399910018416451,0.9522028653822742,0.9477433319021711,0.9489592220084064,0.9526809925179839,0.9458309670254303,0.9439447072697604,0.9466268192722249,0.9506535747490037,0.9545573074228161,0.9567124330153719,0.9516996785959262,0.957405000149631,0.9487293473037653,0.9424492466820187,0.9541214385963152,0.9504219065616357,0.9430882541186814,0.9485767942990861,0.9570307210709438,0.9482688032375366,0.9490091600824195,0.9526617139105885,0.9548413204210053,0.9495183731820949,0.9405603874128098,0.9452061155807532,0.9546280932069038,0.9565671201398369,0.9513277564469558,0.9463152801214206,0.9478635510264648,0.9525863980350795,0.9516036429826265,0.9519714838353472,0.9513074403373781,0.9525957239775257,0.9552540187395608,0.9500579064383751,0.9531006707340747,0.944580893636399,0.9494848052385867,0.947988236552839,0.9494469006610023,0.9515577353067228,0.9543121436259838,0.9491929075537788,0.9533281615022094,0.9537419533006377,0.9506894512968032,0.9496524424362083,0.9466470947501081,0.9538093111187723,0.9509542567454847,0.9489734312837673,0.9531479749302865,0.9502205818092611,0.9513708851486244,0.9501934550892883,0.9530189848945162,0.9522216512740781,0.9468481944083444,0.9545387802519664,0.9520901837559936,0.9528700722046447,0.9477211486595105,0.9486604564772434,0.9530869373130106,0.9504060492315092,0.9459270367923653,0.9538949675761816,0.9504244517083091,0.003894827633994315,92
153.07609146595001,106.43948173480105,0.20198361873626708,0.20919781293047865,0.01811151984115001,6,0.730009964172333,2,4168,0.733381595886742,"{'learning_rate': 0.01811151984115001, 'max_depth': 6, 'max_features': 0.730009964172333, 'min_samples_split': 2, 'n_estimators': 4168, 'subsample': 0.733381595886742}",0.947993866712035,0.9519851539320061,0.9624475110443694,0.9542204585012966,0.9556308412662401,0.9595488503545923,0.9547790399271519,0.9563243076632764,0.9454034297414221,0.9548072463019953,0.9595332172863983,0.9483145326524123,0.9554272363792187,0.9558405841716007,0.9579560583372554,0.9561481434321315,0.9583909048346548,0.9557094032117911,0.9533454229863956,0.9516308487078704,0.950579396455825,0.9579573560782894,0.9518118370511582,0.9568343033943562,0.9553694516323571,0.9559751103860614,0.9554707645342503,0.9556203040031217,0.9537413249941497,0.9421814991965499,0.9558646821766857,0.9554657139455212,0.9528692926954704,0.9564963067479609,0.95274932904669,0.9474090392824873,0.9508804762687255,0.9550993451279453,0.9581939632656292,0.9605636859950781,0.9559891034125936,0.9606613343009112,0.9512230947735264,0.947082843443273,0.9590170984777739,0.9541643001716474,0.9465402516345209,0.9547394024256894,0.9606765074239028,0.9493673465634094,0.9556429071675715,0.9574543405006023,0.9598279718812264,0.9537071321238196,0.9462920690057985,0.9514578306291814,0.9577890636994844,0.9591028363129046,0.9553894255529015,0.9505502231301812,0.9525418155468367,0.957055783072978,0.9578039545357904,0.9556071035662362,0.9547701269025834,0.9562581616767907,0.9591237840195971,0.9563552734641381,0.9553415434352805,0.950943799171704,0.9548226747738167,0.9524885171543996,0.9553656044358013,0.954171251167168,0.9578876388276638,0.9536499718155458,0.9591295500228298,0.9575139630582394,0.9533880461466422,0.9545151772711141,0.9514777338032171,0.9548258106478813,0.9561559184417279,0.9523862270605876,0.9564114720868047,0.9551296432500944,0.9550346193222641,0.952558927354007,0.9578105273686673,0.9576478826026938,0.9525696335390966,0.9588216986819209,0.9559847373860099,0.9579958955522256,0.9503195932228152,0.9546860421346973,0.9572282782431725,0.956190157859178,0.9512499014592601,0.958247555903174,0.9547471131833801,0.003627533741565643,11
306.7836512899399,163.8300946438017,0.2862877130508423,0.29087906147003684,0.024451857832937164,9,0.885422313074065,2,4168,0.8468434481960752,"{'learning_rate': 0.024451857832937164, 'max_depth': 9, 'max_features': 0.885422313074065, 'min_samples_split': 2, 'n_estimators': 4168, 'subsample': 0.8468434481960752}",0.9399012181256118,0.9471310253036878,0.958406620088745,0.9487121783670055,0.9483008522696811,0.9539430260760738,0.9497261730235017,0.9513687402216374,0.9412842687022339,0.9489688430951164,0.9563300956598861,0.9417226218964658,0.9502569688404507,0.9514316998673403,0.9522436140284312,0.9515205853302178,0.9534966779724776,0.9505611938069355,0.9498504570718784,0.9447714108558837,0.9441170842381592,0.955648337364297,0.9445310213635324,0.9521186836472779,0.9484530760195903,0.9510269988629936,0.9482659152087595,0.9505010716149104,0.945841834978624,0.9362088418652553,0.9504935215463656,0.9477940251959546,0.945927120156089,0.9525356542521494,0.9445948072473359,0.943454510158374,0.9453842589863954,0.9493391344529546,0.9538149681381611,0.9556512458067296,0.9515530059397569,0.9545306657213422,0.9476141070915269,0.9396794833995976,0.9544260632637933,0.948203580964694,0.9384592389137769,0.9493968585753366,0.9559117499573256,0.9452192161001581,0.949974116042107,0.9534723036572962,0.9533163203071477,0.9478478670344354,0.9375713068523452,0.9449492294774967,0.9534491794683586,0.9563607736126659,0.949453457910408,0.9447888599075015,0.9443111555505675,0.9486272685093783,0.9523856733161705,0.9512981304298859,0.9495383567459407,0.9515762816437787,0.9557107105614515,0.949635454017953,0.9517385766856669,0.9442135138542015,0.9487208517261035,0.9471750122766882,0.9504525680164484,0.9510032094330063,0.9534306588160805,0.9478988309205751,0.9527496789875808,0.9532354150502982,0.9496223105428563,0.9489143616023218,0.9473932702607908,0.9499947287090216,0.9503464921654016,0.9482677087003019,0.9509186311274647,0.9494642201060054,0.9493578151977796,0.9496652720590399,0.950919337682476,0.9524693794203468,0.9472824793528728,0.954654536846624,0.951282577575281,0.9517528320238693,0.9455587619600314,0.9482320674224466,0.9520068802311239,0.9510024664274237,0.9450146090705869,0.9532145797730619,0.9493284443070314,0.00422896738055152,113
222.21328871488572,151.43208855920932,0.3172680950164795,0.3210326379762726,0.007450666443838127,9,0.8912789471378522,2,4168,0.7398333987787269,"{'learning_rate': 0.007450666443838127, 'max_depth': 9, 'max_features': 0.8912789471378522, 'min_samples_split': 2, 'n_estimators': 4168, 'subsample': 0.7398333987787269}",0.9420173033755693,0.9480845101250367,0.9602241172584592,0.9505783031509331,0.9501787164196969,0.9552359161017845,0.9510463422309814,0.9531014050872609,0.9420645288462225,0.9503235739596716,0.957389150414546,0.943549147647992,0.9526966384615224,0.9528622763101599,0.9542627383971853,0.9542450419807813,0.9544651992611092,0.9526717572558728,0.9504080025666627,0.9460602054449593,0.9463795583395789,0.9564724437530918,0.9473362410125147,0.953551802223412,0.9514203360061929,0.952386747091446,0.9500417028161573,0.9527236398979545,0.9482129145031767,0.9380967777263661,0.9523530032912021,0.9493105470840393,0.947368782970995,0.9526072116166168,0.9457193012755682,0.9448426905041485,0.9467960944848353,0.9508149938810287,0.9547738810899027,0.9567012920359039,0.9529193984408191,0.9568538271357101,0.948152211555333,0.9425439491746694,0.9553343162379528,0.9497075732585257,0.9409208895761727,0.9515186803134633,0.9573703305127541,0.9471521783342468,0.951817091357421,0.9543520479179697,0.9549331127414824,0.9492976536685288,0.940574057829379,0.9456598265871029,0.9548348569723337,0.9580079070132396,0.9514151171811732,0.9460978443442544,0.9478990092345619,0.9515965943530066,0.953510805879943,0.9524248815276642,0.9521575799796611,0.9528195520246755,0.9568907371682649,0.9517352856414399,0.9530729326260419,0.9451223609187266,0.9506688857690614,0.9482629366822468,0.9520116770396229,0.9518709330537629,0.9543950904405994,0.9508969103832898,0.9533586567512867,0.9545429273884064,0.9512912994773118,0.950474078591389,0.948646704618196,0.9514763920697581,0.9521518583861005,0.9498089824453064,0.9522046643985216,0.9516831451618504,0.9500109752633535,0.9511965173686363,0.9528141591162285,0.9537138696160593,0.9480158111340609,0.9564407251080406,0.952020958017896,0.9531841737635439,0.9465349209130546,0.9497913036949364,0.9541070163501995,0.9523885649755646,0.9467578615570259,0.9544545389249033,0.9509124398386727,0.004073286998208151,80
82.61400630950928,69.3381284991187,0.22373038053512573,0.21970364404142995,0.07971189763535122,12,0.5817422573446251,2,4168,0.6995322018780352,"{'learning_rate': 0.07971189763535122, 'max_depth': 12, 'max_features': 0.5817422573446251, 'min_samples_split': 2, 'n_estimators': 4168, 'subsample': 0.6995322018780352}",0.9293613132937972,0.9422171400354336,0.9545411109865641,0.9464964610760577,0.9439167480130966,0.9502861379575734,0.9432676348874447,0.9466077322483705,0.933610288699958,0.9463742312916885,0.9528116594890081,0.9363990945064549,0.9463480397211522,0.9452701103173153,0.9456422048757045,0.9465617403034602,0.9473609573265929,0.9462335963739891,0.9453170092575454,0.9421442129323798,0.9396534667977171,0.9493231650035231,0.939639903630147,0.9460526865322506,0.9473833002990097,0.9456213986521769,0.9431322452376648,0.9472104093723028,0.9411006563034342,0.9262272391307018,0.9459667893342807,0.9405923469827066,0.9423126468875506,0.9494921640191804,0.9370224822407853,0.9378750241739522,0.9396797884020948,0.9430117248714762,0.9515996510402147,0.9501358079512014,0.9442817486350046,0.9503713215218912,0.9453554549838348,0.9350587939280524,0.948431905008266,0.943681640813754,0.9316625021692573,0.9427070669913822,0.9515611513961273,0.9434388408341554,0.9439254082199177,0.9477606714020387,0.9482113124280462,0.9430244385966494,0.9356420727299753,0.9380652232350165,0.9491946074996672,0.951105626821416,0.9476393758766178,0.9371917980459089,0.9425944700966509,0.9463363540714009,0.9478807171446992,0.9445958450964711,0.947238241481641,0.9466729157118168,0.950419443853023,0.9446631758088233,0.948728124191446,0.9408804284956332,0.9449688304483234,0.9411219718147135,0.9469888016393808,0.9443016652331558,0.9492839185980111,0.9440569743310389,0.9464765387081618,0.9502718596961225,0.9455952632793343,0.9418578720779408,0.9425120747716323,0.9466263657643034,0.948158322647326,0.9436950031797249,0.9463867838930317,0.9470917463098623,0.9438791329121392,0.9443085707858342,0.9465911243825803,0.9483480059671985,0.9415621170327572,0.948964533539419,0.9461253581768927,0.9476726654582586,0.943335419485346,0.9436751206924242,0.9468304216565169,0.9446667199445864,0.9372397419489168,0.9486354041635611,0.9445334932608302,0.004840944633066057,166
284.89105198144915,132.36538914617725,0.395305905342102,0.3955313024874556,0.022064956656423867,10,0.8042041362069554,2,4168,0.8535438211675037,"{'learning_rate': 0.022064956656423867, 'max_depth': 10, 'max_features': 0.8042041362069554, 'min_samples_split': 2, 'n_estimators': 4168, 'subsample': 0.8535438211675037}",0.9372919594485617,0.9458111684439785,0.9571658258459002,0.9483618166084417,0.946525927657599,0.9526029292302597,0.9471742215337469,0.9485508154701744,0.938588486662345,0.9472035186468738,0.9546653828491612,0.9401926639787533,0.9493581331429352,0.9509066787514865,0.9513684102233436,0.9512267705203206,0.951496023522484,0.9496956257633694,0.9490824666818044,0.9418070548166678,0.9430181772039242,0.9547282064349042,0.9452852672815701,0.9501715735971215,0.9483104385735925,0.9501746977336398,0.9459349457173696,0.9495198420683898,0.9448744431240335,0.9347974179538528,0.9500273811606827,0.9460554683371525,0.944052790167164,0.9500280597529561,0.9420092826745765,0.9435292904850733,0.9442009354243159,0.9479043247449122,0.953004917411583,0.9528357675558246,0.9496412358862325,0.9530823582564596,0.9470865960430774,0.9394730816834249,0.9520228584950681,0.9459988220713673,0.9369184163779167,0.9483049685698074,0.9550076105088006,0.9440010499642272,0.9477765868921929,0.9500083141219194,0.9513458620387841,0.9468041331237639,0.9374713868876581,0.9412630431374542,0.9523667860969348,0.9559818758885524,0.9494620239957865,0.9419017980009328,0.9432617628586072,0.9470594887475897,0.9509619963006168,0.949752615658932,0.949064724312081,0.9501132534034895,0.9535421924181956,0.9485668977643561,0.9498077483067837,0.9420573620010784,0.9471783253228803,0.9443690233698021,0.9486605640892127,0.9494685617764825,0.9518417072739356,0.9473881200572645,0.9519385477749597,0.9514408198535357,0.9474088855828277,0.9463119530061694,0.9445995782846472,0.9484057981730709,0.9490984214626813,0.9469421882864754,0.9495739946436195,0.948279065367447,0.9466383978123283,0.9479140687909394,0.9494410356887517,0.9505425538931055,0.9459720129422424,0.9531873899998087,0.9473830974091813,0.948806369156683,0.9442893640905734,0.94702335401802,0.9495172308735675,0.9490040469398391,0.942903880552613,0.9517888227030366,0.9477696313620864,0.004269828676308757,130
123.698733355999,75.77619979781056,0.3815229153633118,0.38035176368199036,0.06590153608896254,9,0.43662205597382386,2,4168,0.835947868716513,"{'learning_rate': 0.06590153608896254, 'max_depth': 9, 'max_features': 0.43662205597382386, 'min_samples_split': 2, 'n_estimators': 4168, 'subsample': 0.835947868716513}",0.9424852304229082,0.9469353126758522,0.9600214235254384,0.9503039054608973,0.9507806731751579,0.9541349776138045,0.950068564665979,0.9517793021343768,0.942910462988515,0.9513790961130412,0.9553106541910469,0.9429410417025199,0.9509566448235927,0.9541229575135521,0.9533049864770622,0.9532599318672513,0.9546076975310669,0.9516887265956492,0.9508504904092802,0.9458988575418164,0.9465445774011997,0.9554706090543563,0.9487089789252428,0.9535168162876702,0.9506565025555599,0.9518090072037659,0.9497218355830889,0.9507988836543133,0.947418955422261,0.9391595679310076,0.950335637278056,0.9498287937114258,0.9514201418930958,0.9527216512038006,0.9450864328312664,0.9452944857500273,0.9460928191239869,0.9506755946089789,0.9534777833152237,0.9574695195041061,0.9524683296715931,0.9543351348736842,0.948581541996012,0.9422363451548104,0.9548907555142744,0.9506277930917696,0.9423838060088501,0.9497767487682737,0.9566585794192788,0.9481458517235737,0.9494126862348031,0.9544605301009597,0.9543184474097812,0.9495960860147894,0.9418094507091254,0.9456581414148352,0.9550170005041302,0.956686323202204,0.9510908813631592,0.9466024279978916,0.9467561424764427,0.9515177777998015,0.9522671167971062,0.9518072507154803,0.9517577379279933,0.9523508958751774,0.9559128995492197,0.9505603644934039,0.9526060231696848,0.9442683284477706,0.9496210185210866,0.946790667460467,0.9530359649571346,0.9522711672115567,0.952509546153127,0.9496251580984978,0.9532056635830961,0.9541564554440762,0.9499280143675043,0.9501779348806807,0.948733297707878,0.9526339287492553,0.9518711875298296,0.9488798401523535,0.9524617266787724,0.9515195543593258,0.9512526758879006,0.9504355381242989,0.9537196690579968,0.9536339858800502,0.9466441218753961,0.9554674398677768,0.9511958509946877,0.9529418004649013,0.9480618433969709,0.9477749711684003,0.9526801151206438,0.950441176747975,0.9475100300674361,0.955200039154832,0.9505889131275701,0.0037780836857973896,88
96.18340819597245,76.76917187132209,0.37620728731155395,0.3540303779703981,0.0220164181334109,7,0.4414855848403797,2,4168,0.6048221246088148,"{'learning_rate': 0.0220164181334109, 'max_depth': 7, 'max_features': 0.4414855848403797, 'min_samples_split': 2, 'n_estimators': 4168, 'subsample': 0.6048221246088148}",0.9464768659116619,0.9561010815390685,0.9630846130603472,0.9546563545379044,0.9559234421608581,0.9604137761394483,0.9549018035651456,0.9557992693765017,0.9466839716619673,0.9545048386120043,0.9600234566765418,0.9481878907034429,0.9551086576840419,0.9578860035143388,0.9577990243825331,0.9575586483847259,0.9577322467030245,0.9561097052559092,0.9544533537039309,0.9512972962984654,0.9509980063221164,0.958081427209645,0.9535944503221105,0.9566268004797213,0.9563752755590145,0.9553129779413846,0.9553829195338844,0.956476330877422,0.9531790832708715,0.9444088740734786,0.9550645721975178,0.953706283422749,0.9552053129778884,0.9557614304748742,0.951079264982836,0.949045865444106,0.9520110441060652,0.954656058062216,0.9585937284287328,0.9614805645994943,0.9564782845665076,0.9608789383537631,0.9521675590680744,0.9484985305089142,0.958718964131928,0.9541230574720578,0.9486235615203615,0.9546032429232651,0.9609020246110731,0.9526593308518418,0.9549411981398327,0.9570178246205319,0.9603575817023781,0.9540887799946118,0.9451901979265638,0.9511631000372966,0.9579718587489627,0.9593790115750138,0.9561101819375092,0.9510075306638054,0.9535107098526423,0.9570385976993021,0.9570952758520606,0.9566163360479918,0.9561826416906163,0.9571162482945443,0.95981941107969,0.9555652061343298,0.9573314236578989,0.9509985792090104,0.9540651183382841,0.9520424665740549,0.955071626694989,0.954660936096674,0.9579360758705999,0.9533761658294624,0.9574703364251248,0.9577374601715651,0.9559404093816835,0.9550232072270379,0.9521485665253839,0.956851933060279,0.9560901421473093,0.9534815960973626,0.9576491223146733,0.9555477052389528,0.9547359011734536,0.9548197840805414,0.9582364273434818,0.956813576785399,0.9524531244371441,0.9590826215231606,0.9557761413742017,0.9587709806432952,0.9494929343417309,0.9541462981011933,0.9578810336838313,0.9561704830791975,0.9519751468205713,0.9591577489747681,0.9551250282938577,0.00351524097330217,2
360.98718970775604,174.18860768826815,0.4581674408912659,0.46302324349013335,0.025047557393561622,12,0.8813909601918843,2,4168,0.8610793298222768,"{'learning_rate': 0.025047557393561622, 'max_depth': 12, 'max_features': 0.8813909601918843, 'min_samples_split': 2, 'n_estimators': 4168, 'subsample': 0.8610793298222768}",0.9326573841658561,0.9392793450693498,0.9531337310104546,0.9439666213266664,0.9428310955027409,0.9472554963405753,0.9431908009547141,0.9451799341183054,0.9330711564475549,0.9434579477360611,0.9496129132818256,0.9337472335295308,0.9453380753175427,0.9448111151124541,0.9470269474314226,0.9481003191610271,0.9470192107744145,0.9452587666880722,0.9438168831818988,0.9381710168622647,0.9382242043738676,0.9512552775993668,0.9388666304170467,0.94610698032677,0.941670869652078,0.9467647126486225,0.9415336612196482,0.944956342369304,0.9384797516163788,0.9279812028278671,0.9463550545458626,0.9411268412332928,0.9386999670670498,0.9460024472566091,0.934703000783573,0.9377008787735569,0.9383577528673867,0.9431268027659137,0.9490159315507951,0.949179314202394,0.9440046683050977,0.9489239309762254,0.9441586891820526,0.9341294292233825,0.9475247645980689,0.9425324767348745,0.9311134536492582,0.9446813414635722,0.9512960993097148,0.9398236133842797,0.9450099888076361,0.9466379753703354,0.9462015220866541,0.9415032557021735,0.9291744741260688,0.9388259582005537,0.9490763607501825,0.95219199256735,0.9443535918284552,0.9377606620859116,0.9394844585133542,0.9415669701994929,0.9471161494641416,0.9448518882959974,0.9443395014878728,0.9458563489807741,0.950031883697528,0.9432910219431707,0.9462897426392721,0.9368720686895905,0.9433195043766827,0.9405617242733627,0.944249650436344,0.944936354410153,0.9483511349278838,0.9424720659939891,0.9456778409813295,0.9482585737168076,0.9426768222786214,0.9425991055320955,0.9396215272070482,0.9438343532267879,0.9447385192121531,0.9431272639310587,0.9449404369556007,0.9429918151049342,0.9415268830604013,0.9434370487841065,0.9451505926576842,0.9466455675551297,0.9401287671554562,0.9485673206122481,0.9444764755091205,0.9455519697366568,0.9396666621160108,0.9420113442643924,0.9467396170237851,0.9452666373555625,0.9353171212536806,0.9469624116106362,0.9431946301163288,0.004846262523579123,172
74.47756446361542,54.32827192848939,0.18831509113311767,0.19951255248680483,0.0965879569053994,11,0.4613387362619372,2,4168,0.854442074247118,"{'learning_rate': 0.0965879569053994, 'max_depth': 11, 'max_features': 0.4613387362619372, 'min_samples_split': 2, 'n_estimators': 4168, 'subsample': 0.854442074247118}",0.9341402268690833,0.9415225756326198,0.9546894281725721,0.9433190688225673,0.9440840018283082,0.9483701626706219,0.9442651560419433,0.9462404656853728,0.9354395151343557,0.9435160413779763,0.9491174155930979,0.9353974653452406,0.945907491936389,0.9465281510594801,0.9470779759850566,0.9484975326861551,0.9476062139400893,0.9453245369254554,0.9448698712578899,0.9425434854968346,0.940452798921836,0.9502241496374575,0.9440042046148556,0.9458591002771931,0.9445009197167842,0.9459813962061198,0.9445495683205571,0.9458119372358649,0.9445183891728977,0.9318124212741756,0.9473394945759721,0.9428371993077421,0.9420967368406925,0.947949369560887,0.9443010918159516,0.9400815729180267,0.937932757123433,0.9437023747169108,0.9518300965491762,0.9514301961864671,0.9469439320481757,0.9503086454970495,0.9443537962968287,0.9348586362502038,0.9483080795870883,0.9437338463819372,0.9336624943597033,0.9421462586936942,0.9511187162958037,0.9437569982443524,0.9445575592041932,0.9468461260679357,0.9500007322099061,0.9424103319660345,0.9357123736600697,0.9421231910888315,0.9489106769552437,0.9527742993635013,0.9479898250265382,0.9394493099536292,0.9412793964138414,0.9466234364284235,0.9483160319168216,0.946166990409834,0.9462673830644567,0.9463028958384806,0.9516191649241196,0.9444291578055796,0.94896162169612,0.9383091699826014,0.9415950397967969,0.9420485800717663,0.9453463939998179,0.946369913263771,0.9469569658589913,0.9458010061582232,0.9497062065563222,0.9457707397507937,0.9445767542624939,0.9457936337858638,0.9390080482816203,0.9482874073671501,0.9481143259589038,0.9427788084355029,0.9474700331807059,0.9458083534721681,0.944348068687184,0.9458708685514946,0.9479803022070158,0.9477674970186163,0.9412696836137072,0.9498880094734807,0.9468220088223684,0.9452808407110653,0.9417881479341196,0.9441659795273152,0.9471688485533798,0.9460184865174461,0.9415889814899003,0.9488432150345624,0.9448814678340764,0.004264461270062656,161
109.67194407939911,67.39934505926793,0.3414405083656311,0.34584902513871174,0.08846151865692825,8,0.5047377130664709,2,4168,0.6444622861050796,"{'learning_rate': 0.08846151865692825, 'max_depth': 8, 'max_features': 0.5047377130664709, 'min_samples_split': 2, 'n_estimators': 4168, 'subsample': 0.6444622861050796}",0.9449405977523055,0.9457668332149136,0.9604078508577891,0.948589344155734,0.9492775346168885,0.9546216144550459,0.9478849268165668,0.9501497591037067,0.9401102826623118,0.9489274692484609,0.9548689928517483,0.9439539760603903,0.9508499010122262,0.9523026505587299,0.9526877555206733,0.9539799524713515,0.9523865224146553,0.9522180899663117,0.9512775132906439,0.9467266811803479,0.9444822023389192,0.9533645927558437,0.9497271607953792,0.9532648093798863,0.9514649057169886,0.9508248732168487,0.9499751592345881,0.951290743235558,0.9466422806181873,0.9392560690293197,0.9505414733965806,0.9480947015534379,0.9490393590919587,0.9529746667928488,0.9456716194239682,0.9443623013839636,0.9472224706878083,0.9501004796025031,0.9553120971238627,0.9555707329026062,0.9534573970484639,0.9547654525002683,0.9459133456460889,0.9412072197835674,0.9512615839992935,0.9466592282720228,0.9418137019699696,0.9505378952367908,0.957605461655858,0.9447520733129694,0.9491451243313094,0.9514907618868843,0.9551779062453287,0.9494567936261729,0.9407610419815495,0.9462379388316977,0.953761263835595,0.9555654662091063,0.9504759165107226,0.948251439423985,0.9447239504446653,0.9523133449567646,0.9523241094887254,0.9533707994896242,0.9514285610573435,0.9525488463955747,0.9554393645000783,0.9490626867215394,0.9536268449019137,0.9429583234901264,0.9481691812723755,0.9473873633153971,0.9518971055705572,0.9504117341591252,0.9535331684300219,0.9471074856636191,0.9529999010664827,0.9517507599410189,0.9485536545245569,0.9504821932675435,0.9485265807640721,0.9517581671887092,0.9515794515598681,0.9503799404263849,0.952396056348605,0.9505974051884551,0.9476029837337332,0.9493000213781464,0.9535749485965298,0.9526458780641704,0.948439415971005,0.9545698440065763,0.9520314932489345,0.954825619294511,0.9453299193178758,0.9479780312706235,0.9534591807742979,0.9524329666517226,0.9446011732860585,0.954797122305762,0.9500632353683262,0.003956803951657529,96
307.4038258600235,145.0746280985816,0.5706013560295105,0.5814434953267847,0.003362102626007117,11,0.8750565330562627,2,4168,0.8216755337420458,"{'learning_rate': 0.003362102626007117, 'max_depth': 11, 'max_features': 0.8750565330562627, 'min_samples_split': 2, 'n_estimators': 4168, 'subsample': 0.8216755337420458}",0.9363901171526191,0.9429395649953907,0.95570323628335,0.9463403417605334,0.9453728281736156,0.9499078944349135,0.9464871143073337,0.9479034027273036,0.9365217026876476,0.9460403536943914,0.9530965207209257,0.937411061436337,0.9480637382389095,0.9483587486942516,0.9491563609410684,0.9502677073275657,0.9497363404414728,0.9483462124916422,0.9462371297710688,0.9405647148401668,0.9419784265700355,0.9530307217323372,0.9419166808877238,0.948917902754546,0.9455147027479824,0.9493621315855402,0.9442471372310134,0.947937402119486,0.9420919357337081,0.9308062340643645,0.9486561973139911,0.9433147758728492,0.9417177552553583,0.9487529733117358,0.938884303126849,0.9400945008285202,0.9421194892936163,0.9453067958888717,0.9517412191163941,0.95255961027146,0.9475953863252878,0.9522141806345471,0.9454780871945528,0.9373833086608016,0.9503502058746748,0.9441849358496979,0.9350768207518154,0.9467876229796712,0.9537710748742017,0.9424059629582116,0.9474715283080519,0.9488140225653701,0.9503938182925548,0.9443072198080462,0.9344134186023241,0.940187238521239,0.9509607151382975,0.953930742559299,0.947064086633688,0.9409980908348365,0.9419183354002874,0.9459379943928308,0.9496506152871889,0.9478438114265433,0.9469215890514061,0.9485192458818821,0.9521440776562009,0.946390876045531,0.948937156647451,0.9401869659005869,0.9460948924826085,0.9428947211505765,0.9474315246061165,0.9482473727907144,0.9505241186643641,0.9459233225150839,0.949045963405332,0.9502721039610242,0.9463128290928395,0.94524482267145,0.9433250183051863,0.9469352361132098,0.9473856266487487,0.9462639944862441,0.9476115949724343,0.9464146207347641,0.9449481556783997,0.9472381888126061,0.9476075538298165,0.9489072695973537,0.9430250084498341,0.9522492372352072,0.94623710800035,0.9484059918469557,0.9428675874178101,0.9452992494942307,0.9493779596313615,0.9476240485894718,0.9403148830577154,0.9500023411899702,0.9461006746731576,0.004552311396833242,154
99.23865434885025,82.54391788148503,0.1818782639503479,0.18569274067147704,0.11667952049666686,5,0.743730469582262,2,4168,0.6200136858032161,"{'learning_rate': 0.11667952049666686, 'max_depth': 5, 'max_features': 0.743730469582262, 'min_samples_split': 2, 'n_estimators': 4168, 'subsample': 0.6200136858032161}",0.9436404676151963,0.9501672133095408,0.9580928007901053,0.9499473038167466,0.9523081774854094,0.9563025012724785,0.9498290525648807,0.9482508403460215,0.9422344445338015,0.9511796868728322,0.9561466524320167,0.9402284245877366,0.9515825917769045,0.9525561479193648,0.9527677715824403,0.9509176579206446,0.9537052237528016,0.9515458335061336,0.9496716737761625,0.9480402863553629,0.9454714441463754,0.9504858264084172,0.9469162541427193,0.9525937088030239,0.9540777035109059,0.9531729421929462,0.9525709618518305,0.9503744487982844,0.9489797411891007,0.938950822317352,0.9521626419862335,0.9515075306116806,0.9464800662360481,0.9517005162016454,0.9501593734216243,0.9407140464452148,0.9477842681467111,0.9492031853765002,0.9524032821073439,0.958200407836174,0.9519186306717765,0.9560636045479679,0.9469050154723302,0.9440626690730625,0.9547799670018807,0.9507867627800203,0.9405395865794371,0.9492129986072044,0.957139135859121,0.9472087337852091,0.9502831783218312,0.9532768355647971,0.9551459402394671,0.9471198488694625,0.9411537127919162,0.9477386693826707,0.9520517478881448,0.9537376670799808,0.9492742482982632,0.9468143393874372,0.9487128624749303,0.9519845041540211,0.9527396911627897,0.9524953807134815,0.9517634210820979,0.9520664213725869,0.9539892835529028,0.9531884547682175,0.9509058075513058,0.9456826408092779,0.9511132144670833,0.946973671587654,0.9492366340379286,0.949145016205921,0.952494417788591,0.9462072358122088,0.9555615231960273,0.9534074659692675,0.9483047879018958,0.9503227731537984,0.9471263676462234,0.9518357672257692,0.9514710034250521,0.9509027626093208,0.9504339438668046,0.9508453111904676,0.9513037092350446,0.9478007443568851,0.9519944602489894,0.95077798723941,0.9454741171846343,0.9543155673944087,0.9491752602895744,0.9536766947274441,0.9432007931083426,0.9502060060370361,0.9535695627456633,0.9524063846436187,0.9461394945688614,0.9532637142799731,0.9502045207593421,0.0038715869119112234,95
243.1710875272751,127.13175919556646,0.23338956356048585,0.2428190161991328,0.02841217831524539,8,0.9029246761915235,2,4168,0.906996666315752,"{'learning_rate': 0.02841217831524539, 'max_depth': 8, 'max_features': 0.9029246761915235, 'min_samples_split': 2, 'n_estimators': 4168, 'subsample': 0.906996666315752}",0.9426638368896327,0.9484481569034761,0.9597903021237194,0.950354947741566,0.9507327186524714,0.9562407938629124,0.9504590422703691,0.9511539452045024,0.9432860976457532,0.9510106722638161,0.9564035403793821,0.9429165127600765,0.9514252749471519,0.9532799009623432,0.9540893326161103,0.9537190718018878,0.9541040200566839,0.9526510359795345,0.9516515540391616,0.945762152419469,0.9459573606020325,0.9558358911366659,0.9467767001960481,0.9528394707192847,0.9500262653301429,0.9524075408720495,0.9490119985768072,0.9515718034953011,0.9480014348496055,0.937131254143542,0.9519922278659988,0.9505934200879411,0.9486524187986347,0.9530824650245984,0.9455792689156808,0.9449489297385866,0.9452310469210236,0.9506663950894129,0.9552360801392766,0.9563334743228713,0.9539112018104134,0.9564325136797892,0.9485687243036988,0.9410681166884041,0.9550724631387004,0.9496557441482156,0.9413438181426645,0.9515658778526808,0.9576527739248395,0.9465490752292949,0.9515799508439888,0.9533888945801097,0.9556896036323023,0.9494278446517284,0.939799282236684,0.9454125450477348,0.9541739284169318,0.9574574352466578,0.9508842210363769,0.9463652814458922,0.9466984516287122,0.9512236268215177,0.9526657779737706,0.9515988998551781,0.9519073766813372,0.9521546285656874,0.9563095876215147,0.9522673779016111,0.9527703930854426,0.9465449125070904,0.9502370760546246,0.9491659422235544,0.9512311167102001,0.9521665113691429,0.9545663956115578,0.9508264368719455,0.9546881584861254,0.9544246606789439,0.9498531216392838,0.9501144723620208,0.9472817795143595,0.9514371607328097,0.9525613059182667,0.9495566264129578,0.9532604522826345,0.951617582896079,0.9502006300748039,0.9501803742556881,0.9533208437078935,0.9544452636221779,0.948866968104078,0.955046395079718,0.9514674604755186,0.9526403259182774,0.9457833902910368,0.9493712491972702,0.9518719197431528,0.9522855086841631,0.9466486038299576,0.9543393830838437,0.9507161580087657,0.00406865245865448,85
98.39503836393357,77.44164358129787,0.17336534976959228,0.17690345784013278,0.011524353055160108,5,0.4696186449797698,2,4168,0.9370686736576764,"{'learning_rate': 0.011524353055160108, 'max_depth': 5, 'max_features': 0.4696186449797698, 'min_samples_split': 2, 'n_estimators': 4168, 'subsample': 0.9370686736576764}",0.9442689257797607,0.9531525861796956,0.9621457175799827,0.9541039274899306,0.9548474033179725,0.9581303964581406,0.9531034495071308,0.9547423213627145,0.9455249977404173,0.9540599798422442,0.9584052003410591,0.9465923063684744,0.95340635937187,0.9555147570411656,0.9566290729532267,0.9573980578851381,0.9564802675547108,0.9525273705120141,0.9533409029210884,0.949976685657618,0.9491302542300152,0.9553044135289032,0.950761081289528,0.9544484659498952,0.9558198710450028,0.9544275782162649,0.9547804196270089,0.9540700570815853,0.9521371103448399,0.941281774106818,0.9545017873367592,0.9543450533490075,0.9519159630517489,0.9547776394787991,0.9518437713316291,0.9469499289044897,0.9497783526867526,0.9539506435193452,0.956359130443518,0.9596165547676964,0.9541271051851702,0.9587462302996144,0.9505422192140978,0.9463007649284437,0.9564022266292203,0.9531201231671665,0.9470042379223069,0.9540491680889195,0.9602239304225367,0.9498470310207963,0.9535132821771527,0.9552910767191963,0.9584816107987786,0.953463024933788,0.9449566699092579,0.9510697817746442,0.9558883219025596,0.9577555030078535,0.9537565229628979,0.9497845646551472,0.9505643314126986,0.9557861068514075,0.9554081255381004,0.9541897883709245,0.9537355895428683,0.955114855211487,0.957157818166399,0.9550063863956573,0.9555145900218941,0.9484897702760104,0.9542475366582945,0.9519897941033616,0.9537396579922659,0.9519241034281107,0.9573194289377936,0.951109244811447,0.9560681257505186,0.9564747880556638,0.9522125099031535,0.9529926478285434,0.9501981830999782,0.9553440578810777,0.9544846166782478,0.9528129494418152,0.9552136031953493,0.9543656387556629,0.9532125197866532,0.9507724878671047,0.9565123323570852,0.9565603835010897,0.9506771228565463,0.9560723508902089,0.9545776892480863,0.957246399329211,0.9481038190264173,0.9531702477376165,0.9548124556428969,0.9557198298068355,0.950331713279477,0.9570838129304293,0.953511913444419,0.0035479257935621743,37
57.13287029743194,50.008702011573135,0.11437353372573852,0.1176363523946658,0.2620445808292873,9,0.6174587045408059,2,4168,0.8376303859582612,"{'learning_rate': 0.2620445808292873, 'max_depth': 9, 'max_features': 0.6174587045408059, 'min_samples_split': 2, 'n_estimators': 4168, 'subsample': 0.8376303859582612}",0.9343905441554061,0.9415575245940591,0.9461947028925172,0.9395476725833849,0.9398521417333537,0.9484659929535668,0.9397568516554026,0.9417301699216482,0.9255681247519147,0.9391443921612544,0.9462611199679856,0.9348254024425324,0.9432134789684427,0.9396935827118598,0.9411142826702692,0.9437997662976431,0.9442416309015904,0.9410538183221491,0.9403085918133766,0.9339823738127788,0.9297598384564496,0.9408580685436323,0.9386398889937954,0.9414152969049383,0.941337628272069,0.9404572426304413,0.9414211321916001,0.9431477018163719,0.9359228362853681,0.9303395755205393,0.9419050987688562,0.936781746744291,0.9307100968779862,0.9417293917484965,0.9336764397518005,0.9353031452181731,0.9321463880820595,0.9401261237756259,0.9441934184463663,0.9442133103913755,0.9418418430828135,0.9462759749879243,0.9380533829172066,0.9283156312881384,0.9445201646280242,0.9354535382372409,0.936117750365132,0.9406145151642592,0.9453233353487054,0.9341702835877721,0.9383908639954237,0.9413432447895099,0.9434377934750567,0.9404999187938083,0.9322853110096883,0.9364112171487774,0.9420052189407728,0.9495193056404275,0.9385296736999653,0.9353740944452101,0.9339820515873166,0.9421814561440756,0.9451395137248311,0.9429482614894448,0.9441232989397828,0.9394431128249585,0.946117261499877,0.9364678598817382,0.9411274854145075,0.9355126380632833,0.9407517372873953,0.9391218663943016,0.9357511374358415,0.9387991833167183,0.945592680024869,0.9363001344100597,0.9430903143522432,0.941786374622519,0.9380283799782513,0.9376393954044094,0.9397967499589154,0.9390087952958776,0.9412576856710048,0.940363658585212,0.9412316013108597,0.9329012317321953,0.9361411096425941,0.9397490706815327,0.9425570523004155,0.9442182267225996,0.9382108558836662,0.9455666969881897,0.9406551802635096,0.9418617833885166,0.936018970727597,0.9411470873551229,0.9437245802108959,0.9417956497173919,0.9372423073882512,0.9437360350104873,0.9396835806790849,0.004403352719278712,180
265.68406733751294,144.32364496335407,0.3474186611175537,0.36144875476431065,0.026390412137601137,9,0.8282362056368054,2,4168,0.8001830737619373,"{'learning_rate': 0.026390412137601137, 'max_depth': 9, 'max_features': 0.8282362056368054, 'min_samples_split': 2, 'n_estimators': 4168, 'subsample': 0.8001830737619373}",0.9419428858420429,0.9469271206110149,0.960102640874978,0.9496992181669263,0.9492566836176595,0.9545623438132791,0.9494420195480446,0.9520194495704849,0.9404567984651604,0.9493142177545097,0.9552170758698804,0.9431539004391263,0.9513160075528044,0.9533773413066571,0.9528496592245815,0.9526518335811347,0.9539584441675042,0.9508612645862008,0.9495872538200397,0.9453952135957993,0.9447361459190049,0.9556803905470633,0.9456984159775756,0.952532341997371,0.9495107671966648,0.9509219167811969,0.9483223093484655,0.9517767978344712,0.9469361489748659,0.9355295222904748,0.950847137077773,0.9472954260100955,0.9452743557864806,0.9517198812959121,0.9431363548445614,0.9453079795699184,0.9452679081706603,0.9497493579457827,0.9549040376681657,0.9553793621999817,0.9521857758657256,0.9554354718408973,0.9479749714522351,0.9405741057415176,0.9540562489265123,0.9484645580678257,0.9397410949786698,0.9504136799003533,0.9561413882002106,0.945493029442694,0.9499292754319406,0.9532270821611981,0.954640472394166,0.948703153419182,0.9373563256629683,0.9450871616479045,0.9531743191027774,0.9576298488648699,0.9496258584941935,0.9456109183157264,0.9439443742916483,0.9510747219893124,0.9525450224730023,0.9519821029833031,0.9513985836837466,0.9524661645475699,0.9550238220523493,0.9499801411894201,0.9527958565296062,0.9448429796607226,0.9497149350586702,0.9483236268752445,0.9506403704964225,0.9513706907729097,0.953652076735073,0.9484993051688606,0.9522462215320313,0.9537331520224879,0.949561955529217,0.9482969638691486,0.9465886960845118,0.9509519432818522,0.951231407246415,0.9487659218646339,0.9526681000412972,0.9504663994827582,0.9491115252601772,0.9499510742856915,0.9515033584278253,0.9528503577706829,0.9474324630201737,0.955174608393841,0.9508041178066549,0.9520999162486898,0.9454777277897697,0.9481633911872275,0.9526921374559436,0.9505612131382367,0.9454237304407979,0.9541632507673867,0.9497625707721119,0.00428108010113218,107
173.21114382743835,93.44938001638153,0.27961662530899045,0.2787924043927428,0.0021419154051415027,6,0.8360019806405143,2,4168,0.8673162069059576,"{'learning_rate': 0.0021419154051415027, 'max_depth': 6, 'max_features': 0.8360019806405143, 'min_samples_split': 2, 'n_estimators': 4168, 'subsample': 0.8673162069059576}",0.9396148459670252,0.9457793030773014,0.9565757952687333,0.9487730280098824,0.949192296968208,0.9530215206469129,0.9490737939309533,0.9487996107692699,0.9385515338710422,0.9479681227948588,0.9542805600395381,0.9409633443535346,0.9478797200365366,0.9504090436844906,0.9508600122616415,0.9512457257765531,0.9515963161497392,0.9477382880413706,0.945633979545742,0.9447685254748401,0.9435591008763871,0.9521717348550416,0.9435586102879706,0.9498935024780426,0.9481011542985185,0.9499662050794395,0.9485196062567675,0.9484572260965218,0.9476400797170779,0.9327118929268374,0.9504772503856527,0.9482880921463227,0.9439060019312915,0.9476144194310518,0.9471833113587526,0.9408602632848503,0.9433819859442354,0.9479448814621037,0.9522974347627472,0.9545643253944528,0.9475224865540897,0.9541874916198042,0.9460860926366291,0.9408584015503948,0.9510612956569364,0.9474217045029711,0.9409896071565389,0.9492231924362146,0.9550305582430374,0.9430639170230063,0.9485153830095685,0.9503526606215065,0.9533525269161804,0.9471464279500407,0.9390029087455553,0.9452096070014001,0.9510277132788387,0.9535259556903041,0.9488627482221439,0.9423180757776506,0.9433577427293552,0.9506543870512855,0.95111104438286,0.9482872356986388,0.9494500639124783,0.9500116147996216,0.9532018360257069,0.9498105377423207,0.948495119962019,0.9425409515057316,0.9474398621361927,0.9463589649722478,0.9479985140674602,0.947368921641089,0.9529230792489543,0.946596258702535,0.9507961751844823,0.9522676142420353,0.9466064836795162,0.9466657810750664,0.9427958611331613,0.9493206568982313,0.9500989879543804,0.9481562564899496,0.9474426126585935,0.9481561391617058,0.9459324413982473,0.9462123618349998,0.9514143011851703,0.9512457687152364,0.9445323415096336,0.9525300566707445,0.9490119167678489,0.9498805485210426,0.9435945827824131,0.9468406614062128,0.9495925269370546,0.9510481379637393,0.9433292524077497,0.9521327437341767,0.9479379154512496,0.004031874035833921,128
26.696862978935243,23.10428466079265,0.06705115795135498,0.06867258977917863,0.32852088137344915,12,0.623984383354723,2,4168,0.8091021492726729,"{'learning_rate': 0.32852088137344915, 'max_depth': 12, 'max_features': 0.623984383354723, 'min_samples_split': 2, 'n_estimators': 4168, 'subsample': 0.8091021492726729}",0.9160048509580819,0.9300036960405766,0.9371032255235389,0.9282584363735958,0.9330082091212033,0.9353733308142399,0.9336874498645279,0.9331161442018183,0.9208636491568608,0.9315154239021846,0.9279483293151664,0.9158966611043458,0.9318114904624228,0.936522833690448,0.9367256064577951,0.9327160737917882,0.9339974047254507,0.927338765356236,0.9344871846450855,0.927887833979019,0.9259989035093299,0.9391102062035119,0.92626084806145,0.9340837592926498,0.9248650592088214,0.9295741444463563,0.9272455515617593,0.9341656985751282,0.9321601990042494,0.9111508607970624,0.9281899241017426,0.9314597314708262,0.9268452605663683,0.9376591748117711,0.9273468795877245,0.9225173424928519,0.9198237508565543,0.9275264284832673,0.933733776991219,0.9413866820033252,0.927697017205156,0.9369496667955837,0.9280114043021335,0.9213757321592319,0.93431286435685,0.9301975146196775,0.916183411842942,0.9283384829370339,0.9349063728603114,0.9236616441241965,0.934346068826714,0.9327052263125393,0.9332778675916265,0.9333761362135546,0.9194022088058436,0.9177914298457183,0.937100852200446,0.9412321338895812,0.9334970941644184,0.9228755196724594,0.9233252928483032,0.9276622007129476,0.9306679033827919,0.927788344978808,0.925840820922212,0.9287467997739906,0.9362341248361213,0.930629773747224,0.935326117843059,0.9267511292811903,0.9258101219345727,0.9271731240042,0.9315775787218857,0.9329619753734372,0.9336536788206943,0.9312218797057026,0.9297231574032537,0.9312411366746216,0.933957938635616,0.9252381030864842,0.9299120678390316,0.9284823859736235,0.9313535217121756,0.9307562388795971,0.9346759716780241,0.9289832940662006,0.9294372162866436,0.9347284119125266,0.9348475554232647,0.936332416609861,0.9274384484858335,0.9380047448981285,0.9283270011772937,0.9254686714284956,0.9277978613069634,0.9240838200082533,0.9354135798620755,0.9337654348618809,0.9211685548175763,0.9318781675191861,0.929809959976701,0.005699013624560636,197
232.051889462471,140.7796047118689,0.8325687599182129,0.7745850976407317,0.013491178435132414,13,0.5837980464596331,2,4168,0.6680086710632382,"{'learning_rate': 0.013491178435132414, 'max_depth': 13, 'max_features': 0.5837980464596331, 'min_samples_split': 2, 'n_estimators': 4168, 'subsample': 0.6680086710632382}",0.9391865294767004,0.9453946036128625,0.9574762643519583,0.9478582606084552,0.9476747269470391,0.9518264868599137,0.9471908156995169,0.9497138674730988,0.9390145306899875,0.9479930204159203,0.9532625313948632,0.9387307149775395,0.9495338023710934,0.9500309058393059,0.9504054650124314,0.9511153725281025,0.9507400124145724,0.9490636671436987,0.947059279713312,0.9428740641694056,0.9419992583350739,0.9532671015653386,0.9448047082642562,0.9510009449448653,0.9491607739467678,0.9494375569810186,0.9465558261883484,0.9491200197713321,0.9459907701063228,0.9337994459340874,0.9494609172642863,0.9458422792394431,0.9450199891175591,0.9498718544862094,0.9418904100309383,0.9418402300873865,0.9432552959033107,0.9477007319905785,0.9526308519690043,0.9540705689062597,0.9479951913362462,0.9533744185519022,0.9459591052383322,0.939369944773795,0.9523299982288019,0.9463946088363309,0.9385836530841094,0.9473793039221614,0.9553456667034499,0.9447224961110334,0.9474715166824966,0.9504476028956574,0.9519482177560774,0.9469353513257276,0.9375069377779904,0.9423636106322605,0.9529505721110101,0.9544303302522917,0.9492536653542044,0.9421260764416269,0.9450242203717895,0.9477876021175158,0.9509301735530835,0.9494942714600101,0.9486252188394556,0.9503090706452164,0.9545509586528254,0.9468604682482048,0.9498382987950706,0.9419795851410709,0.947264027219179,0.9447217835439734,0.9485206477927609,0.949609333453889,0.9515749009377761,0.9480071401344043,0.9509041856617395,0.9516387048862525,0.9484626877515118,0.9463443929297474,0.9444540348882549,0.9492691155043542,0.9504128081547436,0.9470830422456272,0.9496880751443407,0.9474377058428319,0.9484181942557879,0.948655602402038,0.9497248673290097,0.9506573318527642,0.9435011978145019,0.9538536940624662,0.9498433892693476,0.9503268377820431,0.9451438818716614,0.9459925881487403,0.9516656259633761,0.9491003345352458,0.9426709725299214,0.9525960159877297,0.9478269571246792,0.004239196805496247,129
79.65684230804443,63.69134855296985,0.17647805452346801,0.17627079414292124,0.015968208674515427,6,0.3918476454910338,2,4168,0.9010850966951552,"{'learning_rate': 0.015968208674515427, 'max_depth': 6, 'max_features': 0.3918476454910338, 'min_samples_split': 2, 'n_estimators': 4168, 'subsample': 0.9010850966951552}",0.9461498979055801,0.9543316638458808,0.9632952228063242,0.955158127768743,0.955928264838903,0.9596544043419453,0.9548156051938508,0.9567123156082111,0.9472110398625565,0.9551352713688636,0.9594732736317997,0.9485820508955991,0.9552198387943125,0.9567304913727154,0.9578777034854505,0.9575953047781979,0.9582216413985721,0.9546964784591803,0.9551662606238064,0.9517536717793581,0.9501291308912962,0.9575069160469618,0.9524613341081285,0.9565982193350574,0.9565506291843783,0.9558476951142424,0.9555578501903259,0.9557080261706613,0.9528838743586197,0.9436943005399645,0.9552867317253579,0.9560390998328058,0.9540132947732048,0.9566149613538656,0.9539366651547093,0.9494492509297687,0.9519816538704786,0.9563097132278906,0.95757186960374,0.9607252597958849,0.9568144182085149,0.9596479429646925,0.951150451656064,0.9485168755072797,0.9589134012982742,0.9544911616605202,0.94920295042381,0.954784039062891,0.960855365776896,0.95111875530078,0.9550993246055567,0.957670558486932,0.960315948311012,0.9554583807444355,0.946341449562017,0.952019412299162,0.9577113117037408,0.959797724059764,0.9558375710008982,0.9507861358848075,0.952525238345323,0.9576946462091794,0.9567614689530122,0.9557731244779084,0.9562397689394047,0.9562612703131294,0.9591651791454593,0.9562264321896419,0.9570546862839292,0.9509174957144296,0.9551564433386028,0.9520126823742582,0.9557504451394112,0.9543805752963505,0.9583761092842892,0.9524513657186078,0.9576888649390377,0.9579345896091132,0.9553255900208877,0.9548798738333691,0.9526257256659391,0.9564378210345822,0.9561745711173306,0.9536369765998697,0.9567688591678009,0.9564715516908574,0.9552506788627259,0.9533077696005989,0.957885027074779,0.9574346585185577,0.9530640326991059,0.9573945067708086,0.9555605651651684,0.9584013506198731,0.9501084093639577,0.9545838728577476,0.95643788148861,0.956586616707485,0.9521153323961818,0.959418109278004,0.9551134835029056,0.0034037700654870567,3
19.94995582818985,20.558632819736925,0.056038308143615725,0.05484289913870853,0.30854528362859684,13,0.574007372556042,2,4168,0.6933790952458154,"{'learning_rate': 0.30854528362859684, 'max_depth': 13, 'max_features': 0.574007372556042, 'min_samples_split': 2, 'n_estimators': 4168, 'subsample': 0.6933790952458154}",0.922654522306086,0.9313209086170168,0.9409006218694942,0.9243553829545054,0.9321912233662881,0.9361593325356612,0.9259622651146845,0.9326961975596153,0.9196099456998286,0.9268647134641722,0.9370578713055384,0.9167758253009535,0.9347909475251921,0.9349183273217956,0.9290082737495495,0.9335354773405303,0.9330615072745709,0.9316417948201183,0.9313282143502094,0.9243190224431892,0.9227130489403873,0.9384423662428302,0.9217407476198214,0.9285075717044095,0.9287202718956625,0.931441094443282,0.9279028248296696,0.9269205452130932,0.9273608795546847,0.9135761719758171,0.9281828344284627,0.9242883520751716,0.9233560618448549,0.9312761671910882,0.9282862114797653,0.927062853594035,0.922378069173114,0.9296824889775293,0.9328920630017834,0.9400710351454227,0.9356486328368141,0.9348239796580609,0.9315479724801294,0.9185329500042572,0.929664572132781,0.9280955210035277,0.9161633869358233,0.9252117945273303,0.938378913251074,0.9226530615368415,0.9283453606897288,0.9262894455575894,0.932441252129568,0.9234743486209819,0.9159876229431705,0.9214566787541464,0.9378956760228812,0.9336225541066524,0.9288778114782089,0.9203348395967124,0.9286980215418785,0.9263766108386521,0.9304480987894593,0.9305280831853977,0.9319765271084427,0.9331130174328448,0.9387301406573616,0.9255970397230959,0.9267221607248453,0.9253152802372773,0.9255242594490214,0.9277370433270126,0.9317079855024994,0.9362481691593108,0.9276666973551555,0.927630583223419,0.9304307257689839,0.937342362901695,0.9323105087310363,0.9273450144756229,0.9314639018321589,0.9277917118959041,0.9295597108631144,0.9296017948672867,0.9263973238838699,0.9310649643912825,0.9314693935699987,0.9287888882671528,0.9322821511879865,0.9340246218108745,0.9223992443280997,0.9393966427471218,0.9310185317903382,0.9344942918411225,0.9244491758155434,0.9275323701979982,0.9315070514151248,0.9280918846493422,0.9249495176470011,0.9311467598339179,0.9290227867148444,0.005475371198151289,199
175.36158666610717,109.10885101333092,0.5559935212135315,0.5543434500368881,0.01583369549343909,11,0.571607120591422,2,4168,0.6409127007165993,"{'learning_rate': 0.01583369549343909, 'max_depth': 11, 'max_features': 0.571607120591422, 'min_samples_split': 2, 'n_estimators': 4168, 'subsample': 0.6409127007165993}",0.9403182454333814,0.9482213016162828,0.9597675524533833,0.9502796029472672,0.9487225479432995,0.953577571685358,0.9500811390055042,0.9526065975301949,0.9407765031168603,0.949814539796373,0.9555364453402521,0.9424843588147227,0.9512333511956879,0.9527959310324494,0.9531191033655803,0.9521981936443854,0.9526679607242774,0.9508799146712762,0.949911018135359,0.946196274588078,0.9438739400485628,0.9547468599258129,0.9474035170802567,0.9527363082707039,0.9509039774919968,0.951585429200243,0.9485135052564205,0.9513170978621295,0.9485605626306636,0.9370620353252868,0.9509881859125061,0.9473061394093877,0.9477208738837561,0.9514985128822142,0.9460838045391097,0.9436009226872216,0.9455377310818937,0.9497673079549835,0.9549827851680858,0.9544423532322955,0.9513339672940635,0.9555500355327061,0.9497706525007883,0.9413864929506855,0.9538474929566145,0.9484910044871557,0.9416909839057844,0.9494240875464858,0.9562531724052797,0.9478006964359953,0.9496972910660898,0.9530537994486001,0.9536113081210251,0.9485012147195234,0.9403928484778822,0.9447674805065397,0.9535911525614336,0.9569630726368535,0.950851738750063,0.943937518961064,0.9463740100488369,0.9501668513352286,0.9525391556470931,0.9510364588570386,0.9505183617925321,0.9513945567371148,0.9562693892436704,0.9499391797134017,0.9533195782980837,0.944835891245268,0.9491505576887637,0.9471985133451705,0.9508620097491967,0.9509614623192794,0.9532372839320585,0.9495236411453966,0.9533698035031208,0.9533774714240052,0.9493173638145171,0.9490165888972398,0.9470163157094946,0.951326745654608,0.9506587061734406,0.9496439951012351,0.9518725657477408,0.950167837117376,0.9500819101455388,0.9512761384539155,0.9524139734053069,0.9526210139089218,0.9469729777770325,0.955360655835077,0.9513984089833737,0.952047780291552,0.946445843955914,0.9480911749244237,0.9536286073927954,0.9513770063047173,0.9453342225112907,0.954553900506781,0.9499543392278569,0.003989895108820269,99
126.04744521856308,85.39436013985564,0.2818763756752014,0.29174880769673306,0.003972107248757926,7,0.7565703256063463,2,4168,0.5497195404121379,"{'learning_rate': 0.003972107248757926, 'max_depth': 7, 'max_features': 0.7565703256063463, 'min_samples_split': 2, 'n_estimators': 4168, 'subsample': 0.5497195404121379}",0.9447005826713012,0.9514013088329981,0.9620099554135515,0.9536816080577625,0.9538449959753258,0.958648093766075,0.9530706370022136,0.9548501888522982,0.9451113068812128,0.9524740155679075,0.9591585026896464,0.9470080228064451,0.9538192254973717,0.9556302169881051,0.9567135343897024,0.9563598700490544,0.9573859379926895,0.9539976999159985,0.9527358971468614,0.9495190666507768,0.9484917671026426,0.9567817220677632,0.9499343290430509,0.9551361306402137,0.9542462490546826,0.95428210268622,0.9539267774542446,0.9543500312211943,0.9514743785990082,0.9401618537629591,0.9543576983657738,0.9535531295605734,0.9511858356262364,0.9548638450285245,0.9503112733764589,0.9464977741201138,0.9494769623842558,0.9533270822481595,0.9569769824396,0.9594016845924432,0.9548196762070614,0.959485491932735,0.9506002907969636,0.9458224139485142,0.9572718398284209,0.9531092765143434,0.9455197195857034,0.9538994551088549,0.9603878151328227,0.9495043618660417,0.9536924121468034,0.9560265095330442,0.9578804881650971,0.9518965803043925,0.9432068918827642,0.9500164860698058,0.9559322592990722,0.9588657705534124,0.9539807849595985,0.9491706958189317,0.9504804630786353,0.9552067151300736,0.9562442861991708,0.9543506071682366,0.9540705425309103,0.9554444365424981,0.9581956155212893,0.9549790924209874,0.9553205973844836,0.9484549341773919,0.9526482553797396,0.9517379848252073,0.9541694133629282,0.9526019869474567,0.9574096188833893,0.9531532043680286,0.956278972214341,0.9564453243282547,0.9523981057497956,0.9530061288776555,0.9508318123283801,0.9545330847748393,0.9549783699009388,0.9519779948948537,0.9550595727313607,0.9534068366681419,0.952721723780108,0.9526013185534064,0.9560598027507314,0.9564303416377667,0.9502411814154922,0.9577334703091083,0.9543511569510151,0.956067102694022,0.9489580551648642,0.9527726704127567,0.9560611161579047,0.9544434744063512,0.9497357174782612,0.9571301154692626,0.9534063869974585,0.0037866826699343523,39
48.48159209728241,37.994938273214515,0.22431055307388306,0.23182999627014042,0.10819792933577056,9,0.3812023299829051,2,4168,0.5820060531405441,"{'learning_rate': 0.10819792933577056, 'max_depth': 9, 'max_features': 0.3812023299829051, 'min_samples_split': 2, 'n_estimators': 4168, 'subsample': 0.5820060531405441}",0.9393548900903705,0.9446468831815318,0.9566310759908251,0.9456042111994863,0.9498047057573963,0.954387881148829,0.9479874714199316,0.9508208450760621,0.9364291638071441,0.9452017869854399,0.9507098662024922,0.9375599608427785,0.9497865283980655,0.9516714715965044,0.9513414039164507,0.947760988551717,0.9502211472301553,0.9489756665563353,0.947209558061562,0.9431902769271143,0.941790670062224,0.9522876341618743,0.943384553092378,0.9508751607648339,0.9484086744569351,0.9463116161324726,0.9492705666660637,0.9493616125559585,0.9427471512773505,0.9316883007507344,0.9500705937196017,0.9468696969344067,0.9470994169404411,0.9505944962895714,0.9427151847703683,0.9410078478816782,0.9424684192393173,0.9470624442674189,0.9520604366277531,0.9559926239132539,0.9463432373800992,0.9534378110809543,0.946618379979589,0.9409068127389846,0.9520191487247909,0.946644848541703,0.9440780989151136,0.9458466635241675,0.9542824588373182,0.9447661154176412,0.9473035472118119,0.9493506062866547,0.9534588722603249,0.9485283776303349,0.9361805714444708,0.9421586592188952,0.952100173502411,0.9523183573201576,0.9472231721632798,0.9433265110615714,0.9407928263142461,0.94819813078112,0.9490508501729273,0.9512140988741095,0.9477887860322582,0.9466183515247397,0.9537948072280857,0.948619424484812,0.9503993469946482,0.9425372655506109,0.944058904004106,0.9448449839889126,0.9480988247663705,0.9500675671043579,0.9524600205312519,0.9490542527150964,0.9520645398187155,0.9538375058120475,0.947710459187753,0.9461251472901127,0.9465723619382755,0.9478229016732118,0.949868027407061,0.9472938707829508,0.9492618468025332,0.9448907004719553,0.9484897394083422,0.9465358615041671,0.9509372246967328,0.950150987594679,0.9436094326409362,0.9525532998942633,0.9486818978888801,0.9489101029521281,0.9458237576911339,0.9474370306729214,0.9479285813765939,0.9497003304742251,0.9452491031908491,0.9518389596728056,0.9475914741859603,0.00434346341759701,135
176.46085632324218,103.80313000115645,0.372398419380188,0.3815738818182388,0.0649529409711041,9,0.5793334301411373,2,4168,0.7751933108167777,"{'learning_rate': 0.0649529409711041, 'max_depth': 9, 'max_features': 0.5793334301411373, 'min_samples_split': 2, 'n_estimators': 4168, 'subsample': 0.7751933108167777}",0.9405942155312976,0.9460944891072972,0.9590201237175893,0.9503275407612248,0.9494516365541414,0.9543674333794218,0.9514703111533693,0.9531983438095136,0.9411876632785436,0.9490879141949763,0.9560130076179056,0.9425385758437828,0.9490582359612463,0.9514571308552837,0.9514910243854029,0.9524859672203044,0.9539284764117193,0.9519529441969026,0.9497731769937653,0.9450009792708524,0.945252154002988,0.9529355658964432,0.9452165590293631,0.9527980976477824,0.9493478966652332,0.949489798686952,0.9487299508921883,0.9498230778532478,0.9480589971769822,0.9393244997059212,0.9516669979854347,0.9466615152538443,0.9454895991767777,0.9523087229390703,0.945209832001717,0.9447788811381613,0.9467363410215905,0.950588379307523,0.9543317985207962,0.9547002850432221,0.9516467528112819,0.9567583953640457,0.9490684219586544,0.9405833335082109,0.9540726634340271,0.9492637161850025,0.9399059461743335,0.9485186611127686,0.956646124542033,0.9470966657519877,0.9500141435871798,0.9524975886136106,0.9528655205761061,0.9492079147767161,0.9411878408575414,0.9441723042369937,0.9532230465430128,0.9560723562808952,0.9493419250598841,0.9445384711457894,0.9472501165214103,0.9509794088971062,0.9526048719818347,0.9516062599784533,0.9498841828987684,0.9520069788705754,0.9549480421288901,0.9486626652230055,0.9515265387506803,0.9426717606102832,0.9481868342762972,0.947621396929947,0.9512983999193917,0.951081167547515,0.9535769648049374,0.9474173351859478,0.952824177006951,0.9523281392767688,0.9491172578110424,0.9498842946629646,0.9479901489821605,0.9504808408851696,0.9512509591744587,0.9481438223687593,0.9507562510746822,0.9503962990117092,0.9500073669815697,0.9504044982616316,0.950260174769146,0.9516965061671404,0.9476132173065703,0.955064025450553,0.9488930675517047,0.9524087080714918,0.9447357949432234,0.9474943555976183,0.9516103710551697,0.9512633960202508,0.945405291694167,0.9540344029991427,0.9496401622435896,0.0039323311219911245,109
21.096507594585418,19.02551091837942,0.09222827672958374,0.09933133381703299,0.17241707862737543,13,0.39109532330975316,2,4168,0.6507856454722762,"{'learning_rate': 0.17241707862737543, 'max_depth': 13, 'max_features': 0.39109532330975316, 'min_samples_split': 2, 'n_estimators': 4168, 'subsample': 0.6507856454722762}",0.9282746729305437,0.9362329720303738,0.9496029486169079,0.9374299611705899,0.937366760251653,0.9427304420173012,0.9388685180556544,0.9381910757483826,0.9343458684814114,0.9390653833417437,0.944008397229876,0.9329028270172299,0.9391345846866213,0.9386507333001954,0.9406037975039603,0.9416893916767066,0.9436449250208472,0.9427557251810664,0.9383860863674374,0.9332329735078069,0.9338832228849124,0.9428230231533751,0.9377533071437404,0.9417372011321015,0.9413830013632968,0.9421002646825459,0.9369027828142937,0.9426862598040211,0.9395440569999846,0.9270819625289556,0.9376595318817745,0.939068153157597,0.9355427238795275,0.9432818375275074,0.9377320288782739,0.9315238224697069,0.9339797595925317,0.9394142548446138,0.9435338286299539,0.943541448934375,0.9414351867898746,0.9420973224729546,0.9375226667759335,0.9298484292430437,0.9410501247306223,0.9388525831547537,0.9299808177980808,0.936591310451415,0.9472158004524323,0.9374174108748929,0.9399120718541198,0.9375642704460961,0.9420777221480912,0.9390217889360308,0.9303473199250447,0.9335486935572966,0.9447201612472778,0.943222522757437,0.939274220153223,0.9292453581617616,0.9366151098403404,0.9404489074175644,0.9400864703822731,0.944114559692069,0.9387408438829254,0.9383694669636932,0.9463706574204642,0.9368400501120115,0.9419783203383769,0.9349353235370456,0.9375367195888927,0.9312435580524333,0.9426325842662666,0.9401769548934147,0.9422281465492651,0.9354944076470018,0.9411538006305729,0.9449487087252886,0.9347550519818258,0.936909822981867,0.9402846350505653,0.9421729902314429,0.9414979004107096,0.9406754857814424,0.9426240761761953,0.9390832649776274,0.9403029303702468,0.9370700320539062,0.9399028873008494,0.9428596784601437,0.9316799156712825,0.9461173862300949,0.9408143149509686,0.9386706167967036,0.9367047091113229,0.9393101757623512,0.9426794739628986,0.9403648351581202,0.9349554836325185,0.942196582911542,0.938947831382743,0.004262531088827387,183
110.24911302566528,81.0409911088534,0.3912682318687439,0.3866934726309031,0.04289528731925299,13,0.5102288066334276,2,4168,0.6532547956359871,"{'learning_rate': 0.04289528731925299, 'max_depth': 13, 'max_features': 0.5102288066334276, 'min_samples_split': 2, 'n_estimators': 4168, 'subsample': 0.6532547956359871}",0.9376142521068553,0.9454539801216526,0.9562721836094233,0.9467518727708863,0.9461653312771502,0.9510949549969752,0.9449814997544905,0.9468049207122439,0.9377342603387457,0.9475977867604151,0.9529454320399628,0.9371041715876876,0.9470791649797767,0.9483377713034392,0.9492749558695016,0.9499983017831012,0.9495577919409061,0.9487293831821132,0.9470122194914219,0.9424141016476746,0.9420625368078194,0.95164404717473,0.9438686733004807,0.9496986456357693,0.9471926024879602,0.949271580995245,0.945951826403566,0.9497829759434755,0.9441671193295309,0.9339014268491238,0.9479862207560456,0.9456910219576271,0.9446100222129712,0.9491369179450482,0.9424220648530498,0.9404439413959348,0.9408690493544118,0.9464288262337881,0.9500501168374033,0.9519292059862465,0.9478311114285634,0.9524970958079335,0.9449680838079595,0.9395365826646684,0.949291334390173,0.9448812401714372,0.9371484345286225,0.9460436573431109,0.9542038431435902,0.9449088744345927,0.9464972369970767,0.9477957585664267,0.9489161492673381,0.9469188746190013,0.9373628857932372,0.9397994502254252,0.951512845399191,0.9529089262102373,0.9479530882111628,0.9417941300864405,0.9424397819151972,0.9467276718675279,0.9470068646570402,0.9468745328039534,0.9473200000101019,0.9475534997771876,0.9522778042824335,0.9453064649620043,0.9503903397579074,0.9406664612640065,0.943346517324622,0.9436615992697237,0.948168261665139,0.9474786588182046,0.9507058728650134,0.9470226726256115,0.9507626409396231,0.9507353866142731,0.9448860835899884,0.9451251747832451,0.9433048123248093,0.9480225645066127,0.9495442042939922,0.9454002716344577,0.9486058921289344,0.9471485773479409,0.9460114264490357,0.9472505859247309,0.9486437427513308,0.951017077162109,0.9432473707410515,0.9527649965734641,0.9482984073598613,0.9510861367012015,0.9444193376167345,0.9436543112793286,0.9508912295051308,0.949173333010455,0.9422956249779673,0.9515135622968776,0.9466355251620966,0.004141111497176976,147
255.23065395355223,164.126691698459,0.5132436490058899,0.5232464720423645,0.02123149663694276,12,0.5918108996388196,2,4168,0.8971382235221064,"{'learning_rate': 0.02123149663694276, 'max_depth': 12, 'max_features': 0.5918108996388196, 'min_samples_split': 2, 'n_estimators': 4168, 'subsample': 0.8971382235221064}",0.9357745624364158,0.9428184860220762,0.9552206548815476,0.9458531654596621,0.9457881939432636,0.9503948294323541,0.9459959285685235,0.947745072789767,0.9373406340369798,0.9464457973419653,0.9520829862839036,0.9375790322101147,0.9468849154211142,0.9484100634825277,0.949160162552841,0.9496357235651411,0.9481173387820205,0.9468252076055231,0.945617405232619,0.9410558013027059,0.9397517024669056,0.9515872727439362,0.9430027633577746,0.948528461251845,0.9454626161253782,0.9481067921306735,0.9441424001642346,0.9481360772836667,0.9431942235389832,0.9321503527293824,0.9486620373354655,0.9434333876553952,0.9413184448578343,0.9475658537947192,0.9394887363797808,0.9397428786405518,0.9416268757776995,0.946248158768394,0.9503705773174023,0.9518310802677876,0.9468169357220028,0.9524912031410536,0.9453228290742188,0.9375406249465538,0.9504344184523674,0.944378963159044,0.9351158421178642,0.9457358264904814,0.9535762072325789,0.943094095037831,0.9457705333664576,0.9484770408074948,0.9501243762738961,0.9456467319411812,0.9353946645083326,0.9387953734968786,0.9507792951961672,0.9534442705898774,0.9470194285891796,0.9413533607264359,0.9428229852202724,0.9459167240788797,0.9486233862787484,0.9470200297499511,0.9474066980327118,0.948363274161533,0.9517780974960297,0.9454333552837233,0.948700283150995,0.9408059097064155,0.945033571292494,0.9425182903098454,0.946927112708555,0.9481527570460849,0.9498296864810601,0.9444156697947496,0.9488264188970363,0.9500421904105145,0.9459644858025357,0.9451521494728857,0.9410169606642904,0.9475534156680423,0.9477643478624402,0.9450044029346412,0.9477607527035584,0.945332096075856,0.9452071721378731,0.9461080844013162,0.9483861717882581,0.948209203583202,0.9431245794935244,0.9519771585480058,0.9455532225550431,0.9476000205159821,0.9427697754123938,0.9441700842063145,0.9476434122182041,0.9469283080251131,0.9405256276862874,0.9503488526111527,0.9458112539927528,0.004329748901724462,156
96.66011033535004,63.23068162068987,0.24796075344085694,0.24272827079236717,0.018876445785241384,8,0.4402487087691407,2,4168,0.8706692965825922,"{'learning_rate': 0.018876445785241384, 'max_depth': 8, 'max_features': 0.4402487087691407, 'min_samples_split': 2, 'n_estimators': 4168, 'subsample': 0.8706692965825922}",0.9452530864449534,0.9536494389987769,0.9620376511141564,0.9532671846405995,0.9525429195623103,0.9584715463007031,0.9528107210161225,0.9552125125421578,0.9462443110810486,0.9538207334073302,0.9591751655569642,0.9460368768788278,0.9539100831360264,0.9568988689207055,0.9570030245248566,0.956783342041202,0.9566573873289972,0.9539392491965063,0.9545771994051656,0.9509046246913321,0.9481283210139766,0.9578284263514864,0.9507598492011612,0.9559991546252036,0.954564365720374,0.9546752138163321,0.9530331706550853,0.9550258738283142,0.9516727198616608,0.9431340635843752,0.9546490581775973,0.9535403172182434,0.9528558707108428,0.9561717514128144,0.950286083026642,0.9471486439662253,0.9498582205984207,0.9534557608281424,0.9565088126844882,0.9592237444405334,0.9558665710038432,0.9596914338583922,0.9512061480528876,0.9473112524722999,0.9573508696789725,0.952986577803813,0.9460247023376411,0.9529971215776235,0.959464963587081,0.9501305516446509,0.9530880565251226,0.9566961049014422,0.9577419171048706,0.9539329705452285,0.9445235260402326,0.9485752172601906,0.9572861393129746,0.9594168426392954,0.9539027781671265,0.9489798650002084,0.9505817591996709,0.9555240818842078,0.9550367859634205,0.9551842636863204,0.9540408030308818,0.9559495991804755,0.9591882880536293,0.954657874225883,0.9560441530707469,0.9494765304658469,0.9524654935783942,0.9509374515704632,0.9552556907558817,0.9551800281801657,0.9575575793988609,0.9520631006143284,0.9566902852157974,0.9563472385946231,0.954345923276934,0.9530802368148321,0.950314485125137,0.95559167621363,0.9549929737349719,0.9524830778593968,0.956432324156744,0.9545696352969012,0.9535230959118902,0.9534658792621297,0.956503096281307,0.955569691345769,0.9523400170171062,0.9581805480176945,0.9544831624698594,0.9560162736165136,0.949634430754332,0.9531845399600017,0.9551573242969162,0.9546221116566486,0.9501963894706014,0.9578067481602911,0.9537956360539378,0.003615490105604154,26
213.7456116938591,126.06117142199851,0.7847247004508973,0.7878216953615004,0.0026846804224504644,12,0.4550314667107316,2,4168,0.8949247081955471,"{'learning_rate': 0.0026846804224504644, 'max_depth': 12, 'max_features': 0.4550314667107316, 'min_samples_split': 2, 'n_estimators': 4168, 'subsample': 0.8949247081955471}",0.9374870340834994,0.94563458606611,0.9571927152682999,0.9476988285002506,0.9465334900507184,0.9520395303494573,0.9472971858310022,0.9485887408104944,0.9387045820353014,0.9482775183583899,0.9533864317935116,0.9397368353457156,0.9486398907868215,0.9496222273301106,0.94995551721653,0.9512748845254011,0.9509111544600055,0.9481276346605055,0.9479443047724943,0.9429184449709793,0.9413170473909306,0.9533897955783337,0.9446379654035084,0.9503309087775972,0.9477374688179447,0.949758872258127,0.9463756263772172,0.9487502417766156,0.9448488183591458,0.9349211291616474,0.9495845152960124,0.9449543288121148,0.944067685589528,0.9491436916654,0.942600432589696,0.9417081213735555,0.9434697636016727,0.9467346735519332,0.9523240851290146,0.9531470914415483,0.9487852332173773,0.953255615478218,0.9469558483456394,0.9397129938673977,0.9511710591542109,0.9463472798810508,0.938860931182986,0.946260159605331,0.9544201495520234,0.94435143626342,0.9463306785776824,0.949811589006878,0.952078640663605,0.9461782377108353,0.937363655745683,0.9415156460963746,0.9525461180044622,0.954348584474549,0.9485682037977397,0.9417331868423288,0.9440968978279953,0.9478995642573663,0.9503077786625928,0.9487276630120299,0.9486675531847722,0.9495036863132482,0.9533895433895716,0.9469055685991337,0.9497659024688241,0.94195676288044,0.9465891643220551,0.9435199119797417,0.9484325648610497,0.9503825219236656,0.9516975125349499,0.9467781313707774,0.950447118818966,0.9509081203945352,0.9474078643474532,0.9470176699025084,0.9432306860724136,0.9500742149923153,0.9491201247423208,0.9465850506751341,0.9487706528262534,0.947770257039164,0.9472136854854627,0.9483596044652887,0.949976262705597,0.9500812508938881,0.9439557395002194,0.9528039765644596,0.9487745103362689,0.949719054876217,0.9443902441996329,0.9459942547604545,0.9499810494991114,0.9486322535059386,0.9427020556240675,0.9519565478294342,0.9474686202528025,0.004128061734935753,136
135.63316202402115,88.46656508123864,0.2526285672187805,0.25450539240717623,0.06816192225818918,8,0.676395388049102,2,4168,0.6576754457013049,"{'learning_rate': 0.06816192225818918, 'max_depth': 8, 'max_features': 0.676395388049102, 'min_samples_split': 2, 'n_estimators': 4168, 'subsample': 0.6576754457013049}",0.9439320457521269,0.9474844219246422,0.9599396398659007,0.9502826507586702,0.9502704656517861,0.9565991462679123,0.948798875123682,0.9530770787858928,0.9428878856507941,0.9495600769690472,0.9577018954828219,0.9415511279653076,0.9517137483408727,0.9516833344573813,0.9543277449814291,0.9517105187208417,0.955412396840215,0.9510913612509303,0.950276930776252,0.9458831238282172,0.9458425312682114,0.9568529942139157,0.9486966777040219,0.9517767427716006,0.951956436711785,0.9529334854557666,0.9501648687634511,0.9528426451146678,0.9485770907403288,0.9382795504742686,0.9511951439686157,0.9504541796315334,0.9498902938075889,0.9550812020887719,0.9482616450724586,0.9429630788328165,0.9465215537168407,0.95125328822294,0.9540982573243318,0.9571280556450859,0.9530397062569665,0.95724573631206,0.9499678400626219,0.942406216443165,0.9552607657672596,0.950565672853199,0.9435266058532812,0.9518068445930667,0.9559074150781245,0.9480175516034588,0.9519702559950528,0.9530987840092766,0.9549440083133309,0.9479272110110397,0.9413258950635488,0.9462043106682082,0.9541524515066231,0.9565689393764458,0.9511565802984722,0.9473224092344046,0.9491699047366386,0.9532510276123554,0.9533790986010153,0.9521291510233569,0.9511786028071949,0.9532481009881252,0.9558399196544836,0.9512773158057221,0.9525131348056517,0.9459525878958641,0.9508122804599867,0.9497646829968713,0.9519157244832677,0.9526366194685586,0.9533111267337084,0.9499032995593811,0.9541145950516827,0.9546116177138059,0.9486133986169571,0.9514421568924708,0.9491701632382716,0.9520838914776177,0.9519638056681246,0.948704867263699,0.9526551543272836,0.9518682777371459,0.9513601325273086,0.9517261195882548,0.9541924846435219,0.952345528654996,0.9499734872505816,0.9541233183080643,0.9524017946386866,0.9520914586369541,0.9463724905436608,0.9505518832819864,0.9545167507522834,0.9523556193067,0.9482279467834759,0.9544929305119552,0.9509761184227101,0.003848600775488562,78
63.21076279401779,47.3693451191886,0.16014497756958007,0.16466867872822033,0.013650592509024203,5,0.6021762684622403,2,4168,0.5634248804179491,"{'learning_rate': 0.013650592509024203, 'max_depth': 5, 'max_features': 0.6021762684622403, 'min_samples_split': 2, 'n_estimators': 4168, 'subsample': 0.5634248804179491}",0.9463970778864124,0.9539924834555815,0.9625212512577614,0.9546137139339786,0.9559346751845486,0.960149533696394,0.9536480468795756,0.9561478145338131,0.9466916238516339,0.9550315503961325,0.9594146027889146,0.9486795715092096,0.955149472790803,0.9561882985477758,0.9570218586402713,0.957187283652873,0.9578977858962318,0.9537958001588066,0.9536544637736176,0.9514872631441501,0.9501328515131132,0.9559592666650933,0.9532827338927214,0.9558559905437147,0.9562042238050281,0.9570605873351418,0.9560540484343306,0.9553747513126687,0.9546007908152757,0.9425703157745972,0.9553842619251354,0.9548314148903609,0.9534087826568226,0.9564266468041402,0.9519544195466462,0.947818135225919,0.9519921017908863,0.95553631712895,0.9575394307196305,0.9616749887762399,0.9556487547090886,0.9602746410556302,0.9513513517000834,0.9474724164670404,0.9575639663776296,0.9532391957554163,0.9487690563898002,0.9549643350087902,0.9609034007902909,0.9511133790770384,0.9548393869898101,0.9575635261102848,0.9596480041681457,0.9547306100399844,0.9455349805787399,0.9523900430808901,0.956479525867107,0.9581335363816368,0.955830260762135,0.9501601014556526,0.9525601167367681,0.9571151750163289,0.9572804989121416,0.9554540779575625,0.9552699032434149,0.9574945965504422,0.9590516028027646,0.9561798248960266,0.9574305902144908,0.9504863339934609,0.9547072170508164,0.9528433667895391,0.9557100203330666,0.9528871694859885,0.9592292004198981,0.9524791751411388,0.9574889125508286,0.9571494940627403,0.954192383631669,0.9549432490866876,0.952232151325609,0.9560220901977947,0.9561060866415912,0.9532465446158004,0.9569194984525481,0.9553711577492215,0.9536395490008528,0.9530409018408488,0.9582159740473823,0.9576427856570755,0.9516314073724592,0.9580060283962857,0.9554946928667147,0.9593005364691921,0.9495595148708992,0.9541386100226001,0.9578093153842383,0.9575207236958388,0.9516371283844007,0.9585200375241442,0.9548188434769135,0.003541126160253186,7
148.87252728939058,102.24717999725391,0.20381396532058715,0.20771947790481649,0.12587213119593038,7,0.6077785140010954,2,4168,0.9095589365192694,"{'learning_rate': 0.12587213119593038, 'max_depth': 7, 'max_features': 0.6077785140010954, 'min_samples_split': 2, 'n_estimators': 4168, 'subsample': 0.9095589365192694}",0.9410684067571978,0.9464177816885099,0.9569350075791001,0.9502646779191153,0.95108843420486,0.9525937487730481,0.9508526970609266,0.9531559462160398,0.9392056927123043,0.9485914511527423,0.9562353817566028,0.9430137982632613,0.9505255575004731,0.9517645875551369,0.9525318403541455,0.9530795927290022,0.9516428724788212,0.95029713422269,0.951746151740349,0.9465806456844186,0.9459210428144763,0.9527585475125954,0.9474531913412423,0.951382621933546,0.9525715169698477,0.9501417517444297,0.9490179836060226,0.952277356114593,0.9467550721082381,0.9353024874511803,0.9510840402770848,0.9513877373698977,0.9479994028350347,0.9521935835462065,0.9483936428253382,0.9429628442423222,0.9460173559866483,0.9486271874368765,0.9549685255979352,0.9562368025548486,0.951874206043903,0.9555788490969088,0.9497794215131807,0.939409908376388,0.955252649973829,0.9496356115654605,0.9410418780213716,0.9503631419637671,0.9569379493107566,0.947749613584057,0.9496535700653248,0.9542702675528036,0.9542622230150531,0.9486205488105525,0.9424368638915437,0.9467642326905329,0.9516022212405292,0.9556321531458993,0.950608039848343,0.9463219565682186,0.9482903088491985,0.9499242640257696,0.9519132253047479,0.951510804754857,0.9514135404196179,0.9513034560342868,0.9539744180225307,0.9499435461048786,0.9524914368383223,0.9444230563116102,0.9485198500628141,0.9459813142586162,0.9511750519148785,0.9510115237526907,0.9527958253356195,0.9482124650055673,0.9517027342407419,0.9529200764981546,0.9488081060996436,0.9506152474748603,0.9471657005765469,0.9479948274288263,0.9513164435820627,0.9471094269549818,0.9538307555265353,0.9524182087103007,0.9505590155966215,0.9504927430670984,0.9519080532410766,0.952160506473672,0.946538311747367,0.9542595107901535,0.9493509213498759,0.9534379119161642,0.9448311208039608,0.9497385890887263,0.9523240042905962,0.9531673429815867,0.9448830040156005,0.9529542754501832,0.9499221033179688,0.003953719569558079,101
150.35833873987198,109.23879072715349,0.17362494468688966,0.17403354656900955,0.02509349191067395,5,0.8924307710242201,2,4168,0.8116205109603296,"{'learning_rate': 0.02509349191067395, 'max_depth': 5, 'max_features': 0.8924307710242201, 'min_samples_split': 2, 'n_estimators': 4168, 'subsample': 0.8116205109603296}",0.9478925291282543,0.9523346604530725,0.9604244625570081,0.9548075908636556,0.9546404683783798,0.9583670051094664,0.953727874797211,0.9543823791908794,0.9456530199370042,0.9542162354311404,0.9584227147238759,0.9470626811483324,0.9543150650142918,0.9549496348021282,0.9564808103748976,0.956943655530982,0.9569437253462225,0.9548342327898831,0.9523930738476916,0.950185588601761,0.9482377265697882,0.9551972371710349,0.9507345744641795,0.9550149428510052,0.9552784815972559,0.9542412680634966,0.9551978948114465,0.955129499484919,0.9536397489319288,0.9412613036885051,0.9549297416615815,0.9535896121725363,0.9525592373113556,0.9546970219793856,0.9541130160968507,0.9457562963095241,0.9510889857105834,0.9550609845471288,0.9571277015385495,0.9606150556711629,0.9542038676354873,0.9588115373814386,0.9516945107189738,0.9479718507999253,0.9571490235455311,0.9524063959395853,0.947384221766016,0.9542690190127943,0.9599759449407114,0.9504428143409178,0.9540291789595393,0.9564029730717233,0.957755114377159,0.9534181594859472,0.9450476576971713,0.9508500731431292,0.9560535132387685,0.9571791401961005,0.9541165419964857,0.9494681627874721,0.9499785948363487,0.9558205643088465,0.9572272066142709,0.9548216545973083,0.95371922834359,0.9556493850215955,0.958242209887431,0.9556996814858518,0.9549057005784263,0.9490344211081282,0.9545592237076896,0.953388071605125,0.9551136221906764,0.9517886739560953,0.9569924531327112,0.9523763855357799,0.9574401129349113,0.9566814963174545,0.9533646031941364,0.952480875114738,0.9510783360090809,0.9542319777355552,0.9547912785216665,0.9534878535098695,0.9553920736038521,0.954861462998952,0.9529115982833313,0.9499194604387755,0.9570209858589647,0.9565212948201562,0.9510446834658153,0.9566245356405371,0.9549541884807377,0.9567462338124323,0.9493594069584889,0.9535169931180228,0.9562529579095643,0.9577186362654706,0.950380650080835,0.9572777172102684,0.9538445392888675,0.003457547606482036,23
121.6985443019867,80.15885032319943,0.31323572874069217,0.31914446536893476,0.0024019675067792653,7,0.6582854971984013,2,4168,0.6110251048910715,"{'learning_rate': 0.0024019675067792653, 'max_depth': 7, 'max_features': 0.6582854971984013, 'min_samples_split': 2, 'n_estimators': 4168, 'subsample': 0.6110251048910715}",0.9424816898196735,0.9496540301540848,0.9605223960355491,0.9517213158169937,0.9519225153208565,0.9568154989492277,0.9515422184203699,0.9525313279911158,0.9427648844307184,0.9510541085187937,0.9573207550526739,0.944999812451652,0.9515194999008634,0.9537694873930465,0.9546486962938153,0.9544254061025975,0.9550951458156836,0.9518553300264558,0.9502658951714987,0.9478281202988148,0.9463175717727426,0.9554440611158841,0.9481820022169429,0.9534055141742716,0.952450408364294,0.952725774639959,0.9520593916564835,0.9519284657816415,0.9498808536000323,0.9377433935439012,0.9529730708393696,0.9514998590819805,0.9485370824574028,0.9524015240723892,0.9485655933966659,0.9448778072906628,0.9469561760411999,0.9512339729067926,0.9550619409526454,0.9572348096207053,0.9523409814384446,0.9573292776257687,0.9490243854467358,0.9436231042266442,0.955009216082543,0.9508479186686611,0.9433028573831684,0.9521956076566512,0.9583344336615762,0.9476727337387381,0.9514396657871266,0.9541197017843372,0.95630713251805,0.9504744988245835,0.9416851574915569,0.9476355320605867,0.9544719951022519,0.9572025199128084,0.9528572054045757,0.9465348979566217,0.947908326885799,0.9538965676353686,0.9540284516573992,0.952147565828754,0.9518475259559035,0.9534259500668034,0.9564433552504037,0.952451042011959,0.9531098193353779,0.9461691914661015,0.9504150918574082,0.9494369887704457,0.9522238840492773,0.9512834642300799,0.9558404270921987,0.9503620766725378,0.9537626912588955,0.9551398037304069,0.9507502317733555,0.9508745313959495,0.9481969690558307,0.952000008054175,0.9536260038820941,0.9501682174152462,0.9524268451274351,0.9516193499690171,0.9503948561744469,0.9511365504349705,0.9544989378020073,0.9540320870251029,0.9486459006709869,0.9560995037780289,0.9523468239879097,0.9539403344013866,0.9472091363656672,0.9507031534187403,0.953562727500027,0.9531466037873288,0.9474728408317149,0.9554159255502738,0.951427859924187,0.003868225256344222,74
74.46835444450379,59.998279732337,0.23102675437927245,0.23275571206965395,0.004212411295973444,6,0.4962833327821561,2,4168,0.5982194135375902,"{'learning_rate': 0.004212411295973444, 'max_depth': 6, 'max_features': 0.4962833327821561, 'min_samples_split': 2, 'n_estimators': 4168, 'subsample': 0.5982194135375902}",0.944211701492838,0.9522115980347253,0.9618583747344331,0.953585667436992,0.9538592101341132,0.95804499593532,0.951997436801954,0.9540053702177046,0.9448848195161972,0.9533936821852217,0.958559647732809,0.9466576996891641,0.9526034395656104,0.9557550478786394,0.9557861132741681,0.9559516897880928,0.9561459706911295,0.9526188827687603,0.9523023022297863,0.9498073890470609,0.9482164788418811,0.9555543485922551,0.9502876160283825,0.954433097469854,0.9543566721600041,0.9545085257372656,0.9542937687231575,0.9535142561989055,0.9523810897257025,0.9396517164776843,0.9537151719847601,0.9535435627066515,0.9510862515114616,0.9539689166202938,0.9513749200741286,0.9457738606007864,0.9486348554423483,0.9529196756869954,0.9559143789021861,0.9588310108829524,0.9537539048402777,0.958688402350916,0.9503388996138674,0.9459192007442072,0.9559673357697795,0.9526355822365686,0.9470899878239958,0.9534728752186508,0.9594342034622723,0.9493235020253991,0.952403104663333,0.955930952336031,0.9580119818100861,0.9521591968139957,0.9437957587452104,0.9493753373997657,0.9560455654425646,0.9577742374118063,0.954399558387041,0.9487263125657188,0.9496674801541555,0.9555062622374104,0.9555342014758699,0.9535381427740861,0.9538652845763298,0.9553078586075617,0.9570098736474525,0.9543502218044686,0.9546523542321738,0.9475817789857786,0.9525340332113793,0.9513821033015979,0.9532280969227366,0.951786072259964,0.9572037338161222,0.9509786236909555,0.9548727356115136,0.9560214995543073,0.9523332313557704,0.9521329692725123,0.9495327312166475,0.9547559493705506,0.9547917713588678,0.9517168202673352,0.954460834645495,0.9530313213345372,0.9520704289964717,0.9523676595250038,0.9562189178231909,0.9557943868757299,0.949776817669205,0.9564280207709654,0.9545369796766093,0.9564392169534617,0.9482108397191481,0.9526966715313692,0.9551285524992458,0.9544713793703686,0.948931904673125,0.9568540349450627,0.9530014890989841,0.0036679613999951117,46
108.7702498626709,79.15902851826301,0.5447905659675598,0.555120966195731,0.015283945568403533,12,0.4278845090100396,2,4168,0.5984472953553899,"{'learning_rate': 0.015283945568403533, 'max_depth': 12, 'max_features': 0.4278845090100396, 'min_samples_split': 2, 'n_estimators': 4168, 'subsample': 0.5984472953553899}",0.9397659090265535,0.9487503031241642,0.9594043223933422,0.9506828711094881,0.9494570291062345,0.9550483065978754,0.9495093716212268,0.9508440689559418,0.941415591136471,0.9498904858900405,0.956944725240189,0.9414152344127381,0.952119650712163,0.9527984728625859,0.952633259487234,0.9537332110197846,0.9544641674613263,0.9511738616620463,0.9497356383574943,0.9459759585368016,0.9440153429356108,0.9545893736773439,0.9479118881884541,0.9533046826455351,0.9513177781264306,0.9515787586430868,0.9496112490065387,0.9504012407778163,0.9488210972652857,0.9385230309924669,0.9530804864528971,0.9493611368654795,0.9485091958938526,0.9531778025644406,0.9458812132226998,0.9439368463627144,0.9467080807555476,0.9499184918137763,0.954467162380087,0.9561564100638053,0.9520904572591367,0.9559654515943726,0.948790184490597,0.9429060928476445,0.9545084608312853,0.9492963452289113,0.9431786551868289,0.9488087563356323,0.9571057134616255,0.9485216180585667,0.949809424005858,0.9515148126745525,0.9540831489179182,0.9484785764666017,0.9405125027647392,0.9453346620429344,0.9547377650159684,0.9559533656651019,0.9521052757934011,0.9439531346067633,0.9474109037431998,0.9504003725213606,0.9521654404830622,0.9518098430054666,0.951009314461187,0.9528412407182402,0.9563661403395617,0.9502884365528164,0.9527234320592124,0.9447750964439259,0.94893153007219,0.946716216964981,0.9512623763256461,0.9516421669420249,0.9524228000556686,0.9487818161356665,0.9531557336525569,0.9550772321061308,0.9500330982062423,0.9498967603828619,0.947090167164735,0.9519511918752995,0.9515131937828679,0.9491499414798343,0.9519128777453196,0.951074251565419,0.9504541365029874,0.9506579768519952,0.9524043269887631,0.9526823283354893,0.9469067747566035,0.9548019257381785,0.9513550964545743,0.9529487532541613,0.9466771562128672,0.9498631450883379,0.9525307726507762,0.9512260572512876,0.945947720882855,0.9548151842898089,0.9502836104064017,0.003967284414847551,93
128.14026178359984,87.46572451819246,0.3491146397590637,0.3536142081598674,0.04009971433481413,12,0.38320658538824987,2,4168,0.8755563048502895,"{'learning_rate': 0.04009971433481413, 'max_depth': 12, 'max_features': 0.38320658538824987, 'min_samples_split': 2, 'n_estimators': 4168, 'subsample': 0.8755563048502895}",0.9369185414192598,0.9436428619673073,0.9559104022942965,0.9471425406857323,0.9460184670388851,0.9527032887490812,0.9463401161951772,0.947976332125224,0.9388470299858199,0.9469390074501612,0.9525528774015486,0.9393034855257072,0.9478719051406683,0.9494639243926783,0.949580419069845,0.9516071353581336,0.9512011011221386,0.9467990177019842,0.9466371345693766,0.9429478958563082,0.940908323974771,0.9531576896826155,0.9436515347017231,0.9495762637924384,0.9474279038658817,0.9491839796945298,0.9457873296543601,0.9471417555027214,0.9455379855852237,0.9354411319875481,0.9494121665374642,0.9446512079329333,0.94457929867162,0.9503032103720126,0.9406621309634902,0.9413349979425717,0.9431271229873087,0.9467765384600039,0.9510948317320792,0.9529868751170959,0.9468400125531856,0.953296218152083,0.9468544217227867,0.9385581036940989,0.9501858012220734,0.9458301999857835,0.9407569509763218,0.9458255834566509,0.9544162509531124,0.94349809040581,0.9459088578500281,0.9486087873887266,0.9516988308395826,0.9458430149175137,0.9360583125512316,0.9410621461790968,0.9517222302053447,0.9530507939046755,0.9492385835736012,0.9417159252566862,0.9445495604913906,0.9474488607395221,0.9497019845243554,0.9478677053755467,0.9497641506209111,0.9494887635740973,0.952460049714061,0.9470357843299902,0.9493172160500442,0.9412652452145664,0.9445064699288814,0.9444446941114268,0.9479063274010885,0.9490954948193756,0.9509992344773429,0.9465227834109718,0.9492110914509788,0.9506529241035161,0.9469783777422661,0.945017856633795,0.9430224470870298,0.9497237452326,0.947921158189752,0.9449808980782414,0.9489892267478389,0.946057552932417,0.9468080356773748,0.9456706930777156,0.949453412881984,0.9492967413792425,0.9444528595613966,0.9530228001608191,0.9487395907052583,0.9486095666478345,0.9454379339116771,0.9451850130098662,0.9490684350074776,0.9464320107956393,0.9422494571620482,0.9525759042660537,0.9469604693622251,0.004087464810240804,141
80.65316892385482,63.311261955498956,0.10865916728973389,0.10703771137951083,0.18787609436667907,11,0.8602497922754564,2,4168,0.8299803333389769,"{'learning_rate': 0.18787609436667907, 'max_depth': 11, 'max_features': 0.8602497922754564, 'min_samples_split': 2, 'n_estimators': 4168, 'subsample': 0.8299803333389769}",0.9332558544518025,0.9330188335103189,0.9489349826064757,0.9414291200598524,0.9404842875245953,0.9430335543379825,0.9369739999568816,0.9410039748422745,0.9287120655607677,0.941117124605652,0.9465522989691137,0.9318488990815795,0.9401603871848488,0.9439447150761421,0.9401383892389977,0.940234167040635,0.9419493948860745,0.941408220173925,0.9392609762662323,0.929162111041506,0.9348075440333741,0.9490366576914869,0.9299493811686949,0.9432156542141308,0.9403878115684111,0.9406863180122428,0.9385379447783486,0.9403633049463129,0.938876921060571,0.9236502493635673,0.9416818589256588,0.9397088691314838,0.9349957726989232,0.9402859722542927,0.9300249230083217,0.9309669935989691,0.9359609030480849,0.9393500369046144,0.9445668070444013,0.9442248950194781,0.9414257127359192,0.9411733342488806,0.9368500183572296,0.9277359060777433,0.9413287101216297,0.9365870882219118,0.9273906216829771,0.9361976751666149,0.9465517343750756,0.9355602273854353,0.9387995057745927,0.9404479227561038,0.9419210974672676,0.9376397851157391,0.9246394057805285,0.933577750022624,0.9440763717908585,0.9475262894575641,0.9380147247325742,0.9361310180134377,0.9336803993194448,0.939261162682252,0.9416898698245675,0.9417447142994099,0.9371627667413696,0.9428927428461773,0.9457085959494935,0.9388496296246037,0.9432811387230521,0.9349360283055629,0.9342599390337748,0.9376677391053322,0.9421220926986202,0.9391484524972354,0.9400921288886006,0.9369801367108752,0.9417523562288154,0.943266803324395,0.9385349721840257,0.9375237237425971,0.9334145822662079,0.9366602885973259,0.9396855566535827,0.938772855680976,0.9412619134235771,0.9380768520639365,0.9367715525093798,0.9411463163802836,0.9399037268850988,0.9405947898467768,0.9330998385914203,0.9435278601773774,0.9411056748529176,0.94251799331234,0.9342811517353798,0.9380152619060167,0.9417431555239923,0.9421861130398028,0.9375122456127152,0.9409249542066609,0.9386923515016771,0.0048500079810008334,184
117.06751926660537,83.70359685514165,0.30096405267715454,0.29881073866432784,0.07492362316610363,11,0.7511378652206688,2,4168,0.5561794907129796,"{'learning_rate': 0.07492362316610363, 'max_depth': 11, 'max_features': 0.7511378652206688, 'min_samples_split': 2, 'n_estimators': 4168, 'subsample': 0.5561794907129796}",0.9357680460179839,0.9440826957567914,0.9559392886533757,0.944757026635773,0.946426224284862,0.9516170082390508,0.9466741998396232,0.9468567640009891,0.934098418174402,0.9446225401543725,0.9523838748496142,0.9387918423925963,0.9473144246018343,0.9471535109858404,0.9485578639692447,0.948837739120718,0.9506312954461619,0.9472162609689195,0.9491085084701564,0.940229420262458,0.942780534899881,0.9520898700389233,0.942663880700089,0.9479009091026294,0.9479982383636959,0.9473882395835904,0.9476347456122571,0.9492675778204867,0.9438118589784577,0.9337744681026098,0.948106588772314,0.9433811138269421,0.9455963832467695,0.9476958045686595,0.9425628950356574,0.9394311440707682,0.9404822325955554,0.9442251669099546,0.9529840699954506,0.9520630550701111,0.9490926907484268,0.9539552718983211,0.9463633961019805,0.9383672532552567,0.9490505709995154,0.9458091784080623,0.9367119107149914,0.947001914283061,0.9514337835583496,0.9423477086424891,0.9467935677969183,0.9490828467313221,0.9490738565923796,0.9428219886626642,0.9361151860662665,0.9405320182839314,0.9520749511668783,0.9515721673943366,0.9477100101650422,0.9384719491780319,0.9428608205349391,0.9466377170882552,0.9496523340926168,0.9492405924420643,0.9449997366884216,0.9474336522546807,0.950599115906848,0.944783607113824,0.9483351664510317,0.939800093700469,0.946525218808825,0.9437262458514206,0.9468077300811706,0.9471316084304068,0.9504047235248828,0.9449483486799802,0.9499833563221484,0.9512064109682915,0.9462334460824909,0.9447940247080006,0.9467964257208805,0.947808115960005,0.9481538702700124,0.9460065796751949,0.9487214869534538,0.9472067145566395,0.9488791347580856,0.9467448532729075,0.9497752664540968,0.9491127527528288,0.9430952756893434,0.9526044706649681,0.9472903882818751,0.9497567141941301,0.9405564783589434,0.9460148606918393,0.9478635688054464,0.9451945699146009,0.9434991704028963,0.950916971682395,0.9462938956955911,0.004348285637969583,151
57.435773720741274,47.504067680965726,0.19550642251968384,0.1970839061057738,0.08832582271700674,13,0.428273055863934,2,4168,0.873909678975658,"{'learning_rate': 0.08832582271700674, 'max_depth': 13, 'max_features': 0.428273055863934, 'min_samples_split': 2, 'n_estimators': 4168, 'subsample': 0.873909678975658}",0.9328045506380908,0.9385589372567807,0.9543782889468357,0.9433722682040291,0.9456498193640471,0.9488526489624349,0.9461783286971193,0.9463303551033223,0.9347680233388252,0.9437452182076985,0.9486623206457726,0.9351555128594979,0.9454902112883997,0.9463486145063114,0.9474926722213304,0.9485727962126977,0.9457392982672351,0.9443835287556949,0.9456991474917834,0.9379991065375065,0.9387035387106648,0.9473436453724184,0.9413803330147517,0.9473135773549122,0.9442500280070606,0.9454597126912212,0.9429362091320413,0.946307804969101,0.944194024408564,0.9300439761697054,0.9462512210564488,0.9403383581162259,0.9422225091467022,0.9467386148709862,0.938546976944969,0.9381640520727516,0.9399996395669579,0.9415974576435111,0.948963469581841,0.9495778435123214,0.9459063072541137,0.9488375421456532,0.9429636288099568,0.9356181840755058,0.9490546690030016,0.9437760460083797,0.9370758774201216,0.9401686231835474,0.9517217032828681,0.9419528503137046,0.9440664570354381,0.946451606818972,0.9478928562170822,0.9432708675286938,0.9367188437098245,0.9380574526331037,0.947828785996962,0.9509713883079453,0.9464353775801377,0.9375182193748475,0.9385594934255864,0.9447022444340494,0.9458996517302733,0.9462860068847384,0.9444693563464471,0.9454747337176945,0.9498472302560066,0.9421155002692865,0.9460263241633743,0.9378742046984149,0.943992155085077,0.9402717069799377,0.9453439367687171,0.9445755371487758,0.9460639408124483,0.9420546349951241,0.945750483818085,0.9478777710390505,0.9419942643882661,0.942765915204461,0.9406638596309729,0.943969382208878,0.9445928416549526,0.9432581037733428,0.9463140947100486,0.9445798270957932,0.9434248235253019,0.945574486669244,0.9452160786286764,0.9466406868345367,0.9411327843775348,0.9505014632598549,0.9464953901605173,0.9477448270460953,0.9418526658812515,0.9419897460842184,0.9461544137018056,0.9438399872103581,0.9376223914633108,0.9493896480054641,0.943897045206364,0.0042666379168657155,167
44.99216139554977,40.808307033506864,0.08295285940170288,0.08886277628217765,0.28733328872112207,11,0.6274913356331124,2,4168,0.9388869302141626,"{'learning_rate': 0.28733328872112207, 'max_depth': 11, 'max_features': 0.6274913356331124, 'min_samples_split': 2, 'n_estimators': 4168, 'subsample': 0.9388869302141626}",0.9287761865619345,0.9314517061463592,0.9436263589869754,0.931104015282976,0.9342746511546073,0.9448716585807786,0.9367737948013154,0.9374231095016978,0.9261411907611754,0.9339875598118962,0.941959511744835,0.9252147430591018,0.9313184228291602,0.9366867889886785,0.9371251756589922,0.9412508391625536,0.936136427506011,0.9376961115373529,0.9314509112807029,0.9346328573608322,0.9259230127118729,0.9395076152765828,0.9291446320873541,0.935441947382229,0.9327267643278037,0.9350067742302585,0.932814996230641,0.9359122234679366,0.9347280259454549,0.9209130635786398,0.9368297623738472,0.9292911879775361,0.9289726014291569,0.9400655794557448,0.9344178567659003,0.9290159586538135,0.9300254804442009,0.9373822516430825,0.940266969314914,0.9438700604118412,0.9375699888098475,0.9405530893895322,0.9288786637768489,0.9268655380328149,0.9419107768977002,0.9369542715073449,0.9300810528929148,0.9340980561371823,0.936846153664491,0.929974524310551,0.93209980224666,0.9377486150444602,0.9401402082702683,0.9355885643946356,0.9253828342503467,0.9270814527334923,0.9405944623473758,0.9441028891976547,0.9369313191068809,0.9306672232046636,0.9311120339574372,0.934898909816956,0.9366984036600228,0.9374093389947976,0.9355382815762615,0.9369407646522556,0.9392079970270962,0.9342073453956175,0.938195169534907,0.9294155968655676,0.9327388401927161,0.9312640378821597,0.9366066106135449,0.9362307527391504,0.9403956045440003,0.9307051895999757,0.9424745172951827,0.9367253243198744,0.930913620464536,0.9348021310554326,0.9299891406832131,0.9353589520361254,0.9397791689326325,0.9354625500132506,0.9374005133480344,0.9357133057931758,0.9317053627859754,0.936069114529821,0.9373022778594188,0.9321239401408732,0.9319134890738516,0.9425076583394679,0.9364211383732738,0.9379323349889058,0.9317196536301944,0.9331332729973408,0.9316976974564106,0.9366046781184452,0.9289417394313325,0.939990157400423,0.9347647488676206,0.0047175739325231,193
311.81681342840193,155.23130247217148,0.43754316329956056,0.4169405594270106,0.03594663627942926,10,0.8880390710398196,2,4168,0.7827852299245324,"{'learning_rate': 0.03594663627942926, 'max_depth': 10, 'max_features': 0.8880390710398196, 'min_samples_split': 2, 'n_estimators': 4168, 'subsample': 0.7827852299245324}",0.9371348358547934,0.9458896333004844,0.9573704051116917,0.948054396556054,0.9465240515676124,0.9524631481825747,0.9477523023176501,0.9476611967095162,0.9382305919864723,0.9479674051887259,0.95470047014123,0.9390702839628451,0.9478907751884119,0.9495650840163307,0.9510455525814948,0.9508402896301255,0.9517105543086595,0.9497386604854545,0.9477940785054921,0.9418967668342725,0.9430766600915839,0.9531214179614228,0.9427623144814653,0.9491959763517082,0.9496251415749666,0.9480653589636356,0.9449416521018118,0.9487742786418,0.9446810621078863,0.9318214803472152,0.9498984995604968,0.9458473091555325,0.9446125732222393,0.9507596150138261,0.9394913429564057,0.9420424664822702,0.9431862711877526,0.9460969895298343,0.9518080292172665,0.9539821467789938,0.9501735147598098,0.9534675895896793,0.9465905407827772,0.9382779788062282,0.9514610365311421,0.9457244054675525,0.9370789418589485,0.9478014105376594,0.9546546839544575,0.9441228203014873,0.9492857103678712,0.9503767501324469,0.9523151555136732,0.9455207865863182,0.9352301256628581,0.9415221432305463,0.9523216226749168,0.9557704063617705,0.9477900439306167,0.9411237184609038,0.9440473864070098,0.9480136554732999,0.9515414909104457,0.9490256635761545,0.9489943893514867,0.9503813355270528,0.9537998687621946,0.9484579749866425,0.9508741437922216,0.9413155816173537,0.9476995792096629,0.9441801202247493,0.9488177051309827,0.9480273568635842,0.9506824026069158,0.9472479982336511,0.9496602329077296,0.9511680099765478,0.94669078135755,0.9464302361466234,0.9444848711071846,0.9478128896992418,0.9490288683962695,0.9464938275280018,0.9494309351782358,0.9473590283846796,0.9461016807822024,0.948236522412274,0.9500128482369387,0.9501677829434716,0.9465197147172343,0.9525167408521589,0.9488518888558001,0.9497189338287839,0.9441424264598652,0.9455250953973307,0.9494317903465643,0.94890986750632,0.9429557826110451,0.9505839257283865,0.9474304178770351,0.004513429287446707,137
170.17965679883957,120.34377550115734,0.2574003553390503,0.2624333849922481,0.14031304686898666,7,0.9116015530289661,2,4168,0.5801054408836229,"{'learning_rate': 0.14031304686898666, 'max_depth': 7, 'max_features': 0.9116015530289661, 'min_samples_split': 2, 'n_estimators': 4168, 'subsample': 0.5801054408836229}",0.9390263155515979,0.9444209258415197,0.9559342817664588,0.9497871191332236,0.9480784964282906,0.955200182302355,0.947314825099062,0.9501070100225479,0.9368275250838147,0.9433347856202723,0.9526717311110643,0.9397212060322171,0.9480144706039163,0.9517908205380241,0.9520666925997502,0.9485025120005204,0.9512970050816854,0.9504188872044805,0.9468527283605982,0.9438198508987624,0.944363104133344,0.953027330599425,0.9457595539492551,0.9504878817573398,0.9464761152181145,0.9484073655850354,0.9469387767874976,0.950415053946073,0.945491455644636,0.9344678911647939,0.9459778708702855,0.9489791483817597,0.9478923185453758,0.946987209672846,0.9442709033587515,0.941026461584142,0.9428476946601907,0.9478604005285972,0.9499403638681373,0.9532024046721908,0.9492928265904688,0.9539466879000209,0.9452480669410988,0.9400962358134024,0.9514628117770001,0.9477778823383294,0.9387557013676542,0.9460792124562205,0.9556910727278974,0.94249108300306,0.9474946310414296,0.9517520065773915,0.9501557849502212,0.94570127023892,0.9389327505819067,0.9452038542305489,0.9534782974617545,0.9520642034865728,0.9463673854598567,0.9434083407283488,0.9474059771642465,0.9456806108214466,0.9490058824248062,0.9491918066737821,0.9475459159993189,0.9473391531241264,0.95028055284913,0.9479918781503164,0.9492487318904649,0.9455434612336572,0.9450596038734189,0.9465192284097698,0.9488098239902176,0.9440583795312075,0.9488414927870265,0.9485314431943845,0.9509018619261496,0.9491510745678979,0.9466593415218643,0.9478387889124995,0.9441731587898258,0.9488661343106712,0.9508877993458384,0.9464804543286884,0.9481259307013306,0.948835406560339,0.9485503491637322,0.9483270031058059,0.9532808476722942,0.9514026534392472,0.9441028163256006,0.9538807562239926,0.9488891474705747,0.9486874074527353,0.943269191187524,0.9456452783148541,0.9529951383999424,0.9521596511592779,0.9441391132695893,0.9513242475519242,0.9476503427569958,0.00404914976599667,132
149.45570664167406,111.862330275515,0.49859885692596434,0.48498718839537325,0.0032620046892131676,9,0.5664903042580324,2,4168,0.5709004491856419,"{'learning_rate': 0.0032620046892131676, 'max_depth': 9, 'max_features': 0.5664903042580324, 'min_samples_split': 2, 'n_estimators': 4168, 'subsample': 0.5709004491856419}",0.9431302329574155,0.9505465942455928,0.9621665826062819,0.9528434947220752,0.9524292172191765,0.957420819038848,0.9520849957487123,0.9545782818188175,0.9443621965387945,0.9518808157969051,0.9582461744433236,0.9456880943699856,0.95359702298304,0.9550215593873002,0.9553365352072094,0.9557282466603719,0.9561710074275602,0.9536515239262778,0.952030506012123,0.9483148962008661,0.9475768086648253,0.9568132432690015,0.9497380159237342,0.9546424448024218,0.9539399705529091,0.9538780982267324,0.9522732596793255,0.9538228967694387,0.9501790263166545,0.9401144839528472,0.9536418735730607,0.9515309644108741,0.9504875000742433,0.9544079114804394,0.9478773539516919,0.9457407696334912,0.9484558871477781,0.9525327964857624,0.9560901103930801,0.9580837266770851,0.9543479147697937,0.9583620444553176,0.9502628872516953,0.9447464505794785,0.9568068821159029,0.9519804472901598,0.9437664727039351,0.9523579964497016,0.9590151979707321,0.9493524262427626,0.9524116607512844,0.955059656128217,0.956961513117685,0.9514889650362981,0.9422815450321296,0.9480233688168086,0.9558114672628881,0.9589640777667264,0.9534686447520226,0.9473370425500424,0.9497621814298407,0.9542147486394209,0.9550323167480147,0.9542109212439971,0.9530806149669473,0.9545745924059136,0.9578595246101509,0.9530612986617969,0.9551201788357722,0.9475044806912658,0.9518724295539107,0.9499039672726876,0.9534039411989044,0.9532722515076963,0.9560021358955194,0.9522666815738006,0.955417916690641,0.9557685587619534,0.9528570593419653,0.952467265495755,0.9505113821450014,0.9541242983836583,0.9542748291494425,0.951303122764838,0.9544156647260493,0.9530412868831715,0.9525878191612602,0.9530031723717804,0.9549443956081769,0.9548694504460727,0.9498838509864171,0.9576278669028392,0.9534493817011338,0.9550517761513414,0.949073905654908,0.9515907654365791,0.9552623128969938,0.9533304100990955,0.9483951200404004,0.9562858918964482,0.9526054236927122,0.003875737302114347,54
212.40524842977524,134.61059324930162,0.30178161144256593,0.286764026314106,0.017978880263594194,7,0.7577915753594879,2,4168,0.851544284885785,"{'learning_rate': 0.017978880263594194, 'max_depth': 7, 'max_features': 0.7577915753594879, 'min_samples_split': 2, 'n_estimators': 4168, 'subsample': 0.851544284885785}",0.9451490304490724,0.9516882081032296,0.9615031808710667,0.9529696945823704,0.9530713871830194,0.9592089412836559,0.9533711406881521,0.9547986872312045,0.9458552974177468,0.9517781248624501,0.9588405666591926,0.9465264108868293,0.9542444861332811,0.9555630998653925,0.9568816656999201,0.9562347827930746,0.9568112969497724,0.955217162220384,0.9536324674328052,0.9493664374673835,0.9491635155949827,0.9568337542315478,0.9500748784695167,0.9558004326784636,0.9549250659413532,0.9541489932916392,0.9534851233802454,0.9542550376433317,0.9514823632349122,0.9403853250687734,0.9551967935567406,0.9546789184771456,0.951687371603059,0.9552682642595006,0.950207962372531,0.9478169816338545,0.9499185926932886,0.9532783340866714,0.9569737668636399,0.9589326212519127,0.9554781621266177,0.9593256473093883,0.9507440044720252,0.9468472542801591,0.9586512575969918,0.9531382613603983,0.9453824750601065,0.9553394967066529,0.9598366948032812,0.9492045357742254,0.9539143964547234,0.9564873771403918,0.9578685295806787,0.9530871440147972,0.9442489935110565,0.949797301221567,0.9562915944534138,0.9597181994951033,0.9529902325771701,0.9494216321680018,0.9509654046086196,0.9554465308179869,0.9557071567555374,0.9551705068052083,0.9543416928871137,0.9550793555298125,0.9588841738678425,0.9550587149438091,0.954418535946036,0.9498056560114803,0.953472664264895,0.9510054542598254,0.9542634560315872,0.9541338715267756,0.9559231652669453,0.9519878705746101,0.9576000550692394,0.9562477180025467,0.9533147420151129,0.9527577965039655,0.9503696638836759,0.9540970290452062,0.954731625520324,0.9519105835955326,0.9551124107105544,0.9541349154916338,0.9528449384468309,0.9523226738909724,0.9563047700451037,0.9564590264127111,0.9513103981002269,0.9578446519745936,0.954632858965526,0.955829077655542,0.9487904155533295,0.9523323408844305,0.9559690341326665,0.9558549183100671,0.9493374983523564,0.9568508352868692,0.9535762354316695,0.003702919888154651,33
201.27578604459762,133.57494974680387,0.7435434365272522,0.7300255410174212,0.009806240235313657,13,0.5414693009621911,2,4168,0.6923199457362502,"{'learning_rate': 0.009806240235313657, 'max_depth': 13, 'max_features': 0.5414693009621911, 'min_samples_split': 2, 'n_estimators': 4168, 'subsample': 0.6923199457362502}",0.9385100351620301,0.9467392216162647,0.9580602075910184,0.948760604068302,0.947559000464135,0.953403900244888,0.948799406924997,0.9493723841296764,0.9397954168446201,0.9481162641266127,0.9544815012363566,0.9405857968419042,0.9497449777517829,0.9501583974719344,0.9513442107894878,0.9525349027207787,0.9522043496644569,0.9483857144864196,0.9484065516967994,0.9439537504514016,0.9423113388086607,0.953248194432705,0.9456779165500608,0.9503103261270999,0.9485895264273532,0.95053085733022,0.9469748944989435,0.9494915777889685,0.9451341868548221,0.9354261077839454,0.9499653643648237,0.9461734329836456,0.9457982325661208,0.9506791535341178,0.9429019868038555,0.9423755419141584,0.9443803458828623,0.9472689218140801,0.9522740410811404,0.9540913187057415,0.950162571341712,0.9538651492256239,0.9472397257313658,0.9408988052371586,0.951728314105233,0.9476968099954681,0.939510432503449,0.9468435143652766,0.9554313105242379,0.9445985035216341,0.947680163209733,0.9508917765650287,0.9524329317222278,0.9470169011114301,0.9385143327776118,0.9421233797848801,0.9529740238172902,0.9553653991788924,0.9496227961301525,0.9425809763249574,0.945694515931746,0.9493444022018775,0.9503616842770735,0.9494767725082149,0.9492493906520177,0.9499275369704163,0.9544295903498595,0.9479051393849399,0.9506183650391843,0.9428166546363521,0.9477106158956545,0.9457811585927882,0.9492714620919472,0.9499340582159448,0.952436245500518,0.9482266650197154,0.9510984429211475,0.9518606514947419,0.9481566812674628,0.9474043829724756,0.9450725376303861,0.9502316827992042,0.9500830415248661,0.9472515853927043,0.9508025289300861,0.9482613867978046,0.9480302344725252,0.9493725030326549,0.950129458402853,0.9508566099227993,0.9452623708982342,0.9535118366742832,0.9492113360220991,0.9509553002056443,0.9456052743994062,0.9461116723090481,0.9498332274075426,0.9497380923713,0.9439504328327398,0.9531739069334221,0.9483084711259424,0.0040666304659615835,124
344.90734389781954,166.58135311547613,0.8138377904891968,0.8186234885507472,0.002176486797469943,13,0.8261528131375593,2,4168,0.7664813868239325,"{'learning_rate': 0.002176486797469943, 'max_depth': 13, 'max_features': 0.8261528131375593, 'min_samples_split': 2, 'n_estimators': 4168, 'subsample': 0.7664813868239325}",0.9351677803159094,0.9413596817972014,0.9543073352376291,0.9449322030272924,0.94449725195118,0.948188489571072,0.9452906625357994,0.9465087042705407,0.9352297618931414,0.944676955081641,0.9514642242838531,0.9358196958771197,0.9461446009892701,0.9466005421257236,0.947523006763771,0.9492116408618251,0.9483466169493072,0.9473079353043097,0.9445572181377098,0.9388786938384351,0.9398624235820648,0.9518692012983817,0.9409273739050263,0.9474089632468238,0.943689385378011,0.9485579482886394,0.9433331826771406,0.9464708853538404,0.9402085752477014,0.9285848723658653,0.9473237348121591,0.9421081737951964,0.9400535418351995,0.9473348732238777,0.9369485870878377,0.938572905728586,0.9399139328427432,0.9434160699382711,0.9498421863583143,0.9510099937518076,0.9458276438624222,0.9510174681282868,0.944599634507243,0.9359410516088859,0.9489482553276962,0.9439141062647392,0.9330446554922681,0.9450563751716972,0.952520016968571,0.9410434190714793,0.9460238890066966,0.9475018773212418,0.9488112815852913,0.9424993420190715,0.9327860548818293,0.9385446780364014,0.9499127087733434,0.9534170796717487,0.9458635861219931,0.9383292070520699,0.9406038948125541,0.944460443004917,0.9479243694712433,0.9464855831875107,0.945385555447925,0.9471307720078069,0.9510160285061198,0.9450726228620828,0.9476273607175982,0.9378432330267895,0.9449207304416474,0.9412941862357238,0.9457146280036046,0.9463341300051547,0.9493856017348021,0.9443237471908985,0.9474976784427932,0.9493600848346868,0.9445317694446763,0.9434096411566036,0.9406375056206948,0.9456526677601425,0.9463492892788706,0.9453132336144887,0.9465665775229023,0.9443821461245444,0.94356092483015,0.9454960285145956,0.9462266704724361,0.9476755336543237,0.9402068180399391,0.9511202231625241,0.9447764872200848,0.9468962743542871,0.9415132262895646,0.943687810703245,0.9483698981581872,0.9459613829220362,0.937755632338098,0.9488257151607107,0.9446034824868016,0.004731499814639361,164
75.43994476795197,49.88764051433909,0.32527355909347533,0.3352745849071881,0.06777858563396964,8,0.3922157199544671,2,4168,0.5830073928577384,"{'learning_rate': 0.06777858563396964, 'max_depth': 8, 'max_features': 0.3922157199544671, 'min_samples_split': 2, 'n_estimators': 4168, 'subsample': 0.5830073928577384}",0.9449117116390364,0.9525794127836197,0.9600526596184805,0.9519682642553582,0.9496605176202273,0.9576454655206909,0.9519477007004109,0.9536497327853258,0.9445361683618826,0.9525953511678404,0.9566894979095892,0.9452755758186904,0.9546765009189702,0.9543822556371335,0.953428448643749,0.953508705532577,0.9555942039112805,0.9510798801651617,0.9528617666157679,0.9484439865079519,0.94666191589514,0.9566878156123645,0.9500545983786967,0.9539620700496232,0.9534769137769199,0.9520319155001038,0.9505964369562194,0.9532403782489521,0.9492598552617181,0.9384499724078209,0.9532684344284048,0.9502104386747952,0.9519662891010996,0.9543142183535375,0.9487672748843134,0.9465369806252554,0.9487847275509941,0.9516424054391663,0.9548576314464332,0.9579719372923472,0.9531116332732468,0.9571959252453791,0.9492826304190847,0.9447763313875578,0.9540903370015923,0.9522215857548771,0.945900021036056,0.9523972111825642,0.9577750581651298,0.9482172545468498,0.9521845566079487,0.954196407246456,0.9554666226955133,0.9492374378187634,0.940172486665037,0.9481155946575051,0.9540878779627869,0.9561795305432178,0.9521258603157927,0.946866731331611,0.9498473951372328,0.9537237357922629,0.9522396850663546,0.9507156630955431,0.95105928488414,0.9550658042649576,0.9559878715538872,0.9534526287481001,0.9553607241915437,0.9483498192350399,0.9495891583000748,0.9498337867738144,0.9523590983602196,0.9518314788952112,0.9553211303789734,0.9497639544818139,0.9532815273036482,0.9552849029498791,0.9507381964253154,0.9533573993842975,0.9489324458754,0.9511726349023735,0.952637302204525,0.950344234405256,0.9544196920427509,0.9516180461204374,0.9510944233129963,0.9519694033138638,0.9533128783199422,0.9539927477973115,0.9485701533660262,0.955141255661702,0.9545513441495483,0.9551635248879383,0.9469500909030295,0.9497723065713064,0.9538772224257419,0.9533256361424156,0.94782461259965,0.9539363050131837,0.9517760061509232,0.003617006040383831,64
179.4956502342224,107.55922045019773,0.5911965656280518,0.5985245497617354,0.0026724417314984536,11,0.47022433911113204,2,4168,0.7987739237749492,"{'learning_rate': 0.0026724417314984536, 'max_depth': 11, 'max_features': 0.47022433911113204, 'min_samples_split': 2, 'n_estimators': 4168, 'subsample': 0.7987739237749492}",0.9388409960403133,0.9476092221170143,0.9591718851932594,0.9496351863581423,0.9486452549907571,0.9541953786107114,0.9492077685319374,0.9509691245390494,0.9409853631437001,0.9493142293061446,0.9556853240845384,0.9418814928701236,0.9503377256962985,0.951844108678292,0.9521148932895077,0.9527890118639712,0.9530479083013947,0.9501524283694457,0.9496109605044184,0.9448346471523423,0.943962168339009,0.9545846910105216,0.9465062458305219,0.9521798856452994,0.9500789940303608,0.9511903775427476,0.9489605738427105,0.9505683695537561,0.9461776158032121,0.9365627691423951,0.9513813549790546,0.9476665940589665,0.9464363227534143,0.9511923343943018,0.9440553085768274,0.9434996478357138,0.9458239249419296,0.9490443480598568,0.9538155608039416,0.9551813195029452,0.9507183021673284,0.9551316451843445,0.9482904622491029,0.9418881978780081,0.9535715241440794,0.947737108882426,0.9410007951392002,0.9482684160988667,0.956287832671831,0.9471126188179546,0.9486536885072631,0.9517759135515774,0.9538123121764269,0.9489286241297752,0.9395712979556499,0.9439148572459196,0.9541325933816124,0.9563571974238028,0.9504393122834957,0.9435547699568752,0.9462369546266357,0.9501071196437635,0.9516528440995246,0.9506676651928918,0.9505788735322329,0.9514999129237734,0.9551087309697662,0.948553114845796,0.9516493944909438,0.9437832921328989,0.948682206226502,0.946301053907487,0.9501638543343619,0.9516334047870264,0.9532259671776792,0.9486909364169025,0.9521795761304777,0.9527995841675553,0.9492218182711732,0.9486130678331774,0.9461069862611646,0.951769849120085,0.9515191796458813,0.94779216184414,0.9513862788316853,0.9494790460894317,0.9493458830482959,0.9505272949311144,0.9519156947649166,0.9515679465001379,0.9465423334025558,0.9547328241617983,0.9504081886538385,0.9516684608585069,0.9462013588108642,0.9480240669706596,0.9516067129999626,0.9506630877763784,0.9447895529929381,0.9538896451399997,0.9494217471064931,0.004057643726063326,112
242.97732026338576,148.1085536138854,0.7271671843528748,0.7078173154639527,0.002373675310108523,11,0.7125523766171264,2,4168,0.7699160323593887,"{'learning_rate': 0.002373675310108523, 'max_depth': 11, 'max_features': 0.7125523766171264, 'min_samples_split': 2, 'n_estimators': 4168, 'subsample': 0.7699160323593887}",0.937986762152525,0.9456442586635933,0.9577479185127209,0.9482721894636721,0.9475597278554128,0.9525151061505076,0.9480107290138858,0.950007174264212,0.9391242552451647,0.9479532202628947,0.9545937792148078,0.9400853907690608,0.9490496382203039,0.950352640409907,0.9513493293102914,0.9522604914545563,0.9517320433484845,0.9498006196024565,0.9481160415515253,0.9433800867821979,0.9427749780112612,0.9541926987694994,0.9451417846405921,0.950452971125535,0.9484961789986277,0.9503041159132909,0.9469223170804909,0.9495117292933851,0.9449743274973168,0.9346497196549804,0.9504396336549851,0.9456725630731716,0.9441361379106221,0.9503187814800378,0.942064493782611,0.94224580540317,0.9443946285942572,0.9475288615257749,0.9527369423522194,0.9537409846640361,0.9491489662792623,0.9537664574375294,0.9468920889122828,0.9399741394430696,0.9525274537966457,0.9467306608846906,0.9383905412342457,0.9483304749689575,0.9550870413776595,0.9452707789137706,0.9481799890091747,0.9508935855071002,0.9522453345972508,0.9468038254585093,0.937588874050983,0.9420870439731738,0.9530701222323965,0.9555664387149209,0.9490515938227828,0.942860015895192,0.9447247209845804,0.9483603660068264,0.9508563931378282,0.94964590027746,0.9485327536802866,0.9504562913575041,0.9540492852198047,0.94767473354751,0.9509131371847241,0.9422421544290837,0.9479992658506583,0.9445609152851397,0.9495054494128736,0.9500151018666314,0.9522483504202961,0.948014225038759,0.9509414782299319,0.9517701233911497,0.9484728451979112,0.9476926764604108,0.9445013122632647,0.9497545668430016,0.9500516781335582,0.9470083003887121,0.9499231875953147,0.948434535225459,0.9475024962155515,0.9489821085818979,0.9500625254095758,0.9507493723314946,0.9447375560420757,0.9539260696794376,0.9487571933042951,0.9502034614124902,0.9443326187257509,0.9467031482986903,0.9513410423457925,0.9492572907640108,0.9430906988088268,0.952318457935707,0.9481102026946792,0.0042517641759823475,126
145.84914676189422,96.89529084543192,0.6323318314552308,0.6453414254741511,0.002366196923256197,11,0.48210408355297696,2,4168,0.5991258104919015,"{'learning_rate': 0.002366196923256197, 'max_depth': 11, 'max_features': 0.48210408355297696, 'min_samples_split': 2, 'n_estimators': 4168, 'subsample': 0.5991258104919015}",0.9406879169468809,0.9489997148303637,0.9605140300072906,0.9509970622384116,0.9504318497019731,0.9559693983168985,0.9507957133631105,0.9522031111239639,0.9422559519289577,0.9508381032157506,0.956763894859591,0.9435449821764311,0.9519412216474263,0.9530097736557686,0.9533419820703534,0.9538902955043979,0.9547780394584395,0.9514811888715308,0.9509503995702191,0.9465079028232182,0.9452482379666248,0.9554532795917297,0.9485502960235674,0.9533188778896464,0.9520050334826511,0.952379287505185,0.9503387851447178,0.9518866867636335,0.9486953478707567,0.9383785367367333,0.9527181394733808,0.9492043033070553,0.9487271520000022,0.9530412670440995,0.9460235943476436,0.9443626027505434,0.9470978631231541,0.9503864752849004,0.9549641466728097,0.9562696405946279,0.9519504779304039,0.9567418113063386,0.9488482480798047,0.9432633991502348,0.9546093959586686,0.9500734673616544,0.9421394593227641,0.9504601819925369,0.9580618273325827,0.9481167924781746,0.9500872538539469,0.9535398873958506,0.9556587808806275,0.9494025070417016,0.9410609857331702,0.9458838602280475,0.955040500110421,0.9574977675928946,0.95190446502419,0.9456734205611227,0.9480382428420561,0.9520601177660242,0.9526423028694764,0.9525264615681752,0.9518710528902358,0.9531878639274947,0.9561380907185254,0.9502277239984679,0.9536450021262243,0.9454709842083937,0.9500909062286143,0.9476859657647627,0.9516307550280559,0.9520578358174214,0.9546684709021317,0.9502149067153857,0.9533986608962807,0.954110631685732,0.9510034272169476,0.9504833408179667,0.9478730333691867,0.9527436018131251,0.9525937343196591,0.9492459916988137,0.9527610340560042,0.950914774175081,0.950583760493405,0.9516656364271577,0.9530989940147127,0.9530994183713626,0.9478274468444988,0.9555269664044966,0.9519587396090724,0.9533200160952521,0.9470830846593243,0.9497059771165497,0.9535810349346234,0.9511684977792663,0.946115441853265,0.955188751199699,0.9508617525444251,0.003968851945349767,81
210.71921948909758,137.0681996598992,0.37581825494766236,0.3883364598452129,0.0021286381843707647,8,0.6943370307769066,2,4168,0.9473678158938548,"{'learning_rate': 0.0021286381843707647, 'max_depth': 8, 'max_features': 0.6943370307769066, 'min_samples_split': 2, 'n_estimators': 4168, 'subsample': 0.9473678158938548}",0.9399931240945453,0.9470074481519881,0.9585196455073858,0.9491129318130652,0.949146902475566,0.9543723600961133,0.9500032129028617,0.9509822758950586,0.9408160702972658,0.9494524982163984,0.9559094560518557,0.9423621206829194,0.9501121252334037,0.9521404922796526,0.9529018601557547,0.9524717579192914,0.9528224333174933,0.9504979725253133,0.9491569162999282,0.9451955497376248,0.944740207488045,0.9552601096508728,0.9456124550052076,0.951452670619313,0.9502534463275037,0.9508919011060677,0.9487156316375899,0.9507028389329325,0.9477101779433295,0.9358605286825443,0.951240177094153,0.948820895693444,0.946032144991882,0.9504741948255546,0.9458879998007266,0.9444948357182419,0.9451068325292747,0.9496324340621993,0.953096740564932,0.9550086111851673,0.9512894512780213,0.9548436225303036,0.9476769764322571,0.9416334518081445,0.9535461283825591,0.9479128121766448,0.9419432308328184,0.9501419912419621,0.9563612101736712,0.9453266248959835,0.9499533743680485,0.9524658069505366,0.9541095417449238,0.9486571426366488,0.9393673837276039,0.9443147601986939,0.953000764965074,0.9565372002621273,0.9502131378359989,0.9445563903915919,0.9455710625219358,0.9513114665465954,0.9520332003052898,0.9506370756186442,0.950386146308764,0.9516593447102089,0.9552444211396656,0.9495718673064807,0.9515318321639132,0.9443553526116006,0.9484162759000856,0.9466891714216454,0.950455363373876,0.9515247772034452,0.9532638135505235,0.9483089421630744,0.9528476869350194,0.9530184395612873,0.9488093040825842,0.949148588879079,0.9461044657955594,0.9508837196203066,0.9512534826013243,0.9483810959800149,0.9507018849981184,0.9500230266765128,0.9484760989158649,0.9497878510329477,0.9519371324537601,0.9519742081781325,0.9473120046460323,0.9543799174503629,0.9502325546201907,0.9511250866053702,0.9449067026804301,0.9482587007495845,0.9509289512143821,0.9513012960153145,0.9449817017545199,0.9532455445414142,0.9494880254917994,0.003971485805263215,110
26.91147700548172,24.349002510272218,0.0641133165359497,0.06795390858007219,0.33768544846210125,10,0.5151492988219598,2,4168,0.8884175121471927,"{'learning_rate': 0.33768544846210125, 'max_depth': 10, 'max_features': 0.5151492988219598, 'min_samples_split': 2, 'n_estimators': 4168, 'subsample': 0.8884175121471927}",0.9209855150321453,0.9330811711564764,0.9444918979629189,0.9318135070232533,0.939677539883886,0.9434266652208513,0.9336527666126896,0.9336879520942658,0.9209939176378938,0.9310505005157641,0.9362951449225567,0.9226262652275273,0.9329295178311741,0.934666853898199,0.9389656091824947,0.9340318735579622,0.9311808234041161,0.9337888546219608,0.9355476966255784,0.9321866290129767,0.9288863282702721,0.9383344991378644,0.9301197831946026,0.9393547156592449,0.9364923636200465,0.933602817468778,0.929781793801544,0.934379628589895,0.9357471942592657,0.9216543692825627,0.9301885757090022,0.9321357263895846,0.9330161502177106,0.9385462672532896,0.926900522625303,0.9287716307482847,0.928121953646233,0.9342011724191487,0.9381243039494641,0.9403380230711027,0.9338752755024629,0.9399118213001302,0.9354350219954914,0.9180256625960835,0.9393433139234243,0.930787432702393,0.9257977606811151,0.932601662089779,0.9416123091094977,0.9302571228318828,0.9362672086939203,0.9368009042800811,0.939661228424197,0.9326510240714739,0.9230301625763109,0.9295650466305754,0.9415601997548861,0.9407969179230956,0.9355629472078864,0.9251552516531475,0.9309210727001159,0.9348249398910792,0.9288340177371868,0.934307667054703,0.9402226774605604,0.9375960527746815,0.9392457933088618,0.9370565885384736,0.93758642460106,0.9261345601512448,0.9332669196546042,0.932968809207022,0.9339683064506064,0.9311950931622296,0.9400658595297922,0.9323653446126315,0.9416264805162012,0.9370024545470377,0.9359464356687397,0.9292080070677615,0.9306790856606242,0.9338247693564052,0.9327642064490954,0.933228639138978,0.9403149058439723,0.9315231028693582,0.9340379482878356,0.9311660900151062,0.9353214808022933,0.9327941151912064,0.9298197601292595,0.9343509505033906,0.9344117542376482,0.9351693597918945,0.9294035008863593,0.9341229746907779,0.9400629148096316,0.9317341461460729,0.9310936424544382,0.9385868448320129,0.9336123049141668,0.005088864277909372,194
105.34024453163147,81.4376497875628,0.23009859085083006,0.23711243770131413,0.13067257002449995,6,0.5488674955512713,2,4168,0.6741671111544656,"{'learning_rate': 0.13067257002449995, 'max_depth': 6, 'max_features': 0.5488674955512713, 'min_samples_split': 2, 'n_estimators': 4168, 'subsample': 0.6741671111544656}",0.9425166664330884,0.9477685654010878,0.955795561945798,0.9502157079044402,0.9527880383580171,0.9529168761838945,0.9484221355132982,0.951928659257351,0.9418153319419881,0.9482555933196427,0.9541037259640321,0.942171466930405,0.9503493082440169,0.9513366578042242,0.9545959509711827,0.9503616762123374,0.9541250551393594,0.949103194021725,0.9504906516536603,0.9473561595057881,0.9453895881254027,0.95157138516687,0.9467850293365395,0.9525231423749532,0.9488000409752921,0.9506171039883213,0.9513493873277561,0.9536415622667946,0.9481672102333021,0.9391768796701655,0.9489348205357876,0.9499143508507996,0.9494606048935167,0.9518287993327794,0.9482470761159558,0.9422082361053001,0.9468631637103191,0.9501338690134752,0.95200066570847,0.9567738337308007,0.950726717667857,0.9565361680439919,0.9475055637042076,0.9427888508317369,0.9550300076915919,0.9504008318594546,0.944726534821764,0.9503825421598282,0.9560164119164442,0.9463773008828991,0.9505613363447414,0.9534178220025105,0.9558110815344093,0.9510843848021608,0.940691108155165,0.9466256626981433,0.9527960004127349,0.9533807696105225,0.949472144657135,0.9476621969526988,0.9482212069861112,0.9529314795429987,0.9517616902131569,0.9507596064887514,0.9466862703854567,0.9515454838838564,0.9549328089369183,0.9504344579928464,0.9510398976313841,0.9440841711333596,0.950212328808697,0.9486700612580061,0.9535829995964105,0.9500223635281921,0.9521103901407849,0.9477379759856668,0.9515741395973673,0.9521887648775976,0.9480872485597891,0.9511848104899554,0.9475093943968884,0.9517023275513975,0.9523613894090439,0.9477809459149875,0.9526946803573753,0.9468731983862279,0.9516087506417985,0.9482604817780798,0.9515287836231917,0.9532217756461813,0.946472331770871,0.9537961193769684,0.9508296622817106,0.9531363456496177,0.9438560876848874,0.9494621200880061,0.9541318872933761,0.9531533693472869,0.9470286209019079,0.9517061972280672,0.949976797942831,0.0035900542327321513,98
62.18778919219971,51.29863278617145,0.16388099670410156,0.17667974702156033,0.1272092075710441,11,0.4752642182644895,2,4168,0.8186143880429952,"{'learning_rate': 0.1272092075710441, 'max_depth': 11, 'max_features': 0.4752642182644895, 'min_samples_split': 2, 'n_estimators': 4168, 'subsample': 0.8186143880429952}",0.9365811311073619,0.9422218133505206,0.9523809533378722,0.9432792351082216,0.9438752880927,0.9490266487551531,0.9414424368712067,0.9453312211844574,0.9345229575046002,0.943844683015075,0.950337155622071,0.9360298630794596,0.9439612431473178,0.9474147311621138,0.9460822086966333,0.9483098031116046,0.9491564358513909,0.9439662301227805,0.9448395004290308,0.9404148236298441,0.9386156410455367,0.9488424325861792,0.9409419899432238,0.9451373142497328,0.9427231546647692,0.9449558924664281,0.9424970469105737,0.9453518585064653,0.9415607864640003,0.9305262418127485,0.9464872916267681,0.9438653674509322,0.9428596176609626,0.9462547688806203,0.9380401252458017,0.9388509799958448,0.9414009589730132,0.9420897834132158,0.9494196781385219,0.9500328705459714,0.9446942796158038,0.9490668576347091,0.9446888625119738,0.9350000850701887,0.9482168328676615,0.9429626551519752,0.9348289351895748,0.9417734720338898,0.9514514620005012,0.9423220580237828,0.9398573106331691,0.9477932117000507,0.9473521020824209,0.94123568856004,0.9368853204656894,0.9343002999931,0.9486280825386461,0.9496763619969032,0.9452336801738359,0.9407696002202096,0.9377300715312781,0.9449716603057228,0.9455621691730043,0.9465106711702662,0.9422575109510637,0.9466292823033534,0.947398655799303,0.9399781921172004,0.9483717231371552,0.9349719642236233,0.9417397180665836,0.9419516192614434,0.9459305677789799,0.944044281656557,0.9486006858250772,0.9408441223965327,0.9459365133567208,0.945740908024353,0.9455515667705945,0.9435778835461093,0.9401759846767256,0.9434628058902645,0.9451893489756321,0.9415949043587961,0.9469538113923482,0.9440842455145805,0.9388562888040755,0.9453491889707049,0.9481570802881139,0.9474570936251836,0.9427293620076426,0.9477917580156872,0.9450017456986214,0.9440261256530218,0.9409232270407611,0.9428179563874894,0.946367439217987,0.9463283594517464,0.939462730963422,0.9461965893007472,0.9437143513585333,0.004193723121752043,169
173.69572296380997,114.03257457634768,0.3802665162086487,0.36847359116495126,0.0071527806525984805,8,0.5813957022812284,2,4168,0.774086064977166,"{'learning_rate': 0.0071527806525984805, 'max_depth': 8, 'max_features': 0.5813957022812284, 'min_samples_split': 2, 'n_estimators': 4168, 'subsample': 0.774086064977166}",0.9445075952524115,0.9520952585754099,0.9623753028750467,0.9538150453367445,0.9532742677734592,0.9577058153771899,0.9529975982610212,0.9552204818790195,0.9450123854019601,0.9524807813282975,0.9593914071038806,0.946262544296976,0.9537816846406428,0.9552936961199314,0.9567414333878166,0.956090595362886,0.9567791614032697,0.9548748637756626,0.95329152894349,0.949308797119347,0.9488050496949981,0.9578146737643364,0.950357266900571,0.9553250732347025,0.9544887266173689,0.9541431036885051,0.9531507703420508,0.954934724732725,0.9516396922193076,0.9410050679011434,0.9544098046383426,0.9532610364957276,0.9514836313743372,0.9556726531927667,0.9495500133806904,0.9481408839367751,0.9499684607973501,0.9537847010090958,0.9565196647529486,0.9587444115363912,0.9554866263752626,0.9586889768553492,0.9509485104309792,0.9459173533461733,0.9580547166486222,0.952357789329944,0.9460485737479835,0.9536522015130986,0.959818846720504,0.9498024794697467,0.9533292826745035,0.9565359972819603,0.957540100560789,0.9535621239804287,0.9438407671388184,0.9486365237693694,0.9568723086902083,0.9596583833674974,0.9541338166829937,0.9491170649890059,0.9508720327919352,0.9545409265028069,0.9553633967802477,0.9548110173887334,0.9544028701485027,0.9553116455531075,0.9587062780328003,0.9534244016635516,0.9556747138149417,0.9487247688668825,0.9523606853059037,0.9507186782439612,0.9543855542601787,0.9551603779627942,0.9569419344592216,0.9528009433803329,0.9565321267043733,0.9561941794740704,0.9539653330309535,0.953131546907098,0.9507955952832161,0.954324515723278,0.9552530859294746,0.9514416838198757,0.9553727474708061,0.9540687809321088,0.9535481059649789,0.9537925353197781,0.9557465318310349,0.9557501381598169,0.9518846492864178,0.958001112424499,0.9542151829434097,0.9563422150361686,0.9489345415924799,0.952624658399626,0.9554133426386398,0.9543471312358764,0.9501381824850131,0.957676143464146,0.9535219638921087,0.003715383084861457,35
196.31871770143508,127.5803669985948,0.33180105924606323,0.312157880206564,0.008844347597902088,7,0.5947905713280809,2,4168,0.9451569559740671,"{'learning_rate': 0.008844347597902088, 'max_depth': 7, 'max_features': 0.5947905713280809, 'min_samples_split': 2, 'n_estimators': 4168, 'subsample': 0.9451569559740671}",0.9448082610068291,0.951791013635872,0.9619300822643028,0.9531165550036048,0.9538595853905923,0.9582512608110316,0.9537566015244092,0.9549252031436554,0.9454633461576368,0.9530865026688385,0.9592925601160506,0.9454759596163905,0.9541397754152382,0.9558365238638531,0.956696196762816,0.9569842093551115,0.956962978149225,0.9544937976286546,0.9535491053817587,0.949877806999862,0.9488125752785274,0.9575607686844869,0.9497296938183604,0.9555033367079544,0.9550186485648611,0.9545590180854457,0.95307952171173,0.9543431209929313,0.9522883747030417,0.9415341088985096,0.9544918314558042,0.9535638634761866,0.9510314241778938,0.9549246926028526,0.9512512438584692,0.9477755068950376,0.9504896504261753,0.9542727429014243,0.9566597379413099,0.9591620087399524,0.9553065587500711,0.9591846327759385,0.9506470851770524,0.9465340520407882,0.9575644656395884,0.9523150054145479,0.9467813937606664,0.9540529600264334,0.9604246911793717,0.9494656705577954,0.9536712445823067,0.9562023401644449,0.9582926458118239,0.9535857705903421,0.9438863309509103,0.9493740177768715,0.9562015046516678,0.9595722018242079,0.9535368740547807,0.9509066719565019,0.9510343077914615,0.9552299803001464,0.9563880351184108,0.9555933255852547,0.9544343579031809,0.9556673375195117,0.9584325366217432,0.9542533218113268,0.9556761782525024,0.9484137650055219,0.9533103272341966,0.950912176458927,0.9549492316036583,0.9549474601653447,0.9571316889253593,0.9524274237328453,0.9568477857929755,0.9569984259193258,0.9533105424437454,0.9527869254687144,0.9502805276089855,0.9550614085589679,0.9553031765089091,0.9522478174623927,0.9552109371148636,0.9546179657193921,0.9527212388831381,0.953318120694215,0.9565458031343231,0.955864498043385,0.9522002390967617,0.9582147026241091,0.9538195606900626,0.9562187228244767,0.9485416803348578,0.9522277745614053,0.955645057426063,0.9555550136638852,0.950264646796084,0.9580650118902418,0.9536852434979347,0.0037014064977638683,29
310.344054851532,152.0803833903256,0.6857483839988708,0.6674204211451092,0.013117518949995733,13,0.7641746250030121,2,4168,0.7304714556406326,"{'learning_rate': 0.013117518949995733, 'max_depth': 13, 'max_features': 0.7641746250030121, 'min_samples_split': 2, 'n_estimators': 4168, 'subsample': 0.7304714556406326}",0.9366849402237153,0.9422251724485153,0.9547806866337468,0.9454626430201497,0.9454210206946987,0.9494621686936202,0.9460219896139129,0.9478812259752649,0.9365241539839019,0.9460111577702202,0.9522758720128736,0.9371947034689299,0.947440964092329,0.9476299256295836,0.9492520894673709,0.9494225453012004,0.9485866531182224,0.9475501656223864,0.9456544180016382,0.9408033054478466,0.9409916680569644,0.9523442240891837,0.9419449135302367,0.9485369612537444,0.9447861849401675,0.9490255390243787,0.9448129272018861,0.9461230968595972,0.9408782049194606,0.930404581132126,0.9481520121599352,0.9431616385111791,0.9417720909539506,0.9483729546586227,0.9384615101838413,0.9399048239973257,0.9409822821339296,0.9448672064709872,0.9507895897920241,0.9515066017779776,0.9470413045829027,0.9512324360989983,0.9451493154089406,0.9360197063735577,0.9497424860237061,0.9440704139829297,0.9346521913055438,0.9451847897564543,0.952460310396727,0.942288795409526,0.9462471274463412,0.9488785724662393,0.9504718213814402,0.9437620603522058,0.9342408771422114,0.9394415954763351,0.9513551643654121,0.9538756012006703,0.9462209205427488,0.9398779348664006,0.941948607020344,0.9454919126611039,0.9484474681290569,0.9475005448640859,0.9461377488932337,0.948317620100602,0.9519849332609891,0.9460791632080363,0.9482696953206219,0.9396815598534203,0.9460690745684273,0.9427214451903577,0.9464698304898268,0.9475283162478814,0.949589319419829,0.9450757069272415,0.9482303097289961,0.9495464290722805,0.9450267795852297,0.9445739743217673,0.9420991855314784,0.9468026739467216,0.946965103491796,0.9456064638521355,0.947326642490749,0.9458355078671161,0.945609941894355,0.9459985692088653,0.947409964292076,0.9486206803743271,0.9413808486657107,0.9523273256806579,0.9460496085090422,0.9478381098253554,0.9424934938636416,0.9445824168474509,0.9488407921536426,0.9469386998601149,0.9399896938462307,0.9503805221310389,0.9455810492064277,0.0045060761681060945,158
50.55996464252472,42.08422326959279,0.06739938735961915,0.07679361496009662,0.2565478901666342,12,0.907570519460756,2,4168,0.9451853140288553,"{'learning_rate': 0.2565478901666342, 'max_depth': 12, 'max_features': 0.907570519460756, 'min_samples_split': 2, 'n_estimators': 4168, 'subsample': 0.9451853140288553}",0.9271286066272216,0.9245882104537689,0.9448227752899369,0.9317063198024396,0.9330866783439479,0.9382168902620842,0.9313399825176214,0.9344385061349595,0.9218691477103701,0.9330113694809331,0.9425529536537679,0.9177889536771285,0.9338229086968217,0.935904907798262,0.941720110823257,0.9383691999649838,0.9358411247439535,0.9330856589000871,0.9339805824010745,0.9278078561682834,0.9316697631253945,0.9432374333707206,0.9233808954499857,0.9340927958424962,0.9324598326469172,0.9374234734043068,0.9310505062693267,0.9371124319375018,0.9316844971867586,0.9195274181178281,0.9352801303523999,0.9299069804166966,0.9266537598896936,0.9351356983152184,0.9223927858613823,0.9205646717212518,0.9240675903153936,0.9321865933249407,0.9397903459751529,0.9399260309396479,0.9312102206568592,0.9424841601837162,0.9325335736255683,0.9219892763118183,0.9362050841302791,0.9315010412770715,0.9200627222058934,0.9303913613468954,0.9391443269195454,0.9317672079366799,0.9344777038105041,0.9319779630476611,0.9393126340421303,0.9332727570155472,0.9149746050125269,0.9278358249318293,0.9400523896874566,0.9454779133037139,0.933873757496718,0.9264796566117328,0.9299870078591843,0.9329008804246549,0.9375138050561402,0.9381852576791119,0.9352175298066119,0.9349469009599743,0.9380356678395141,0.9351043472009539,0.9396240821068546,0.92786060272769,0.9310069211998053,0.925386025755444,0.9366506209410324,0.9363427959461992,0.9356478541512823,0.9304992899910399,0.933572920459839,0.9375402102569561,0.930358363662597,0.9344679433196902,0.9270324948954699,0.930815807136002,0.9325040559717699,0.9343816237850759,0.9358085232170961,0.9349077254277107,0.9304128597491763,0.9308888169188052,0.9340326091069685,0.9381755966989842,0.9289146900759315,0.9366626133131086,0.9327128148857347,0.9354774058556119,0.929355182866242,0.9314575417368997,0.9316879634353886,0.9332138721157875,0.922807395621045,0.9366500828980908,0.9326239926052355,0.005856174099927942,196
21.227756407260895,19.763492295029792,0.08900163412094116,0.09105821974617882,0.21698930459598872,12,0.40533579004823067,2,4168,0.6447583685220069,"{'learning_rate': 0.21698930459598872, 'max_depth': 12, 'max_features': 0.40533579004823067, 'min_samples_split': 2, 'n_estimators': 4168, 'subsample': 0.6447583685220069}",0.929632639793233,0.9337445808209972,0.9478718558904093,0.9333532693531003,0.9395924501270336,0.9427671039372344,0.939261628422698,0.9351966815396747,0.928152314249418,0.937306114386254,0.9426614657098185,0.925271740290627,0.9400584555790809,0.9406953855801284,0.9377493929917441,0.9370904988104198,0.9401030319615378,0.936174212109781,0.9383769584751646,0.9345379512965545,0.9312787555935387,0.942803423594495,0.932796635335403,0.9395113348771591,0.9300131179432807,0.9395671956450989,0.9356538500686731,0.9384235415232227,0.9331944735570085,0.9276849594588953,0.9351073863076568,0.9384600595977489,0.9338868466728326,0.9408177294079902,0.9283626145554564,0.9291744334076729,0.9317825124203883,0.9324152138413199,0.9420455124331266,0.9449451691367283,0.9389074240554278,0.9405887767967429,0.931621878885617,0.9284501042930693,0.9422240371285172,0.9326400129878616,0.9294473271644204,0.9351758032237968,0.9426136696284764,0.9350132444384126,0.9354575398268423,0.9385141326239921,0.9418641429890965,0.9317464582049539,0.9303872474320882,0.9328213319105216,0.9405991674379055,0.9453631068413374,0.9359050124951312,0.9336546955634445,0.9334632407942968,0.9341564984247706,0.9365407421142207,0.9408329282344142,0.9349574496173086,0.9332615991555616,0.9447490114911121,0.9370342338433827,0.9343282896417658,0.9324591867249034,0.9366594940008932,0.931990246662183,0.9391032278577752,0.9409858413947669,0.9421465564610906,0.931546947206326,0.9394139613397957,0.9378034361034481,0.9333893938983179,0.935910942981589,0.9326574529596943,0.9379549189536681,0.9336138233615122,0.9355158270957291,0.9387039612412488,0.9340440289133867,0.9342944028262183,0.9370817459103102,0.9371142170773233,0.9402762540027487,0.9367259859326758,0.9403470392367128,0.9402087845450304,0.9366489984968399,0.9314493504356741,0.9332552525800776,0.9393253955280523,0.9376932818806574,0.9318023844105104,0.9408504967374488,0.9363081444070371,0.004421086227783764,191
165.2534003973007,112.6641004506988,0.24806554317474366,0.2482843649761981,0.006522891161423848,6,0.8875034670231838,2,4168,0.6414025655083238,"{'learning_rate': 0.006522891161423848, 'max_depth': 6, 'max_features': 0.8875034670231838, 'min_samples_split': 2, 'n_estimators': 4168, 'subsample': 0.6414025655083238}",0.9462768998696806,0.9521292963576606,0.9624579515391409,0.9544947992953325,0.9550978684656001,0.9591178290731628,0.9535726575166252,0.9558019950660113,0.9452683510448717,0.9534966480644413,0.9591896693672005,0.9477858599081175,0.953975189010054,0.9555624456300759,0.9570722505529751,0.9564691728681505,0.9575861602641025,0.9543380320374036,0.9522501410139034,0.9509820418476246,0.9493398058388712,0.9568608103084614,0.9505407264696358,0.9556126222177096,0.9548578307404498,0.955043617658157,0.9547089053676463,0.9549248047310044,0.9526756078562078,0.9407417657987247,0.9551426944554393,0.9543547565000247,0.9518528478227483,0.9549897678796474,0.9519373435018436,0.9460514169793706,0.9506530314393573,0.953851305117731,0.9571400143035059,0.9601129006346075,0.9547073866040686,0.9593071017027351,0.9512865687663636,0.9465819668551497,0.9575455315661734,0.9528143415569108,0.9473627510040576,0.9546869926928869,0.960333647631076,0.9492341153765151,0.9547122893277701,0.9565073657867811,0.9581015629544973,0.9531027386442231,0.9445994846561544,0.9511571497048696,0.956267141575131,0.9589338864653664,0.9551247880282664,0.9494855612622959,0.9503571281776358,0.9566717716014264,0.9570224220565653,0.9550061094183177,0.9551274418897137,0.9558744777629893,0.958501364091398,0.955235252525073,0.9555690188697433,0.9487828972680956,0.9532059492017465,0.9526831817857271,0.9542079385420015,0.9532480394216153,0.9575698511181256,0.9530740906879347,0.9569168715835297,0.9566338478814363,0.9524834992180027,0.9539915625618767,0.9510277409632332,0.9547495103611582,0.9554315575693175,0.9524091725915601,0.9553742049002152,0.9542033621737138,0.9534808933078199,0.952542913013834,0.9571036845704166,0.9567451875245413,0.9509539127963517,0.9582242728885287,0.9548007704148836,0.9571071939893661,0.9486167916499595,0.9535231192796967,0.9566793768669333,0.9556612766411784,0.9504880376850638,0.95737272062172,0.9539482862204701,0.0036742406924431307,22
129.8708832526207,96.80582980705664,0.21921275854110717,0.21114178297527295,0.07119600820859484,5,0.8676183982308356,2,4168,0.5920062724810127,"{'learning_rate': 0.07119600820859484, 'max_depth': 5, 'max_features': 0.8676183982308356, 'min_samples_split': 2, 'n_estimators': 4168, 'subsample': 0.5920062724810127}",0.9448339392376432,0.9519406077347433,0.9605610792706434,0.9524382052489121,0.9552644752906099,0.9566338846574199,0.9525665024958785,0.9547827360682029,0.9438292411231067,0.9527647454940213,0.9568623282289573,0.945781467452438,0.9521319797503407,0.9540377825907462,0.955904839504116,0.9548802796238516,0.9568702034996242,0.9525008673126898,0.9514207563252107,0.9470754590702026,0.9490002337799707,0.9542874484247376,0.9508542957374381,0.9522030984101588,0.9543057221276787,0.9547601455159759,0.954593773983369,0.9538116629240206,0.950993737529707,0.9424263477915992,0.9515191169881421,0.9523216900552878,0.9506597215900919,0.9532419628789917,0.9506737026613471,0.9428960059295417,0.9490858731435147,0.9539013091178475,0.9573437869481193,0.9590697225777868,0.9540025935374638,0.9575708704812403,0.9500587022713798,0.9468954783737504,0.9578088596353378,0.9521198160879659,0.9461749929759327,0.9530842393174064,0.9588067347377668,0.9504345883343114,0.9523471010305716,0.9547779886464581,0.9568600701322804,0.9507023987282349,0.9440858877282384,0.9511134272942108,0.9562417404942102,0.9556374902132587,0.9529332072146013,0.9491489167278891,0.9502394901540505,0.9545519938093717,0.954917828387033,0.953593888789217,0.9539723316547444,0.9543096422661979,0.9559411170302677,0.9541390220462457,0.954607748285295,0.9507971977797506,0.9519348547629608,0.9509809027923938,0.9539481217091192,0.951623281847787,0.9570100089048448,0.9508340155711298,0.9546161448003145,0.9568530822933439,0.9491109750415865,0.9521601175721904,0.9493073250354339,0.9538141679502127,0.9528601769468482,0.9517026672550847,0.9532296341397944,0.9539693398824602,0.9510330103200751,0.9511693263981256,0.9552865486304751,0.9553370816355866,0.9504396678200414,0.9564402240793187,0.9541317993367237,0.9565650189083933,0.9484788529325724,0.9527079291148415,0.955609935475859,0.9552400320850639,0.9494800783840207,0.9543729804963503,0.9526915340438232,0.0034890086973750466,52
122.9039951634407,94.75361939345203,0.2634046816825867,0.27045592318938544,0.05254804063459852,7,0.555232056620986,2,4168,0.6995843237115383,"{'learning_rate': 0.05254804063459852, 'max_depth': 7, 'max_features': 0.555232056620986, 'min_samples_split': 2, 'n_estimators': 4168, 'subsample': 0.6995843237115383}",0.944660191574567,0.9519567762166261,0.9608121888920095,0.9530122217468251,0.952639021463176,0.9588078430059146,0.952692962830725,0.9546423776175869,0.9445764836775797,0.9525776919373727,0.9585098995148263,0.9457982582106494,0.9535821281642546,0.955537938293596,0.9569130405750317,0.9562549545043473,0.9555335926018208,0.9521500852340306,0.9518790657466518,0.9496490703104453,0.9489804890593464,0.9564484448075415,0.9504951521087194,0.9542264940629459,0.9543650742489976,0.9532295672469092,0.9534730544799216,0.9536621897851164,0.9496829773503518,0.9413404406186519,0.9531355694027919,0.9513493501817366,0.9508774883397204,0.9537317232399363,0.9488960457038159,0.9460496688643152,0.9512890133469376,0.9527304233989988,0.9560644546950254,0.9598125058412057,0.9558242192083394,0.9568326971322467,0.9502378968597551,0.9446938077937215,0.9566176419178055,0.9523056627023785,0.9472729002654076,0.9543538971856115,0.9600457459131762,0.9494260284115708,0.9534354830725533,0.9546407161166063,0.9563570485722757,0.9520607113800584,0.943857002466449,0.9487360972670602,0.9555120243746591,0.9581637788806415,0.9532452245336187,0.949225498660205,0.9508530985966858,0.9562359734263319,0.9545591375992231,0.9529783960790358,0.9528861250729569,0.9543926224821451,0.9580195506768551,0.9537980127054309,0.9552528782428386,0.9489455710413787,0.9524602292857542,0.951232209529707,0.9532326393990128,0.9551182596215777,0.9558561209272515,0.9514982394708003,0.9562984122020138,0.9545693540709596,0.9523310758079384,0.9532958802288792,0.950848825450819,0.9538326707666289,0.9547131307156401,0.9506991050913631,0.955706776749373,0.9537114834707202,0.9529868055714041,0.9524465975118809,0.9561854236686713,0.9554107672601696,0.9519220433530984,0.9558294855517158,0.9542651654908986,0.9573589071598386,0.9487017297787574,0.9528239328371623,0.9555940526106423,0.955107732818569,0.949494253262804,0.9572795793320678,0.9530360225653416,0.0035940337381525937,44
117.16735285282135,87.49806505976527,0.19942615032196045,0.21038505626227375,0.09665032406866822,11,0.7972056875068445,2,4168,0.7531245817062069,"{'learning_rate': 0.09665032406866822, 'max_depth': 11, 'max_features': 0.7972056875068445, 'min_samples_split': 2, 'n_estimators': 4168, 'subsample': 0.7531245817062069}",0.9345354798856913,0.939711910684223,0.9532098204758124,0.9435350225956047,0.9430602688271905,0.9488050360024813,0.9441507700839903,0.9439339663550441,0.9348870795206836,0.9443999259055461,0.9495945102212318,0.9358864037753962,0.945269998866824,0.947497878529856,0.946802043425056,0.9476631529927528,0.9478787685614548,0.9481858659556073,0.9451956778799565,0.9407445899007971,0.9396932701002902,0.9504627315627953,0.9397191429804606,0.9460621594344671,0.9459087799097241,0.9460732938210323,0.9450663024631282,0.9445017947221478,0.9413724075083288,0.9299553371420338,0.9460680554576857,0.9426346349724544,0.9384810013358377,0.9452061001481284,0.9356370036108649,0.9370510660198953,0.9371064989286099,0.9414636008770279,0.9494985856992065,0.9479743416796116,0.9451861415888667,0.9486602244823001,0.9428714814635815,0.9346998547193072,0.9497791456892493,0.9438724995977626,0.9321329189036197,0.9459255900069167,0.9504143659347586,0.9412799317479266,0.9448121393767636,0.9435575691342525,0.9483956335524736,0.9420364735983914,0.9341954402220525,0.9371959800473038,0.9481362203563792,0.950731904062152,0.9453315657834716,0.9360210034264107,0.937611832218556,0.9424862043686388,0.9458592632600209,0.9470787438058984,0.9426061314460074,0.946328003947617,0.9516005090694555,0.9433247239471665,0.9485711306646347,0.9395886451044052,0.9429021708019586,0.9425669927201645,0.9437947390989976,0.9439755157708171,0.9474647416160191,0.9442407114777002,0.9469913094826541,0.9488264855760966,0.9440287261848185,0.9416085416517023,0.9400785736555206,0.9441334843676242,0.9466885514936146,0.9447083141986424,0.9438255134606466,0.9428772164297217,0.9438133309060597,0.9443746410578299,0.9442594164714617,0.9475364065093548,0.9377405696042432,0.9503854238864322,0.9443101700450836,0.9463056252107664,0.9395381169575864,0.9447432631746332,0.9471025536463573,0.9446853848017849,0.9395554778069728,0.94861263987204,0.9437685015828259,0.004544734033218673,168
174.0122986960411,115.92078833710258,0.43113609313964846,0.43223041520560224,0.00927551194363054,10,0.5394367958987355,2,4168,0.8499552094674621,"{'learning_rate': 0.00927551194363054, 'max_depth': 10, 'max_features': 0.5394367958987355, 'min_samples_split': 2, 'n_estimators': 4168, 'subsample': 0.8499552094674621}",0.9404904740313189,0.9489248477813348,0.9597692333522854,0.9505853460645598,0.9500175484187197,0.9555897697984638,0.9503011746283134,0.9521680784617932,0.9416881617564057,0.9507668036322237,0.9569765451821097,0.942700646577583,0.9520212568353215,0.9531206369581438,0.9542237693860252,0.953573873609344,0.9547321253331857,0.951437368488963,0.9510344203868891,0.9466302860265099,0.9446734530230898,0.9554257757951575,0.9482691211109342,0.9535548100046327,0.9522793312956582,0.9519893897271184,0.9492303146927591,0.9524118745312542,0.948219098032191,0.9387477915475873,0.9524423739541207,0.9487312675073886,0.9479349665251267,0.9532631731093778,0.9457916989368618,0.9439281056126172,0.9477049465541687,0.9507805734543369,0.954890557225774,0.9562303720577943,0.952277591762026,0.9563176587122896,0.9493845308310018,0.9426490670145763,0.9549531706237452,0.9492827984767264,0.9432959256664326,0.950180592848188,0.9573194279812394,0.9475679232278668,0.9498529692429721,0.9532659431370304,0.9549914507219852,0.9498575740419448,0.9403481384421638,0.9447408671537355,0.9550848314335537,0.9573904804454183,0.9513615926255898,0.9455757554512004,0.9485382897476298,0.9520879734297889,0.9533645110665665,0.9522525653745301,0.9514537805579475,0.9530920029236666,0.9561032934269494,0.9505731397400663,0.9534396537748336,0.9458287908944495,0.9504926472617798,0.9471054441013561,0.9511731357565437,0.9528441523546041,0.9543904776233727,0.949428855058919,0.9534107676743057,0.9543267662206655,0.9505981523880759,0.9504225556798438,0.9473023962926733,0.9531447104902412,0.9525468652653194,0.9487007636963314,0.9524017129550199,0.9510323888528811,0.9506563438751691,0.9514679261732922,0.9535254409934903,0.9526055335759678,0.9477631391987379,0.9552859997818457,0.9518124945943174,0.953125145044198,0.9469810315213083,0.9489645756624067,0.953275540340802,0.9518987959194288,0.9467340955156058,0.9549255718623991,0.9507402707791447,0.004003458334205267,84
185.6987411928177,119.2557594499559,0.22704195261001586,0.22549306633205116,0.03549340267615612,6,0.7033526623896479,2,4168,0.903190524455998,"{'learning_rate': 0.03549340267615612, 'max_depth': 6, 'max_features': 0.7033526623896479, 'min_samples_split': 2, 'n_estimators': 4168, 'subsample': 0.903190524455998}",0.9463560622117285,0.9519175855686623,0.9615497767728023,0.9534371306672774,0.9544366894717226,0.9587278377117188,0.9534327396998329,0.9549711091019583,0.9447043857683763,0.9531439905064556,0.9595044139865787,0.9468842480334823,0.9539610650316505,0.9548554774731922,0.9572226046692239,0.9564003994570374,0.9572683521761882,0.9539061767811879,0.9537402596027815,0.9514870250483246,0.9484892915423913,0.9560202911183575,0.951330465253588,0.9555077759654884,0.9543319631517375,0.9546184187826875,0.9526681613906378,0.9544853735670207,0.9537778494560984,0.9413162380986363,0.9554431180899523,0.954428384670316,0.952138262979652,0.9563533146813632,0.9528723032534772,0.9485069084964064,0.9512316785684353,0.9542767812251662,0.9570103180330758,0.9598927132561375,0.9553293809763598,0.9601878627364453,0.9515300199013101,0.9469380367887724,0.9582148636882895,0.9517178813808338,0.9463346478397888,0.9541471120421102,0.9596730982303949,0.949507477823953,0.9532151289589919,0.9568610087396904,0.9585277142183589,0.9528598025829133,0.94378716426107,0.9515105283622379,0.956303676108674,0.9598907809516376,0.953237150271353,0.9501042946151917,0.9508892610352534,0.9554233153295421,0.9561365911842181,0.9545145106876864,0.9538096621171603,0.9549656495697689,0.9585428805798036,0.955381300466288,0.9552467465309296,0.9496112793021798,0.9534274564470414,0.951734801354246,0.9547758372057064,0.9529565636204255,0.9567485110580103,0.9531502236460871,0.9564896978516216,0.9564030000311851,0.9536226182463158,0.9533311174692797,0.9506868845838348,0.954436549179565,0.9545600573294496,0.952756882015339,0.9547801080523849,0.9539210738887176,0.9531843730246966,0.9519660498268875,0.9568781945263795,0.9573351754631383,0.9518855431249408,0.9575654918467457,0.9537888855771203,0.9569775986712078,0.947124866123276,0.9532015579339888,0.956710974622243,0.9570267442106067,0.9492128741922143,0.9590654674300224,0.9538271094715468,0.003656846217245177,24
87.42460057735443,64.80286999310178,0.11292777061462403,0.1203499516997543,0.26046422714545997,9,0.7414531099905806,2,4168,0.9447697790075458,"{'learning_rate': 0.26046422714545997, 'max_depth': 9, 'max_features': 0.7414531099905806, 'min_samples_split': 2, 'n_estimators': 4168, 'subsample': 0.9447697790075458}",0.9308375859116544,0.9365098461234054,0.949560597863416,0.9406453185374789,0.9412315212508043,0.945761013165486,0.9427491594971438,0.9381704664194259,0.932500603450401,0.9402644356324601,0.9449379522805306,0.9347557390801038,0.9442973370483362,0.940414281529503,0.9461640330708989,0.9440971752558808,0.9435766515367661,0.9380768692267292,0.9375168286889821,0.9345814244869426,0.934989597083519,0.9463643505513903,0.9387437176804695,0.9421188065454412,0.9366164233874953,0.9372775463557961,0.9374148331554877,0.9397824250494152,0.9405360378296508,0.921709872110555,0.9385753605767774,0.9398938685506976,0.9359609431608015,0.9410864101988701,0.9338733495711568,0.9367963138752032,0.9338547861759516,0.9395389537326716,0.9437648812743669,0.9452250654874711,0.9409523938422876,0.9463978873675091,0.9370082167433122,0.9261277902684872,0.9484616842662984,0.9365947745032791,0.9340887495020643,0.9432232769376472,0.94558594113114,0.9346276781968361,0.9442838929870291,0.9389713578531904,0.9450754823842951,0.9400292023915474,0.9294282975859609,0.9315720112753196,0.9435817015043677,0.9461760156110162,0.9422980857246251,0.9337515209998114,0.9367320881884083,0.9396744250186233,0.9429062065398119,0.9400502244655949,0.9420595944517957,0.9418870528524916,0.9453431638483915,0.9407034324659669,0.9401669065072576,0.934665508733363,0.940744721534706,0.9362976742340992,0.9423358748960252,0.9432462679490506,0.9435352901238501,0.9378582535355319,0.9442677125776227,0.9420376959759855,0.9375909775696144,0.9388848395184256,0.9373795474080542,0.9414843082124652,0.9412172095902767,0.9402603211478522,0.9438087498544417,0.9417439389838788,0.9390054425975535,0.9392260213682017,0.9437061185036683,0.9426871577560122,0.9336454229381937,0.9450814416549439,0.9432590521521996,0.938570091335584,0.9359857615241342,0.9405278553476207,0.9400912419051166,0.9433193727210061,0.9332300258913397,0.9460311735570487,0.9398025650892177,0.004688046517696659,178
76.43537710428238,65.73730131965766,0.10646518468856811,0.1131822662747201,0.3448534842958974,7,0.7469708979813408,2,4168,0.7976520951608117,"{'learning_rate': 0.3448534842958974, 'max_depth': 7, 'max_features': 0.7469708979813408, 'min_samples_split': 2, 'n_estimators': 4168, 'subsample': 0.7976520951608117}",0.9304021901947938,0.9360750206795481,0.943010092747534,0.938526220966557,0.9425497290674935,0.9441784443184456,0.9365259862996056,0.9355892109323353,0.9322884882785588,0.9380792776517521,0.941807341519828,0.9205400068594363,0.9378508076386306,0.9400308540087982,0.9415280515958286,0.9395917347443488,0.9340753573606584,0.9359229538794742,0.9338355359171884,0.9356856097201168,0.936391472182337,0.9457038208708579,0.9374746148959741,0.9364551212672202,0.9403467896155425,0.9374330723019961,0.9380808483715452,0.9406231801870555,0.9370142583798671,0.9198270196921945,0.9359946514084072,0.9385316689397056,0.9341238472438909,0.9389741659855808,0.9380771017298193,0.9253522751725175,0.9292792673901932,0.9394469574737799,0.936736774635607,0.942969889742737,0.9352377913956427,0.9392028343488443,0.9328601824270921,0.9276908701068173,0.9426906086195166,0.932421324065085,0.9259342503670878,0.9387396396849103,0.9453719718213438,0.932806407434772,0.9377092672454894,0.9420392590105386,0.9415768304088272,0.9336577293885224,0.9249183853617794,0.9355186029235996,0.9432690259291692,0.9404627071642688,0.9383597513301731,0.932015957451453,0.9344049634575954,0.9361394719940512,0.9385551751305269,0.9424599995848091,0.9362990449431303,0.9413665451567743,0.9394824343110796,0.9349291697903771,0.9414296468433918,0.9351212910356951,0.9357962210534337,0.9340674417255694,0.9333276495116662,0.9364326532805258,0.9397541535790017,0.9341265204853314,0.9415316591072821,0.9377518619213496,0.9374735602001623,0.9354315641917694,0.9337169774445611,0.9394230070324443,0.9419643120845222,0.9323330652276316,0.93839452701383,0.9404589895742547,0.9382653401901719,0.9335357917514135,0.9381520145453432,0.9393816367285535,0.9362254419114031,0.9434575113952371,0.935820477083888,0.9287462498532295,0.9352513830972529,0.9325525346274833,0.9401411296918979,0.9397238932566035,0.9330275452584601,0.939643788932076,0.9367550975235646,0.004774240023615606,190
108.67896347999573,75.53234658196952,0.3960746932029724,0.3798514658850042,0.06490559761248617,11,0.5775595837564829,2,4168,0.5992224926594548,"{'learning_rate': 0.06490559761248617, 'max_depth': 11, 'max_features': 0.5775595837564829, 'min_samples_split': 2, 'n_estimators': 4168, 'subsample': 0.5992224926594548}",0.9381569923819033,0.9469625718143133,0.9586635040672811,0.947975589874311,0.9478337978573761,0.9511480821656535,0.9471503184471732,0.9472005313133118,0.9382462421213906,0.9468080662006956,0.9545752455897858,0.9399518041318503,0.9498719329434816,0.9505693048373076,0.9501492268880329,0.9518240759585876,0.9522310034270893,0.9478262640964457,0.9478627295604363,0.9430904066992338,0.9434180298491213,0.9509537434451508,0.9429295793872096,0.9493614399866084,0.9496862031606347,0.9483271705850059,0.9461987131276219,0.9489454277470865,0.9444835502677129,0.933710457678584,0.9485788118074587,0.9456863544570921,0.9461510561672827,0.9493864995886462,0.9425151040352113,0.9413558164209271,0.9442005268027125,0.9484674043557423,0.9527147135109314,0.9548546849776727,0.9510048560985758,0.9513866181466434,0.9454810842364103,0.9394801395537167,0.950307354896069,0.9466421375202306,0.9405096407973847,0.9466944148808992,0.9539053917376245,0.9460205085674056,0.9469444161357019,0.9500576684989376,0.9522992101466746,0.9452591451688279,0.9344796845249564,0.9421078459937254,0.9508061468563513,0.9528499797524466,0.9504589225214167,0.9441812663573073,0.9447778846839957,0.9487795253065002,0.9495185525824291,0.9474509141216297,0.9483454304404729,0.9484554089947399,0.9504918294636457,0.947024571492639,0.9501130712823459,0.9418853968003214,0.9460345479269319,0.9440551366206325,0.9497919274895765,0.9498964776504243,0.9515474552339923,0.9483656950118525,0.9486428102800994,0.9509138669916092,0.9473494888483227,0.9492573286894784,0.9465662563792202,0.9504594007707288,0.951160399405847,0.9465688215099151,0.9498847987297814,0.9474949309257237,0.9469121423024635,0.9472195938947818,0.9495930776868315,0.9504147619083001,0.9432317946478879,0.9532752331941089,0.9490425502993102,0.9500602031740517,0.9457541191300308,0.9465471764107245,0.9497372491460923,0.9493874937381444,0.9425944026442908,0.9534403383430681,0.9476294147427834,0.0041389169068205825,133
389.5191964626312,180.69380203439994,0.307481586933136,0.3094311367684725,0.0456889069406599,10,0.8552191987714499,2,4168,0.9446991994527814,"{'learning_rate': 0.0456889069406599, 'max_depth': 10, 'max_features': 0.8552191987714499, 'min_samples_split': 2, 'n_estimators': 4168, 'subsample': 0.9446991994527814}",0.9325889874895862,0.9416956319872459,0.9538383695242629,0.9460711860425415,0.9449034938620888,0.9488998879768932,0.9457405495448262,0.9467550003361592,0.9353688154490757,0.9456707584801095,0.9523247605633379,0.9369068065368183,0.946630889023335,0.946229889548273,0.9489006553891483,0.949074447107796,0.9485847606130052,0.9470633597696756,0.944573134369481,0.9394843611926661,0.941170422396467,0.9522743149330588,0.9411765431024424,0.9466324709750708,0.9430826191915793,0.9484501407997225,0.9433310390521763,0.9466584352266003,0.9412792936722607,0.9284579446768291,0.9485289407664276,0.942805953781095,0.9404167641817024,0.9460926203877551,0.9347145853410619,0.9391044791179596,0.9403363327023825,0.9462489762778469,0.9510275278714405,0.9525523723508761,0.9489215673193644,0.9521327993041729,0.9434075127150984,0.9352106656685161,0.9488906262030553,0.94297059820843,0.9340708825800023,0.9444177841530547,0.9527530803983384,0.9402584134584581,0.9461237081388837,0.9483471102054891,0.9483330660039109,0.9446225635223943,0.933193452969036,0.939815667331445,0.9497554912639304,0.9536015872660996,0.9452265142510404,0.9402277211247085,0.9396974821106012,0.9456108766705923,0.948675942359499,0.9478289432211375,0.9456239518001196,0.9479173607317654,0.9509078433550536,0.9461222015063087,0.9467500070725707,0.9400552451011884,0.9452635542383084,0.9423527155014648,0.946558383552689,0.9477113759991223,0.9483379994291418,0.9442500702318471,0.9486059169331301,0.9496650313248055,0.9456856863909721,0.9441593313528104,0.9419118457608257,0.9459720101611245,0.9470253857386699,0.944796800310789,0.9462789633160897,0.9448135212754979,0.9437848531920626,0.9456054340968456,0.9468514044501338,0.9479442905757798,0.9409998076573225,0.9505209559192851,0.9440404700469011,0.9465967034988255,0.9409676651827772,0.9448587066732782,0.9473349362562035,0.9453392517764748,0.939585037672926,0.9486220818268204,0.9449355837796827,0.004770851085183813,160
98.35429566860199,82.75649337011886,0.48720516204833986,0.49093977251266135,0.03396898874829706,13,0.42126576896820866,2,4168,0.65184405901553,"{'learning_rate': 0.03396898874829706, 'max_depth': 13, 'max_features': 0.42126576896820866, 'min_samples_split': 2, 'n_estimators': 4168, 'subsample': 0.65184405901553}",0.9378500354182915,0.9449160979539301,0.9579130545698307,0.9493781063695965,0.9473547938414274,0.952538329215503,0.9474766360201897,0.9505314622115356,0.9384793021783077,0.9480259933643203,0.9540252078886755,0.9396501543172161,0.9484509076234127,0.9509014045066588,0.9497721210356459,0.9514435371161113,0.9520321583726212,0.9484557310385228,0.948253811059923,0.942917800623506,0.9415478674361352,0.953360338395493,0.943268489516305,0.9505676181058683,0.9509593727515572,0.949793809089889,0.9477539736928534,0.9499754118074909,0.9478703341493915,0.9367798743259231,0.949687807884989,0.9459174442466451,0.9476199830503447,0.9498992168387487,0.9427072359619574,0.9419022251457647,0.9424890036434039,0.9477547169366902,0.9520854314462855,0.9550507537983364,0.9483230482167402,0.95260801937658,0.9486300306785073,0.9399919167343744,0.9508950281651497,0.9466295539736609,0.9409758246043094,0.9472340275834872,0.9541965121179647,0.945210671807435,0.9465113316648811,0.9496573361663335,0.9502617598051829,0.9460088843903806,0.9387146892985263,0.942376821028292,0.9525312352202688,0.9552365034493469,0.9495886685583116,0.943783379822339,0.944796903588893,0.9485825764033193,0.9492630782635303,0.949318829938932,0.9479516939766985,0.949315954378778,0.9526981683396114,0.9471768012000897,0.9503824394476994,0.9424144938256717,0.946383280603126,0.9450831312361959,0.9495534494078405,0.9511389509445982,0.9525448839588102,0.94735161675381,0.9510286394335706,0.9513688540344186,0.9479185380904687,0.9480200096240841,0.9449591551658989,0.9506997994409323,0.9500191357704673,0.9457944396263719,0.9492278160218749,0.9488160140226842,0.9480391263536091,0.9486649951051211,0.9517667294300568,0.9488650396006456,0.9444709036622991,0.9521912435271094,0.9495372730719613,0.9506136694497339,0.9461277042589631,0.946266150984466,0.949675554882139,0.9497393565766502,0.9437846437752533,0.9527768812858174,0.9480105072107358,0.00401243372669841,127
177.80745888233184,116.77282625024964,0.2901578736305237,0.30304990121973224,0.0061065658491761335,8,0.9019117290662992,2,4168,0.6577526762343826,"{'learning_rate': 0.0061065658491761335, 'max_depth': 8, 'max_features': 0.9019117290662992, 'min_samples_split': 2, 'n_estimators': 4168, 'subsample': 0.6577526762343826}",0.9443044312259417,0.9505696775545219,0.9619066641539249,0.9527887263273654,0.9528963164351014,0.9580687070957531,0.9526998601908089,0.9548912104944153,0.9444935190074788,0.9519281805576548,0.9584313178648893,0.9460384000336236,0.953743237574124,0.9554139834948359,0.9561030463701897,0.9555954429224791,0.9570484739418176,0.9544590823145719,0.9524796824772267,0.9486947009148758,0.9481804465473387,0.9574145015133086,0.9492675623970321,0.9555380694840141,0.9535959424093157,0.9537641111568073,0.9530006069472525,0.9542026921123535,0.9500956516330212,0.9403297320525387,0.9541509924685754,0.9521954271425028,0.9505257229731939,0.9543717596599037,0.9486600932763243,0.9464696157546565,0.949162110454847,0.9525495905147535,0.9564345227730022,0.9581978618365586,0.9549980821485238,0.958399478139167,0.9495797678470563,0.9449217906492635,0.956945442312686,0.9520115760988991,0.9435642332750965,0.953052440872388,0.9593150119294808,0.9486281523614843,0.9537181566639006,0.9560032140292801,0.9572862804553821,0.9514813050778304,0.942284077557478,0.9487605318260426,0.9560019677464724,0.9596792290911144,0.9531667397294661,0.948388087255265,0.9495460338546294,0.954141541499099,0.9553305482254334,0.9544503686063801,0.9536885130663925,0.9548991107155866,0.9581169846407613,0.9537346636131158,0.9553201182751715,0.9476789286858822,0.9523697375164889,0.950602641627391,0.9543839103804479,0.9533700290861888,0.9559822731805729,0.9523492733500649,0.9558875940857292,0.9556773889882303,0.9529222510251473,0.9533161890961227,0.951262783377378,0.953260817196207,0.954466621083626,0.9519322143921475,0.9550688170075934,0.9533544607874515,0.9522800575408974,0.9527810514030637,0.955531205302879,0.9557104282067094,0.950084942815192,0.9577850971788379,0.9536216183669844,0.9552929385659237,0.9481586351428437,0.952120479708342,0.955884065204183,0.9543711343979763,0.9491443285858129,0.9564665984874832,0.9529119363339557,0.0038924551150753602,48
30.670457348823547,26.872013049719037,0.054399232864379886,0.059299532947960164,0.3040333734528999,13,0.8509533928476898,2,4168,0.8376554501964695,"{'learning_rate': 0.3040333734528999, 'max_depth': 13, 'max_features': 0.8509533928476898, 'min_samples_split': 2, 'n_estimators': 4168, 'subsample': 0.8376554501964695}",0.9265190670474744,0.925465064325463,0.9394268305100075,0.9266942877925487,0.9331291577372268,0.9293524655202592,0.9308477008752137,0.9336598129520143,0.9167561628996129,0.9282040955971226,0.9347330116248584,0.921016426604261,0.9328592964551915,0.9343387512748331,0.9289372973311706,0.9354015374221859,0.9275907471755341,0.9336268552256105,0.9264544468199318,0.9205805039923416,0.9264026801046263,0.9396693645626335,0.9237653171959406,0.9319758643172605,0.9231599225057239,0.9345786217825142,0.9274551638687829,0.9297395434467136,0.9302996384028094,0.9087713316929378,0.9346327270285575,0.929621138604771,0.9283796365069338,0.9380414393074331,0.9284235757403907,0.9268622704951318,0.9237033462587831,0.9292851132532187,0.9334642676946264,0.934799673966858,0.9304600930900081,0.9366667673933569,0.9283607415492732,0.9206890101655677,0.932249723824955,0.9264483829147998,0.9121916480641907,0.9345236022937382,0.9376822463429855,0.9213254581723158,0.9324615753033391,0.9324301848247708,0.9355490557723309,0.9257299869741705,0.9172738613939012,0.9227974652170517,0.9356999617557384,0.939832424549587,0.9320208751215535,0.920701846365137,0.9217203724668637,0.9269074611816659,0.9378681743482128,0.9297919336809305,0.9307342462436706,0.9309729516356543,0.9340982619951346,0.9267399539501227,0.9336258312428334,0.9225420394009441,0.931308616863076,0.9229819029238991,0.9351125229249367,0.9318281088559048,0.9355548238325556,0.9286879905373379,0.9321169779380678,0.9346053843137101,0.9311276265450166,0.9256900447053299,0.9269128097051198,0.9316559289975979,0.9273580046303977,0.9306262183549061,0.9328640967041164,0.931184670664759,0.925880104347305,0.9280065223195386,0.9323603259101857,0.934211761253626,0.9270655078105325,0.9375236782974219,0.9216468986122045,0.9264195230748516,0.9261895191056159,0.9304057235346617,0.9357062836948876,0.9304217490973796,0.9260115687631167,0.9344271193940347,0.929446123068664,0.005705046218932578,198
133.97948737382887,94.79753448324719,0.6147972512245178,0.6179147380180496,0.008429427624238468,13,0.3504096030600049,2,4168,0.8033879229630425,"{'learning_rate': 0.008429427624238468, 'max_depth': 13, 'max_features': 0.3504096030600049, 'min_samples_split': 2, 'n_estimators': 4168, 'subsample': 0.8033879229630425}",0.9389129324530903,0.9477442283157633,0.9583002726706258,0.9499272633377659,0.9480949168597821,0.9542745095159852,0.94795299292175,0.9498741493109923,0.9404099791783522,0.9486303166690104,0.9543058227140183,0.9420076742253775,0.9492320447641882,0.950768291143319,0.9504672295009652,0.9524748925271231,0.951844266509463,0.9482848758842592,0.9491729073593836,0.9448959085609971,0.9423370675241028,0.9533793265806041,0.9457827282110595,0.9515061251575205,0.9490564883814947,0.9503199633024006,0.9483969579150262,0.9488179300594446,0.9471763906532491,0.9366682727947098,0.9499613329320186,0.9464163644460571,0.9470951550869092,0.9511171643988908,0.9447531014327891,0.942446670139816,0.9448700682807634,0.9475288362176761,0.9528928010014125,0.954445477196336,0.9495125404691568,0.9547241316110082,0.9485813502542156,0.9413140849401546,0.9524091397589105,0.9484288180525335,0.9414042247609616,0.947082595833644,0.9550648088868853,0.9459767081240543,0.9473622849289542,0.9506306645007493,0.9526368297526558,0.9480416984690853,0.939393268554057,0.9433865696015323,0.9533130351313608,0.9544993047378532,0.9506018161441453,0.9431730838721536,0.9453017237944695,0.9497207598297543,0.9508563149112881,0.9503521571857146,0.951132619950082,0.9502364298081525,0.9540795412305629,0.9477226381179603,0.9510150201114951,0.9440215896778893,0.947591542020925,0.9455652189569046,0.9495964513899444,0.9505541401056158,0.9523311684858117,0.9477211229611251,0.9518073904606208,0.9521063920407263,0.9483664848644632,0.9487048962716819,0.9445987340016395,0.9514371507716793,0.9497297764794903,0.9474461391005092,0.9503646084321284,0.9492796144668918,0.9480505539811762,0.9496064586958037,0.9519524840800466,0.9507689235979769,0.9454484755363881,0.9527611720298289,0.9505684481809777,0.951400833478666,0.9444729750091813,0.9471833113926598,0.9510455097896185,0.9502764478633465,0.9440704573946755,0.9534391956744934,0.9487276552665093,0.0038823859774284766,118
109.31424188137055,84.61378462417152,0.20444751262664795,0.2052963213807772,0.011021403932878348,5,0.8360070757116593,2,4168,0.5651090922378933,"{'learning_rate': 0.011021403932878348, 'max_depth': 5, 'max_features': 0.8360070757116593, 'min_samples_split': 2, 'n_estimators': 4168, 'subsample': 0.5651090922378933}",0.946322324626465,0.9520089955615837,0.9621165747232506,0.9546591719262449,0.9557336753541343,0.959646961403394,0.9531534791242292,0.9547008496262614,0.9452486304852047,0.9545454211248978,0.9589247356978664,0.9480555210547883,0.9544391053005337,0.9555946199013285,0.9573143354618777,0.9570905901009338,0.9580963930554749,0.9539035574364421,0.9526821393423262,0.9513462642447407,0.9491157482641871,0.9551248118926255,0.951726548237696,0.9544681327888122,0.9546161523983743,0.9559083706697808,0.9560360771585082,0.9548796736844127,0.9533780107713367,0.9416455599113258,0.9549294789217109,0.9542585882924489,0.9527808665878258,0.9546362060969668,0.9530970326237259,0.9469333808297457,0.9509611103538921,0.9543388500300032,0.9567930009977893,0.9603182182813195,0.954435912006472,0.9595952367102966,0.9505762868009888,0.9467633880018358,0.957241664429031,0.9530125020426529,0.9488076527937342,0.9549970373097014,0.9604976500939605,0.9501262499084516,0.9548013160651528,0.9571366403229802,0.9585449203969926,0.953538580193249,0.9453453918055079,0.9526468666721888,0.9567179156502765,0.9576966328727593,0.9555059246845468,0.9504812284313702,0.9507316763148785,0.9562282162262601,0.9576630441983922,0.9553347949430557,0.9547608321239874,0.9565993646264406,0.9579961395015736,0.956608299946808,0.9555333402151617,0.9495580911590825,0.9540052854939629,0.9530689690051325,0.9547509051060367,0.9518636654553497,0.9576621851956241,0.9522560852795503,0.9576009064085284,0.9571030427476818,0.9529841582347539,0.9537130119494951,0.9512797858354283,0.9549063089591385,0.9548731878115261,0.9528603546489529,0.9548043063206358,0.9542352259880743,0.953733658910801,0.9523386735837084,0.9577886977203388,0.9571709340274445,0.950892030995316,0.9572418981534218,0.9552893851280329,0.9579385514074056,0.9502622011492833,0.95420509683165,0.955824513862641,0.9570790115339128,0.9504553724230275,0.9576498842130685,0.9541684925517216,0.003527634562404485,16
298.61960911750793,140.79806673555535,0.5732023668289185,0.5669878411580782,0.0074391333649686,11,0.8516445599257112,2,4168,0.756642535067503,"{'learning_rate': 0.0074391333649686, 'max_depth': 11, 'max_features': 0.8516445599257112, 'min_samples_split': 2, 'n_estimators': 4168, 'subsample': 0.756642535067503}",0.9385074114854896,0.9438118245790363,0.9568778614852169,0.9473050333844855,0.9467271093952341,0.9512351932943078,0.9472807825382725,0.949156476995383,0.9381804174455575,0.9464497477156585,0.9536341204424783,0.938947485267153,0.9490461259407457,0.9490737690111721,0.9506150789435837,0.9509653294696587,0.9508461001272769,0.9488442373322175,0.9468662371827927,0.9419500811333864,0.9428053353501505,0.9533241426251025,0.9434482855909826,0.9498708722878563,0.9467148617118706,0.9505214687971216,0.945393296186837,0.9492414512154993,0.9433181254336289,0.9323963165100771,0.9494041863274871,0.9447699163917385,0.9430180604930356,0.949582269729661,0.9396803267697106,0.9409791207081345,0.9431915416998665,0.9469686045458202,0.9523073214843311,0.9528131193707694,0.9487462111072178,0.9534769307378348,0.9461194074368225,0.9385942251308058,0.9518751391617919,0.9458692515585464,0.9366017103616117,0.9474652228632015,0.9546137106538235,0.9436624840588956,0.9487899017711711,0.9506344452214218,0.9513176588277614,0.9450137701595573,0.9354370176883657,0.9414542567517725,0.951698682293341,0.9548909695402236,0.9484745044017991,0.9414765424014031,0.9429358618815165,0.9481484360746228,0.9504878345796942,0.9489019281301775,0.947953684028806,0.9494712838568145,0.9533062159784668,0.9472806144558783,0.9498282280270289,0.9411666760386257,0.9474927803788735,0.9438101033898033,0.9485560652396674,0.9487949576295193,0.951712795764759,0.9473814263660699,0.9503515487898203,0.9513737902698954,0.9466054798004078,0.9465524659913498,0.9444813292648258,0.9486597463289834,0.9486679579339408,0.9468215752435225,0.9489973121738037,0.9476998487054924,0.9461254552872385,0.9481005197441055,0.9488474446785161,0.9502408999885836,0.9441897502089491,0.953767093370058,0.9474765965656446,0.9493871739685769,0.9434194766147425,0.9461525157042066,0.9505190214364115,0.9488918243583017,0.9419542295086537,0.9515038858421989,0.947202969221247,0.004460541502189886,138
303.03177956819536,151.9200319099648,0.4610198616981506,0.45229322630054375,0.02815371399170348,11,0.6429816717923086,2,4168,0.9351641896102445,"{'learning_rate': 0.02815371399170348, 'max_depth': 11, 'max_features': 0.6429816717923086, 'min_samples_split': 2, 'n_estimators': 4168, 'subsample': 0.9351641896102445}",0.9366027849353105,0.9430473575710474,0.9553198281933336,0.9448012784143435,0.9428073677812944,0.9496195795367938,0.9450976030038095,0.9474706143678853,0.9358262812358229,0.9450329695024519,0.9524450645582634,0.9377729949422251,0.9468140500597856,0.9479726262013717,0.9478465941083694,0.9495441570237226,0.9487484451096054,0.9469976583945771,0.9454032487636135,0.9412937362141262,0.9402246920463342,0.9515760073890124,0.9423046177178624,0.9485654627155156,0.9441680959827166,0.9495696967799901,0.9440494293619063,0.9477750692616805,0.9425978377322811,0.9297655980129848,0.948858313309778,0.9419758920372634,0.9418920348287161,0.9468349443631966,0.9378001210050361,0.9396030918797929,0.9418709475715288,0.9457808212872311,0.9509834328082603,0.9516951150032692,0.9472004287937981,0.9504791457437638,0.9445564599513783,0.9354865750267378,0.9500043749936672,0.9437316993404359,0.9356502568069145,0.9461720747687541,0.9520856057632738,0.9424676751285462,0.9458233646447729,0.9479877278699476,0.9501983070197979,0.9453188283376792,0.9335233171862644,0.9379884535242576,0.950784662071954,0.9528441448577182,0.9475629448553698,0.9412495918170067,0.9425388762325059,0.944933278814224,0.9492331716996056,0.9465234662073481,0.9463864228435104,0.9486057330804775,0.9521618479870072,0.9454195887401848,0.9468000272960004,0.9409657348887249,0.9436639032247961,0.9418538694243542,0.9463822977463614,0.9483632757086948,0.9498142118465944,0.9458943514330465,0.9477615107015159,0.9492752796333673,0.9458842685143397,0.9454893043651742,0.9430697747496352,0.9462334763099788,0.9453534406576733,0.9440348932053312,0.9471207237050517,0.9445983154115859,0.9448658968601286,0.9442943655150126,0.9467726901685434,0.9478300888215999,0.9424874912575443,0.9510708319529363,0.9456724528657072,0.946604026235493,0.9429736433417011,0.9453500329387711,0.9485571675177472,0.9471046372453246,0.9391199037069404,0.9484064554084785,0.9453894182777717,0.004450729190647663,159
72.9344710803032,58.35351226249868,0.10941702127456665,0.11835547283438323,0.20382351878154142,11,0.7278968822032059,2,4168,0.9081239571319382,"{'learning_rate': 0.20382351878154142, 'max_depth': 11, 'max_features': 0.7278968822032059, 'min_samples_split': 2, 'n_estimators': 4168, 'subsample': 0.9081239571319382}",0.9273070883221388,0.933257263908771,0.949206174013616,0.9394900730197481,0.9356939209005865,0.9431997805361427,0.9390052018616744,0.94147349465154,0.9285664229872224,0.9377772310731116,0.9468470701611773,0.9255293876690022,0.9380097851784869,0.9398717079489656,0.9439660097396091,0.9437900420873205,0.9397754719518073,0.9421206092021329,0.9385914299813652,0.9316713051868731,0.9333156024701221,0.9451047636984499,0.9338976156663766,0.9414966451913352,0.9384539693522044,0.9410192944155381,0.9393158451314204,0.9394200532056889,0.9385252899176242,0.9227677185201413,0.941477444990588,0.9357023223631725,0.9315968136177027,0.9385816691578803,0.930451606267026,0.9339297035807701,0.9320760917054466,0.9379659228049992,0.9445802874329332,0.944991476043891,0.9408299808577044,0.9452030732941928,0.9379073553988273,0.9294428025015771,0.9439916349693592,0.935762151937643,0.9265959477376823,0.9379332482250669,0.9450194123156687,0.9349754711152247,0.9371544876976015,0.9406116129893487,0.9416809276776321,0.9346888528241994,0.9279778161829616,0.9322270435744279,0.9454170943916484,0.944933565695689,0.9409682915421107,0.9338295268075413,0.931150679644431,0.9368386458716724,0.9413035659846849,0.9395113622596948,0.9431707867276847,0.9403773398237039,0.9466143481713871,0.936316166366163,0.9428324337121914,0.9343286624130044,0.938646690982327,0.933538479436905,0.9365957068943429,0.9395057645151329,0.9398410608731648,0.9350672497790747,0.9403557899473597,0.9409191553693547,0.936011409493456,0.9367509053852388,0.9337587919974296,0.9375560536058093,0.9379325659173874,0.9369543656724042,0.9402520087919827,0.938970966655468,0.9354091108066135,0.9401975692931291,0.9376924656218043,0.9374864905070754,0.9366273028513676,0.9443335174763083,0.9357368659743148,0.9408264412783984,0.9362904271208481,0.937498127472464,0.9398000348520225,0.9393593800111236,0.9336865531656161,0.9417533491644791,0.9379876849553773,0.004926614742448798,185
136.977212870121,94.8155332817649,0.5776624703407287,0.5593460974017344,0.033409485011516145,11,0.3525666849014759,2,4168,0.8383691103663502,"{'learning_rate': 0.033409485011516145, 'max_depth': 11, 'max_features': 0.3525666849014759, 'min_samples_split': 2, 'n_estimators': 4168, 'subsample': 0.8383691103663502}",0.9398307409833929,0.9487175824285794,0.9587218281559314,0.949117273934962,0.9477175306191229,0.9545639065150724,0.94909494352192,0.9517858870137368,0.9418946980447989,0.9509278677797282,0.9570021236483436,0.9419862928029973,0.9509356030227679,0.9521045233818967,0.952381252054281,0.9540282217109733,0.9526611830376495,0.9495461443393605,0.949232587110631,0.945204902955348,0.9437570814974275,0.9548843426783694,0.9463852461551496,0.9517674353530624,0.9504077218279819,0.9518342804014749,0.949829039487998,0.9511685712538848,0.947804181799715,0.9383364450429755,0.9511008926770887,0.9491795262011522,0.9492563407685127,0.9514551017528322,0.9468903750136247,0.9442107311114523,0.9451028217656826,0.9494574311262535,0.9539677977430203,0.9549730536598473,0.9508936784373635,0.9558017387004983,0.9485904997332141,0.9408089049522163,0.9534442769353173,0.9497490845767632,0.9441148408588282,0.9491021845683584,0.9559409082711765,0.9465704950907956,0.9490085937650126,0.9513156891639571,0.9541410959328329,0.9492055743446899,0.9414398941645603,0.9467001620345784,0.953948499805438,0.9556880351865307,0.952885150490418,0.9437628561468808,0.9466326088442187,0.9515428244698914,0.9516882547613925,0.9498960431148977,0.9504448889755233,0.9511256500349882,0.9547217352465264,0.9507907483894168,0.9525408251377997,0.9448386959748969,0.948246524031969,0.9478195197359305,0.9507633217299969,0.9523604910583192,0.9536439490965704,0.9479300735681879,0.952328537189427,0.953441675340865,0.9487412362309371,0.9498273874644964,0.9461118081882366,0.9523622023230995,0.9518021926848208,0.9471560757342994,0.9520647538348928,0.9504357575007343,0.9492808546549569,0.9505914961621708,0.9529625545125686,0.9511223006080881,0.9462227938258402,0.954111513822147,0.9519181129444871,0.9534441166647039,0.9465553700641446,0.94783007616935,0.952451694518893,0.9504846035057684,0.9467567707712231,0.9537579812155345,0.9498908369364064,0.0038303602291604706,102
111.64379639863968,76.26436399724342,0.6345607089996338,0.6253216396826154,0.0020833532205690964,10,0.3492504177931109,2,4168,0.7754808866816165,"{'learning_rate': 0.0020833532205690964, 'max_depth': 10, 'max_features': 0.3492504177931109, 'min_samples_split': 2, 'n_estimators': 4168, 'subsample': 0.7754808866816165}",0.9412955747354386,0.950498526863357,0.9605652366882051,0.9519223191471319,0.9503379946330297,0.9565938596151364,0.9504499068653601,0.9528646572172462,0.9432098239210309,0.9515182968673768,0.9569740668844409,0.9439432346985163,0.9516232483664693,0.9540870122269198,0.9533118501548146,0.9545151570633368,0.954676320753567,0.9512169580870314,0.9513707833901075,0.9474273067559598,0.9449645629325146,0.9557407843792233,0.9483429658185565,0.9537563808901053,0.9524562822694633,0.9526128109354486,0.9505700826047876,0.951799629710295,0.9494196871655292,0.9386922235353583,0.9522280089923026,0.95008807426326,0.9489151322715952,0.952998022143508,0.9473524616469793,0.9451457527483861,0.9472144091795939,0.9508161647398664,0.9548018722277339,0.9568152825106319,0.9520566772830118,0.9572719658927118,0.9498444763221242,0.943834554556404,0.9544547119233798,0.9504203310183053,0.944697467672419,0.9498128403304709,0.9572507919298239,0.948763264064209,0.9501938822197494,0.9532727896114612,0.956063309842014,0.9504347675673871,0.942230357938684,0.9460944993794719,0.9550444267620781,0.9568318610462941,0.9530612409646648,0.9462271822131152,0.9481651920163912,0.9528701946918218,0.9528244317033788,0.9522954951276185,0.9525223766536913,0.9527787780322555,0.956254478812399,0.9508559478218398,0.9532555849953521,0.946129851682342,0.9503155651863706,0.9480920766875738,0.9515633781243796,0.9524777297980329,0.9548635883245112,0.949702842699419,0.9537420166353503,0.9546072024490228,0.9513217830548838,0.9506423171811442,0.9474434507230479,0.9540120004482784,0.9525474261050787,0.9497508629362162,0.9529233964548132,0.9516005935534269,0.9509350295022565,0.9516657911335641,0.9539477734145291,0.9528848247212447,0.9486027525674443,0.9555003885227389,0.9525688919811177,0.9541554148349605,0.9480547419874432,0.9502482797004483,0.9529953046418017,0.9520105417595447,0.946674892908228,0.9557051526976558,0.9512050246670902,0.00379013919478479,75
83.66028398275375,64.13704078027693,0.41310848236083986,0.39741349287374483,0.012981694801923469,8,0.3491259690316017,2,4168,0.6864983365330768,"{'learning_rate': 0.012981694801923469, 'max_depth': 8, 'max_features': 0.3491259690316017, 'min_samples_split': 2, 'n_estimators': 4168, 'subsample': 0.6864983365330768}",0.9460197590651988,0.9526843100920497,0.963641764986563,0.9545207420452924,0.9543734197329985,0.9600614137562912,0.9534606174612407,0.9571368959460793,0.9467661096695124,0.9550536249878256,0.9599709933897492,0.9468780187559305,0.95536894404208,0.9577495384796217,0.9568482692893239,0.9570773038554942,0.9582365835219148,0.9543187743294518,0.955119142472888,0.9513472201717148,0.9495544984082439,0.9574871090658005,0.9529771129128611,0.9565104629807629,0.955744258738541,0.956018570722059,0.9543349442439546,0.9553150469698837,0.9538366722399605,0.942620047622542,0.9551451940044015,0.954320115090222,0.9534298923265025,0.9573336119134876,0.9515411219232203,0.9474300975191258,0.9512708638775145,0.9544160607968349,0.9576921639039117,0.9607079968765431,0.9556594380021823,0.960179529572057,0.951943845444454,0.9466204115157513,0.9576404532157585,0.9536794909048134,0.9482044387701524,0.9544508070518871,0.9606959757182689,0.9518600820677096,0.9536146843304512,0.9564357937511349,0.9591519869968906,0.9544295518056556,0.9456869012495264,0.9509522156471756,0.9582364407238834,0.9596510167766744,0.9557363967962409,0.9499415298540598,0.9521016448889797,0.9565798167748304,0.955767383449692,0.9565889310679401,0.9553843157641276,0.9571969272401202,0.9597871746740693,0.9549672818529683,0.9572418308307324,0.9503655220100282,0.9543618110058789,0.9525579963001958,0.9549576971491202,0.9554670410126849,0.958281925468058,0.9527451052112685,0.9577597249393539,0.9580548914874067,0.9547840804632253,0.9551343580975933,0.9517468908233369,0.9570462737391268,0.9558648297912586,0.9517457266101887,0.9573972034752056,0.9553396704323407,0.9555166489269554,0.9547299642503099,0.9573548285924376,0.9572097461799837,0.9526242936700503,0.9582772960263067,0.9562622965564013,0.9582640208866654,0.9512021814069962,0.9535903791976661,0.9567811383857925,0.9556990446648743,0.9516237030263182,0.9592974996158745,0.9547674937432867,0.003652060444269572,10
164.54837423086167,108.87388720592594,0.36592026710510256,0.37843996778408906,0.05018235878175852,10,0.5033597839098564,2,4168,0.767637374814736,"{'learning_rate': 0.05018235878175852, 'max_depth': 10, 'max_features': 0.5033597839098564, 'min_samples_split': 2, 'n_estimators': 4168, 'subsample': 0.767637374814736}",0.9399995573582557,0.9466708539235161,0.9584117881911418,0.9485217565375915,0.9481004252317843,0.9531125205424743,0.9486824379852975,0.950830392796521,0.9412160746516102,0.9497177005338452,0.9550497177675833,0.9416467792500602,0.9500602790602727,0.9512931833783778,0.9538612651456694,0.9516481889522286,0.9525616978047937,0.9500431631440146,0.9502134204226901,0.9445736453927344,0.9436847848977346,0.9541686697452579,0.9477195756114601,0.9501722609321583,0.9532692128513052,0.9514096638833573,0.9493359367381661,0.9512490386992883,0.9466729390635469,0.9359662618382841,0.9514995174099365,0.9478973789553126,0.9467922281911781,0.951643448468236,0.9437118152598889,0.9425154696927712,0.944469347688486,0.9507643978917396,0.9510176272603919,0.9550646451374787,0.9509796308144426,0.954524015214697,0.9477599625008569,0.9402180826031227,0.9532823303028535,0.9467306983729789,0.938385290867384,0.9465692694326474,0.9555836141581934,0.9475368122577232,0.9498620685405162,0.9519735797084108,0.9533434551544526,0.9483145873716249,0.9385312750608963,0.943161192072885,0.9540184691920693,0.954867292154653,0.9506280417148536,0.9413479821937428,0.9459772576574312,0.9501818508977867,0.9513521712955729,0.9494125933034585,0.9508084610309315,0.9499929567496325,0.9543429379541173,0.9482331900073511,0.9520030776185802,0.943853738256971,0.9480875377031065,0.9447177432910899,0.9492945135986292,0.9505273416296248,0.9535614341848666,0.9479993363035556,0.9522343203320827,0.9532177792357976,0.9481584824694322,0.949717602166227,0.9477597700824228,0.9521302445717854,0.9511789436102743,0.9478502354054003,0.9509520181060446,0.9482155223011726,0.9487148778927954,0.9490319782492256,0.9503379880271815,0.9498910672963516,0.947439772486739,0.9528757212236341,0.9502068014691933,0.9517383018376186,0.9441191796980556,0.944826974773529,0.9525950591050509,0.9501976114352642,0.9453144369720009,0.9519001255624733,0.9490380767376788,0.004143413203311395,116
135.12217694997787,88.2606906160765,0.25602457523345945,0.25939358271327245,0.08507111927040711,10,0.7110212559124349,2,4168,0.7929619939213252,"{'learning_rate': 0.08507111927040711, 'max_depth': 10, 'max_features': 0.7110212559124349, 'min_samples_split': 2, 'n_estimators': 4168, 'subsample': 0.7929619939213252}",0.9395043305301353,0.9430633674702469,0.9567188883997235,0.9463212771246762,0.9447392551211082,0.9545328708565557,0.9466971536376038,0.9482606098425204,0.9381141788520824,0.9457711029799998,0.9545057044099869,0.9377142882089029,0.946903134881155,0.9464361695180792,0.9492176624803919,0.9477437885412422,0.9510749734798679,0.9495170271695474,0.9478290971858071,0.9408308374093067,0.9424280963801707,0.9517723524564871,0.943008684083233,0.9493245309862746,0.9458843107951892,0.9478090034032587,0.9450906451142392,0.9498702806405499,0.9445916425538003,0.932679138612463,0.9493288720060422,0.943788525711516,0.9431161783433475,0.9475885404728964,0.9404171175005009,0.9371596002460426,0.9422693048571525,0.9446651212412858,0.9495056276163754,0.9525720624829694,0.9474424326520697,0.9514289545800159,0.9454129188876508,0.9382911809131369,0.9513230708469558,0.9451731664470312,0.9373125525613063,0.9479850158509142,0.9518111361672339,0.9437557720341851,0.9450247607562516,0.9492283156936437,0.9511582723457914,0.9456635404498802,0.9376121076331864,0.9403101095750795,0.9492841892834338,0.9538375746391636,0.9488648312999325,0.9417547336881168,0.9426236163460189,0.9457314115859062,0.9474734614209294,0.9490552709529958,0.9470996252718301,0.948871495194079,0.9515888520458399,0.9459144227075639,0.9502616169128433,0.9397988629870345,0.9452638421652136,0.9424283958202867,0.9476059870258738,0.9483929927223187,0.9488352618543386,0.9440485885656822,0.9490819451401232,0.9498753788500153,0.9460522741047548,0.9456303995885783,0.9427929675652401,0.9473704276752477,0.9499764008807708,0.9456166025699825,0.9472440977946343,0.9466845698593208,0.9460561492031067,0.9484970384267584,0.9490987098735627,0.9480127739872647,0.9441005264780621,0.9498987188126571,0.9484650732644733,0.9487797193599142,0.9429763318192296,0.9462669324117023,0.9499979528147385,0.948236743200878,0.9413586426431375,0.950398937928829,0.9463850300773945,0.004241098991304346,149
303.21505135297775,194.03710919598987,0.3517581820487976,0.3547235488315183,0.042191227357192974,10,0.8664933736160578,2,4168,0.8205886405903641,"{'learning_rate': 0.042191227357192974, 'max_depth': 10, 'max_features': 0.8664933736160578, 'min_samples_split': 2, 'n_estimators': 4168, 'subsample': 0.8205886405903641}",0.9379527245816797,0.9440982475520642,0.9566718860712056,0.9462487866051257,0.9458700017614918,0.9513778057297395,0.947770194633854,0.9497781167770768,0.9374714401477561,0.946607271468591,0.9529672203122752,0.9385654972871499,0.9481566382524584,0.9495627616354018,0.9502950615413268,0.9498340833413514,0.950849675290214,0.9484026671856169,0.9476185579187761,0.9414858057284233,0.9414634485677228,0.9548070047165714,0.9429167583619712,0.9495929187385885,0.9472490875527523,0.9490216226385593,0.9466610740850652,0.9485600973207398,0.9422785081253404,0.9321750064531303,0.9489325478033614,0.9441498115942146,0.9434576403370716,0.9500594305094546,0.9389226462172768,0.9409687537591392,0.9437332251849416,0.9469301672500212,0.951662684912741,0.953110487966017,0.9489280917781912,0.9533594862334114,0.9455122887467496,0.9376744394321073,0.9506654232074768,0.943835822926223,0.9383055168652435,0.9478868441308728,0.9534135773405236,0.9419188832441558,0.9478581685390957,0.9499814532149767,0.9505576218033893,0.9460297488440738,0.9346419689132951,0.9410951212572202,0.952052259692701,0.9549926587146107,0.9482120278355638,0.941492758693499,0.9423527806545605,0.9462420584041026,0.950581953133528,0.9485122215719822,0.9480284920909896,0.9489531424262546,0.9525650988706256,0.947848158467619,0.950214144346594,0.9417128314628098,0.9465798582791213,0.9444149308723294,0.9458791972782244,0.9475023509493586,0.9497369115330708,0.9449897763876078,0.9494008992144877,0.9513536830378471,0.9457216376583871,0.9461486840436888,0.9417846193356378,0.9466691653869685,0.9486760023569614,0.9458176571591335,0.9483739484127269,0.9468572788171625,0.9453935700497562,0.9470926086310926,0.9480287490639633,0.9494204397538244,0.9432455334543736,0.9529691178528688,0.9474641097189286,0.9496872341102014,0.9425740835028564,0.9458580702865627,0.9497311877938899,0.949479841364938,0.9411087174780832,0.9505490929604307,0.9467617136550318,0.004496205961851702,146
78.39277349710464,64.73290487078505,0.1868893885612488,0.1936575354356702,0.019596361764174793,5,0.7118356171625375,2,4168,0.5570183058650567,"{'learning_rate': 0.019596361764174793, 'max_depth': 5, 'max_features': 0.7118356171625375, 'min_samples_split': 2, 'n_estimators': 4168, 'subsample': 0.5570183058650567}",0.9481018289406099,0.9533386266567084,0.9628534790468202,0.9541621581764047,0.955994460066924,0.9595919465434801,0.9535241696055943,0.9550533667221341,0.9464434579446029,0.9538716554151907,0.9587491870086666,0.9481525980954818,0.9551901266377424,0.9562138593398357,0.9574198092091855,0.9575729277423757,0.9576552893530521,0.9539017323886518,0.9540632623809059,0.9522231734481564,0.9492721322227712,0.9561300307227316,0.9531778925601939,0.9557104392634244,0.9563116620272553,0.9557048168297867,0.9554428788453392,0.9554799729251127,0.9536152815700565,0.9433947836432135,0.9549687917782207,0.9563094320061073,0.9536102817348663,0.9559926219719272,0.9533520046965707,0.9470367824106428,0.9515058068048773,0.954834152833816,0.9577372159725708,0.9614632597284593,0.9560902209141843,0.96013786887498,0.952196361765178,0.9472924425881974,0.9577407900013839,0.9536602418968604,0.9490276775830125,0.9553970870263342,0.9614769285397973,0.9498274987170636,0.9555580939859638,0.9571505664596942,0.9597794566851954,0.95478700762018,0.9455661121909076,0.9518904929228399,0.9569803205755288,0.958232140375651,0.9562140620769118,0.9515180112520956,0.9518621975409384,0.9574163645827861,0.9574259929196219,0.9555177788699634,0.9548049121886251,0.9575464039747182,0.9581852134561996,0.9564589001478603,0.9557005212240218,0.9495308261973144,0.9559558890184154,0.9527528381183037,0.956049405418976,0.9530871146813831,0.9576068431734056,0.9531042069388288,0.9579181033662763,0.9577554578872401,0.9546267762068442,0.9549304488398949,0.9518693619002958,0.956265190538579,0.9559404515481359,0.9528793326499648,0.9573581539050021,0.9544046280778723,0.9543749155506186,0.9527820649544594,0.9580255425263943,0.957427748452028,0.9518936816155578,0.9575440924502724,0.9549293461119727,0.9587325041095938,0.9494195205335219,0.9537071363154295,0.957737520412697,0.9580333377074136,0.9514710123787262,0.9581898274079614,0.9547687230122055,0.0034987327493771286,9
141.61926775217057,99.25269269877585,0.17204442501068115,0.17468256006759555,0.2340122487288133,5,0.9108532992161238,2,4168,0.7032214942097962,"{'learning_rate': 0.2340122487288133, 'max_depth': 5, 'max_features': 0.9108532992161238, 'min_samples_split': 2, 'n_estimators': 4168, 'subsample': 0.7032214942097962}",0.9326976374982352,0.9455882839559134,0.9542556667017715,0.9429233807087378,0.9443313479902437,0.9498394556640526,0.944040850850532,0.9441944457945025,0.9370622620585226,0.9445412218839565,0.9483911248101675,0.9368084473207624,0.9466027567643281,0.9436160940917135,0.9498655233252097,0.9468289240358525,0.9488365409491158,0.948084826577682,0.9424326261269934,0.9379176453247501,0.9405526391601264,0.9486796254154382,0.9417244791563528,0.9469511940392977,0.9443366045890779,0.9455641511704623,0.9441092419331488,0.9501357024958768,0.9429254361649653,0.9281369898436005,0.9443721109812541,0.9448742977053922,0.9435438598302328,0.9464463253802301,0.9428443590843998,0.9371452476827722,0.941694525294675,0.9463233038360909,0.9489361055082247,0.9498551422823114,0.946444366343934,0.9513703940253269,0.939936949085231,0.9376030586991324,0.9464720895519169,0.9461755030111318,0.9375604998045046,0.9467121495455112,0.9526587303171637,0.9421873911297786,0.9434737142881873,0.9489242296093888,0.946136986913533,0.944170184221246,0.9369572862546355,0.9417069194948364,0.9471382197402236,0.9472596589177118,0.9449756504054712,0.9435294971449302,0.9414910605977543,0.9487730936408164,0.9451967889742507,0.945948945676794,0.945661490441053,0.9459223724246929,0.9487234806474825,0.9474500203178849,0.9457593757235256,0.9393018926024141,0.9430019705380324,0.9427202287705428,0.9458043144727684,0.9402236017338476,0.9448030235290267,0.9421238577761033,0.9473225781910285,0.9500580847186594,0.9426419105800886,0.9459195913856386,0.9444065873283147,0.9454270864364724,0.9459308311005741,0.9434206106771652,0.9444157660153703,0.943375582377356,0.944899302363061,0.9443618871147428,0.9458203934482583,0.9497064836458982,0.9411992441255423,0.9492511632576509,0.9455938548488182,0.9461102221401825,0.9427675703306173,0.9419388233557374,0.946256398102061,0.947801743457743,0.9396121827076133,0.9490348159888284,0.944595821140552,0.004054720700588464,165
65.25344889402389,57.67110780154316,0.17862185955047608,0.1863378174479406,0.13043355075604016,9,0.4673282703934972,2,4168,0.7144545453910219,"{'learning_rate': 0.13043355075604016, 'max_depth': 9, 'max_features': 0.4673282703934972, 'min_samples_split': 2, 'n_estimators': 4168, 'subsample': 0.7144545453910219}",0.9393768672092071,0.9465855523582007,0.9578494094657389,0.944719564618784,0.9468956666639737,0.9501750875408187,0.9458432354316776,0.9444855676993598,0.9356455356861006,0.944722042880813,0.951191414841405,0.9380430668593922,0.9479974633877091,0.9489311145849084,0.947850655862308,0.9488127768224521,0.9471421185399962,0.9490746313659862,0.9459906592250908,0.942917236526673,0.9416706524916651,0.9543486199506155,0.9423447325325535,0.948638609087535,0.9458336225958182,0.9461792444767799,0.9476312812086947,0.9496838998234329,0.940066602430762,0.9370880742766958,0.9476046703651476,0.9433002442649093,0.9445648114229687,0.9497414337184716,0.9410685900371166,0.9404652768353702,0.9416913879878367,0.9456728043598731,0.9495976028237152,0.9518173324279302,0.9495288912809472,0.95357714636374,0.9444244719096483,0.9380648039750464,0.9505624671489656,0.9430241236939173,0.9401036913208001,0.9485809878645014,0.9533746236760094,0.9445116132261353,0.9466845081048212,0.9491715952272785,0.9501843271614917,0.9462257425613971,0.9338478643594748,0.9396527963093733,0.9508700087843239,0.9533241525750314,0.9466324563854358,0.9419875100010802,0.9446389358334454,0.9465463576201844,0.9467893522256539,0.9478023516544777,0.9447014333258746,0.94788582641295,0.953144931051112,0.9449881226159272,0.9486808493933253,0.9395675396500671,0.9457549150839035,0.9442083224482898,0.9463210769518414,0.9469705112432705,0.9491876507133453,0.9435979659616867,0.9502984921706056,0.9523017894579142,0.9447975231376966,0.9489650413969175,0.9445868932462685,0.9471846598554488,0.949100610146997,0.9427120575727334,0.9494986251143076,0.9466798454870315,0.9451483367099096,0.9459716443357271,0.9502092727286187,0.9499691290437341,0.9460013834806124,0.9530635407817568,0.9467868927511427,0.9484982823183367,0.9429296307213171,0.9432487046202053,0.9521296522050492,0.9487944921303093,0.9421083563830661,0.9486549747410385,0.9463801891533998,0.004251131658265535,150
99.35948076725006,86.81250636209073,0.20063770055770874,0.19876003566556408,0.05045954735624511,6,0.6945380037482397,2,4168,0.6001195874961279,"{'learning_rate': 0.05045954735624511, 'max_depth': 6, 'max_features': 0.6945380037482397, 'min_samples_split': 2, 'n_estimators': 4168, 'subsample': 0.6001195874961279}",0.9461066549077274,0.952309819355626,0.961663007119804,0.9531546680969838,0.9553513307646859,0.9586654501277841,0.953275370279657,0.9541317760101162,0.9453939026469849,0.9519034904813742,0.9590365377389122,0.9471901932706117,0.9535801209777207,0.9538026229428177,0.9557020243216322,0.9560027370205305,0.9560182574640426,0.953744481783151,0.9540051290809974,0.949455701222482,0.9503471108712723,0.9561969697077788,0.9505516370158089,0.9551791521579819,0.9543544438227016,0.9550001693565358,0.9545614284194727,0.9542229548577259,0.9516175403185076,0.9420329885135219,0.9533649007813636,0.9547969335524774,0.9503886711098473,0.9550028303054228,0.9510225166355089,0.9455653436272212,0.9496361614151411,0.9538704435827323,0.957171650913972,0.9593804608071176,0.9543292706122551,0.9586865073656354,0.9510122779293001,0.9471713522233471,0.9592503477317115,0.9530479678812784,0.9441862741079418,0.9537384110452197,0.9601625437770556,0.950051753258739,0.9552280123158358,0.9561225355516266,0.9579008851165761,0.952988455789143,0.9460518720205331,0.9501701085473481,0.9555190106462943,0.9582191256217032,0.9539454750870467,0.9496838484847916,0.9521584352271245,0.9557318943226698,0.9561095842340784,0.9542300615965813,0.9556000914251754,0.9544815896445528,0.9570638754416969,0.9562130227273051,0.954846025176721,0.949857380040132,0.9546401641458413,0.9509458310595084,0.9561397449162049,0.9534997314730893,0.9571152344884728,0.9521765152047568,0.9565982293567108,0.9570825103326472,0.9529590657810051,0.9545338892084446,0.9505974365090158,0.9538331838476362,0.9545618324997385,0.9527706311504748,0.9557335399647989,0.9535434296942786,0.9534566072062092,0.9526614244713905,0.9563536447005553,0.9554335406658453,0.9505994185329024,0.9569294811613169,0.9555821431740682,0.956863045094417,0.948882442170138,0.9529630395956861,0.9573741692144175,0.953947889732658,0.9506732373835881,0.9589800268150536,0.9536594665788605,0.0035663424293255904,30
107.2458482336998,87.52726406338483,0.1416105794906616,0.1452960519543607,0.3210326617493179,5,0.6270807622254333,2,4168,0.9259297164820095,"{'learning_rate': 0.3210326617493179, 'max_depth': 5, 'max_features': 0.6270807622254333, 'min_samples_split': 2, 'n_estimators': 4168, 'subsample': 0.9259297164820095}",0.9325392751135113,0.9377840519345109,0.9490499404847315,0.9424486105191037,0.9448683549650969,0.9438737502199601,0.9417299170971429,0.9427333462481567,0.9309312718900502,0.9417146671733578,0.9443915040532314,0.9355768675239381,0.9424482785944884,0.9408953970430791,0.9456209527236621,0.9435577107551769,0.9452716731108222,0.9428627451055849,0.9402085945079109,0.9393566100053244,0.9337297551467185,0.9440729717742646,0.9397740642634245,0.9377496056775361,0.9453811528072651,0.9385612113607111,0.9439833968025608,0.9410540587105107,0.9395612332060599,0.9278906762295748,0.9447907102724198,0.9413544018438593,0.9402702715988488,0.9382214279749281,0.9382438976941171,0.9334773857504248,0.935558805091066,0.9435342081440296,0.9461443838639154,0.9469853898590472,0.941969323506977,0.9508453424924794,0.9384985587377884,0.9331071460073929,0.9495509254003907,0.9374818685846188,0.9358205832771683,0.9437115617971664,0.9474157444187786,0.936099231660881,0.9431103730511796,0.9439384451166551,0.9447979302047484,0.9414781224896149,0.9354659257424649,0.9389927387721675,0.9465827269540772,0.9462772813092049,0.9434077971866444,0.9318083375074689,0.9378906534862722,0.9426328128702185,0.9450446057330539,0.9450286238485597,0.9410158873616116,0.9412373082760117,0.9457766549950531,0.9428007136087476,0.9439559865102185,0.9363598876282873,0.9404151148282168,0.9360322205861988,0.9439600432501305,0.9406606679217552,0.9445480538050447,0.9366656662511531,0.9454754503326642,0.9444259456966073,0.9395952582535815,0.9384543596595285,0.9340874948933117,0.9432086866247202,0.9424546457573383,0.9365842513037244,0.9467281011269404,0.9397305862718723,0.9403897430195747,0.9346184575753321,0.9485861547629235,0.9418183366412495,0.9408128237139791,0.9477146774660398,0.9390318875914025,0.9415188702120325,0.9339085399803981,0.9414688354466503,0.9458197354649527,0.943318890050811,0.9384097754383763,0.9447681970578605,0.9411551709666038,0.004433618592537398,176
162.55633576154707,130.13998793051454,0.2592211484909058,0.26279982913343686,0.033014352780711444,8,0.7304850956661282,2,4168,0.6635802550755612,"{'learning_rate': 0.033014352780711444, 'max_depth': 8, 'max_features': 0.7304850956661282, 'min_samples_split': 2, 'n_estimators': 4168, 'subsample': 0.6635802550755612}",0.9439566331650406,0.9498998994131153,0.9609785474944812,0.9518750163634726,0.9531468255332738,0.9563069870531604,0.9516197030519281,0.9534594769647058,0.9446150824094997,0.9515236176346912,0.9584947967304718,0.9450086740514493,0.9538663198301707,0.9547322392241939,0.9558143670383213,0.9543215652161391,0.955494690117463,0.9545738055013655,0.9524760033079497,0.9486817811430985,0.9476890295198566,0.9566366140892602,0.9498549414382021,0.9546463738783275,0.9542100811334041,0.9539531529129259,0.9524620520435872,0.9533253712425406,0.9503406254464646,0.939226920888607,0.9527927613949362,0.9509992821523338,0.9498859144368652,0.9536839243879175,0.9470497003509397,0.9456990981616434,0.9492349113168107,0.9536419496305651,0.9551496845793199,0.9574757514964464,0.9538179055528191,0.9583102716143655,0.949909943343174,0.9423244118593752,0.9573899592152647,0.9516663448501054,0.943765869749691,0.9532796011911279,0.9593449203809251,0.9485873353145079,0.9534916528224655,0.9557966956394196,0.9563360344779072,0.9511759408040256,0.9426129350525655,0.9483723094671338,0.9532969058222377,0.9582633065794932,0.9530727928438426,0.9488761053821363,0.9492906161762036,0.9534522497070181,0.9551819279123865,0.9541473379838646,0.9541285927580188,0.9547228173735618,0.9564025181280308,0.9529825290349322,0.9545992213446751,0.9485206592674156,0.9510503725771408,0.9491732630155896,0.9525579923894242,0.9539895867868312,0.9556694925854322,0.9519831195706893,0.9559693240331042,0.9550465421683169,0.9516876212551139,0.9521361772116591,0.9509233533596155,0.9522087659079147,0.9538746249861174,0.9505888927261766,0.9554094477332774,0.9522979782404855,0.9521272957702871,0.9525984498618096,0.9560146690597873,0.9553777112026588,0.9509419000970782,0.9563062412811796,0.9527702956706586,0.9546007510999323,0.9475157206302515,0.9513663613759659,0.9546404470608884,0.9536931075488443,0.9478516519860098,0.9552237083173261,0.9523751874890318,0.0038329772453558402,55
140.93220769882203,97.82682407298562,0.8149075865745544,0.8254275848733208,0.0024985754202840617,13,0.3968354853581081,2,4168,0.6757095104285525,"{'learning_rate': 0.0024985754202840617, 'max_depth': 13, 'max_features': 0.3968354853581081, 'min_samples_split': 2, 'n_estimators': 4168, 'subsample': 0.6757095104285525}",0.9393250259825008,0.947602229289156,0.958880524386522,0.9496208052937097,0.9487696502847667,0.9546344813027223,0.9488130067431831,0.9506537655932449,0.9406411311229663,0.9493367905651493,0.9554151803608293,0.9418386035861233,0.9500247886198279,0.9515014119844343,0.9515842290419466,0.9530280426863671,0.9529763459230497,0.9494224514040426,0.9493251726512361,0.9450267336636843,0.9428711663617303,0.9543705139074226,0.9468812485470314,0.9521803981610919,0.9505192248205712,0.9514359703168291,0.9488130766143792,0.9503723219052991,0.9470277591894738,0.9368053886739343,0.9509145689670693,0.9474995774615693,0.9467501138771185,0.9518157825494251,0.9447684642245037,0.9429444105430587,0.9448048385365677,0.9488098147915274,0.9539206602924294,0.9552831543350943,0.9496833806123515,0.9554175148820824,0.9482219970541237,0.9418678005697612,0.9528238941313126,0.9484959217217972,0.9416762018423084,0.9480896509690369,0.9559818541256614,0.9466664146948938,0.9483971275383772,0.9511771139991445,0.9537250257946491,0.948010757126922,0.9401633225842015,0.9439190500865352,0.9542354600824795,0.9556253679288589,0.9504820917680393,0.943254496232173,0.9459078333968117,0.9500218829342804,0.9513008764099612,0.9506852356902343,0.9499726621828065,0.9511875243943064,0.9545976860943404,0.9485658589077738,0.9515999805874967,0.9438316209362406,0.9480333254050854,0.9459962598831604,0.9498140513914987,0.9512235417507584,0.9533601249488922,0.9478060972929833,0.9518713525316937,0.9521118718104179,0.9493725492256433,0.9487302063647745,0.9454321881402252,0.9519459686639665,0.9511654102494693,0.9478859555880774,0.9508393338628027,0.9496080569740418,0.9492435157605367,0.9500284882770617,0.95158906094238,0.9517096226621443,0.9459300901476078,0.9539905640425665,0.9502434699748339,0.951966616811658,0.9466688193492687,0.9478019123894533,0.9516318852171997,0.9503326306481413,0.9446860887196411,0.954143104286379,0.949279565931529,0.003992583136250771,114
271.06117071866987,167.9368886336925,0.46892935514450074,0.4787206511768317,0.007170272316391664,11,0.8499430109962913,2,4168,0.7293608935945628,"{'learning_rate': 0.007170272316391664, 'max_depth': 11, 'max_features': 0.8499430109962913, 'min_samples_split': 2, 'n_estimators': 4168, 'subsample': 0.7293608935945628}",0.9379317078946402,0.9439558945599409,0.9573777361099202,0.9474638191523876,0.9469827728221544,0.9520057675589828,0.9477533923595409,0.9495765220485208,0.9382837562460288,0.9470054426777829,0.9546111500683926,0.9394781208093735,0.949420740517927,0.9495516375106667,0.9505212855712443,0.9509542146833064,0.9508848921998936,0.9497801040105458,0.9482243452880477,0.9421053543381818,0.9427212018544258,0.9541244411639374,0.9435118695799636,0.9505771305870271,0.9468616607898586,0.9505993060807547,0.9460613262781752,0.9491599585474619,0.9442754715046682,0.9329194377135337,0.9496946691953043,0.9453136128440992,0.9437363473395075,0.951096459057788,0.9405843825099062,0.9418243915063429,0.9437203691922685,0.9467130508532924,0.9526280350209541,0.9536018327384735,0.949023545127915,0.9533430793334683,0.9467502112581436,0.9390930579054385,0.9520876856698951,0.9461638864494356,0.9367996144922917,0.9485800554030643,0.9545538583545672,0.9434985047603184,0.9486844384454644,0.9509315489988942,0.9513969168079067,0.9455516962447311,0.9359253204448715,0.9419434408249826,0.9530010621316807,0.9555378387598203,0.9485544413263499,0.9416265073008776,0.944073533867642,0.948079332949639,0.9508011729163041,0.9487811823539212,0.948391425949504,0.9496011634344648,0.953795332740903,0.9478810977143313,0.9509125859068206,0.9414752941910113,0.9479994279766067,0.9445974067982241,0.9487864753298331,0.9491832941425621,0.9518731265954,0.9475094875727962,0.9502493515065428,0.9515137052890937,0.9475168465402372,0.9470278418152177,0.9447832826917039,0.9490905201808191,0.9494256678412446,0.9474590762429943,0.9491186529510462,0.9484489683492601,0.9466616921851808,0.948432749324838,0.9495822503018384,0.9502708756223414,0.9443402320038193,0.9537421988209736,0.9478008020204984,0.949925335520946,0.9438988919369132,0.9466796232552805,0.9508284444174169,0.9494571175952696,0.9427980589709956,0.9511352143959233,0.9476056906104569,0.004459426116435441,134
34.552516298294066,33.612197263864225,0.0830973482131958,0.08724984811738104,0.22030395364157684,12,0.7191092741862057,2,4168,0.7268289299185802,"{'learning_rate': 0.22030395364157684, 'max_depth': 12, 'max_features': 0.7191092741862057, 'min_samples_split': 2, 'n_estimators': 4168, 'subsample': 0.7268289299185802}",0.9249321004400795,0.9283301145722912,0.9465383453807092,0.9392792512539463,0.9365016619452937,0.9417932746111799,0.934103641461407,0.9317116361408905,0.9272424912902448,0.9365495660169219,0.9439151906435097,0.9244719509238699,0.938247971469535,0.9384987783295737,0.9365834057962659,0.9386028202933352,0.9452398625559769,0.9368350037689468,0.9353317084907021,0.928539577341291,0.9305874895623655,0.942448880922772,0.931628186744008,0.9365383571461714,0.9393592587324907,0.9337235753007981,0.9364197475204735,0.9378509857056706,0.9420159912545975,0.9165049445435487,0.9374360378326311,0.9330772948096847,0.9309140900628399,0.9412981225302365,0.9316959964940732,0.9283861634803227,0.9244898568566732,0.933081307490238,0.9437292673762994,0.9407448369584023,0.9358385265736717,0.943417582254868,0.9322162882025292,0.9236678885672441,0.9376654586992063,0.9381489616760641,0.9273182777776956,0.9360402389452651,0.9427602654623694,0.9311150472364981,0.9384599457162988,0.9357802766432468,0.9422788765839203,0.9354990509834358,0.920554599998741,0.9283373328955216,0.9429340377906814,0.9449857417200216,0.9375711505897918,0.9303595148836618,0.9332200955113888,0.9345816879330169,0.9393161371205311,0.9372717104531575,0.9355712082619115,0.939872892612984,0.9453656335468887,0.9391794593962207,0.9416140679135492,0.9307471275128786,0.9345958920496509,0.9343854582533666,0.9345638353914502,0.9401762805972728,0.9356174668499979,0.9332458754470877,0.9341738124283699,0.9443364414074873,0.932151125904983,0.9360667635793906,0.9333583629493003,0.9360901749036388,0.9350913817514374,0.9337876738210374,0.9381624461930084,0.9327252663219927,0.9336355130520988,0.9349852436241451,0.9420053961510501,0.9382416993379483,0.9359721652067705,0.9438828481623017,0.9361298908317874,0.9370705716384412,0.9380443666093988,0.9329099748235239,0.9404083535107057,0.9390029536636639,0.9303275768897238,0.9391850601947616,0.9357719769905932,0.0055634995468227385,192
127.17143808603286,102.82874875925182,0.6357272219657898,0.6409932471182157,0.002972103375337846,11,0.47873867696824834,2,4168,0.5613612108253409,"{'learning_rate': 0.002972103375337846, 'max_depth': 11, 'max_features': 0.47873867696824834, 'min_samples_split': 2, 'n_estimators': 4168, 'subsample': 0.5613612108253409}",0.941098641180186,0.9496435991294863,0.9607477757293297,0.9517439736048725,0.9510922162858567,0.9566310945903362,0.9510508322332487,0.9532330619315443,0.9426396406065515,0.9512955106497045,0.9574644904262761,0.9437478207795393,0.9523976148762762,0.9542173921003831,0.9537861179242889,0.9550767661158837,0.9553587758357442,0.9522734514074583,0.9519122311882162,0.9474920122566052,0.9459125601524668,0.9561316895253911,0.9488803774043164,0.9539123295792808,0.9532093995078548,0.9530631991226647,0.9507212117313327,0.9527146228292356,0.9485033874872031,0.9392838630410957,0.9529559780984568,0.9501267540055625,0.9500277233464093,0.9538424344910464,0.9462129241705757,0.9443662000999672,0.9472014490306566,0.9510899755517873,0.955424215411966,0.95686932606784,0.95277580034823,0.957192265228947,0.9497717759030191,0.9433065956444903,0.9551562881969518,0.9507083393093525,0.9429932846665212,0.9509806979735781,0.9581977355500809,0.9488090466375873,0.9509859814543722,0.9543047918053591,0.9557135332700669,0.9504266224723518,0.9408754333465887,0.9463692345544996,0.9557464421689785,0.9578114811913327,0.9522624055569006,0.9455751219315438,0.9484688955226364,0.9528295723559813,0.953559434039308,0.9530571259965074,0.9519715526977715,0.9538066932313927,0.9567828186235283,0.9514328599322873,0.9542265427790467,0.9459395402576614,0.9507245623958032,0.9482877323739276,0.952484553135692,0.9525311636045721,0.955185649414878,0.951193232403067,0.953901906181782,0.9545265085936163,0.9515694583770002,0.9506641345035369,0.9486231115934298,0.9534990413064077,0.9532664815032431,0.9498798898974328,0.953714666975726,0.9519359719261941,0.9513822061900538,0.9520824355152774,0.9538189845257711,0.9539456534196947,0.9482392615213977,0.9562862667411605,0.9525517493202664,0.9543204742149085,0.9476392574529469,0.950459750900295,0.9540652114211855,0.952221673984911,0.9472547916825317,0.9557350887299743,0.9514738142196043,0.0040177502723613805,71
163.46646868228913,124.00617911211833,0.7389208006858826,0.747621534261166,0.0027280769290078575,12,0.6107821010454956,2,4168,0.6211417520759408,"{'learning_rate': 0.0027280769290078575, 'max_depth': 12, 'max_features': 0.6107821010454956, 'min_samples_split': 2, 'n_estimators': 4168, 'subsample': 0.6211417520759408}",0.9393626873194815,0.947015078701721,0.9590137518086769,0.9495404386524867,0.9488646690663871,0.9541350282520149,0.9494956779125352,0.95122508317003,0.9410436010327006,0.9494263760166637,0.9556146936808573,0.9415339121506844,0.9506272299963927,0.9519883261408563,0.9526324716337887,0.9530805312326722,0.9534642859071419,0.9505440853182483,0.9495532727274346,0.9446586782346432,0.9437058190798518,0.9547014908930068,0.9469388937565753,0.9523218825370607,0.950488667463036,0.9515699621112037,0.9483741242625457,0.9504988450494856,0.9462042045041705,0.9362061015977271,0.9509173037342458,0.9473956911226111,0.9461193735271998,0.9521487396461124,0.9437769925808682,0.9432821469023174,0.9452555951585742,0.9492379386297974,0.9542801046494395,0.9549106265534844,0.950844152339186,0.9552586578215493,0.948367853535264,0.9414509319758357,0.9534736923305811,0.9487534779269365,0.9406953746645116,0.9489403659236089,0.9566130766558207,0.9467803336315903,0.9489046581850324,0.952237470660676,0.9540951041281365,0.9480108605049262,0.9393098631026664,0.9437590098099267,0.9535904887292769,0.9563388015411179,0.9505978753975531,0.9437346434050761,0.9468840840071205,0.9500219577996286,0.9517139835431814,0.951198059135158,0.9501643420099768,0.9518274546019322,0.9553469442682853,0.9490085797225994,0.9523156267112025,0.9435628092585742,0.9491607452396501,0.9464818623963593,0.9504999327806661,0.9509821694225107,0.9530169150391726,0.9487438794884131,0.9518050836123619,0.9530171085088635,0.9495376000782113,0.948397388718929,0.9461905462015763,0.9512604724663197,0.9516939676379919,0.947983929475982,0.9508662433146009,0.9497040717855566,0.9491449506604137,0.9503029370893206,0.9518157026463389,0.952006405698923,0.9464556955077229,0.9551182871464562,0.9505048705966134,0.9518742967418499,0.9462185335965592,0.9481598511566476,0.9524818586678934,0.9503772295162091,0.944808598989611,0.9542379856657562,0.9494780403588914,0.004141449070533333,111
154.26626612424852,115.05976591461713,0.1924046468734741,0.19462155134351292,0.01900609617765293,6,0.7257703228632789,2,4168,0.7634521906897548,"{'learning_rate': 0.01900609617765293, 'max_depth': 6, 'max_features': 0.7257703228632789, 'min_samples_split': 2, 'n_estimators': 4168, 'subsample': 0.7634521906897548}",0.9478611459355235,0.9540692383466807,0.9624625739210192,0.9544824481158332,0.9553343689146601,0.9593233444524506,0.9539705348784943,0.9562894243158417,0.9467731286271849,0.9537339968705438,0.959123534398051,0.9483427463668466,0.9566636477440147,0.9568688385154751,0.9577757159527239,0.9575818918008805,0.9585108318071849,0.9554254247054463,0.954131545693564,0.9507114063477311,0.949695048106868,0.9584424672218262,0.9524865290133449,0.956152333860689,0.9554232500488811,0.9562059709829561,0.9550208556377633,0.9549764325227744,0.9534695903673107,0.9425650567276035,0.9559096526191949,0.9556960203066599,0.9530593588684982,0.9559190152066478,0.9529311156607032,0.9471935848965879,0.950916518389818,0.9553321065592808,0.9577628846207168,0.9608095031562139,0.9558538677532169,0.9601184583331455,0.9513355851108454,0.9471842415016754,0.9584085257849467,0.9542597608173331,0.9479330121786357,0.9555987362516396,0.9607100964993446,0.9506740444799111,0.9555997448666783,0.9568163015196542,0.959242400123894,0.9541217064079794,0.9461370274888998,0.9519033544937301,0.9568145678312577,0.9592629382378663,0.9551470273810645,0.951545787473261,0.9519831638927369,0.9571275703132153,0.9569761310553898,0.9553877712019341,0.9550325231471662,0.9568544926693546,0.9592643545130457,0.9563909911210916,0.9563927938671001,0.9499455238095769,0.9547109378503349,0.9531326318221144,0.9551564938785796,0.9546274294383219,0.9580127854739082,0.9532361479125993,0.9578724918246535,0.9573001525443066,0.9545025088672339,0.9541538276140988,0.951450359199265,0.955323925811275,0.9553053853734723,0.9532248408625597,0.9557123604577739,0.9555499730728313,0.9535616604173582,0.9529722857232978,0.9582935836154401,0.9576791339602863,0.9530671720399951,0.9587709677834683,0.9557226800797388,0.9581189284089259,0.9488146256472921,0.9547715427256316,0.956202532339572,0.956760930467543,0.9516125986587262,0.9581823926488906,0.9547722886912957,0.0035136570317231366,8
98.67420956134796,74.86525196864419,0.4006680679321289,0.4112186769385598,0.009678103411289605,9,0.33680083337002875,2,4168,0.7916861140234621,"{'learning_rate': 0.009678103411289605, 'max_depth': 9, 'max_features': 0.33680083337002875, 'min_samples_split': 2, 'n_estimators': 4168, 'subsample': 0.7916861140234621}",0.9440948254745701,0.9529587575423766,0.9628237492147267,0.9528820886772817,0.9530191123583868,0.9587187097999745,0.9523789815169248,0.9553596307777171,0.9454744077210439,0.953011434941735,0.9587102181081948,0.9460891057055523,0.953658934768402,0.9563608881367345,0.9551687181147587,0.9563822832321854,0.9568864037442152,0.9532273012438695,0.9532590767946705,0.9499476577824162,0.9482945333051942,0.9573414893698815,0.9515753541917159,0.9556956929244927,0.9548847790781748,0.9543657976913676,0.9517971665249033,0.9551156303844168,0.9527499263144033,0.9415253626366136,0.9542718866425192,0.9521935689887432,0.9522973335512276,0.9558559667446268,0.9498000565166506,0.9474693104988472,0.9502816108188924,0.9524408233577468,0.956589618717609,0.9593090087928858,0.9552362650075796,0.9591275809914325,0.9510753233565081,0.9461337730857738,0.9572030087044124,0.9530210798810096,0.9464940243271558,0.9520126017705535,0.9594822972344222,0.9514174247190594,0.9527638675647948,0.9553973863614476,0.9580040424179214,0.9532310020207108,0.9440919846077496,0.9487168343721017,0.9569783874984913,0.9595425539224787,0.955250906849534,0.9483480278865823,0.95110615792068,0.9553442307907468,0.9548402868589685,0.9546267846632034,0.9541093334553133,0.9554699760355007,0.9580829776259878,0.9532067751117809,0.9560811642985798,0.9491482037655844,0.9529520578326928,0.9507425113078303,0.9542310266705702,0.9542587058773395,0.9571576900623773,0.9516209532147003,0.9558545713878285,0.9565767329428578,0.9533798883443195,0.9529271553323845,0.9500568730348344,0.956398027497675,0.9549597477604583,0.9516983726638836,0.956015460980445,0.9549085152067405,0.9537259158626837,0.9536261562436088,0.9561086136796277,0.9556788482059749,0.9519559244888192,0.9571378784844772,0.9547519673759972,0.9562587889091987,0.949547976828746,0.9525957131714679,0.955167660769602,0.9547020743854107,0.949834698806948,0.9573227790591227,0.9535196475220136,0.003678133202265803,36
133.51201558828353,98.96115728794858,0.20555468559265136,0.2017427987023515,0.05766813678495467,5,0.9041051459439013,2,4168,0.6171339131681375,"{'learning_rate': 0.05766813678495467, 'max_depth': 5, 'max_features': 0.9041051459439013, 'min_samples_split': 2, 'n_estimators': 4168, 'subsample': 0.6171339131681375}",0.9455992113958225,0.9495581346778402,0.9608187620096307,0.952724269399717,0.9550539484865576,0.9598978414024544,0.9520438871197086,0.9552827591643268,0.9440619409842841,0.9529684674017114,0.9574974553302266,0.9452566036996625,0.953102095343064,0.9546088200716418,0.9575514065206848,0.9549555397520028,0.9558275513216208,0.9524669225689338,0.953907313529026,0.9498915254294076,0.9502199353546308,0.9548666609993631,0.9512182225417585,0.9548234236357976,0.9540146800656027,0.9536366408817611,0.9554786454838974,0.9546718564111,0.9526671611731904,0.9403261763960558,0.9541798089514488,0.9525958800208059,0.9527152125553241,0.953583181124751,0.9534923814092265,0.9453936956845432,0.951187476573872,0.9550857181144554,0.957388155242068,0.958443234847388,0.9546786194855171,0.9577342265497837,0.9512025112063793,0.9474710152988263,0.958494927066354,0.952251638067631,0.9465109197681759,0.9534211705788749,0.9598538221178144,0.9498558705032679,0.9527932539009032,0.956263057485128,0.9585397925836457,0.9527346816322576,0.9442783018430669,0.949040074034918,0.9564245506764144,0.9562734493833068,0.9521677394546532,0.9484538088008491,0.9513144898344134,0.9545604524078914,0.9565830137526271,0.953640919899305,0.9549613746928173,0.9547636775529104,0.9570738623848187,0.9545865545128703,0.9543847452099177,0.9498282547492186,0.9541854255263702,0.9504660480034982,0.9540425286741163,0.9508937707866131,0.9564343820879503,0.9513241754679356,0.9568227030788801,0.9568399949028976,0.9530430337333908,0.9533217945716687,0.9504244393513751,0.9553385640292613,0.9545832904358897,0.9516402478215908,0.9541184811679302,0.9517853151973039,0.9538387905977117,0.9509796955333975,0.9569591707869087,0.9550930962559767,0.9501702824310467,0.9559238472134987,0.9541895192070483,0.9571643096828674,0.9478740951646659,0.9523648104353007,0.9560407864979431,0.9559456773060883,0.9482463094635579,0.9565033110809334,0.9532576127500354,0.003645885590770836,41
126.729055621624,105.14287054385396,0.4703250813484192,0.4818299567567127,0.010933018136631901,10,0.3717236262547444,2,4168,0.7957939914667664,"{'learning_rate': 0.010933018136631901, 'max_depth': 10, 'max_features': 0.3717236262547444, 'min_samples_split': 2, 'n_estimators': 4168, 'subsample': 0.7957939914667664}",0.9425127340714691,0.9506308169060986,0.9605659155793742,0.9525530447235306,0.9502937413932075,0.9569238434215849,0.9507978910497524,0.9525510825565856,0.9438016450588067,0.9512302478652775,0.9573198476082436,0.9438568543702738,0.9518359013878386,0.954706891347991,0.9540014961013278,0.9554625580632072,0.9545082094192423,0.95204147998111,0.9521166212821578,0.9478449580504582,0.945972034017032,0.955504432234842,0.9483911735448317,0.9538172634996073,0.9525142658187901,0.9529232921459586,0.9509382886509827,0.9524717509153536,0.9497460901724977,0.9402642941694495,0.9530109109451126,0.9495072705514997,0.9494145990464101,0.9531876236821529,0.9467228047001475,0.9455248973125068,0.9475561037657649,0.9512792626675959,0.954803422802091,0.9573135252568572,0.9518770422207307,0.956998616031028,0.9502220579259745,0.9436008083978171,0.9550377975734303,0.9508166904076124,0.9444215719205826,0.9505895636238375,0.9580536790866365,0.9485781188776581,0.9507065851097365,0.9538553772166936,0.9557851643696323,0.9509265808229794,0.9419909794959062,0.9464784176772069,0.9554494244118057,0.9575490589548687,0.9526197302713273,0.9465113928024168,0.9483928739939773,0.9526350805085001,0.9532854331358089,0.9529843499273495,0.9524567053334799,0.9535316130014752,0.9575218691641718,0.9511337331995608,0.9541389793950549,0.9462509374093563,0.9507399839939203,0.9484640460880189,0.9531540800469592,0.9534506494713643,0.9553892687696237,0.9504736280310333,0.9546025476738603,0.9547830285969567,0.9513795034752093,0.9516700369935224,0.948094231237613,0.953356277467874,0.9530492010678405,0.9496842680655636,0.9530702228893336,0.9525506030538987,0.9517699784967063,0.9526285553626862,0.9540591230886699,0.9526406727765067,0.949279918441429,0.9559633672637055,0.9525068529799073,0.9542584379833013,0.9481430326325185,0.9504101970676692,0.9538882138509108,0.9521847039866463,0.9482305737295318,0.9561599412463341,0.9515685446423277,0.003772735509127966,67
127.06582874298095,98.36932967310062,0.28250818729400634,0.2894073095707894,0.023732950058719497,8,0.47351811621687767,2,4168,0.7574937629823866,"{'learning_rate': 0.023732950058719497, 'max_depth': 8, 'max_features': 0.47351811621687767, 'min_samples_split': 2, 'n_estimators': 4168, 'subsample': 0.7574937629823866}",0.94316503476886,0.9520419379399784,0.9624538603797795,0.953767170657819,0.9531656208177999,0.9576172605428506,0.9536446737419344,0.9554740426627841,0.9454253307360959,0.9530572211770719,0.9594436334811597,0.946520093332374,0.954506442539538,0.9562754536827773,0.9565026179133762,0.9565167063304284,0.9561323992552172,0.953486697337328,0.9538116519514559,0.9501592847582613,0.9491959814299391,0.9567830257375818,0.9508452743509499,0.9557666311522175,0.9562794276049165,0.9532494865420995,0.9531235153477109,0.9553935976778957,0.9511629622274776,0.9409455464904346,0.9539882590494667,0.952733888658682,0.9511200790696882,0.956044916688264,0.9503757904683658,0.9481763456003248,0.9509517156641061,0.9532609532310943,0.9562910596083878,0.9587658732073856,0.9551559583961482,0.9595051767436147,0.9504648840995596,0.9457935665112391,0.9569807109875553,0.9523169739382515,0.9457604464806737,0.9538622232338286,0.960454451434013,0.9500300214878685,0.9538077900501979,0.9563624454459204,0.9570096529339881,0.9525621078376046,0.9438934004391522,0.9480684106000221,0.9561784040445954,0.959476328457567,0.9538990813653995,0.9494775903219209,0.9522136515482397,0.9551267844892712,0.956558798113245,0.9549208739110002,0.954926248394705,0.9560912876215328,0.957579491654716,0.9538273547149121,0.9558954835203837,0.9488006495574463,0.951917413377196,0.9501595668774954,0.9551442134641719,0.9555247461863735,0.9558231709886413,0.95243942623437,0.9570411752311873,0.9561065548332287,0.9539606917128892,0.9534192101542373,0.9512900711206622,0.9547861591088457,0.9545841620925245,0.9522266597385198,0.9561452973104906,0.9545333592229878,0.9534663033243246,0.9533524704705725,0.9547111445510321,0.9555268620878544,0.9514217637614021,0.9587417337974341,0.9549817704603819,0.9568214513696386,0.9488156304202778,0.9523587783939889,0.9564228005783911,0.9546565597321617,0.9502470137919768,0.9584603506416725,0.9535970822318339,0.0037531741584946065,32
210.70056158065796,165.35382697516147,0.5006535768508911,0.49751720546127065,0.013445349798407289,11,0.6789988650163588,2,4168,0.723327175109192,"{'learning_rate': 0.013445349798407289, 'max_depth': 11, 'max_features': 0.6789988650163588, 'min_samples_split': 2, 'n_estimators': 4168, 'subsample': 0.723327175109192}",0.9385613281516046,0.9458942444313266,0.9577398788594436,0.9485338617961809,0.9475768918336547,0.9528310499974653,0.9486944831220493,0.9508704649101155,0.9401663571802642,0.9483593174030424,0.9555302933290104,0.9407921878153959,0.9497050193982769,0.950488639634063,0.95162681550673,0.952718210004706,0.9519395945277818,0.9493352187667626,0.9490517375205577,0.9439918733250565,0.9431856194445318,0.9546251143608148,0.9460191410172177,0.9513460759803113,0.9491977057862379,0.9506790075123609,0.947233739663002,0.9498918747175661,0.9457287456292828,0.935445897833735,0.9506723465854785,0.9460808689734371,0.946060221169185,0.9504300223803521,0.9424782161278339,0.942460745316125,0.943806764127716,0.9478007406349491,0.9527775962834986,0.9540905779261837,0.9499540051002545,0.9550671444234883,0.9470311109046041,0.9403322516124293,0.9531848288112922,0.9476088801463265,0.9393588640528581,0.9488552315671253,0.9552046391883697,0.9452568256158028,0.9480920030941264,0.9519480291845406,0.9525686994053314,0.947213100375101,0.9368465821513087,0.9430456735282019,0.9532819165113241,0.9563105024210586,0.9497117130066407,0.9430985467489688,0.9451433883769572,0.9486589753904977,0.9509096323081548,0.9504999160905048,0.948952570371957,0.9512242810968241,0.9546298761323647,0.9485463864067463,0.9512695729091176,0.9429453362778776,0.9472009519238921,0.9460635653770628,0.9496106397843728,0.950568994178586,0.9520297043746123,0.9479943179350186,0.951253899092972,0.9519132331219285,0.9487931328951424,0.9485371572838787,0.9462417757118946,0.949581721655248,0.9498529162576874,0.9477896878185323,0.9508622874309707,0.9493662926719264,0.9479267546440483,0.9491127561441768,0.9503948988078644,0.9520897987983241,0.9453589552998549,0.9541328640174755,0.9493977410435988,0.9507590566481933,0.945686237290654,0.9476601926497984,0.9520681528126789,0.9500505655887183,0.944277229898091,0.9529802603900384,0.9486072471374071,0.004206015369555257,123
149.4921157169342,119.79743224557983,0.22018022775650026,0.22533658192652983,0.04308344342080995,6,0.716728488806714,2,4168,0.8144035974822499,"{'learning_rate': 0.04308344342080995, 'max_depth': 6, 'max_features': 0.716728488806714, 'min_samples_split': 2, 'n_estimators': 4168, 'subsample': 0.8144035974822499}",0.9483063200892248,0.9522448926998329,0.9616074165702392,0.9527807181827227,0.9546708682828262,0.9588408723528141,0.95313084724594,0.9561321499840685,0.9463064508860639,0.9525007666853397,0.958296863210444,0.9476775082250589,0.9541289413684508,0.9543262505887067,0.956144104404626,0.9570509856760339,0.9575375312228114,0.9543329601097033,0.95395575696293,0.950481490366497,0.9487922639249281,0.9576223256708216,0.9506332107986752,0.9555965077648565,0.9557739155046633,0.9563447450272119,0.9534477255284619,0.954097494832642,0.9518950141883262,0.9404410361472644,0.9549548221956413,0.9541641158237583,0.9525368594709239,0.9560570565411428,0.9529902554467501,0.9478946811514379,0.9517987328804315,0.9537990236224531,0.9564676910430931,0.9596851213990611,0.9558933399877586,0.9587725983086746,0.9499332274885652,0.9459152796027168,0.9579532230622605,0.9532473723764124,0.9470849090022739,0.954467778723609,0.9601079802986072,0.9492552974541861,0.9544847700912178,0.9573038643298034,0.9587150517045921,0.9523456438162219,0.943753936049698,0.9511128655748519,0.9543438251017899,0.9595969429497617,0.9536410057053026,0.9499748547358844,0.9514329573293899,0.9551299940913885,0.9579342771626718,0.9558981206900616,0.9546829430549472,0.9554577647949497,0.9570886063428365,0.9547970185591341,0.955967978492342,0.9507184864400368,0.9527161634470616,0.9524739892187508,0.954536777011068,0.9529915735829918,0.9573949878516614,0.9530372920734759,0.9573673583915526,0.9568013916837464,0.9532144464393361,0.9539427900065874,0.9515090712790472,0.9544638397626922,0.9556829534545306,0.9527808265404237,0.9562728661472365,0.954966472610904,0.9527020938533123,0.9515403661025963,0.9568774361451411,0.9564593213218975,0.9514126589790398,0.9572989788002195,0.9549713854880201,0.9583850524932364,0.9478820876055343,0.9545197392419579,0.9577785976758919,0.9561350646915556,0.9512415077811966,0.9581934433669707,0.9539800874044644,0.003609683704819269,19
145.05012911319733,118.65721801857934,0.19949097871780397,0.20389965874021435,0.14100614488070173,6,0.5658061701046324,2,4168,0.9577018114898567,"{'learning_rate': 0.14100614488070173, 'max_depth': 6, 'max_features': 0.5658061701046324, 'min_samples_split': 2, 'n_estimators': 4168, 'subsample': 0.9577018114898567}",0.9400904399946267,0.9485713023424023,0.9580685326272269,0.9500380220120281,0.9513688999558192,0.955796584822323,0.9501156723935154,0.9526359397611576,0.9411124079562921,0.9477058322585565,0.9537465788619158,0.9415844426564286,0.9499093053279504,0.9543851859551264,0.951525612891485,0.9529782038218686,0.9525608342858014,0.9496442880553214,0.9494760978784511,0.9469259416105106,0.9419865286261517,0.9512544260676412,0.9476481474188002,0.9512860712352325,0.9535332248476537,0.9522753773192256,0.9512782368663952,0.9505869184443467,0.9506418235241577,0.9393209453392872,0.9505302587687708,0.9508248293785202,0.949641277155754,0.9523127376532805,0.9475214278305495,0.9421334863023325,0.9462648280402131,0.950771913837976,0.9537408882695172,0.9587474755325865,0.9523531987647651,0.9564750889993677,0.9448913616518742,0.9427181976684764,0.9532909435567667,0.9477560337095275,0.9415601822484752,0.9499922246643818,0.9547617425861686,0.9461273771054574,0.9500759989089814,0.9540833764026201,0.9554433029520633,0.9496343431309106,0.9394242793679694,0.9472309132167227,0.9544449563088282,0.9541417484521917,0.9502668129061972,0.9452003700233074,0.946161622727436,0.9530300559570852,0.953613077694832,0.9505699263044172,0.9522885701994769,0.950037334363248,0.9545412473688001,0.9512947054912002,0.9522143527043718,0.9438371868119437,0.9484407296001872,0.9464365678208676,0.9505773090371642,0.9480517436307639,0.9516210861043497,0.9471491166203806,0.9530091866499923,0.9535480702496759,0.9469447217627717,0.9483000482508687,0.9480286964469887,0.949281381234401,0.952198543560429,0.9493863163079079,0.9554952579886233,0.9490529843039883,0.9505232868759126,0.9492557412232753,0.9534016785910384,0.9523575296684084,0.9493731039050698,0.95092984258495,0.9478561755561311,0.9532352717728395,0.942770773504817,0.9475491536866905,0.9528683963181749,0.9526339867153302,0.9458971285119957,0.9541158207474005,0.9498829112940648,0.004049785646507825,103
219.0566059613228,135.53191785048904,0.24702341794967653,0.24893291628335712,0.012373915463819782,8,0.8797660659211541,2,4168,0.8225529566019121,"{'learning_rate': 0.012373915463819782, 'max_depth': 8, 'max_features': 0.8797660659211541, 'min_samples_split': 2, 'n_estimators': 4168, 'subsample': 0.8225529566019121}",0.9433937657133236,0.9503618424212934,0.9603078001052602,0.9516719486815747,0.9513870330886566,0.956882570468057,0.952940879147779,0.9539229027327571,0.9436021494123299,0.9519986280629479,0.958300554667634,0.9446583909035051,0.9528959934647634,0.9540914611896254,0.9555474372387512,0.9544196960619207,0.9559740768680554,0.9539400337898505,0.9515594665118832,0.9473047266982718,0.9478415431119276,0.957362737104679,0.9481793911875288,0.9546516344747109,0.9523562459430008,0.953433812303725,0.9509021585800892,0.9529667187872096,0.9494834297561946,0.9387674515556528,0.9530839808372259,0.951585213215572,0.949534752684796,0.9538567174460479,0.9477796696331262,0.9464621809142769,0.9482314568561747,0.951820208936482,0.9558173914754815,0.9579909132640636,0.9537826673401006,0.957962672655526,0.9496742454603389,0.9443002883612105,0.9561617250971377,0.9504400470605934,0.9434362051682621,0.9530526170838842,0.9579670032206261,0.9468598420470609,0.9526669604356168,0.9551934525787935,0.9553755555431335,0.9509661538075089,0.9415317221357402,0.9478998765128226,0.9555663344914492,0.9584042969355835,0.9516718482086687,0.9482594655786554,0.9489013139305205,0.9538225158247033,0.9549142784021086,0.9538165738604752,0.9533421213984024,0.9540857395141698,0.9576932424183869,0.9525710730948355,0.9539824171103413,0.947362148678038,0.9512140719091782,0.9496766532139893,0.9534442081286325,0.9531657607035144,0.9552789763378459,0.9512849539078296,0.9553176400018322,0.9553273597613615,0.9517572925374377,0.9510252681549011,0.9501947781519399,0.952206400726959,0.9535868853976218,0.9504977155322649,0.9539908183871914,0.9524600367241812,0.9515884754589982,0.9515988712620237,0.9541070571339585,0.9548721276281706,0.9501716930429138,0.9568541468755102,0.9528150176085927,0.9539797804185998,0.9479415417369113,0.9514855274090885,0.9548847674587257,0.9541418389638265,0.9479121213856586,0.9562512202488176,0.9520796637545936,0.0038885624946295057,58
158.35567408800125,108.23577986330896,0.18435644149780273,0.18981829027602812,0.007959470449050965,5,0.8519701143948588,2,4168,0.8607640954097336,"{'learning_rate': 0.007959470449050965, 'max_depth': 5, 'max_features': 0.8519701143948588, 'min_samples_split': 2, 'n_estimators': 4168, 'subsample': 0.8607640954097336}",0.9443707377493652,0.9505757990192272,0.96007432183313,0.9534388085868755,0.953550697947187,0.9568275318836174,0.9527133789952696,0.9532376590791568,0.9435518497825002,0.9530308843543006,0.9576532774143114,0.9454910486865958,0.9524923689770394,0.9532551949201544,0.9551282870446626,0.955217671098297,0.9555461704088589,0.9525702060956285,0.9500799450602305,0.9493899615539385,0.9481952104711951,0.9541004323116685,0.9485295347923942,0.9537721845670295,0.9533307498247426,0.9540124436986972,0.9537827458229652,0.9530196288125578,0.952441219512459,0.939080001701423,0.9541693002935444,0.9528871002229681,0.9495557143096635,0.9520388354963658,0.952776574523965,0.94490634160121,0.9485593225188205,0.9527539214615803,0.9552780348961633,0.958659523182167,0.9519598273865743,0.9581543186193703,0.9500489574191436,0.9452961760234407,0.9557576173740822,0.9502607782128709,0.945725739675896,0.9523478277010745,0.959106897128629,0.9484996016685823,0.9519937536334189,0.9549741478933855,0.9572195320670123,0.9518092220918344,0.9438768273065061,0.9502295923566325,0.9552834791623271,0.9560767908073535,0.9529325056290995,0.9483169232067741,0.9481906272639093,0.954299120286355,0.9556707239393583,0.9521472841983734,0.9530304131594413,0.9547248694050051,0.9563049938999444,0.9543230958233153,0.9541936681166158,0.9468354256755496,0.9522799631270782,0.9514536101705073,0.952874951990916,0.9504325934452397,0.9562290936004659,0.9506655778607689,0.9549883130731475,0.9554468099035914,0.9503101821937263,0.9514685231656961,0.9479967602731898,0.95307023508567,0.9534478544039034,0.9516853366565087,0.9530340526263723,0.9525006795803296,0.9507624260990397,0.9484995024882052,0.955877684041808,0.9560902390337777,0.9487790739705402,0.9552654263067946,0.95334164376778,0.9552450638133236,0.9478857761133451,0.9525188015154918,0.9539923478306718,0.9559706828656117,0.9476280715848693,0.9556163649327375,0.9522499299916493,0.00367216972073528,56
51.22299554586411,38.40739457813319,0.2827427649497986,0.29514841278509646,0.0743925293548933,11,0.42080532093809697,2,4168,0.5708686692637015,"{'learning_rate': 0.0743925293548933, 'max_depth': 11, 'max_features': 0.42080532093809697, 'min_samples_split': 2, 'n_estimators': 4168, 'subsample': 0.5708686692637015}",0.9378900348332297,0.9472066834100483,0.9566589140155166,0.947917393464213,0.9467817116143473,0.9515369869245209,0.9463382100931288,0.9502076313197604,0.9389844763434094,0.9466277729427848,0.9535975787023576,0.9387207021041462,0.9493764819893324,0.9505072598326002,0.9479610311774319,0.9510640244164804,0.9507405053720998,0.9499399440255855,0.9477656856319259,0.9431227234007616,0.9434641032408047,0.9527888841893176,0.9455597516287828,0.9499263570803881,0.947318578667887,0.9489842085626682,0.9477186005789563,0.9503104380648839,0.9469812228015078,0.9356924579530507,0.9500128064509533,0.9448169542045811,0.9478646582531183,0.949463234406286,0.9444715894785887,0.9409776192299789,0.9413957494688469,0.9473802315109605,0.9507020808097089,0.9549278549553172,0.9484056382822265,0.9558927451008689,0.9450538423018882,0.9406905115908331,0.9503512068623757,0.9480591615747368,0.9388076256897961,0.9470129401510153,0.9543702887977156,0.9434476020374173,0.9491605148445026,0.9495439364228792,0.9524992095644996,0.9458616860171273,0.9392971349951388,0.9435820322912238,0.9507944364869344,0.9519323582772955,0.949248279412993,0.940686606582214,0.9457279678112829,0.9473735008857181,0.9481347808061478,0.9504390242487256,0.9462959883510438,0.9507784570802642,0.9516251435921468,0.9481434582196633,0.9487037461037493,0.9419573363138598,0.9450527646865332,0.9462706201010996,0.9494419635217017,0.9481889633080953,0.951786704598146,0.9475779575118471,0.9529649448250003,0.9506220924906016,0.9462266724942641,0.9482943111482943,0.9469542166659302,0.9496003716324423,0.9492146755823252,0.9472313398507332,0.9498692883788007,0.9482019646555139,0.9473137230985991,0.9474236807830281,0.9522932167197207,0.950735051944096,0.943583946315935,0.9539423377924807,0.9482086360425888,0.9503092368727992,0.9431752513684817,0.9469522324427192,0.9525904751415915,0.9480291745793333,0.9455256868863247,0.9513011776307903,0.9477646297291638,0.004012673018052123,131
98.51973566293717,76.20272047703685,0.18830058813095094,0.19678997547990007,0.007000271939956904,5,0.4864252554646121,2,4168,0.904757102417078,"{'learning_rate': 0.007000271939956904, 'max_depth': 5, 'max_features': 0.4864252554646121, 'min_samples_split': 2, 'n_estimators': 4168, 'subsample': 0.904757102417078}",0.943178961346089,0.952053913371313,0.9609536498291552,0.9530027662037737,0.9532220665144706,0.9570912729952903,0.951747392772885,0.9530812211393527,0.9434974336779819,0.9531446448041925,0.9573389487346313,0.9458050247658326,0.9513669478907985,0.9543482061266781,0.9553999064181641,0.9554449062277868,0.9558192579745153,0.9514535370493331,0.9513196546842545,0.9488133936049647,0.9472222158672725,0.9543730686968807,0.948822583704559,0.9530936169156992,0.9542592268857997,0.9539319005799516,0.952769594117225,0.9528511567994621,0.9517820417407216,0.9392868591290182,0.9530431445159017,0.9528426993069589,0.9504847754272394,0.9526336360342651,0.9514105006870346,0.9453140651962426,0.9487024601091453,0.9526785082812705,0.9554280538560551,0.9578471434081833,0.9522736723455462,0.9575054196599188,0.9491358445752791,0.9449513428285795,0.9547425650104238,0.9513970399774124,0.9468894082403498,0.952731654420518,0.9589111621217783,0.9480574270221831,0.951838116234975,0.9542161184077456,0.9580565918856753,0.9521744695898184,0.9433161354043393,0.949073540543918,0.9554404378464547,0.9570776885755262,0.9526650267837756,0.9483002124215728,0.9481252563338278,0.9552513376103775,0.9548848807926397,0.9527152407178403,0.9527101717990206,0.9542022880712518,0.9557261079979334,0.9536043537348046,0.9540711951824272,0.9469738089637464,0.9518079809548505,0.9506798720309982,0.9524433801813128,0.9505053001227818,0.9564988942134364,0.9493104429879693,0.9546409411230253,0.9560598072582375,0.9507765462910943,0.9512038129388712,0.9482205590327397,0.9541264148248862,0.9534376154753675,0.9513873555946872,0.9535644122376365,0.9527151023910396,0.9512367535219229,0.9500460827160724,0.9555575542384358,0.9550080712231763,0.948456267486446,0.9552320995665428,0.9540979473556499,0.9559190397843956,0.9469986534636978,0.95242074393431,0.9530173819167254,0.9545484949699354,0.9480399522952964,0.9561481656180275,0.9521798451823957,0.0036923684020167056,57
154.19883184432985,78.03095209797479,0.5617793393135071,0.5849133464891464,0.005064759528005534,11,0.5238935052541599,2,4168,0.785945929553687,"{'learning_rate': 0.005064759528005534, 'max_depth': 11, 'max_features': 0.5238935052541599, 'min_samples_split': 2, 'n_estimators': 4168, 'subsample': 0.785945929553687}",0.9393239216175299,0.9481479546955555,0.9595544128012038,0.9498781730332295,0.9489179602444237,0.9549301300459835,0.9487597756881496,0.951240832539043,0.9417376038695223,0.9499898259954956,0.95587444494465,0.9423035246240369,0.9505719434691458,0.9518223798336793,0.9521740163930339,0.9530757209685621,0.9532787134545078,0.9501043203639317,0.9502870009503948,0.9452170421691057,0.9445804393013641,0.9553581973025763,0.9466396514337005,0.9521910830979899,0.9509329139615833,0.9513637965363207,0.9489072257872398,0.951035944076559,0.9469132444959764,0.9363134418035955,0.9518796481779639,0.9480313263861707,0.9473538143429677,0.9516044535511264,0.9449386628547441,0.9435187650647432,0.9462118226822902,0.9492507193356298,0.9540978263183386,0.9550326468216654,0.9514061164029743,0.9551728158023008,0.9490285197534057,0.9420285538501618,0.9536469717441035,0.9486816732750101,0.941105981743719,0.9486387354176951,0.9566373863004415,0.9474142236842669,0.9489862668802327,0.952036611943622,0.9544059175969395,0.949210652513463,0.940261879507351,0.9442178374399846,0.9540836905874961,0.956530366153798,0.95078919411432,0.944454729135142,0.9465099197279275,0.9508266770766639,0.9518250354248373,0.9507754465839873,0.9508835591516488,0.9518518969162736,0.9554904204352047,0.9488713932277196,0.9526872238719968,0.9445684370743789,0.9492515537678496,0.9467364727382733,0.9508576792797527,0.9521053283595641,0.9532747992551405,0.9488664790170964,0.9528763565730709,0.9526507591939638,0.9501294367078432,0.9493130921230174,0.9460941524728383,0.9521419357780558,0.9516002451793504,0.9484967819510673,0.9513548184897037,0.9495758254622956,0.949997733284212,0.9504590031601292,0.9520697582067065,0.9517453904165479,0.9467654680598706,0.9551898719145597,0.951252817069054,0.9522536489939021,0.9466410198239072,0.9479906633903844,0.9519842476506035,0.9507515904992079,0.9455850816943233,0.9539933385052519,0.9497837880338834,0.004018456800492674,105
68.69141217947006,57.975907280025176,0.17643220186233521,0.18274183092648952,0.2554656472004627,5,0.36550724528520134,2,4168,0.7912351927098262,"{'learning_rate': 0.2554656472004627, 'max_depth': 5, 'max_features': 0.36550724528520134, 'min_samples_split': 2, 'n_estimators': 4168, 'subsample': 0.7912351927098262}",0.9338844571690864,0.937754418244467,0.954781937525872,0.9396697136180142,0.9474002580573031,0.9498574459872845,0.9397461570177658,0.9459049305760996,0.9336628447270992,0.9464816753962579,0.9479384814604297,0.9358099257890515,0.944311364016793,0.9456687205822851,0.9483373322098086,0.9452183965440376,0.9470410880072935,0.9417749409105677,0.939919201003201,0.9408121026815388,0.9381934753803948,0.9449265914293783,0.944066833848237,0.9478611045535447,0.9410436574705532,0.9453773951986071,0.9464906714973627,0.9431092732745725,0.941595376612054,0.9300059519233616,0.9433081359110689,0.9410088263404107,0.9429714456140947,0.9413749858717393,0.9412110324770128,0.9379664413275718,0.9369908070763718,0.9416994103987159,0.9466346936915795,0.9506578750114723,0.9428305077093775,0.9478478353228035,0.942322926433423,0.9346635127222672,0.9474781603580523,0.937917723920309,0.9398831554285715,0.9432122688501801,0.9498155764153187,0.9393713404748583,0.9464718208021836,0.9459430470182872,0.9488352005359016,0.9426552956784917,0.9376652013481814,0.940885051754699,0.9467596789862631,0.9490103268499671,0.9442291877238368,0.9362127408945695,0.9432281932791918,0.9430898189884338,0.9448879969759664,0.9500382791053855,0.9433659560258477,0.9420242328056373,0.9443744647381148,0.9464865218978055,0.947671048994799,0.9412809008823759,0.9459150077956647,0.9417763770741339,0.9443105855150291,0.9412177086216569,0.9507468406832561,0.9390387727563577,0.9457585565595774,0.9452076237610197,0.9439142409932487,0.9406668343518689,0.9383876499505925,0.945499087128342,0.9408971247483225,0.9441713134745222,0.9477730239886933,0.9466818205612421,0.9433003907336701,0.9422111617903656,0.9472586995863026,0.9486928289687885,0.9427143755723387,0.949930438998539,0.9461832705658527,0.9457083899256461,0.9386585078771389,0.9435968400220109,0.9475120986788304,0.9436227409799163,0.9411844809394423,0.9484191561420727,0.9435388329809788,0.004256223255748438,171
23.774916009902952,21.575941167148443,0.08493225336074829,0.09296030726531873,0.20270630725893457,12,0.55597474162952,2,4168,0.6060449834759736,"{'learning_rate': 0.20270630725893457, 'max_depth': 12, 'max_features': 0.55597474162952, 'min_samples_split': 2, 'n_estimators': 4168, 'subsample': 0.6060449834759736}",0.9267653659342694,0.9337650455828693,0.9445213631070849,0.9375525297182835,0.9380827460154582,0.9426815055863653,0.9393505913228188,0.938936744997763,0.9262102413331825,0.9382030074210718,0.9456119707588385,0.9265202584425125,0.9336995483985725,0.9363857093504566,0.9431796683059996,0.9432825232202096,0.939675893407246,0.9384418122312416,0.9371727376878108,0.9331730732985662,0.9284581220240821,0.9447736653705949,0.9296631713978801,0.942093050261279,0.9370280586372305,0.9355017963333692,0.9337044694906738,0.9382426002120092,0.93466379541366,0.9212690159483097,0.9394193052871168,0.9331801401752375,0.9340980434746052,0.9409720152641293,0.9367281987584054,0.9267982174200723,0.9297891481942431,0.941119624413074,0.944225143804271,0.9430808063547949,0.9376048787804191,0.9454038968742347,0.9345645830748699,0.9283941457549089,0.9409377893126865,0.9336791215709499,0.9335887477653452,0.937526618087552,0.944457866024708,0.9372476891884595,0.9387803476533063,0.9402467125848023,0.9442859598428935,0.9356342610791435,0.9262202048873651,0.9289988372832397,0.9434048820227472,0.9422429868753974,0.9351414230312194,0.93011352205847,0.9292805710168843,0.9400768560731309,0.9400685584831477,0.9381483222092188,0.9348219903324295,0.93965111724691,0.9426362161938315,0.9360461304740963,0.9391103300598178,0.9293157692727625,0.9340412124651206,0.9340785876385915,0.939294351903573,0.9377707058083989,0.9394966184963061,0.9344332877817411,0.9388008265205758,0.9404543667027331,0.9373582528120203,0.9392718875136106,0.935931290943059,0.9371065072721676,0.937726970830913,0.9351365102992519,0.9400395410410997,0.9359117086550799,0.9404481000884531,0.9348317099335401,0.9413076597007622,0.9406116166271149,0.9298464255290295,0.9443784339409147,0.9337209509215922,0.9438262574320352,0.9354001677863936,0.9375874468970496,0.9409236786189273,0.9368207235768792,0.9331786835813125,0.9396876551925795,0.9369507319598143,0.005041229392417579,188
139.09105631828308,111.92839039457583,0.33511221885681153,0.32338317423786944,0.06943579464540373,11,0.8571793203790363,2,4168,0.5486886124474373,"{'learning_rate': 0.06943579464540373, 'max_depth': 11, 'max_features': 0.8571793203790363, 'min_samples_split': 2, 'n_estimators': 4168, 'subsample': 0.5486886124474373}",0.9380124141611765,0.9443690987786977,0.9565496524264899,0.9471964816806315,0.9440036420244514,0.9524173622617839,0.9481792766965484,0.9481010735385484,0.9383310254377014,0.9479228357921488,0.9525490544792687,0.939098350430925,0.9497758966233998,0.949031550134531,0.9498120188968041,0.9514044590744453,0.9501044081981416,0.9478999271782711,0.9480279713193603,0.9419596079557412,0.9414010341504991,0.9526723261927804,0.9444050510214419,0.9502217377284728,0.9478112911930249,0.9507205087342524,0.944877008539213,0.9496901697069926,0.9431470726941822,0.9332237502338532,0.9485491363487366,0.9440542625953561,0.9451434833103335,0.9488211342805909,0.9407313634516293,0.9379750087529103,0.9405851015621535,0.9460790292073018,0.9513587997266605,0.9534608505640042,0.9468691546416855,0.9518657006419287,0.9446838324678467,0.9380099932046979,0.949771909830672,0.946941687898379,0.9369913551368182,0.9472395962841305,0.953463121043622,0.9444038153018899,0.9471207078578994,0.950488843093642,0.9512902716852915,0.9442917477292629,0.9375458504671379,0.9393752795887166,0.9498276759194895,0.9515428117359116,0.9477924224408723,0.9415206612291173,0.9425193159889902,0.94969876076167,0.9477741910889477,0.9497489780364419,0.9483485378250796,0.9484905066592928,0.9525896012900434,0.9470384332594592,0.9500468940912639,0.9388293296734938,0.9446487552562428,0.9443351754225543,0.9475933240061287,0.9456292818478127,0.9519582887525703,0.9483550000195025,0.9489306548566555,0.9505699486691322,0.944416203416567,0.9456173606723779,0.9459859783844077,0.9470027718344604,0.9496544321261053,0.9443080864814896,0.9490672856923384,0.9481451139769757,0.9468798269591192,0.9479123583859715,0.9497206332210553,0.9492439411187676,0.9406705885794477,0.9518169046349474,0.9494992263212242,0.9495436755661225,0.9437080409080918,0.9456621558184412,0.9505479376362438,0.9468886635814928,0.9424698366864928,0.9501197230365015,0.946766963878264,0.004361677791999314,145
174.59827322483062,128.24363869315943,0.5035557579994202,0.5197643244382093,0.003191404586995293,10,0.6726086011394686,2,4168,0.6447630575364863,"{'learning_rate': 0.003191404586995293, 'max_depth': 10, 'max_features': 0.6726086011394686, 'min_samples_split': 2, 'n_estimators': 4168, 'subsample': 0.6447630575364863}",0.9416541425536709,0.9481346042238823,0.9602412815307356,0.9507953567533146,0.9501070802186686,0.9553488088536997,0.950719198445738,0.9527958196356373,0.9423215481707434,0.9505009584543751,0.9570863201754443,0.9432706890631586,0.9520858560065013,0.9533802799744309,0.9536317896199298,0.9537232419676664,0.954613712456958,0.9521499028853558,0.9505669531482001,0.9466123366692009,0.9458365465726489,0.955830091674059,0.9479723851752042,0.9534687658441047,0.9516629994153749,0.9522142101279233,0.9501507075387969,0.9520859443769313,0.9475867112479378,0.9378875425610946,0.9524363227208479,0.9492176901490141,0.9478154026083357,0.9532683905564234,0.9453205805282463,0.9446879728659101,0.9466450695949404,0.9507529269866355,0.9550822962716052,0.9562022827375894,0.9521646571591594,0.9565414679515589,0.948866029513725,0.942394652024802,0.9552720268607688,0.9498098119365977,0.9414908106002994,0.950927837441176,0.957888424525151,0.9476063434611147,0.9505126041278004,0.9536090902674289,0.9550319498811981,0.9494503909404517,0.9401181844043796,0.945819164372143,0.9543321781893048,0.9577839578218452,0.9520595075677756,0.9456279193342582,0.9477040452121013,0.9517106992386173,0.9533750908438786,0.9527961934676656,0.9515104792773479,0.9529006479241534,0.9565377172799792,0.9503555063477896,0.9532872050367034,0.9448253699348967,0.9503202210871924,0.9477277140554127,0.9521022320842313,0.9521904355706076,0.9542662629814385,0.9504965850967014,0.9535775433821716,0.9544355733162321,0.9506294483486771,0.9508718623244788,0.9484879755724576,0.9524171983533121,0.9524393503890938,0.9493553752461769,0.9526037197073118,0.9508459048831482,0.9502313995423769,0.9516994373630564,0.9531030543901238,0.9533861907866205,0.9477206815833484,0.956165060232863,0.9513762913487647,0.9535358157877875,0.9468693106718692,0.9498353774920109,0.9539127406717391,0.9517471394022691,0.9462828125960543,0.9546692008547003,0.9508147659842723,0.0040616634574556455,83
214.34456984996797,151.7934070529079,0.3605794787406921,0.3686757681561848,0.004799562611044572,9,0.8559137093499958,2,4168,0.6569698307914021,"{'learning_rate': 0.004799562611044572, 'max_depth': 9, 'max_features': 0.8559137093499958, 'min_samples_split': 2, 'n_estimators': 4168, 'subsample': 0.6569698307914021}",0.9423470895956461,0.9487495073314671,0.9607566851809342,0.951839383871998,0.9513102046203493,0.956281388852361,0.9515436684819577,0.9538168510232224,0.9429015030678074,0.9504465685625951,0.9578054208065271,0.9441154056758534,0.9525357396429801,0.9531945796091017,0.9549714978927105,0.9543678079439412,0.9553813920342947,0.9529586759986763,0.951254222535916,0.9471568729195285,0.9468110561709124,0.9566140652154703,0.9474453475109553,0.9534754629407958,0.9522146670461369,0.9532470489148164,0.9505573661828602,0.9529170217219544,0.9484543521216077,0.9381690035605802,0.9526473909740034,0.94964603051493,0.9488074208582182,0.9532607993894396,0.9464430605203223,0.9451369453593845,0.9475059600032169,0.9515916074133772,0.955573343949358,0.957164807701429,0.953682600165775,0.9573208620534968,0.9494020852577839,0.943373683475454,0.9559184643275164,0.9507323822645672,0.9415655281725642,0.9517779787137082,0.9583667727888031,0.9479572213259919,0.9522106931518636,0.9547928704046751,0.9554039097865267,0.9498205517994367,0.9404904584774804,0.946913099490736,0.9550155950368613,0.9585740908357225,0.9522407791189159,0.9465346090076219,0.9478634521802771,0.9524198024172158,0.9541666517915518,0.9532334206329286,0.9523040175223929,0.953018800770987,0.9569903525001225,0.9520270911557923,0.953692742529631,0.9457417102815175,0.9513083066206897,0.9488788804279668,0.953172346320951,0.9524539836553276,0.9554287930548302,0.9511529980661935,0.9541278061803262,0.9545176874421367,0.9513538372186937,0.9514868202326717,0.949218436865628,0.9528101045257263,0.953132937532708,0.9497183169313631,0.9532736585998108,0.9520685284065018,0.9508528607913123,0.9521965530692599,0.9539309876127131,0.9542567854341308,0.9485395746139896,0.957273617214733,0.9519409407747021,0.9536552494186334,0.9473372447023499,0.9508474117452119,0.9548200569859937,0.9529601244710396,0.9473784436067793,0.9549663495296064,0.9515002914320754,0.004080421534909199,70
177.84471963882447,116.60243695584843,0.27176193952560423,0.2681751682713188,0.02319146980125873,7,0.6303748161446907,2,4168,0.9444780933334733,"{'learning_rate': 0.02319146980125873, 'max_depth': 7, 'max_features': 0.6303748161446907, 'min_samples_split': 2, 'n_estimators': 4168, 'subsample': 0.9444780933334733}",0.944282687808104,0.9519939295583836,0.9611128746756598,0.953387031272004,0.9531897562977161,0.9580721979841843,0.954062881139211,0.9545166922824904,0.9458569730091893,0.9536204441253985,0.9591430789627033,0.9465557993660209,0.954524973942772,0.9554754150398312,0.9571748196615745,0.9558417612373523,0.9563842575628568,0.9543282452328514,0.9534039085944975,0.9495657841861213,0.9484967656018989,0.957753254805239,0.9503296111966006,0.9560127404684166,0.9546749351466788,0.9542266124178811,0.9528705200515963,0.9544823215889527,0.9518351430562697,0.9414200887370803,0.9548723649733795,0.9534133257945964,0.9519048624178511,0.9555739382914639,0.9501025641966571,0.9474271246345745,0.949541329594957,0.9547760666437946,0.9566611902392073,0.9589304681372082,0.9556230469222959,0.9593502132716596,0.9512561605556749,0.9468584831826965,0.9584261519242265,0.9518387827035778,0.9459753920843076,0.9543687741880957,0.9603299582637389,0.9498474599786042,0.954716248502274,0.9564413582980422,0.9582987686693347,0.9540638129914418,0.9442662538426361,0.9496614751145814,0.9560246408709431,0.9594401670407646,0.9541217337540822,0.9507025901030657,0.9510066838280932,0.9548719511908355,0.9556372661461737,0.9554403905133113,0.9545744039424616,0.9549615635324383,0.9586502329378936,0.9544801597211252,0.9555481526472891,0.9484479613256342,0.9533201947492813,0.9516980824806044,0.9539486362806484,0.9547486479802985,0.9569999731271469,0.9536286482474482,0.9573194837336518,0.957009429276015,0.9533174406015956,0.9531146626981034,0.9506463750209618,0.9550395448740273,0.9546870318223618,0.952765117217664,0.9558859630500214,0.9542952763305022,0.9531220606847788,0.9534480311919109,0.9565506605221918,0.9563614512221021,0.952522847414778,0.9576662842968369,0.9531190916888326,0.956570817782288,0.9487977781447052,0.9516904781098394,0.9548953995587199,0.9564027875809276,0.9503442975398311,0.95702546650847,0.9536997093771707,0.003654142479906839,28
79.26089409589767,53.09150766293308,0.3175995111465454,0.3016512626302596,0.003356267169447912,6,0.40316034279043567,2,4168,0.6570271077026499,"{'learning_rate': 0.003356267169447912, 'max_depth': 6, 'max_features': 0.40316034279043567, 'min_samples_split': 2, 'n_estimators': 4168, 'subsample': 0.6570271077026499}",0.9424914161742313,0.9509579371673088,0.9603860512115536,0.9521631087180974,0.9523656513561997,0.9565833167512886,0.9512833680060133,0.9529692738663118,0.9431633288584393,0.9520636962563239,0.9572024455737639,0.9450549175471286,0.951472426219189,0.9541841849960115,0.9538975899901803,0.9546286873248366,0.9549998150987398,0.9505394062111604,0.9509836298681471,0.9481555073899592,0.9464822485387926,0.9544010425498197,0.9485362090148456,0.9532816847086738,0.9534768692660055,0.9529089885674775,0.952733341897126,0.9521718073014974,0.9514992662425552,0.9379714787796081,0.9526341842748153,0.9523018114840565,0.9490949138996747,0.9527389358149996,0.9500014958269486,0.9450096662817226,0.9472907292958576,0.9515613754168566,0.9553291155805582,0.957370387592672,0.9516080397506248,0.957380229783871,0.9491197823218681,0.945093837167515,0.9540535584343053,0.9508827671155627,0.9456652271095841,0.9516028285174598,0.9581286743891435,0.948243756970652,0.9504189290060034,0.9540125760485397,0.9568742810908109,0.950989644039749,0.9427967449064549,0.9485702466631609,0.9547857338869603,0.956620729164667,0.9527504289107863,0.9469602821401534,0.9474939326710078,0.9544840607205688,0.9533727169824212,0.9515886326254999,0.951751387309233,0.9535034224592968,0.9556522791861217,0.9528295859780447,0.9534995209449805,0.9461672747276,0.9508863399561771,0.9500796875315776,0.9519049358936562,0.9504371449709731,0.956043071982359,0.9489783748765723,0.9536918521549188,0.9553097025120603,0.9513539993243644,0.950513991774014,0.9475274092756063,0.9534876240635854,0.9533568742383359,0.9504579879214071,0.9531282822969327,0.9513559174644962,0.9506040050514244,0.9505796211284244,0.9547870023711776,0.9541211136071294,0.9480575339972771,0.9548310793129767,0.9528475434285824,0.9552306554027614,0.9475071187215963,0.9509541816858611,0.9529126128748471,0.9532055259914439,0.9472427061793315,0.9557011672417237,0.951563374851737,0.003702938990627804,68
112.15433345079423,55.742982646031464,0.2308218765258789,0.23939609077521062,0.016189743372400367,6,0.53528123200517,2,4168,0.8397857166533368,"{'learning_rate': 0.016189743372400367, 'max_depth': 6, 'max_features': 0.53528123200517, 'min_samples_split': 2, 'n_estimators': 4168, 'subsample': 0.8397857166533368}",0.9453200932205897,0.9541106962107495,0.9631344570518192,0.9550964640884905,0.9554932408315018,0.9595937649166203,0.9544828696971382,0.9565135487385641,0.9473333467247269,0.9555469771390537,0.9602747336176183,0.9480756553618603,0.9550913956805412,0.9571971873445669,0.9576500170826863,0.9574821186687942,0.9581128405789215,0.9547499199159932,0.9543427729816432,0.9513349131904819,0.9500515502106515,0.9575567119096916,0.9515942904343196,0.956366621781783,0.9568612281432305,0.9558201206310324,0.955894020754865,0.956200772729037,0.9538085943409802,0.9429694640597929,0.9561728705771018,0.9552135432245271,0.9537954712968576,0.9570398227883333,0.9518133759600178,0.9488533668787441,0.9518482162736357,0.9553475872987445,0.9577292688517126,0.9608509926879427,0.9570051403340797,0.9599672867887457,0.9505509309019675,0.9478463860753034,0.9589778160519671,0.9552230662387675,0.9491305989192036,0.9536929978905223,0.9614668475331836,0.951037638481654,0.9550704561924457,0.9571068772511168,0.9597320432990488,0.9552492176735948,0.9448372516285996,0.9523778726920398,0.9579288928834819,0.9598132049453714,0.9549760826833396,0.9512090569306049,0.9524056878338334,0.9574043689089996,0.9566049128200614,0.9560686201402506,0.955609071634831,0.9571927273025501,0.9592873986797765,0.9559262740440214,0.9567547854185725,0.9500624291414979,0.9553441493379824,0.9524088610065997,0.9557051896314779,0.9545249168161576,0.9585302668739598,0.9530803650502248,0.9578719315847404,0.957457192956134,0.9542936927560051,0.9543281071150576,0.9520610549385246,0.9565687764880476,0.9556118028762405,0.9533602028309383,0.957688463148809,0.955792417370327,0.9553451731945403,0.9542035164783385,0.9576367766807945,0.9574085059018025,0.9531112117779778,0.958044034588312,0.9559745848486462,0.9592816347716471,0.9499207387217885,0.9539286232668157,0.9568646202957035,0.9575030265199305,0.9521686242107738,0.959533592682141,0.9550279289991522,0.00360144268580856,4
84.37424794197082,41.79024587193909,0.4119273638725281,0.4228146403079386,0.054788337132392936,9,0.34776668222138757,2,4168,0.6997728671267625,"{'learning_rate': 0.054788337132392936, 'max_depth': 9, 'max_features': 0.34776668222138757, 'min_samples_split': 2, 'n_estimators': 4168, 'subsample': 0.6997728671267625}",0.9455279132653431,0.9505500836907492,0.959391447714236,0.9520604240384817,0.9516192253753997,0.955269409307216,0.9518601445396172,0.9527387958281243,0.9430938723364787,0.9515869438526589,0.9588748639553017,0.9449853313028185,0.9531427966296041,0.953351312370584,0.9556921717947054,0.9532874026111963,0.9548272172747349,0.9520503313021031,0.9519500135332587,0.9476045605584039,0.9456847857758245,0.9549069511338061,0.9469153709571085,0.9552442046693379,0.952623034775967,0.9510104859764895,0.9541924434770044,0.9511137209867302,0.9483647746440939,0.9394769907053397,0.953446467377578,0.950874862207903,0.9519083126421252,0.9529948171387771,0.9473472446355572,0.9470707838708108,0.948243341697493,0.9528314903546259,0.9542625763449316,0.9568656228637331,0.9542751161030844,0.9576571473262643,0.9491203303855296,0.9436532700972043,0.9568030424454411,0.9513724920683884,0.9453050974419289,0.9500262088703878,0.9578301877746663,0.9502548676936738,0.9516160332816308,0.9541703912349097,0.9556426609638693,0.9517911018465217,0.9422590094976377,0.9453345975306242,0.956289498208926,0.9568496440882686,0.9527598326476991,0.9462720291517819,0.9488705350658989,0.9528923648221365,0.9530697429644166,0.9530514462858901,0.9534207379051443,0.9528615473318214,0.956292377778473,0.952879019423326,0.9533090024925506,0.9482521978704715,0.9510877953233525,0.9496944951379424,0.9522357645559933,0.9524041866894604,0.9545951214402977,0.9494717491785909,0.9548221806059338,0.9559804673206733,0.9514172989221216,0.9520101975161764,0.9486887725755235,0.9537422335166094,0.95212875814127,0.9505095879733337,0.9535230976997273,0.9511386642582726,0.9517387503985146,0.9512069420893818,0.9550497966329996,0.9534359675270093,0.949351117475325,0.9553983079751834,0.9517407507924186,0.9559762948951898,0.9485719361711309,0.949515457281179,0.9539455486502971,0.9523422421884447,0.9462763346835689,0.9563581278691122,0.9517338201959987,0.0037026750118669366,65
199.60964599132538,91.69267280048277,0.28105739831924437,0.2880150700295653,0.06153412392775783,8,0.8128183149846561,2,4168,0.814862939539932,"{'learning_rate': 0.06153412392775783, 'max_depth': 8, 'max_features': 0.8128183149846561, 'min_samples_split': 2, 'n_estimators': 4168, 'subsample': 0.814862939539932}",0.9414666428628622,0.9479659689059745,0.9597156540818939,0.9494978840783744,0.9518639945475681,0.9555384960637775,0.9498907491377944,0.9535123392329998,0.9420347577024561,0.9497555987776252,0.9567877682252799,0.94308156634954,0.9525543278729062,0.9517426454718572,0.9534973400729544,0.9527352152741797,0.9542472733244016,0.9510799740381097,0.9543659891755091,0.9448275507325837,0.9464211418122286,0.957366316175762,0.9468918797008167,0.9528428529049944,0.9526062006885627,0.9513646945271134,0.9492806211044325,0.952931010785753,0.9490920339049614,0.9351618088531991,0.9533669940426283,0.9501427279278593,0.9485071703992405,0.9516692223726474,0.9494930862097376,0.9447609105335304,0.9468281985209355,0.951688014693585,0.9551933688828266,0.956141191589742,0.952104881380093,0.9569360590033928,0.9476262439576237,0.9424498870924002,0.9546994109699593,0.9497644880386348,0.9423911319893445,0.9519862291309993,0.9584081568148131,0.9466041032439492,0.9504183922287966,0.9534379704910231,0.9543311203524905,0.9503202734556062,0.9396918806921317,0.9459828947668384,0.95420868601593,0.9570031712671672,0.9499488209857413,0.9469425849428328,0.9467938495489557,0.9523266617658313,0.9533663427211636,0.9521102062772856,0.9526941229519028,0.9516035540403482,0.9562834690224561,0.9503516019152508,0.9523601552584986,0.9451821412982647,0.950277457721466,0.9487582785742726,0.9520143545649528,0.9525498872105365,0.9530465200587552,0.950337553012815,0.9542025212202198,0.9526271035883459,0.9508385183027315,0.9496869148300663,0.9485499251870316,0.9496291686851281,0.9539256903091413,0.9477614402350691,0.9530692185629396,0.9510386572298752,0.949448718588364,0.9497723699506395,0.9526153964429477,0.9537125670918151,0.947988055866965,0.9548909914959329,0.9528862130121467,0.9516768546593515,0.9455858589319366,0.94876360163781,0.9531929777036472,0.9530057947874948,0.9462623655477024,0.9565762497392309,0.9507093089792826,0.0041507375871363775,86
52.87561909914017,46.26265607745357,0.19827898502349853,0.2088518481921141,0.08604354073824311,11,0.3991872014862037,2,4168,0.7122797082916403,"{'learning_rate': 0.08604354073824311, 'max_depth': 11, 'max_features': 0.3991872014862037, 'min_samples_split': 2, 'n_estimators': 4168, 'subsample': 0.7122797082916403}",0.9367548927725928,0.9443115006924682,0.9561446719687028,0.9444057059535753,0.9462884825556417,0.9494273397896059,0.948322399258606,0.9468064415298328,0.938216320575249,0.9462761866602842,0.9517593631340356,0.9375647884814216,0.9482244580414145,0.9480271481917932,0.9501934608043945,0.9504171312443543,0.9505263440112935,0.9464118075755265,0.9475751417731306,0.9412090599687171,0.9396454972613402,0.9529942502090767,0.9455404926787996,0.9484766099688264,0.9482042665173651,0.9464322355418083,0.9460058367531674,0.9489707284458879,0.9465484488099705,0.9343056994823951,0.948404151675159,0.9443878855464872,0.9470579665042262,0.9495768506589461,0.9419301452031196,0.9424198823549669,0.9435609882232195,0.9460004157281119,0.9506658445513135,0.952750002521779,0.9485343639800199,0.9537101256337568,0.9476781297966652,0.9397600461064965,0.9499133225389205,0.9463881201099814,0.9384088235544845,0.9471290958768412,0.9542349378006434,0.9431518908911618,0.9455394392718343,0.9486917610345524,0.9516345505468009,0.9450872699054811,0.9363010784829777,0.9422437195809307,0.9509009401741636,0.9538533308581036,0.9478884531585903,0.9416023315695292,0.9435719571561618,0.9482139941380638,0.9493620679305258,0.948581543018366,0.9484805655854849,0.9487557061208902,0.9521292355597539,0.9458874654970976,0.9481903396825567,0.9408689860180223,0.9465654842661441,0.9446236594566695,0.9471717400629338,0.9502074517720831,0.9517963971169772,0.9465520512881017,0.9493151876007039,0.9489812806278468,0.9459481697193206,0.9452029476749593,0.9470988621246474,0.9494328768607644,0.9481446260525231,0.9447322144704621,0.9499344111156452,0.9469077280152431,0.9478682974393204,0.9467721569887049,0.9468991993771811,0.9481722981292754,0.9423446306205715,0.9505332177838414,0.9489161530233551,0.9493454568520019,0.9427237646704959,0.9466294879727785,0.950537764593905,0.9469883922589062,0.9431227265325409,0.9511963462231942,0.9468409941588856,0.004047275160342992,143
279.48250172138216,134.73472493025272,0.552644898891449,0.5627876583679247,0.016322835066573,12,0.7497917001202787,2,4168,0.7769314170068949,"{'learning_rate': 0.016322835066573, 'max_depth': 12, 'max_features': 0.7497917001202787, 'min_samples_split': 2, 'n_estimators': 4168, 'subsample': 0.7769314170068949}",0.93651601556595,0.9432024465908406,0.9553660622606835,0.9462677458450961,0.9448765624700507,0.9503863051200541,0.9453932366098379,0.9472742672834319,0.9364165975815424,0.9464490977253748,0.952390309827827,0.9374201275547549,0.9474497592671832,0.9473788338611828,0.9497194828817604,0.949902442354901,0.9487062474432524,0.9483969429598265,0.945956116844874,0.9410996072951807,0.9412836255047704,0.9521867816098065,0.9423164124947828,0.9486434086550786,0.9448944917696499,0.948029344873677,0.9443107513043226,0.947202857931816,0.9424675919328117,0.9315533640462561,0.947637032016977,0.9434130166889362,0.9417461390046984,0.9475221235617498,0.9374689632618639,0.9391604901667968,0.9409126438101251,0.944867787512947,0.9509307784847841,0.9519580327639126,0.9472716719271967,0.951232257288166,0.9456352224684141,0.9369138084655667,0.9505695771368844,0.9433130581094262,0.9340081542838135,0.9467730598375371,0.9527953911740924,0.9411093979301569,0.9476666624345849,0.949026677847657,0.9504428618359397,0.9442973140972887,0.93475090621061,0.9392971646854522,0.9508694620775249,0.954110073807934,0.9467188456582557,0.9399005020227285,0.9423153796624428,0.9448637443276293,0.9488200308174858,0.9470519879436802,0.9461089332403524,0.9488326955043889,0.9517514552794455,0.945832533495431,0.9482651535734145,0.9400236461107653,0.9461225680728782,0.9424376041701443,0.9456963691059522,0.9475729689733602,0.9502730209832284,0.9450819181213409,0.9484395717149572,0.9497476123522698,0.9452785594762732,0.9444027907030441,0.9427503615163995,0.9470865549048051,0.9480378721732753,0.9450489515497813,0.9472108200592972,0.9464896484636238,0.9439530255724378,0.9463884574573047,0.9481431434244922,0.9492189762802137,0.941865882281042,0.9515110038334471,0.9453804168534318,0.9483511149911086,0.9424122919655242,0.9439760208024035,0.9484832782924305,0.946652862932743,0.9395210871966058,0.950011106041486,0.9456718733425893,0.004523108383712545,157
165.67581454753875,104.70472375774948,0.2491344690322876,0.2607483005058402,0.01584691190537599,7,0.6872650252991945,2,4168,0.8354288260409601,"{'learning_rate': 0.01584691190537599, 'max_depth': 7, 'max_features': 0.6872650252991945, 'min_samples_split': 2, 'n_estimators': 4168, 'subsample': 0.8354288260409601}",0.9461252730261893,0.9524344078810775,0.9619663650872471,0.9531890909581587,0.9543654320687464,0.9580318763638095,0.9548890923029798,0.9560918344416908,0.9457255378917623,0.9535613152769531,0.9600167360262897,0.9465827948515199,0.9552919081599783,0.9557751936469293,0.9566685198020874,0.9565079744426536,0.9577875256334798,0.9549801457081009,0.9535086049701194,0.9497498871508719,0.9488210840625197,0.9579742327676015,0.9513603026163857,0.9559068650218105,0.9560128215531505,0.9549785051898053,0.9535395944650233,0.954541392594783,0.9522826784985395,0.9407040799584666,0.9553927807990168,0.9541083341718827,0.9516219663983826,0.9555742250037573,0.950847111865971,0.9489363471312371,0.9501340141322588,0.9553305590813205,0.9573366885541176,0.9602576550779485,0.9552911245921648,0.9592437658394193,0.9509688047884294,0.9464464422979838,0.9584968450250541,0.9529865237999267,0.9456296913105384,0.9552459575830121,0.9600748885793644,0.9497589786113699,0.9540793464886368,0.956669075973351,0.9584542276100272,0.95403021364785,0.9449609912377528,0.9501030752993704,0.9567867329323357,0.9607163002476926,0.9544072974058234,0.9499391575543249,0.9520283687822896,0.9561084243816762,0.9568457827054058,0.9557988926822946,0.9540477261496442,0.9563190171511513,0.9591649405895509,0.9542934493920979,0.9558256014798819,0.949127288581678,0.9546668233765608,0.9519379530366963,0.9549376522083028,0.9546127942358765,0.9570787305960633,0.9538829939616819,0.9576627875033162,0.9568557976575257,0.9537848883144793,0.953328858535377,0.9513946205718943,0.9549224763232657,0.9555930843659008,0.9522873764343821,0.9556366625302984,0.9548336879851781,0.9533441558414144,0.9535361607828805,0.9573708540647204,0.956750084415354,0.9513593487260595,0.9577282731770296,0.9545233959202113,0.9566185604995409,0.9488567475940495,0.9525408438069516,0.9568281012963923,0.9560414934780184,0.9500361402292057,0.9581552246028179,0.9540986625942617,0.003745341470167558,17
265.30291800260545,133.38478319227286,0.3055217480659485,0.31333376892466613,0.05355380716983466,9,0.8516759306417123,2,4168,0.8267151299576464,"{'learning_rate': 0.05355380716983466, 'max_depth': 9, 'max_features': 0.8516759306417123, 'min_samples_split': 2, 'n_estimators': 4168, 'subsample': 0.8267151299576464}",0.9390185576643576,0.9459685272559588,0.9570569046409875,0.9494906759292125,0.9485624921166845,0.9541713275288085,0.9496966741854578,0.9508247175873328,0.9391936549905974,0.94827993423788,0.9549962093756559,0.9404545389894141,0.95079776949151,0.9511775704070226,0.9521820169083717,0.9518326028129575,0.9526652916522601,0.9513194853582543,0.9486144592793827,0.9432246858344672,0.941361781814659,0.9542244134145887,0.9445153059215552,0.9519314579030014,0.9483498794585623,0.951020717487736,0.9470255363708167,0.9491444569553046,0.9453574755540259,0.9348946670215953,0.9502868866588667,0.9468850412596143,0.9461343385618701,0.9504026576955455,0.9454600153567578,0.9432261758825493,0.9459128651980845,0.9489932238455172,0.9547076639019842,0.9554306235492959,0.9515853587099651,0.9546749267656452,0.9465877984078597,0.9385060786308452,0.9545683220910485,0.9460559697087574,0.938071407988616,0.9479867589174747,0.9554135577981538,0.94442861077937,0.9500042734334193,0.9515875820299023,0.9523496948409862,0.9466221804313003,0.9356304355067836,0.9432502113744092,0.9521792300072469,0.9553315519186586,0.950214806967075,0.9428455307103715,0.9439952681218442,0.9490820576223701,0.9525551036277674,0.9504216063686123,0.9501912702782247,0.9498161804709345,0.9519997390059275,0.9494439300795485,0.951193189278307,0.94325072580686,0.9480105626997242,0.9463212499178296,0.9488730086202971,0.9517704041591307,0.9523010187626171,0.9479374550266644,0.9514007698621105,0.9519294416439325,0.9485198831303641,0.9487407226338194,0.946581038197364,0.9495493742178883,0.9496072751228414,0.9475476521205298,0.9504213380697658,0.9491073712532339,0.9476765590245866,0.9485926278401736,0.950893212407461,0.9511762764126157,0.9458116859182255,0.9531164019084652,0.9502112781080201,0.950629025559433,0.9456832557842629,0.948498561894855,0.9514605833036852,0.9505237414463125,0.9448926416948747,0.9518549808597552,0.9486427603533764,0.004344860550785053,119
82.5191834783554,61.68462641215014,0.1412914514541626,0.14715076647684242,0.20219609705389646,8,0.6457866927126358,2,4168,0.7119526142089139,"{'learning_rate': 0.20219609705389646, 'max_depth': 8, 'max_features': 0.6457866927126358, 'min_samples_split': 2, 'n_estimators': 4168, 'subsample': 0.7119526142089139}",0.9322612997374765,0.9394104941167356,0.9522261873830047,0.9420591910652568,0.9434311308709474,0.9482454749871,0.9433982767900396,0.9459160059103278,0.93391435026282,0.9428599511313872,0.9482568309052561,0.9320415819733718,0.94461826234432,0.9459731912237931,0.9493378532692409,0.9477028262378852,0.9495158019264156,0.9480562541290168,0.9435848063367839,0.938851626070833,0.942174381895891,0.9453532689425893,0.9393553847433939,0.9465554226402518,0.9412810468832141,0.9434947163033387,0.9423119477824309,0.9455703423741897,0.9440286570561264,0.9296313647231577,0.9448426057120476,0.9426247275644738,0.9428108790400139,0.946461971338669,0.9396365266890352,0.9370689894638474,0.9420733282859836,0.9443808636273479,0.9496954503115271,0.9526356614941542,0.9437981028439971,0.9484074117984985,0.9382678551295056,0.9342307242408925,0.9508695592300569,0.939172870402373,0.9333789832936479,0.9456691748677121,0.9505782975637281,0.9393115482182827,0.9460968198549045,0.9476026653488319,0.9472708018819473,0.9448437956012926,0.9329064746201963,0.9400659971686343,0.9481788784785627,0.9525305892437936,0.9437905190307526,0.9385991601625165,0.9374043097883479,0.9478884349938036,0.9443400529342282,0.9459999414467122,0.9419474206677526,0.9474579607255997,0.9478263579281835,0.9465432358009931,0.9463500655906883,0.9364931816930923,0.9439419948459538,0.9416415671992772,0.9417796341773155,0.9449229645378969,0.9449907630683428,0.9394072851489152,0.9484284162558906,0.9481740449238979,0.9436944057192327,0.9432345465249191,0.9407943851245403,0.941957253968238,0.9436531686153596,0.9421727139523275,0.9453976819999861,0.9409155809446312,0.9432517625224794,0.944083586852261,0.9471949281626669,0.9445999465482868,0.9390884330816832,0.9498282237067958,0.9468952378229883,0.9478520237302405,0.942830829232126,0.9405547555159165,0.9472156618905893,0.9488955736629904,0.9404025775137341,0.9443041074460604,0.9436357417878878,0.004653609993844254,170
117.67285244226456,68.70071499195288,0.629448561668396,0.6282017644960892,0.030201149519229455,12,0.44571937758017954,2,4168,0.5528977566463089,"{'learning_rate': 0.030201149519229455, 'max_depth': 12, 'max_features': 0.44571937758017954, 'min_samples_split': 2, 'n_estimators': 4168, 'subsample': 0.5528977566463089}",0.941460664534946,0.9492847137500867,0.9594201203466434,0.9514157223972722,0.9492319020507896,0.9543302341013578,0.9495698636280985,0.9510700978889391,0.9423131385207771,0.9504618222003101,0.9552346245729902,0.9430342044646902,0.9512052378279158,0.9525042101701826,0.9518795985809279,0.9529072532950584,0.9536146386267935,0.9496710142789219,0.949764236150144,0.9451320216357936,0.94442055289467,0.953436398312097,0.9476777818564127,0.9526445960008054,0.950997728070849,0.9514361363561618,0.9477602333003461,0.9515070730415103,0.9488319527766472,0.9375134244016546,0.9504597454003219,0.9487121222202888,0.9486930126945644,0.9522635364323208,0.944888125171818,0.9424755524508736,0.9451797202254111,0.9494839873397926,0.9539668931674905,0.9553615309613381,0.9494716302997431,0.9559996643455293,0.9468699441886103,0.9417267446533352,0.9540995839249651,0.9492951718695344,0.9431437224194362,0.9494772638768567,0.95682726967158,0.9474488747011917,0.9490159892970634,0.9524103911140667,0.9541980620484684,0.9478808497265244,0.9415171624987972,0.9432926729772655,0.9532333306161015,0.9564608287629616,0.9511851272397414,0.9440283194685872,0.9466688295556941,0.9496183377372203,0.9501547423564631,0.9509643253654626,0.9500351510940854,0.9512452454066909,0.9550293473630436,0.9485305750840415,0.9529540632840849,0.9444386794168886,0.948076261579233,0.9470275487157815,0.94975809232527,0.9528235849357275,0.9552039018734567,0.9490184911653566,0.952730656168625,0.9535764482922361,0.9482594219286422,0.949485677788309,0.9472398755278875,0.9515437435442903,0.9504686546668274,0.9478283211190901,0.9526339985455182,0.9489911649024924,0.9509135606362971,0.9513030119648357,0.9530635393424114,0.9514676985517382,0.9460832562015161,0.9552306630837867,0.9528492145163261,0.9520421983978538,0.9478447895930289,0.9489231521436278,0.9523776504246143,0.9506389240995021,0.9454522394741588,0.954875963361422,0.9498616902733191,0.0039061359760007527,104
213.72361888408662,136.7127978002412,0.3248496127128601,0.32029831557749,0.029271953442410396,8,0.7536264877232794,2,4168,0.8066003212782946,"{'learning_rate': 0.029271953442410396, 'max_depth': 8, 'max_features': 0.7536264877232794, 'min_samples_split': 2, 'n_estimators': 4168, 'subsample': 0.8066003212782946}",0.9430978747753666,0.9488027069788261,0.9611363468402438,0.9511574006003451,0.9513520811099656,0.9563295697968842,0.952391803331569,0.9529729233868376,0.9441198872404658,0.9511208747620131,0.95814811604968,0.9443423033451254,0.9525862514065384,0.9539426138336803,0.95579109884374,0.9543597371947385,0.9559747693569135,0.9528522819441944,0.9521145690312933,0.9467869276150194,0.9475281412451166,0.9567448265907221,0.9471833371746893,0.953952255192639,0.9536122688010966,0.9527729282265422,0.9507188740283629,0.954353280118589,0.950219830479158,0.9400879410333928,0.953509555718613,0.9520764354504921,0.9498645165779144,0.9543345445399999,0.9477546027048115,0.9454559581743853,0.9485293799431254,0.9523969622845551,0.9550050307823886,0.9576759200900516,0.953644353434859,0.9567019321865277,0.9495989874787921,0.944465348501064,0.9565767329983185,0.9515689311166105,0.9419479177247924,0.951619933296127,0.9584941245620668,0.9478808037391239,0.9523906097437801,0.9546595216173928,0.956521507577122,0.952161682234456,0.9423018902886935,0.9471660638351272,0.954230097982606,0.9586180053421981,0.9520602465310722,0.947509328405717,0.9485848882773715,0.9529795421427458,0.9542269567513307,0.9536164966506061,0.9526604225700356,0.9539857267121926,0.9565159109732745,0.9515947436461031,0.9542568176457579,0.9467214133159672,0.9505098725480644,0.949244701964253,0.9524306286602471,0.9538951945861817,0.9549433471569145,0.9505752754692828,0.954895638902858,0.9541819051682128,0.9513872326465568,0.9512931168747183,0.949458665154673,0.9523867465433833,0.9538390618467477,0.9505959146247985,0.9537084051875012,0.9524758121964297,0.951153363457081,0.9514847392486578,0.9544462540788552,0.9549352650988172,0.9496551384107002,0.9567072417585114,0.9525202046477533,0.9542773874101107,0.9486155097429545,0.9518662972918175,0.9545523350191534,0.9535388363869768,0.9482706170864861,0.9561266023289773,0.951923889753796,0.0038552962594136,62
76.15798085689545,59.599383554155764,0.31091804027557374,0.315073055944871,0.009826069993112911,7,0.38456564633196666,2,4168,0.636436732318915,"{'learning_rate': 0.009826069993112911, 'max_depth': 7, 'max_features': 0.38456564633196666, 'min_samples_split': 2, 'n_estimators': 4168, 'subsample': 0.636436732318915}",0.9469352043217637,0.9550218486426196,0.9640035535968047,0.9553219806638001,0.9560200504149327,0.9603042198168326,0.9547268604110098,0.957205125653115,0.9471921301345103,0.9547870379423514,0.9602629978982627,0.9485251615285957,0.9559750428007335,0.9577867660577546,0.9576339987728751,0.9577406926813277,0.9581946897157446,0.9552484753550873,0.955220860166814,0.9511692988402493,0.9495564944431614,0.9576931542543743,0.953142223307254,0.9564261581624347,0.9566460599181106,0.9560769418607858,0.9556837085830784,0.9567205313518203,0.9539638066208264,0.9432977159968459,0.9560580499903075,0.9550747643620024,0.9540862082360435,0.9570252711468722,0.952646061395361,0.9482928008376892,0.9522693330969226,0.9548396221502753,0.9585988259861148,0.96142126967255,0.9569709423844364,0.960790161912061,0.9524384949323306,0.9483187347057553,0.9590211462984343,0.9548997088967675,0.9480243879388871,0.9550063962051872,0.9616605744168447,0.952098001426863,0.9551893408456964,0.9578495776583473,0.9596968997620786,0.9543974182034591,0.9459089865841659,0.9511387978748145,0.9587827529712594,0.960367184489112,0.9563295231804305,0.9508133023902346,0.9529038402820371,0.9577737319142671,0.9572898778827048,0.9566003079263692,0.9557095381823101,0.9568230973301094,0.9600705094129545,0.9558251994951151,0.9575166296371213,0.9509832118607554,0.9553537790988229,0.9528665234838917,0.9566331055434474,0.9554347562711603,0.9593207310577685,0.9535890347177978,0.9580456430075679,0.9578352967747664,0.9555896628501758,0.9547738221132505,0.9525819590412106,0.956899402538402,0.9559358387462956,0.9540154802782598,0.9580088193081538,0.9558834564712803,0.9551032671270363,0.955010649594767,0.9590243228183549,0.9576579802655574,0.9534629281027597,0.9590147421554405,0.9559849992327563,0.9591500957408309,0.9506277912188035,0.9544154467162559,0.9580217337238006,0.9557673554136733,0.9517408134014675,0.9591507669738389,0.9553689347757651,0.0036122178036955385,1
81.89229260921478,71.51726104589655,0.2352604627609253,0.24475517167154298,0.0033572327977361665,5,0.46436425893378597,2,4168,0.6975992433574473,"{'learning_rate': 0.0033572327977361665, 'max_depth': 5, 'max_features': 0.46436425893378597, 'min_samples_split': 2, 'n_estimators': 4168, 'subsample': 0.6975992433574473}",0.9397875258161354,0.9479097811293751,0.9579437180309539,0.9496457607879794,0.9500291713484281,0.9542262872145698,0.9490282564482714,0.9494330650712953,0.9399704101136573,0.9497392804122736,0.9549024261461956,0.9419264580303749,0.9482293283842584,0.9510548369765233,0.9517930879059485,0.9527760587611612,0.9526151989371562,0.9470398052112441,0.9476238998966373,0.9458761254589416,0.9436560013799788,0.9516412067835706,0.9453938497032915,0.9502606252753567,0.950375364970421,0.9506861250889392,0.9502474938463782,0.9492882276223773,0.9489982398703442,0.9359299813597719,0.9500369747469104,0.9497387612580178,0.9457332134174338,0.9484321101092675,0.9480977483772217,0.9416967458736105,0.9441812530960432,0.9490458719382271,0.9526243637943159,0.9547994560406662,0.9484421253137085,0.9551219049421735,0.9469173707256013,0.9424806482364858,0.9510141425239628,0.9481699721434518,0.9433006547597674,0.9497649325088898,0.9554736599787497,0.944580699204019,0.9480837907653299,0.9512624880627102,0.9546222216411939,0.9477349385568234,0.9404553783779767,0.9460297001587156,0.9515999224854989,0.9532590338509203,0.9504964202111948,0.9443644910021882,0.9444573306848646,0.9518828701505827,0.9512271669126245,0.9486246081960265,0.9489488330474045,0.9510605564478339,0.9533328020206611,0.950673039149511,0.9501323636186408,0.9427409868101708,0.9485270017129667,0.9479840884053612,0.9489916400596247,0.9470264007094,0.9538744995973376,0.9459306030552649,0.9509819488287353,0.9538674459804224,0.947657097302455,0.9474973125694905,0.9435188771519659,0.9510066029332405,0.9506710177691682,0.9483024616535746,0.9495057940436393,0.9480759653327506,0.9474314006835849,0.9473330862149613,0.9522704485509824,0.9520574074083422,0.9439956375393584,0.9522164314321017,0.950314218563114,0.9528910271378325,0.9441555094379469,0.9489095435721062,0.9492691511840575,0.9514889417955918,0.9443688472752784,0.9530326382751765,0.9488182219529704,0.0038542216659882317,117
173.4571628856659,116.46035936483078,0.30519774436950686,0.30726210699432893,0.00266058533728436,7,0.7843776713248867,2,4168,0.7334971504850345,"{'learning_rate': 0.00266058533728436, 'max_depth': 7, 'max_features': 0.7843776713248867, 'min_samples_split': 2, 'n_estimators': 4168, 'subsample': 0.7334971504850345}",0.9430126686523684,0.949458560031064,0.9601193407110894,0.9514783884915965,0.9519470155804218,0.9568728554044331,0.9516186698287313,0.9523698171998043,0.9428936054780155,0.9513866794723329,0.957607609833841,0.9445829895966321,0.9520065897803406,0.9537773845484757,0.9546518444107179,0.9543166644152477,0.9549541439915792,0.9523612522276268,0.950496675707273,0.9477898626145868,0.946321529915366,0.9557674780048435,0.9478451915939555,0.953204780465229,0.9521079479268871,0.9526706786089263,0.9517163302754803,0.9520137555090262,0.9497936207612049,0.9378987027116731,0.9530042560488338,0.9516307290836454,0.9485140792945708,0.9522581691854054,0.9487202899974985,0.944975631445704,0.9473619550687872,0.9514180400763581,0.9553220974995209,0.9573849083316633,0.9524330257313092,0.9573764114248695,0.9492801613179238,0.9437576275204853,0.9553244649092003,0.9504081123033492,0.9436021033302189,0.9522686672197875,0.95815085902759,0.9474077224996801,0.9520466128509528,0.9539744734103519,0.9559123364681308,0.9506171042524264,0.9420650594091449,0.9475825812276478,0.954389254966609,0.9574034485091241,0.9521340336901308,0.946458744391858,0.9476570360573466,0.953700386287267,0.9542602500411899,0.9521946997403778,0.9524987367849238,0.9534931450637522,0.956555796223211,0.9524161187283193,0.9529012530786674,0.9464649018460247,0.9503609234838214,0.949496158574022,0.9519264171480454,0.9516896881608556,0.9553661776224336,0.9505118367535258,0.9546336815409662,0.9545164460353086,0.9505039823296947,0.950906691838833,0.9478062823020527,0.9518946231899429,0.9536742946414177,0.9503300853983376,0.9523714679334812,0.9519013650941789,0.9503788821626291,0.950951394791457,0.9540213873126799,0.9544441582590116,0.9489805823915223,0.9559788165251145,0.952211431484481,0.953623067320665,0.947065085353974,0.9505611101044519,0.9533169802110018,0.9531132653302257,0.9474840460140882,0.955414493950666,0.9514380274135152,0.00382694731187575,73
271.8853251218796,169.2023352782771,0.6174174928665161,0.6267158071346292,0.0044257514856917415,13,0.7492105015632795,2,4168,0.7213276284945062,"{'learning_rate': 0.0044257514856917415, 'max_depth': 13, 'max_features': 0.7492105015632795, 'min_samples_split': 2, 'n_estimators': 4168, 'subsample': 0.7213276284945062}",0.9370077803888764,0.9430527515941444,0.955191387465765,0.9461985910800169,0.9457450266891727,0.9504052711721886,0.9468784094389027,0.9479928771959537,0.9370530675000427,0.9460699051137075,0.9527667143451011,0.9371432502034307,0.9477451122397094,0.9483598431800752,0.9495420864264187,0.9497220454724236,0.9496870330482156,0.9481241956645894,0.9461736317748128,0.9408412102742926,0.9408866809085564,0.9528153064019205,0.9428952445745198,0.9492362613685684,0.9458509226883148,0.9490531162135034,0.9449088804915283,0.947957676742938,0.9424583090459278,0.9314526029737197,0.9483176371085501,0.9434390928547981,0.9425583252756398,0.9488278052082978,0.9389487773458287,0.939823624968473,0.9416469050882166,0.9453446137571551,0.951464878350858,0.952102410960781,0.9474995490023115,0.951830952388376,0.945606572407389,0.937778562448174,0.9503393024302351,0.944972750735781,0.9348033417529238,0.9464889537739402,0.9536828083253952,0.942973546563288,0.9467288842640885,0.9490224188310177,0.9502309929178132,0.9443425035947145,0.9342601383151772,0.9404014805667744,0.951090107902292,0.9545935649896585,0.9471456990869962,0.9398069662721524,0.9425079223425058,0.9467058131701123,0.9489568561863352,0.9481120526091544,0.946344669618845,0.9485583666593966,0.9527133199593978,0.94589833273433,0.9491447244955599,0.9401883198260309,0.9459206123078974,0.9430218362442055,0.9473559465833825,0.9473493686533943,0.9509319661333759,0.9460506440959937,0.9486831070816661,0.9499286651058466,0.946044396111437,0.9454914294553323,0.9426990463846621,0.946986352763983,0.9479541250366904,0.9458723018718087,0.9480744706921943,0.9468095927807813,0.945191187505194,0.9469329639522502,0.9478484648249433,0.9491567858061616,0.9419239914862465,0.9522909828867867,0.9462122522926377,0.9486866087379038,0.9426547059671476,0.9451033249942951,0.9495530720547851,0.947507916424529,0.9405738340780777,0.9509075702894849,0.946121362593692,0.004511433723188233,153
356.67662259340284,169.68456082735057,0.6201239991188049,0.6059718587984713,0.009541050504959124,12,0.7890396477363382,2,4168,0.8551719409776926,"{'learning_rate': 0.009541050504959124, 'max_depth': 12, 'max_features': 0.7890396477363382, 'min_samples_split': 2, 'n_estimators': 4168, 'subsample': 0.8551719409776926}",0.9349509247258554,0.9417015241587599,0.9544753125852738,0.9451386757908137,0.944235847878077,0.9488368556735843,0.9445017339901703,0.9467004455324818,0.9354982269082057,0.9446897950078192,0.9516658964499679,0.9354815131284526,0.9457425664782729,0.9471142067196106,0.94818554501533,0.9486025256837932,0.947635007538057,0.9473623600098555,0.9449706537632707,0.9391118824825866,0.9404866233851537,0.9520496267950725,0.9422877060053166,0.9478432751456495,0.943506098360781,0.9484346925857262,0.9429394836294973,0.9468716377037328,0.9412471917853935,0.9286929963244879,0.9474552655475437,0.9425389546073698,0.9393768290908396,0.9478911519341218,0.9375448975613112,0.939023110604196,0.9400783089857669,0.9439886846153288,0.9505913071868346,0.9508028775457729,0.9466313520394587,0.9505053198326279,0.9445790931237411,0.9361357126652262,0.948899126749256,0.9433444036167964,0.9344178039265634,0.9445038043303516,0.9528445919984917,0.9407932586257283,0.9456069989374859,0.9481838923282154,0.9491760228553004,0.9432400000791412,0.9330811162659052,0.9382158897516154,0.9502869795931201,0.9532314694138748,0.9464962888962101,0.9396888667977681,0.9402715636673942,0.9445659141385458,0.9484887691865747,0.9462726598335415,0.9454279784416022,0.9481699865685856,0.9515013239662683,0.9448893372863584,0.9478474954090029,0.9388220737848786,0.9449843697522107,0.9413434858951133,0.9452322839007123,0.9480779612438575,0.9498043511555824,0.9441809124947201,0.9477860121976034,0.9494300451980903,0.9441799256711306,0.9437897539784491,0.9402613099219694,0.9462751011685081,0.9462996015531593,0.9447204712915992,0.9464248292580469,0.9454504725987144,0.9432238315445824,0.9447816276011021,0.9465899304004645,0.9484947216395863,0.9412679530818898,0.9497948739758201,0.944658645225597,0.9465506048454014,0.9409051473285222,0.9435218183108898,0.9482638416429735,0.9462670380282117,0.9386701833346115,0.9485153291387095,0.944761177464076,0.004672056479347244,162
56.75745930910111,48.65801851757273,0.10061058282852173,0.10822313796220803,0.24350802020929316,10,0.8553966401931281,2,4168,0.7071309096348684,"{'learning_rate': 0.24350802020929316, 'max_depth': 10, 'max_features': 0.8553966401931281, 'min_samples_split': 2, 'n_estimators': 4168, 'subsample': 0.7071309096348684}",0.9259982691687332,0.9342290205803832,0.9460321193543149,0.9390574978879924,0.9390751661323758,0.946498526292969,0.9374810273831212,0.9387977015814748,0.9251852921712772,0.9353427326721749,0.9469440336143944,0.9273360024860154,0.9376303688990475,0.9389092437667328,0.9435860467991817,0.9394849643986141,0.940137989199298,0.9394609785035379,0.9365913504135914,0.928709839260454,0.9344508150354577,0.942592230728135,0.9356430395492529,0.9419351629758763,0.9339058164618503,0.931450775951363,0.9370650663932996,0.9413602517919346,0.930526178331881,0.921145271999532,0.9400850458844106,0.9359014548608938,0.9347663163338827,0.9406015347790436,0.9316667524937119,0.932343973401269,0.9296094355277991,0.9427218775435348,0.9403937858947808,0.9452187494952305,0.9383188136503959,0.9433732586512535,0.933575038193534,0.9290150708671172,0.943522044575112,0.9346914018921229,0.9263490413109321,0.9352725225884921,0.945754000879228,0.9358420311654865,0.93644302100429,0.9406197510903107,0.9395418854247597,0.9345461605193996,0.9257520350790305,0.9354770576220791,0.9418840933479958,0.9467740519637292,0.9373501122451511,0.9310541968605275,0.9313346764191702,0.9356065047695409,0.9405265598773913,0.9394947008600056,0.9406727881931227,0.9394919708765778,0.9420500100388789,0.9338789532234848,0.9400999131576779,0.9354458894326901,0.9356100238125457,0.932131358216073,0.939037006788729,0.9415696736262191,0.9394361809738063,0.9342881068250276,0.9387485919688273,0.9416020672885873,0.9358258908326534,0.9379085455493861,0.9358103351994124,0.9354415727468619,0.939796354974822,0.9364850232916737,0.9409143846960192,0.9384140531726191,0.9390194987640331,0.9416597444719378,0.9349263062508528,0.9419806667887147,0.9319256632822868,0.9467142359411709,0.9337536547878892,0.9407249664976612,0.9309875347270998,0.933499553044675,0.9358682906558965,0.9393432372788784,0.9308594203153467,0.9395698709331148,0.9370748107548112,0.005152440240923333,187
28.93893968105316,27.35219539851243,0.07960189819335937,0.08513733142409051,0.18908800050097183,12,0.44696914450563213,2,4168,0.9241719757660005,"{'learning_rate': 0.18908800050097183, 'max_depth': 12, 'max_features': 0.44696914450563213, 'min_samples_split': 2, 'n_estimators': 4168, 'subsample': 0.9241719757660005}",0.9284652466237912,0.9381038546137318,0.9497115238408397,0.9395975714148632,0.9383367970953294,0.9433232051351114,0.9434027265480837,0.9416569627788307,0.9306325047153776,0.9394499217452861,0.9443098060659845,0.9283042748464693,0.941020957424708,0.9442122488967463,0.9437977458068002,0.9416386116851451,0.9458938993144593,0.9419073603913338,0.9396697011872273,0.9374064512280179,0.9325217630759577,0.9474919926593497,0.9380924731753584,0.9402937547523322,0.9407033080617782,0.9389671112310719,0.9394767074667031,0.9401072436518395,0.9351769139913001,0.9274042884764553,0.9423340151774231,0.9348004190376403,0.9353628482558775,0.9412104650592651,0.9385512075222141,0.9343371701202885,0.9349715261121637,0.9406731470058932,0.9457503857942591,0.9463786944038367,0.937391854498262,0.9448921571494091,0.9394594252921787,0.9329205193898197,0.9434377218402028,0.9379809462943484,0.9313451873455225,0.9432470964792348,0.950565425576311,0.9366826987819525,0.9393077308607076,0.940591947385277,0.9453280711241164,0.936675276827764,0.9306505912350991,0.93637536692544,0.945910159905812,0.9417157306855728,0.943148409779647,0.9367440551340697,0.9352192397096206,0.9401694206432694,0.9447774104579107,0.9421722469648139,0.9419468364028885,0.9415467874558524,0.9454062795324494,0.9373397773873112,0.9405676931320702,0.93035953866788,0.9390103388543992,0.936969952004348,0.9397443716318166,0.9399055318285531,0.9440766128178408,0.9352648595717103,0.9411481916346709,0.9448533882082603,0.9392827410220431,0.9355232701606342,0.9372064401324519,0.9377725195893292,0.9413863347993279,0.9358252465923008,0.9407708864720414,0.9431620133400422,0.9388513500724432,0.9395059355504995,0.93903833196588,0.9439226562838361,0.9350075547742213,0.9480469675349359,0.9427197626586045,0.9425413768731551,0.9340625384034049,0.9389113599457783,0.9468669861306085,0.9378370254332734,0.9329066877531085,0.9435712930625698,0.9396501493435605,0.00464850603169812,181
88.78245117902756,67.58615162216626,0.16424045085906983,0.1679618369135518,0.040257546850620746,5,0.6261177034169909,2,4168,0.7004487210952671,"{'learning_rate': 0.040257546850620746, 'max_depth': 5, 'max_features': 0.6261177034169909, 'min_samples_split': 2, 'n_estimators': 4168, 'subsample': 0.7004487210952671}",0.9475045069874702,0.952838351500544,0.9621199397148927,0.9542715452396159,0.956347895888402,0.9591579192403161,0.9527639381297782,0.9554601394304961,0.9466887600528536,0.954239553336705,0.9593890280252889,0.9485802159716357,0.9554641455310485,0.9552171754199771,0.9578850404360894,0.9568676393259797,0.9572441103581926,0.9538568905885918,0.9534877880094819,0.9502887737400404,0.9507119931475976,0.9564426762189273,0.9517073821252471,0.9546652502096783,0.9563379763598479,0.9553518433159283,0.9561599425559879,0.9552948491095798,0.9538635321243297,0.9415486062407338,0.9548341942831531,0.9532822256832557,0.9515564348742029,0.9552305523300697,0.9518138230821868,0.9489156501648105,0.9512554327576169,0.9556927196152422,0.9572697438431662,0.9607981104418819,0.9561146049806541,0.959372543103934,0.9506289245738647,0.948480085864606,0.9588476550529036,0.9525502475446789,0.9479500244185155,0.9550436608013056,0.9610799330944958,0.9500715018844652,0.9546093860027614,0.956164453620389,0.9606336486449182,0.954222828658772,0.9453272423708518,0.9520376015929891,0.9565400110148802,0.9575143636296256,0.953833995270206,0.9510410495660014,0.9529834036598757,0.9563492948539142,0.9571221101753439,0.9547726622759042,0.9544989777750238,0.9555704876373161,0.9582157056077021,0.9557891407376145,0.9554821637351963,0.9499456155785614,0.9535787548411859,0.9524749379509674,0.9540319772881147,0.9538205845747587,0.958115190651935,0.9520217882391412,0.9579730855903161,0.9564217904618946,0.9540653908394906,0.9539197123109183,0.9518154199363625,0.9549906996163572,0.9549901961460551,0.9531791563009034,0.9561928833143697,0.9535630051508555,0.9553634383764769,0.9525885722458926,0.9566415628308759,0.9568419991768268,0.9505889757170269,0.9576048868647129,0.9545364433818295,0.9575613298748588,0.9490122061746007,0.9536905077217778,0.9570307747549908,0.9570380715994765,0.9509895045648021,0.9583791880520454,0.9543422165368792,0.003463317638407042,15
149.59391492843628,94.70885326183932,0.69779620885849,0.6885513439414698,0.013236985643524067,13,0.41163578809916035,2,4168,0.6278131133359567,"{'learning_rate': 0.013236985643524067, 'max_depth': 13, 'max_features': 0.41163578809916035, 'min_samples_split': 2, 'n_estimators': 4168, 'subsample': 0.6278131133359567}",0.9387062804920646,0.9483433480360361,0.9593226402004728,0.9496128497104829,0.9484210179260557,0.9551028702032872,0.949911668120718,0.9503655375427215,0.9412918122706315,0.9491832734219209,0.9550336322816247,0.9415338174210677,0.9501524159753142,0.9510284150158654,0.9519152310420325,0.952801660458148,0.953205944493854,0.9488378202884008,0.9495952013930375,0.9448868953212414,0.9431545548823193,0.9541465536568644,0.9457970240905128,0.9516531123435935,0.9510771704071125,0.9513139112823163,0.9485534820278103,0.9502523088326332,0.9475353309794264,0.9362586750032965,0.950232731484923,0.9471352281184847,0.9470916223645823,0.9516474924136632,0.9442387376464974,0.9430931098503396,0.9453517300004597,0.948493094202333,0.9539776103053251,0.9546116064173118,0.9502998183754578,0.9551764781784129,0.9469565907701988,0.9421269190315641,0.9527503843997134,0.9490451304322144,0.94169361508938,0.9472048556513025,0.9567003015458563,0.9461346784837666,0.9474380271792948,0.9518592581760918,0.9535710249464484,0.9476400138897096,0.9395985287632442,0.944039656251758,0.9537826519826843,0.9554090568007172,0.9508123622582206,0.9436855541282656,0.9470103794623909,0.9503583563946083,0.9509554307713453,0.9504678649061697,0.9495387329233622,0.9507430263357054,0.9552096051490201,0.9491077484194231,0.9519123033283752,0.9444413668667094,0.9487650449295683,0.946394711772341,0.9491559298838997,0.951393546541911,0.9532996396517304,0.9477009079997059,0.9518354189602004,0.9525096665932385,0.94888561078913,0.9484190046144078,0.9458900859847369,0.951371600930162,0.9510857493648156,0.9485018488812111,0.9505041630301401,0.9494566585886735,0.9492602706563155,0.9498625093432154,0.9522341844801208,0.951887480130716,0.9458755187977058,0.9543887926336394,0.9508275478657507,0.9511913537004456,0.9466429157885429,0.9479212596511116,0.9512764702201373,0.9507563007867004,0.9439616347045683,0.9542171459109599,0.9492601011200198,0.004028556605346435,115
205.304775493145,137.76377976125363,0.6253150296211243,0.6233711680808296,0.028657643074216935,12,0.6396646702358648,2,4168,0.5934780614924402,"{'learning_rate': 0.028657643074216935, 'max_depth': 12, 'max_features': 0.6396646702358648, 'min_samples_split': 2, 'n_estimators': 4168, 'subsample': 0.5934780614924402}",0.9378945949379053,0.9466075253984444,0.9584238887680252,0.9489465134267128,0.9468717295237854,0.953751716158079,0.9482000846063694,0.9500476866567013,0.9388904239313121,0.9469615949523482,0.9557404905550897,0.9399527194389058,0.9509038683317921,0.9504811025197202,0.95063752664458,0.9514143962725458,0.9527729219984942,0.9500381880861969,0.947676469360471,0.9427419465483834,0.9443583774848553,0.9543440297081351,0.9441768426593372,0.950196352936368,0.9493654136328846,0.9496720776520378,0.9470285668790138,0.9488326111094824,0.9457244730566714,0.9326760930637571,0.9500167335196846,0.9460984008542846,0.9462256925174607,0.9504077845254899,0.9418888543049944,0.9410214937966139,0.9447757697673719,0.9464308366165566,0.9536693052152589,0.9534659494705258,0.9489653629414218,0.9550419387408502,0.9472458558566879,0.9395273793398622,0.9531189762239587,0.9465816910876446,0.9392683393922532,0.9486455022597488,0.954988626189214,0.9451697462072489,0.9480763353078774,0.9518900778885192,0.9545314184360083,0.9473869351299377,0.9368290336099035,0.9429885499520719,0.9525436836159018,0.9546958994524518,0.949704515000341,0.9451550710927392,0.9468211801017764,0.9488665076973845,0.9508503500444186,0.9498342230885799,0.9482418579147834,0.9504428293514074,0.9525415662755239,0.9478718622358232,0.9511389719142794,0.9421557813259026,0.9479657600471345,0.945188577606494,0.9484637242893561,0.9486636541565494,0.953141184991889,0.9488641925569716,0.9505879118630385,0.9510486048076765,0.9489461158247492,0.9461829285863157,0.9459969031313602,0.9500767199448598,0.9491614075871835,0.9467332618340257,0.9503210580334046,0.9478111977036978,0.9469543658291507,0.9477661146824441,0.9487332873087514,0.9507995652781511,0.9453062030043348,0.9533509658264216,0.9490950516857058,0.9501700963078634,0.9443955671475089,0.9475420941380498,0.9516762014087493,0.9479789018748308,0.9430721976815815,0.952745557220589,0.9481919048692002,0.004350716632082912,125
123.44578221321106,70.33909998490839,0.258507661819458,0.24145316811360187,0.004576713770144064,8,0.8989949682497376,2,4168,0.5465943251737378,"{'learning_rate': 0.004576713770144064, 'max_depth': 8, 'max_features': 0.8989949682497376, 'min_samples_split': 2, 'n_estimators': 4168, 'subsample': 0.5465943251737378}",0.9453597964052897,0.9506070210463504,0.9623589498556038,0.9530592649536951,0.9531788569539626,0.9588224098106878,0.9531390298733575,0.9548803812292815,0.9451761981631528,0.951714157556794,0.9586632086304566,0.9460427883627511,0.9537696824609048,0.9557342499074489,0.9561555129185254,0.9560510508162545,0.9570358807554498,0.954308844142842,0.9526427300064766,0.9492768921365051,0.9483571899634232,0.9575551397617637,0.9502951238061021,0.9556587767987664,0.9542291183737804,0.9544848447066446,0.952744725972146,0.9543601047239402,0.9506159385799349,0.9399411321975594,0.9541174610678469,0.9526547125637543,0.9510247245135176,0.9545826439440649,0.9495373893622578,0.9468204548582928,0.9489799918505398,0.9525459185818443,0.9572369116101369,0.9590331389419101,0.9551524809436072,0.9590389418569706,0.9505794830306172,0.9449464781214715,0.95724141535698,0.9528649156570861,0.9448200019368487,0.9535779074360712,0.9596510963372189,0.9497879260063341,0.9540651832955362,0.956046908062264,0.9574195565435536,0.951457106841656,0.9434036075429166,0.9489035293717899,0.9563456119125614,0.9592544787933196,0.9542082280778006,0.9487018045869177,0.9504186069917729,0.9546254292432028,0.955900077363231,0.9548201914102338,0.9539380351630791,0.9554083609828045,0.9586695803592029,0.9541708964947948,0.9556793394180557,0.9479744531775868,0.9526993363200966,0.9508058928670375,0.9545669786095544,0.9535134850252128,0.956573912360727,0.952811327520455,0.9559159550409303,0.9558847735972851,0.9528582362624898,0.9530510867816729,0.9516534133515991,0.9533983757769315,0.9547689584711714,0.9518493539771268,0.9550960764350579,0.9536190043119548,0.9524166348251191,0.9530581530471665,0.9557268004880435,0.9555918830566251,0.9506526775713322,0.9581538062925493,0.9541256415043663,0.9561034364972267,0.9493949211750355,0.9522826769873243,0.9562701213403162,0.9540716997099858,0.9493453110673542,0.9563361563974192,0.9532442006714865,0.0038283340102070315,42
98.78046217441559,64.03073564919109,0.30545218706130983,0.28190464532129045,0.005043032494055014,9,0.4338278902640621,2,4168,0.828467526482219,"{'learning_rate': 0.005043032494055014, 'max_depth': 9, 'max_features': 0.4338278902640621, 'min_samples_split': 2, 'n_estimators': 4168, 'subsample': 0.828467526482219}",0.9437961690510961,0.9512113811667138,0.9620116898854911,0.9529342725998862,0.9516344242289295,0.9578193115621394,0.9522144583327562,0.9539786153536541,0.9442444610257535,0.9527728375596888,0.9582595330196502,0.9452150138110458,0.9534495233626261,0.9556376805294269,0.9552164428901274,0.9550413008688252,0.9559060518004183,0.9534055175382159,0.9531037467406436,0.9485160614175863,0.9477040193683874,0.9571559912376889,0.9499584755483224,0.9553832879690706,0.9545273118463169,0.9539110364665405,0.9523956231718645,0.9535752097970522,0.9512820327538997,0.9404348884958085,0.9539903059548877,0.951540963785172,0.9509813304908673,0.9547915975259704,0.9487347538531509,0.9472595348664882,0.9496948352199236,0.9526518293968924,0.9558235741657192,0.9584529586499355,0.9543546589792675,0.9586970434683035,0.9509994579044319,0.945281059739803,0.9564107029784763,0.9513962848805931,0.9453362755442372,0.9519748223418928,0.9593202157403312,0.9501687464279343,0.9519805359157071,0.9552430747308402,0.9571490670310583,0.9525162211050201,0.9431984072821493,0.9478107902756266,0.9566618052528578,0.9591189229025466,0.9533564532729785,0.948544463577665,0.9497961511499309,0.9547659612342814,0.9548533954769864,0.954378135881592,0.9537137659422243,0.9544598490021239,0.9576891084780725,0.9528183116453454,0.9547207924050779,0.9480722598499964,0.952325993250369,0.9496117237220342,0.9539997705625946,0.9538963723140733,0.9566011297368099,0.9516778433440726,0.9552052075077494,0.9559689875023932,0.9532203362650786,0.9523628887405798,0.9491015326353082,0.9551661955908406,0.9544895570342016,0.9509583062532605,0.954432520817776,0.9536872547279214,0.9528072719015092,0.953129832790307,0.9546288295413743,0.9542006670403357,0.9507143936002096,0.95719486388142,0.9535830593058147,0.9553887550602349,0.9487140940347271,0.9515870563430532,0.9542179505092313,0.9530690788325088,0.9487702672958916,0.9569875054234442,0.9527910403929112,0.0037475956016145544,50
178.77908224582671,99.85226254170962,0.23713000297546385,0.22283232787164978,0.3148118030349409,5,0.896472573405416,2,4168,0.754653481010436,"{'learning_rate': 0.3148118030349409, 'max_depth': 5, 'max_features': 0.896472573405416, 'min_samples_split': 2, 'n_estimators': 4168, 'subsample': 0.754653481010436}",0.9309771469811231,0.938807021202485,0.9486028596566249,0.9378459071240339,0.9435333770793278,0.9467159562916148,0.940219926136724,0.9398607206430128,0.9299513447530763,0.9406791710833428,0.9446344266200468,0.931727442950603,0.9393208051897206,0.9400130708030304,0.9452028596937234,0.9448919378045492,0.942093173432283,0.9335643524852265,0.9361433231625937,0.9356057388027584,0.9360284646907103,0.9427626862728071,0.9397956373193537,0.9395002699279146,0.9395490343818391,0.9395869120242281,0.9425829105745718,0.9404001920903826,0.9392023045126459,0.9256853213902865,0.9399389090756108,0.9375762678858846,0.9341311939121043,0.9393664223865386,0.9416219295646483,0.9327818922583742,0.9371874609589659,0.9365519656596024,0.9421036142480981,0.946459487353898,0.9398714177394588,0.9474748835084307,0.9374360627528392,0.9322720675169355,0.9441694518389525,0.9359416448666951,0.9301629548310499,0.9391480962610121,0.94759706489725,0.936562129322889,0.9415981983048478,0.9422871170796805,0.9394845828119633,0.9390889565247393,0.9299807991862812,0.9369073178462219,0.9417166408373983,0.9467122991282064,0.9413537059740299,0.9369605086987053,0.9391750918961663,0.9412003663020981,0.9435920509602737,0.9431410414527486,0.9434921427499189,0.9420968085653352,0.9424773592842655,0.9380645402486819,0.9443896438850318,0.9350031900064124,0.9386823648815787,0.9392666243416703,0.9454275630435018,0.9378847719005737,0.9429949827668005,0.9376840445319528,0.9412139192893051,0.9444156300922982,0.9413781264682769,0.9380454695177312,0.9382082136110075,0.9406983783990076,0.9408698080861473,0.9389729324656648,0.9432412684002244,0.9402892811289834,0.9372479337368124,0.9360068154680694,0.943598874363545,0.9434861472234544,0.9393368327408559,0.9442373787725535,0.9413805814464793,0.9436129037775777,0.9350091692970914,0.9359774995091574,0.945702790378205,0.9422690508924879,0.9369279072073865,0.9438041825813969,0.939804330199827,0.0042550084872854735,177
133.95235364675523,73.67184082065658,0.2772825336456299,0.27983694470663895,0.009477580161406974,7,0.5762776490360921,2,4168,0.7166462117662614,"{'learning_rate': 0.009477580161406974, 'max_depth': 7, 'max_features': 0.5762776490360921, 'min_samples_split': 2, 'n_estimators': 4168, 'subsample': 0.7166462117662614}",0.946406563903817,0.9532663213635572,0.962989611598785,0.9550809205765307,0.9543539351223639,0.9596539018974284,0.9539302584505789,0.9563637763564502,0.9462179697959834,0.9538994811797749,0.9603564530101462,0.9481386844392062,0.9552704065720136,0.9563463107629135,0.9573097262141624,0.9572760841620254,0.9579379834374909,0.9553946217551599,0.9537889384911171,0.9509620092300515,0.9488680401283804,0.9574243485939978,0.9519971578725535,0.9561701691531352,0.9557605880611908,0.955214584179079,0.9553839987647254,0.9559536791093427,0.9532408349941232,0.9413767164605811,0.9553170089557843,0.9552421876223556,0.95283986931403,0.9563045335900828,0.9511836580844807,0.9485341478653337,0.9512142541989523,0.9552397489976685,0.9575177640393192,0.9605069611053143,0.956647459109093,0.9600830387029985,0.9521920272942116,0.9471903633085644,0.958508592182176,0.9526325138684565,0.9469476604863845,0.9546749294243012,0.9609486704514125,0.9498970127504327,0.9548967525577035,0.9575119970420618,0.9586902741394975,0.9538610417105746,0.9441194469022659,0.9503364296160522,0.9569162362517027,0.9608096549046704,0.9550168722615252,0.9507595989638722,0.952945231802296,0.9559638985600302,0.9567854570181484,0.9560825550641864,0.9554529913744401,0.9572071877117876,0.959744656486341,0.9550306323751983,0.9568546534414847,0.949603149215834,0.953732720614875,0.9523754220780205,0.9556804560490946,0.9554710630588826,0.9577978267573457,0.9534838147532,0.9575666103728199,0.9577897402567614,0.9549361797852456,0.9541219260750974,0.9521676031848627,0.9555596923396471,0.9563622542632522,0.9532066046294965,0.956247998542239,0.9556173154131532,0.9544347509274974,0.953639330695056,0.9571785086404044,0.9567620952786228,0.9524943988600588,0.9587752072728213,0.9554592572672318,0.9576938438233354,0.9499232568659475,0.9541299437181475,0.9571386006375588,0.9557263926547545,0.9510374617920866,0.9588530639622842,0.9546390853495749,0.003717735768624325,12
40.777755882740024,30.636764770810966,0.08562060594558715,0.10040538245647765,0.25566286825132806,12,0.8447686965101635,2,4168,0.6986024431356466,"{'learning_rate': 0.25566286825132806, 'max_depth': 12, 'max_features': 0.8447686965101635, 'min_samples_split': 2, 'n_estimators': 4168, 'subsample': 0.6986024431356466}",0.9219379216631918,0.9274590213749687,0.9442601364321971,0.9365003422923683,0.9362234576865394,0.9397235746703989,0.930247593625618,0.9338775347334322,0.9235117636946647,0.934290455686984,0.9368252247836673,0.9200450566134191,0.9333260405885219,0.9360401770096273,0.9369467287562839,0.9352446811367867,0.937229624402279,0.9382167110958467,0.9336861570198044,0.9251212002469624,0.9269924188511443,0.9427050610128488,0.931276330618705,0.9354673298664372,0.9298935649320723,0.9335316695577875,0.932908551893995,0.9355714801682062,0.9332685536420371,0.9236511601906691,0.9321709451096409,0.9321662968981103,0.9261646147476315,0.9363035948310455,0.9277293108880453,0.9231403029576856,0.9233207135493235,0.936328377863044,0.939982133354183,0.9381557644426621,0.9365360058759762,0.93850393172385,0.9277689424531288,0.9254398745775715,0.9354876451848283,0.9310004932081977,0.922803449110081,0.9355518750457288,0.9430377719939906,0.9298570080621482,0.929683316487437,0.934618255950148,0.9378904310872842,0.9312772030121766,0.919517277671103,0.9295402055925317,0.9407457363308648,0.9421786960939822,0.9346460387591161,0.9225319406254453,0.9303634323417953,0.9345332870216682,0.9353110133054142,0.9352524971990244,0.9320278549102021,0.9357778547809418,0.9401834389239738,0.9330913374842774,0.9391576455018933,0.9308812396952405,0.9350938777013005,0.9305548438903111,0.9329657627143192,0.9378961410734723,0.9422206297534764,0.9255181505605867,0.9364690448233273,0.9403885761791044,0.929258617727131,0.935745456777777,0.9305622184711292,0.9342084664142153,0.9379136209380043,0.9345515436501906,0.9361835582138498,0.9336137440529738,0.9342109885956894,0.9351553818540141,0.9358442720134253,0.9354593718388609,0.9274041280444162,0.940901900048184,0.9349564998383857,0.9365886974504191,0.9281189958233049,0.9337755009842239,0.9385946655391629,0.935534612087599,0.9244650116990971,0.9335065472311354,0.9332429810488793,0.005399194113321665,195
140.96016860723495,90.09116047476085,0.3517627310752869,0.3531480943501664,0.0020143801083789686,7,0.5198936688318733,2,4168,0.8996750943797756,"{'learning_rate': 0.0020143801083789686, 'max_depth': 7, 'max_features': 0.5198936688318733, 'min_samples_split': 2, 'n_estimators': 4168, 'subsample': 0.8996750943797756}",0.9399949362460934,0.9484747353084721,0.9591241979680634,0.9497934819352445,0.9503162902365254,0.9546429409913254,0.950290052971503,0.9505760949110789,0.9411933501977231,0.9500380169023699,0.9557873058884394,0.9426762109236936,0.9497046234533518,0.9526527027810756,0.9528178561265684,0.9530554400568916,0.9530801148334228,0.9493789197215126,0.9488815021354782,0.9461442368967382,0.9447116958669441,0.9540863895222352,0.9459393638142541,0.951970717734163,0.951027148556519,0.9514849967943295,0.9498376029808558,0.950274531430847,0.9490513114014516,0.9364084796677535,0.9515261924524964,0.9497732190646001,0.9464294964450922,0.9503803026722351,0.9471141160631795,0.9437546722286662,0.9455521341921751,0.9496032897979882,0.9534938300309449,0.9551981771700696,0.9504106287098532,0.9557680048393468,0.9477272005354619,0.9424015877459471,0.9528794037858361,0.9486053932944333,0.9432885280320554,0.9499343938867538,0.9565566171923234,0.9459278686653289,0.9489591136399879,0.9522784644076991,0.95495638922747,0.9493197719955148,0.9406569494008563,0.9453128612053162,0.9529994233497546,0.9558752790586434,0.9507277276060927,0.9450273365547646,0.9460486696110944,0.9526133543407508,0.9519448338582901,0.9506625334212404,0.9513000647714778,0.9520284740194177,0.9548836527882613,0.950423533041878,0.9512350034638685,0.9445463381545095,0.9489843426878973,0.9471860361525225,0.9506850167331977,0.9502463366278883,0.9544017423740723,0.9477297968203968,0.9522951640837496,0.9535466465062663,0.9493029778658859,0.9489694071616352,0.9451045507662914,0.9517871568384682,0.9523608786979634,0.9490314132205535,0.9507397269007591,0.9502055086700189,0.9485460835411451,0.9494230426255454,0.9527562337578016,0.9522593644692527,0.9471158265424413,0.9540610619000796,0.9507777282820062,0.952163417541928,0.9452794008229435,0.9489807985866986,0.9510590224939444,0.9516473794000345,0.9456503848034455,0.9539838003078978,0.9497782032615933,0.0038689977965241816,106
179.5328979563713,88.10075399267566,0.3299795436859131,0.32046669464461985,0.021492877622786812,10,0.5302754167783346,2,4168,0.9087200648184439,"{'learning_rate': 0.021492877622786812, 'max_depth': 10, 'max_features': 0.5302754167783346, 'min_samples_split': 2, 'n_estimators': 4168, 'subsample': 0.9087200648184439}",0.9399081290990006,0.9474251942717606,0.9596562570493655,0.9499039685302162,0.94871965644515,0.95479584129163,0.9485519106540956,0.9508323857877129,0.9412070364974814,0.9498013415488966,0.9557186563829421,0.941952230961317,0.950945994861846,0.9532811294730754,0.9521212534919081,0.9526422117703286,0.9531819043245283,0.9506801145326044,0.9506929857394858,0.9450583538565213,0.9434031409143983,0.9543560604115134,0.946772397881039,0.9525625661718242,0.950373977202784,0.9513723522838108,0.9486864078210845,0.9515393433149887,0.9478216115203737,0.9371948446463937,0.9512910754999641,0.9475195238076786,0.9464432406899116,0.9524103025528249,0.943732770306291,0.9447066750859129,0.9455080631622201,0.949616885651669,0.9535506239517618,0.9554459056839352,0.9521153511891343,0.954577341051103,0.9484642297811712,0.9422507927889816,0.9538572407405564,0.9483956761434272,0.9412872158755782,0.9484125085525117,0.9568033020406908,0.9466819546042138,0.948808589726367,0.9528448974435593,0.953743164153964,0.949004717058691,0.940907446974515,0.9445255016303047,0.9539060740249118,0.9562483784498015,0.949987558929273,0.9443532809989077,0.9461522740855361,0.9501571860608548,0.9518985752417183,0.950681533703787,0.9510495532099914,0.952020502928858,0.9557792820043379,0.9494900818188088,0.9513585400875518,0.943742485410158,0.9479583528012057,0.9460996228142304,0.9512385100942152,0.9522847768861002,0.9525519349849602,0.9495927195263529,0.9533430141540161,0.9527817865891723,0.9496402910993346,0.9487341587415428,0.9458316251972468,0.9517555750050736,0.9517150591323532,0.9479943719768008,0.9520899238567776,0.9497087324293669,0.9498720669768183,0.9506638598003818,0.9523187576525698,0.952188077896595,0.9480986504489736,0.9552069014751402,0.9504469939997408,0.9538086391119366,0.9470314605218659,0.9494263688723508,0.951562534056178,0.9511341747081337,0.9453433858827991,0.9541913483570019,0.9497550323688874,0.004029519583229657,108
