mean_fit_time,std_fit_time,mean_score_time,std_score_time,param_learning_rate,param_max_depth,param_max_features,param_min_samples_split,param_n_estimators,param_subsample,params,split0_test_score,split1_test_score,split2_test_score,split3_test_score,split4_test_score,split5_test_score,split6_test_score,split7_test_score,split8_test_score,split9_test_score,split10_test_score,split11_test_score,split12_test_score,split13_test_score,split14_test_score,split15_test_score,split16_test_score,split17_test_score,split18_test_score,split19_test_score,split20_test_score,split21_test_score,split22_test_score,split23_test_score,split24_test_score,split25_test_score,split26_test_score,split27_test_score,split28_test_score,split29_test_score,split30_test_score,split31_test_score,split32_test_score,split33_test_score,split34_test_score,split35_test_score,split36_test_score,split37_test_score,split38_test_score,split39_test_score,split40_test_score,split41_test_score,split42_test_score,split43_test_score,split44_test_score,split45_test_score,split46_test_score,split47_test_score,split48_test_score,split49_test_score,split50_test_score,split51_test_score,split52_test_score,split53_test_score,split54_test_score,split55_test_score,split56_test_score,split57_test_score,split58_test_score,split59_test_score,split60_test_score,split61_test_score,split62_test_score,split63_test_score,split64_test_score,split65_test_score,split66_test_score,split67_test_score,split68_test_score,split69_test_score,split70_test_score,split71_test_score,split72_test_score,split73_test_score,split74_test_score,split75_test_score,split76_test_score,split77_test_score,split78_test_score,split79_test_score,split80_test_score,split81_test_score,split82_test_score,split83_test_score,split84_test_score,split85_test_score,split86_test_score,split87_test_score,split88_test_score,split89_test_score,split90_test_score,split91_test_score,split92_test_score,split93_test_score,split94_test_score,split95_test_score,split96_test_score,split97_test_score,split98_test_score,split99_test_score,mean_test_score,std_test_score,rank_test_score
1423.3378581786155,231.37431515660248,1.0200478410720826,1.033168366461989,0.034309977022776265,10,0.8255183999255711,2,4168,0.8993315400781986,"{'learning_rate': 0.034309977022776265, 'max_depth': 10, 'max_features': 0.8255183999255711, 'min_samples_split': 2, 'n_estimators': 4168, 'subsample': 0.8993315400781986}",0.9581062865372241,0.9568334641354658,0.9564912027001262,0.954215489628394,0.9549728423358634,0.9541738425197578,0.9577395558916033,0.9581185083824391,0.9574972651893024,0.9554707660461134,0.9583480560396532,0.9578127153988025,0.9575298813939421,0.9534925558058066,0.9551599529925653,0.9560293178080369,0.953519712155318,0.956977649701986,0.9559792830076733,0.9563013086949185,0.956093137529598,0.9547185216997001,0.9561122502520861,0.9569601026757014,0.9562175129870241,0.9544131275860901,0.9581604811836071,0.9553913693704076,0.955518318224891,0.9576350515459129,0.9561262385406566,0.9588288268502674,0.9578849307878434,0.9568700004290168,0.9521748085737537,0.9566286866550365,0.9570392284976372,0.9586768172973262,0.9567217457649332,0.9536708108471621,0.955754172128502,0.9594444048398432,0.9534842508078811,0.9564720268429799,0.9559277359475865,0.9574813292628563,0.9543157830092031,0.9561279395101742,0.955813424687372,0.9566464706685953,0.9536478545466682,0.9561652580810305,0.9558182151446455,0.9577503579023241,0.9560710634789975,0.957323288143962,0.9569026560092793,0.9563346465588641,0.9543204894863939,0.9570949829941182,0.9588082441353338,0.955534253991287,0.9579773556504458,0.9564937269889296,0.9544264401222572,0.9545519151320082,0.95293877051629,0.959006510187232,0.9588952238368667,0.9560311156258934,0.9550719074075892,0.9588764966108067,0.9543521614186605,0.9561606110987205,0.9582180393795806,0.9557748046066559,0.9541635002720059,0.9588254606299776,0.9578286324755114,0.9561496622779995,0.9556112428142471,0.9583678277567607,0.9597744653459344,0.953391841223515,0.954492635754296,0.9570339418659014,0.9547944897955996,0.9563676439687852,0.958666572491868,0.9561945014467289,0.9568800056953453,0.9573896298810642,0.957280526616305,0.9561476073263157,0.9546058320523445,0.956744957053984,0.9539347219278268,0.9543798057607276,0.9574090778851705,0.9577295621188413,0.9563078969486053,0.0016298089242459148,94
743.1257706189156,151.04125260460094,1.1684209394454956,1.1463100298970188,0.16094119246640926,8,0.7102644796917272,2,4168,0.7257235182514921,"{'learning_rate': 0.16094119246640926, 'max_depth': 8, 'max_features': 0.7102644796917272, 'min_samples_split': 2, 'n_estimators': 4168, 'subsample': 0.7257235182514921}",0.9584160727756431,0.956579810368516,0.9549549174676271,0.9524710911303219,0.9530394983203072,0.9541304864234655,0.9555658497705198,0.9573824966136274,0.9568940956790998,0.9537803559277994,0.956174871504348,0.9554756426082681,0.9563519539057377,0.9542157607401315,0.9534640652979176,0.9545043818429257,0.9537461934578066,0.9576053342684345,0.9553483457359888,0.9553201220183419,0.9546827232887289,0.9558090003533499,0.9558076855928198,0.9547965339840105,0.9544952660890668,0.9532719499523195,0.9564053667994218,0.9542469441794783,0.956012992549775,0.9558494828193655,0.9542205174692183,0.9581668951801915,0.955827884569566,0.9554942894963836,0.9519307542986855,0.9539865788921547,0.9546305446471588,0.9570618075595309,0.9548890804946858,0.9530156808354449,0.9561940260197386,0.9577432365863333,0.9529604671231594,0.9556066325962654,0.9555339466367299,0.9565657197407152,0.9533234299026551,0.9558925327938683,0.9536556411054626,0.9549364639330248,0.9541279344995329,0.954943635894659,0.9543853121223481,0.95472469598332,0.954034419605752,0.9574121443588011,0.9550882233283917,0.9560655129424979,0.9527921796204647,0.9570040496435145,0.9550895504403764,0.9527045205645494,0.9579509203877941,0.954772190437064,0.9517289325638871,0.9535348898178622,0.9510893932080347,0.9565594677358729,0.9566985845202938,0.9543026616178646,0.9544330698576506,0.9569766334091478,0.9545019909632667,0.9530698846350009,0.9577573150527414,0.9539544928176198,0.9536827357315191,0.9568468262061796,0.9572039026984526,0.9536487126016381,0.9553967151432785,0.9562946139863157,0.9572420076593845,0.9517753263599543,0.9533538257829454,0.9574370202048862,0.953624363361508,0.9545474471342614,0.958737305094718,0.954149820724608,0.9560529675987143,0.9545047596359957,0.9549386081313135,0.9561387379614079,0.953396978369425,0.955936572278861,0.9529064584096634,0.9542508909383459,0.9568180478321837,0.9558700287355483,0.9550889269995554,0.0016252909783477983,120
295.20395728349683,100.89799522736926,0.7555849266052246,0.7553827420344442,0.20267695188333315,13,0.4934133071510458,2,4168,0.7422756934537176,"{'learning_rate': 0.20267695188333315, 'max_depth': 13, 'max_features': 0.4934133071510458, 'min_samples_split': 2, 'n_estimators': 4168, 'subsample': 0.7422756934537176}",0.9470120930714322,0.9455391084066865,0.9457217559490149,0.9421538590845323,0.9445056984179514,0.9427441306020438,0.9463325820373062,0.9488318249001667,0.9487249443286478,0.9428580494483325,0.9472633173035665,0.9461721707938388,0.9463341980509551,0.9438423678500443,0.9432630541814742,0.9443042191498695,0.9412873839214306,0.9455406940300912,0.9450824067816739,0.9437258121870767,0.9454503824763143,0.943021500993918,0.946060096736278,0.9472758949447971,0.9432353119150265,0.9436429848612327,0.9474888891444354,0.9441859505547884,0.9443688578681981,0.9460161738401016,0.9474024165899924,0.9482256739139494,0.9462617863844995,0.946544347083728,0.9428292634802358,0.9474990258378779,0.9471852635510893,0.9473394188538959,0.9454408744389402,0.9430926919847206,0.9448585767308949,0.9474075369684658,0.9415427475241802,0.9460247261217549,0.9457176199552613,0.9458535843061293,0.9440836931598405,0.9461191211873268,0.9440263987667452,0.9458782220543688,0.9435598675215963,0.9458632262274156,0.9429574519070554,0.9462143976162639,0.9448847020619493,0.9485577522514254,0.94654439966158,0.9458825036341553,0.9421211826585392,0.9451710972238244,0.9488420259584242,0.9445204715240288,0.9472160893131558,0.9459069989182349,0.9446811482472802,0.9440633402203834,0.9404883717321694,0.9477304747656086,0.9477867735372376,0.9460213267092965,0.9440867167862449,0.9484251122223671,0.9429868496404047,0.9444657023305945,0.9452696265208627,0.9444704617267095,0.9430877436027979,0.947434467725228,0.948775947188723,0.946448772299919,0.9450167433560304,0.9474972430016356,0.9497311384780157,0.94184582248027,0.9452300145188549,0.9483383516867335,0.9417939129594416,0.944903077766764,0.948033903051316,0.9449431360319613,0.9453053690100022,0.9476217089586022,0.9466704391964422,0.9435430012197884,0.9428219230132058,0.946007260549404,0.9411270677312589,0.9430766352173892,0.9463291499035386,0.9451891151507456,0.9453480871773999,0.0020104559997008737,189
748.6432253718376,183.56674287655167,1.0245651698112488,1.0511738739619654,0.13420186966472852,13,0.563207966534582,2,4168,0.890300529340937,"{'learning_rate': 0.13420186966472852, 'max_depth': 13, 'max_features': 0.563207966534582, 'min_samples_split': 2, 'n_estimators': 4168, 'subsample': 0.890300529340937}",0.9501817033569908,0.9479718781125019,0.9479026626519583,0.9474733520791367,0.9463894656195665,0.9460200609104721,0.9504045583979364,0.9508039481683151,0.9505382476979019,0.9480137889330509,0.9500049496209372,0.9506930285539911,0.9497935109474743,0.9463526293131878,0.9464373802863638,0.9494151521151241,0.945816723981879,0.9502397402191394,0.9503246132618732,0.9483644478957403,0.9486277349980161,0.946801032108553,0.9492918278125173,0.9509991219500322,0.9490657912188852,0.9458249398151075,0.9507019993632201,0.9461832294653105,0.9482858414034459,0.9508374151972315,0.9487349771890177,0.9508230227580411,0.9494841747110496,0.9494160191590775,0.9469112989997213,0.9468490638354867,0.9509915709481997,0.9513499214684724,0.949221137468804,0.946590474545219,0.9470620597048885,0.9514348164530619,0.9451056456985014,0.9500748817168755,0.9489108359684668,0.9501405456546234,0.947812924124906,0.9494851057456157,0.9495001016374158,0.9489772129950369,0.944764517387576,0.949753904110323,0.9480238607355318,0.9493379429328807,0.9486710416147724,0.9487282914707975,0.9480618827458658,0.9483552818246772,0.9471446687430579,0.9486195050333501,0.9508569945040457,0.9474142817558817,0.9517515368268018,0.948240584339916,0.9471197335076886,0.9458317149553618,0.9446410667063823,0.9527205953326269,0.952021600275354,0.9485751166764786,0.9479573030675297,0.9511872646954082,0.9465140659033783,0.948277962184686,0.9505909729557357,0.9470514285574022,0.945599537333318,0.9497079957185862,0.9496144191195464,0.9489278179043975,0.947699101877733,0.9503463711210512,0.952247646118675,0.9452646215562528,0.9480483164041666,0.9496594893305266,0.9458323767336696,0.9496709812769956,0.951363982635451,0.9466362338468387,0.9474867367147038,0.9505252886472885,0.9485037098299082,0.9498027028810337,0.9470025208497975,0.9486093006465596,0.9465529840293965,0.947690444956168,0.9498279137924734,0.9497501625845878,0.9486722034099099,0.0018390731743429091,169
453.9229906964302,146.92419650952604,1.8916213846206664,1.7066825116086781,0.011478916201752568,9,0.3467468889128293,2,4168,0.8888719962112984,"{'learning_rate': 0.011478916201752568, 'max_depth': 9, 'max_features': 0.3467468889128293, 'min_samples_split': 2, 'n_estimators': 4168, 'subsample': 0.8888719962112984}",0.9629442591881405,0.9613934019529751,0.96074010458085,0.9591330509533715,0.9584051549219903,0.9586682986035175,0.9613602546874253,0.9631212842494379,0.9625954270312226,0.9600311842309821,0.9612368739439858,0.9618863476043497,0.9621658092307704,0.9601509388024441,0.9598346550451947,0.9603783684638966,0.9578733983778398,0.9620664830787242,0.960838576085868,0.9611596250925453,0.9600214764704499,0.9599229108412554,0.9615364961690662,0.9608227992836458,0.9606138878997402,0.9589476181332885,0.9630223958856025,0.9597214365998639,0.96092705231042,0.961973141283804,0.961005969758097,0.9638506860985803,0.9611984592317575,0.9613914867256588,0.9583555608341898,0.9600507285892983,0.9617783148742998,0.9628870651133014,0.961789167742983,0.9583531773295076,0.9606371878673382,0.963323161094017,0.9594231399152804,0.9613013800702145,0.9603192105958152,0.9615782735508568,0.9601394147165578,0.9607065173461327,0.9611019098446051,0.9607762298716257,0.9591978880566273,0.9609827233064666,0.9604318861394378,0.9623140384781009,0.9605134674349389,0.9624264469129221,0.9610074095856653,0.9608791045925159,0.9585640524644239,0.9613132092663101,0.9620941781348639,0.9595746105629495,0.9633455109877327,0.9600048783303271,0.9589125840669753,0.9584819494655338,0.9575874771793282,0.9630432360906872,0.9630831354190937,0.9609736541513537,0.9594855967897142,0.9628479127089637,0.9592185624063189,0.960630394484589,0.9631356628218052,0.9601607472655547,0.95844506089928,0.9626597732495114,0.9621881344090479,0.9614389375905058,0.9603440443035611,0.9621677903304926,0.9629207899339041,0.95800355693477,0.9595939775450052,0.9623226762587146,0.9587135465220029,0.9612718026239596,0.9624123958244506,0.9595817150419406,0.9616591024098311,0.9611304611901845,0.9613248334530756,0.9614818936745819,0.9596803608370779,0.9603390679145523,0.9586993357900215,0.9598364594225673,0.9617207255262584,0.9625546936272729,0.9608416120458854,0.001454582436528202,3
719.1514523768425,179.02928039988007,0.6601096487045288,0.6498170960187538,0.11252755476052344,5,0.9035772568372358,2,4168,0.8750524870215068,"{'learning_rate': 0.11252755476052344, 'max_depth': 5, 'max_features': 0.9035772568372358, 'min_samples_split': 2, 'n_estimators': 4168, 'subsample': 0.8750524870215068}",0.9589801427339616,0.9573792195783148,0.9561723454677183,0.9544461871662652,0.9554380584525536,0.9545274925672333,0.9567290050280209,0.9579537508055083,0.9579206688541249,0.9550961097191962,0.9576516430596739,0.9571708290348325,0.9573751493338228,0.9567765609181019,0.9551730636611692,0.956007829864309,0.9531502887429932,0.9573350407582681,0.9576403411121881,0.9571288168116528,0.9552773705076488,0.9561521425571388,0.9573668451730182,0.9575928023323743,0.9560485770424827,0.9545772081829761,0.9582254539256898,0.9544985303930795,0.9562856429801195,0.95784798895894,0.9550305334757024,0.9589352320316656,0.9571110908743246,0.9572673494190586,0.953328873252089,0.9559320852386345,0.9584738195923851,0.957981288484955,0.9577514278764825,0.9548372811903444,0.9566814237160416,0.9591413896329213,0.9550285945648549,0.9561759193880055,0.956778394863657,0.9584565859012123,0.9560788515209714,0.9565841428743918,0.9559962388996979,0.9556588374095851,0.9554537482112923,0.9563467422066914,0.9546783707725166,0.9579675877437605,0.9566957664957227,0.9594719764003281,0.9557713919855569,0.9572108933394615,0.9540231045522557,0.9575960480571141,0.9573221724142497,0.9553733194054672,0.9594708292858504,0.957126559249131,0.9551700071274958,0.9542430881634868,0.952917489188791,0.9583240717429,0.9589631606453453,0.957142660009752,0.9564105736770397,0.9574118361840424,0.9553350887685164,0.9558168754087539,0.9596472338198017,0.9564096628954915,0.9539303249442361,0.958953924215401,0.9581457153155155,0.9567136720787327,0.9561194192558613,0.9584138969062959,0.958505090212322,0.9533994855858804,0.9553340387355482,0.9589162487613714,0.9540927565793031,0.9572283496791659,0.9579684792535871,0.9548250864227755,0.9570229750555593,0.957175023867852,0.956531894435934,0.9578383991779343,0.9566205633578259,0.9572417196576567,0.954162811062218,0.9560463103262608,0.957318546427838,0.9598280530583804,0.9566178750805463,0.0015768457960227634,87
981.6192344236374,214.3379240525855,1.0205607080459596,1.0276607548692627,0.02182672713652882,8,0.729429006999116,2,4168,0.8426212864018037,"{'learning_rate': 0.02182672713652882, 'max_depth': 8, 'max_features': 0.729429006999116, 'min_samples_split': 2, 'n_estimators': 4168, 'subsample': 0.8426212864018037}",0.9616600303360471,0.9606146596890246,0.9599714197445673,0.9577594187216563,0.9577518173354076,0.9579140407825505,0.9609293470792953,0.9613217882868901,0.9608967671257858,0.9585989421489944,0.9606487225209637,0.9608794082132021,0.9608530148856606,0.958811903861313,0.9583071595282646,0.9592786847898744,0.9570034075076645,0.9606618027724652,0.96009240082566,0.9597701644016704,0.9589958905353742,0.9593127071806579,0.9597362264972902,0.960408941847326,0.9597849775677921,0.957787324622244,0.9616606842718768,0.9588135853105899,0.9593346286425407,0.9609205730380207,0.9601878798683937,0.9623239503667378,0.9606632154054384,0.9603076469708671,0.9566445683117396,0.9593039823168552,0.9603562692437908,0.9618425633706923,0.9599696298887802,0.9571102758503782,0.9592950043102614,0.9623677273326081,0.9578650054481668,0.9603153671590446,0.959516299628503,0.9607817670865757,0.9582808516532637,0.9600289552799115,0.9595649302167697,0.9595086358692871,0.9573632050679813,0.9592312374328729,0.9594971942367898,0.9612933765998334,0.9593658235387263,0.9612541924678516,0.959867434099114,0.9599636956960815,0.9575453634010028,0.9601790050878823,0.9615721635759192,0.9586853619423836,0.9621252866048888,0.9589723382272206,0.9575362462238547,0.9580448469568483,0.9556120813687436,0.9619206369527953,0.9619890890348158,0.9600215692230571,0.9582487845806624,0.9619254426452064,0.958528335741258,0.9588574349473857,0.9625195144073968,0.9591609512447914,0.9574693962581289,0.9617374145803232,0.9604721945033311,0.959449434299316,0.9594821111020364,0.9615738511655147,0.9618094496170982,0.9563944293606561,0.957909675773593,0.9613100915132698,0.9579834694824927,0.9594389042290647,0.9616988871388913,0.958909806471695,0.9602985848660445,0.9603500115540817,0.9603560434407978,0.9598280531632111,0.958791324471131,0.9595486999701004,0.957706551175446,0.9591134169488583,0.9604165619713073,0.9612114903736979,0.959712554303842,0.001490577564151769,21
466.6874032783508,134.7833586174086,0.6062138390541076,0.6318766099177856,0.04074815560860463,5,0.6381938749367917,2,4168,0.7162553812160863,"{'learning_rate': 0.04074815560860463, 'max_depth': 5, 'max_features': 0.6381938749367917, 'min_samples_split': 2, 'n_estimators': 4168, 'subsample': 0.7162553812160863}",0.9600506110567651,0.9580549099974873,0.9573218947720141,0.9558333023451973,0.9563031896875256,0.9559408151621808,0.9577395507308079,0.9589530376159532,0.9585028367057167,0.9562022693480579,0.9574719603343936,0.9580784291196065,0.9597775338046637,0.9579788969517512,0.9568605994588273,0.9572037854049636,0.9543307671827652,0.9590815945662654,0.9575424982888875,0.9577851569998362,0.956014375842519,0.9569715509952634,0.9581707097751032,0.9577489590149363,0.9574465712418591,0.955691156790774,0.960205704183899,0.9563135284974918,0.9569551643650285,0.9586969045717572,0.9568535219997224,0.9604493110081792,0.9576632079706953,0.9582093492138506,0.9542550673878211,0.9569950859367549,0.9594585398120312,0.9595343861242615,0.9581677148593845,0.9546148298104332,0.9574288760651747,0.9595677904997901,0.956033070926684,0.957818851255193,0.9578450990234565,0.9591289519151849,0.9569292741782564,0.9575518587229419,0.9572815498535371,0.9576849429784882,0.9558161324936636,0.9574437006595868,0.956004101306401,0.9597529213383015,0.9567765760882264,0.9587276969439704,0.9563800898335313,0.9572787739904085,0.9549895952768992,0.9583430625971343,0.9579844747913734,0.9560150911050566,0.9601265137731833,0.9570234783409868,0.956039726076997,0.9561251313748855,0.9544071988950847,0.9598502762091994,0.9600361190466518,0.9575527977696265,0.9567475654386276,0.958704252234536,0.9563414382829306,0.9570494388061549,0.9601094914931875,0.9570467193607154,0.954777020587547,0.9595316260517706,0.958893990796713,0.9577259406680821,0.9564249379448909,0.959134825319994,0.9603407993303335,0.9547476843326265,0.9560019254848883,0.9596625240268224,0.9558267810070065,0.9579739029371106,0.9587265126547287,0.9557034121557094,0.9584549490343963,0.9577591628923906,0.9577099254292646,0.9577037888091707,0.9565760257413558,0.9573610172793752,0.9552905520135291,0.9570318573308544,0.9590970560322835,0.959130476046358,0.9575295860178866,0.001506253406890708,70
589.5942954349517,144.6515040576787,1.0814177989959717,1.0560611372207296,0.00787169111132696,7,0.6000233430178148,2,4168,0.7797632208827519,"{'learning_rate': 0.00787169111132696, 'max_depth': 7, 'max_features': 0.6000233430178148, 'min_samples_split': 2, 'n_estimators': 4168, 'subsample': 0.7797632208827519}",0.9583603941451198,0.9571313087184165,0.9562071948025721,0.9545959541419393,0.954651112172127,0.9541513111520642,0.9571829536095677,0.958459731782568,0.9579952809889296,0.9553461229847942,0.9570070060432928,0.9573674133916008,0.9580224490124681,0.9562396412036909,0.9548784577453165,0.9567124680343461,0.953797783821682,0.9579952542820888,0.9564926695018252,0.9568695004591272,0.9556753427502053,0.9560009880115856,0.9572739070624164,0.9567571508059299,0.9564722818897035,0.9543261332914402,0.9587699898202261,0.9553735345527624,0.9560455527549393,0.9580038885696663,0.9562730409444538,0.9595156353166888,0.9570180087784766,0.9573594307478583,0.9533994017904551,0.9557760348265963,0.9576837577732874,0.9585161849919028,0.9571438676887104,0.9538122832083867,0.9561124248215397,0.9590677468096753,0.9544473699086458,0.9569841597380749,0.9561495295925292,0.9581527118988213,0.9557334481210298,0.9565003850144884,0.9563548614506564,0.9566195999989909,0.9547936766730963,0.9562840368912385,0.955471848086009,0.9579111197897064,0.956193033468575,0.9582060225470471,0.9568457545453974,0.956191773827929,0.9538253368999913,0.9574691600182242,0.9577095364304864,0.9548678420103288,0.9588598200768724,0.9558950404032921,0.9547213130764077,0.9546979567871724,0.9523992276044683,0.9590353025438582,0.9593040322177546,0.9566416068809163,0.955339913572745,0.9581565442448111,0.9548883477241926,0.9559470547489328,0.9590714533089513,0.9561672734511913,0.9541507957031378,0.9586069365207577,0.9575375300568776,0.9568227772780327,0.9559010643022596,0.9582595430146701,0.9587831292191229,0.9535851869598823,0.9545817220143306,0.9583757961047584,0.9546592294400186,0.9562877565412817,0.9586089541023898,0.9554714663087446,0.9571924413170256,0.956918634217399,0.9570266035308824,0.9566683169213761,0.9560857083165041,0.956263780544099,0.9543474615233755,0.955587407432966,0.9575908908613685,0.958368568371548,0.9565135838935609,0.0015420414443371416,89
454.5457175421715,140.95269626685516,1.9493119168281554,1.9667763019872913,0.002204408027866876,10,0.42196109783371993,2,4168,0.6368187333479057,"{'learning_rate': 0.002204408027866876, 'max_depth': 10, 'max_features': 0.42196109783371993, 'min_samples_split': 2, 'n_estimators': 4168, 'subsample': 0.6368187333479057}",0.9569840963726938,0.9552961636666446,0.9551152633664839,0.9526505755411587,0.9522146267606988,0.9518948988585799,0.9556417151118242,0.9572720357745895,0.9568030619202725,0.9536483560431909,0.9555798915269864,0.956213988296189,0.9559833826301596,0.9537336729350604,0.9534720241431399,0.955131072140431,0.9524333577674492,0.9558794233237065,0.9547395537879771,0.9552459453401473,0.9543383403741789,0.9534247212419579,0.9552189169290906,0.955216191050546,0.9545253116349364,0.9523392859360158,0.9571971897239443,0.9537674498062433,0.9547366006308732,0.9563984450027684,0.9549294600647255,0.9577625204508001,0.9553702862086526,0.9554551816560979,0.9517402135935842,0.9540320134990142,0.9558925262521728,0.9572318280196178,0.9551916376943214,0.9521528705250132,0.954294590712774,0.9577144121560817,0.9525845750061315,0.955527790995938,0.9538291145172404,0.955754177545837,0.9538702458735825,0.9546683840387609,0.9550881544075335,0.9547328663387917,0.9532014881777469,0.9550357231521754,0.9537743345123061,0.956240402593404,0.9546700611346465,0.9563856637840341,0.9555770162601747,0.9549375472024895,0.9520957955758754,0.9549769342218609,0.9563192214271776,0.9535900503076925,0.9571457931717114,0.9542739750272439,0.9531415089318428,0.9527745988159754,0.9510740771765991,0.9577860333909279,0.9572854694762848,0.9550024665880239,0.9534728339394555,0.9568768213019838,0.9527850298429993,0.954151191208989,0.9568372207194527,0.9543690330091756,0.951881407975103,0.9572188327917402,0.9556371590843298,0.955448978952565,0.9541128126735962,0.9565755357663009,0.957216184910663,0.9517212116864028,0.9537053447480701,0.9566031060794391,0.9524510768840689,0.9547817967829618,0.9568760103574963,0.953329925756835,0.955414165626688,0.955508331807387,0.9555886111371641,0.9553174113178038,0.9537537212082652,0.954816700621044,0.9529626257225331,0.9530422332381006,0.9560056342019859,0.9566248190845504,0.9548129233655994,0.0016163321509943412,125
881.8960778522492,195.90159725029412,1.2437347197532653,1.258031247513194,0.01480199922593233,9,0.7311375937791238,2,4168,0.6934767629369737,"{'learning_rate': 0.01480199922593233, 'max_depth': 9, 'max_features': 0.7311375937791238, 'min_samples_split': 2, 'n_estimators': 4168, 'subsample': 0.6934767629369737}",0.9618161521048832,0.9605109131022426,0.960185519701329,0.9580065601396556,0.9578941588472945,0.9572470274367785,0.9605689338939092,0.9614317247694922,0.9610486397450579,0.9588445652710679,0.9607471200312808,0.9612625778292563,0.9605271559307396,0.958599424382761,0.9584429300311125,0.959428486403471,0.95663708871799,0.9605199222690829,0.9597393119037088,0.9593445503618653,0.9590038391480294,0.9586316792739611,0.9596450573625913,0.9603897011194051,0.9596344965140847,0.9579756825947325,0.9613242678067533,0.958667309722046,0.9592817853957328,0.960873608953573,0.9597949752398619,0.962497384643193,0.9605744893339382,0.9601197466359306,0.9565173918757458,0.9593993481635673,0.9604635493354874,0.9617255316767401,0.9601518978731303,0.9571254580737696,0.9593184950685801,0.9622968009569945,0.9579303344299259,0.9603335925644919,0.959666655955087,0.9608267639321235,0.9586990127283271,0.9598279665400125,0.9598837399853706,0.9600222787455996,0.9576220991636908,0.9594994115044228,0.9593556335228914,0.9611053047419909,0.9592297164112372,0.9611156948626824,0.9597621294376605,0.9598878190318404,0.9577405763468108,0.9602988551981478,0.9615168350171611,0.9588964926206345,0.9618487595573241,0.9590871085713276,0.9574904417180512,0.9579546694264117,0.9560084297108052,0.962189216535268,0.9622633245544874,0.9595323211324022,0.958471005648516,0.9620800167075048,0.9581971919112455,0.9592200784624957,0.9616559425876566,0.959219718186691,0.9572793305379205,0.9617575336073068,0.9608042398493724,0.959646284795823,0.959276854185261,0.9613361822091241,0.9621077242755,0.9563554911898015,0.9578723667371751,0.9610887984375561,0.9581022073689367,0.9594534020621371,0.9616169250490716,0.9588296602304544,0.9600321552715041,0.9602901538957349,0.9605291650489881,0.959758366151183,0.9584430727740126,0.9595519299857778,0.9581900348933702,0.9584972095040468,0.960366364657274,0.9609784292373613,0.9596881827904582,0.0014721671506515458,23
430.7776339411736,110.62282309847433,0.6841217660903931,0.6998572881594258,0.019230985848199402,6,0.3926818835585638,2,4168,0.9455311449794073,"{'learning_rate': 0.019230985848199402, 'max_depth': 6, 'max_features': 0.3926818835585638, 'min_samples_split': 2, 'n_estimators': 4168, 'subsample': 0.9455311449794073}",0.9605767538580985,0.9583039655782841,0.9572192075244771,0.9560873514322985,0.9561685968074707,0.9556297616746036,0.9585756149994829,0.959620102835444,0.9588866719601207,0.9569208519731605,0.9583173614667346,0.9587057569190831,0.9589669133773664,0.9576085057371582,0.9562569050373007,0.9576816667740977,0.9552781111584028,0.9591246093216144,0.9575948666431318,0.9587271451653572,0.9569178222750605,0.9576317654818933,0.9588504477385956,0.9576099457363766,0.9576933527229361,0.956401169636611,0.9601448219329042,0.9564219989933185,0.9572316290819307,0.958843346623006,0.957423369602039,0.9611808411384165,0.9583976879955384,0.959057777751785,0.9546238446223593,0.9568987752693194,0.9595004827509164,0.9597565475715146,0.9583194492585859,0.9551394370063621,0.9578805924690824,0.9605303718121941,0.9554874913470245,0.958323471581681,0.9575190363823823,0.95935336186703,0.9574248529747125,0.9575796312884346,0.9576902390485662,0.9578122962989036,0.9561050789970704,0.9572116086492345,0.9565135322564823,0.9594515652342239,0.9572366134051843,0.9602105409036394,0.9574002068369554,0.9574915659237888,0.9552296668810387,0.9591609994141039,0.9585659659088892,0.9562477953603631,0.9603169539289733,0.9578076314979013,0.9562507079631293,0.9553082738371499,0.9545012620258612,0.9597351840377958,0.96038439180586,0.9585265391097384,0.9564271785905576,0.9588584663199758,0.9561672413903187,0.9574863154764761,0.9604899872640751,0.9575212911638827,0.9552500967982627,0.959588462328224,0.958908652854828,0.9582529538776838,0.956973120942596,0.9597249476559745,0.9602007887745724,0.954781952015228,0.9560332233362375,0.9595612881658677,0.9555204438847561,0.9583456063492981,0.9592234269248882,0.9566955976977277,0.958758778068429,0.95797993687458,0.9579577595670183,0.95765895378079,0.9573029957783183,0.9571882876688772,0.9559812164783772,0.9571754234669376,0.959424014792667,0.9600348782793942,0.9578302594904737,0.0015455340745734582,58
367.393310482502,116.89746265126358,0.8340369725227356,0.8576752866658701,0.058894059575253024,7,0.4099061789374698,2,4168,0.675271908931688,"{'learning_rate': 0.058894059575253024, 'max_depth': 7, 'max_features': 0.4099061789374698, 'min_samples_split': 2, 'n_estimators': 4168, 'subsample': 0.675271908931688}",0.9626599888365828,0.9616419678837871,0.9606419473365697,0.9587800453040707,0.9587561780959992,0.9590896650817985,0.9610772610245976,0.961871251767194,0.9619666094383383,0.9597658976102915,0.9608658496833036,0.9612725421022238,0.9625310063146107,0.9597970214588446,0.9584868081545775,0.9597440813367937,0.9581941287819143,0.9618784274070226,0.9606448302778458,0.9613554454494355,0.9601474816121094,0.9601676816509528,0.9612156425545844,0.9606296258098971,0.960832739695116,0.9592441904298281,0.9631584324227461,0.9595255156090431,0.9597809049202658,0.9609993013375725,0.9607209078562462,0.9635765434629329,0.960870527719489,0.9615830738156038,0.9576323157123919,0.9592861182028655,0.9616968698662596,0.9631942371163864,0.9609361487611984,0.9579426462639161,0.9605349959333496,0.9627949020614034,0.9594953124722578,0.9611385064306524,0.9603013042571515,0.961130034677941,0.9600410556819129,0.9606221917265937,0.9604213558686489,0.9609562714041007,0.9585002514012276,0.9601230100366253,0.9599412154184463,0.9615892663966736,0.9603175241934805,0.9624995491442841,0.9605085450899,0.9610061078923793,0.9581580044533322,0.961786056315034,0.9615994105195013,0.9586686263002938,0.963019629164474,0.9599843055232129,0.9584455484138067,0.959086326549906,0.9572861194618487,0.9628400213121698,0.9636574092494176,0.9611421062930728,0.9584152562346404,0.9616419094472022,0.9595828311758928,0.9602542127058878,0.9633518665680363,0.9607201826938282,0.958718116214578,0.962037931631377,0.9617230915538172,0.9614123058712994,0.9596600287384898,0.9620506987265516,0.9629058402163243,0.9573527085217358,0.9593340318483962,0.9621620463331932,0.9587235164337572,0.9611463641706376,0.9614778517274164,0.9588436051780386,0.961290823814025,0.9611475708561386,0.9606957367197856,0.9607831284788779,0.9600730462102083,0.9594957724462566,0.9590503992283971,0.9600209776246749,0.9615760671940192,0.9625975289726548,0.9606000226934445,0.0014637503513183457,8
1079.6854713749885,233.73971363515102,1.1396561527252198,1.1590613095719553,0.013154903428519675,9,0.7035132276732117,2,4168,0.9410460479419269,"{'learning_rate': 0.013154903428519675, 'max_depth': 9, 'max_features': 0.7035132276732117, 'min_samples_split': 2, 'n_estimators': 4168, 'subsample': 0.9410460479419269}",0.9609276900703618,0.9590219167173691,0.9586444695399792,0.9566504191773891,0.9572862898069022,0.956539154928985,0.9601456383660708,0.9607060928413339,0.9600898387798491,0.9578682983399567,0.9599314059238697,0.9603069874913049,0.9598315391565663,0.95745946506251,0.9572699636875659,0.9584262336334249,0.9558009919186223,0.9596470419605817,0.9586182181393168,0.958786950064727,0.958169178029991,0.9576304399160579,0.9588060881019519,0.9592877263698184,0.9585810180390235,0.9569117942828611,0.9607304872374723,0.9578421684002557,0.958261651539885,0.9601722336513814,0.9589972946694866,0.9615365167176764,0.9596256085743607,0.9593981938985696,0.9557769123998133,0.9587484241395102,0.9594339208189654,0.9607685674891184,0.9590673704862921,0.9561789907953797,0.9584704650318465,0.9616223621091592,0.9564474206276996,0.9594584466829326,0.9583014448496762,0.9596826010233073,0.9576301699141617,0.9589193015597934,0.958853429747265,0.959311514444476,0.956587398746245,0.959073304524681,0.9584397835711128,0.9605468989739171,0.9584770231140372,0.9601487302686632,0.9590339973409526,0.9583550919372165,0.9569056020984423,0.9596915277084158,0.9604238541673943,0.9573974580487759,0.9612640410768888,0.9581816326504258,0.9567561115183275,0.95664903530795,0.9548140378181659,0.9614252232535198,0.9609223918725656,0.9591557953018083,0.9575375020390581,0.9606910580922113,0.9570688930263687,0.9585269750832368,0.96104239870936,0.9581586206525917,0.9560938267752584,0.9608266411492136,0.9597616781020879,0.9586534495592316,0.9585513533894913,0.9603173078392363,0.9611200400986007,0.9555678995612795,0.9573568831513233,0.9602103679591341,0.9570574006009795,0.9591053768529513,0.9607694657388415,0.957956127926401,0.9593679617669948,0.9595528032238179,0.9595560157917103,0.9592313104758132,0.9572386503826217,0.9586081270510276,0.9570373665433558,0.9574614382219628,0.9594636449346813,0.9604783950626173,0.9587719826621586,0.001521651860115557,42
541.1764221453667,119.74103881850148,1.0802210760116577,1.1035525272255855,0.058787488174591576,9,0.4287208298911828,2,4168,0.8147337384172095,"{'learning_rate': 0.058787488174591576, 'max_depth': 9, 'max_features': 0.4287208298911828, 'min_samples_split': 2, 'n_estimators': 4168, 'subsample': 0.8147337384172095}",0.9623277585553897,0.9607281366207291,0.9592173333096927,0.9582875987318649,0.9580257548232842,0.9579780834639059,0.9607313701810194,0.9620079675707542,0.9613763382607067,0.9594584691948709,0.9606323304558627,0.9608089632563571,0.9615369711376525,0.9589558598823829,0.958808842121724,0.9597730500733567,0.9578016793588655,0.9622455373415782,0.9602248956001159,0.9603276983957808,0.9599858142920561,0.9590242564316346,0.9606681851324964,0.9602809930422321,0.9600882956113477,0.9586761924849079,0.9623995773051826,0.9590958906854574,0.9600284217768151,0.9612930513937107,0.9596965902130743,0.9627980699087061,0.9600940075985398,0.9604939885123349,0.9577939058130379,0.9590748802186897,0.9610483659444484,0.9627157877204983,0.9606880819402016,0.9577040292234704,0.9595012216227271,0.9630036633284113,0.9575612331332536,0.9605909515321914,0.960035456183063,0.9614210744535198,0.9587875334779896,0.9599094993731238,0.9603158333528957,0.9601385017870692,0.9572400760828017,0.9600519960847211,0.9593301096688392,0.9608902120528593,0.9597560282286359,0.9612910770390136,0.9596766707689799,0.9595909400499101,0.9581376675581075,0.9605384842373735,0.961355150916725,0.959461320379545,0.9623242584478094,0.9586864308264831,0.9585254249794755,0.9580294211608145,0.9567061245722278,0.9624134716466918,0.9622473724116536,0.9602993109375413,0.9588372181350162,0.9618122961345741,0.9579459084762384,0.959144886920368,0.9626251975021607,0.959398834832258,0.9578402859267857,0.961160506886808,0.9619019008379432,0.9602160262624373,0.9593901846034575,0.9608626164055779,0.9618632025701578,0.9569403627912675,0.9589086749436863,0.9617131709593779,0.9579114898230892,0.9600758195443394,0.9612631565813489,0.9585108689810555,0.9601967497407686,0.9611469189492442,0.9602208241767263,0.9608953739851233,0.9588228068061933,0.9598056715185945,0.958282247791289,0.9588993109585129,0.9609323842642357,0.9607093612473133,0.9600095379843515,0.0014584250949080883,15
511.4260633468628,135.63869077918847,1.381246109008789,1.4101464680761049,0.0074256256636144845,9,0.4770112689529312,2,4168,0.6106544380455997,"{'learning_rate': 0.0074256256636144845, 'max_depth': 9, 'max_features': 0.4770112689529312, 'min_samples_split': 2, 'n_estimators': 4168, 'subsample': 0.6106544380455997}",0.9620717946974852,0.9603868650979519,0.9595383901972386,0.9575824112424843,0.9575128844631862,0.9575815719657369,0.960444957320633,0.9612800091576688,0.9613891010732704,0.9586116105840414,0.960304098572857,0.9607569662018618,0.9610276199143931,0.9590964345435119,0.9582268370013649,0.9595999365605522,0.9569318410431156,0.9606975046446654,0.959824650613161,0.960146418987078,0.9591253767246363,0.9587627951742295,0.9602771527668393,0.9601509107187918,0.9594454440147098,0.9584292260236108,0.9615693237873206,0.95873393605361,0.9594479538351962,0.960832756783326,0.9597342999324897,0.9624491911073045,0.9601287873506361,0.9601123902414017,0.9569084975148926,0.9593662527694033,0.9604544740332024,0.9618115543390912,0.9604693112541779,0.956796749321187,0.9591977822910698,0.9625378608162722,0.9577604634102478,0.9600608467211241,0.9590020552990394,0.9606484819127943,0.9587540925422406,0.9599996565891821,0.9597145081218927,0.9602046179660213,0.9580794558489518,0.9597996467831444,0.9592398945940689,0.9609526874539316,0.9591929578895322,0.9613714558040516,0.9598982102661916,0.9596252143200267,0.9573478189764528,0.9602112707658668,0.9613990415809515,0.958511508945336,0.9622186786129541,0.958787727222362,0.9580140062108273,0.9578609469692834,0.9557420037622057,0.9621719771766232,0.962285934648578,0.9595962532747443,0.9586682149801888,0.9614300809635241,0.9582052966539518,0.9594900590865865,0.9616579719410888,0.9598100663927693,0.9577232510915826,0.9615568507306678,0.9607544662770073,0.9599982687284492,0.9597097686636548,0.9616861853180177,0.961771132079302,0.9565507832309902,0.9582774335529669,0.9614047724663146,0.9577282719430783,0.9601672100215931,0.9615313040056016,0.9582123442814046,0.9606066753839897,0.9600983820862358,0.9601960936572401,0.9598798413667265,0.9583721724392156,0.9597627994344055,0.9581522866155257,0.9582927880921336,0.9607238504165084,0.9612090358033695,0.9597183300210839,0.0014737222155801735,20
779.7712550163269,176.54626325157324,1.5218402528762818,1.576523072519157,0.003542301979862929,10,0.519294212142261,2,4168,0.8664566840767005,"{'learning_rate': 0.003542301979862929, 'max_depth': 10, 'max_features': 0.519294212142261, 'min_samples_split': 2, 'n_estimators': 4168, 'subsample': 0.8664566840767005}",0.9589489041676211,0.9572606514990972,0.9569584443113882,0.9546706637379643,0.9544788792110911,0.9543233562665805,0.957550635548837,0.9588501941593885,0.9589053704200836,0.9558200532934414,0.957787604043708,0.9578489807631225,0.957630995149249,0.9557299843930375,0.9557229629951317,0.9568051645101976,0.9540395445205075,0.9577318841968253,0.9564089686228767,0.957064251715218,0.9564377196894563,0.9552122529724012,0.957183563669438,0.9572272351714322,0.9565299787374151,0.9546364812186037,0.9589576119658206,0.9557511226488564,0.9565867998008875,0.9584845248322098,0.9571166906138261,0.95936595102198,0.9572986298610283,0.9574385301147971,0.9540381613467925,0.9562819642694579,0.9575004721603366,0.9595354763248313,0.9571444923374255,0.9539743977325542,0.9564939637453204,0.9598265983859331,0.9549133129186752,0.9575542311337548,0.9560791797344289,0.9577560480755263,0.9555050685298063,0.956752420771884,0.9568059693237412,0.9570389292506118,0.9546374347992487,0.9569325082642338,0.9558994018397718,0.9582998585176474,0.9565867012444411,0.9584508604119473,0.9573306333832908,0.957003012673679,0.9544364496750414,0.9571737182796899,0.9584678650835574,0.9556402529574007,0.9589489973326699,0.9560798351322767,0.9550884931145596,0.9546731132289633,0.952801035980263,0.959788577500576,0.9592738460960087,0.9572085300837995,0.9554752256525885,0.9591528843876979,0.9546849139966405,0.9562585015490829,0.958675892412025,0.9566475776573693,0.9541186602492959,0.9590094094731149,0.9578497311612888,0.9571714018955135,0.9561311569940673,0.9585059392272068,0.9592006905744094,0.9535274155062048,0.9552022077842959,0.9585680284944765,0.9545312945475612,0.9569438883558525,0.958773715427137,0.9553396007511585,0.9573728741824045,0.9574450416324832,0.9574315226968817,0.957355897753365,0.9553447828317281,0.9567400668360542,0.954914761630418,0.9552698657350878,0.9576111697526273,0.9585261538562243,0.9567846667048794,0.0015883727437620704,83
244.5582683300972,75.43095508626665,0.7465185093879699,0.780249373839232,0.2734032352073796,10,0.34288512029063584,2,4168,0.8022354374607745,"{'learning_rate': 0.2734032352073796, 'max_depth': 10, 'max_features': 0.34288512029063584, 'min_samples_split': 2, 'n_estimators': 4168, 'subsample': 0.8022354374607745}",0.9509719189891276,0.948805180373645,0.947681856402598,0.9464622206507536,0.9455149002145742,0.9451148373285424,0.9480350681895029,0.949908554090782,0.9465452480159551,0.945974253674934,0.9470057110295454,0.9484625799810308,0.9488576385379706,0.9461295147319311,0.9454522292188992,0.946285479641895,0.9437250331264173,0.9490030332133133,0.9488271957951049,0.9466827502135151,0.9450686047206999,0.9443657727179384,0.9480936196239479,0.9492964133178452,0.9455560901739155,0.9451833539899864,0.9462804049653466,0.947328893642385,0.9477574973392514,0.9494995291384848,0.9458143708079425,0.949129459805875,0.9481225642649397,0.9487950552024483,0.9453421972469369,0.9459845558893908,0.9489475481051353,0.9484348159668055,0.9463307974250037,0.9451751207819405,0.9463225198578743,0.9512704467267714,0.9437124461908493,0.9459139007493784,0.9457795939392079,0.945965923978973,0.9445305875328913,0.9479926867800414,0.94957801610768,0.9480499571845322,0.9428814177437469,0.9466891034248538,0.9452668882437045,0.9478390737210535,0.9470364951965672,0.9468045765255257,0.9461264858223943,0.9486157679080255,0.945126701138161,0.9484875229776325,0.9487786155338876,0.9453181694284823,0.9494046640417507,0.9473765277257234,0.944820581722861,0.9453066879786158,0.9417617109198598,0.9471752581969864,0.9469856426094827,0.9485072816512714,0.9463784136139715,0.9497335908846499,0.9469488903264868,0.94662289440793,0.9481576808485179,0.9446239816021518,0.942132374331379,0.9494795254453143,0.9484767125172772,0.9471843573057547,0.944284040668682,0.946775237096597,0.948659702090508,0.9421076171248439,0.9444507770251863,0.9481929799533134,0.9447164376355869,0.9473966127070081,0.9491199121788884,0.9457567579979047,0.947381127857714,0.9463721491946109,0.9475349994219944,0.9484128409165389,0.9461776460933649,0.9456164262817452,0.9441290754451065,0.9454862697474146,0.9495298814985804,0.9485204453152918,0.9468573647763935,0.0019181873036801305,178
611.1856157803536,138.73954029567585,0.5640167188644409,0.5856044258450148,0.06549741060235847,5,0.9023229491727829,2,4168,0.7385529462805007,"{'learning_rate': 0.06549741060235847, 'max_depth': 5, 'max_features': 0.9023229491727829, 'min_samples_split': 2, 'n_estimators': 4168, 'subsample': 0.7385529462805007}",0.9603174867442139,0.9580135582334377,0.9579096652536849,0.9557160348696313,0.9562339014161962,0.9557332865368711,0.9577808855038246,0.959410781474351,0.9582269324197803,0.9561013467225583,0.9583426775911121,0.9584773037709765,0.9589980621260061,0.9579288052109918,0.9552300281272904,0.9572010533772147,0.9544088890662958,0.9590239166699844,0.9577042774649273,0.9578492129740936,0.9567670165550154,0.9572651930709122,0.9587811997554033,0.9583581554483642,0.9575288808806954,0.9563804632021751,0.9596506227661136,0.9560052411299853,0.9574059937387599,0.9590460249017667,0.9565881917066771,0.9609787372235645,0.957693758025449,0.9572002491414787,0.9550621363926608,0.9566772070832524,0.9592625123837057,0.9600363267805048,0.9579539411053876,0.9551075045837084,0.9574722525801672,0.9595620686375984,0.9558615535185514,0.9570813552476694,0.958311482530318,0.9593052431126545,0.9574098338992438,0.957891350738794,0.9575061198028711,0.957325939674528,0.9567572041062575,0.957170085606127,0.9567880681778698,0.9594220772731402,0.9571844260573175,0.9599269161997036,0.9574941935560081,0.9573980058491748,0.9542983806454368,0.9583687962724367,0.9585752465516658,0.9560087540001737,0.9597109439453555,0.9575091926422047,0.9559661899491887,0.9555887626008518,0.9545173403581491,0.9590166581752091,0.9603573975404381,0.9577155101589819,0.9569388770261135,0.95813643425508,0.9567993114908273,0.9562449182626096,0.9606158532107024,0.9568127857014008,0.9549021012805756,0.9587864060907805,0.9596983244210837,0.957646983425099,0.956855619198741,0.9594747136003797,0.9598090068588726,0.9552435392742478,0.9555578537494397,0.9594529404036083,0.9552991313896249,0.958561516198668,0.9587755410572338,0.9563972852397005,0.9583575312292285,0.9576620097522662,0.957998532372494,0.9579723688422683,0.9576708340960287,0.9574958796270905,0.9555249863553151,0.9567377906425308,0.9580929862135152,0.9599489497813066,0.9576132982188394,0.0015081202500784982,65
219.64071581602096,84.52054470260958,0.5777099466323853,0.5974151639747742,0.3147454283856185,12,0.5971235036366592,2,4168,0.5532549058138174,"{'learning_rate': 0.3147454283856185, 'max_depth': 12, 'max_features': 0.5971235036366592, 'min_samples_split': 2, 'n_estimators': 4168, 'subsample': 0.5532549058138174}",0.9359596774639538,0.9374586006112737,0.9336781040230003,0.9316169410851985,0.9337841178399043,0.9322704395716005,0.9338864648091836,0.9359480543887562,0.9346799522591172,0.9311941836353366,0.9336543682292102,0.9356471982903962,0.9360219694959893,0.9324228045824678,0.9328038844768479,0.9351948876485877,0.9322275839917538,0.9361815586446012,0.9361016004137063,0.9367280575155235,0.9325579565458437,0.9304863286358922,0.9356945133197805,0.9348485872814054,0.9326644837925255,0.9302435762213559,0.9338955021670466,0.9360185187206939,0.931634908039394,0.938085920462221,0.9321834174846617,0.9359347869108575,0.9346962914324968,0.9363945784302061,0.9311811921145933,0.9332508686598692,0.9364129731010932,0.9341616091640146,0.9359535296416817,0.9349387657153544,0.9313033347712719,0.9344861712868897,0.9318632494593734,0.932741466577227,0.9349738172231814,0.9345319707956048,0.9336613983937404,0.9369042956114351,0.9356688871968226,0.9380469142743574,0.9320001819503974,0.9336039738161962,0.9333973358868481,0.938923109663894,0.9332882618984896,0.9319692405243877,0.9322019078487411,0.9370406424021578,0.9305809491362749,0.9335196203110278,0.9351030667622099,0.9318292105796988,0.9386376702223727,0.9290896340661117,0.9319063440649692,0.932699862236974,0.928969135732923,0.934345923737821,0.9380790413590953,0.9334052837775645,0.9323987479948526,0.9367144925888051,0.9347022850836995,0.9325768486166306,0.93752508126276,0.9329604604714685,0.9326949189520644,0.9365268346200545,0.933640318346315,0.9320411879391344,0.9324779005278314,0.936653012219465,0.9378460150480945,0.930351503761532,0.9298081752430597,0.9352440962281191,0.930842301994116,0.9324844465041764,0.9359151896400699,0.9351544588407029,0.9366814562460347,0.9358499015735423,0.9337193880902648,0.9362105920132638,0.9322671682887761,0.9338817341199639,0.9316642968502554,0.9328483215066176,0.9344782142410448,0.9367249797621526,0.934063549869603,0.002250132788135349,200
1090.2086321759225,204.02954661762953,1.6844994497299195,1.7086345502633329,0.01970268772826537,12,0.6143991414158105,2,4168,0.8294170684987832,"{'learning_rate': 0.01970268772826537, 'max_depth': 12, 'max_features': 0.6143991414158105, 'min_samples_split': 2, 'n_estimators': 4168, 'subsample': 0.8294170684987832}",0.9576446364827346,0.955783714931036,0.9561273453613557,0.9533769721644757,0.9536248847946776,0.9533155130721723,0.9563758572561589,0.9585755959222203,0.9574842311491676,0.9544975965884765,0.9569658388273355,0.9564188018377568,0.9569553024654224,0.9540830882972927,0.9546738381676395,0.9562880593328371,0.9528686202851526,0.9564518202490034,0.9556512596961435,0.9560384850421895,0.9554943525956489,0.9540036209940675,0.9554353024228404,0.9564594082994766,0.955407475591065,0.9540075521636191,0.9581472194537745,0.9546824894861946,0.9552564087235694,0.9574784131234683,0.9559527356709888,0.9586010221965418,0.956455523828772,0.9567351604677438,0.952675971565076,0.9545772418957008,0.956746541238842,0.9586522360970648,0.9562528294514193,0.9530593672321944,0.954630588891526,0.958317843019651,0.9531953281524467,0.9563867055918925,0.955637574226534,0.9565312651731799,0.9541807130882872,0.9558760491094842,0.9560644315432272,0.9557059881157929,0.9536741797174976,0.9560283986001751,0.9550444565417201,0.9573333387943401,0.9559136671846841,0.9563054519659766,0.9567566823308874,0.9557921471070248,0.9538140065210926,0.9553996220827985,0.9573769592097827,0.9547202366706135,0.9577791448692317,0.9555245971149845,0.9540979166840241,0.9540860555378718,0.9520014824644757,0.9590648076039997,0.9579021554911729,0.9564124554078046,0.9542931627873972,0.9578303529711982,0.9534970682353819,0.9555650602311975,0.9578796665923435,0.9551527140193756,0.9530453342326382,0.9577340282860486,0.9565101954986812,0.9555020268893454,0.9552069654476277,0.9573147842350969,0.9586559694168069,0.9522902752271043,0.9536319244817346,0.9570432233514714,0.9528479157775072,0.9564637430759708,0.9576025000780373,0.9550574676200962,0.9556479817089498,0.9570149687223019,0.9563272850176205,0.9569040098966556,0.9542232246442899,0.9562629062682784,0.9538739740627254,0.9537172855780213,0.9564819069240328,0.9568385625918131,0.9557125306710325,0.0016226280327271275,110
910.3660776686669,192.6715737263437,0.9318331027030945,0.9609134760225518,0.19115907462495102,8,0.7373263013539815,2,4168,0.7790064005873156,"{'learning_rate': 0.19115907462495102, 'max_depth': 8, 'max_features': 0.7373263013539815, 'min_samples_split': 2, 'n_estimators': 4168, 'subsample': 0.7790064005873156}",0.9558207417563814,0.9549258336799834,0.9537121331733841,0.9529725748902433,0.9522449392338479,0.9526895373929738,0.9544917746469009,0.955302236157865,0.9551811687537802,0.9523639540932889,0.9547929389661863,0.9553946281997224,0.9551705984037452,0.9538395408508435,0.953505344184466,0.9554646657236804,0.949413710324049,0.9548362543398308,0.9537560398898495,0.9531016942153094,0.9523501633280512,0.9525983678628182,0.9537090850053198,0.9541548837345285,0.9537621807897572,0.9534136041104496,0.955810166742522,0.9537944087943585,0.9535017665787093,0.9535141047969278,0.9547752276273455,0.9573249296597744,0.9547428160631976,0.9545975688441207,0.9512017888901277,0.9534401855077582,0.9554822677398359,0.9565138969371965,0.9536704436917358,0.9511928485877171,0.9528474718005046,0.9568888924091379,0.9503702901553885,0.9533724420420195,0.9523044903962516,0.954606269640988,0.9515007210949359,0.9528056016027143,0.9534825302622254,0.9546621866810576,0.9510496456036425,0.9531024419033476,0.9541982418577005,0.9556599908741589,0.9537867325913668,0.9553540016543577,0.9541550797251181,0.9534054600808884,0.953189807016862,0.9548952946712268,0.9545485891768516,0.9536288983154283,0.9555163601960804,0.95368725853696,0.9519834284455564,0.9512860577401556,0.9512249303440308,0.9558687149149765,0.9552626164236153,0.9543147305974384,0.9531882186016385,0.9545793520889563,0.950933787144085,0.9513705709958489,0.9562405667303796,0.9543958125735427,0.9518250213082641,0.9548883353997119,0.9551016401749799,0.9537282479319137,0.9540030593463878,0.9555271260261732,0.9570699399063693,0.9507379800694117,0.9516261603565016,0.9553009753626501,0.9526747838117059,0.9533208420521541,0.9553768047298915,0.9521674179481582,0.9533295824601855,0.9548690063699636,0.9554452860304093,0.9536788665139944,0.9521254838156066,0.9532723161229205,0.9519782745499575,0.9524348741103282,0.9548490080187118,0.9550097732967892,0.9537853930477117,0.001571401511210724,134
306.9612074065208,112.00049789332049,0.8921144199371338,0.9019630315569194,0.007905759575680264,6,0.38328835821838003,2,4168,0.6596977658090665,"{'learning_rate': 0.007905759575680264, 'max_depth': 6, 'max_features': 0.38328835821838003, 'min_samples_split': 2, 'n_estimators': 4168, 'subsample': 0.6596977658090665}",0.9557506315801249,0.9540791924599177,0.9529065005789069,0.9514521133755869,0.9510078147504469,0.9507314660448691,0.9539621127211986,0.9554188678961998,0.9545178499281252,0.9522551959959971,0.9533418120166648,0.9540930689025167,0.9550680252954458,0.9529699052093337,0.9515297122895443,0.9532480957937007,0.9504751321308936,0.9547614287936341,0.9529657819023685,0.953756869766567,0.9520185966831556,0.9526147409014216,0.954148877191315,0.9535865845519624,0.9535437102312132,0.9511724626208301,0.9561826605231787,0.9520676023831594,0.953113128573343,0.9544334714107913,0.9525179856975661,0.9569297825607394,0.9535535033537073,0.9543256920996155,0.950001448470519,0.9519159528030517,0.9544587041224485,0.9553330719463735,0.9535592577934612,0.9509418227641503,0.9530006363751583,0.9560701550539978,0.9506437111711283,0.9536927133689153,0.9528735563574475,0.9545014286039623,0.9531026772131546,0.9527072897298823,0.9530511234880135,0.9528756318821164,0.9518632866415302,0.9531850287686398,0.9516442632944196,0.9550078758907504,0.9527820625738337,0.9554478686492004,0.9536337559472363,0.9532846701213729,0.9497735912896109,0.9538279221236523,0.9540375840919805,0.9517439875699751,0.9561472268083451,0.9530441477499481,0.9516357062431122,0.9512929139391252,0.9495525382573061,0.9555670255924346,0.9560622597662898,0.953436521210428,0.9518175058439541,0.9543727224547456,0.9514469839238829,0.952772935912427,0.9556996827313052,0.9529640163026437,0.9507865246905485,0.9554097425334739,0.9541797422970584,0.9535373067560634,0.95210627984018,0.9552567061440713,0.9558755553757933,0.9503866644754986,0.9512651652061412,0.9554693966478343,0.9511474082004728,0.9531665153620139,0.9549782354769613,0.9518877803606131,0.9536572701710352,0.9533349764226242,0.9538145121456928,0.9531947114352418,0.9527017929419204,0.9527719717940416,0.951320527602891,0.9520181772508562,0.9546054514179044,0.9552863599888582,0.9532343241559376,0.0016337170307452874,142
441.8811022424698,126.15832950827455,1.4006835794448853,1.3520276957153918,0.002099302779853093,7,0.41157455805695187,2,4168,0.8408431353009675,"{'learning_rate': 0.002099302779853093, 'max_depth': 7, 'max_features': 0.41157455805695187, 'min_samples_split': 2, 'n_estimators': 4168, 'subsample': 0.8408431353009675}",0.9482196714940042,0.9466122468998455,0.9460942061726255,0.9438341305373812,0.9428354108440468,0.942390328936621,0.9467650482249804,0.9483524596046193,0.9479267694638408,0.9440911257538734,0.9460840729077012,0.9473791680737866,0.9476962764301844,0.9447088749895741,0.94359352985135,0.9460843990442531,0.9435189186839122,0.9463900030816318,0.9457743052691315,0.9466681059099056,0.9448279700709291,0.9445808385697501,0.9465676840807681,0.9466054984807067,0.9460171544206597,0.9424150375201837,0.9487637582045763,0.9444333681797329,0.9458237458818881,0.9473736229260541,0.9451818409281721,0.9495598339462529,0.9461705740872142,0.9463792353750666,0.9420592157489711,0.9450384496385957,0.9471315577802683,0.9479659063841213,0.9460572093729498,0.9432232831371004,0.9453170834316796,0.9487758896026991,0.9432199685830288,0.9469325291537748,0.9449118026611129,0.9473064289288117,0.9456202476464244,0.9446210362951808,0.945936223244929,0.9445671375287192,0.9445612164305873,0.9458957126537169,0.9439528509997801,0.9474950753885699,0.9455462859282702,0.9474346800914819,0.9473606593254609,0.9456493035684784,0.9420879311319907,0.945994796341403,0.9466175259122035,0.9442384858720778,0.9493034685533899,0.9457698570426557,0.9434759483730074,0.9436843853984562,0.9415601891905702,0.9489268822312372,0.9482535342916087,0.9464226132184491,0.9442676130103743,0.9480666565449546,0.9439476814691756,0.9448486254761647,0.947948871407867,0.9450835734703827,0.9431798943657593,0.9484826895916592,0.946849906982696,0.9461521729653319,0.9444607312890871,0.9479840708388535,0.9485778248401372,0.9430225503903483,0.9439782806230255,0.9473549428994742,0.9432931606595529,0.9453213994042847,0.948332372574137,0.9447006306633612,0.9461770794159666,0.9463239863117725,0.9466753379034073,0.9456780060196219,0.9452309567810373,0.9456520533652754,0.9438021739715338,0.9437565929059673,0.9471808401565857,0.9482493404052125,0.9457721460263001,0.0018340599962633774,183
661.427581512928,141.25270544957462,1.177816412448883,1.1861574482103763,0.008952858170585108,8,0.5661338573527634,2,4168,0.773315271193567,"{'learning_rate': 0.008952858170585108, 'max_depth': 8, 'max_features': 0.5661338573527634, 'min_samples_split': 2, 'n_estimators': 4168, 'subsample': 0.773315271193567}",0.9609471892488788,0.9598077576703842,0.9590061680777284,0.9569702399815978,0.9570950789738851,0.956700474840285,0.95944682540021,0.9605935231100973,0.9601226405956739,0.9579801279250149,0.9596108921079737,0.9599934546135418,0.9602908840375123,0.9585482187209577,0.9573444942644362,0.95873856212038,0.9562508833253274,0.9606006656126336,0.9589514163080954,0.9587497887263012,0.9581300670379922,0.9583677769595564,0.9592219769620558,0.9593264888892551,0.9586554654264005,0.9570639732250361,0.9610076425540324,0.9581746868935709,0.9586656074871311,0.9605840208381065,0.9592583150744398,0.9618064639725578,0.9594216153541727,0.9595115639257916,0.956015478456186,0.958404018916552,0.9597766142747121,0.9612342361620065,0.9594269786283822,0.9562631995823907,0.9587205312207207,0.9617117217395765,0.9569350992937682,0.959375142271891,0.9584357346661279,0.9603710127850197,0.9578025310624272,0.9588714531111437,0.9588860647775403,0.9590911771859797,0.9571447300796009,0.9589792421215692,0.9582503200830266,0.9601134371904677,0.9584764734086801,0.9604454192859019,0.9591164292409744,0.9588352629303757,0.9567894505024986,0.959489607803564,0.9603611919551387,0.9576688683724873,0.9610764955596409,0.9585767090849584,0.9574285505511329,0.9572564273756003,0.9553730971762594,0.9616246148199528,0.9612985964597063,0.9590363910951174,0.9578324721416385,0.9608342565440763,0.9570765328331734,0.9584382663616,0.9615925593001255,0.958711214641845,0.9564484536691086,0.960905335508192,0.9600373755659666,0.9590723478370726,0.9584515046306357,0.960703272677,0.9613358373009766,0.9558248639275356,0.9577412073144475,0.9607933526887747,0.9567398325940506,0.9590357604319599,0.9607349733031646,0.9577243139938817,0.959565069244933,0.9595094240603617,0.9594750761424997,0.9590441301344333,0.9577970518753708,0.9586690887407963,0.9570315885212751,0.9577856611207938,0.9600327328790011,0.960664140806201,0.9589521495628298,0.0014858620159004668,37
1151.4811855483056,196.89953354214214,2.8761211585998536,2.7738717954747885,0.004699090486003942,13,0.7288114078786097,2,4168,0.6565132929283641,"{'learning_rate': 0.004699090486003942, 'max_depth': 13, 'max_features': 0.7288114078786097, 'min_samples_split': 2, 'n_estimators': 4168, 'subsample': 0.6565132929283641}",0.9557771325207125,0.953557489589819,0.9545950665496035,0.9515823626684942,0.9521023195181082,0.9514119772852003,0.9548719570587462,0.955919789718656,0.9556309965860545,0.9525420495356407,0.9550873222476024,0.9554580745189108,0.9551049721085496,0.9519705041738601,0.9524383182294142,0.9541374953469923,0.9507340495019223,0.9542420460103727,0.9537977453322142,0.9541533800305358,0.9531836946875624,0.9517285663817573,0.9535418648469027,0.9547281809349791,0.9533199650300487,0.9520809086835211,0.9558894419216857,0.9527265924713064,0.9533715292149831,0.9550572994315838,0.9536950019930964,0.9564499706703161,0.9549536029429939,0.954893845365421,0.9505781929455941,0.9529719863504938,0.9550784257830176,0.9566840671194174,0.954436401407059,0.9508622681700827,0.9525236963328617,0.9565775391976143,0.9514472334600297,0.9540746325531015,0.9533913292565325,0.9547168745181319,0.9520720274363454,0.9542710241398202,0.9539007991852815,0.953913933855913,0.9512044765139704,0.9538877431894058,0.9527281670171354,0.9552766065881307,0.9542192592706897,0.9546733421262816,0.9548317648506809,0.9539173998866421,0.9516605016720929,0.9537601831337752,0.956015670043696,0.9527512604250354,0.9555836723959493,0.9536830157558918,0.9519401817870525,0.9517721250003996,0.9496648937646474,0.9567179533236134,0.9561672556108344,0.9542432130025549,0.9525692888402617,0.9566644531517553,0.9513305797451663,0.9531741986051259,0.9556750264769933,0.9535920118121801,0.9509579969583923,0.9560972432762124,0.9542395530874429,0.9532461149122764,0.953356840005954,0.95557636614877,0.9575588491416538,0.9501878043253902,0.9513227767268116,0.9548319573228509,0.9515818948808971,0.953753073953943,0.9556922962258028,0.9529645422854104,0.9533682089621829,0.9550328770894082,0.9550840260879838,0.9540022037444275,0.9521099077654811,0.9542340120293771,0.9517930274644661,0.9513634146315935,0.9544100127722507,0.9549632240578594,0.9537366841266565,0.001696590144694523,135
387.5444325232506,117.20748889354232,0.6448238182067871,0.6591247526597301,0.09007975215349343,5,0.47952557638509563,2,4168,0.7829529791145666,"{'learning_rate': 0.09007975215349343, 'max_depth': 5, 'max_features': 0.47952557638509563, 'min_samples_split': 2, 'n_estimators': 4168, 'subsample': 0.7829529791145666}",0.9605122261910949,0.958971894850396,0.9572621916592031,0.9562600104652961,0.9553757005232316,0.9561217000287191,0.9586267580583039,0.958463025772513,0.9589135070488058,0.9575248430059681,0.958543632843366,0.9581047823316382,0.9599368158537609,0.958205636190956,0.956432041924395,0.957826406857175,0.9553473532295639,0.9594322801462131,0.958353018016289,0.9582250516259962,0.9577295018095644,0.9577583013047566,0.9585247118205065,0.9585754109358008,0.9578036690473479,0.9571197627913308,0.9597638945941067,0.9562237898717074,0.9575656595071758,0.9581890258098806,0.9579423515834491,0.9608601393633148,0.9576171045710026,0.959204501372463,0.9551639043690656,0.957150811769099,0.9595112270016355,0.9599537335522109,0.9584789810470661,0.9556511913755952,0.9581813196246478,0.9605455419066455,0.9564416602122865,0.9578915745114523,0.9573055511794869,0.9592079303911575,0.9571331187732224,0.9573928311643187,0.9575816575843057,0.9570882095614679,0.9559094341358879,0.9570829852368314,0.9567658975894401,0.9591288207467248,0.9574423896446697,0.9602669850318096,0.956353935100182,0.9580085682749877,0.9550067577332843,0.9588484095782867,0.9590316586560724,0.9558809380725566,0.9605555302356371,0.957713499792717,0.9560916954294922,0.9568037213078252,0.9547780043950999,0.960201666382784,0.9603166192081024,0.9579111314271139,0.9563710506013685,0.9591079363721027,0.9569049679424754,0.9567763495230666,0.9606592818677169,0.9584499158333919,0.9562724472766602,0.9591243624523702,0.9593884905697487,0.9581724609133335,0.9573663296531252,0.9599247520424077,0.9599551630827657,0.9553097334031075,0.9562687368915018,0.9595729308417588,0.9558275074286938,0.958986496176979,0.9592978363674293,0.9565817933877374,0.9579245076982299,0.9584271927518979,0.9580434014096335,0.9585691553320278,0.957913764820993,0.958267736845277,0.9550042006594776,0.9579429000328005,0.9590934568182393,0.9598603754010768,0.9579345982740586,0.0014757822265365852,55
822.695015861988,166.32180956772194,1.0535100555419923,1.0066196957642957,0.04291901388569427,7,0.7062131452903928,2,4168,0.9132119825742047,"{'learning_rate': 0.04291901388569427, 'max_depth': 7, 'max_features': 0.7062131452903928, 'min_samples_split': 2, 'n_estimators': 4168, 'subsample': 0.9132119825742047}",0.9620514071304306,0.9608902634508727,0.9599797226828068,0.9587399777858391,0.958266469317549,0.9577025025941776,0.9604944827632369,0.9613079304173989,0.9603702237937313,0.9593047732879977,0.9607020463031886,0.9616850658109944,0.9618572654239954,0.9598093235715255,0.9589015205467598,0.9595580802612146,0.9564099612224151,0.9619562028856675,0.9593855024489941,0.9601400855081732,0.9595575121554905,0.9596468014946214,0.9605211251280991,0.9603845820677313,0.9599299672213916,0.9585382654714878,0.9617751879815879,0.9589998440739016,0.9593324450858871,0.9611496815117696,0.9597922829526445,0.9621158169956482,0.960473265996121,0.9611610897459357,0.9572512930695282,0.9594090848443468,0.9614403531246206,0.9619351393884467,0.9601308552404362,0.9569304357506311,0.9596346306805816,0.962038536494142,0.9590423976678316,0.9604231111528981,0.959430019104758,0.9612647677881613,0.9596834671982606,0.9598824655361285,0.9597182934609604,0.96023713988375,0.9580481500982696,0.9592881682040258,0.9595122041022723,0.961380858383971,0.9592772580465972,0.9612063073308011,0.9599746601170445,0.959943595498845,0.9576371093626425,0.9610606530696323,0.9616492396332927,0.9583898363478325,0.9624013118207959,0.959744879692265,0.9580611263418046,0.9586121486400261,0.9563871333620299,0.9620716823183908,0.9624539797937661,0.9594674010787332,0.9581447111792264,0.9613572712296433,0.9592982546926432,0.959266150030004,0.9630204119780283,0.9593852626154312,0.9580305379671553,0.96205961421298,0.9611386709852631,0.9603935679619339,0.9596715702467137,0.9617044496088669,0.9617724717650058,0.9569623204294766,0.9587498067221782,0.9616415706272311,0.9584480448168488,0.960321797856192,0.9619003279846702,0.9588929337941265,0.9611935723659554,0.960766182407218,0.960249578946026,0.9601109504192931,0.9593054266979217,0.9590871595671455,0.9578278836389719,0.9598557368663035,0.9607805448349922,0.9614961024435514,0.960007432536088,0.0014400908501502935,16
679.1545002770424,171.24385985784204,0.5972911620140076,0.6206432832949502,0.06770330433633677,5,0.8267634387057252,2,4168,0.8338849407061293,"{'learning_rate': 0.06770330433633677, 'max_depth': 5, 'max_features': 0.8267634387057252, 'min_samples_split': 2, 'n_estimators': 4168, 'subsample': 0.8338849407061293}",0.9600321214538983,0.9576953535176345,0.9574160063955225,0.9554775497626177,0.9561557703058703,0.95539222089212,0.9583838724293284,0.9591254858087771,0.9578834288753021,0.9562829231643686,0.9577576710525931,0.9580292195932257,0.9592786870216159,0.9577175369241544,0.9562685304178599,0.956770895769472,0.953937292156052,0.9585181898485242,0.9583148904415358,0.957285978595647,0.9557467330840421,0.9572478782816283,0.9583942323021091,0.9583250680341135,0.9574854662214367,0.955279822730623,0.9598468595350726,0.9562714971272688,0.9570497802127652,0.9580384982515844,0.9571597626352905,0.9599269623468508,0.957462603510053,0.9583394905006742,0.9545279806364865,0.9563540893016222,0.9583428617436704,0.9593208229832715,0.9581402472979671,0.954543765009313,0.9576624180724975,0.9592412375295393,0.9555883894796511,0.9564978332364596,0.9582159460471614,0.959284432094336,0.9571833977711234,0.9572204578847683,0.95743999121024,0.956436362130117,0.9558422964174016,0.9569713476710969,0.9564529734792746,0.959176273301197,0.9571376041854547,0.9598502698998322,0.956855878437782,0.9572099965488717,0.9546752303635612,0.9585978110616703,0.9577159483002678,0.9556986597261965,0.9599404952693468,0.9574158646378648,0.9559022264014402,0.9560094899060132,0.9546082263567581,0.9596672117768611,0.9598560938257625,0.9569832481143284,0.9564916771996425,0.957833806179233,0.9556090831125716,0.9565473438770616,0.9596456609453128,0.956983139422577,0.9549972047854125,0.9592919954294074,0.9589342099213722,0.9579295989893306,0.9565088238841571,0.9594672891788231,0.9602622985771598,0.9541073977172151,0.9556406403178301,0.9595831107923045,0.9557299521403337,0.9579656625989622,0.9586375013139445,0.9562082956122165,0.958237150618091,0.9579295303161107,0.957598857420241,0.9577219557928774,0.9572775112416758,0.956939709597957,0.9550707558205276,0.9572472804378906,0.9576220160093337,0.9593483970877241,0.9574023351364614,0.0015059315734606141,72
765.2505586838722,173.66202847686802,2.3113927149772646,2.3034303101104343,0.009333073735289197,13,0.4801316361555423,2,4168,0.6743591710936778,"{'learning_rate': 0.009333073735289197, 'max_depth': 13, 'max_features': 0.4801316361555423, 'min_samples_split': 2, 'n_estimators': 4168, 'subsample': 0.6743591710936778}",0.9582868466899368,0.9565476628641397,0.9569668258349913,0.954428931617114,0.954072009444845,0.9539662993741911,0.9569925003369293,0.958653218720492,0.9579207968781531,0.9553755968459559,0.9575786048472672,0.9577657369426684,0.9571916886621811,0.9553334560025913,0.9554072890589113,0.9569003760685355,0.9537013269626621,0.9565129686366001,0.9564816072511884,0.9567580898542917,0.9561115821014112,0.9544498158530772,0.9566135189221309,0.9568004007011883,0.9559254646383366,0.9549479429426793,0.9584279948010727,0.9552833831474593,0.956147819343398,0.9579431920304972,0.9565239900288266,0.9589764427980632,0.9568803825316563,0.9570721618947697,0.9538186230900535,0.9555451051484695,0.9570998558305271,0.9590694118663716,0.9567928085139095,0.9533586360122809,0.9557799915203141,0.9589171850155606,0.9542274217168031,0.956737708103332,0.9556711452310742,0.9569290520857705,0.9547323423236854,0.9565849611010635,0.9564612144814938,0.956675888075525,0.9545126929635753,0.9565573221975259,0.9554465849124933,0.9577153634471812,0.9560827385833351,0.9576688531434315,0.9570845094404571,0.956484479176565,0.9540249962638239,0.9561626420310425,0.9583288414062424,0.9549013009728413,0.958169319918179,0.9555791079375509,0.954573450604191,0.9540988916267086,0.9526146573050954,0.9591480407108376,0.9581420737114037,0.9567084677839104,0.9551841710820201,0.9584731688371011,0.9546792404175286,0.9560062196883679,0.9580720348443814,0.9559382656109908,0.9535805794531156,0.9585328270088904,0.9569978711827417,0.9566905784473488,0.9559213682743283,0.9580236637165794,0.9590049345555511,0.9530918242992928,0.9539801494182361,0.9582474623590251,0.9538522882138797,0.9566968956000845,0.9580510696463971,0.9550834736484166,0.9566169499110905,0.9574531908280015,0.9569256528747023,0.9571501624473229,0.9545102964058272,0.956249625538945,0.9544275975361445,0.9544425842807647,0.9568323215763638,0.9576782791225805,0.9562974635570685,0.0015498175608898467,95
542.7522255539894,166.45559323287202,0.5525591921806335,0.5653818484898395,0.2967854276883806,5,0.7563727365752111,2,4168,0.752046969735728,"{'learning_rate': 0.2967854276883806, 'max_depth': 5, 'max_features': 0.7563727365752111, 'min_samples_split': 2, 'n_estimators': 4168, 'subsample': 0.752046969735728}",0.9515427152937561,0.9504068762755924,0.9481428501546411,0.9468855774394027,0.9460644548002386,0.9478899858951513,0.9483447764531369,0.9507832131355869,0.9494420963590461,0.9463685666099606,0.9493683276843229,0.9489719792902718,0.9511464253118405,0.947737241857713,0.9471739299214805,0.9466151416073276,0.9443842636256107,0.9516924660490101,0.9498179931348079,0.9499355693050685,0.9476817842965962,0.9499727378813461,0.9499147746715368,0.9500572765615897,0.9491710590024247,0.9481926110237009,0.9511041981553251,0.9473426449644768,0.9496303491066563,0.9503929892337272,0.9482187255471145,0.9525711638274604,0.9491243977970354,0.949675628027344,0.9465858782782491,0.9476118526488887,0.9501714589656264,0.9510721250638897,0.9495708381923302,0.9470026055946106,0.948405783059622,0.9518820100909513,0.9459462100243801,0.9488833246054708,0.9487627218131434,0.9493392491246248,0.945934375728147,0.9489803708909227,0.9488414577087216,0.9486564527372193,0.9462878281053856,0.949552311107978,0.9471386581161101,0.9482422029962357,0.9499244593260994,0.9503538992903103,0.9490701347066698,0.9487438701404527,0.9481631983630544,0.9509567189264572,0.9506491495788041,0.9464863052395049,0.9534395772711839,0.9484839265302056,0.9464914403066553,0.9463994495967403,0.944650604893345,0.9507205750684797,0.9519390126347398,0.9506343099191572,0.9487598354633334,0.9507779663795902,0.9476856033680144,0.9496336438745534,0.9520350591415527,0.9491698244563709,0.9475127586101406,0.9517283372279596,0.9503948727012335,0.9494088476750587,0.9473082763295078,0.9512781667885591,0.951825871074258,0.9448498891939141,0.9460046254811858,0.9499897263764195,0.9466899466102953,0.9471601984203144,0.9525893585685469,0.9472629968326577,0.9508003513569562,0.9502195099656069,0.9479185313566045,0.9502721252983709,0.9473404947969266,0.9482877974674486,0.9460855131450047,0.9500480173584265,0.9514317042910614,0.9504322680329781,0.9489664125458753,0.0019247340148607144,168
528.7409674739838,179.9787850938628,0.7152264976501465,0.7308052063007482,0.2827819835087035,6,0.5644190594945832,2,4168,0.8005679371762305,"{'learning_rate': 0.2827819835087035, 'max_depth': 6, 'max_features': 0.5644190594945832, 'min_samples_split': 2, 'n_estimators': 4168, 'subsample': 0.8005679371762305}",0.9523368049511668,0.9504800894047228,0.9502708745201862,0.9499141045605173,0.9494102441584287,0.9482792571023824,0.951068409597831,0.9511080331516976,0.9511173978691554,0.9491470780779764,0.9519047408894837,0.9496765246917,0.953052924737072,0.9504038976917162,0.9495059615956433,0.9482887579693916,0.9479625356930517,0.9532017594655167,0.951105120474271,0.9503896882677714,0.9483592507682101,0.9500392969583424,0.9496383640489915,0.9499693215660847,0.949031782702587,0.9485717906099899,0.9529831449479813,0.9495379478828836,0.9511344704749964,0.9513314340464092,0.9484584839007106,0.953924554557197,0.9518161390537497,0.949597839949758,0.9493430380137525,0.9489186280019394,0.9511483664578554,0.9514339936898464,0.9507056522858641,0.9470185513021394,0.9506336649998136,0.9528637054892698,0.9483316212932512,0.9501662866137853,0.9495893375443999,0.9524707543405476,0.9508822120235407,0.9509071840145631,0.9515091498090974,0.9507798767860504,0.9487120932189441,0.950240748463316,0.9482569536554478,0.9519866837385941,0.9500898469877721,0.9505626842694055,0.9476598431491163,0.9502923202152916,0.9468886060177137,0.950798541163349,0.9525494961632611,0.9495805164339233,0.9527858362553406,0.9511276823669482,0.948408647571413,0.948566944606197,0.9471611135910959,0.9510043069778368,0.9528319788164614,0.950281950073064,0.948971659026746,0.95065247691582,0.9485599776752912,0.9490042963835692,0.9530138753578996,0.9513311127711762,0.9483176781280673,0.9516316263564101,0.9522253580523856,0.9504015933541035,0.9496989845594829,0.9525731105519024,0.9535469793390197,0.9471588307915814,0.9486043764719998,0.9539971978536717,0.9486436846368176,0.950967596903315,0.9521402071172181,0.9494089271353878,0.951963342830535,0.9510184460133827,0.9508065457041632,0.9504421781737417,0.9484798141699439,0.949613209864686,0.9486587758238474,0.9499361819148069,0.9517367004877597,0.9528290484308592,0.9503584063553336,0.0016458741083868122,160
805.8332150483131,252.5220062461409,1.2293411779403687,1.2422947214071647,0.023393824703871684,11,0.5102149684879131,2,4168,0.817651670984479,"{'learning_rate': 0.023393824703871684, 'max_depth': 11, 'max_features': 0.5102149684879131, 'min_samples_split': 2, 'n_estimators': 4168, 'subsample': 0.817651670984479}",0.9609728499222584,0.95817806704576,0.9579401896451646,0.9560804711699604,0.956390707451376,0.9561681667937629,0.9590986822426614,0.9603241181798935,0.9598834622315019,0.957103260869263,0.9594307386940378,0.9594380666541,0.959313574523446,0.9569784192444848,0.9574927308998753,0.9583372185368827,0.9553179794395112,0.9587064695860371,0.9581892053093276,0.958539071872445,0.9581276791631665,0.9567124951141941,0.9580679401264045,0.9587756702515228,0.9577478061378579,0.9564612072267397,0.9600977395436361,0.9567127341291567,0.9578632241227643,0.9594162741694858,0.958854136658973,0.9607884822059525,0.9583714734594253,0.9587829468595734,0.9550088837317046,0.9575504348437582,0.9592453664697507,0.96082026615582,0.9587813083439676,0.9558814965365734,0.957741985327632,0.9608473652075631,0.9559354402930264,0.9588828969440542,0.9577999902793755,0.9588642166077387,0.9569535603655732,0.9582869410763658,0.9581988721313653,0.9586881822126753,0.9566432823503737,0.9591145902714182,0.9575096033435604,0.9593295864157629,0.9578873529748022,0.9597496396131184,0.9582264396155088,0.9585734024694127,0.956303352194779,0.9584683557911431,0.960058633675557,0.9569031798168878,0.960726729405879,0.9578597482456743,0.9563112743061041,0.9562192720618894,0.95491695757549,0.9610417319831338,0.9609791659659663,0.9585607088404275,0.9569403064369632,0.960391872990502,0.9561094039888923,0.9581314830510306,0.9600772279378613,0.9582650109974186,0.9557103503738495,0.9606349693812886,0.9591595888880543,0.9584236627855162,0.957800659454294,0.9595207689570306,0.9607807867866591,0.9547511328833754,0.9566816951380475,0.9601975657155443,0.9557079731494422,0.9588269656042615,0.9601612072790203,0.9574472404069772,0.9589421624387163,0.9588104783889636,0.959015705144827,0.9587989343998358,0.9564028138346072,0.9581820005203868,0.9561856248277041,0.9565830195089435,0.9590766449189658,0.9599962046940048,0.9582324693380743,0.0015563792220882656,49
681.516481628418,202.6959297214418,1.0040955710411072,1.028077909536091,0.008984048200827542,7,0.8453807225503804,2,4168,0.58748256714039,"{'learning_rate': 0.008984048200827542, 'max_depth': 7, 'max_features': 0.8453807225503804, 'min_samples_split': 2, 'n_estimators': 4168, 'subsample': 0.58748256714039}",0.9590627437872256,0.9578744700786865,0.9571472930357278,0.9550330006579718,0.9552738098418204,0.955212544166169,0.9578188453228798,0.9587141524251239,0.9580125391547404,0.9558495272430064,0.9575400662552475,0.9579507494232672,0.9584048181891283,0.9564132002884141,0.9554259220099424,0.9567457387580868,0.9543677069627989,0.9586195105286656,0.9571122259068653,0.9571898678646401,0.9559942356645029,0.956824122163289,0.9574325961471596,0.9575859217494153,0.9567424278778082,0.9551723767527073,0.9593240678503655,0.9561367976047555,0.9565884202171159,0.9585584682495175,0.9566495689146708,0.9597812477653251,0.9579835652801156,0.9574653577213136,0.953983650038547,0.9564882733084648,0.9582594089213686,0.9589509274459455,0.95722733332257,0.95434292672569,0.956664929806067,0.9599838311510495,0.9549246921410681,0.9573725758432967,0.9568443489478304,0.9582977802261474,0.9558109731391473,0.9565584558439291,0.9565681882827487,0.9572133214016081,0.9551951902676487,0.9569825415394586,0.9562356016523106,0.9585894224122287,0.9567580781624696,0.9586454554925754,0.9575661976476737,0.9573188360220092,0.9541522935913411,0.9573114761595704,0.9584552030757273,0.9555274529329313,0.9595987445949783,0.956532797825161,0.9549791584738307,0.9555581364478787,0.9530608496326585,0.959421687567492,0.9597418305378527,0.956925104601773,0.9556399960964331,0.9585118652961024,0.9555163920697658,0.9560838903348124,0.9590826549052414,0.9565353052951348,0.9548596762095289,0.9590598108620306,0.9576290861024944,0.9565726232772116,0.9566950103342136,0.9592053863956502,0.9594609526734439,0.9537282259957519,0.9551995553142462,0.9585997654994235,0.9552087426095114,0.9568579620737017,0.9591351987263075,0.9559680949149715,0.957845064047756,0.9579828213282072,0.9576831851981087,0.9569891784759498,0.9560702936152332,0.9569314009094422,0.9546722227177311,0.9560834539463513,0.9582012427855296,0.9583394383858487,0.9570040407743765,0.001524599710386591,80
637.9991241264344,192.97016341207603,0.868045072555542,0.8965240909428763,0.003226986853355662,6,0.6686829695816052,2,4168,0.8147719386009962,"{'learning_rate': 0.003226986853355662, 'max_depth': 6, 'max_features': 0.6686829695816052, 'min_samples_split': 2, 'n_estimators': 4168, 'subsample': 0.8147719386009962}",0.9477951074334814,0.9463145118893707,0.9455825848617172,0.943824669040626,0.9427244552604103,0.9422933756279999,0.9467503976028784,0.9481665255554047,0.9472146485398315,0.9436812477554329,0.9454072910809905,0.9471374282452099,0.9472401933706297,0.944663678898979,0.9433667394933372,0.9462144396546176,0.9429211557710679,0.9464548448560784,0.9451028219669364,0.9456567220797016,0.9441569125575237,0.9444515305394047,0.9464680018139071,0.9463701191991996,0.9454818504290736,0.9423664524992266,0.9482655373645194,0.9440633481418335,0.9452350596147034,0.9472166581828548,0.9444594557670234,0.949294458621897,0.9460585122956829,0.9465648075340536,0.9416816038216048,0.9442913261457062,0.9467222248029018,0.9475574398516138,0.9458052806827477,0.9432642867707786,0.9446913148804161,0.9483039279390585,0.943267689631596,0.9462563743224351,0.945411496774185,0.9477218265367728,0.9450613730606895,0.9447584978580652,0.9452774854435495,0.9444847875506799,0.944267179988348,0.9453797871639392,0.9435959279137838,0.9476147304579778,0.9450634093580171,0.9471375422814314,0.9475205398187905,0.9454393517833516,0.941274259447417,0.9459951459549849,0.9463872594566475,0.943885575065618,0.9489739416926016,0.9458243582741418,0.9430365125208279,0.9437080442362322,0.9412938145135562,0.948603533910377,0.9479947214802966,0.9458796972554084,0.9438641487502368,0.9475366594681652,0.9439348528994613,0.9445842271686118,0.9476230203983104,0.9448680708255951,0.9428353058896133,0.9482131692954954,0.9466230511720064,0.945863020595466,0.944323900441211,0.9480083732882267,0.9483950646598875,0.942584063361938,0.943017224658754,0.9473015726480486,0.9431738170351418,0.9447520537368707,0.9481025935522561,0.9443135144072312,0.9456149109749697,0.9464513560418704,0.9468267548949817,0.9447058372054958,0.9448621089264096,0.9453765118052606,0.9432291517646477,0.9438676719217942,0.9468894124290262,0.9479303959441334,0.9454806962835327,0.001855327036480378,187
437.4321375203133,177.38668380412255,1.2287045073509217,1.2391829589866934,0.058578682461386235,8,0.4635536200917778,2,4168,0.6033419927343954,"{'learning_rate': 0.058578682461386235, 'max_depth': 8, 'max_features': 0.4635536200917778, 'min_samples_split': 2, 'n_estimators': 4168, 'subsample': 0.6033419927343954}",0.962322660837401,0.9608237715995244,0.9604351092368478,0.9588913931750017,0.9583108909472319,0.9587522960126861,0.9604887457269055,0.961337017278657,0.9612837783775757,0.9584502620291386,0.9597056058318751,0.9616346185922728,0.9613503150684832,0.9608058755419336,0.9585859088145116,0.9599577806288541,0.957594680092936,0.9624768748923783,0.9610963234492857,0.9597466071271763,0.960296681706277,0.9595941591864469,0.9606798672283905,0.9607810410011605,0.9603060918513454,0.9598591728380272,0.9615750396854126,0.9592235073360692,0.9603509043660391,0.9609803083147274,0.9604652391097538,0.9629958279869606,0.9610801430353898,0.960811530194347,0.9577350237589631,0.959532992293553,0.9606700311685582,0.9619878880701818,0.9613826287535391,0.9583469569421275,0.9600771045712233,0.9621012766550525,0.9577439650726586,0.9614273934418256,0.9596019788625026,0.961103559726074,0.9590991927966089,0.9607922507217812,0.9600065426988686,0.9608862908038674,0.9588552100474503,0.9598437706757227,0.9601066465594701,0.9610843133911853,0.9598863326174201,0.9622318207594108,0.959522160906574,0.9606920542622985,0.9575925672039649,0.961614361504737,0.9616301676921919,0.9583904077112031,0.9622853113767662,0.9598270217527973,0.9583004089122283,0.9588160502732708,0.957034368433767,0.9613351747394963,0.9626955432945277,0.9612322649123958,0.9586739462229159,0.962393531650709,0.9584493046717824,0.9599501825474922,0.962558010870266,0.9601028320115219,0.9589378651559103,0.961444079555135,0.9615235040796766,0.9602391752141053,0.9597746245691435,0.9618582447325595,0.9628230775492711,0.9568256271048852,0.959359102330195,0.9625715578568402,0.9580734688355459,0.9600924129918662,0.961639793673378,0.9590205698546652,0.9611483168067755,0.9606706774030949,0.9610247230927793,0.961071161788005,0.959894922508068,0.9603772241595284,0.9588258387781728,0.9591043685836368,0.9605040876917881,0.9614411078213992,0.960288944025764,0.001391422913402513,11
1163.3691530179976,276.51759132216836,1.1608260893821716,1.2115093510645307,0.0033096865408180623,8,0.8532074692641054,2,4168,0.8779581174760334,"{'learning_rate': 0.0033096865408180623, 'max_depth': 8, 'max_features': 0.8532074692641054, 'min_samples_split': 2, 'n_estimators': 4168, 'subsample': 0.8779581174760334}",0.9537827176767046,0.9531799033516796,0.952378713692624,0.9504025993330258,0.9501436318180451,0.94959720600577,0.9535451685670425,0.9542542340341681,0.9537262102168607,0.9506255879981329,0.9529568952908732,0.9534109333041949,0.9533814199835368,0.950944221043039,0.9501730436010785,0.9523701565456256,0.9495395593150442,0.9533041986826009,0.9518806053072237,0.9520337308124656,0.9511826471517095,0.9510832673790676,0.9521509254694799,0.9532997111544687,0.9517778779743743,0.9495118092231101,0.9545674797957995,0.9507151608345141,0.9516162603957181,0.9539463977663141,0.9518817686912933,0.9549027892337534,0.9532160357628519,0.9527303992637448,0.9485940273989214,0.9519080770624528,0.9534366491718055,0.9543013683186453,0.9520741643704564,0.9492700723226667,0.9515590629368577,0.9551971020446139,0.9502716036883775,0.9526095087318845,0.9518661586215843,0.9541408064095435,0.9509212757775676,0.9515262991936043,0.952041823750917,0.9518891254330163,0.9500219153621107,0.9521134917275612,0.95120002426798,0.9540217610062911,0.9516158780516031,0.9534848120200072,0.9534299719286635,0.952081620223189,0.9492823301337419,0.9524144262862811,0.9538246858533094,0.951173328901136,0.955009565423035,0.9518266453846872,0.9501525754140587,0.9503926380147758,0.9477797340738946,0.954794022248251,0.9548863596920807,0.9524793226399307,0.9506803787343218,0.9546813496855209,0.950234014294574,0.9513110397320814,0.9541662783855546,0.9516477024564585,0.9496228288907157,0.9547758638707917,0.9530134642734468,0.9517172503973657,0.9514571101222871,0.9545660437200578,0.954548123238287,0.9486633752497372,0.9501602181830016,0.9538463023458218,0.9500512556537645,0.9512972132478664,0.9549188694145578,0.951156478560193,0.9526118133284487,0.9530350131394559,0.9531537206268267,0.95167681334466,0.9512144311648416,0.9520452649888845,0.9498034398424439,0.95062013617222,0.9534953191639494,0.9539368369646796,0.9521191344975425,0.0017017844727943063,150
279.4646198749542,110.44675317455803,0.7314363551139832,0.738793710878925,0.07659757870614843,5,0.39284964077338125,2,4168,0.6905047160758202,"{'learning_rate': 0.07659757870614843, 'max_depth': 5, 'max_features': 0.39284964077338125, 'min_samples_split': 2, 'n_estimators': 4168, 'subsample': 0.6905047160758202}",0.9604301994697384,0.9585465349426212,0.9576748080645755,0.9562689521176109,0.9561388116694901,0.956349794494584,0.9590006609167738,0.9593506783776244,0.958859838434859,0.9572882187941745,0.9582153697274497,0.9578786793303232,0.9595720019078673,0.9581444257618104,0.9576240926054257,0.9575255259557562,0.9544107712967296,0.9602943158031795,0.9581170672597935,0.9574892688540787,0.9575486630520664,0.9581629735289072,0.9591127056168252,0.9585755456110292,0.9578917593846021,0.9572998792094569,0.9595507279500539,0.9565744922619566,0.9574167908543968,0.9590125428226004,0.957866481671271,0.9608223565762037,0.9576235445123651,0.9588426583011587,0.9547614995812608,0.9569511882139334,0.9602017663065976,0.9594624153738786,0.9583466397452195,0.9567656305950515,0.9587859915879255,0.9608134872460857,0.9557987612050717,0.9576491816409445,0.9575736962409689,0.9599378195801854,0.9573357120486407,0.9588293607782206,0.9575302526205652,0.9587514215380407,0.9562329142769871,0.9576598511514195,0.9567958864146687,0.9592580855149652,0.9577733174337743,0.9597097795720179,0.9566706851428299,0.958611943141603,0.9552659921861387,0.9591996099001994,0.9593033265428403,0.9559752888460262,0.9609891728689285,0.9585811869660533,0.9562936878741272,0.9560108346374784,0.9552904008088552,0.9599249326904875,0.9607016694130296,0.9579453069618076,0.9568130497513092,0.9593717734948661,0.9564862314215998,0.9573711995924382,0.9609596092628018,0.9584556711485016,0.9559745074754952,0.959731523274678,0.9590996430136964,0.9572295287134279,0.9572000896487287,0.9594519676386335,0.9600923166465667,0.9543070585200165,0.9572669220756026,0.9591527218160563,0.956086748519257,0.9589989417931882,0.9596131797829672,0.9561877184196651,0.9587876659870218,0.9579579432390748,0.9587162230009953,0.958311997392397,0.957491600615547,0.9583525669651837,0.9556726131058334,0.9578930621719648,0.9596367153753345,0.9600776866468391,0.9580591831029389,0.0015123435649931313,52
680.0060461068153,177.12381544391138,1.3404651856422425,1.3712166812715707,0.022722937137443968,10,0.42182946500629437,2,4168,0.9035360616930725,"{'learning_rate': 0.022722937137443968, 'max_depth': 10, 'max_features': 0.42182946500629437, 'min_samples_split': 2, 'n_estimators': 4168, 'subsample': 0.9035360616930725}",0.9616289094163348,0.9610840841755003,0.9603538213826834,0.9580916265841024,0.9581636119940808,0.9580848674202561,0.9604489917822737,0.9622039570771358,0.9620357463523332,0.9593581213494947,0.9605221048969923,0.9615854944628985,0.961295201303225,0.9587345037411898,0.9590275982280698,0.9602652060379093,0.9572584705898698,0.9614323307736704,0.9602621947370825,0.9606837187526803,0.9599959456314934,0.9585232336191787,0.9601288727268523,0.9604121470118646,0.9598515348692572,0.9588449960201841,0.9617788281513504,0.9589741431462493,0.9598839068137243,0.9612338859771484,0.9611299354620034,0.9624542390293988,0.960431259513247,0.961129321663177,0.9578034285079104,0.9598059422622246,0.9610108377690432,0.9623429013571676,0.960694712207723,0.9569422367042284,0.9601490271118427,0.9628703498299499,0.9580709074177522,0.9606549908331303,0.9596542557612645,0.9609860206767225,0.9592433516403998,0.9601216387915684,0.9604447410332421,0.9605874632132007,0.95860013841667,0.9595606630865414,0.9596186778816909,0.9616714995635635,0.9598701550331411,0.9614426702604455,0.9601179571647305,0.9599460174527883,0.9582811629358031,0.9610997928222963,0.961799404577459,0.9588000264164874,0.9625734202767903,0.9594176153359576,0.9582005283634426,0.9582880744190331,0.9565821160788066,0.9624527543106707,0.9621866685579147,0.9604940047649331,0.9586326011661879,0.961996561574891,0.9585749365658204,0.9599364324042772,0.9624451422980613,0.9596409753507407,0.9577821607647833,0.9620464956262283,0.9613237670427115,0.9602950206213089,0.9595489667403324,0.9615069208208916,0.9619066531629162,0.9572499122495307,0.9586710243024705,0.9619607058725563,0.9580236904256374,0.9603878911942998,0.9618232660908573,0.9587953776187211,0.9608679427809702,0.9603693365418973,0.960488297576385,0.960676205242795,0.958983725324889,0.9594900843534698,0.9580955574725261,0.9591472059690146,0.9611446387107344,0.9615557061883824,0.9601304616558373,0.0014482269586985467,13
529.8108290076256,202.0662462187158,1.382092592716217,1.3871965717818704,0.004639902315883837,8,0.4319384050811783,2,4168,0.8667480710985318,"{'learning_rate': 0.004639902315883837, 'max_depth': 8, 'max_features': 0.4319384050811783, 'min_samples_split': 2, 'n_estimators': 4168, 'subsample': 0.8667480710985318}",0.9584785825090588,0.956730196340701,0.9559511155312241,0.9541001018481251,0.9538882782163928,0.9534459904349303,0.9568521945638016,0.9582711056453107,0.9578319685064576,0.9548521112382324,0.9566544651256111,0.957186751306364,0.9573938287175421,0.9553678136252103,0.9542858207444934,0.9559062010027151,0.9533951629995098,0.9571887977157479,0.9558380013200818,0.956505502326063,0.955219330875887,0.9553546898865837,0.956852870046513,0.956281055082984,0.9557529833490283,0.9537487646073135,0.9581508711314858,0.9549010989335506,0.9558751979715707,0.9574928197939778,0.9560030377314195,0.9590953019713465,0.9562953776685691,0.9567576238339031,0.9531635721626259,0.9554615545844004,0.9570687287527486,0.9582912570462774,0.956393006266515,0.9532346638966763,0.9556622938349439,0.9588315137701507,0.9541064060267717,0.9567825488735786,0.9553733957319027,0.9572041966412633,0.9551383484099606,0.9555274214925227,0.9559961911389481,0.9559400897260097,0.9545287409763428,0.9564001724068127,0.9549566791889198,0.957490213913064,0.9554744865641717,0.9577017710954198,0.9562035777621911,0.9558486871202374,0.9532623645093179,0.9565099506083924,0.9571891301852726,0.9548038873246516,0.9587133262679775,0.9556272660936677,0.9542614547459464,0.9538887086743308,0.9521823160930598,0.9588356146899624,0.9585298429893442,0.9565245103724089,0.9545425185307402,0.9576354766859646,0.9543726200727891,0.9555897672645807,0.9582291393924243,0.9555618044680483,0.9530228473926357,0.9581760212404156,0.957133214637534,0.9565397068189372,0.9553819095806659,0.957616596408829,0.9583969010947473,0.9527477286740555,0.9545113361573729,0.9578257933821456,0.953920842590485,0.9561153826406966,0.9581453800186249,0.9547491749781744,0.9566869878265498,0.9563770112355419,0.9569070705110496,0.9564531638734617,0.9551267541744934,0.9559540480580425,0.953860392838366,0.9547255402182077,0.9569518106734488,0.9579046714626251,0.9560217451544015,0.0015828647991888143,103
820.0079271721839,245.4955249541037,1.2865054988861084,1.3011069820691716,0.176374803692031,10,0.6656475291350787,2,4168,0.7131667017543379,"{'learning_rate': 0.176374803692031, 'max_depth': 10, 'max_features': 0.6656475291350787, 'min_samples_split': 2, 'n_estimators': 4168, 'subsample': 0.7131667017543379}",0.9541415020653674,0.9518806932072725,0.9526484542784864,0.9499492905877347,0.9490746633828464,0.9495372124417922,0.9533595674315231,0.9534605978866786,0.9546465542202681,0.949010441224414,0.9525052854481209,0.951848283606864,0.9530471442116787,0.9503678154197805,0.9511462683550409,0.9507037126299045,0.9478056575287992,0.9528095694318321,0.9509973078055408,0.9519068366168176,0.9506488298538365,0.9513947291152997,0.9523750446747449,0.9524998864230072,0.9521055491490564,0.9492575182252111,0.952442459074663,0.9503718173605006,0.9500863907937683,0.9532548842175078,0.9508872113561686,0.9550164856505273,0.9524707165920645,0.9521081680287046,0.9494908539995933,0.9508090337053122,0.9515749356334621,0.9535008264498691,0.9525020951424276,0.9494168134099602,0.9519301913863752,0.9542152832900981,0.9505473962490133,0.9517266276201546,0.9509143624806554,0.952236300782194,0.9494748138336515,0.9501259246575562,0.9500368534231209,0.9541845578434229,0.9512011818850935,0.9517977684698173,0.952436696077464,0.9520987756493203,0.9500137104097071,0.9522390878689352,0.9521905741354947,0.95176370611501,0.9491642633775794,0.9517355026583282,0.9540867330830718,0.9513431082926157,0.9538080221431066,0.9519863254939439,0.9479109077235387,0.9493002865726955,0.9476252919029955,0.9538729025424171,0.9544864174473319,0.951825648464493,0.9527468553938206,0.9537143393994387,0.9491917222715062,0.9515183294002448,0.9515060007850671,0.9514266042435772,0.9478723743992978,0.9543304722645981,0.9535311917470846,0.951461481845597,0.9504027185662531,0.9525802149057522,0.9541532252451057,0.9478859516524335,0.9479986408585457,0.9526479264562403,0.9496467121095598,0.9520157722983844,0.954082772146058,0.9509178795922296,0.9517054532215997,0.9519339041476997,0.9522897284241325,0.9512774064758451,0.9493883772166525,0.9514635756578607,0.948787170650708,0.9508975065508143,0.9525076808741404,0.9535121999028648,0.9515273451721875,0.0017462668830051944,154
1009.848739926815,242.73403656250161,2.461149961948395,2.490476674131049,0.0028615430780951833,12,0.598508298635958,2,4168,0.8432089625812538,"{'learning_rate': 0.0028615430780951833, 'max_depth': 12, 'max_features': 0.598508298635958, 'min_samples_split': 2, 'n_estimators': 4168, 'subsample': 0.8432089625812538}",0.9563234466690448,0.9544780431919289,0.9550964429901283,0.9523777027345887,0.9524918292576534,0.9518085166331729,0.9552039675274753,0.9570107384698542,0.9564378867018672,0.9534094727532197,0.9557035136006395,0.9559152437124956,0.9555592758916863,0.9531721586723222,0.9535163183180518,0.9546526220753605,0.951831397335456,0.9548661837203549,0.9543926823499791,0.9547132251358526,0.9541438365458297,0.9525675856837418,0.9545521322174744,0.9551048470453227,0.9540243894304238,0.9526675123695055,0.9566928142753197,0.9533218283412869,0.9543723261888226,0.9562257045660203,0.9548084398729858,0.9570521344080146,0.9552000558118825,0.9552394757476256,0.9516005536788346,0.9536156676856953,0.9554448077771086,0.9574518956744873,0.954823772225616,0.951425480380916,0.9536377086322205,0.9574019868045722,0.9525407521860294,0.9551095766499466,0.95377555411308,0.9553361949058569,0.9533261587921467,0.9547387843314677,0.95482049758673,0.9546311377082437,0.9520376503865108,0.9549346351182281,0.9536916062300842,0.9560936190334923,0.9544929559663995,0.9553970588431556,0.9554801916066724,0.9545474325866888,0.9524036667827199,0.9543276768366481,0.9561590623514815,0.9534265055120686,0.9563887463126066,0.9539655979957403,0.9526979346576202,0.952267828536001,0.9502912638018935,0.9577391561281958,0.9569862452004307,0.9549727842697395,0.9532700385439579,0.9569542423133998,0.9523524756607435,0.9539311963375336,0.9565747502112544,0.9541099969773135,0.9515904404743616,0.956747553271549,0.9552050610284386,0.9545874855516201,0.9537908481015707,0.9560751998502395,0.957514860816803,0.9510280633987918,0.9523777041328252,0.9557620732034562,0.9520003292506464,0.9548465402864947,0.9566586406983518,0.9532654731473604,0.9545928962177608,0.9555596421503794,0.9553697226683345,0.9552236586756306,0.9526341283181282,0.9545459597884491,0.9528236701669484,0.9524629724520889,0.9549600748354635,0.9559251743528866,0.954456567704175,0.0016427869136223254,129
464.33878921031953,165.76125585028177,0.9241043949127197,0.920842458484326,0.1777033847672164,12,0.5441472554619294,2,4168,0.846486102281136,"{'learning_rate': 0.1777033847672164, 'max_depth': 12, 'max_features': 0.5441472554619294, 'min_samples_split': 2, 'n_estimators': 4168, 'subsample': 0.846486102281136}",0.9507505662913424,0.9485850558513853,0.94909841794981,0.9473895415090523,0.9466111085508783,0.9473508515438493,0.9485501473411508,0.9518060343251455,0.9512242476383442,0.9467953428015706,0.9511512246494682,0.9495102542263343,0.9506884267433461,0.9474424434049973,0.9474104457827591,0.9499720054565569,0.9459835916660959,0.9503730188334033,0.949246754973757,0.9475005643965223,0.9504624005217495,0.9478069446888786,0.9496388622731613,0.9502845228227271,0.9479661793120564,0.9473529675257771,0.95181202031571,0.9472261699933725,0.9487145794817836,0.9511578685408966,0.9482196483989065,0.9510858754364007,0.9498743931193631,0.9503781017538077,0.9453187551718438,0.9480086555711928,0.9504960963503507,0.9514173427150912,0.9493587814835811,0.9474242201873604,0.9488265296805102,0.9526679175575852,0.9467919171804009,0.9488626195290508,0.9471644674233549,0.949261465838064,0.9467547803187342,0.9502601614125632,0.9494796073213277,0.9489127676716848,0.945850139409031,0.9499090403719239,0.949639400205701,0.9502491960317057,0.9469380744964802,0.9516522949596822,0.9494702592070359,0.950437093542218,0.947558801628031,0.9501219464128798,0.9519910731391651,0.947121771400162,0.9505319403364718,0.9490602827355583,0.9479992340526765,0.9480475490488761,0.9457188887573743,0.9507594861694907,0.950727727201962,0.9490120012107147,0.9482805110240319,0.9514162914263853,0.947892070464342,0.9491727833475917,0.951528806801455,0.9487076260742918,0.9476970667243192,0.9509413394244495,0.9502971143182867,0.949569996961852,0.949245968648378,0.9493246339572887,0.9518803174325995,0.9458026697410336,0.9473774729187985,0.9519908294484022,0.9446458121089287,0.9489405954760339,0.9504905221108939,0.9467818940938222,0.9497568296262614,0.9493797093905662,0.9507338216903944,0.9498080722362816,0.9456619931570277,0.9513746956834557,0.9474665631730134,0.947061463075795,0.9496314073141643,0.9503061798745114,0.9490638792157484,0.0017773890563802114,167
555.824637811184,194.55578306695057,0.8235139036178589,0.8104059772389121,0.004864734957527726,7,0.6194279323337255,2,4168,0.6850008532300484,"{'learning_rate': 0.004864734957527726, 'max_depth': 7, 'max_features': 0.6194279323337255, 'min_samples_split': 2, 'n_estimators': 4168, 'subsample': 0.6850008532300484}",0.9556778774563209,0.9544211988364976,0.9536005944734134,0.9519539814404262,0.9512720222319849,0.9509512950744994,0.9546730376284629,0.9556548170043316,0.9552314235599642,0.9523781030372085,0.954032331092379,0.9546802058010747,0.955079354625513,0.9531951928574445,0.9514909677577114,0.953804715019436,0.9509625929754575,0.9550018600080451,0.9535559262441711,0.9538975131884557,0.952414701320785,0.9530284338868875,0.9545249642784457,0.9541588967690061,0.9536718066214389,0.9512060188856257,0.9562489933170878,0.9527785090392221,0.9535416988873261,0.9550926732083256,0.9531724616556937,0.9569299618277737,0.9542136891716098,0.9543374193893415,0.9501759892279706,0.9529871413811358,0.9545549637959727,0.9556962320649104,0.9541115642765524,0.9508540282748646,0.9533536881612428,0.9564120777538347,0.9515296538946518,0.9541995461323806,0.9534121886238024,0.9552392806685915,0.9530693019194099,0.9531175639191751,0.9535267769496846,0.9534712702295819,0.9521535807399102,0.9536074415101934,0.9526191525035648,0.9553309058691646,0.9531505060290392,0.9552714795695899,0.9545773062893143,0.95381774594966,0.950406948163001,0.9540605515178325,0.9548126582402087,0.9522652392726743,0.9564347600470577,0.9533594463682146,0.9516624129986127,0.9519420935684957,0.9494486384123464,0.9564534232055812,0.9563713268429649,0.9537742477001516,0.9522707836067695,0.9552054444899133,0.9517835088402904,0.9530539670891567,0.9559039905965339,0.9530495339995171,0.9511486864185853,0.9558091755503861,0.9546523301441381,0.9538867023177855,0.952961336821607,0.9556131486657218,0.9562180748305137,0.9504833590005198,0.9518137336287571,0.9554198577206011,0.9513275811515002,0.9534749890539915,0.9556804976200011,0.9524103588458243,0.9542668843611681,0.954089212131073,0.9544640805474697,0.9536455441006945,0.953004982807557,0.9535574916407701,0.9513919652891834,0.9524214927844856,0.9548689905518952,0.9555676950167079,0.9536351177026583,0.0016358309297072409,138
474.86883450508117,184.1384400721994,0.845829336643219,0.8417573834521299,0.005066863395249431,5,0.7961383656506613,2,4168,0.637480896168937,"{'learning_rate': 0.005066863395249431, 'max_depth': 5, 'max_features': 0.7961383656506613, 'min_samples_split': 2, 'n_estimators': 4168, 'subsample': 0.637480896168937}",0.9471017538865425,0.945061755453654,0.9446538619629276,0.9431377450320122,0.9420763765978397,0.9411236929394535,0.9458488475001202,0.9474584554047394,0.9460783671208057,0.9428030351702859,0.9443282160238089,0.9461634447996401,0.9466194581363059,0.9440723117356236,0.9423452512698282,0.9455452138502187,0.9417032766650644,0.945499493755498,0.9446589754250115,0.944861703978231,0.9432238777734998,0.9436539979604163,0.9456699584181729,0.9454656314667506,0.944787838212824,0.9419075796157337,0.9477690534352532,0.9430785727684471,0.9445310369429109,0.9463771230674952,0.9430913496440672,0.9488472965900914,0.9451146025930939,0.9455689682106893,0.9410240264742384,0.9431002133698033,0.9460709356805371,0.9468099374525524,0.9447759139516231,0.942287567808158,0.9440736833161223,0.9474967606281196,0.9421474916194023,0.9451567364640958,0.944527872349511,0.9464697713673348,0.9445933408928333,0.9436967453296252,0.9446881733581872,0.943660326939063,0.9437856752046683,0.9443447302631632,0.942572977214079,0.9468558002778981,0.9443541982869503,0.9465345210971071,0.946429923187443,0.9448083916870993,0.9397453552707961,0.944678493252571,0.9451196006479514,0.9429355807130514,0.9479166196700394,0.9449130530862825,0.9417835881797059,0.942767802059092,0.9405927590165214,0.9473687487201905,0.947088951492775,0.9448283185451398,0.9435741995713036,0.9461634231957504,0.9426539861221638,0.9440046992695236,0.9465720659938567,0.9442952239890043,0.9420566057533573,0.9467590309564385,0.9460751591891665,0.9449499573951623,0.9429871181216417,0.9473619399296994,0.9479625858856104,0.941799408191454,0.9420515691031197,0.9465354497340657,0.9422365781511822,0.9437626547435424,0.9467161316212368,0.9434295468556259,0.9445922141164161,0.9454663147408184,0.9458070068188896,0.9443712908510516,0.9439522654725531,0.9446781045853029,0.9424044696143955,0.9429239560182209,0.9461496774935162,0.9473810513298132,0.9445990639309468,0.0018824282289377746,191
510.97155710220335,179.54811137195344,0.736177921295166,0.7411155488595594,0.01196174193467231,5,0.6883949150611814,2,4168,0.7914186827998569,"{'learning_rate': 0.01196174193467231, 'max_depth': 5, 'max_features': 0.6883949150611814, 'min_samples_split': 2, 'n_estimators': 4168, 'subsample': 0.7914186827998569}",0.9538059896371701,0.9519711353590837,0.951334302171139,0.9498905783869912,0.9496280358566802,0.9486301046258099,0.9524078031239719,0.9536477196637506,0.9525776803047573,0.9502341672980131,0.9514771444939418,0.9527661985602011,0.9530949181233824,0.9514390005727568,0.9502783603895035,0.9516481050556145,0.9487293928384024,0.9530566993511558,0.951405650156649,0.9515924961576055,0.9500273177106027,0.9509165457258456,0.9527009725110756,0.9523160598599717,0.9517634820740201,0.9490055473828884,0.9544255310833167,0.949818857922011,0.9511725037810397,0.95318696937598,0.9506370942972742,0.9551635290417548,0.9518419714879295,0.9528564762650252,0.9482659565628764,0.9501196600997691,0.95305621828697,0.953650900281698,0.9519741289696587,0.9491121600795289,0.9511057163397928,0.9543454514796811,0.949511842420946,0.9515743304693265,0.9516523415142399,0.9536070045513484,0.9512882178631887,0.9509379105559606,0.9513621185200324,0.9512513714914608,0.950409491796693,0.9511978750044807,0.9496720907431663,0.9538113339087506,0.9507796778648916,0.9539423215963239,0.9520450070697094,0.9511990906981176,0.9478557757717494,0.9525063596798082,0.9522621432346086,0.9500620222153375,0.954147859525072,0.9514472485745226,0.9493974948428904,0.9494916128173708,0.9476338339636718,0.9540895366864854,0.9541460879412332,0.9515553992455034,0.950240561463891,0.952678961711958,0.949940676905014,0.9512305412706966,0.9541628479713786,0.9513982358049485,0.9488004407705779,0.953484582448707,0.9527761996622061,0.9522212577363622,0.9501977213576874,0.9535639301533665,0.9542526353915538,0.9487058443398512,0.9492651392793824,0.9533794089246869,0.9492101762260524,0.9515294179073199,0.9533154021799756,0.9499217410379397,0.9515664699052013,0.9520353881186686,0.9521225133750948,0.9511442047464618,0.9514752997439032,0.9512770869360935,0.9493254247724023,0.9506365045003424,0.952697901782673,0.9538656215797447,0.9515233807131631,0.0016904687919478585,155
816.0533906388283,256.97056427296525,1.11839923620224,1.0999136208010347,0.11577141594597738,8,0.6960789512713625,2,4168,0.7833954070935212,"{'learning_rate': 0.11577141594597738, 'max_depth': 8, 'max_features': 0.6960789512713625, 'min_samples_split': 2, 'n_estimators': 4168, 'subsample': 0.7833954070935212}",0.9602082045639821,0.9585849972056034,0.9574018612097114,0.9547469715150108,0.9564265621732075,0.9559568615851469,0.9570260387874324,0.9592748318141142,0.9575439561782371,0.956102447495315,0.9585538649802066,0.9575896216077404,0.9592725522283653,0.9563017323535059,0.9552509818841041,0.9580434618459108,0.9554435816679139,0.9599558712354332,0.9581828222429509,0.9589051378408591,0.9569248628324638,0.9570956674372881,0.9576838403247514,0.9580402199109362,0.9577099858828002,0.9561958075300507,0.9594614648707758,0.9566218059243664,0.9562989263244731,0.9580397894657097,0.9570937954224563,0.9604465022368316,0.9579960244651538,0.9580679777308294,0.9547175062714439,0.9564441834897454,0.9586050626421398,0.95921803205963,0.9586694880174336,0.9548858994775845,0.9574459796783824,0.9594288071975087,0.9550507326200223,0.9570145865338798,0.957493178861721,0.9586933540371246,0.955634130137621,0.9574060827736605,0.9568608894209848,0.9578347063307855,0.9555622625765837,0.9582858216127886,0.956372700035216,0.9579068354877013,0.9573222440576638,0.9588919673084155,0.9577681183632664,0.9577957468367864,0.9547384053006648,0.9582391203402046,0.9596462927955487,0.9568154515191859,0.9601372682693203,0.9576593113843495,0.9548016147388181,0.9555872453080214,0.9536293034642745,0.9607202946938721,0.9605071989764749,0.9587350094105036,0.9561457695487097,0.95899245906426,0.9564684424901657,0.9564427980122694,0.9601905125635745,0.9567241929821111,0.9544292728958039,0.9597409116532674,0.9592883564424932,0.9571577084545942,0.957044558554507,0.9592882822683874,0.9600864500710146,0.9537111190167039,0.9561482981513644,0.9591802831164752,0.9554351375785635,0.957405823522859,0.9594485711795296,0.9571474895143224,0.9584125394569128,0.958361908990171,0.957647200295192,0.9572042709664503,0.9566743715994908,0.95712620020253,0.9548373517522817,0.9573714226357297,0.958462752176755,0.9590849470216519,0.9575063326498109,0.001615209577199874,71
780.6398671507835,252.01601366577222,1.2363782453536987,1.240287962288166,0.0068564314564107985,8,0.6917142204161856,2,4168,0.7662163476493078,"{'learning_rate': 0.0068564314564107985, 'max_depth': 8, 'max_features': 0.6917142204161856, 'min_samples_split': 2, 'n_estimators': 4168, 'subsample': 0.7662163476493078}",0.9593234723641503,0.9582451339672707,0.9574555687688254,0.9557290224572331,0.9552260956457805,0.9553447016659539,0.9583866948121589,0.9594982365988591,0.958989263635881,0.9559908760998123,0.9586192406526531,0.9587988382418855,0.9586412806058973,0.9570512138308693,0.9557913722683359,0.9575399913068641,0.9550254464940944,0.9586692457048249,0.9575601115789447,0.9576325804548759,0.9565190523572686,0.9567758162314841,0.9579243150325559,0.9580946865772425,0.9574077763664565,0.9554073467381138,0.9596681708483896,0.9566237677195352,0.9570821899555164,0.9592848720222644,0.9575442766515184,0.960377718052879,0.9580151037766912,0.9580568134316675,0.9548562572735178,0.9570744285939977,0.9582035270923682,0.959658707903894,0.9580721431101852,0.9551634450004999,0.9572977422457885,0.9604108214173892,0.9556436276564318,0.9577556604718505,0.9571163597094999,0.9590392653114377,0.9567210587903995,0.9575156459292601,0.957107080688218,0.9577492796014868,0.9553707186485576,0.9575507831859889,0.9567119176933158,0.9589723530720926,0.957118882368357,0.9591869695719341,0.957927293779919,0.9574078444367465,0.9552693365711001,0.9581457993722733,0.9589421914622532,0.956392432837671,0.9598536702196563,0.9568736304597063,0.9555655793341166,0.9558243519589072,0.9533631607097383,0.9601936915363177,0.9600692533025372,0.9576466645664999,0.956157628415582,0.9596460694755975,0.9560278461456059,0.9569023551814132,0.9595775274113866,0.9569449469007285,0.9552671317603304,0.9597201438341005,0.9585633458023504,0.9573345524145517,0.9569117541805836,0.9593151152624277,0.9598173294060195,0.9542846088489488,0.9558129841285777,0.9593815351970099,0.9555973563978981,0.9576186928267612,0.9599007776635077,0.9565706143183627,0.9581321444428096,0.9583630250411446,0.9584319060793092,0.9576558746376678,0.9564349904169923,0.9572138439380984,0.9556145386321908,0.9562580379920015,0.9586077136208353,0.9594526680105396,0.9575358892718401,0.0015333880478628395,68
748.8785602664948,251.97627001624963,0.7476172661781311,0.7672616143077875,0.042447737358520234,6,0.8953685550856594,2,4168,0.7739021256898738,"{'learning_rate': 0.042447737358520234, 'max_depth': 6, 'max_features': 0.8953685550856594, 'min_samples_split': 2, 'n_estimators': 4168, 'subsample': 0.7739021256898738}",0.9610607681257751,0.9597306415554928,0.9589605087199117,0.9573754351459706,0.9575476974559505,0.9573675944723583,0.9598393085748443,0.9602162703759722,0.9597597238867442,0.9581813844322896,0.9596926439758467,0.9600236158874448,0.9610136108436524,0.9589354770741643,0.9575403428974769,0.9589262502561684,0.9554262339525293,0.9612284689764624,0.9591050700494235,0.959325865764783,0.9580399480293814,0.9587833995108119,0.9596374772858458,0.9594835781763232,0.9587195564671877,0.9576517713536725,0.9608521132038023,0.9574806317585275,0.9588860163801795,0.9602461710839723,0.9593029687046364,0.9620841833368736,0.9599307346961978,0.9601363962362702,0.956020286155265,0.9584774518859053,0.9606534555394242,0.9609291763267298,0.9594219008132735,0.9566441464464712,0.9589111544177539,0.9607210571011267,0.9575351907417897,0.958830151357083,0.9595500534148377,0.9610784930889947,0.9583494710307682,0.9595677742209594,0.9587904021844896,0.9588435711234933,0.9574014623589784,0.9588986173270161,0.9581635240689172,0.9607749060368961,0.9586316391559077,0.9612723179853847,0.9589808597976782,0.9597650046366535,0.9562228667412342,0.9598711320406216,0.9601626027114006,0.9575635840220305,0.9612751971840952,0.9587823699686217,0.9574377811875467,0.958044655504385,0.9561217370818912,0.9611340051517637,0.9620771445128846,0.9587583579258034,0.957485447106112,0.9598290373140482,0.9584913875220228,0.9582130883748237,0.9616863575562091,0.9591656996339822,0.9573836819317403,0.9610410498533083,0.9606462289580796,0.9593456474905127,0.958102107860156,0.9606405362163223,0.961662557334777,0.9559129571509772,0.957296601155671,0.960431594118327,0.9574782795574832,0.9587594769267622,0.9605538449403502,0.957605399226958,0.9599260755950342,0.9595200308069076,0.9593660072345259,0.9592957770978037,0.9582308247163878,0.9586755640121591,0.9567786315443205,0.9592579144851114,0.9598519496848177,0.9606804171233783,0.9591146953242409,0.0014581295194173627,30
497.5336754655838,200.04113161196125,1.009106936454773,1.029199876200155,0.006008116661255823,7,0.4431781364164753,2,4168,0.9350257970633646,"{'learning_rate': 0.006008116661255823, 'max_depth': 7, 'max_features': 0.4431781364164753, 'min_samples_split': 2, 'n_estimators': 4168, 'subsample': 0.9350257970633646}",0.9568262972956609,0.9551268678426673,0.9543523733620523,0.9527841226753079,0.952192766286732,0.9520205116232882,0.9553805593875065,0.9567303747188769,0.9563538333507129,0.9535214487539804,0.9548530545929177,0.9557620454272664,0.9560811299167621,0.9539358646134967,0.953242573775022,0.9544779707750477,0.9517966743776537,0.9557911338947928,0.954338500667804,0.9552848088965281,0.9535678854875237,0.9539789064892216,0.9554813535496849,0.9547133371349882,0.9545682000873045,0.9523183484491946,0.956951426778872,0.9533115451606406,0.9541030889625142,0.9559241543003165,0.9540886893297732,0.9578828028471966,0.9547424229525042,0.9555890068878345,0.9515118589851022,0.9537023862735101,0.9558504236117733,0.9567629572038274,0.9549734251203393,0.9519707090303763,0.9543566083348956,0.9574924060885428,0.9526783532645683,0.9552717548517787,0.9539529979165826,0.9560625906881343,0.9540358344287222,0.9539320156864789,0.9544268372822204,0.9545250576751313,0.9533913494538533,0.9542126399156093,0.95327260169274,0.9563840416205737,0.9541326004175165,0.9564973397592866,0.9550058588402023,0.9543361661287357,0.9515384733705211,0.9552838773958868,0.9556388457610975,0.9532377722725474,0.9574206669840696,0.9541811679605661,0.9527560770748453,0.9521543303887279,0.950509805241136,0.957023054837912,0.9573720161452655,0.954836228756437,0.9532057775288549,0.9560624855654173,0.952937553479825,0.953811543148371,0.9568413751707278,0.9543110817672706,0.9520152103713182,0.9566015747212612,0.95539053550366,0.9549613069135772,0.9537512033756023,0.9562172373851767,0.9569477790482267,0.9516432212389374,0.9527900791180026,0.9564813898536785,0.9520887691659574,0.954710107776078,0.9564685992149095,0.9533859365275135,0.9551441927796311,0.9548169290825076,0.9553751345850482,0.9545611818819648,0.9539744175946968,0.9543811541846013,0.9523644854400165,0.9534319610944831,0.9559340444927416,0.956663382758989,0.954560348618802,0.0016092234894207347,127
950.663079047203,270.95193746588984,0.7754644966125488,0.8128466908965353,0.0921353795171421,7,0.8987075128788344,2,4168,0.826064957462618,"{'learning_rate': 0.0921353795171421, 'max_depth': 7, 'max_features': 0.8987075128788344, 'min_samples_split': 2, 'n_estimators': 4168, 'subsample': 0.826064957462618}",0.9602751665431262,0.9594686653039669,0.9578186537954371,0.9571727624587762,0.9562670805547272,0.9566511828395114,0.9592561634705669,0.9603211157605704,0.9582227989792398,0.9569989161372141,0.9596343210942604,0.9588353092564017,0.960149179523258,0.9578153604024595,0.9567189011078695,0.9577451879613368,0.955630553587775,0.9601907301584697,0.9585451485152316,0.95788218807242,0.9578618923213916,0.9576829716614881,0.9588459254580356,0.9593290655119134,0.9582362470419737,0.9568034406324567,0.9600767893851158,0.9569919796876158,0.9578128410429115,0.958762523158063,0.9582857207912427,0.9612673910451464,0.9591248450013387,0.9583617753416425,0.9549561040944582,0.9584524850158679,0.9594539063037962,0.9604869972748076,0.9581775768679992,0.9552600306057009,0.9583318845145553,0.9605930708749872,0.9569360596881689,0.9584489945359593,0.9586814221348922,0.9606952492656633,0.9567222040888425,0.9579952986317286,0.958704615497372,0.9587625309933715,0.9559688374247011,0.9580114073319047,0.9580769225195523,0.9586172919417406,0.9574754219403533,0.9591436257785168,0.9583947359332045,0.9580922270990672,0.9563913612054649,0.959099589737401,0.9605844220342422,0.9569910296072694,0.9607602886313593,0.9579305266825772,0.9562434350330286,0.9575264393452303,0.9550413043881737,0.960368741220877,0.9601302091874385,0.9579392415961427,0.9570424682654332,0.9586453057658311,0.9572920597819612,0.9573698514098681,0.9606089844507832,0.9580473101155604,0.9565415243526708,0.9605649003713227,0.9596558414934167,0.9581972561514696,0.957217254162501,0.9601247284213633,0.960512778123636,0.9545958896455505,0.955874313448134,0.960780822161558,0.9558507735099024,0.9578967139125123,0.9600831272856207,0.9568351446837298,0.9589115416623174,0.9584330575345773,0.9591782713139563,0.9580337117734599,0.9568119204496724,0.9575418961742427,0.9552276083122371,0.9581040536170289,0.9592907671035087,0.9592957191689587,0.9582505387725219,0.001516472825426436,48
741.4797914505004,214.61283006568817,2.051788966655731,2.1070495503261712,0.0031108326056301064,11,0.5873960594492682,2,4168,0.6737716992635644,"{'learning_rate': 0.0031108326056301064, 'max_depth': 11, 'max_features': 0.5873960594492682, 'min_samples_split': 2, 'n_estimators': 4168, 'subsample': 0.6737716992635644}",0.9583289710329048,0.9564278268884939,0.9564565064903291,0.9540741213917352,0.9541896352978765,0.9536309521660796,0.9571585969782765,0.958439807639598,0.958295339119871,0.9552454292711637,0.9573067916106324,0.9575802788058324,0.957217250329423,0.9551133047340116,0.9552021783733597,0.9564775420415268,0.9534728221375552,0.9571092924473,0.9562083982678016,0.9565119380382465,0.9557443060656733,0.9548370855410675,0.9564987982425707,0.95696810642226,0.9558577157253072,0.9543348752029633,0.9585640345282334,0.9551460465686029,0.9560403707237196,0.9578972819736516,0.9565079601187502,0.9589314517618869,0.9568647299698801,0.9568641763228227,0.9531797400278099,0.9556371287598665,0.9571549355499012,0.9590536473103161,0.9567358365486917,0.953380736627893,0.9557175780405466,0.9592133165265392,0.9542908278221288,0.9570691115248845,0.9555257502609964,0.9573314325337039,0.9550539753954383,0.9564393155013454,0.9564206309872649,0.9565247745711427,0.9540173209843169,0.9563873282964599,0.9553508317657435,0.9577419404388289,0.9559702856790485,0.9574239788965776,0.956924045211782,0.9563061444572399,0.9543380385556725,0.9564724267162701,0.9579889707037494,0.9551736130967123,0.9582482154754084,0.9557025274893934,0.9544135122227597,0.9543105894989075,0.952175516732917,0.9593602239230639,0.9587867054013602,0.9566449046608028,0.9547779565132717,0.9587562690524715,0.954149043227656,0.9557468655951288,0.9581516663750002,0.9559629352303856,0.953332581612748,0.9586361259887566,0.9570449999882787,0.9562160654615163,0.9558135879954481,0.9579120315856161,0.959008948256397,0.9528630721658766,0.9544347023161619,0.9576160261919494,0.9538571579269051,0.9565321320417102,0.9583838024606024,0.9551825668664291,0.9566159685988201,0.9572900830165969,0.9570418987490554,0.9566739101804768,0.954778817595864,0.9562865306564864,0.9543813256062093,0.9545112990826943,0.957182949829802,0.9576689880451286,0.9562478008863833,0.0016114689913737336,96
317.8495727539063,143.45800197741335,0.9568768501281738,0.9669278523001972,0.07366219007900414,8,0.4393497366621478,2,4168,0.5551923148256198,"{'learning_rate': 0.07366219007900414, 'max_depth': 8, 'max_features': 0.4393497366621478, 'min_samples_split': 2, 'n_estimators': 4168, 'subsample': 0.5551923148256198}",0.9627017417237563,0.9600377363973258,0.9588204885799652,0.9569475911999936,0.9571060618418775,0.9576719158359134,0.9594581335968022,0.9601579688838847,0.9606183848976174,0.958229348393525,0.9600040524521772,0.9599842582514153,0.9599878863004458,0.9586655373810887,0.956869957488921,0.9592315294098123,0.9571428355600498,0.9608255154729435,0.9603361833287518,0.9599571469038711,0.9584780777888211,0.9585593590988399,0.9601149477031169,0.9603106167887357,0.9594280339649647,0.9573007517254304,0.961622938979691,0.9585914106791874,0.9592229104121526,0.9604085528067787,0.9595374467978431,0.9617971395588963,0.9595259891382946,0.9605436012436948,0.956427043514868,0.9586908419262338,0.9599036801702449,0.9605732324870112,0.9595762877966613,0.9566629900686274,0.9596216538258628,0.9620284823463636,0.9576892574412117,0.9599911990489526,0.959369347549931,0.9608686686560792,0.9581326442450733,0.9595128933698421,0.9594737457772992,0.9590441711694749,0.958106570541584,0.959702250080071,0.9596034561023632,0.9601569319347258,0.9596572039794853,0.9608901883855755,0.9596765430277865,0.960187855288309,0.956962982864511,0.9605924437679436,0.9608950583798195,0.958736537814657,0.9618736738219673,0.9599120281091769,0.9577806185512308,0.9579194499835149,0.9558095979686444,0.9616290373823295,0.9623169537246055,0.9594781227585658,0.9578701316345506,0.960421311177786,0.9572768451934811,0.9593368206291645,0.9616194083410101,0.9586655703285333,0.9578445338948689,0.9611567731742354,0.961180933780393,0.9590392067907415,0.9593489576737294,0.9615240636844189,0.9618044553979707,0.9555005426419825,0.9581247819933074,0.9618069557469144,0.9577613919141957,0.960292976326683,0.9612395626836351,0.9585401626684092,0.9598552898888614,0.9602308314720134,0.9595689654169817,0.9606679229185188,0.9576181961153984,0.9599837716335834,0.9577870735683812,0.9584605680949609,0.9600048794534483,0.9608558990367018,0.9594503847772206,0.0015059128633185107,27
590.028669962883,202.3233539135627,1.3785823011398315,1.3449364037324598,0.0028332686506026515,7,0.5985978666870624,2,4168,0.7666072141879023,"{'learning_rate': 0.0028332686506026515, 'max_depth': 7, 'max_features': 0.5985978666870624, 'min_samples_split': 2, 'n_estimators': 4168, 'subsample': 0.7666072141879023}",0.9511538090537107,0.9500761496364499,0.9492956503535536,0.9471349451441347,0.9465901105416703,0.9463342542655762,0.9501112694678465,0.9515326922670898,0.9511590083899639,0.9474259523521923,0.9495011114377754,0.9505368454117638,0.9506365253313953,0.9485386561008308,0.9468540515237381,0.9495265448852241,0.9466719182288649,0.9503761993512954,0.9488594377205344,0.9493744474711832,0.9479949769373859,0.948031064502075,0.949876373938616,0.9498562341574233,0.949004258765307,0.9461499230618511,0.9517827445130261,0.9480396316879595,0.9488785962564089,0.950710446854262,0.9484368102013259,0.9524651088242996,0.9496444752559211,0.9500002683875902,0.9455844525476773,0.9481624813928802,0.9503036298008477,0.9512611849119813,0.9494949822447081,0.946345398686861,0.9485845835720877,0.952118526344672,0.9468017130474435,0.9499000239798355,0.94866313436062,0.9508667261068198,0.9483578977807431,0.9484386729023213,0.9489782336135106,0.948521053722468,0.9476758190532908,0.9491653535196041,0.9476982699138123,0.9507710274269854,0.9486513759987293,0.9508260006817404,0.950608239407142,0.9490490668396809,0.9455504271468242,0.9497556918472694,0.9501637841585899,0.9477734904221373,0.9522703107991292,0.9489614470274309,0.9469558693957235,0.9469646933731085,0.9447349463049176,0.9520371433249666,0.9515719629799233,0.9497330659693073,0.9473508409702563,0.951056380303745,0.9473146614017545,0.9480425121590693,0.9512692875859107,0.9485788196556955,0.9468832054386747,0.9516335192069325,0.9499819634501449,0.949262759660082,0.9479671915782947,0.9514745767612828,0.9516618450247356,0.9460357089867772,0.9470981220491193,0.95111351982944,0.9466529078449839,0.9484407365771209,0.9515528167775293,0.9479520196264932,0.9496557305267621,0.9497902583046548,0.9499718090572304,0.9488174147406717,0.9484291211791263,0.9491596877040457,0.9469291718687735,0.9474706621847672,0.9505384851650014,0.9513051653096777,0.949092520738128,0.0017575091304705486,166
556.8210258769989,200.65057158694955,0.641815779209137,0.6451615053047839,0.2078842538782157,5,0.5999444960895808,2,4168,0.9193506699558507,"{'learning_rate': 0.2078842538782157, 'max_depth': 5, 'max_features': 0.5999444960895808, 'min_samples_split': 2, 'n_estimators': 4168, 'subsample': 0.9193506699558507}",0.9567816830592712,0.9556716513223031,0.9554426660711699,0.9517166431250008,0.9539968398750318,0.9530281381759728,0.9551138620339186,0.956593678628369,0.9532644754156117,0.9521323928191664,0.9549865890877438,0.9545018615734737,0.9564732875134035,0.9545522876671914,0.9508399026416833,0.9535645389864086,0.9507042576861686,0.9556404354406138,0.9547042246659838,0.9557060469026388,0.952380797252039,0.9540346283750591,0.9549689524614801,0.9544119171904029,0.9538530669839598,0.9541068254063407,0.9559258121359427,0.9525749568366273,0.9533360405272508,0.9549643681899352,0.9534456073950934,0.9571222246812721,0.9553870051021495,0.9549726884414217,0.9524163978912354,0.9524741792366729,0.9560052466058224,0.9554594460260072,0.9538910312442531,0.9521719159968544,0.9541996994007959,0.9569926029723693,0.9525766307946056,0.9542165313931578,0.9549335924191383,0.9558650798259617,0.9530838929678296,0.9546131926481908,0.9535098152162024,0.9541868459577477,0.9513447017324362,0.9549484087289292,0.9526457486103787,0.9559325369422815,0.9543849387520382,0.9559224720818517,0.9539196801126677,0.9537665717897091,0.9519093274364837,0.9559858908540502,0.9552022054164514,0.9520472026513029,0.9568936017472903,0.9538105805104439,0.9527238534977737,0.9511674863407384,0.9513451213308524,0.9557861622812863,0.956829162419593,0.9545351745252952,0.9535335979898971,0.9536003978611318,0.9521437123256296,0.9546161341218885,0.9577425291003653,0.9543596588467094,0.9510239023545358,0.9569974700369943,0.9564762842868018,0.9555731926394252,0.9537675053175155,0.9543170707943581,0.9581691848978663,0.9526273317608411,0.9529361430055087,0.9557576526327,0.9538401005018546,0.9555430566071414,0.9568403401993323,0.953013752639536,0.9549725870614428,0.955320091729636,0.9540978022831801,0.9559739627529937,0.9536277445695631,0.9541100983362354,0.9535668115514403,0.9545576895025545,0.9550075060770689,0.9564356152179019,0.9543514620903083,0.0016428736948489258,131
1177.782798306942,293.3954524551924,2.6311084389686585,2.6262517989744496,0.00407067039939574,13,0.7756179978787981,2,4168,0.6771670832896792,"{'learning_rate': 0.00407067039939574, 'max_depth': 13, 'max_features': 0.7756179978787981, 'min_samples_split': 2, 'n_estimators': 4168, 'subsample': 0.6771670832896792}",0.9552784028453911,0.9531775199491886,0.9542192772692418,0.9513582437780045,0.9516493326899229,0.9510368284661654,0.954313971187785,0.9556532360597287,0.9552302518706461,0.9521641656054745,0.95492390084087,0.9548839246030599,0.9542818586557841,0.9515322625164885,0.9523059926078685,0.95376760231462,0.9505361648548072,0.9534201762908707,0.9534058874893355,0.953769428551713,0.9527482306798117,0.9512144172249793,0.9535271597231807,0.9544394442782106,0.9528889535384204,0.9518645235595629,0.9555167403757274,0.9519916685028541,0.9532666065134657,0.9546520021500973,0.9532102941210544,0.9561954745247029,0.9545309746657485,0.9542826761883938,0.950054549561974,0.9524326953406511,0.9545095851427848,0.9563813181814531,0.9538144944091452,0.9505160465088693,0.9524942765076374,0.9561896374508617,0.9510449713977672,0.9537918673954043,0.9529689981432398,0.9543772017057606,0.9515878515341424,0.9538876860080118,0.9534880636744987,0.9535073989834336,0.950734584425377,0.9536657568386946,0.952283836837166,0.9551414872715334,0.9533716576512584,0.9541852496907209,0.9545152319917702,0.9537686789837211,0.9516383254876238,0.953223009558551,0.955327423748463,0.9522113434377273,0.9550699216143839,0.953268099900299,0.9516331526569136,0.9516610653959738,0.9495402039388614,0.9565798386095645,0.955759507617784,0.9538042502377083,0.9520018805039042,0.9561590387456385,0.951186856849174,0.9528099736595796,0.9553858017419937,0.9534279556567611,0.950366745088009,0.955764451857554,0.9540427913797653,0.9526558346897018,0.952712798169281,0.9548380605096441,0.9567709560986934,0.9495014107464672,0.9507197267864552,0.9542167041563819,0.9507212949158576,0.9537057898094928,0.9554345144094175,0.9524368520200958,0.9531425891348901,0.9547714469548938,0.9545328773200299,0.9538088403894994,0.9515616821547606,0.9538763547790224,0.9513508747877985,0.9510714470587838,0.953961716261641,0.9547173120491947,0.9533332144101729,0.0016921966150855515,141
452.4735166168213,187.25061646744624,2.419604482650757,2.3908405245754336,0.014571905849303018,12,0.33503216233857,2,4168,0.6737982711417441,"{'learning_rate': 0.014571905849303018, 'max_depth': 12, 'max_features': 0.33503216233857, 'min_samples_split': 2, 'n_estimators': 4168, 'subsample': 0.6737982711417441}",0.9611576467249894,0.9597530200331279,0.9593183919540474,0.9569283142696362,0.9564288240708503,0.9567143452317525,0.9600244086667339,0.9612369847401238,0.9602132712213557,0.958626302874908,0.959666925637554,0.9600049579809445,0.9602383912329073,0.9581628004764384,0.9584140514023622,0.9588705534371261,0.9559162512251993,0.9596788634286142,0.9592107858947166,0.9598382548812318,0.9583468563066562,0.9575638361856067,0.9596061671082046,0.9592416482943026,0.9586611266909125,0.9572096482109476,0.9610423129322867,0.9579680271659462,0.9588753301156799,0.9599379848643574,0.9592714923873848,0.9621458589066381,0.9593362382552711,0.9593980859226663,0.9566609498121942,0.9575936939896574,0.9595703502638541,0.9610287330767794,0.9596340014644731,0.9567294286817511,0.9588265636091863,0.9617227671750805,0.9569652592152246,0.959727227862212,0.9582501691723758,0.9595207565678486,0.9583000825537189,0.9593776176895931,0.9596148994664718,0.9593059838331234,0.9576336121945145,0.9590491469541456,0.9585456462706738,0.9603647033141799,0.9582773445791316,0.9603924636548674,0.9595279681031049,0.9594340476846573,0.9564660071310757,0.9594337941807447,0.9609955763556035,0.9576779637269827,0.9612256144022718,0.9583700471456948,0.9574371752829056,0.9564260110976718,0.9551630975727602,0.9615868099896459,0.9612666170944493,0.9595999710893908,0.957439826464028,0.9609554503826736,0.957118995382869,0.9586839513300106,0.961394595596634,0.9590483574588454,0.9563298427974256,0.9611404282350334,0.9602106401963628,0.9594682973945224,0.9588230480322472,0.9601470737471455,0.9608544496939915,0.9559031199812827,0.9578510558108709,0.9610336493853665,0.9570524620559404,0.9592373801623003,0.960694022007228,0.9575026387392482,0.9595679457171205,0.9595527461554226,0.9596498681939941,0.9595910683802429,0.9575018732423574,0.9590298228588687,0.9570846956108084,0.9576813590366907,0.9600810771994149,0.9605099946278953,0.9590184979686633,0.0015126554983165932,35
661.2403020238876,215.9138738949971,0.8022844171524048,0.8152743617849654,0.01811151984115001,6,0.730009964172333,2,4168,0.733381595886742,"{'learning_rate': 0.01811151984115001, 'max_depth': 6, 'max_features': 0.730009964172333, 'min_samples_split': 2, 'n_estimators': 4168, 'subsample': 0.733381595886742}",0.9598874385365241,0.9581764631581052,0.9574422921224451,0.9554712115603256,0.955813136446731,0.9555106425158515,0.9586098342693856,0.9592032854351281,0.9584246259774231,0.9562348575465505,0.9575545473057855,0.9586035443474492,0.9589879264689594,0.9576406897716262,0.9562050621177205,0.957687619688669,0.9545343020394815,0.95933101839203,0.9575030109746153,0.9581309298361438,0.956146397483691,0.9570825809494083,0.958319104393555,0.9579371783299929,0.9574625526618604,0.9558310217700413,0.9599916349086839,0.9563791098586879,0.9574345357148638,0.9586363539456382,0.9568101725955482,0.960768311506238,0.9580393081493491,0.9581864717438799,0.954492391903685,0.9569478593324219,0.9585290375476468,0.9593589009783237,0.9581812636468537,0.9551398986525369,0.9571238611595704,0.9597460193546399,0.9555098200176515,0.957557876566282,0.957600716987657,0.9589551533389982,0.9570020576552968,0.9572039655659509,0.9569987805077331,0.9574358531957554,0.955816799636473,0.9572939116863659,0.9565345046200158,0.9595455299163765,0.9568505312828739,0.9593221834537144,0.957602255352768,0.9573425982166439,0.9546905198446264,0.9579623615608936,0.9586721312308968,0.9563588007678967,0.9601326977679472,0.9573693641616263,0.9557993838943325,0.9563794809632707,0.9536210567793938,0.9595363143215949,0.960177789940806,0.9576617513740971,0.9561758548807007,0.9587905938881153,0.956423754229045,0.9568669333154396,0.9600724907271809,0.9572654112601888,0.9556984911454539,0.9596630328347033,0.958406778438936,0.957833739958857,0.9566777310699068,0.9595139114685122,0.9599258153477599,0.9545337707597659,0.9555770748918118,0.9595498350191245,0.9556234779927194,0.9572799876709062,0.9592372723517341,0.956669243175512,0.9584725814829094,0.958279796922497,0.9578130536230501,0.9576365604046486,0.9569551421083162,0.957238021886433,0.9553952748451982,0.9569788788487743,0.9582903074984098,0.9595501541298632,0.957548255678825,0.001503182727198733,67
1269.734166162014,306.0992061780285,1.0626001501083373,1.1013826466874068,0.024451857832937164,9,0.885422313074065,2,4168,0.8468434481960752,"{'learning_rate': 0.024451857832937164, 'max_depth': 9, 'max_features': 0.885422313074065, 'min_samples_split': 2, 'n_estimators': 4168, 'subsample': 0.8468434481960752}",0.9606358506524797,0.9593817606394022,0.958490417053862,0.9562836494719158,0.9569253655153015,0.9568360049332353,0.9599220438556999,0.9604039971072952,0.9598857259069925,0.9574101906765773,0.9601035440116393,0.960222587191254,0.9596909112044922,0.956788631342817,0.9572475071168928,0.9583623730586307,0.955385229685821,0.9597206299572102,0.9584004715847287,0.9588309387772069,0.957832540669863,0.9577676508783267,0.9586124446735959,0.9594750390214254,0.9580359616588513,0.956800431484105,0.9605574128193347,0.9575686498141199,0.9580810114302145,0.9598877704935943,0.9590792571309172,0.9612073618476508,0.9598342183436886,0.9590243392052765,0.9548406954328443,0.9585984903685805,0.9590551696437062,0.9607594209498459,0.9585664391305835,0.9555281325687232,0.9581229398851232,0.961617810427391,0.9565048083437069,0.9589596866261011,0.958524533999218,0.9595503108409262,0.9573394185672099,0.9592209462802036,0.9582855025017263,0.9584737985289766,0.9562607747641839,0.9583427276909466,0.9582957318894291,0.959978965470624,0.958206275894808,0.959795898290107,0.9593190704534185,0.9586594788070039,0.9570168264959313,0.9588827376442545,0.9605221962006362,0.9577999671910957,0.9608206165159875,0.9578298168315548,0.9562701682756838,0.9571401839624498,0.954999769071548,0.9609732239854923,0.9616043109866788,0.9584657020847472,0.9572452034739664,0.9610379909103646,0.9569013965251784,0.9578187504219501,0.9606986490560565,0.9582003168272646,0.9560804831628716,0.96126083529718,0.9590577388667678,0.9576183857894335,0.9587882095807418,0.9602769741725194,0.9610689711861924,0.9554412327159849,0.9566015028240199,0.9597477560617929,0.9565872413369186,0.9581225586821016,0.9606050261724671,0.957291740689252,0.9592176395132266,0.9590900020572319,0.9592283021044039,0.958644990237565,0.9573642093988801,0.9585526707206804,0.9563704730183531,0.9575422390006525,0.9594019236040063,0.9600189636991601,0.9585570684292306,0.0015702833012694818,45
1073.76425896883,304.3891406256009,1.2312426471710205,1.2796000600137665,0.007450666443838127,9,0.8912789471378522,2,4168,0.7398333987787269,"{'learning_rate': 0.007450666443838127, 'max_depth': 9, 'max_features': 0.8912789471378522, 'min_samples_split': 2, 'n_estimators': 4168, 'subsample': 0.7398333987787269}",0.9596744480174368,0.9582871373726098,0.9579261493141069,0.9556820405674713,0.9560136021578787,0.9555030683779617,0.9592191307328789,0.9594481925538916,0.9588730124974264,0.9565278800920138,0.958864586232204,0.9590575635613653,0.9587444102993501,0.9564432714697995,0.9562366973432994,0.957496702461597,0.9548795838847897,0.9586839170337477,0.9576344182578835,0.9580884348840714,0.9572803722619698,0.9568849964528382,0.9579600746862782,0.9585333687189479,0.9573095921550356,0.9557550492393837,0.9596032765808216,0.9568471836346504,0.9573322960549966,0.9590645417871928,0.9578697664847926,0.9602897259848246,0.9587452718247134,0.9578111128625638,0.9541846812019492,0.9575001748945745,0.9582215127041562,0.9601075022686215,0.9579702470464527,0.9548286427568784,0.9572338692813589,0.9606991556926482,0.9555408472629511,0.9579875073528751,0.9574322179565594,0.9588363987881043,0.9562941729428062,0.9578727721075019,0.9571011195569837,0.9580365692047121,0.9555618765709979,0.9576087905739549,0.9573370993757647,0.9589486582135838,0.9573101878334714,0.958871760379467,0.9584604490420978,0.9574723801850494,0.9556365811245756,0.9580758531036407,0.9595503730111525,0.9568068024104922,0.9600793024272966,0.9573016906979156,0.9558031721704782,0.9558958578951867,0.9539590869129891,0.960173437425699,0.9604451586085178,0.9576026558049278,0.9562651529141387,0.960018038356414,0.95591659278173,0.9571461154083883,0.9598557275689088,0.9575690458026281,0.9553484084305691,0.9600603786585822,0.958601368069138,0.9573536246839295,0.9573576650294359,0.9596033877606103,0.9602271815389254,0.9543605902806123,0.9556959641520886,0.9589171965960382,0.9557622495953495,0.9575602431199783,0.9598408799767303,0.9569629330740798,0.9580033139885182,0.9583322253986161,0.9583683711665748,0.9576043341261429,0.9564528101284787,0.9577056937825077,0.9560601457331538,0.9564716332641062,0.958658276827932,0.9588593909372873,0.9576825837977877,0.0015335961271624081,61
888.9737023043632,239.7013754890171,2.006093864440918,1.979645645740658,0.07971189763535122,12,0.5817422573446251,2,4168,0.6995322018780352,"{'learning_rate': 0.07971189763535122, 'max_depth': 12, 'max_features': 0.5817422573446251, 'min_samples_split': 2, 'n_estimators': 4168, 'subsample': 0.6995322018780352}",0.9550052393277766,0.9538059305859194,0.9549447215225904,0.9518639965363257,0.9523074926345418,0.9504775853073435,0.9545810014962384,0.956036464944244,0.9562990046105633,0.9517350020585467,0.9549429028212847,0.9549420856844123,0.9548705390167439,0.9510915484489763,0.952707381680758,0.9534291285004411,0.9505588777923879,0.95572051906252,0.9545367366589284,0.9536442902136708,0.9529125987762314,0.951729223097687,0.9527594179053069,0.9544677064169863,0.9532837536583161,0.9517130447594622,0.9556185153457877,0.9533300289107072,0.952204455022719,0.9549602889156183,0.9530748142162888,0.9559418222043721,0.9540250317029504,0.9540569871056421,0.9518001335643637,0.9526417549762313,0.9547367123733171,0.9573152664180398,0.9542540939080862,0.9503334018101214,0.9527154500600589,0.9568146091613954,0.9512320257781299,0.9544226680454961,0.953427142715714,0.9540383005952932,0.952748358944842,0.9535624117872854,0.9538556749844782,0.9546208763530374,0.9512524772250823,0.9549447654870548,0.9525937074540225,0.9546505339189303,0.9534949834574685,0.9543740607398914,0.9542656593451473,0.9548089181992068,0.951464231817307,0.9538333142590567,0.9552843485021302,0.952913841356243,0.955409792585675,0.9532506301790853,0.9514736457758496,0.9527738855444559,0.9507243630570433,0.9564896191164244,0.9553971515065912,0.9541338055496333,0.9519069145483131,0.9557855252358504,0.952270752735191,0.9526875368620946,0.9559339729130356,0.9543322643250485,0.9513846546231751,0.9564113214113799,0.954311603949005,0.9541166487203355,0.95288582018809,0.9536732854720226,0.956854835861558,0.9505620717889287,0.9518697018070835,0.9551698896135286,0.9515932991705847,0.9536326772031749,0.9566344779812885,0.9525282899999228,0.953926936039348,0.954950387651029,0.9534846452271514,0.9546747618881289,0.9518166168438899,0.9533416308744477,0.952236823283982,0.9515067065752555,0.9545987540346974,0.9552611805427338,0.9536597474086476,0.0016445823323876644,137
1205.2916961407661,332.2697506103873,1.1034520626068116,1.125037297176422,0.022064956656423867,10,0.8042041362069554,2,4168,0.8535438211675037,"{'learning_rate': 0.022064956656423867, 'max_depth': 10, 'max_features': 0.8042041362069554, 'min_samples_split': 2, 'n_estimators': 4168, 'subsample': 0.8535438211675037}",0.9592352054968735,0.9578826060826003,0.9583441839943536,0.9553888271902072,0.9559250131321289,0.9559651463377771,0.9588663665478416,0.9590815239394571,0.9587777355057924,0.9563436659701035,0.9592617850916925,0.9586831174853981,0.9587909484720342,0.9560522601029132,0.9561206834621979,0.9574608616474377,0.9546439282712735,0.9585170878800909,0.9576276322596828,0.9582240981598344,0.9569400420671399,0.9561952664637029,0.9578508461824172,0.958825977365305,0.9569448523605442,0.9559680853748272,0.9597381051777149,0.9567444151538158,0.9571809726686973,0.9592257073180617,0.9581182266430934,0.9601206571944704,0.9586131711837268,0.958638407392088,0.9543070816796198,0.9570322400636907,0.9583406813616776,0.9604253916752478,0.9577532518741644,0.9549053677645623,0.9568362263854766,0.9605801549793526,0.9550830284965302,0.9581442488268271,0.9574247326648316,0.958776278532884,0.9564222365319326,0.958082690123744,0.9578701150929398,0.958012471110545,0.955059170296893,0.9578799264340779,0.9570616120973163,0.9591220935868577,0.9575111341982546,0.958546615440322,0.9579028498311589,0.9577819747797008,0.9561210935172088,0.9581692794311969,0.9603954328869647,0.9566993061296996,0.9598975089033269,0.9570081667883845,0.9556008183905867,0.9559786650736537,0.9543292185090466,0.9605148657251744,0.9599565915063567,0.9576154849993535,0.9564183478012789,0.9605363804076135,0.9558012960892723,0.9570553904898486,0.9598587157217922,0.9572946599178243,0.954838240839113,0.959973249749848,0.9588433667187795,0.9567580216192939,0.957545917077202,0.9598013313788873,0.9611433303478143,0.9547828462040797,0.9559597191106403,0.9590773444766674,0.9553432233478887,0.9576904777130721,0.9594773706305277,0.9573305338780824,0.9581290403897894,0.958829615834995,0.9585204786202016,0.9578653492424388,0.9561127129870614,0.9581429723493067,0.955654656496528,0.9557063707354645,0.9586854779490444,0.9587952471741311,0.9576741710056335,0.0016023758482944929,62
554.3491981744767,197.42685197436325,1.3399337100982667,1.337830546555673,0.06590153608896254,9,0.43662205597382386,2,4168,0.835947868716513,"{'learning_rate': 0.06590153608896254, 'max_depth': 9, 'max_features': 0.43662205597382386, 'min_samples_split': 2, 'n_estimators': 4168, 'subsample': 0.835947868716513}",0.9619143979772332,0.9617579012550821,0.9591462061750803,0.9577819638193957,0.9575489758562513,0.9579112373248405,0.9608725376467434,0.9608711954839594,0.9615094187438286,0.9583121451168535,0.9607072159546103,0.9601788453417195,0.9618729897332976,0.9586325348357916,0.9586406571501065,0.9593979695519719,0.9568355760726045,0.9612549061254082,0.960844090327738,0.9601126564572027,0.9591442707471107,0.9583375449105193,0.9599162142589325,0.9593766518599601,0.9597234660054526,0.9577849934597111,0.960915685442942,0.9587593993890928,0.9587566571860002,0.9607782877036617,0.9601836718063081,0.9618592848654466,0.9598064443458362,0.9614135667143603,0.95717689127337,0.9583765049679009,0.9605378158861099,0.9619199570453707,0.9605715661189113,0.9568812645944956,0.9600288997415426,0.9619814543674821,0.9569522771096987,0.960140153445816,0.9594029029804554,0.9608507847938388,0.9579424658900745,0.9603072853425542,0.959836315864864,0.960561201946928,0.9576656132135749,0.9596681606696177,0.9593750542299273,0.9603374567323044,0.9593850549954134,0.9611291227133714,0.959721229915006,0.9604384613653749,0.9582668565609163,0.9599933313817095,0.960309559988065,0.9583777936338128,0.9616351497115406,0.9593476557818428,0.957897633998944,0.9576167289908412,0.9567963648350628,0.9622175879391243,0.9620328843454192,0.9599638864661694,0.9585109340758773,0.9610023307795483,0.9582141735999085,0.9593478357827416,0.9620085298728952,0.9596798619712987,0.9567914244783092,0.9618844202659579,0.9596781039448569,0.9599550796130215,0.958765868466805,0.9610702409336739,0.9617341788354803,0.957084665801656,0.9578350686281721,0.9609843000869918,0.9579419801762102,0.9600697738419377,0.9615950952956905,0.9590942380169587,0.9609415550139411,0.960551553660194,0.9601337549572444,0.9601352491467182,0.9586528851224273,0.9596932017609542,0.9581798551280797,0.9591405284029914,0.9617995557887513,0.961234939798837,0.9597221407173067,0.0014670663036308962,19
322.30776269197463,135.00250626059122,0.9942649412155151,1.0190021963154485,0.0220164181334109,7,0.4414855848403797,2,4168,0.6048221246088148,"{'learning_rate': 0.0220164181334109, 'max_depth': 7, 'max_features': 0.4414855848403797, 'min_samples_split': 2, 'n_estimators': 4168, 'subsample': 0.6048221246088148}",0.9633636547507547,0.96186888654937,0.9603613739061904,0.9586748163307741,0.959117476966434,0.9586325808911847,0.9611693453478407,0.9626061782748379,0.9619701932282262,0.9599718637392596,0.9609499088469293,0.9611571920434766,0.9620831443345111,0.9606015055662577,0.9590740919595745,0.9601984948146884,0.957903327871155,0.9625341007876498,0.9605771078715787,0.9608196960823023,0.9600917496643295,0.9601247769575875,0.9613866798367723,0.9605879145292651,0.9603934763093914,0.9589738598955246,0.9627598378588457,0.9598926021215078,0.9605076531549261,0.9613162561639768,0.9602270146960638,0.96358305801966,0.9608342734533079,0.9616262076759663,0.9576406946624032,0.9597601369853253,0.9614619919124884,0.962632930827891,0.9613820323970721,0.9579964743682025,0.9604001696869825,0.963279362506634,0.9583420559125473,0.9611773315207346,0.9602826415956592,0.961718398992208,0.9604355440449669,0.960674276331231,0.9609492008683244,0.9614647797956518,0.958970943452167,0.9607157550073775,0.9597677275856902,0.9617751968898344,0.9601833936653318,0.962025969788159,0.9601271549383839,0.9607725274448835,0.9578101687621856,0.9618166417714064,0.9623305162583221,0.9595933153988812,0.9627844253606065,0.9603060070330858,0.9587871912623404,0.9586432296894896,0.9576919306253044,0.9629650669406444,0.9632072391980596,0.960747027731184,0.9591784085467674,0.9623235984874094,0.9592032688422657,0.9605768891700175,0.9631600185780235,0.9604784414937905,0.9579009004643741,0.9624008464055459,0.9618066938992201,0.9606634138945914,0.9598803775456994,0.9619613023833344,0.9628466674902256,0.9578046465553459,0.9591202168843744,0.9625443274598708,0.958626700162007,0.9606352994022667,0.9619353870054785,0.959885848756713,0.96170749606974,0.9608344308513057,0.9610279619143196,0.9612388918568787,0.9599742060802703,0.9602511173482882,0.9591288467769811,0.9599629108013938,0.9615271748441848,0.9624783527879507,0.960676243944704,0.0014598287165800508,4
1704.4147448611259,382.26301095816274,1.5378431701660156,1.5532382294997782,0.025047557393561622,12,0.8813909601918843,2,4168,0.8610793298222768,"{'learning_rate': 0.025047557393561622, 'max_depth': 12, 'max_features': 0.8813909601918843, 'min_samples_split': 2, 'n_estimators': 4168, 'subsample': 0.8610793298222768}",0.9543538258438874,0.9520738632668809,0.9533717276260805,0.9508931253013204,0.9508520686504573,0.9503256748038219,0.9536976024352237,0.9543746434519064,0.9535401923416267,0.9512654895961539,0.9543758629296941,0.9538123800500942,0.9536428930885931,0.9500961399084464,0.9511558791378207,0.9523679560103442,0.9493901266669339,0.9524508569591316,0.9529574112778484,0.9519026058282336,0.9521721949209427,0.9498028330871002,0.9521486128376055,0.9533766680662316,0.9519978608906188,0.9509308257057596,0.9547184838194879,0.9505075350840906,0.9520266382265086,0.9538532163184312,0.952439936507622,0.9551074344174013,0.954002693715174,0.9532955807628957,0.9482625622647023,0.9519817377739148,0.953323967256441,0.9551441314611414,0.9524171344500302,0.9496950144242086,0.9516385615063576,0.955165597408279,0.9499701646801046,0.9519084240840338,0.9518963260750345,0.9532442531096305,0.9509067697208499,0.9533630351320456,0.9527278783118192,0.9520694729761386,0.949685479632745,0.9526674554353204,0.9514901015069973,0.95362108986215,0.952778355320637,0.9533943955940165,0.9535203426657997,0.951691887647891,0.9506807076977799,0.9520616576277777,0.9547591698995941,0.9515637060076181,0.9541598509155785,0.9521874974469855,0.950702702625235,0.9505898521868209,0.9491335965797112,0.9559079878614749,0.9541793035466836,0.9525896886734685,0.9519531617327414,0.9554582722240389,0.9498836986762378,0.952522622769304,0.9538746031197007,0.9526532507506548,0.9495197226304546,0.9545082197089092,0.952900708394048,0.9518019891704245,0.9523006410081816,0.9537936377326999,0.9559719573092293,0.9484939422699252,0.949926416648651,0.9532347940700067,0.9503621387552157,0.9518109641751823,0.9547443944600287,0.9519991241380984,0.9523773917179698,0.9534610583868591,0.9541790820915692,0.9524331959512328,0.9498429490282636,0.9535124163710605,0.9496999614142048,0.9496177289045855,0.9527481676162367,0.9534206333712897,0.9523336754350039,0.0017128704485299248,149
855.1820378732681,245.722634735558,1.4317426872253418,1.459893914542856,0.0965879569053994,11,0.4613387362619372,2,4168,0.854442074247118,"{'learning_rate': 0.0965879569053994, 'max_depth': 11, 'max_features': 0.4613387362619372, 'min_samples_split': 2, 'n_estimators': 4168, 'subsample': 0.854442074247118}",0.9579142257151698,0.9554815472764765,0.9542498490444755,0.9534861031013225,0.9533778179187251,0.9525540309011704,0.9564809658220401,0.9577889889056304,0.956311989059661,0.9535643946015268,0.9567464197414035,0.9564958687227313,0.955698745541617,0.953848960025374,0.953806666132832,0.9556955491521444,0.9520448713315307,0.9554510933520326,0.9552980991226386,0.9556343254078217,0.9542066926877169,0.9537376844238856,0.955044361960162,0.9556075168135854,0.9543936012159475,0.9543379696045208,0.9571783523248077,0.9538451483495819,0.9541923100869395,0.9573840203481022,0.9551703159575491,0.9579216505860971,0.9552582476729958,0.9552452388965968,0.952551219204926,0.9544883759596287,0.9559118494087601,0.9570764463849538,0.9550065435142734,0.9519385468994532,0.9545925671061537,0.9576296289102173,0.9532948229604687,0.9542245672658001,0.9544358952140707,0.9568292274105559,0.953890832356933,0.9549580049745773,0.9547497425985993,0.9554072464032242,0.9528549031663199,0.9556473239871672,0.9541824937341393,0.9575776132231538,0.9546592140178475,0.9567815658648775,0.9553439542893147,0.9549019031680414,0.9526415808143708,0.9544727818155512,0.9577758485793136,0.9533762159897853,0.957705973290391,0.9539985786970749,0.9529973228267182,0.9533648130547732,0.9514172982937416,0.9567675751608595,0.9572900866850254,0.955873715981471,0.9536553495436664,0.9570482357467306,0.9541695568403167,0.955507544072564,0.9577695105650753,0.9551316545064711,0.9531645963907778,0.9570732423662673,0.9563180494827063,0.9551113020035544,0.9545981582555398,0.9569603376947482,0.9575641488779472,0.9515963533562553,0.9532502887367967,0.9570821863834353,0.9521354857693411,0.9555418531861438,0.9580864807742243,0.953892319927293,0.9555064890781306,0.9558824204546329,0.9564205272660767,0.9551195341926355,0.953095924032518,0.9548342898947653,0.953064056579727,0.9537325514274884,0.9559225496997578,0.9571393217815443,0.9550844421990449,0.0016490813061804284,121
495.307521173954,169.02395807775352,1.2489973139762878,1.2393474822334933,0.08846151865692825,8,0.5047377130664709,2,4168,0.6444622861050796,"{'learning_rate': 0.08846151865692825, 'max_depth': 8, 'max_features': 0.5047377130664709, 'min_samples_split': 2, 'n_estimators': 4168, 'subsample': 0.6444622861050796}",0.9612740746780185,0.9583860868620543,0.9582489694256083,0.9568568367914246,0.9562141568446604,0.956646853296063,0.9585541174753917,0.9595934213864253,0.9601473430793813,0.9574915168830562,0.9594127541403608,0.9600245351239332,0.9602948596974537,0.9585155521369685,0.957347160423394,0.9576956429573869,0.9565578264719042,0.9603177929678055,0.9595351421594502,0.9596248786008338,0.9586414051746684,0.9584063901866572,0.9591153082954863,0.9595642298261746,0.9585660061639987,0.9577230934261853,0.9605444612548355,0.9567498439020292,0.9585067611894875,0.9601585748810264,0.9595249401550818,0.9611260060525523,0.9585873538698134,0.9599826943650592,0.9556885425348225,0.9587198760373077,0.9600772850522132,0.9603298286342111,0.9603808258698376,0.9573894613748759,0.9588687381878471,0.9610459000712122,0.9574540011289545,0.9587809275772938,0.9585068588641692,0.9595839143130716,0.9572986530616149,0.958504966734356,0.9582409149589461,0.9590470557889863,0.9567716312055738,0.9582466567578188,0.9580356374554809,0.9602043830102559,0.9584153353716549,0.9609949603296228,0.9583507608984725,0.9590364603151225,0.9560232470756234,0.9595178477684575,0.9609530910532109,0.9572417663990862,0.961265945247821,0.9590160181226826,0.9567942769162253,0.9570413146035233,0.9560351681449277,0.9609060565776615,0.9615701854327714,0.9587625754887303,0.9572865784423953,0.9609347667436483,0.9578820247002646,0.9582851841801343,0.9617595130471659,0.9580799038238569,0.9572622834746858,0.96035031916323,0.9591939537067041,0.9588286220085854,0.9582757373338997,0.9598576300508287,0.961847706708757,0.955914449826705,0.9573630332053995,0.9609540988284877,0.9572547658294768,0.9587588885340369,0.9605588280857547,0.9558539083859237,0.9602895347008731,0.9582281831179387,0.9593864940834894,0.9593766353552736,0.9575386336714409,0.9589615791868129,0.9561862512888646,0.958196821070329,0.9598221117678792,0.9616820886740569,0.9588120818750597,0.001526227673934808,41
1395.6568182110786,366.5056865928145,2.077287328243256,2.1066154563156148,0.003362102626007117,11,0.8750565330562627,2,4168,0.8216755337420458,"{'learning_rate': 0.003362102626007117, 'max_depth': 11, 'max_features': 0.8750565330562627, 'min_samples_split': 2, 'n_estimators': 4168, 'subsample': 0.8216755337420458}",0.9556506863953274,0.9536982325779446,0.9539767704993146,0.9511476016848034,0.9516300040627252,0.950783629928252,0.9546926088783458,0.9554536025505816,0.9550973867970275,0.9521851077827853,0.9551736775448777,0.9550684269408899,0.9544713039017777,0.9514181474268286,0.9525233108693603,0.9537075914629739,0.9507346726392903,0.9539237842826378,0.9534867228090754,0.9536827804894383,0.9531823376551941,0.9518012439384811,0.9532369054043833,0.9546505220606111,0.9530904700424575,0.9512537792757325,0.9559553474639402,0.9522807480054339,0.9531967849924565,0.9551658400017514,0.9535933465264006,0.9561570957468368,0.954503449713499,0.9540733724346927,0.9497054885701908,0.9530178604672932,0.9545605857767397,0.9563329810523271,0.9537690026048034,0.9505425875023958,0.9529015372491414,0.956492461799264,0.950828047362258,0.953922962027827,0.953039990296721,0.9544918753978054,0.9517607413189184,0.953896057090247,0.9538714125262007,0.9536733579622543,0.9504844824149586,0.9536079232161888,0.9524188813530975,0.9551058332505494,0.9534775947729297,0.9545057189795905,0.9544953922887808,0.9536445883131599,0.9517648348324227,0.953532043987418,0.9558374408298117,0.9524978373894806,0.955441865253498,0.9531351706097387,0.9514511103509247,0.9517262448892941,0.9496618699557091,0.9566091728051417,0.9560367233096153,0.9535519297954104,0.9522494770760049,0.9565333698527685,0.9512330603363618,0.9530056050388833,0.9553354310295881,0.9532816270076037,0.950629841369741,0.95614100659741,0.9540259970816534,0.952516275619645,0.9525942837880323,0.9551370133921061,0.9570679367795157,0.9499888978406669,0.9513394741118523,0.9544578925492601,0.951353486280945,0.9534997061831094,0.9557973765090614,0.9530291514646507,0.9533412550663437,0.9546334410686965,0.9545988313849642,0.9537478921150014,0.9516399322614579,0.9540003891770048,0.9513793409290483,0.9509273810265813,0.9542923923239176,0.9547054135024927,0.9534492407915264,0.0017271759539208573,140
466.0294887185097,178.54895892702393,0.7049903655052185,0.7083321817181977,0.11667952049666686,5,0.743730469582262,2,4168,0.6200136858032161,"{'learning_rate': 0.11667952049666686, 'max_depth': 5, 'max_features': 0.743730469582262, 'min_samples_split': 2, 'n_estimators': 4168, 'subsample': 0.6200136858032161}",0.9583710546645812,0.9565440044121929,0.9559366080640851,0.9538592761580773,0.955173399433517,0.9548708330201603,0.9565931978202384,0.9578507298456024,0.9574847642700213,0.9549667749935801,0.9563916433992911,0.9571795962226718,0.9582872519633123,0.9560813409520746,0.9561457652131621,0.955195984714218,0.952850624117556,0.9573388286150316,0.9578650194321734,0.9570740546333901,0.9558166297006943,0.9564259167584185,0.9576151505895284,0.9569068771693241,0.9563026344621003,0.9559169761861264,0.9583280961752979,0.956154181944825,0.9571468070219201,0.9574160679754457,0.9552763258018973,0.9590010685692372,0.9573768099471776,0.9567982313888199,0.953724300550274,0.9550925173854785,0.9576094640887696,0.9583515690878526,0.9565934278970788,0.9549693293287135,0.9568261776049006,0.9589643793963358,0.9545292669096951,0.9558589225584819,0.9568047592027034,0.9578755625201208,0.9558161578924489,0.9559110116664912,0.9554659289257714,0.9571373046711995,0.9556241488181227,0.9557673934133183,0.9546611748194621,0.9572602412465008,0.9560217793821814,0.9571223693266453,0.9561063962611862,0.957219685696905,0.9533210929547221,0.9573866260056283,0.9579836468711287,0.9547540519407393,0.9594032908144333,0.9563813030061875,0.9556498946574303,0.955916966403696,0.953642345228437,0.9587219062301734,0.9592798915103791,0.957814094596034,0.955561293157833,0.9577997033682819,0.9557392302785173,0.9565627803251245,0.958929244921446,0.9563316711927394,0.954670633890863,0.9581869913660803,0.95735604930406,0.9574054498748367,0.9552597287548359,0.9579406751796279,0.9596791542106218,0.9527809592329588,0.9533551232602522,0.9580623762869416,0.9558061063934179,0.9574011271917172,0.9574085445951108,0.9559554869750297,0.9571072540154891,0.9561522362835131,0.9573206942399806,0.956761227478489,0.9561634006866663,0.95580945225186,0.9541802051179433,0.9556966761821761,0.9579933335813229,0.9580374578978341,0.9565152517200096,0.0014682740310917976,88
1179.2644962263107,298.7587425295697,0.829506676197052,0.8515406344703351,0.02841217831524539,8,0.9029246761915235,2,4168,0.906996666315752,"{'learning_rate': 0.02841217831524539, 'max_depth': 8, 'max_features': 0.9029246761915235, 'min_samples_split': 2, 'n_estimators': 4168, 'subsample': 0.906996666315752}",0.9611985142296426,0.959825419433028,0.958498170538256,0.9568657611064949,0.9576853423676355,0.9567017810381998,0.9599709640666109,0.9610004032130499,0.9599610990024776,0.9581602241665388,0.9603306441617198,0.9604395337385996,0.9601189902020543,0.9576889604632087,0.9577137840105352,0.9582749272594135,0.9560316995921272,0.9602863832727864,0.9590083724515148,0.958826919283953,0.9578645264617144,0.9585011451154157,0.9591128798441628,0.959854061006143,0.9590662481805566,0.9570506415790984,0.9609470670964142,0.957698985948554,0.9584470028723024,0.9598753792985435,0.9594982139867594,0.9616232338823794,0.9596523299111861,0.9592558788832088,0.9556979926162975,0.9591551752537173,0.9598047119380367,0.9610710015867816,0.9590546005379897,0.956079442093424,0.9590489934364497,0.9620565837024015,0.9567532420150997,0.959498120187745,0.9589711440269739,0.9606540876448031,0.958387549188952,0.959076183257448,0.9586637420702252,0.959491908857009,0.9569346813102602,0.9591262583851012,0.9587277838242316,0.9600807224764265,0.958574454968376,0.9600842606927276,0.9588305860895194,0.9592131228041566,0.9568212847966029,0.9594967654945177,0.9605604026265351,0.9578401130969809,0.9613783087229616,0.9589394385974918,0.9570770362135974,0.9572560357026623,0.9557120833035021,0.9608141933818182,0.9618443031508402,0.9589304715323802,0.957149368715708,0.9610877310103407,0.957451924040951,0.9581038232814102,0.9611625775648266,0.9592042685283821,0.9571772708017172,0.9614321624087082,0.9601919161689583,0.9587296762169865,0.9589276404519109,0.9613019723384897,0.961335169020307,0.9557170157360558,0.9574781472172038,0.9606837339521066,0.9577707691402376,0.9586242673479948,0.9608614776399006,0.9581688647258595,0.9597391452344004,0.9599096993656658,0.9596417585543336,0.9596867833987016,0.9578502033680351,0.9586023470974904,0.9563258443667543,0.9584111669622469,0.9601579696208173,0.9601297140881305,0.9590175668161297,0.0015140650576084378,36
489.18558867931364,216.50555763251847,0.7988188767433166,0.7762365734905693,0.011524353055160108,5,0.4696186449797698,2,4168,0.9370686736576764,"{'learning_rate': 0.011524353055160108, 'max_depth': 5, 'max_features': 0.4696186449797698, 'min_samples_split': 2, 'n_estimators': 4168, 'subsample': 0.9370686736576764}",0.9533491880240635,0.950680416723685,0.9501300729010334,0.9490634329182717,0.9484552424422459,0.947720053643695,0.9509204868153774,0.9526550476673136,0.9519560771960188,0.9495325621027054,0.9501873278096639,0.951713383501844,0.9523024584595516,0.949915777791425,0.9488757082330587,0.9507557414892429,0.9479303706546777,0.9514762102977443,0.9507167156407312,0.951227592317059,0.9491377512241774,0.949740964068628,0.9512396378077611,0.9509979176759495,0.9507128263364613,0.94821868246229,0.9533526898583715,0.9485258624429013,0.9500554254029693,0.9522221808191285,0.9497860843108316,0.9543749160030974,0.950615973315723,0.9516624283594417,0.9468984541735147,0.9494510168361587,0.9520908386705104,0.9526565597340424,0.9509148146927595,0.9483231013654092,0.9507615120784102,0.9534716527602902,0.9483571262015397,0.9512117108324052,0.9502655702512096,0.9525192126438912,0.9503976986611904,0.9494318599497962,0.9503392620689641,0.9495202456048093,0.9496527131281728,0.9501796580253274,0.9485516001292926,0.9525008941945295,0.9498040187337639,0.9530623447843464,0.9511734129994418,0.9502396484136763,0.9466467068321831,0.9515210975619249,0.9514642809956164,0.9487906531845736,0.9534628188115506,0.9505447625947682,0.948392766138268,0.94844103279542,0.946715331579571,0.9528740618981262,0.9534152356389184,0.9509876275564859,0.9493949782692194,0.9517034873417541,0.9489572455816336,0.9500379069823677,0.9528798734688237,0.9506682901574184,0.9475782796349764,0.9522367551724216,0.9518363993354452,0.9509689927030103,0.9489572718169044,0.9521765815736087,0.9532423962973827,0.947588582615626,0.9480254020419554,0.9527618514960114,0.9479657047075124,0.9504033488206601,0.952320214947656,0.9495016922488385,0.9510934995201724,0.9508643164916172,0.9511580039574657,0.9508511070268194,0.9500104605655523,0.9502367878527417,0.9483507340290075,0.9494527678161094,0.951906468699683,0.9528496258734622,0.9505121753628388,0.0017246815687689068,158
755.6712572455406,234.40097925640052,1.0572362065315246,1.0712006005660337,0.2620445808292873,9,0.6174587045408059,2,4168,0.8376303859582612,"{'learning_rate': 0.2620445808292873, 'max_depth': 9, 'max_features': 0.6174587045408059, 'min_samples_split': 2, 'n_estimators': 4168, 'subsample': 0.8376303859582612}",0.9500494616459796,0.9521052820525854,0.9510832722001347,0.9480427227376779,0.9462855327803159,0.9465866963780698,0.9513958456295744,0.954105339241397,0.9509887231045367,0.9470218374057017,0.9501419812089786,0.951405642865396,0.9510666345460417,0.9494301386329693,0.9496123751543758,0.9475103344433621,0.9465110941736262,0.9512831959509883,0.9488581144016668,0.9499400054813734,0.9488924670486178,0.9489216162483205,0.9506080127116292,0.9503099458707808,0.9507389063414079,0.9458166316443655,0.9523436841747925,0.9482526161664866,0.9508563408140469,0.9504606074221157,0.949477832169346,0.9531085327568337,0.9514199521915068,0.950237865329245,0.9453330628286739,0.9505549863304676,0.9502452974225835,0.951236357058758,0.9501260585321628,0.9475936012888974,0.9497648653753084,0.9522785972087373,0.9472483656590983,0.9504605964625902,0.9502114816774129,0.9494161464457467,0.9457249655559598,0.9513087858854452,0.9489940139360434,0.9504749814694192,0.9485253517168639,0.9504628517409188,0.9490178599597731,0.9504855740217956,0.9498807003621075,0.951889752728772,0.9501627095354633,0.950270139360122,0.9482064836796305,0.9495891658590537,0.9515489996946165,0.9492488446096368,0.9535917667316748,0.948450650163988,0.9469320371610455,0.948947570562187,0.9466494440750316,0.9498925415422419,0.9519639184544874,0.9503070640416773,0.9490208766514308,0.9510755642142229,0.9478436259591991,0.9507596944723582,0.9541411839341422,0.947928652238508,0.9469577260530703,0.9515805213450038,0.9499230864878843,0.9490770951276535,0.9496784339677931,0.9528476474701805,0.9518026409947882,0.9475725279295613,0.9459533389175101,0.9524093010418173,0.9480789095221528,0.950260097300544,0.9525248880474739,0.9461681447638508,0.9493921473124981,0.9483352037798785,0.95145043954413,0.950493249365323,0.9481414532971781,0.9494810555609933,0.9471261996882921,0.9484936873521819,0.9521165627153063,0.9496124807839578,0.9497211126590152,0.00192864840328047,162
1144.498794426918,303.45027944079084,1.1954657769203185,1.202756292392398,0.026390412137601137,9,0.8282362056368054,2,4168,0.8001830737619373,"{'learning_rate': 0.026390412137601137, 'max_depth': 9, 'max_features': 0.8282362056368054, 'min_samples_split': 2, 'n_estimators': 4168, 'subsample': 0.8001830737619373}",0.9608531708156356,0.9594747916305985,0.9584716362043963,0.9570804595764865,0.9571492882425576,0.9573702438287702,0.960014783514294,0.9605921969297737,0.9602624141765339,0.9577198681233122,0.9604673042667541,0.9599372885338755,0.9601198987374374,0.9571541558399492,0.957161838958446,0.9584655037101247,0.9565376257872428,0.9598510190313158,0.9585329103916441,0.9587525025125749,0.9588679245774546,0.9581808112204226,0.9592652767856988,0.959663926862856,0.958419068401345,0.9574981487230924,0.9605255954722814,0.957881214718423,0.9583970274114206,0.960040574320163,0.9590951397731267,0.9614190648205392,0.9601714150350333,0.959226563032865,0.9555581290160189,0.9587451407087654,0.959861487704456,0.9606740332085071,0.9593688404816211,0.956132647697458,0.9586569356040802,0.9619652675670493,0.9562408229123152,0.9591737753626834,0.958511936440353,0.959759193442007,0.9577907571938843,0.9593303631022028,0.9583494367402714,0.9592515133010575,0.956559284821223,0.9590265613692873,0.9583759114351247,0.9602486220819921,0.9588117783031918,0.9600519250909167,0.9592389918682236,0.9589473078458383,0.9570296831478174,0.9592775941641415,0.9608133125838643,0.9575991738780463,0.9607694372714356,0.9582743147661452,0.9573078492787287,0.9569422493909523,0.9555651570311056,0.9610818539024759,0.9613477008215933,0.9591533028198582,0.9578145075628052,0.9613235301144716,0.9573673514911852,0.9582973461179609,0.9609976985453766,0.958984223582716,0.9565216174770398,0.9610347650217952,0.9599531777172217,0.9581381333839372,0.9584647772142305,0.9608041988795285,0.961570971648572,0.9555353469767154,0.9565671476902144,0.9598917978704958,0.9571100335589741,0.9581666630371907,0.9610113185298116,0.9581563650172721,0.9595841433445207,0.9600634518069517,0.9596274791932569,0.9590610183204317,0.9574065404651,0.9586502243216026,0.9567660029310356,0.9577597116281448,0.9593348645382921,0.9600816493314053,0.9588645900163938,0.0014943211005015973,40
846.7123459744454,274.0465791488785,0.8803902173042297,0.9138910343978114,0.0021419154051415027,6,0.8360019806405143,2,4168,0.8673162069059576,"{'learning_rate': 0.0021419154051415027, 'max_depth': 6, 'max_features': 0.8360019806405143, 'min_samples_split': 2, 'n_estimators': 4168, 'subsample': 0.8673162069059576}",0.9424666753078133,0.9409447583992263,0.940902562217375,0.9386802207207383,0.9368250902513573,0.9368404310802324,0.9419902494061941,0.9431716607114841,0.9418318150906596,0.9380317699642281,0.9400661389611112,0.9421389908547716,0.9419315985465367,0.9390307540183677,0.9375265026174878,0.9407898450581745,0.9380354796627933,0.9412458581727056,0.939537273180343,0.940290236222443,0.9383523428476847,0.939058366185874,0.9408135667001142,0.941933352842864,0.9400223919928815,0.9364486627075335,0.9429659259629373,0.9388215712120139,0.9401135867478185,0.9420878250190307,0.9388809391843096,0.9445368537879626,0.940878944957291,0.9409143162626088,0.9357741862994555,0.9389411704182119,0.9416058719559308,0.9422844569098408,0.9405891172808736,0.9377357846639198,0.9391449385552195,0.9430033787628584,0.938277097270536,0.940856636895448,0.94025067240337,0.9424502102258484,0.9398529295157645,0.9392129363383328,0.9401380721395132,0.938393722762982,0.938979182335161,0.9402714391719177,0.9381649385887444,0.9424477380169427,0.9401612260384261,0.9415804648491317,0.9432399661421137,0.940252312050113,0.9357729582949942,0.9400680103293232,0.9409126424136701,0.9386523838411311,0.9438456125872268,0.9409728090004872,0.9375023249821512,0.9387052774532295,0.935978783877188,0.9434837954264313,0.9419217639119168,0.9406395286864282,0.9385960474676535,0.9427318929837473,0.938621732903874,0.9386459812417706,0.9419132749864026,0.9391786645766418,0.9377020058154621,0.9433437040786478,0.9413397239025143,0.9400466853251492,0.9387832031996182,0.9430747344750118,0.9435221094069796,0.9369121099187331,0.9379256596982689,0.9413553361417711,0.9378225244482322,0.9390547819751143,0.9434609038392384,0.9389682155769707,0.9400887275302385,0.9410956954396439,0.9418845948870271,0.939116665687076,0.9394801725023055,0.939985912817416,0.9374081523655498,0.9385024833983623,0.9418520183138259,0.9429500996613392,0.9401553471181441,0.0020106145459215657,195
307.4388681125641,150.31525379446867,0.6073719954490662,0.5885173568287017,0.32852088137344915,12,0.623984383354723,2,4168,0.8091021492726729,"{'learning_rate': 0.32852088137344915, 'max_depth': 12, 'max_features': 0.623984383354723, 'min_samples_split': 2, 'n_estimators': 4168, 'subsample': 0.8091021492726729}",0.9432071697044399,0.9383926782958283,0.9412661250503709,0.9358993873293162,0.9352848651767959,0.9365179314533946,0.9417081399909593,0.9445005680470238,0.9381346193304231,0.9375588287336366,0.9421241436848912,0.9402229341802838,0.9419007814103781,0.9377150248856408,0.9373604221203359,0.9390190718929946,0.936948573922518,0.9402367984321853,0.9386003269608362,0.9390957541853495,0.9378143421151189,0.9371205618591713,0.9405847741701138,0.9390616061560662,0.9386422222716736,0.9379503047707257,0.9412080487749466,0.938427568992439,0.9399226156510544,0.9415648865174587,0.9402395932837296,0.9428016978628968,0.9414342036732676,0.9417018301644997,0.9364650550868823,0.937403594750149,0.9397591093933744,0.9426940400173485,0.937828362368607,0.9388426292728737,0.9388221684025255,0.9432341400786117,0.9346439703607072,0.9379795323896801,0.9369861638305039,0.9410821285477303,0.9390097434624248,0.9400138449320339,0.9400229315184513,0.9404264709857545,0.9362516695816073,0.9407754006149666,0.9360467293460097,0.9405044707624287,0.9393386111142814,0.938670306426396,0.9389813253871779,0.9419848770156306,0.935269449957361,0.9396430536421296,0.9412645181288595,0.9379754866963648,0.9418681089782425,0.9400310729892576,0.9370830459832298,0.9353580134040259,0.9368065821620997,0.9427029812043947,0.9432237489491939,0.9396038307404978,0.9370147979312333,0.9414501756509002,0.9365029270381646,0.9394859680388433,0.9411343705202905,0.9383819380311178,0.9374313049830073,0.9401548874537576,0.9397306067002441,0.9389770596623974,0.9371688757652054,0.9412632734544492,0.9426295044731127,0.9338092467990614,0.9363935498881868,0.9432330969225933,0.9382340219371427,0.9386901983516363,0.9406619724402286,0.9408804250582602,0.94068981310618,0.9406838449997125,0.9403295340283011,0.9406113250349832,0.9369367720675007,0.9401109294586749,0.9379339827514166,0.939531952259377,0.9388210713430557,0.9405379701334554,0.9393218096581506,0.002186271024906878,197
891.8192266178131,231.47354858262904,1.961804337501526,2.012964198777814,0.013491178435132414,13,0.5837980464596331,2,4168,0.6680086710632382,"{'learning_rate': 0.013491178435132414, 'max_depth': 13, 'max_features': 0.5837980464596331, 'min_samples_split': 2, 'n_estimators': 4168, 'subsample': 0.6680086710632382}",0.9573743886696279,0.9556487091545113,0.9557299753068409,0.9534421331886049,0.953584993730923,0.9532835411943972,0.9561475017774894,0.957743642770718,0.9570112548862193,0.9547227612324658,0.9568090122786022,0.9570751237333226,0.9567573267203721,0.9542897447042672,0.9545706186388101,0.9558845711951207,0.9521611122862478,0.956232719329602,0.9554198283786246,0.9554369026374687,0.9552676085377095,0.9537859407027113,0.954936338197235,0.9563470712300758,0.9554316620230154,0.9533730275001177,0.9573861364998416,0.9545455192519295,0.9550998011353726,0.9573046648230126,0.9557334288794965,0.9582644333659799,0.9562677195488015,0.9561314914342287,0.9526123138678111,0.9547161083696486,0.9562963179158004,0.9578995573894316,0.9563895261037214,0.9528369313835877,0.9543885105169623,0.9584486420253994,0.9534155814736426,0.956176505735449,0.9547450241136247,0.9561954477312787,0.9540995577402506,0.9559708712945365,0.9555828663119652,0.956259142688647,0.9530397224678973,0.9556586567676403,0.9546623610036494,0.9566573304508296,0.955378949775651,0.9566652232159252,0.956139140858953,0.9559978613788674,0.9533421228176333,0.9552651583210705,0.9574166403446187,0.9537814719074915,0.957411207010386,0.9550702815696062,0.9536726484760694,0.9536571169651016,0.9517299540098312,0.9587289464040631,0.9573270247549013,0.955992885448539,0.9540496576326147,0.9581272521949109,0.953844874827908,0.9550408709934188,0.9575318557823491,0.9556210136088076,0.9524695722242029,0.9574780853938124,0.9562576368807842,0.9552316703825164,0.9547353877044543,0.9574851213739212,0.9582322149377439,0.9517130057545636,0.9533922523455194,0.9567947249365201,0.9529188053518509,0.9562043544042286,0.9574014893175453,0.9547398161888679,0.9557957233063656,0.9567477610036865,0.9563171121803191,0.956218312740104,0.9539628369363661,0.9559067973947623,0.9538795106483995,0.9540959174592788,0.9558230899214669,0.9568998770103522,0.9554774491439189,0.0016046466472675524,115
401.84453649282455,160.68256619763503,0.8045535397529602,0.8210880292639338,0.015968208674515427,6,0.3918476454910338,2,4168,0.9010850966951552,"{'learning_rate': 0.015968208674515427, 'max_depth': 6, 'max_features': 0.3918476454910338, 'min_samples_split': 2, 'n_estimators': 4168, 'subsample': 0.9010850966951552}",0.9599330095452475,0.9578204231628117,0.9565622517513306,0.9553275640610116,0.9558735211590507,0.9549348166342564,0.9575837433265876,0.9591864852686938,0.9582443336551376,0.9561443062166415,0.9568622973494197,0.9578206681946112,0.958676502458307,0.9570934503655928,0.9555967394024378,0.9572208380090154,0.9544826013504927,0.9587604678259775,0.9571878853126675,0.9576956970703464,0.9562955680251765,0.9571437640805555,0.9583034522151277,0.9574488684060399,0.9568856138257861,0.9553597449907435,0.9595434256295674,0.9556484931800469,0.9569073439708286,0.9582776504467644,0.9568538335206132,0.9604125531969308,0.9573729344902444,0.9581015494911052,0.9538767980251233,0.9563261392402042,0.9586104525738038,0.9591750412277726,0.9576551499539803,0.9543927139437905,0.9571706808282239,0.9598863825498527,0.9555238736961781,0.9576267948932212,0.9569410265709573,0.9585520362101276,0.9568153912748147,0.9566184175366187,0.9575636958539564,0.956792097666509,0.9559302435725657,0.9568206635813344,0.9557372540985855,0.9586690603404544,0.956580045840352,0.959120974444416,0.95689170313814,0.956999818907531,0.9544388029135128,0.9582337484910795,0.9581996320568864,0.9557493042205842,0.9597903749126903,0.9571637303099845,0.9555598117584004,0.9548942270701769,0.9537034494497928,0.9593976506398596,0.9600174171899101,0.9575049492564798,0.956065461458414,0.9583633637649787,0.9558031936451956,0.956761181666093,0.96000213981663,0.9569975936365269,0.9549239300151666,0.9592846463131823,0.9581204571156192,0.9575038588359823,0.9561805329193193,0.9586956033233635,0.9594655386213964,0.9541864956150531,0.9550157085045659,0.9591121840226617,0.9551883381304327,0.9573651457800703,0.9589796442660943,0.9559664354075509,0.9583148047381602,0.9574134942923856,0.9574079720735512,0.957287088285841,0.9567585899239911,0.9566929635082757,0.955321465414751,0.9565810099564979,0.9579751590822451,0.9597223344467033,0.9571994828640774,0.0015405406555554823,77
217.63980444669724,114.29841970030338,0.4786669611930847,0.49611063379136294,0.30854528362859684,13,0.574007372556042,2,4168,0.6933790952458154,"{'learning_rate': 0.30854528362859684, 'max_depth': 13, 'max_features': 0.574007372556042, 'min_samples_split': 2, 'n_estimators': 4168, 'subsample': 0.6933790952458154}",0.9385093139701722,0.9372220946895446,0.93781742093928,0.9346030952566176,0.9329497989239173,0.9343671152760755,0.939134099277532,0.9403456418540462,0.9382131562159373,0.9357636070853353,0.9378192784724236,0.940901337138993,0.935988221645278,0.9371544693463577,0.9338131907482576,0.9380794334662794,0.9308156109982404,0.9385294902850295,0.938149386555179,0.938669739332914,0.9348021967509031,0.9352454152230076,0.9386309353522069,0.9409213126706603,0.938179140383506,0.9347907155648854,0.941024354241634,0.9353173575138534,0.9360098259322304,0.9379038679292293,0.9338896106726167,0.94115004566074,0.9364444428876286,0.9399777989995509,0.9334218838537454,0.9343260149538969,0.9376379660667155,0.9393730835593678,0.9403315722266202,0.93404951110435,0.9341021798753527,0.942517817147284,0.9334633967892136,0.9368181563942145,0.936098835608341,0.937157644892437,0.9350727945380625,0.936272950578243,0.940159535708682,0.9371534459550137,0.9351800854190897,0.9370965922474426,0.9352372424429249,0.9391637197684981,0.9375134696702182,0.9372806720221677,0.9386034882595531,0.9386571577848271,0.9360814394574823,0.9371663693876187,0.9392820194369851,0.9343000961858585,0.9372488522887288,0.9371412082236102,0.9336477155361734,0.9319251030325713,0.9351203466326088,0.9390968915574337,0.9401754241451706,0.9381969436500326,0.9367973951546511,0.9405477634731795,0.933053756223127,0.9372113289099174,0.9414087267729504,0.9349395643681423,0.932893992307325,0.9395894675935604,0.939198229906395,0.9355728328571566,0.9377239884449214,0.9365183391758581,0.9425615132983538,0.9329925133579207,0.9352040451601323,0.9375050923992881,0.933188438331156,0.9358606549246713,0.9377357481384776,0.9360228538727178,0.9353847243150808,0.9387975383051967,0.9377429183340393,0.9377413810424646,0.9357115162642888,0.9364953525484371,0.9355423124201946,0.9340296618606225,0.9365750990231257,0.9404757844214728,0.9369422668086542,0.002438162033911399,198
738.3852279806138,286.8219536266706,1.8899444675445556,1.8999634622162986,0.01583369549343909,11,0.571607120591422,2,4168,0.6409127007165993,"{'learning_rate': 0.01583369549343909, 'max_depth': 11, 'max_features': 0.571607120591422, 'min_samples_split': 2, 'n_estimators': 4168, 'subsample': 0.6409127007165993}",0.9604200029766161,0.9584718687342823,0.9590411348747165,0.9565382871454129,0.9571595561506967,0.9561397249113556,0.959294042665889,0.9605636742239995,0.960041270718844,0.9575586769539859,0.959689588503733,0.9596629306439333,0.9600887750766282,0.9575131404614093,0.9578001084010881,0.9583529960125259,0.9558893209565309,0.9593253329203232,0.9586779117479391,0.9590372762443582,0.9582946433071924,0.957214226174047,0.9589622393267138,0.9593324168570088,0.9582335272557201,0.9576150228495312,0.9603933407864749,0.9575325414005375,0.958321947875623,0.960325850782749,0.9589184388161429,0.9610734654495952,0.959226980612227,0.9592569724884477,0.9557518027655463,0.9577387557740049,0.9592340662696296,0.9611718455628848,0.9593500289956849,0.955569298275128,0.9577695469228098,0.96118901782843,0.956422964697886,0.9591940913704036,0.9583310237947108,0.9595514816895027,0.9573275507837619,0.959348628278608,0.9590338570478638,0.9593122256209018,0.9564529159931345,0.9588593508772641,0.9580812959744506,0.9599331507252163,0.9585493843679626,0.9599213658420885,0.9590168042679038,0.959172612486535,0.9566109332577007,0.9589132389627374,0.9609129339164312,0.9574415759341626,0.9609388668995409,0.9578438306297341,0.9569522606031865,0.9563105428090096,0.9551167302890936,0.961368050005316,0.9608778892016117,0.959030491659488,0.9569815896538594,0.9604613313221559,0.9571117800082076,0.9579095963806241,0.961200363483309,0.9582584605204727,0.9557657867921373,0.9609165493009442,0.9596088480434929,0.9585153664025066,0.958255366437153,0.9599770326135908,0.9615908203242718,0.9558574208624248,0.9569170949615999,0.9604389952377894,0.957096903401753,0.9585409927056068,0.9609872841412985,0.9572531872898655,0.9595648232898676,0.9598072192016764,0.959544133439159,0.9591008871218214,0.9572868141504078,0.9584141651359834,0.9567824980273912,0.9569028493338932,0.9595417395521306,0.959923513074599,0.958650810568966,0.0015341978308446719,44
565.6628471159935,215.63640974261384,1.1692709136009216,1.1690616001228358,0.003972107248757926,7,0.7565703256063463,2,4168,0.5497195404121379,"{'learning_rate': 0.003972107248757926, 'max_depth': 7, 'max_features': 0.7565703256063463, 'min_samples_split': 2, 'n_estimators': 4168, 'subsample': 0.5497195404121379}",0.9540569025513741,0.9527529780260403,0.9520602850485401,0.9502615980229282,0.949628787072034,0.9495042248040093,0.953161059056808,0.9540425916575764,0.9534247319330909,0.9504537430544708,0.9527233086685907,0.953275376267735,0.9536370952395492,0.9515283744270522,0.9500081289007557,0.9521866639664043,0.9496300880455951,0.9532570146096175,0.9517819608973083,0.9520296913368301,0.9510403943468589,0.951139227494586,0.9527137280586485,0.9527998348705617,0.9517615721502828,0.9495713491500901,0.9544949748433261,0.9508697947458269,0.9516074837276911,0.9535392248791554,0.951383937892862,0.9551646293630416,0.9526909794051478,0.9526303537689759,0.948608703450701,0.9513027451086128,0.9532573255479019,0.953925114193852,0.9521159226664021,0.9493905958300872,0.9513990674522523,0.9548679691561126,0.9497193042787923,0.9525050754651672,0.951663369178475,0.9537645984761449,0.9507918926040081,0.9515005444519734,0.9521142145683875,0.951688042869459,0.9505376243375065,0.9517460326284319,0.9506177101176104,0.9537564130997684,0.951450246699072,0.953466378803025,0.9530350491358968,0.9519534291547713,0.9488173597781553,0.9522514810826518,0.9533276235377591,0.9505111515648912,0.9547941477070395,0.9516542811138158,0.949957786676871,0.9504206434056505,0.947798545617353,0.9546792039421695,0.9547433589885496,0.9519236399848776,0.9504715797566424,0.953998678073075,0.9502719015167045,0.951211113429031,0.9539837503781528,0.9514611074322293,0.9495247787425677,0.9542042473827145,0.9530479836347335,0.9518665465341181,0.9513285939620633,0.9543684637682384,0.9546387706529474,0.9488386772739518,0.950014207746154,0.9540860150810233,0.9499087731310496,0.9513704583063944,0.954100816600268,0.950925641468927,0.9525875976019066,0.9527540006001911,0.9527383698886638,0.9516489012876757,0.9510704486977828,0.9518955305628068,0.9498022712641018,0.9506298041580188,0.9533831667548847,0.9537328346218107,0.9519673371126639,0.0016519774542689688,151
385.8692279100418,161.51079270122165,1.2786279487609864,1.2686663260098057,0.10819792933577056,9,0.3812023299829051,2,4168,0.5820060531405441,"{'learning_rate': 0.10819792933577056, 'max_depth': 9, 'max_features': 0.3812023299829051, 'min_samples_split': 2, 'n_estimators': 4168, 'subsample': 0.5820060531405441}",0.959431286288776,0.9589899777522405,0.9574500221188836,0.9550541373307443,0.9549149934647733,0.9546954335511559,0.9574449880520051,0.9582651371908989,0.9586348991869349,0.9553488796072566,0.95769835424103,0.9579889349417183,0.9582398857992466,0.9549737768670034,0.956434399634703,0.9561740578298594,0.9537921153881769,0.9578962704197989,0.9567815277025601,0.9574690479809901,0.9565282757958882,0.956625237539528,0.95677332584753,0.957578680507572,0.9565671263044336,0.9550531787172822,0.958904036705646,0.9564545189366758,0.9561427581722802,0.958384527775369,0.9564747687005407,0.9597126574975494,0.956968120964518,0.9575784384863489,0.9538048794222604,0.9571985860668476,0.9588587305376863,0.9581942947755882,0.9582936244805534,0.9534893103945303,0.9577289554848757,0.9591658118939499,0.954499308301293,0.9571020163799927,0.9563352313721502,0.9583033938905158,0.956325300813614,0.9584510430971216,0.9569581601004127,0.9572322505405418,0.9551618122615517,0.9580334344364104,0.9553237455454009,0.9580979473569828,0.9564210339485211,0.9582065953323438,0.956512930288915,0.9583986988522212,0.9527997207751051,0.9573097503997102,0.9588466205535754,0.9563731415515088,0.95981079188159,0.9564650071803432,0.9553705195810949,0.9543296982988299,0.954206569882415,0.9585543661218245,0.9594728528233348,0.9572519229113093,0.9553763492482882,0.9591722595554893,0.9551280465203918,0.956378240510885,0.9588865688025936,0.9560566037461435,0.9548855334151538,0.9580618983692981,0.9569272228139133,0.9564296065567371,0.9573160700884275,0.9576580403987807,0.9583988827100431,0.9536652732058798,0.9551964411461491,0.9586642567092792,0.9546154922761368,0.9577257835887218,0.9581795299269965,0.9564342087442427,0.9574572016518101,0.9573409114833014,0.9577196314309486,0.9569234197709257,0.9551711594225101,0.9557507195858063,0.9548035274258596,0.9556184605639156,0.9572606260928608,0.9574728474161955,0.9568698664801252,0.00156030626575273,82
745.1257065844536,280.57731564274496,1.226465392112732,1.2374249566589817,0.0649529409711041,9,0.5793334301411373,2,4168,0.7751933108167777,"{'learning_rate': 0.0649529409711041, 'max_depth': 9, 'max_features': 0.5793334301411373, 'min_samples_split': 2, 'n_estimators': 4168, 'subsample': 0.7751933108167777}",0.9610640676476999,0.960172925746911,0.9589481897248439,0.9570925992423986,0.9566805831818018,0.9567886801850768,0.9591321124562857,0.9605329731199274,0.9609351576415875,0.958402697180354,0.960069229482387,0.9600106823582999,0.9597320805829836,0.957944583436135,0.9575687101677326,0.9584896081766856,0.9567096462930554,0.9598971301628538,0.9588438703243398,0.9592169107089421,0.9591276286300221,0.958365766386775,0.9597509701094051,0.959974234372487,0.9583209309545717,0.9576923880750824,0.9611233978016984,0.9589509821595231,0.9587025652887833,0.9599321304653308,0.9598072934691547,0.961980641119262,0.9599097244246229,0.9598074920756107,0.9558118903142447,0.9590188108652521,0.9600202269570393,0.9612368471366661,0.959300958216375,0.9564878420265391,0.9586940058158014,0.9620895835407882,0.9567702393607914,0.9592497243175728,0.9588496173805794,0.9597751601996887,0.9573556519212253,0.9595030550592093,0.9594759284559711,0.960033272042247,0.9560727453742888,0.9589991499753052,0.9592399869786,0.9603057306794311,0.9589616737485832,0.9601023450575554,0.959089976608833,0.9591218249605394,0.957190504888318,0.958796593219095,0.9614158954341903,0.9576225269150863,0.9611159518507093,0.9589188962501038,0.9572340780076116,0.9566473558889442,0.9555655815302564,0.9608627407650104,0.9616354624433321,0.9595579788827592,0.9576383929566309,0.961305936917972,0.9578888269792307,0.9587563328291994,0.9619621402210133,0.9583171477060175,0.9569687467532204,0.9608040653518369,0.9595216063123335,0.9584685708692354,0.9582940693437687,0.9601395575123176,0.9618600525789271,0.9557456663075515,0.9581185511506615,0.9605713668170193,0.9580711343191987,0.959546208264985,0.9609337830672986,0.9578740130880823,0.9602001049444471,0.9598606147517073,0.9598414769660891,0.9592504239809706,0.9579904669488156,0.9589032745603294,0.9567665688025471,0.9580451483680406,0.9601767423280242,0.9602663229721965,0.9590789571019087,0.001507164340135802,31
229.14688973903657,125.13943897340862,0.9988127136230469,0.9670707754989966,0.17241707862737543,13,0.39109532330975316,2,4168,0.6507856454722762,"{'learning_rate': 0.17241707862737543, 'max_depth': 13, 'max_features': 0.39109532330975316, 'min_samples_split': 2, 'n_estimators': 4168, 'subsample': 0.6507856454722762}",0.9501289489978489,0.9481642716367855,0.9487459577722404,0.9458398099011005,0.9465179034035659,0.9448155494995618,0.9472585017941333,0.9505717817259814,0.9499894145024973,0.9473950215240419,0.949072471679251,0.9485533347866277,0.9475170578016605,0.9467506655427066,0.9475778028371109,0.9471688417035024,0.945629069264705,0.9499261104793034,0.9478309321800307,0.9495231995676408,0.9450393143290935,0.9454894495728765,0.9499154561434401,0.9485840630800264,0.9484271959574301,0.947013800961704,0.949669177462628,0.948423839665722,0.9479426347353044,0.9508022096448545,0.9453829394133678,0.9509856451124923,0.9485305091928029,0.9484414812171776,0.9463112884124302,0.94700034419962,0.9490099504555544,0.9512575746141788,0.9486571740466738,0.9472944642937771,0.9472401950848489,0.9517092870737063,0.9438263742497399,0.9474003703622884,0.9467965905764153,0.9486521361261497,0.9479281826784104,0.9475849928572916,0.9468430742586069,0.9474465917034901,0.9442351506065253,0.9500615965289636,0.9457896848920059,0.949559754017927,0.9473507032622015,0.946879058518378,0.948723612373021,0.9480237815040675,0.9439971814053177,0.9477081847947562,0.9494469402416511,0.9472305680590587,0.9490329563083789,0.9475819203611054,0.9463221511965569,0.946552871307595,0.9437914674026859,0.9512726624214177,0.9502627232997038,0.9479409833074652,0.9451101927868195,0.949160589882847,0.9478738705215528,0.9477656787682187,0.9498535014191523,0.9468752661882829,0.9457827871635829,0.9505018891599019,0.9489482855540123,0.9484277348591986,0.9476807469778781,0.948876788113804,0.9510420907481917,0.9451360945096559,0.9460080067299098,0.9484803520125533,0.9449413005368157,0.9466996251388364,0.9482762230949962,0.9460520892745216,0.9482596509290123,0.9502520389688038,0.9495007869884607,0.9491839333424272,0.9447271791001877,0.9474444737110949,0.9449444312292334,0.9460856841810826,0.9473985185301566,0.9482024768776849,0.9477983919319004,0.0018129574999451179,176
743.2546204352379,259.5762008312388,2.135945041179657,2.169935644252757,0.04289528731925299,13,0.5102288066334276,2,4168,0.6532547956359871,"{'learning_rate': 0.04289528731925299, 'max_depth': 13, 'max_features': 0.5102288066334276, 'min_samples_split': 2, 'n_estimators': 4168, 'subsample': 0.6532547956359871}",0.9571813288313681,0.954619740937813,0.9547572143606001,0.9523221841237941,0.9530443684453765,0.9530811975254101,0.9548970091611179,0.9565209793387626,0.956635001527756,0.9537023062558428,0.9563585722000056,0.9567319473224245,0.9558623631200014,0.9533306438206327,0.9529235128374919,0.9559912284078345,0.952062406919615,0.9551795244661389,0.9551269754968316,0.9556344548859903,0.9541726792725186,0.9533670312731435,0.9541997330558208,0.955274994686418,0.9544460516044216,0.9538022904122662,0.9574392793317321,0.9540449408787769,0.954370947746359,0.9561751765369244,0.9552841280856321,0.9579638670354307,0.9550697541429951,0.9558337309208688,0.9515958108725011,0.9535890725160833,0.9555002168187777,0.957878610282594,0.9556568903280789,0.9521214686919722,0.9540508503242757,0.9578341203774002,0.9528877297653195,0.9553135622261313,0.9541158091878349,0.9564414284525654,0.953977733972085,0.9547510529434549,0.9546986260646217,0.9547456301502212,0.9534503405695317,0.9543900044899839,0.9534960083963203,0.9563237954015942,0.9549226242502559,0.9558853242437847,0.9558754041422225,0.9558888802332535,0.9519361134390301,0.9543826267406286,0.9568355785002458,0.9535737165183353,0.9570537753223793,0.9539204788552617,0.9534400429482137,0.9529643898718408,0.9508430539579473,0.957645310863431,0.9563131565203279,0.9547661748777329,0.9538368642299963,0.9570055536744952,0.9524521592607313,0.9546970546361918,0.9574555460640187,0.9547860879537073,0.9512633915496476,0.9566751998624241,0.9559375006049293,0.9553426037943552,0.9546023129335286,0.9560428783930878,0.9574794296221875,0.9513652363695232,0.9524721538566803,0.9572302135839119,0.9520210888656697,0.9551689353922735,0.9561359180711075,0.9532528527253837,0.9559207693240186,0.9559214032888038,0.9549900725896304,0.9549049661439162,0.9526840153818116,0.9547824297616739,0.9534250971211988,0.9526024425578425,0.954791488569765,0.9560987490509046,0.9547781739331779,0.0016629602798585656,126
1158.8693118810654,294.53292941287,1.5874801325798034,1.6022749078738205,0.02123149663694276,12,0.5918108996388196,2,4168,0.8971382235221064,"{'learning_rate': 0.02123149663694276, 'max_depth': 12, 'max_features': 0.5918108996388196, 'min_samples_split': 2, 'n_estimators': 4168, 'subsample': 0.8971382235221064}",0.9567471647467486,0.9550323076646993,0.9559530746297404,0.9525529044319533,0.9536597214222143,0.9527686211181253,0.9555178445612208,0.9578233704749949,0.9574141552550264,0.9539029323157473,0.9561099829590044,0.9566396331722765,0.9562973632634982,0.9537334875973515,0.9543923641297078,0.9551636267941436,0.9526755792043026,0.9546317504212908,0.9554752476803297,0.9554527174449304,0.9547107766487059,0.9531924903277362,0.9549237611523251,0.955736755567671,0.9550694285174235,0.9533936973726366,0.9575518119350392,0.953471365017666,0.9548577512719107,0.9565705569595582,0.9555948475770616,0.9581712381957213,0.9558770437378702,0.9559543499774994,0.9527366468369597,0.9537212207294653,0.9558983678603803,0.9581982186338442,0.9559854969952807,0.9523601164812231,0.954613572552476,0.9578743773903343,0.9529750229321389,0.9560567970274536,0.9549302999580297,0.956006466956792,0.9538154436055395,0.9555182836736192,0.9556700094096288,0.9556679341880195,0.9532186352892389,0.9555914876427708,0.9542797617437437,0.9568720935891701,0.9548322470172094,0.9557828113442924,0.9565722082861312,0.9556971405295369,0.9531511770174189,0.955188954180825,0.9567622658015631,0.9540777806352545,0.9570468793297321,0.9546910454912945,0.9533714347664967,0.9531955982312386,0.9514833628981597,0.9582307267033078,0.957794145177601,0.955390121214288,0.9542180434968351,0.9574336825750038,0.953099175608595,0.954742780493808,0.9572429744234864,0.9546791683427687,0.9526429017773135,0.9577120744062926,0.9561708606939926,0.9553255432843937,0.9545332656842493,0.9567557937036492,0.9580542882147985,0.9515552296772886,0.9536469068876615,0.9563493819670329,0.9525407396527095,0.9558751785963164,0.9572436699586907,0.9539649009472916,0.9555257409634723,0.956116061939973,0.9561605494854242,0.9557934332655256,0.9534181987708529,0.9548965286027606,0.9538003172361281,0.9536467275308069,0.9556589707050641,0.9569695099222864,0.9551805047448105,0.0016095935763461079,119
545.5952503991127,196.82571844319358,0.9287004017829895,0.9502832231619318,0.018876445785241384,8,0.4402487087691407,2,4168,0.8706692965825922,"{'learning_rate': 0.018876445785241384, 'max_depth': 8, 'max_features': 0.4402487087691407, 'min_samples_split': 2, 'n_estimators': 4168, 'subsample': 0.8706692965825922}",0.9635643659888711,0.9620491117040786,0.9613002680177568,0.959517904804026,0.9595349701297125,0.9592019809910807,0.9613675933631317,0.9628703999498853,0.9625282229122865,0.9600673567857437,0.9616449243021054,0.96209770055316,0.9625106890903649,0.9605508929392358,0.9596577451841379,0.960649298952266,0.9583182646267195,0.9625113540661958,0.9617497351250065,0.9614657683496219,0.9607371339840359,0.9606940485426463,0.9619697499928426,0.961093315962895,0.9611781912929214,0.9591781543697847,0.9631266155084923,0.9603865934085192,0.9607385572087883,0.961930463603473,0.9614065151655294,0.9638927081840609,0.9612797514573861,0.9619547940189107,0.9589422025935012,0.96081766176524,0.962058298498742,0.9630641113507348,0.9618306148804718,0.9582899537059801,0.9610612898524484,0.9635601575062248,0.9592076531161805,0.9615954197249231,0.9607104398381497,0.9622088286741751,0.9604186153506808,0.9616740955158405,0.9609264764021925,0.961354663292124,0.959779862838374,0.9611250583308977,0.9607255963235319,0.962775657110898,0.960973118993206,0.9629575509214372,0.9607483708093224,0.9615161620573736,0.9589488873572535,0.9621202243333573,0.9626627108028345,0.9597234089447033,0.9635992991415513,0.9607491973064568,0.9593675522954088,0.9588382429298714,0.9576696643485941,0.9634552174011287,0.9636706583876106,0.9613394547922256,0.9601151956973139,0.9627372602061905,0.9599657669598564,0.9604306670129098,0.9637225750619702,0.9604973902913148,0.9588786705529189,0.9626766521963106,0.9623472261560985,0.961377101000316,0.9608068777628513,0.9626054954193604,0.9628953869801828,0.9586978388229246,0.9601027882724297,0.9629865835636221,0.9591350412689691,0.9618052355042473,0.9627318943365525,0.9599459737270986,0.9623273518480076,0.9611774594155353,0.961872876911367,0.961231936583274,0.960718059723051,0.9609776702178123,0.9594833556043044,0.9602846569809588,0.9618099924396063,0.9632704154684235,0.9612080691401512,0.0014122421304616924,2
950.2149193167686,257.61255149403195,2.553535897731781,2.5630340592656324,0.0026846804224504644,12,0.4550314667107316,2,4168,0.8949247081955471,"{'learning_rate': 0.0026846804224504644, 'max_depth': 12, 'max_features': 0.4550314667107316, 'min_samples_split': 2, 'n_estimators': 4168, 'subsample': 0.8949247081955471}",0.9569537102731909,0.9550248331940497,0.9552453687323644,0.9527629322266417,0.952823317449189,0.9524005317066387,0.955521943716701,0.9574189165991995,0.9570825428928638,0.9538484409984505,0.9561381668796284,0.9563683094710949,0.9560407499454134,0.9534039291616123,0.9539328163644426,0.9552747417135166,0.9521747727269586,0.9553316537720732,0.9549592752064789,0.9552462194925035,0.9544444139031346,0.9530347253893635,0.9549724544332676,0.9555494684956439,0.9546143247548529,0.953041095927315,0.9568894609187111,0.953621389803519,0.9547490095878239,0.9566609477766909,0.9552584584126287,0.957592003857328,0.9555448586526103,0.9556311281597953,0.9520801110432916,0.9539968442858267,0.9559593635249543,0.957801393652573,0.9553393857237209,0.9520644051313506,0.9541765204801559,0.9578745905043363,0.953147936550594,0.9555494428288134,0.9540970680411316,0.9555763575926182,0.9537626874791271,0.9549696567426297,0.9554176709784379,0.9550218695870368,0.9525986470001027,0.9553175233996833,0.9541968292853729,0.9565458859853806,0.9548135667061668,0.9561845583457592,0.9558131369026001,0.9551033199574374,0.952729328745834,0.9547063354260262,0.9566184562605113,0.9536568310225519,0.95726650091448,0.954349955309011,0.9532381505705622,0.9526504761803315,0.9509515646024992,0.958138892194967,0.9573929639326486,0.9554732876765728,0.9536144008738624,0.9572808394251242,0.9526851598989433,0.9544895606427786,0.9568628784152375,0.9546592871431983,0.9521586608021186,0.95729917834285,0.9557862772897682,0.9551004187550305,0.9544023776097469,0.9564695948221411,0.9577766736286188,0.9516665708362204,0.9532419913250315,0.9566037768750958,0.952210209973407,0.9553041095943882,0.9569116557691236,0.953644463390404,0.9552105453744598,0.9559655184347868,0.9557000025959305,0.9556600940908747,0.9530036846311823,0.9548249986312723,0.9531570941673146,0.953088444449326,0.9554496421364727,0.956724797682615,0.954910913347681,0.0016377257138608546,123
681.1884208011627,266.9425466691061,1.1074938869476318,1.128123113578154,0.06816192225818918,8,0.676395388049102,2,4168,0.6576754457013049,"{'learning_rate': 0.06816192225818918, 'max_depth': 8, 'max_features': 0.676395388049102, 'min_samples_split': 2, 'n_estimators': 4168, 'subsample': 0.6576754457013049}",0.9625687858021106,0.960616544754588,0.9592613783364958,0.9575400355562784,0.9580775342150971,0.9573948288762854,0.9599251683024532,0.9597327907723182,0.9604986045239249,0.9581181383308451,0.9605998803422676,0.9604058853099364,0.9608223919191827,0.9592892729825889,0.9582960950411452,0.9588779866825263,0.9565604284383966,0.9612931543238795,0.9598204599594434,0.9598537944677218,0.9583983923173824,0.9582064953090238,0.9601306072053681,0.9604547704159367,0.959428803350392,0.9584459351176515,0.9618621971407639,0.9589167490851509,0.9587214954906383,0.9609041098606597,0.9605910312063558,0.962515820552877,0.9600833911964071,0.9598845053474347,0.9560297439292262,0.95870189829432,0.9604900217915712,0.961817370518042,0.9608026098531669,0.9573922012666771,0.9592865281294065,0.9617875443677432,0.9569298750527033,0.9597597068125743,0.9601198834169443,0.961068308768843,0.9591686954028711,0.9596980098009219,0.959122529907111,0.9610847343817798,0.9579349087690278,0.9600845253207843,0.9594883220154152,0.9601117888416333,0.9587578795082172,0.9619455884832164,0.9597057074382861,0.9600506235679155,0.9577731461653245,0.9604559661148878,0.9602698793077735,0.9579218700299139,0.9611710457218922,0.9593448822817525,0.9575867356939237,0.9572216636462435,0.956180937930245,0.9616815642518545,0.9619074185214506,0.9595701587484965,0.9580332613632135,0.9607857615562319,0.9590828360612463,0.9589231343580878,0.9619705751626051,0.9577701094628599,0.9574241745480123,0.9607044718490754,0.9602025830473143,0.9590772449603471,0.9585775693388555,0.9607651936581949,0.9616996185517236,0.9562247223101255,0.9571365746824888,0.9599533203559875,0.9575525108248226,0.959108781745816,0.9606319776474246,0.9587574034709099,0.9601599496396385,0.9598926210488649,0.9599383851950928,0.9600686166366985,0.9583524011191256,0.9596564793036552,0.9579111208944212,0.959599338826003,0.9602820059334503,0.9613780594046142,0.9595214253954261,0.0014765540312287975,25
326.51925590991976,142.0498911944189,0.6115219402313232,0.6350518503135573,0.013650592509024203,5,0.6021762684622403,2,4168,0.5634248804179491,"{'learning_rate': 0.013650592509024203, 'max_depth': 5, 'max_features': 0.6021762684622403, 'min_samples_split': 2, 'n_estimators': 4168, 'subsample': 0.5634248804179491}",0.9553598680579047,0.9535658038857262,0.9524632952835171,0.9508726016470361,0.950694366995131,0.9498050037984986,0.9535490571907201,0.9551153069361868,0.9534912740434005,0.9516760701791994,0.952771819327454,0.9535062744578715,0.9546873172838909,0.9528635983841383,0.9510852857371197,0.9534056195738378,0.950403949520293,0.9542396085168344,0.9527613985112703,0.9534093829438771,0.9514041824581368,0.9521523206290529,0.9536871494637758,0.9528725058164066,0.9528982075522854,0.9508794294177985,0.9553160841647382,0.9511548651014482,0.9522458960243396,0.9539185155424055,0.9515954991204705,0.9562692073621966,0.9529553057448507,0.9540945386955755,0.9493387206378506,0.9514104404292238,0.9541134469951833,0.9547757052654807,0.9531959351923324,0.9504227127307646,0.9527607952810767,0.9553253331707199,0.9503849629847397,0.9529588257443489,0.9527034475897147,0.9543759402170249,0.9523034570343404,0.9524034238797261,0.952836452307535,0.9529078777500436,0.9517449184941686,0.9524783161396227,0.9510195382083031,0.9550534878160754,0.9522100470813069,0.9551445840206966,0.9527902073221188,0.9528896970239219,0.9492624384819562,0.9537098314469156,0.9536741118912969,0.9513493756589931,0.9555523023798767,0.9525287126617593,0.9509411370994622,0.9506980260068384,0.9492558117624008,0.9548890242196044,0.9557697014067221,0.9524536289317921,0.9517301103217662,0.9536538327562875,0.9511997973732441,0.952492656188218,0.9554214572158753,0.9528053418929242,0.9500615452538084,0.9546972318464644,0.9542014212458572,0.9532459764114045,0.9515585150604107,0.9549850213475399,0.9558974465707916,0.9501538095283156,0.9509074338971893,0.9544701047640834,0.9504118508766563,0.9526108662181906,0.9542808143025819,0.951884000448912,0.9531463511080659,0.9533818841581154,0.9532574774494394,0.95295237624218,0.952268840780675,0.9528478826827568,0.9505982115491466,0.951988757508233,0.9539496321509794,0.9549234242775514,0.9527878705605899,0.001639074418262265,147
724.764997792244,247.56468625332099,0.7200012421607971,0.7540588309173238,0.12587213119593038,7,0.6077785140010954,2,4168,0.9095589365192694,"{'learning_rate': 0.12587213119593038, 'max_depth': 7, 'max_features': 0.6077785140010954, 'min_samples_split': 2, 'n_estimators': 4168, 'subsample': 0.9095589365192694}",0.9603101876489689,0.9589873133476161,0.9577412714186562,0.9569896638283232,0.9563104354586227,0.9567075145109158,0.9573672660833813,0.9607105863460597,0.9589054167833406,0.9566122576631341,0.958245619553826,0.9591511069063896,0.9593180323728108,0.9583151128500862,0.9556061469237548,0.9575142893870767,0.9541097068156938,0.9581613330250139,0.9584083326024632,0.9585181508583779,0.9577924952634781,0.9573870115610115,0.9579735961304645,0.9587832697103195,0.9566767465725293,0.9569461021770606,0.9599228756957774,0.9577168789579943,0.957994560968926,0.9587262640424783,0.9583859713427832,0.9612009705934768,0.9577423836173875,0.9595046623788239,0.9547879838707146,0.957403894652761,0.9585750330755212,0.9599399899963224,0.9581421961624217,0.9550198257952226,0.9578718977437917,0.9603364464934866,0.9557298342193362,0.958069122522333,0.9572295706906845,0.9590049389898125,0.9570976589944769,0.9588757016369279,0.9578192258440092,0.9583547286069611,0.955296194382125,0.9568201975642087,0.957315689812579,0.9596512003806297,0.9570190617919812,0.9588779543539897,0.958150485874699,0.9577262716875203,0.9565026524445795,0.9595127937274517,0.9594819642622621,0.9566616368612975,0.9610625833098037,0.9579298650254185,0.9560203606115583,0.9555538388487804,0.954425375654809,0.9611350049623715,0.9594492818107679,0.9581438913272204,0.9576098340854002,0.9592863775275785,0.9572155036068332,0.9574934272549964,0.9602880980740731,0.9569040721686429,0.9556643021903825,0.959835770472402,0.9584949004269515,0.9578589185323471,0.9571691917378344,0.9597106120820531,0.9608578076959466,0.9549955759699614,0.956966941983534,0.9598127297191185,0.9564239190861383,0.9579590750282164,0.9598169319237266,0.9571730983435247,0.9587510139706394,0.9586808631219259,0.9584371153577985,0.9580450060122417,0.957382593830463,0.9558360900881209,0.9561527608594773,0.9574474261029963,0.9583960788429516,0.9590912572189645,0.957954951807011,0.0015264966503898245,54
671.9713372063637,238.21007583044272,0.6723787927627564,0.6846885273817269,0.02509349191067395,5,0.8924307710242201,2,4168,0.8116205109603296,"{'learning_rate': 0.02509349191067395, 'max_depth': 5, 'max_features': 0.8924307710242201, 'min_samples_split': 2, 'n_estimators': 4168, 'subsample': 0.8116205109603296}",0.9576942633762245,0.955472985586769,0.9552882709049852,0.9539538641216591,0.9536940443969539,0.9529332703564979,0.956005398890373,0.9571947156889168,0.9566344831974269,0.954101626607273,0.9552999673687442,0.9559974474219072,0.9564999103182718,0.955569015512191,0.9536887423217372,0.9555884384675504,0.9519106561506687,0.9567619742344362,0.9553157648515876,0.9557998533644197,0.9539134866064582,0.9548651237110429,0.9562320701706513,0.9558111189701556,0.9548041566247588,0.9535415669029137,0.9577201612082802,0.9534570405760872,0.9553832467965575,0.9566973445448091,0.9542301624748718,0.9588858444422392,0.9556800919647599,0.9556569038379985,0.9521458070714695,0.954040029254271,0.9568412559231507,0.9575998640152308,0.9559823796534526,0.9525222864508415,0.9553585002077141,0.9573732375579723,0.9535550986461014,0.954589758832372,0.9553639989245593,0.9569786639861905,0.9547759974998489,0.9546415677745912,0.9544019051141988,0.9548221665087393,0.9540125249173504,0.9552023885416203,0.9537085119769521,0.9573759113424077,0.9547418035990265,0.9573586604566621,0.9556745265224641,0.9553868896212864,0.9518435571931274,0.9557625993704622,0.9561933614162861,0.9541473239604574,0.9575789401469785,0.9551391127649864,0.9536148331411509,0.9540594263663903,0.9514117865385574,0.9573094079764892,0.9578456496677941,0.9556828620072102,0.9545282980463927,0.9559574300424099,0.9536836529957877,0.954764984998325,0.958326417950913,0.9549800990840596,0.9530259201069147,0.9571589530540247,0.956882486359206,0.9556426389715318,0.9540108859376885,0.9572256416096511,0.9578798357915952,0.9523661444807289,0.9529296001318185,0.9569186391043167,0.9530743896702848,0.955465499179144,0.9566839128915097,0.9537224482192206,0.9559795650936646,0.9560963613411174,0.9558643005051515,0.9549921732069203,0.9548542110964732,0.9548967130916515,0.9529531755844642,0.9548502873661675,0.9561231761592525,0.9571882328558929,0.9552635168184483,0.0015834704230001221,118
528.9978401947021,179.0862805671665,1.2008531188964844,1.208294642859585,0.0024019675067792653,7,0.6582854971984013,2,4168,0.6110251048910715,"{'learning_rate': 0.0024019675067792653, 'max_depth': 7, 'max_features': 0.6582854971984013, 'min_samples_split': 2, 'n_estimators': 4168, 'subsample': 0.6110251048910715}",0.9496963048083527,0.94835379013004,0.9478538269431591,0.9457932398553077,0.9449181591167917,0.9446455666940134,0.9488109082965976,0.9497838716542082,0.949608725746878,0.9457196699537667,0.9482154659239733,0.9490548220282103,0.9491691546101975,0.9468031068622139,0.9451590346295244,0.9481163844015188,0.9452907622048324,0.9487519195625531,0.9472167188553371,0.947594784389223,0.9465169588873901,0.9465039193769302,0.9481697034073937,0.9486127173404091,0.9474663103068216,0.9445343003467204,0.9501451368411981,0.9463169767956008,0.9473368472172544,0.9494617413193561,0.9468062927692198,0.9511045357549771,0.948316508302907,0.9483836142617696,0.9437434720124898,0.9466233031084326,0.9488110669524739,0.9497473020297951,0.9478617921392483,0.9451412214481796,0.9468927914303766,0.9504640608053806,0.9450348954882904,0.9481774006725131,0.9470832468259014,0.9495001064668727,0.946686824507119,0.946832026894722,0.9477089477362456,0.946868284177918,0.9462939893462593,0.9475579913871685,0.9461892584076457,0.9492837204509469,0.9471886951234886,0.9490249726109077,0.9493127038584386,0.9473132431580276,0.9438656317059607,0.947643290743241,0.9486985704558489,0.9461831870340462,0.9508093635783464,0.9474590746459916,0.9450302686015777,0.9460249292137993,0.943262177634692,0.9508255295670709,0.9500972354064061,0.9477621610439154,0.9459676259338917,0.9497408528246137,0.9458817575482611,0.946573260527352,0.9494519900385906,0.9468509976067542,0.9449806292815007,0.950255082585033,0.9486208873754716,0.94774375490595,0.9465843588723889,0.9500744321863926,0.9504451901452509,0.9442914761103779,0.9454009766807363,0.9492215842372789,0.9452257627395464,0.9467459336637327,0.9499549631831414,0.9463001543010116,0.9478782129597716,0.9480966635076585,0.9483901204063183,0.9472072883760797,0.9467350281056898,0.9475853959196039,0.9453093095587891,0.945830703918314,0.9489580501452455,0.949685897662078,0.9475322285757123,0.0017950156553486315,177
352.9229415631294,142.5335649892191,1.0112410473823548,1.0131427401883029,0.004212411295973444,6,0.4962833327821561,2,4168,0.5982194135375902,"{'learning_rate': 0.004212411295973444, 'max_depth': 6, 'max_features': 0.4962833327821561, 'min_samples_split': 2, 'n_estimators': 4168, 'subsample': 0.5982194135375902}",0.9507723018925671,0.949268119134944,0.9480944436924156,0.9464685059543895,0.9456051491335031,0.945426163563573,0.9491637606481811,0.9507904901500974,0.9497950598993472,0.9465698649347009,0.9484011521152091,0.949619800221484,0.9501792051737162,0.9476927042641392,0.9461747181892791,0.9491216600209953,0.9458490547659036,0.9492990104649207,0.9482735063208174,0.9487334951772601,0.9471666714241197,0.9474431388600106,0.9491145941798564,0.9489155546185033,0.9483313889269842,0.9458511760651872,0.9512337729646139,0.9470755305746129,0.9480816371439612,0.9498548031406645,0.9471816194096119,0.9522021936210741,0.9486410076544959,0.9493543149351639,0.9445068749310166,0.9472086541890054,0.9497016549239476,0.9504084111836189,0.9485319174157851,0.9457478305716116,0.9479518165045114,0.9512676319788385,0.9458034288415706,0.9489699970910702,0.9477847909903498,0.9499215606471875,0.9478688505498842,0.9475084741430698,0.9483001098322944,0.9474908291309164,0.9473643884293333,0.9482842635890815,0.9465806512365593,0.9501813820532318,0.9478517160116307,0.9504229347678189,0.9493828236954072,0.9484000464802477,0.9444474109351119,0.9487441418934679,0.949179288513746,0.9466261985657088,0.9514308812357436,0.9484025449404838,0.9459389519063208,0.9462604164734036,0.9442082915845849,0.9511659632673256,0.9510233947591882,0.9485111259695733,0.9466122639591953,0.9498979778358642,0.9464169704343595,0.9477770906263367,0.9505746461254903,0.9478854219462283,0.9455465934874325,0.9504895001179036,0.9495458027112476,0.9484823344522078,0.9472330026706192,0.9504453203150035,0.9511253473302048,0.94550178401472,0.9462826758806864,0.950316980295567,0.9457819304740989,0.9476518847581495,0.9501322058973776,0.9471488152100312,0.9485917279247975,0.9488812904135794,0.9489433733676526,0.9481961196510833,0.9475481404885295,0.9483165566408582,0.9463944960008283,0.9467051273328762,0.9495177365307247,0.9506670799396257,0.9482773541530223,0.0017668384707366577,171
519.7040112304687,161.6464973175958,2.265241730213165,2.2878006975081973,0.015283945568403533,12,0.4278845090100396,2,4168,0.5984472953553899,"{'learning_rate': 0.015283945568403533, 'max_depth': 12, 'max_features': 0.4278845090100396, 'min_samples_split': 2, 'n_estimators': 4168, 'subsample': 0.5984472953553899}",0.9606570867236447,0.9593696030605828,0.9588267511084014,0.9571808116556556,0.9565984206163878,0.9566076248208872,0.959214625181838,0.9608165897209681,0.9604969456589465,0.9581351593095201,0.9590447733965467,0.9601260993131576,0.9597466167790583,0.9575083724065467,0.9580894223166427,0.9587410931796757,0.955945686485517,0.9592198411185918,0.9587979036231428,0.9593956725842876,0.9582450584560003,0.9570094570940914,0.9584414069956424,0.9587615563302524,0.9583943365749714,0.9569421731995271,0.9606364363177493,0.9579106450782129,0.9582942453289648,0.9599969466582828,0.9594620848065919,0.961639525183108,0.9593835887457132,0.9591122681126745,0.9570210228808587,0.9579359455890893,0.9595819483205922,0.9613430578054184,0.9595446729248919,0.9562755919503158,0.9585178396157946,0.9611502633757244,0.9567888096201694,0.9591548098149579,0.9585481415228664,0.959188835541962,0.9580794762140571,0.9591522658343736,0.9589388678314484,0.9594103888560411,0.957223778398495,0.9591397934051794,0.9582591007099226,0.9601804675246423,0.9582453128307965,0.9597889675088017,0.9593356687111961,0.9590513780633748,0.9561839780597077,0.9589827974472569,0.9604932064917026,0.9570873159749965,0.9606118107523952,0.9581047926119145,0.9570334482014047,0.9567529821915671,0.9548029718970322,0.9612051091254247,0.960855060688634,0.9588436716361102,0.9572761530872483,0.960874433277441,0.9571029768744838,0.9582172874305952,0.9607657116156348,0.9583426897914797,0.9561514983042623,0.9609260915335782,0.9593603187581268,0.9594143950550187,0.958432251702786,0.9597723536312395,0.961242565379028,0.955882690696708,0.9568897262189122,0.9603826274404711,0.9570176379299576,0.9591974172499625,0.9603494238966659,0.9572821914178193,0.9594718303471034,0.9594223634562387,0.9591669615833187,0.9590524725694018,0.9569452116638185,0.9583684958297045,0.9568452351986098,0.9576839645214456,0.9595973906330884,0.9601082183621135,0.9587310496332718,0.0014554801458090782,43
746.9107815122604,219.27516426822663,1.816173951625824,1.849648851416636,0.04009971433481413,12,0.38320658538824987,2,4168,0.8755563048502895,"{'learning_rate': 0.04009971433481413, 'max_depth': 12, 'max_features': 0.38320658538824987, 'min_samples_split': 2, 'n_estimators': 4168, 'subsample': 0.8755563048502895}",0.9586363581230185,0.9566906694251166,0.9567840186617121,0.95418564239399,0.9543009926468781,0.9542407630964815,0.9578035732374295,0.9583607316338493,0.9585302097070035,0.9553333119622094,0.9571575000828781,0.9579036578528299,0.9572139615034285,0.9550831713900102,0.9555155732893214,0.9562632928376731,0.9531230854364598,0.9571613459886116,0.9566397464544698,0.9568604489924741,0.9561589026939731,0.95505733910192,0.9568573925443616,0.9568371559690044,0.9562144237181995,0.954139348008613,0.958283271947489,0.9560856142711187,0.9561508201260749,0.9582921717497288,0.9567810364319228,0.9590786910346334,0.9573525462977065,0.9573522980963519,0.9535195522495608,0.9558600732099622,0.9573995874356785,0.9590199128633587,0.9570890353524575,0.953795429096947,0.9554445498479431,0.9592476518353876,0.9546825211158567,0.9568832370691058,0.9557644782864331,0.9578784686904905,0.9557411885702071,0.9564689112024672,0.9565381843818277,0.956512423769193,0.9542348104072744,0.9571926870494019,0.9557257567115953,0.9578742639536793,0.9569781874146559,0.9575017732320621,0.9576292762858913,0.9565831125450261,0.9545393701855441,0.9568308984914442,0.9581162444069578,0.9550749765132933,0.9586431509712623,0.9557581784098211,0.9538619665657023,0.9545321787980301,0.9532528404817878,0.9596232134291804,0.9589183664827623,0.9568923079774694,0.9551784653370731,0.9585428747465373,0.9541472944800725,0.9563151646226632,0.9578936399558001,0.9556738188421072,0.9542151035716782,0.958632592325358,0.9575943125816342,0.9566033434680948,0.9559476891364366,0.9584886813139963,0.9587067324133496,0.9541616872635853,0.9551657047115769,0.9585478048843862,0.9542502630291744,0.9564032279932807,0.9581762306725173,0.9548429841458932,0.9565780392708532,0.9577649883324401,0.9577346325774521,0.9574369112987878,0.9544975739101056,0.9564054344776557,0.9544097380961878,0.9552153726717486,0.9573282306766898,0.9578740966375561,0.9564877046544136,0.0015657060813865924,91
1109.9242248106002,287.45737861214747,0.9998191952705383,1.0217786564060707,0.18787609436667907,11,0.8602497922754564,2,4168,0.8299803333389769,"{'learning_rate': 0.18787609436667907, 'max_depth': 11, 'max_features': 0.8602497922754564, 'min_samples_split': 2, 'n_estimators': 4168, 'subsample': 0.8299803333389769}",0.9517633166946131,0.9499033130138359,0.9495070680966348,0.947928415645233,0.9462367316598576,0.9467216654575723,0.9478902836364044,0.9511545746634404,0.9488750343889754,0.9471081309008054,0.9505026731578371,0.9491606721196921,0.9508442547752803,0.945812925169547,0.946304406721931,0.949367927986072,0.9449087185956125,0.949447475922578,0.9480209991238615,0.9479097227035715,0.9471714989426773,0.9463094490163781,0.9487889803524003,0.9498417543053266,0.9476125469820639,0.9463077068299194,0.9505542080156887,0.947811364428179,0.9476552380378114,0.9489333022119247,0.9482937486583127,0.9499977071771937,0.948206641553456,0.9481207666416944,0.9440714568180647,0.9478476509592839,0.9489981268876845,0.9503136683553741,0.9483166338137632,0.9463332800724208,0.9477616431229859,0.950497243963067,0.945079882809039,0.9477215049390805,0.9478606356307296,0.9498822318315615,0.9442514107441046,0.9482668324750998,0.949472815853818,0.949134487795296,0.9441726618044303,0.9475759697527589,0.9474949931049647,0.9497574274844702,0.9476709312846995,0.948667911659376,0.9482673269068782,0.9486857073245485,0.945025292294402,0.9477096105621711,0.9512046650588554,0.946737326174294,0.9509287837208238,0.9482217436226708,0.9449010108070559,0.9466661899213691,0.944464500975713,0.951358304083529,0.9502916996676565,0.9475749127688917,0.9471409238408388,0.9496969000778749,0.946755767818096,0.9474972938585075,0.9498029901852937,0.9485914690833754,0.9458684252048277,0.9509396805945105,0.9484783570610881,0.947644037936118,0.9483954529783666,0.9504507041195166,0.9520243913054253,0.9449753024121486,0.9443051649015443,0.9480959184546738,0.9449536623149635,0.9484557306740352,0.9492818661927573,0.948970218889884,0.9467149975988445,0.947766222634981,0.9482316748483913,0.9489022212363992,0.9451849152921045,0.9476041907280229,0.9453527030741253,0.9451619628242726,0.9489051309048309,0.9485552745570417,0.9480286325024015,0.001876294378436048,173
836.3426157712936,237.25813160253063,1.7148549485206603,1.7476664668793431,0.07492362316610363,11,0.7511378652206688,2,4168,0.5561794907129796,"{'learning_rate': 0.07492362316610363, 'max_depth': 11, 'max_features': 0.7511378652206688, 'min_samples_split': 2, 'n_estimators': 4168, 'subsample': 0.5561794907129796}",0.9570281946859708,0.955551571059628,0.9557911104114912,0.9525565903589477,0.9534199883455069,0.9527717187920755,0.9566668045442975,0.9572499072695342,0.9560820013993153,0.9526970696228693,0.9563795296451962,0.9562765787199501,0.9558408919534083,0.9538894402062061,0.9535400341490888,0.9543267679070829,0.951943973494556,0.9557549657597127,0.9552953237913451,0.9549020621600675,0.9537983169325356,0.9543178191808048,0.954982815012401,0.9552517591590064,0.9549673017241033,0.9529818106758169,0.9563707059960315,0.9537775878970879,0.9541506459361243,0.9569006485441548,0.9551679818494967,0.9574644722967575,0.9553601069067016,0.9555624929681992,0.9514292438798543,0.9545735322898641,0.9563021614524705,0.9575101445934181,0.9548232841201924,0.952207377418,0.9542962689584288,0.9572175111717495,0.9526451382128325,0.955510312715366,0.9543460891477652,0.955683058995137,0.9526557717596257,0.9554964780550846,0.955176553520714,0.9557856781416288,0.9525699152808569,0.9549937017548209,0.9541696852413695,0.9556323864263098,0.9544517704231621,0.9556278576461085,0.9554235591531097,0.9556856571370173,0.9527898891119874,0.9551427640470835,0.9566492414901565,0.9532760450368752,0.9564025703725553,0.9537991827733676,0.9525369406307649,0.954064667127434,0.9507389081098673,0.9563456090023078,0.9573871817239226,0.9550963881308788,0.9528980691869514,0.9569925437674647,0.9541805297459484,0.954686333964748,0.9573566045025652,0.9547394712409731,0.9519252822683775,0.9559284331172063,0.957120714412695,0.9536162178233977,0.9541219554861329,0.956622596834488,0.9583826585406806,0.9517587953546569,0.9523095926497634,0.9569015042302723,0.9527456298389261,0.9546280809985758,0.9566420390327148,0.9533256899938853,0.955534708229717,0.956675629317719,0.9557264935984103,0.9559683922834792,0.9536632057867725,0.9544793550334036,0.952794306533409,0.9530089503758674,0.9553577664539019,0.9553070902307246,0.9548286015524137,0.0016264831642606517,124
623.2096284556388,194.74384731675198,1.3007598900794983,1.3450422381811913,0.08832582271700674,13,0.428273055863934,2,4168,0.873909678975658,"{'learning_rate': 0.08832582271700674, 'max_depth': 13, 'max_features': 0.428273055863934, 'min_samples_split': 2, 'n_estimators': 4168, 'subsample': 0.873909678975658}",0.9539093396771918,0.9534869122258249,0.9533963618901856,0.9505687492861514,0.9507022540277784,0.9497231087985486,0.9523376893412013,0.9558808854390547,0.9549140561150821,0.9508728277813404,0.9540080512563014,0.9548815260195632,0.9538179403665603,0.9516221859302125,0.9524646580612282,0.9529536957906797,0.9494905027264448,0.9533845420763487,0.9529532281623401,0.9529237420461695,0.9518811508171116,0.9513380836135801,0.951479335340854,0.9526284329742825,0.9529995388346214,0.9496185615585193,0.9551675522053191,0.9510963759980194,0.9526356179116022,0.9547376423057756,0.9534363879093609,0.9548883688602948,0.9549553287087843,0.9540447608381541,0.9498718117333957,0.9518339551572118,0.9542481041810674,0.9558183886780429,0.9534508575963793,0.9507104723316845,0.9524506458365091,0.9554528408110384,0.949535127839414,0.9531331720633134,0.9520479669004046,0.9537098567777875,0.9512421885121868,0.9528939513960355,0.9532903993695115,0.9525697635397747,0.9514124590878723,0.9528888276401745,0.951371297607554,0.9540907280282783,0.9528639922484794,0.9530302435224798,0.9532422926460391,0.9533129446001309,0.9497345070313387,0.9529354280755538,0.9547989973945386,0.9510930018675519,0.9555144290292139,0.9522525314490141,0.9515019977307191,0.9502083714456536,0.948298236687938,0.9554893904425591,0.9551802477237803,0.9537396308265068,0.9516025793572682,0.9548468679336082,0.9497301689407955,0.9526247370397989,0.9544743434098089,0.9528783210012868,0.9496561638279807,0.9550950674065891,0.953468069392583,0.9539400197499593,0.9513596999687683,0.9552241676467045,0.9553765415139865,0.9498525110300481,0.9512532513478584,0.9545237138248549,0.9497937829659939,0.9530880331779364,0.9545707016723326,0.9512070768395304,0.9525909867249681,0.9537363449448418,0.9543080960120233,0.9538647721007188,0.9511331022008986,0.9535102615059484,0.9511538020174084,0.9514379714962833,0.952591010989922,0.9545175318004191,0.9527382815054475,0.001760136959935169,148
519.1591907548905,170.36911040492876,0.6169071578979493,0.6286458765922791,0.28733328872112207,11,0.6274913356331124,2,4168,0.9388869302141626,"{'learning_rate': 0.28733328872112207, 'max_depth': 11, 'max_features': 0.6274913356331124, 'min_samples_split': 2, 'n_estimators': 4168, 'subsample': 0.9388869302141626}",0.9459728164237464,0.9462893137874857,0.9448362773933217,0.9431362676543743,0.9418602359436742,0.9436873869407717,0.9452296664001075,0.9505154513860604,0.9466631769459734,0.9443231225261889,0.946484980108171,0.9450405030605759,0.9450087967336415,0.9427569484026262,0.9433283443593831,0.9466036663599257,0.9434836984387897,0.9470643191025587,0.9456581066032737,0.9439285044262061,0.9460592657121961,0.9443934989793447,0.9462757364585699,0.9457759641623499,0.9466494645012432,0.9416513131617039,0.9472138046090942,0.9449557909265882,0.9453830557387022,0.9490476969867742,0.9452650485049551,0.9486000326663176,0.9477476881085971,0.946274707612029,0.9424613682176367,0.946086388086663,0.9454018329049777,0.9487784073647306,0.9478934203231293,0.9423969622988262,0.9443469099894611,0.9487462185659119,0.9440682389248136,0.9454039705203586,0.9444643173450079,0.9468285649750923,0.9451079154941685,0.9457488094591145,0.9461996649675237,0.9475819300278462,0.9433472000307626,0.9451804772863107,0.9443884097157297,0.9474092383053743,0.9454439395691824,0.944336106036365,0.9439752800556797,0.9458170278434657,0.9443360979145557,0.9449729677504949,0.9498770720111953,0.9437327375605765,0.9469971347120553,0.9448360984214674,0.9431092855490602,0.9438451154397371,0.942388989444113,0.9474865699470008,0.9484159103327466,0.9465307029987898,0.9440496060463975,0.9488538539209714,0.9447888209606202,0.9473127575973184,0.9490876571664233,0.9440589263974367,0.9439882915224203,0.9493454279159091,0.9478774774458967,0.942838674136485,0.9453274181482759,0.9463041833556033,0.9491429478751591,0.9432501142960528,0.9425850004774207,0.9460729202973601,0.9424918714236494,0.9464668829494434,0.9469047067622764,0.9448288313109346,0.9474479164523169,0.9448970565005999,0.9469703003261842,0.9442189036819867,0.9439548434828329,0.9457048189980104,0.9436238454471434,0.9439386261255847,0.9471465067281457,0.9480452683632017,0.9455663038762733,0.001952276305033207,186
1267.6595491576195,305.6608756404579,1.2562542843818665,1.2816298296129576,0.03594663627942926,10,0.8880390710398196,2,4168,0.7827852299245324,"{'learning_rate': 0.03594663627942926, 'max_depth': 10, 'max_features': 0.8880390710398196, 'min_samples_split': 2, 'n_estimators': 4168, 'subsample': 0.7827852299245324}",0.9589050203015721,0.9574626407439313,0.9573666976738328,0.9550572709604284,0.9553087486790345,0.9553024502157722,0.9579912203313952,0.9588299269507821,0.958625108357906,0.9557081237764461,0.9586910757383239,0.9579457585034652,0.9585846377676444,0.955447023792003,0.9559577562711296,0.9571105060669715,0.9541669304302293,0.9575564082154409,0.9570092637320322,0.9566554544951419,0.9567865460823083,0.9561910618960255,0.9572219678983976,0.9578608646602026,0.9568076136491499,0.9553968327737814,0.959280295826858,0.9560984317129086,0.9568416233621136,0.9581093031581019,0.9573968316280435,0.959320805951703,0.9583460431772025,0.9579987571183957,0.9532837392235428,0.9563171123067946,0.957394815185731,0.9593630683786608,0.9571132266521841,0.953974517790994,0.9564133565887482,0.960143204325263,0.9540500093738344,0.9579981865061975,0.9567273848102488,0.9584117389493011,0.9550099444658373,0.9571567310465684,0.956729901652404,0.9570623279806543,0.9544008767141879,0.9574046402814053,0.9565700237793625,0.9583735341900507,0.9568598240635176,0.957829354854307,0.9578964149702902,0.9569300879227302,0.9557110106094667,0.9575832453902899,0.9593488724934902,0.956118855596212,0.9590494814457362,0.9565222770620206,0.9555405716613764,0.9555661470608585,0.9531857934650375,0.9591419540654951,0.9594857325179171,0.9570906332049515,0.9555756712403629,0.9601599859100842,0.9551243624522816,0.9565894139985914,0.9591100386762436,0.9572153834885265,0.9546027468850377,0.9592534754575122,0.9578591621183368,0.9561357822993473,0.956532405008881,0.9588683622832521,0.9605882170823982,0.9536417270904279,0.9557607897162423,0.9584041903896711,0.955419828517795,0.957065974237737,0.9587538548120532,0.9564603090023647,0.9573160453482316,0.9584339022471873,0.9578054896019021,0.9569765225618028,0.9551288420879015,0.9570065817866485,0.9552641906129398,0.9553659117433532,0.9579560435982805,0.9585290720506663,0.9570400188079041,0.001590245914403878,79
725.9028298068047,229.08539564445795,0.8650723266601562,0.8818932275241059,0.14031304686898666,7,0.9116015530289661,2,4168,0.5801054408836229,"{'learning_rate': 0.14031304686898666, 'max_depth': 7, 'max_features': 0.9116015530289661, 'min_samples_split': 2, 'n_estimators': 4168, 'subsample': 0.5801054408836229}",0.9571686763731125,0.9561360824633115,0.9566732879117787,0.9537720836573051,0.9535966223750787,0.9535788223440315,0.955735580986518,0.9555607859419033,0.9561466172155155,0.953258169324748,0.9559034732417054,0.9557455275154331,0.9565841232109805,0.9550710511625183,0.9541343348238458,0.9548430354091946,0.9521646149704556,0.9575588774179535,0.9554009398794384,0.9546156277495055,0.9554364202878904,0.9550853948533358,0.9555824125098878,0.9554750246039608,0.9560136591403096,0.9542422356586361,0.9570179603422332,0.9549353193644797,0.9566779650021693,0.9549128642123774,0.9545478922327837,0.9582622103376969,0.9564034345151801,0.9561392066630496,0.9527921311897957,0.9547659130033537,0.9558711580348767,0.95679806065338,0.9554014243333174,0.9525272290830613,0.9552947593906934,0.9586112952459627,0.9529651119675933,0.9549192475545237,0.9556070047045359,0.9580839390829414,0.9550739941076679,0.9561479861713553,0.9545274520372871,0.9561345582853853,0.9534436039832739,0.9548647189347851,0.9551481082554716,0.9565013353213093,0.9551554386820088,0.9578797255997741,0.9556968492730229,0.9553993652273886,0.9533246503649544,0.9554464362190955,0.9569277628278201,0.9547297612049456,0.9582374862151031,0.9544804901490563,0.9534263544092857,0.9547984991832679,0.9518829807005765,0.9559686876390481,0.9574680642536887,0.9540470524766318,0.9538549787267246,0.9567901594819248,0.9535235876636592,0.9539347179888178,0.957970029225487,0.955738065877307,0.953470434297158,0.9561324042504017,0.9554782670338995,0.9557928672500584,0.9554539962689733,0.957197485831196,0.9588263627952156,0.9522082497138404,0.9549678648241908,0.9566072135893515,0.9530671428963924,0.9555238622814575,0.9564719052610646,0.9541986190246987,0.9565905498170693,0.9546001307319629,0.956218901596016,0.9554192457960872,0.9543658374756601,0.9539845675660725,0.9529461175398409,0.9548186496880007,0.9570939026969227,0.9564712509032984,0.9553444633755731,0.0014909013427602076,117
553.0285722732544,208.00535675067044,1.4360725688934326,1.4844056531933927,0.0032620046892131676,9,0.5664903042580324,2,4168,0.5709004491856419,"{'learning_rate': 0.0032620046892131676, 'max_depth': 9, 'max_features': 0.5664903042580324, 'min_samples_split': 2, 'n_estimators': 4168, 'subsample': 0.5709004491856419}",0.9576285105622862,0.9561773569237447,0.9557067666382806,0.953587157703738,0.9533647789051898,0.9531386214941268,0.9566438877697591,0.9575826988270137,0.9573042205153898,0.9544049213998312,0.9565018138895632,0.9570504025977589,0.9569207448259277,0.9548943778543921,0.9542668549961594,0.9559431610439971,0.9533376752046273,0.9567432147455233,0.9555104638597599,0.9559859995488508,0.9552411131678278,0.954793319458941,0.9560485416865903,0.9563702567611165,0.9554049516705418,0.9534778290967609,0.9580051922585505,0.9547616813401365,0.9553526904648276,0.9572587239298322,0.9556905969676497,0.9585644730375137,0.9562237125133113,0.9563534831257856,0.9526778241984358,0.9551803608709105,0.9565411183701528,0.9580414386552605,0.9560841930255386,0.9528121916806411,0.9553320203721267,0.9587619300072638,0.9534275785449889,0.956128225689947,0.9550116776733756,0.9568171006218167,0.9543015458279861,0.955470797724711,0.9557307624861843,0.9557880732779676,0.9536896328112061,0.9558134807880961,0.9546615794738315,0.9571400089364455,0.9553037682767941,0.9573620886405922,0.9561097948223687,0.9556890348873401,0.9532301454568245,0.9559020968338596,0.9572816530334114,0.9545087818921363,0.9581732899621116,0.9550587317945176,0.9540247216774315,0.953543208137556,0.9513747138971291,0.9586358917833332,0.9584967660210056,0.9558952102010633,0.9542590594596013,0.9577320085411407,0.9537712085112425,0.9550905312971391,0.9577924912723043,0.9552958896474448,0.9530777319201055,0.9579541305871638,0.9565542309048117,0.9560231020810481,0.9551900720511206,0.9574868372028362,0.9582078366275425,0.9524877401998352,0.9538682471804778,0.957339453745405,0.9537030828835037,0.9557047157369792,0.9578094628753573,0.9542967018420214,0.9563620623614277,0.9564035388323785,0.9563297314236149,0.9558408541667518,0.9545222700919795,0.955718779824529,0.9538718830515669,0.9539894610304543,0.95679899357257,0.957292921768367,0.9556701666383041,0.0015997049669205846,111
850.703348660469,272.39720075252313,0.9936677980422973,0.9918947984640221,0.017978880263594194,7,0.7577915753594879,2,4168,0.851544284885785,"{'learning_rate': 0.017978880263594194, 'max_depth': 7, 'max_features': 0.7577915753594879, 'min_samples_split': 2, 'n_estimators': 4168, 'subsample': 0.851544284885785}",0.9610453234384907,0.9598149850243077,0.9588952484167473,0.9568179025933569,0.9570371332803633,0.9568719319223238,0.9599522658935659,0.9606848804475027,0.9601382643372738,0.9581877058876476,0.9594410396864086,0.9596347650657852,0.9603187177673322,0.9582850573691367,0.957371289070865,0.9585509982572299,0.9557981804273479,0.9605515217521462,0.9585966711947479,0.9591559906476106,0.9575626222942737,0.9585627629094896,0.9595092508283032,0.9595495856589569,0.9587633305860355,0.9571309480182406,0.9609412630421641,0.9575972258557054,0.9584687437676733,0.9603586231306951,0.9589903792407662,0.961606310190217,0.9595263972999052,0.9598467644362317,0.955867375735318,0.9585728090266563,0.9599684212941566,0.9606511197682358,0.9586981261751374,0.9557816763543246,0.9586063466562283,0.9614356062802535,0.9568750548781082,0.9589780230306071,0.9591976091369219,0.960598805324073,0.9579092934075895,0.9588403008410543,0.9588130869119692,0.95919500030939,0.9566441004936262,0.958483047876613,0.9581951529209085,0.960751781381381,0.9586312915030039,0.9606348209236658,0.9594529820702523,0.9586147597860069,0.9562976044438442,0.9597645385404787,0.9601760147228611,0.9577680056217673,0.9610799413037352,0.9585358861800096,0.9571273511482501,0.9575799466482129,0.9554830874793929,0.9611901664575767,0.9612784357125537,0.9588433999387679,0.9571744318372828,0.9605717381552564,0.9573894778523828,0.9584349513917237,0.9616776621603921,0.9583291563585479,0.9567323492576539,0.9610909151565926,0.9598098562274385,0.9587554346727432,0.9583487713037186,0.9609201801535651,0.9612129142338813,0.955305251534723,0.9567078730787766,0.9608092734993918,0.9568879730422618,0.9587093033718838,0.9610932337527432,0.957822614865473,0.959535441345518,0.9597448749017422,0.9593418275825423,0.9588814377577204,0.9578276424107746,0.9582948061027717,0.9567640564010056,0.958661147111523,0.9597968446641606,0.9606974420308583,0.9588941393223683,0.0015401789816650777,38
783.6381295442582,222.31726846031486,2.5405103945732117,2.5100133972203813,0.009806240235313657,13,0.5414693009621911,2,4168,0.6923199457362502,"{'learning_rate': 0.009806240235313657, 'max_depth': 13, 'max_features': 0.5414693009621911, 'min_samples_split': 2, 'n_estimators': 4168, 'subsample': 0.6923199457362502}",0.9583071490866907,0.9566220049658953,0.9566674304156503,0.9542414584277649,0.9541055990713008,0.9541182533057179,0.9564568976838952,0.9586079671537724,0.9580043097700485,0.9553298119933875,0.9573910997842716,0.9577565368630596,0.9572714432856492,0.9546053201396211,0.9550521241039385,0.9567171041131526,0.9532106845327842,0.9568449686013766,0.9563318482815378,0.9566734487693364,0.9559495708651916,0.9544415117170061,0.9563792222198163,0.9567532907476195,0.9557937161246278,0.954595098263489,0.9581243688432995,0.9551731536057654,0.9556301424848995,0.9577249038676502,0.9569786580380795,0.958778919601926,0.9568640393393345,0.9571725550120419,0.9534164122670271,0.9554226089090143,0.9574550318066838,0.9589619491996312,0.9568250313691549,0.9532269810143316,0.9556372128035072,0.9591892684650177,0.9541083702970985,0.9566456735434475,0.9556978085434544,0.9570489633533664,0.9550978652994938,0.9563391746123141,0.9566481602031865,0.9565001096857126,0.954293906880782,0.9565166070126472,0.9552994227159621,0.95734576657543,0.955808779052144,0.9572827781113913,0.9568816352354536,0.9563500573473755,0.9538264648678793,0.9563167882958158,0.9579849846503469,0.9548296916731716,0.9580148722619546,0.9556660073002023,0.9546498299966105,0.9540659988984949,0.9525542403752116,0.9589320123019133,0.9582591419967303,0.9564267583834792,0.9548837159828842,0.9587812786051216,0.9536660698358711,0.9552401231512314,0.9578713269190038,0.9559648820292771,0.9534740679949157,0.9581687883132504,0.9570246080930778,0.9564268937051549,0.9558210693614521,0.9573447316036059,0.9587781568579158,0.9528358638860309,0.9543166018688423,0.9576910445826737,0.9537046997740226,0.9567282230598719,0.958347502205439,0.9545611213216425,0.956451469241859,0.9572842062581012,0.9569430944504709,0.9571713346016786,0.9543059000139973,0.9561652977045985,0.9544108464761116,0.9541983317420916,0.9564714203509802,0.9577471647201528,0.9561698081109635,0.0015838681660429066,100
1479.4316841197015,297.0760850564937,3.673736927509308,3.529992786320759,0.002176486797469943,13,0.8261528131375593,2,4168,0.7664813868239325,"{'learning_rate': 0.002176486797469943, 'max_depth': 13, 'max_features': 0.8261528131375593, 'min_samples_split': 2, 'n_estimators': 4168, 'subsample': 0.7664813868239325}",0.9523612930310406,0.9501651551107149,0.9514624557492046,0.948396802941907,0.9487703290666013,0.9479963070568257,0.951659134149864,0.9525350758806244,0.9520444993320301,0.9493135275615042,0.952285099709818,0.9522752021716128,0.9516182367012531,0.9483276288307249,0.949302816014469,0.9510843881480828,0.9474507578178286,0.9502727609703246,0.9504109865344768,0.9505652091503224,0.9498506142894183,0.9484209362596709,0.950197880190493,0.9518306238406572,0.9500866534931158,0.948453012337291,0.9526172933408678,0.9490365145161396,0.9502692807896507,0.952065097397263,0.9499943552365174,0.9533182138271161,0.951700341941955,0.9512314284137616,0.9468957825271224,0.9494156236559151,0.9518927521319945,0.9536792885028865,0.950743031636702,0.9475136098668822,0.9492177424046325,0.9532310878461735,0.9479626637802133,0.9505774091154932,0.9499297344846028,0.9514874938495025,0.9483948107642123,0.9510147061268104,0.9507659866317474,0.9505854656203457,0.9473101328924396,0.9508925346186358,0.9491365280283107,0.9520732516460156,0.950897535253098,0.9508972191564661,0.9517124262943235,0.9506400133323142,0.9487264146558269,0.9502731584869332,0.9527502638882565,0.949256531481638,0.9519144971347295,0.9501983011847632,0.9485091321901042,0.9487898738707172,0.9465243009551214,0.9534883719874881,0.9528610664182511,0.9508798599181636,0.949127802609906,0.9535846163994429,0.948113269895302,0.9496382869768606,0.9524494334748305,0.9505362070447506,0.9475391259320435,0.9532071811032337,0.9510544606397247,0.9496595564346665,0.9496652401595184,0.9523973580039682,0.9545662689560966,0.9466216267414156,0.9476940675067875,0.9513434449914334,0.947706142634064,0.950338137208123,0.9528187792854944,0.9498901658676505,0.9498076450154453,0.9516667529801481,0.9518089164389157,0.9508239931103217,0.9482957090750525,0.9512738428421882,0.9481556463747812,0.9477846742684357,0.9509310333156131,0.9519275940718723,0.9503883549350007,0.0017984749636814617,159
353.41245269060136,146.125735897926,1.1357071924209594,1.1653773415833217,0.06777858563396964,8,0.3922157199544671,2,4168,0.5830073928577384,"{'learning_rate': 0.06777858563396964, 'max_depth': 8, 'max_features': 0.3922157199544671, 'min_samples_split': 2, 'n_estimators': 4168, 'subsample': 0.5830073928577384}",0.9616292630602167,0.9609465606759059,0.9583201029777243,0.958329810715156,0.9580373081757064,0.9571790376644708,0.9599813946392514,0.9612428212678443,0.9607722454750041,0.9589478105503804,0.9599612205945917,0.9604651031726723,0.9614924817777574,0.9597416565707946,0.958055491972336,0.9597240393782391,0.9580670864480842,0.9613735705293251,0.9601984760395428,0.9594685663515146,0.9598985734471547,0.9598747508384535,0.9606842859271681,0.9597891916693644,0.9592634086281292,0.9589305032709072,0.9614680060722107,0.959361501276001,0.9599134428478419,0.9606375274154195,0.95957730579458,0.9629459797781699,0.9598801345775356,0.9604614061809266,0.9573504089055896,0.959360069954164,0.9609329299314433,0.9618153071010358,0.9608983040789907,0.9581011788728807,0.9600512798221611,0.9621652582290559,0.9576593599301643,0.9603257704902255,0.9601699709504052,0.9609853372958568,0.9585223971454813,0.9599998216559383,0.9590223305687976,0.9605846087337523,0.958060815573474,0.959910890286158,0.9587540535243384,0.9610117981085294,0.9593723260656388,0.9610265574468749,0.9590299097423263,0.9607726723633625,0.9570743210892829,0.9604787521817151,0.9617849039066351,0.958875816601955,0.9617190836855761,0.9590375785444466,0.9583213333085197,0.9573276653636357,0.9561931278740439,0.9616766593288266,0.962247357741277,0.9607831103352481,0.9572980801220136,0.9612285328073902,0.9584810930583553,0.9596441537595907,0.9620905382059185,0.9601487937714411,0.9562056796547942,0.9614958454371751,0.9606356446554326,0.9603685108382166,0.9596420033753781,0.9612378333384958,0.9613938124732272,0.9563430654074723,0.958681255118975,0.961081558300957,0.9577794454096951,0.9598557721920532,0.9613037534500115,0.9590572385772447,0.9610291117175477,0.959785536955196,0.9600976274092661,0.9609378974604775,0.9581659606491296,0.9598854808209601,0.9581443208588296,0.9588506351648973,0.9612504793790968,0.9606858554108394,0.9598082864827827,0.0014480750434991872,17
803.8921830868721,259.6156641818329,2.5193649196624754,2.483647028657672,0.0026724417314984536,11,0.47022433911113204,2,4168,0.7987739237749492,"{'learning_rate': 0.0026724417314984536, 'max_depth': 11, 'max_features': 0.47022433911113204, 'min_samples_split': 2, 'n_estimators': 4168, 'subsample': 0.7987739237749492}",0.9581878716803262,0.9561923222782098,0.9561812496506107,0.9539445547092886,0.9534931418871266,0.9534037370816374,0.9566518962065618,0.9581983983453641,0.9580095152256214,0.9548038198816922,0.9569805255408436,0.9571326448511054,0.9568125267624498,0.9546092850308321,0.9548587146937537,0.9561709347113914,0.9533085123489711,0.9564134030204358,0.9558702036771107,0.9563298470465318,0.9553164125949406,0.9541876811105392,0.9559701160935858,0.9565178945846508,0.9555045048503619,0.9539106746206579,0.9581571381191507,0.9549548820304071,0.9556088944518429,0.9574497047139057,0.9561853658127281,0.9585365797989567,0.9562574256821041,0.9564492811533707,0.9530039981903405,0.9552980719147935,0.9566647351240161,0.9585149058579054,0.9563772205120117,0.9531577211407417,0.9551740074090836,0.9588964749263081,0.9538907914118957,0.9566459072385157,0.9551119747298369,0.9566769284274369,0.9546453879415763,0.9557456706643678,0.9560307310178656,0.9561658523397393,0.9537480554576385,0.9560513529320126,0.9550148376014825,0.9572774754062046,0.9555703821672605,0.9573874143308395,0.9565917993912857,0.9559971011335627,0.9535759092753315,0.9557660853069232,0.9575033432344924,0.9547034814041665,0.958123336995481,0.9552144033616986,0.9541046213679666,0.9537227182942778,0.9519753834236282,0.9588882623592268,0.9584342092157153,0.9561056241226095,0.9546882779589942,0.9582560272556596,0.9538622227402724,0.9553770045602857,0.9580372819962719,0.9556083595025289,0.9532734646055643,0.9582271128096591,0.9568595796392475,0.9563219783722253,0.9552816222425946,0.9575831766912547,0.9586000432375027,0.9525748464796937,0.9541730978111186,0.957362134892892,0.9533452092509918,0.9561214011442325,0.9578427438787006,0.9546164182524084,0.9562249871102914,0.956695956623764,0.9566380538256726,0.9565281439575759,0.9541786652025633,0.9557711427531973,0.9539766474022229,0.9541060423375947,0.956694089787862,0.9573435830508075,0.9558648515124895,0.0016030948643995376,105
1027.5565149259567,276.9766456959244,2.269374957084656,2.3318332584212422,0.002373675310108523,11,0.7125523766171264,2,4168,0.7699160323593887,"{'learning_rate': 0.002373675310108523, 'max_depth': 11, 'max_features': 0.7125523766171264, 'min_samples_split': 2, 'n_estimators': 4168, 'subsample': 0.7699160323593887}",0.9561995068971659,0.9542422795348825,0.9545367679429496,0.9520066382173878,0.9522008740669445,0.9515199492063376,0.9551061187900167,0.9563609740011693,0.9560053980492473,0.9529640303464033,0.9554001870913118,0.9556224200612439,0.9551293268501275,0.9526031466518314,0.9529026237315119,0.9544628115136371,0.9514417928762527,0.9545995737654709,0.9541330630639279,0.9544865903960787,0.9536582328276713,0.9523222977555529,0.9541078411913935,0.9550637296930493,0.9538357002534621,0.9520331294752599,0.9563119708068862,0.952998817036345,0.9538185262269578,0.9557123288428137,0.9541803469460328,0.9568170159429488,0.954769180280011,0.9547681652603178,0.9508683123290196,0.9535543813373026,0.9550526010871204,0.9569726819633932,0.954342781491811,0.9511956448735768,0.9533201809225446,0.9572873702835312,0.9518621858599798,0.9547224793796598,0.9533200510169862,0.9551163223348027,0.952718961903446,0.9541493687295888,0.9544536207033102,0.9542143691932968,0.9516306986645551,0.9542896412950405,0.9532974346472711,0.955518799586206,0.9539835080686393,0.9553240130206286,0.9550810386396049,0.9540782137271178,0.9520886796194633,0.9542900557968056,0.9558902221583813,0.9529907133784864,0.9561366699739371,0.9533956402898185,0.9522175178397864,0.9520055524968869,0.9500867208861196,0.9572868851094425,0.9566744438642869,0.954509310668407,0.9528184266582261,0.9566860085384964,0.9518362652449835,0.9536823610707884,0.9559234995872863,0.9537796292391176,0.951321484757589,0.9565205770419889,0.9548426143351753,0.9539724365664031,0.9535872682329412,0.9557403069817054,0.9572137357553153,0.9506924391987167,0.9519826820807297,0.9554376972695287,0.9516222110959217,0.9539800035097697,0.956384239206279,0.9530047398931745,0.954146707258156,0.9552744521371294,0.9550213261791812,0.9545633715768157,0.9526230834371567,0.9542760628415679,0.952126395024105,0.9517492418657991,0.9548523165778167,0.9555869031811173,0.9540749691507584,0.001664647271487249,133
597.9520176029205,176.02772947991812,2.36758668422699,2.370802144305338,0.002366196923256197,11,0.48210408355297696,2,4168,0.5991258104919015,"{'learning_rate': 0.002366196923256197, 'max_depth': 11, 'max_features': 0.48210408355297696, 'min_samples_split': 2, 'n_estimators': 4168, 'subsample': 0.5991258104919015}",0.9579339752583549,0.9561391460799528,0.9560825404689711,0.9535924550441417,0.9535160919433322,0.9531441881667683,0.9564988870789382,0.9578692859786369,0.9576559051178724,0.9544094110168014,0.9567263450834977,0.9571105766190081,0.9568270973108476,0.9549070138713796,0.9545643941172192,0.9558856939895207,0.953127409740441,0.9566216466077612,0.9556616681245096,0.9563193710673379,0.9552101679047658,0.9541558142312606,0.9560635022887348,0.9564225813954146,0.9554317461451699,0.9537357262442171,0.957914138335608,0.9547006729674739,0.9554492898587932,0.9573138633662965,0.9559845114303925,0.9585343169426778,0.9562855600740913,0.9563336263480434,0.9527109756492967,0.9550546195131975,0.9565248206886802,0.9583051660064578,0.9563228382295308,0.9529864945203187,0.9554368113778339,0.9587015968488162,0.9536991786809831,0.9563455382482869,0.9548317011759253,0.9564755928328286,0.9546559158982058,0.9557073685089167,0.9559165137294118,0.9559807997387318,0.9536571357522816,0.9559473776593368,0.9549504420759717,0.9571274779923484,0.9554943170161795,0.9571897042278616,0.9564922786937392,0.9557624472376968,0.9534973427079705,0.955800127557775,0.9575642397687718,0.9546783560136918,0.9577721767491091,0.9550642942489939,0.9540501207888676,0.9539123472983313,0.9519620896944353,0.9587969943937044,0.9583162923379457,0.9561962528435568,0.9544471549780955,0.9581161465892464,0.953681766880614,0.9551747379096753,0.9577910191551374,0.955677061412684,0.9529728057216623,0.9579867530845007,0.9563466415624018,0.9561931341601884,0.9553003730358144,0.9573066307815966,0.9581733886099222,0.9523874864715545,0.9540326274076337,0.9573092700422435,0.9533197134539396,0.9557950641760355,0.957681418391409,0.9547044275888081,0.9561874789139934,0.9565260594502993,0.9565160137973244,0.9562884225118616,0.9544917238908329,0.9557818415902337,0.9538160002174504,0.9539821980047606,0.9565809853006437,0.9569795317137235,0.9557356424372853,0.0015783460077140126,109
956.9496580767632,212.83950640361874,1.6519141864776612,1.6177524713466926,0.0021286381843707647,8,0.6943370307769066,2,4168,0.9473678158938548,"{'learning_rate': 0.0021286381843707647, 'max_depth': 8, 'max_features': 0.6943370307769066, 'min_samples_split': 2, 'n_estimators': 4168, 'subsample': 0.9473678158938548}",0.9509986788070609,0.9498364440845889,0.9492190265865713,0.9474393060881244,0.9463954240497884,0.9461410266844223,0.9503380458271828,0.9513896794039327,0.9511820590762249,0.9474181062931106,0.9498843341745734,0.9507047364395096,0.9506188551513104,0.9479816468303723,0.9468669412972855,0.9493949877265118,0.9466024018875362,0.9500308822496181,0.948627735576318,0.9493783090340548,0.9478829025822475,0.9478990171205084,0.9493375735696915,0.950145463862174,0.9491077629612262,0.9460252867813124,0.9519650913302643,0.9479554635924073,0.948726661371292,0.9509523654136683,0.9488433103546239,0.9521232941852332,0.9496585250693019,0.9497979555423337,0.9454735422096713,0.9488823594037255,0.9502728622575527,0.951293025993024,0.9490161425307572,0.9464202564606707,0.9485271576391829,0.9521809286754542,0.9471202421924229,0.9500913676509471,0.9485168498466906,0.950905623296615,0.948100453544194,0.9481168897234152,0.9493784519870667,0.9486990419727754,0.9475980345376979,0.9495317372824031,0.9477515848627225,0.9510835812106628,0.948739168362615,0.9504127358482158,0.9504861622363395,0.9490840981634878,0.9461477663773358,0.9497510603992607,0.9503974781216465,0.9478957021972239,0.952186574640312,0.9489045460105309,0.9471851779372007,0.947278207585967,0.9446072032509301,0.9524070352362668,0.9516713551197229,0.9496503772366782,0.9475636353596673,0.9515754810599344,0.9474740321737037,0.948224841910501,0.951392758713762,0.948426183635365,0.9464964984580578,0.9519453995108343,0.9501721706291084,0.949245391920396,0.9483935387013436,0.9514285911817553,0.9515881483079526,0.9457023012628458,0.9471282881106508,0.9508482187372815,0.9468195870717608,0.9484779599756006,0.952030827631721,0.948056035367693,0.949511075839247,0.9496972462038249,0.9502297772712852,0.9489090517737261,0.9482865678103246,0.9488613925162066,0.9468204751024785,0.9473018617113145,0.9506074268596835,0.951325659942612,0.9491117450775642,0.0017788378750851338,165
370.3418933200836,129.00312719811606,0.5239262819290161,0.5165811032018155,0.33768544846210125,10,0.5151492988219598,2,4168,0.8884175121471927,"{'learning_rate': 0.33768544846210125, 'max_depth': 10, 'max_features': 0.5151492988219598, 'min_samples_split': 2, 'n_estimators': 4168, 'subsample': 0.8884175121471927}",0.9453549000945826,0.9439576648310922,0.9456003340622882,0.9443696060694491,0.9426586577675189,0.942950824434118,0.9440349145704681,0.9478774159472522,0.9454433525448313,0.944803947262653,0.9486196520323393,0.9460855250671679,0.946651249295529,0.9423064822592677,0.9406959718433708,0.9447255347126554,0.9400869606519716,0.9437672134543895,0.9453905602693338,0.9445414873523106,0.9439499621908705,0.9434068498113989,0.9430033771347928,0.9440159146669365,0.9449883713235214,0.943141444437795,0.9440301472932341,0.946738806281853,0.9440660221245774,0.944679587926838,0.9445986029607764,0.9457539702051764,0.9446197985070266,0.9461925900756377,0.9431375148397375,0.9430656750831469,0.9448103748869727,0.9450866168985578,0.9430203657509908,0.9434250975329276,0.9427457775143339,0.9457107609808609,0.9413013284563461,0.9431127599382891,0.9444681345478118,0.9468297579407605,0.9418704841871351,0.9412143401178221,0.9439540961592935,0.9455040668048231,0.9438043937243789,0.9437452861407056,0.9437060224403097,0.9455875313994935,0.9427954317529545,0.9429845358159363,0.9437671446314201,0.9432306882959881,0.9402770731149693,0.9464524735130478,0.9444147691772121,0.9427927266232662,0.9463345403460109,0.9426442868848337,0.9427837836632639,0.9430658105649136,0.9391227143918506,0.9454125866502905,0.9457650789527293,0.942401624059578,0.942452078327748,0.9450324503791151,0.9421275420372615,0.9435012659139774,0.9440855677010432,0.9449395143862103,0.9438743151972367,0.9442915617361345,0.9454056404512127,0.9455048168410678,0.9437271523481026,0.9458290058830365,0.9460223625955373,0.9413236643790721,0.9404561864898733,0.9486822722375658,0.9421695796178918,0.9422534102694685,0.9458000792008616,0.9415656843482096,0.9407792065041152,0.9452452212871183,0.9458680589491346,0.9440230579302966,0.9423190024693879,0.9438818129329917,0.9427631416990203,0.9426181553056008,0.9446048447581563,0.9447427788421023,0.9439934278426452,0.0017826742370680901,192
443.9999545145035,149.27100232518686,0.7549862957000733,0.7751045187364112,0.13067257002449995,6,0.5488674955512713,2,4168,0.6741671111544656,"{'learning_rate': 0.13067257002449995, 'max_depth': 6, 'max_features': 0.5488674955512713, 'min_samples_split': 2, 'n_estimators': 4168, 'subsample': 0.6741671111544656}",0.9594794539290847,0.9573224821874584,0.9558755831830444,0.955116530609368,0.9547394994400124,0.9552891768241036,0.9568564235850191,0.9577092696228093,0.9582417470698812,0.9564374751576421,0.9573025028482253,0.9586301406120027,0.9586291083391871,0.9565298320663057,0.9565808457796908,0.9563024404341163,0.9543107944491173,0.9580650630863518,0.9581551871734477,0.9580493032153836,0.9565649478196852,0.9572352208154037,0.9580478082900687,0.9573612057751985,0.9575975133083713,0.9559158889903747,0.9589988150540819,0.9566544390806058,0.9562770805738464,0.9580631800705539,0.9557094040236133,0.9597191493235366,0.9577251226108993,0.9574113517407017,0.9542223435762842,0.9557162938227393,0.9580972861934194,0.9595033726218996,0.9585577565723212,0.9546082343723219,0.9566246888484651,0.9594725874866761,0.9550760409388522,0.9571363415085276,0.9568172720161032,0.9591810818477576,0.9558822258446887,0.9575264337183484,0.956316924143608,0.9581294564818978,0.955510797799797,0.9566269364487497,0.9566720682106902,0.9585068119303722,0.9574684313172113,0.9588908844148095,0.9561990840267445,0.9566758658292611,0.95379765239097,0.9580082990829193,0.9581468586103915,0.9559162778696428,0.9590488992404683,0.9574169785618016,0.9553257296103527,0.9556897302044237,0.9540142594401714,0.9592215198929979,0.9583680869171369,0.9577115205279794,0.9556545518457318,0.9581709996758534,0.9564113276834912,0.9566466588521034,0.9599523686090065,0.9567881387128538,0.955316773745422,0.9595005533273637,0.9584598924099477,0.9579365598420035,0.9565386455008373,0.9587873031087056,0.9596990553481772,0.9540633923239423,0.9560086408348253,0.9584193995266774,0.9550762938242874,0.9578778219416119,0.956849918500121,0.9562820580793422,0.9578779162003531,0.9574245147490513,0.95634886307013,0.9567826538203525,0.9564850158637185,0.9564233360709281,0.9552327316976901,0.9565095361908593,0.9574236104258183,0.9590389319629619,0.9570897648315417,0.001445738861913156,78
778.5977371525764,229.7996122026488,1.6951369762420654,1.6428410875636092,0.1272092075710441,11,0.4752642182644895,2,4168,0.8186143880429952,"{'learning_rate': 0.1272092075710441, 'max_depth': 11, 'max_features': 0.4752642182644895, 'min_samples_split': 2, 'n_estimators': 4168, 'subsample': 0.8186143880429952}",0.9557786340539988,0.9536080083286294,0.9533819143241674,0.9514291723538283,0.9492857564892003,0.9513364494955305,0.9549261156404713,0.9562418490642361,0.9549976412439302,0.9521809825294787,0.9554650796500228,0.9554677264726281,0.9543047499681472,0.9514954282366105,0.9518680513756752,0.9543837520833883,0.951287780749881,0.9537462237264245,0.9544018562902723,0.9536975566698196,0.953470817865667,0.9515576698003423,0.9528606795318841,0.9528390233671815,0.9540796230615192,0.9519574818933177,0.9546667024025692,0.9531907069453726,0.9521933078623007,0.9541176902224385,0.9530574478952911,0.9565211785604256,0.9528244872440457,0.954991022314635,0.950028427868995,0.95245350331267,0.9545387790134592,0.9568810674905714,0.9545250106835906,0.95031542030037,0.9528507013963163,0.9563029025346489,0.9512532407058996,0.9529840554073534,0.9524766395548953,0.9543566052095332,0.9521547211790719,0.9533838898204802,0.9550247748870674,0.9545096445869473,0.9504604264228156,0.952521604858024,0.9512196305669048,0.9554565097883405,0.9525921874447281,0.9557951155836254,0.9541060189686756,0.9545802241777019,0.9503706257709679,0.9536544445242943,0.9565940028278793,0.9513348015390424,0.9561002103295247,0.9538014856539593,0.9519776986207862,0.9528046307958017,0.9511503986280767,0.9557485850472144,0.9558928706388232,0.953811216721241,0.9534815626322567,0.9560051771577196,0.9526722138532464,0.9535152166411185,0.9560676736145446,0.9521495286637,0.9511356736978244,0.9553438691268634,0.9542562397872922,0.9528873905970023,0.9523386264229652,0.9539699725975401,0.9563173723579781,0.9497922451652013,0.9519418362353191,0.955174683914746,0.9514754668004044,0.9540601965733226,0.9555476300481124,0.9520387325088331,0.9538491296867148,0.9547484192064829,0.9540312225613998,0.9546403451278641,0.9515625346481481,0.9536490348748674,0.9512573467211,0.9511507360064502,0.9546989122566122,0.9546815623232826,0.9534606519238256,0.0017583944328484664,139
664.2442468953133,194.4797719911457,1.0745607686042786,1.1060331337612845,0.0071527806525984805,8,0.5813957022812284,2,4168,0.774086064977166,"{'learning_rate': 0.0071527806525984805, 'max_depth': 8, 'max_features': 0.5813957022812284, 'min_samples_split': 2, 'n_estimators': 4168, 'subsample': 0.774086064977166}",0.9600164715953602,0.9587698253746897,0.9580835023599863,0.9560709006258763,0.9559572800196814,0.9556352416397561,0.9589277045891796,0.9599926864275444,0.9595671533904164,0.9568618816740525,0.9588275891515725,0.959117263566884,0.9593669095949706,0.9576607088070925,0.9566125153056924,0.957800560996186,0.955359803878862,0.9593805080065494,0.9579733002564539,0.9583556473696498,0.9575701797195291,0.9573877613559395,0.958557571814716,0.9584428870743492,0.9580220336791735,0.9561449326613086,0.9601644608923409,0.95702709565194,0.9580963207314516,0.9593102797472445,0.9580578258899676,0.9608808288465431,0.9586533064418372,0.9586852571602081,0.955024922803329,0.9575366697663585,0.9590302098373352,0.9600747424963784,0.9584884702899188,0.9554350381679569,0.9575652475476772,0.9609716338310305,0.9560310901336816,0.9586218340841182,0.9574208179375236,0.9593540701141959,0.95701441760794,0.9581352740893888,0.9579471159996422,0.9583126088362964,0.956022145177971,0.9578194047252995,0.9572606551201439,0.959428524928453,0.9577809836362856,0.9598478738969219,0.9584002059872968,0.95794550148799,0.9555813358834585,0.9586058627950391,0.9595374125101712,0.9569545869927977,0.9605038631536249,0.9577003427576192,0.9564071528217479,0.9560803794562245,0.9543087280164624,0.96079655067291,0.960674165275364,0.9583893276138242,0.9565294411609292,0.9600810156538695,0.9563421962705156,0.9573663591410009,0.9601243822107937,0.9576246173923728,0.9556022146901331,0.9601631580209447,0.958981490820259,0.9584377555085455,0.9575247511926998,0.959848170893359,0.9601970042031822,0.9549493528730749,0.9562697464401514,0.959809351811774,0.956189635676169,0.9580334867885615,0.9600384202287497,0.956962994296412,0.9586805579418488,0.9585570604879315,0.9585140791986648,0.9580935667691843,0.957227339357932,0.9575983177963084,0.9562842492997571,0.9569820085087076,0.9591039064073702,0.9596147181711869,0.9580607871196175,0.0015143009026767022,51
728.8267800283433,213.75946234943612,1.0260707306861878,1.044873587609646,0.008844347597902088,7,0.5947905713280809,2,4168,0.9451569559740671,"{'learning_rate': 0.008844347597902088, 'max_depth': 7, 'max_features': 0.5947905713280809, 'min_samples_split': 2, 'n_estimators': 4168, 'subsample': 0.9451569559740671}",0.9583885676703906,0.9569894228618487,0.9562364875028238,0.9547206509762524,0.9541489951843214,0.9539375330933024,0.9567648664548285,0.958160925184429,0.9576566917850511,0.9548337381559207,0.9565479459836094,0.9575508927613422,0.9577816504045097,0.9560853451356748,0.9545217588715718,0.9562304358254844,0.9532935726735366,0.9579430025488661,0.9562187583615458,0.9567275404996702,0.9552273440169678,0.95584026585024,0.9570404975718881,0.9564045204468601,0.9560765405829996,0.9545260972518079,0.9587100490786535,0.9550752427015805,0.9559736238663611,0.9580481603965862,0.9559525394850134,0.9592645939249331,0.9567413445662257,0.9571979144242905,0.9531103404800253,0.9556955339590908,0.957490262579194,0.9581822366897144,0.9567089354869126,0.9534946995725609,0.9559913340959919,0.9590572637147374,0.954542225360643,0.9565155848314895,0.9561494490334275,0.9579778089255697,0.955737428907143,0.9558929092479603,0.9562465080538208,0.9560988109168103,0.9545872851553415,0.9562863480844512,0.955350331058604,0.9580153450303013,0.9557822143787729,0.9582596290953972,0.9568167473245403,0.9560678477951071,0.9536128834577674,0.9578250378100651,0.9574991283598695,0.9549884203534571,0.9588919555566088,0.9561759128694449,0.9542635960244282,0.9543617840148314,0.9521945715163291,0.9588529443783916,0.9589199240044615,0.956494357160164,0.9548114856555862,0.9580645703415611,0.9547254719175503,0.9556125905127628,0.9587551361691018,0.9558873971542597,0.9542003131118161,0.9584141623990495,0.9574145538492963,0.9566668105935822,0.955557261124722,0.9582944268909653,0.9582690834414394,0.9529674363867371,0.95455500339041,0.9580685397429664,0.9540454089285582,0.9563602949220713,0.9583857344406388,0.9552168801847625,0.9571129239215113,0.9569065917920831,0.9568543487232,0.9562535403928054,0.9555902812963971,0.9559604507569354,0.9543216605527144,0.955341176256619,0.9575630332878771,0.9580136354413175,0.9563114531496211,0.0015766088773951537,93
1301.689259979725,211.85565368467257,2.0394059562683107,2.0933248109214095,0.013117518949995733,13,0.7641746250030121,2,4168,0.7304714556406326,"{'learning_rate': 0.013117518949995733, 'max_depth': 13, 'max_features': 0.7641746250030121, 'min_samples_split': 2, 'n_estimators': 4168, 'subsample': 0.7304714556406326}",0.9548346378891481,0.9528356165597635,0.9539390514082869,0.9507944731872053,0.9513130167326599,0.950561776598467,0.9543476677191618,0.9549135925915104,0.9547782475661247,0.9516323214718629,0.9546319482535788,0.9544723016420361,0.9542467365120428,0.9513135208876696,0.9523096970925296,0.9534588992173973,0.949924721024667,0.9530687319420187,0.9530184627153798,0.9532830298458305,0.9526931525471787,0.9511035487091215,0.9528380427994041,0.9545927591048856,0.9525053317745011,0.9513718606667056,0.9548617303067023,0.9518714582769501,0.9526828775376588,0.9539110478210837,0.9526911373313073,0.955736187953092,0.9542389364367397,0.9539180082344945,0.9498364114354207,0.9520049897901899,0.954459493911656,0.9561019216093553,0.9533336539329333,0.9502261617099721,0.9518625126990811,0.9559703307448209,0.9510098328559655,0.9534492817319343,0.952593469844932,0.9542582637140663,0.9511885379171696,0.9536492055155935,0.9533093389101508,0.9534017052182956,0.9504824129588123,0.9534863169115535,0.9520814727269147,0.9544562589818384,0.9530561496543974,0.9537108628330329,0.9542724439765577,0.9533704322890261,0.9511486008434938,0.9529735793258475,0.955086603039695,0.9520388298594256,0.9546727177897516,0.9531179544409398,0.9515459155976008,0.9511919911680145,0.9491807777724389,0.9562557040471987,0.9553105222433111,0.9535870862659742,0.9517701988547009,0.9556969866524112,0.9505982388193744,0.9527860988210863,0.9549444033733308,0.9527454511957889,0.950091071033948,0.9553834804863105,0.9537930937360832,0.9525340944026562,0.952660295969401,0.9550103808556989,0.9567193492510587,0.9492372531245498,0.9508820200907914,0.954208466370419,0.9505594966554529,0.953177240050925,0.955319953863175,0.9523279568245583,0.9524053388294319,0.9543322116053312,0.9541965465860703,0.9531520510869319,0.9507815960126036,0.9531697558711633,0.9513740974381958,0.9507655892005893,0.9537673981555167,0.9544206240678459,0.9530118701390993,0.0016879306344839615,144
893.6938985395432,232.13661865365802,0.6595727205276489,0.6707398215823325,0.2565478901666342,12,0.907570519460756,2,4168,0.9451853140288553,"{'learning_rate': 0.2565478901666342, 'max_depth': 12, 'max_features': 0.907570519460756, 'min_samples_split': 2, 'n_estimators': 4168, 'subsample': 0.9451853140288553}",0.9439003051968676,0.94136601348489,0.9419405086439253,0.9407741778589493,0.9400547713052968,0.9398882122059402,0.9437232172042103,0.9459735287694888,0.9425922438953018,0.9420868447916985,0.9452489372504833,0.9433778405482068,0.9438505356361411,0.9358223284428444,0.9427361402306107,0.94202116973015,0.9399246714323168,0.9419140986531013,0.9441186743212496,0.9412260344337601,0.9422692057645338,0.9407344608889965,0.9413497195153859,0.9416547614961239,0.9388962608777192,0.9401099526848443,0.9441945846455475,0.9416739504661964,0.9430090229792039,0.9440970768036069,0.9424104935227373,0.9448916481244244,0.9446197849253962,0.943186668612449,0.9398921756656826,0.9415256359147786,0.9446272902614876,0.9453764659111785,0.9431637313207865,0.9387640945440956,0.940986919631932,0.9447088119416843,0.9392148844386294,0.9425172679984392,0.94086088527938,0.9457664725353728,0.9397809945941066,0.9412050748391321,0.9421021095104587,0.9429282323097864,0.9394359197635059,0.9415463988824566,0.9412894434019363,0.9426272226744952,0.9426103024624958,0.942578903387439,0.9435487031214379,0.9441526540682932,0.940225028886825,0.9442143735077123,0.944308018075826,0.9411475848128914,0.9453294156761091,0.9428803843754032,0.9396716955364995,0.9409588401185126,0.9405794510908257,0.9447012281761376,0.945784559477158,0.9419763821316602,0.9393107288741511,0.9463067972176185,0.9401831415594295,0.9418580916754041,0.9433386341671849,0.9408520880440903,0.9406313007984705,0.9463575864840849,0.9429547463151342,0.9415160221586635,0.9425001620357096,0.942845857974687,0.947081473849837,0.9363206291762732,0.9390236569931094,0.9421164502955661,0.9388377925557451,0.9436575769570733,0.945208571774025,0.9423842711003969,0.9405943110704368,0.9427876273910045,0.9440446046805935,0.9419504966318188,0.9394698402198439,0.94259542335824,0.9390674714648639,0.9394578477479286,0.9427128194119103,0.9422770358004939,0.9421686845945095,0.0021347460853897438,193
217.41087480068208,107.59690471732077,0.8322001814842224,0.8331002140924746,0.21698930459598872,12,0.40533579004823067,2,4168,0.6447583685220069,"{'learning_rate': 0.21698930459598872, 'max_depth': 12, 'max_features': 0.40533579004823067, 'min_samples_split': 2, 'n_estimators': 4168, 'subsample': 0.6447583685220069}",0.9487458283228463,0.9465585828692548,0.9446654422415468,0.9439978408429607,0.9441365597268567,0.943690626223275,0.9469428114227944,0.9492011252248822,0.9479504522117,0.9448400415693959,0.9452963006454976,0.9469680648123151,0.9474540093623768,0.9440103388734877,0.9447308183987574,0.9448563951749192,0.9414331186449375,0.948994498855032,0.946762896353495,0.9471851886221727,0.9451094680412867,0.9446577742964486,0.9455336422053046,0.9486975981440591,0.9452100015786956,0.9458968208745973,0.9493742402795373,0.9447525032812542,0.9443569585636362,0.9474446233527138,0.9454615055734893,0.9493770433645955,0.9474797245240038,0.9484709820639619,0.9430792304618523,0.9448494508591277,0.9479845345411163,0.9488321716793956,0.9464881279639938,0.9423220104040138,0.9451413996356717,0.9478362509162341,0.942169848660941,0.9453964872186188,0.9454023368851385,0.946261263783358,0.943413880812162,0.9470344741033584,0.9455368529320758,0.9462530954463272,0.9432863714503124,0.946582795546308,0.9448978990958249,0.9465069091487804,0.9467991886854767,0.9449133105579062,0.9457153521928423,0.945502925361406,0.942305239815082,0.9468042135720055,0.9482040897892312,0.9448318842418104,0.9486140946475473,0.9456561845668874,0.9432277946093732,0.9443105666896814,0.9423919507528079,0.9492263021157132,0.9486709145486947,0.9457731011083871,0.9435074615627466,0.9475408824355631,0.946488423157281,0.9468362484501335,0.9492386363515913,0.9459407066044151,0.9462351110649411,0.9489124145293768,0.9470892309542297,0.945909776732995,0.9429293275188224,0.9488630886163046,0.9499421583681374,0.9436127661724674,0.9448527687982928,0.9480241196480068,0.9449379729452219,0.9453643113207231,0.9468799058505831,0.9444064322411599,0.9464793541545528,0.9462103263626366,0.9463639031852769,0.9498686184083271,0.9445319429471972,0.9449309333655738,0.9429587075426381,0.9455532367272013,0.9471477418670823,0.9466317769786886,0.9460065461620374,0.0019525538808754695,181
642.4282523560524,182.3594404005168,0.8606192541122436,0.8820454158809704,0.006522891161423848,6,0.8875034670231838,2,4168,0.6414025655083238,"{'learning_rate': 0.006522891161423848, 'max_depth': 6, 'max_features': 0.8875034670231838, 'min_samples_split': 2, 'n_estimators': 4168, 'subsample': 0.6414025655083238}",0.953998107631584,0.9522752854319089,0.9517151803712014,0.9499878042273114,0.9496031192619696,0.9494666962476321,0.9529405114339043,0.9538036855715465,0.95321293003512,0.9505555027279468,0.952049465473484,0.9529292350506299,0.9536076979872162,0.9514809144648195,0.9499059494654973,0.9525108342878712,0.9492728098040251,0.9536088484393341,0.951599792112016,0.951846485233078,0.950620108818447,0.9512182286944122,0.9526214802151998,0.9527403334265122,0.95151338058983,0.9495797283788658,0.9541036135343415,0.950512321329203,0.9514796628345186,0.9534493619891304,0.9510328629191942,0.9552486518761885,0.9524513351686769,0.9526941135556591,0.9484604763659608,0.9510317539537154,0.9531651692918043,0.954059839306902,0.9522349613746716,0.9493935138287423,0.951131944744747,0.9543615652720593,0.9499749035256804,0.9520827965496521,0.9517789386765833,0.9539170469043144,0.9511082353505584,0.9514915881120543,0.9517203291972699,0.9514529111448791,0.9504084681711085,0.9515552604851676,0.9504573702404896,0.9539263687736903,0.9513501733176283,0.9537065427824306,0.9530677817697363,0.9519097213983521,0.9482864814775667,0.952257851955015,0.9529218977183428,0.9503272800663781,0.9548038396278797,0.9516839647874955,0.9498760436272213,0.950584007341348,0.9480770907328855,0.9544447376697762,0.954322217337427,0.9518154790401705,0.9503975257156531,0.9531654718949064,0.9502114810026941,0.9511253338919569,0.954247845755591,0.9513886761028559,0.9495727588291176,0.9541724728394918,0.9526152481337397,0.9518238180142323,0.9510382381141316,0.9544421920247863,0.9543003527940421,0.9489527350641622,0.9498422891668789,0.9535517953970237,0.9496421687929709,0.9516636616844533,0.9539772150571711,0.9507066295691172,0.9524776944484489,0.9523443342482517,0.9525740090976891,0.9517220942864646,0.9512294564935052,0.9516344176262403,0.9495788741868546,0.950858651085781,0.9533110775074198,0.9536382390039209,0.9518499134833753,0.0016305423799468902,152
502.4997666311264,156.48161914558872,0.8521347308158874,0.8006588355653904,0.07119600820859484,5,0.8676183982308356,2,4168,0.5920062724810127,"{'learning_rate': 0.07119600820859484, 'max_depth': 5, 'max_features': 0.8676183982308356, 'min_samples_split': 2, 'n_estimators': 4168, 'subsample': 0.5920062724810127}",0.9609423022325313,0.9579149621801121,0.9573059942030526,0.9555621606478504,0.9555842955882844,0.9556709672802072,0.9578792809209576,0.9587990236639645,0.9587799762267571,0.9565053787706743,0.9575286469571146,0.9578854309485793,0.9590295279227008,0.9571225661987164,0.95623282552025,0.9564749106489479,0.9546288310590894,0.9588623055183505,0.958222762960452,0.9580539122261998,0.9564644656675966,0.957868244206425,0.9587530105381542,0.957714969618791,0.9584357132865108,0.9566719631750584,0.9594245139947672,0.9561681293584671,0.9583472574193066,0.9588231327704184,0.956310318114822,0.9608979516689765,0.9575652971702115,0.9579743091297241,0.9541741328794668,0.9566412671638832,0.9593227937989642,0.9595526183122755,0.9583200414262842,0.9550883588199697,0.9576558136443083,0.9597153343937271,0.9556217200643072,0.9563311583160871,0.9583282645992462,0.9588231685887564,0.9566157385731088,0.9578117521459669,0.9577596986740384,0.9578119666459098,0.955921104357501,0.9570184646174638,0.9558506268915121,0.959521827772451,0.9571633766940946,0.9594280869240915,0.9572318049960997,0.9578325499156211,0.9535312550624487,0.9580901643096177,0.9584829684034945,0.9562392973373894,0.9591980076244796,0.956715862507326,0.9560002079938323,0.956264161913901,0.9543271137596452,0.9599237032543435,0.9600684896917725,0.9575985084508725,0.9566088812889013,0.9583131199952595,0.956309392815055,0.9569300578052514,0.9603604690614203,0.9570513217442387,0.954967754936413,0.9589120707536316,0.9589376644327364,0.9575276121112426,0.9560762270351087,0.9596873439795386,0.9595511310629453,0.9542215450587335,0.9555090511636765,0.9589574043788216,0.9551514760582849,0.9586092718913615,0.9588582073265938,0.9568656752794958,0.9585680174548794,0.9581079146464049,0.9584624045031213,0.9580564460682123,0.9573404729280711,0.9571362052078819,0.9553574597231416,0.9573488948975669,0.9580891538508665,0.9590135442515023,0.9575327294002863,0.0015463919068880987,69
528.3260670089721,177.69839141169214,1.1378313994407654,1.099843839324361,0.05254804063459852,7,0.555232056620986,2,4168,0.6995843237115383,"{'learning_rate': 0.05254804063459852, 'max_depth': 7, 'max_features': 0.555232056620986, 'min_samples_split': 2, 'n_estimators': 4168, 'subsample': 0.6995843237115383}",0.9634128569218384,0.9620168274118697,0.9604005162009308,0.959023608602969,0.9594187626121581,0.9583184632421914,0.9608439541715242,0.9622446133820067,0.9616971130142004,0.9592314672706121,0.9613818283324896,0.9615275031223228,0.9620227656701259,0.960391174057175,0.9592643550825874,0.9602441644551837,0.9583298943006906,0.9622578933792879,0.9601994218223456,0.9609516006407014,0.9592888580584633,0.9606072647953702,0.9612915567712478,0.9612857802156682,0.9602837850484529,0.9599438481536738,0.9622264898680887,0.9598628609071641,0.9603080056661709,0.961590281813038,0.9601727856944857,0.9634445778545191,0.9601585829457797,0.9610304860520273,0.9580355565651132,0.9598605005033694,0.961437580892578,0.9625712083875974,0.9613771147263421,0.9578727513877575,0.9601062248368337,0.9629725771393183,0.9585508270498999,0.961110386790799,0.960556025184791,0.9615484778437359,0.9597570504879688,0.9613114364586136,0.9604356509300627,0.9606949839247653,0.9588143874624138,0.9602028534483458,0.9593103518428915,0.9618030496624442,0.9598344150540971,0.9617639375019562,0.9595680998053554,0.9605895509230172,0.9579459442300545,0.9618048726192795,0.9618374185933518,0.9593821024455306,0.9628692836336497,0.9608052687987071,0.9585989725467593,0.9594531500766484,0.9582070866533612,0.9622977359386036,0.9631032641676877,0.9612962727234212,0.9586469504530566,0.9622603519044746,0.9594628730676699,0.9598850637963026,0.9630972712628446,0.9603491226457379,0.9588516564634186,0.9615780373328551,0.9614102873996816,0.9602578632199272,0.9599619515077985,0.9631844926205995,0.9628761639551849,0.9576156534660782,0.9593839826318112,0.9622853600315002,0.9589460597516003,0.9605772879317467,0.9615879418982863,0.9596823453287432,0.9608541331077263,0.9617838242003601,0.961067376609213,0.9605651591281464,0.9602990975407444,0.960451799918417,0.9589422446224699,0.9601924308664956,0.9616128639970566,0.9623779009561668,0.9606240786639059,0.001385863099855415,7
1203.6734667277335,264.5330378029883,1.1994350624084473,1.2195796255231557,0.09665032406866822,11,0.7972056875068445,2,4168,0.7531245817062069,"{'learning_rate': 0.09665032406866822, 'max_depth': 11, 'max_features': 0.7972056875068445, 'min_samples_split': 2, 'n_estimators': 4168, 'subsample': 0.7531245817062069}",0.9538858652316089,0.9537978952883546,0.9534170483449816,0.950938722749506,0.9514232465508236,0.9516502846760921,0.9545981121696765,0.9543019979827744,0.9538892266738674,0.9521917036130959,0.9541720264178726,0.9557663482285399,0.9539715756050784,0.9511121961778448,0.9509942426614344,0.95332560319018,0.9490399516172693,0.9547219832043863,0.9533321031653487,0.9529358203278033,0.9527794122987211,0.9516589367952595,0.9530126057024203,0.9540225396875335,0.9522933680428539,0.9514632823607132,0.9556401051158367,0.9522923769120042,0.9525178144975506,0.9547385214649289,0.9532650952784835,0.9561998823412874,0.9543120684058218,0.9549786846257007,0.9501551481906044,0.951622715989239,0.9544358729830039,0.9558041416666302,0.9535249792558298,0.9500235630377364,0.9522678756018741,0.9567827307374874,0.9518125613350799,0.9531743403027474,0.9528457502224827,0.954437275424824,0.950675075176864,0.9538344606313182,0.9529376834632542,0.9547912131498127,0.9490448524974106,0.9544791345546187,0.9531283468851955,0.9557447790559556,0.9534481236055425,0.9534180513709174,0.9527688347273342,0.953502742904595,0.9515913340294683,0.9537026740890114,0.9568116081033538,0.9514881754064808,0.9554291571587312,0.9534576676452717,0.9515208312474239,0.9514462210289462,0.9514898891769773,0.9554200308208245,0.9569382356260813,0.9531871663851317,0.9521695776810161,0.9559240843784219,0.9506512102422213,0.952892268970177,0.9557863235225916,0.9523837884012245,0.9502539090259468,0.9549687365127606,0.9545854223734891,0.9521080773009634,0.9517534035460502,0.9547847032660669,0.9570590105680747,0.9503037561906816,0.950201529341381,0.9548706656540237,0.9506639538111403,0.9534775895551351,0.9553962192332324,0.9522122717680742,0.952948529747568,0.9543677163584429,0.9541025903997121,0.9533326101491697,0.9513016348814785,0.9532066675679883,0.9506087425583095,0.9514024643132974,0.9540620917861481,0.9535528253633428,0.9531711626536186,0.0017988480713446839,143
735.630993013382,207.9657525443198,1.3339676642417908,1.3592931025934665,0.00927551194363054,10,0.5394367958987355,2,4168,0.8499552094674621,"{'learning_rate': 0.00927551194363054, 'max_depth': 10, 'max_features': 0.5394367958987355, 'min_samples_split': 2, 'n_estimators': 4168, 'subsample': 0.8499552094674621}",0.9616832664193659,0.9599377357468835,0.9594065804840631,0.9571287676032523,0.9572965220046005,0.9571010052780798,0.9597794966748681,0.9610092657331152,0.9614364715862986,0.9583469559126077,0.9601872009836104,0.9604807238520314,0.9605868863558167,0.9582603669861824,0.9580601402390847,0.959400825347256,0.9567438378747074,0.9600056303897503,0.9596337766877241,0.9597526597600301,0.9591353930034163,0.957884370460988,0.9595104891195425,0.9598636301561262,0.9591374191820422,0.9577216422430826,0.9613239241045414,0.9584538949464134,0.9588790134506826,0.9606428809021402,0.9600395875431276,0.9619579156035577,0.9595509011316385,0.9598311298878038,0.9564917271919865,0.9589912116213176,0.9599659720144701,0.9617660573222119,0.9601110123467551,0.9566712894024206,0.9591845801523677,0.962209483200249,0.9574340893856684,0.959622639845751,0.9586870166398154,0.9601989125906815,0.9583830278118984,0.9593277847561295,0.9594964500415708,0.959856250702136,0.957393511440043,0.9593653425469367,0.95903180884514,0.9605380549703333,0.9590061470565243,0.9606734285372293,0.9596624632508286,0.9593978949245769,0.9571756851013217,0.9596599451013571,0.9612237100726126,0.9580729741023917,0.9613233610763402,0.9584007130439793,0.9576467972385427,0.9572291320072238,0.9560496299853941,0.9619444991750946,0.961857402639722,0.9594571488397937,0.9580222325199161,0.9612866983037914,0.9575845935264757,0.9590957695372775,0.9617717637557031,0.9592808539731557,0.9568819460032423,0.96120098569882,0.9605430941017062,0.9596153909737313,0.9590814490272973,0.960499784131537,0.9617238130017192,0.9561122803196296,0.9580327094808971,0.9614437118681611,0.9572049862658474,0.9595232515989288,0.961444238045686,0.958079330444028,0.9600569010051752,0.9601812392204303,0.9598481224728324,0.9598106981939846,0.9578402025457977,0.9593322488671545,0.9577399180068622,0.9581186329976854,0.9598756374063038,0.9609660857047474,0.9593587603163377,0.001490606930820399,28
711.9511157584191,173.9935717566073,0.7283484101295471,0.7420425572123349,0.03549340267615612,6,0.7033526623896479,2,4168,0.903190524455998,"{'learning_rate': 0.03549340267615612, 'max_depth': 6, 'max_features': 0.7033526623896479, 'min_samples_split': 2, 'n_estimators': 4168, 'subsample': 0.903190524455998}",0.9609579971182314,0.9595979373807175,0.9588787417601187,0.9569550354969901,0.9578558010106469,0.9570614062860733,0.9595031888670816,0.960301952024622,0.9596795567473402,0.9583277007508423,0.9591679289688938,0.9599699874164606,0.9605849482778221,0.9592275487555482,0.957710417228983,0.9583727817608626,0.9559619894261403,0.9605552893912782,0.9591725323463325,0.9588206923871185,0.957985219159447,0.9585099467905644,0.9600619112345209,0.9592151538247757,0.9587692280718398,0.957103073406475,0.9614422806066598,0.9575832848892042,0.9588919637685105,0.9602776807833732,0.9587032798662627,0.9624445483524668,0.9597181153251729,0.959830514192834,0.9558626664373101,0.9586490761430904,0.9605205057382143,0.9611570976502163,0.959266616205804,0.9564715804173323,0.9590870380319809,0.961348474570717,0.9574366805821445,0.9587167282056588,0.9595186334779633,0.9608570624169745,0.9585569724175678,0.9586871370200575,0.9584158768484069,0.9588652966991049,0.9571363761919631,0.9589379958207547,0.9581889940609866,0.9611562551841442,0.9582140451055177,0.9605178844984151,0.9593001015768275,0.9591447950831362,0.9565296157772613,0.9607167579661791,0.9595401171447023,0.9575572234511756,0.9612623615768005,0.9592774998792029,0.9571653296665252,0.9576385941878213,0.9553995468936123,0.9611497623068928,0.9612626697588982,0.9587684736885687,0.957154229227614,0.9598039534549554,0.9581626839805798,0.958025271390882,0.9618286340375127,0.9588774189853277,0.9569452615351887,0.9611681271993572,0.9599746290048904,0.959283943488768,0.9581299499880881,0.9605816549906335,0.9612524466358172,0.9560188776620292,0.9575319504380063,0.9607128970623049,0.9569929201450599,0.9591501592811656,0.9605736122333539,0.9580652653211175,0.9601293896206543,0.9588056991141364,0.9595379216373906,0.9593576169611291,0.9585830763207922,0.9584443910835949,0.9568088010381963,0.9587506164138804,0.9601801944735,0.9609650131518035,0.9590327808223387,0.0014843162398378662,34
1226.893531563282,237.44724482629357,1.009186041355133,1.0047826729223377,0.26046422714545997,9,0.7414531099905806,2,4168,0.9447697790075458,"{'learning_rate': 0.26046422714545997, 'max_depth': 9, 'max_features': 0.7414531099905806, 'min_samples_split': 2, 'n_estimators': 4168, 'subsample': 0.9447697790075458}",0.9505831525499076,0.9496662169238108,0.9513313632177539,0.9481221482609006,0.9488773109569775,0.9497840245518377,0.9507164848506533,0.9513121456557667,0.9509300256403506,0.9478224185866243,0.951390711549055,0.9526542278458107,0.9531149618015873,0.9489557792417641,0.9469992241213828,0.9499711191473234,0.9461419606150283,0.9496692295969879,0.9500988058518016,0.9501936933637756,0.9512124984481363,0.9488364258735019,0.950272523306628,0.9503259593109791,0.9500682565718166,0.9470273072747347,0.9524607900273979,0.9491427917915474,0.9493728585394063,0.952704372014215,0.9499748707388305,0.9520282801342649,0.9497229689408856,0.9506083430467325,0.9455687656963515,0.9501063319411356,0.9508466535209794,0.9515860363027512,0.9504062621247815,0.9478190853947439,0.9490978456917254,0.9537177676257165,0.9454379224681694,0.9509990473868817,0.9502407968962971,0.9518571929163584,0.94806994157226,0.9493163948645336,0.949890699132705,0.9505331497545308,0.94763498931789,0.9504935397054953,0.9495907383175347,0.9506334510558848,0.9487061980445712,0.9501256128420665,0.9507015438127083,0.9514926210995387,0.9498266957340235,0.9511636831607861,0.9542293532929798,0.9492962756482286,0.9524435127438455,0.9493370668356134,0.9464016153017187,0.9469819455918151,0.9481794477633393,0.9496316938466562,0.9542158632198857,0.9501867098987623,0.9486493302617813,0.9511954613908299,0.9475370552115641,0.9516379150168148,0.9530095424856733,0.9494189319855949,0.9459372046450665,0.9510878579982648,0.9502940595660684,0.9484949123616591,0.9506341575156508,0.9520826858672844,0.9516131166861717,0.9471082003355715,0.9463396646799773,0.9514383215010478,0.9481193109504615,0.9503717085339063,0.9502359905009885,0.9491480443115496,0.9493846474627524,0.9512168515800806,0.9512076004077344,0.9485814706161286,0.9480495884257152,0.9497899711582272,0.9477236050600678,0.9511015019038607,0.9505803961960576,0.9517601324792633,0.9499260893796725,0.0018376690662682378,161
811.5208018326759,228.6596468483424,0.9009559607505798,0.9309850493184396,0.3448534842958974,7,0.7469708979813408,2,4168,0.7976520951608117,"{'learning_rate': 0.3448534842958974, 'max_depth': 7, 'max_features': 0.7469708979813408, 'min_samples_split': 2, 'n_estimators': 4168, 'subsample': 0.7976520951608117}",0.9489544311423401,0.9481830726787143,0.9464142308043769,0.9427163841768886,0.9446758526599495,0.9428749860677709,0.9466636208031699,0.9486428036436505,0.9486214322599996,0.9440392296045355,0.9471460556272886,0.9479713225670691,0.9470107937564962,0.9452516350086984,0.9458381865685701,0.9454556194394224,0.9430108906998297,0.9467829251890417,0.948481542877611,0.9466954129620814,0.9458997956692042,0.9451412214004034,0.9455944026619598,0.9462581406140324,0.9462451311774158,0.9447965112778081,0.9483643220186664,0.9454577241474482,0.9452841383998487,0.9457481219410401,0.9447677040509931,0.9485720379845485,0.9457021489750905,0.946176420551462,0.9403573160912576,0.9466624950992063,0.9464991619955123,0.9469313804634529,0.9453857919412154,0.9436074152843011,0.9465338664655342,0.9501216726318881,0.9441896613035499,0.9472975933737122,0.9457702009407738,0.9485298530857468,0.9445643301069574,0.946026595090896,0.944720786317305,0.9462488416731052,0.9418080684545347,0.9450562152722832,0.9446740245228358,0.9463811917791108,0.9462593549495951,0.9449925611129316,0.9440606241534617,0.9468991832815573,0.9438384381276123,0.9456368525986636,0.9466369580564703,0.9426757465210024,0.9478891634302364,0.9443939871253165,0.9416204931559122,0.945796140917271,0.945178287989726,0.9474705995767115,0.9491638819908226,0.9461000808488607,0.9458118684771986,0.947802666183169,0.9457903026988218,0.944605736521224,0.9483616570285093,0.9442558773954179,0.9431229727242375,0.9477576735325746,0.9478437440707772,0.9445707198613325,0.9435820080406678,0.9471277019025468,0.9483957819487964,0.9416763678017108,0.9437610595488544,0.9486081918712066,0.9427387043272628,0.9463292947271182,0.9488580410991052,0.9448884534719715,0.9448440527512136,0.9475792727542183,0.9470501175171513,0.9459488365185609,0.9459287966914504,0.9443715504464996,0.9433976426227306,0.9460405260971755,0.9474609991956244,0.9466807022440662,0.9458460838520796,0.0018864431079552407,182
691.8685701656342,177.16730111854392,1.7574213314056397,1.788593939035013,0.06490559761248617,11,0.5775595837564829,2,4168,0.5992224926594548,"{'learning_rate': 0.06490559761248617, 'max_depth': 11, 'max_features': 0.5775595837564829, 'min_samples_split': 2, 'n_estimators': 4168, 'subsample': 0.5992224926594548}",0.9589979120553398,0.9578319643044646,0.9564383824725693,0.9544742900855648,0.9544690501913016,0.9538227659762006,0.9568442881625454,0.9579942457170365,0.9584033350341744,0.9547731541200013,0.9583346801715478,0.9577435052156656,0.9570242490546373,0.9557138008690218,0.955391868912292,0.9562644216485813,0.9538236010834605,0.9574744497543559,0.9571977230581226,0.9574768041870326,0.9543406604008463,0.9554362945026372,0.9564339859418474,0.956949875586384,0.9563619411090718,0.9540605592519789,0.9573849561750846,0.9556325523948999,0.9567279262724655,0.9573576646456383,0.9561660101405547,0.9584185618662747,0.9571921619973246,0.9567981844332915,0.9541068325149223,0.9556685209122948,0.9574697929238649,0.9584350503531557,0.9573127669518002,0.9531451847691501,0.9560959628831377,0.9582871149284915,0.9544943713231482,0.9575687677817738,0.9559088150253692,0.9577535180547742,0.9543909434186643,0.9570779193975296,0.9563436897427212,0.9576245033329757,0.9538641457600823,0.9580183006363581,0.9567707961808142,0.9578995611014692,0.9561238554552927,0.9568566873260123,0.957109412208051,0.957131519298637,0.9546175909015097,0.9564857716971592,0.958625483959726,0.9550534462287988,0.9590049205338192,0.9556385839620184,0.9554370364076201,0.9546337164761252,0.9526384710903182,0.9588693184763903,0.9593157736728458,0.9563303929372582,0.9540524670537389,0.9591955579215811,0.9546469298030749,0.9564466166086959,0.9584248891981927,0.9552253857836991,0.9533186160164092,0.9581570614000483,0.9577675323011525,0.956640075478344,0.9565642849307441,0.9577148875604432,0.9581957603697523,0.952815962795216,0.9550856239532561,0.9582005468851383,0.9547757004781514,0.956762018023741,0.9576488121128789,0.9559922415991162,0.9570287497619355,0.9574107400523619,0.9564879559771324,0.9579876931925355,0.9555442558211065,0.9568500350819432,0.95464793886277,0.9551998745955005,0.9569349016976941,0.9572909336193413,0.95644878414352,0.0015613319844096452,92
1562.3996509361268,345.3375907276229,1.3177380180358886,1.2816128953081334,0.0456889069406599,10,0.8552191987714499,2,4168,0.9446991994527814,"{'learning_rate': 0.0456889069406599, 'max_depth': 10, 'max_features': 0.8552191987714499, 'min_samples_split': 2, 'n_estimators': 4168, 'subsample': 0.9446991994527814}",0.958081936943772,0.9554398663884582,0.9558798793622924,0.9534966791906516,0.9538805088823018,0.954302668398856,0.9562810572401825,0.957677669571857,0.9567557779230669,0.9543387024783594,0.9576185097033845,0.9570302795580109,0.956263339551588,0.9540532348393401,0.9546471134011953,0.9561103557919101,0.9520202729206227,0.9563162484064717,0.9551885087000173,0.955380790654176,0.954893982822444,0.9536092563755444,0.9557785217049362,0.9564706800388509,0.9560307900341575,0.9532564306663363,0.957984782736772,0.9543129063399848,0.955156121626507,0.957087304189015,0.9564970486347156,0.9579363715953099,0.957150299659643,0.9557286203090349,0.9514026644526642,0.9560079509170883,0.9567299042283871,0.9583322720248032,0.9556246564617304,0.9524055084288204,0.9557029441369842,0.9590285615029017,0.9528234115309578,0.9562048615581624,0.9556028219328085,0.9570882839611422,0.9537133016734838,0.9562807365129722,0.9561410159038508,0.9564174336798924,0.9535193644663396,0.9561040399843013,0.9551577846694369,0.9570414438061801,0.9554547196950371,0.9569580371837172,0.9562103614147339,0.9562741600519616,0.9538476538508699,0.9558296567509582,0.9580463210158352,0.9546525146342866,0.9574922507814593,0.955527325470104,0.9531578048038435,0.9545285998788811,0.9527351102205177,0.9583444880278067,0.9581706451912826,0.9556625029012172,0.9537954315266476,0.9587057937455887,0.9537399461983386,0.9554462732831831,0.9576762676445985,0.9558046065364193,0.95293015080084,0.9581340358727218,0.9564559668255895,0.9544545203937373,0.9547943495061424,0.9578220261145296,0.9588521747117613,0.9515536774878972,0.9535498064494463,0.9574688124422918,0.9537105949909677,0.9557116507222336,0.9577218499219599,0.955519058911807,0.9556770057425199,0.9564095973404657,0.956058053762839,0.9559354464075929,0.9533536145056015,0.9559427963650069,0.9527874231330915,0.9543916647252763,0.9570662787315447,0.9567073533738493,0.9556505385851968,0.0017196995380869698,112
607.913299498558,197.92625137293663,2.083634419441223,2.114753512888437,0.03396898874829706,13,0.42126576896820866,2,4168,0.65184405901553,"{'learning_rate': 0.03396898874829706, 'max_depth': 13, 'max_features': 0.42126576896820866, 'min_samples_split': 2, 'n_estimators': 4168, 'subsample': 0.65184405901553}",0.9587379158335323,0.9567268361719383,0.9562073561453455,0.9537762050728447,0.9539710656882101,0.9536408889084185,0.9571498023021222,0.9588979261617459,0.9580777241310935,0.9549615987379899,0.9570002697294515,0.9578242111868366,0.9577756464554809,0.9552843183835491,0.9555529364841044,0.9558197994344956,0.95320090443149,0.9565241598879943,0.9563315059290746,0.9566657655644109,0.9551983475481872,0.9548655833792926,0.9563559695429176,0.9570255813223404,0.9557669148671174,0.9538442864357033,0.9582023712658299,0.9550184654427387,0.9567403162175896,0.9578644427890852,0.9566485721500426,0.9587932503053881,0.956317143299337,0.9572159750722927,0.9539034826185567,0.9547123816649977,0.9574151361431568,0.9586930487457439,0.9564521445548881,0.9542587759194986,0.9554765902703982,0.9587870180857029,0.9535227767008022,0.9564076729952449,0.9557192086278834,0.956674024871783,0.9555787553143202,0.9566212774408618,0.9568452602907435,0.9564287834501235,0.9532329634207107,0.9563495998203067,0.9548111947149336,0.9570732494769276,0.9563982239501957,0.9566997370518626,0.9566416685476944,0.9565851304121358,0.9541546355647526,0.9570970107119854,0.9572794725124277,0.9550409174170245,0.9584225935972661,0.9554671670296041,0.9547495842959625,0.9542286538942457,0.9529120155102306,0.9586742852663316,0.9585269208195141,0.9566219075532474,0.9546334027257419,0.9582642396635629,0.9540251131436297,0.9558734754867118,0.9579149761185626,0.9555284937647803,0.9528931488206432,0.958595246320532,0.9574165487318209,0.9569454805666473,0.955479018923584,0.958084293542432,0.9587414795530288,0.952689581315785,0.9542550341182223,0.9578970850758176,0.9535295603289847,0.9561327381389864,0.957841897497594,0.9547930465824463,0.9565304848949694,0.9565152595641887,0.9568312906296899,0.9570912300768089,0.9544689041711576,0.9561377487779219,0.9547389012106695,0.9546285387705904,0.9564696817709097,0.9576672939868806,0.9561506051981337,0.0015938807912582026,101
854.942625412941,203.447094865085,1.3184286856651306,1.3186103088372347,0.0061065658491761335,8,0.9019117290662992,2,4168,0.6577526762343826,"{'learning_rate': 0.0061065658491761335, 'max_depth': 8, 'max_features': 0.9019117290662992, 'min_samples_split': 2, 'n_estimators': 4168, 'subsample': 0.6577526762343826}",0.9586368549440862,0.9576084651218302,0.9567879845614392,0.9546472635541807,0.9546009422853392,0.9546769117017847,0.9579536389040223,0.958463690574518,0.9579209581521388,0.9555168238433771,0.9575935487391696,0.9579734440317892,0.95807973071063,0.9559140748673083,0.9554278234169419,0.9567216109187333,0.9540878154215878,0.9580391501914641,0.9564674691113447,0.9568210839140917,0.9559602454427458,0.9560763153203903,0.9570371053967036,0.957480425084445,0.9562348856426367,0.9548129870990419,0.958900883028421,0.9560295200258531,0.9563529881458285,0.958032526781705,0.9566294389912099,0.959562704844172,0.9574674577488193,0.9572834219841292,0.9534730631288545,0.9566151862923912,0.95773109665261,0.9587084849849452,0.9571353836235337,0.9541332115473597,0.9564171340522083,0.9594838724616046,0.954770155284404,0.9570982923967895,0.9567445611464899,0.9582945561992794,0.9556619382186162,0.9566559707184122,0.9563413873883727,0.9570032861311091,0.954609173237635,0.9563539470731951,0.9559245007908223,0.9581143191908986,0.9562470636770073,0.9582159722288215,0.9573294366822539,0.9567826207460262,0.9540532792529082,0.9569959527674998,0.9584061018447251,0.9554814114325231,0.9592101302135039,0.9562364971240276,0.9548003487300881,0.9550118374413683,0.9526713579867819,0.9589459806782106,0.95945292066776,0.9567624713495065,0.9553278320910822,0.958834462771643,0.9549962962037627,0.9560016634941154,0.9588695599287643,0.9560690183118674,0.954360664791021,0.9588260939448741,0.9576678795946089,0.9563476423235262,0.9564714606664609,0.9587243401574534,0.959232274196124,0.9530966819902661,0.954550660614537,0.9583499264997798,0.95463756709344,0.9562681789950785,0.9590878106699046,0.9556902343154027,0.957420156059272,0.9574417897167503,0.9573046572152568,0.9563777173443853,0.9556590426493737,0.9564337620720911,0.954415731895797,0.9556007986472023,0.95783721526344,0.9583808530700794,0.9566995506643178,0.0015630669605161416,84
480.6253876233101,161.40650227082384,0.5050117707252503,0.5131368547950214,0.3040333734528999,13,0.8509533928476898,2,4168,0.8376554501964695,"{'learning_rate': 0.3040333734528999, 'max_depth': 13, 'max_features': 0.8509533928476898, 'min_samples_split': 2, 'n_estimators': 4168, 'subsample': 0.8376554501964695}",0.9390654891883146,0.9370925827412903,0.9366497526633837,0.934513493591086,0.9314951634685975,0.9345415615522238,0.9372565153123182,0.9392704136236338,0.9372611117985303,0.9371785441144312,0.9376689955926917,0.9396593063814647,0.9382821953807576,0.9338547069922135,0.9360367502369188,0.9365925906536219,0.934449492560945,0.9378727653188673,0.9363234155612521,0.936585110495533,0.9348888822494948,0.9368369507830561,0.9368695339055841,0.9392202374393096,0.935855925912162,0.9360306731075113,0.9392284129285723,0.9350422624406235,0.9377520541396724,0.9396495341067859,0.9353021078524099,0.9388683410140328,0.941137537739387,0.9384852051468403,0.9317622897740343,0.9382244854233752,0.9397589977641108,0.9398399579405279,0.939500329957291,0.9335849725011418,0.9352766763183067,0.9398413555747236,0.9339589178255585,0.9358571880381319,0.9367568553612419,0.936508034156053,0.9331437791851109,0.9364478375159834,0.9370058694644371,0.9378900939431599,0.9324593346252747,0.9354490555454024,0.9355601949967047,0.9368800262908771,0.9380497989505182,0.9384724608733171,0.9384045862224405,0.9383081318635356,0.9345441714316097,0.9378361065974533,0.939956217903409,0.9351774597587774,0.9393510990754366,0.9376673357363577,0.9333826520659598,0.9363902163535711,0.9336682441389124,0.9379318209775104,0.9390102676457268,0.937635156588358,0.9365775556883839,0.9381922537041515,0.9349861562663522,0.9384031710967072,0.9370402025294428,0.9376067605464441,0.9361891903396371,0.9394067784461637,0.9385669594003409,0.9348715109897178,0.9357499596498698,0.9392389017743958,0.9422475388568918,0.9331926631080389,0.9344113804684449,0.9363439660149274,0.9337191369712349,0.9365785702980479,0.9376941045427086,0.9365888421372297,0.9343035870143974,0.9382175060073372,0.9385751658783945,0.9386852951826685,0.9349448309584193,0.937965107152146,0.9319438674166093,0.9343116008027462,0.9393226664388097,0.9371988692346318,0.9368138369329315,0.002153828368398447,199
576.9069864225388,151.66779080294972,2.2938337421417234,2.3449520672971236,0.008429427624238468,13,0.3504096030600049,2,4168,0.8033879229630425,"{'learning_rate': 0.008429427624238468, 'max_depth': 13, 'max_features': 0.3504096030600049, 'min_samples_split': 2, 'n_estimators': 4168, 'subsample': 0.8033879229630425}",0.9594242032442728,0.9575084786653334,0.9573651818938239,0.9551334384355302,0.9549016173979956,0.9547422003581294,0.9577794927543503,0.9598773870756747,0.9591050374257404,0.956094073709773,0.9580079003587711,0.9586608736297527,0.9583959183909612,0.9557858674848699,0.9564779938685553,0.9576764492435036,0.9545453316060342,0.9580374058900352,0.9575376127480566,0.9579960770047952,0.9567557417426678,0.9550242623296639,0.9573999085397953,0.9578072235340942,0.9568216624407384,0.9559374858236804,0.9589780111596411,0.9561966223073949,0.9574743840268043,0.9585821129409362,0.9577812568764953,0.9598781848000274,0.9576713100214398,0.9580235851841913,0.9550074242515816,0.9562451492235682,0.9581184597045141,0.9597641974275501,0.9579621297436903,0.9548887610177483,0.956642748553377,0.9602076431377067,0.9553678175151764,0.958167258010795,0.9564150186955127,0.9579650762377538,0.9565310888649434,0.9577076609965228,0.9576455088084257,0.9575140776013189,0.9552366760968767,0.9576918958191762,0.9566822728242208,0.9585462400746987,0.9576267195374158,0.9585281993023136,0.9583601392321685,0.9575933346654907,0.9551006227583554,0.9572640171385487,0.9590274567356437,0.9562664450763247,0.9594970233709871,0.956494726231948,0.95576934422781,0.9549592392153434,0.9540880720569632,0.9599919659532247,0.9591933189617543,0.9575186184670088,0.9558452386595847,0.9595170858568942,0.955022078559677,0.9569038107477058,0.9587280265421073,0.9570023912399422,0.9543611063879434,0.959122972266667,0.958146515420635,0.9576792102504996,0.9567241682345395,0.9582830916091472,0.9596956168441652,0.954213220737235,0.9562956918574155,0.9593160738824479,0.9547782958473671,0.958054689019179,0.9590926409181957,0.9557575451656856,0.9578776657735422,0.958251757322555,0.9579697645603468,0.9583187461804119,0.9556929205483247,0.9570943626239022,0.9553148224639301,0.9562078796892136,0.9580471549176158,0.9589967699299166,0.9572928195450678,0.0015244233016509015,76
495.41493721961973,179.95142401131866,0.7880882239341735,0.7827664414487518,0.011021403932878348,5,0.8360070757116593,2,4168,0.5651090922378933,"{'learning_rate': 0.011021403932878348, 'max_depth': 5, 'max_features': 0.8360070757116593, 'min_samples_split': 2, 'n_estimators': 4168, 'subsample': 0.5651090922378933}",0.9537699295988443,0.951954549331948,0.9513146939833648,0.9495261811180187,0.9490506934198634,0.9484931220238622,0.9522027767307716,0.9534363867806444,0.9522334993665885,0.9498656639513278,0.9510887691105363,0.9526300690812456,0.9531200929728123,0.9511886655068964,0.9500049079051681,0.9520361979611942,0.9483095910655073,0.9524341459596944,0.951433190666071,0.9514729079942089,0.950097917281503,0.950626503315971,0.9523340422190544,0.9517860892628967,0.9514371427535785,0.9492467226468799,0.9541416466001248,0.9497048301687813,0.9511096210563319,0.9530600306688931,0.9500327596563745,0.955135853212635,0.951904142754075,0.9523294529916669,0.94790923093777,0.9501361234102915,0.9524262204649822,0.9534554798488555,0.9518481678223445,0.9490742752956586,0.9508804618355767,0.953853392757373,0.9493039671601594,0.9509805163084836,0.951540782809316,0.9532683850091499,0.9507382530904577,0.9507292575526957,0.9509094881369743,0.9511291776831585,0.9502747238810241,0.9509830891558462,0.9496463923555798,0.9537011537913437,0.950790346479068,0.9531794216606708,0.9520880079971072,0.9515361869480603,0.9470610489387069,0.9522049759926557,0.9522634840086769,0.9496904943374629,0.954059625549608,0.9513181077158965,0.9490764231171399,0.949739721879761,0.9472978113817843,0.9533358543826697,0.9544302069808335,0.9513676523514807,0.9500416629738784,0.9524823341810291,0.949415756619914,0.9506241679760443,0.9537078268708261,0.9513140569871728,0.9487666902799266,0.9532395461605131,0.9526002162757266,0.9513378275767659,0.9501381505735558,0.953748853407866,0.9539603218133819,0.9482489976669928,0.9490011983754859,0.9531750481997975,0.949062967369579,0.9510750278253841,0.9528133034486503,0.9500271052162156,0.9511733096245061,0.9516800510057579,0.9521150132373812,0.9513593727900417,0.9506873297498802,0.9511219118896278,0.9488508651213782,0.9502905299619462,0.9523194542521788,0.9534284666180745,0.9512854806219544,0.0016982189144873604,157
1358.3548079681395,309.6667981149667,1.8594278144836425,1.8677806392402956,0.0074391333649686,11,0.8516445599257112,2,4168,0.756642535067503,"{'learning_rate': 0.0074391333649686, 'max_depth': 11, 'max_features': 0.8516445599257112, 'min_samples_split': 2, 'n_estimators': 4168, 'subsample': 0.756642535067503}",0.9576388453233649,0.9556764470524501,0.9561919156394155,0.9531029586260752,0.9541694356560052,0.9536155561972959,0.956885857155504,0.9573247367516868,0.9572313112065576,0.9543032270391723,0.9572349821625872,0.9571989160440985,0.9566389523496671,0.9536947096157018,0.9541608301864571,0.9558619995661953,0.9527751652188938,0.9560845611960822,0.9555931701860005,0.955752748766528,0.9553654826019502,0.9540668273172604,0.9551956082063519,0.9569661347506195,0.955405235029129,0.9539146652397655,0.957603057257863,0.9545580191822833,0.9552751867386371,0.9571447493249794,0.9559261566440164,0.9582439592888055,0.956508831353303,0.9563394959799741,0.9519681068769765,0.9551962561676262,0.9567296109585257,0.958302580499838,0.9559872323102492,0.9522900718114962,0.9549820228315754,0.9585777038239572,0.9529773456890848,0.9558618469566227,0.9551823982708574,0.9566834517225018,0.9541163592323362,0.9564014919324693,0.9556694454976448,0.9561063409375811,0.9529708367252959,0.9559056729684254,0.954941712667677,0.9569554831589469,0.9556748104410105,0.9566138546610079,0.956512925513374,0.9557732691284931,0.9538054928237916,0.9556803361133462,0.9579769725863799,0.9544253621943055,0.9576283856066025,0.9551451746985343,0.9536324775366897,0.9541317343220628,0.9520813995088302,0.9587371889126903,0.9580525299182321,0.9554244087063899,0.9542613969737955,0.9585660013127139,0.9536418374586831,0.9553669918450393,0.9575441785511369,0.9555204637438305,0.9525741934017609,0.9578770741588468,0.9562416616162761,0.9548147751136373,0.9550501648710626,0.9574226571118492,0.9590067312810248,0.9519938553101415,0.9533823074756113,0.9565516625354856,0.9533698969634067,0.955625358309696,0.9577791202951214,0.9549634465739429,0.95559544476101,0.9566049318456484,0.9565780652918343,0.9556898187039558,0.9538570768042778,0.9560874123081122,0.9537970697401458,0.9535271837062627,0.9562905328854419,0.9566494347027473,0.9555898277421861,0.0016592523931774996,113
1304.574477918148,270.38598561895407,1.6049396991729736,1.5716258341169647,0.02815371399170348,11,0.6429816717923086,2,4168,0.9351641896102445,"{'learning_rate': 0.02815371399170348, 'max_depth': 11, 'max_features': 0.6429816717923086, 'min_samples_split': 2, 'n_estimators': 4168, 'subsample': 0.9351641896102445}",0.9577599818049384,0.9559546144484414,0.9559092310482733,0.9538782850141101,0.9541511186025595,0.953172285769138,0.9566241433665745,0.9580122545760438,0.9573921954452461,0.9542900894454578,0.957147692824668,0.9572392227668431,0.9574008607513436,0.9538392792264354,0.9545140427154301,0.9559068934213271,0.952575806274036,0.9561295447156269,0.9561045552738993,0.9554754050517487,0.9554087224085054,0.9542057813301227,0.9554436478617282,0.9566027947068638,0.9552707104040027,0.9536160920723136,0.9579798804244957,0.9540780125786096,0.9552596451538408,0.9568035648789994,0.956023370371638,0.9588452588391357,0.9569059551044207,0.9565818828167175,0.9532353385979402,0.9548998384344894,0.956709952956463,0.9583279819570263,0.9559397880640883,0.9538364520142141,0.9553034161402961,0.9589579037610885,0.9538289281820252,0.9566215291569486,0.9553668760974425,0.9569011679128084,0.9539033480242329,0.9564180340311071,0.9556740823962471,0.9560143640792996,0.9533610214680187,0.9564607838685205,0.9554186070613553,0.9569664617757385,0.9557515933255876,0.9565421301826907,0.9566054092318712,0.9559589102734796,0.9544296149188696,0.9560048666649075,0.9578053577479184,0.9543595078378038,0.9581419074796662,0.9551978942687916,0.9537796764029125,0.9539318985893288,0.9522670312584425,0.9590072840316395,0.9583997983438608,0.9562423166811809,0.9544658683296546,0.95817809397098,0.9538146179645375,0.9555602481032746,0.9575464138532522,0.9556388577163051,0.953088772516005,0.9581647139587799,0.9574967506790837,0.9558471254591262,0.9545985953546242,0.957865759093324,0.9591063102471784,0.9528122393778411,0.9537950689417022,0.9567351048542532,0.9536003562649049,0.9563995202104376,0.9579443552685938,0.9555241042929086,0.9562074034885566,0.9571857043055858,0.9566428072554489,0.956653874905479,0.9543055444219098,0.9560477283978757,0.9542502780295393,0.953851001894713,0.9563544380349122,0.9573431335131324,0.9558209868541576,0.0016224901371504942,107
1122.6695076084136,281.2512665667235,1.087701096534729,1.0705464044915975,0.20382351878154142,11,0.7278968822032059,2,4168,0.9081239571319382,"{'learning_rate': 0.20382351878154142, 'max_depth': 11, 'max_features': 0.7278968822032059, 'min_samples_split': 2, 'n_estimators': 4168, 'subsample': 0.9081239571319382}",0.9504116937485034,0.948770800895343,0.9504746104058105,0.9470071070741414,0.9463186468633967,0.9458606248940977,0.9500989278479026,0.9511572027240072,0.95048101460637,0.9463821371181065,0.9491041181382203,0.9496532877104945,0.9514039687366252,0.946147056623767,0.946458120294039,0.9489397806993441,0.9448199863149691,0.9489795582958572,0.9483668273285104,0.948602449956245,0.9481107565199225,0.9466672010011912,0.946193905128213,0.9487589498109749,0.9477618058617241,0.9464071623068249,0.9499509644891727,0.9466849713465354,0.9474261180634493,0.9498278976585585,0.9497110749482948,0.9507089833522919,0.9496255727219767,0.9462766539809682,0.9444104345638884,0.9485253937015954,0.9494222389069371,0.9508899318954905,0.9484499527743921,0.9451956346517876,0.9471511335717879,0.9512777637726099,0.9459966631900585,0.9482851365235659,0.9479789813111119,0.9509184826307092,0.946868138209976,0.9485343281965037,0.9483285816459446,0.9488219971754869,0.9446389632627349,0.9485797123318318,0.946873103390457,0.9495717267022428,0.9475347435998256,0.9494565865610729,0.9482660021425269,0.9500560418917186,0.9465053796735263,0.9488707655243425,0.9511567263834764,0.9487130316571624,0.9513360270926906,0.9485460947406315,0.9451053344055524,0.9461262021150222,0.9462201574939092,0.9519822888629603,0.9507487755312677,0.9474457106094016,0.9473933915926561,0.9506656395215988,0.9443186684739245,0.9479758436047456,0.9506181188648519,0.9465785918831557,0.9449008658104362,0.949621136897704,0.9484437220520736,0.9477005059169128,0.946417914234665,0.9497420366243203,0.9524466543394936,0.9459656622481993,0.9449578750046056,0.9506016489158934,0.9467802368729578,0.9493594685201077,0.9509952025044908,0.947476935992504,0.9490023686918676,0.9482389069264492,0.9479696766204038,0.9485404787013967,0.9461840527748979,0.9488572847996509,0.9467998791229921,0.9460788897159664,0.9482486232606694,0.9474454302499393,0.9482266381489957,0.0019003008779703353,172
505.1805258893967,181.21398820416587,1.8859073615074158,1.9073774491441529,0.033409485011516145,11,0.3525666849014759,2,4168,0.8383691103663502,"{'learning_rate': 0.033409485011516145, 'max_depth': 11, 'max_features': 0.3525666849014759, 'min_samples_split': 2, 'n_estimators': 4168, 'subsample': 0.8383691103663502}",0.9616754354797303,0.9596510585524316,0.9588862056905012,0.9571584336575342,0.9565747181558528,0.956833936950076,0.960090998472011,0.9611671464430839,0.9607779250648251,0.9581450292455594,0.9600490316120333,0.9603225571926423,0.9603241980012023,0.9580048515878133,0.9580417317547937,0.9587248541723523,0.9562624398058893,0.9604072884527556,0.9596833348228152,0.9598263351865328,0.9588227294701032,0.9579822781400271,0.9589699158488514,0.9593501894863282,0.9584593978813567,0.9571442034780546,0.9609919944062097,0.9575609300839616,0.9588157203400937,0.9606480991671018,0.959235959879652,0.9620326059150945,0.9585041246792296,0.959833787903028,0.9562942616546639,0.957692909143855,0.9595026100001968,0.9616109718057452,0.9596736844688163,0.9574466335797726,0.9587230275477003,0.9614558244700288,0.9572973886553587,0.9595159125619777,0.9578986250606033,0.9596335008269694,0.9585068004732433,0.9598544959939527,0.95936259707946,0.9587821435235766,0.9574137380622958,0.9593099435857074,0.9585052146307119,0.9603509810774625,0.9585364230528327,0.9601437902503971,0.9598094533558649,0.9595400292222922,0.9568699699002697,0.9591261882798388,0.9602460470881053,0.957671043611691,0.9613817663718625,0.9578958655251191,0.9572391719991946,0.9561360733383818,0.9559397899831228,0.9611033324080583,0.9608933067757622,0.9588425956061891,0.9581164204785733,0.9609324508571853,0.9577424744855917,0.9587163226042738,0.9610883317660965,0.9583651078224983,0.9567245465091204,0.961198799732314,0.9598507721908495,0.9590794051006337,0.9588038101750049,0.9604504952477683,0.9610377205134699,0.9560743832320077,0.9575930388503611,0.9606423376834832,0.9572025028353637,0.9593182771403208,0.9604820274910068,0.9579030553547311,0.9597919713203424,0.9596064021649011,0.9595852630230204,0.9598185381051514,0.9581944603233679,0.9591047367679608,0.9570383083533773,0.9585769788861261,0.9599748646106983,0.9606030586394285,0.9590478242021565,0.0014560736198305296,32
438.41594195604324,157.7826659077034,1.9922072219848632,2.054144504176597,0.0020833532205690964,10,0.3492504177931109,2,4168,0.7754808866816165,"{'learning_rate': 0.0020833532205690964, 'max_depth': 10, 'max_features': 0.3492504177931109, 'min_samples_split': 2, 'n_estimators': 4168, 'subsample': 0.7754808866816165}",0.9569353294669289,0.9549217305212964,0.9542828128408959,0.9524014353182569,0.9517642630413434,0.9513642662592614,0.9551779435987496,0.95672532364437,0.9563461233187907,0.9532430090493582,0.9548599811837318,0.9557022382686511,0.9556682352323371,0.9532724710226638,0.9531950932472935,0.9545974993636074,0.9519128926348652,0.9552078047167617,0.9542817382725286,0.9548501896912653,0.9538938163070626,0.9528509253324298,0.9546866613075994,0.9547415391892126,0.9541060809347952,0.9517878311533527,0.956712203130717,0.9533330215883395,0.9544724328951858,0.9557752483444628,0.9545259954425173,0.9573669303244686,0.9545971357978482,0.9547797877232714,0.9516088653478311,0.9533475506810196,0.9552695319865471,0.9569658675389734,0.9548321820697556,0.9516103705375506,0.9539823086547394,0.9572232274031077,0.9521451053303451,0.9550985908626916,0.9533293880414797,0.9551303154726218,0.9536893520370501,0.9540338209092425,0.9546371388833408,0.9540819511630094,0.9527272637024473,0.9546368700121843,0.9533376213803663,0.9556927768506096,0.9542661290031739,0.9560482960630049,0.9554427386701254,0.9545713706755177,0.951537635403463,0.9545029267576228,0.9555971816185032,0.9532056500650261,0.9567642994415487,0.953549923426635,0.952660214124812,0.9519222825596497,0.9505251630415108,0.9573494781685221,0.9568520278300724,0.9547082506852165,0.9528713012937711,0.9564124152273478,0.9522564910253689,0.9535683902956466,0.9563430341903214,0.9538482650633804,0.9514752988304109,0.9567009170638151,0.9552098878887592,0.9548529963788591,0.9536213656443164,0.9555612599248927,0.9566709301363048,0.9514695316725946,0.9531659028062442,0.9560029430812037,0.9520480343600712,0.9545042802148244,0.9565612993222031,0.9529430697546273,0.9551310103591102,0.9546774008596279,0.9549661405662108,0.9550088767260536,0.953019765423061,0.9543827940945315,0.9524771732713401,0.9529313083662156,0.9557617149387249,0.9562156278513099,0.9543388308319468,0.0016161307893247522,132
334.15208886384966,128.70665011783774,1.4303176665306092,1.4040882672369484,0.012981694801923469,8,0.3491259690316017,2,4168,0.6864983365330768,"{'learning_rate': 0.012981694801923469, 'max_depth': 8, 'max_features': 0.3491259690316017, 'min_samples_split': 2, 'n_estimators': 4168, 'subsample': 0.6864983365330768}",0.9631868840041478,0.9612355479092446,0.9608253344368151,0.9584584132260237,0.9587678997975683,0.9588084540020932,0.9613721307898077,0.9624724645067217,0.9617500743272563,0.9598546002382315,0.9612303970571338,0.9613549896308133,0.9620290721890604,0.960044698397408,0.9597784975070033,0.9606368171134303,0.9580716744810741,0.9621254352089826,0.9605903321108592,0.9608991214205826,0.9600662049925727,0.9600800747420499,0.9610151556044111,0.9607077586146215,0.9605657028165002,0.9591736133513191,0.962552796431585,0.9598940596526021,0.9608419297794485,0.9619549306787252,0.9608119228431587,0.9632689524314487,0.9606826701378203,0.9616896764312648,0.9579359554781435,0.95956010702669,0.9617624774913854,0.9629721516113616,0.9611169379633347,0.9579415963225121,0.96108274951634,0.9630043673372001,0.9586490822461052,0.9611004736409905,0.9598534661326767,0.9614028443980761,0.9603149261571007,0.9607715452649088,0.9607081911419267,0.9608931579434997,0.9590860114179466,0.9604870199031247,0.9603225291812844,0.9619148022820592,0.9602679785786691,0.9622794066104983,0.9603178887208886,0.9605432517030986,0.9578123184962423,0.9612444755555662,0.9617335281749447,0.9594699554542828,0.9630719747401919,0.9599165514671348,0.9590383619427397,0.9582382945745505,0.957545706430519,0.9630693569049501,0.9630311030248239,0.9607107533836049,0.9593407102042043,0.9623721782221134,0.959031079200111,0.9604214597310535,0.9631652100327716,0.9605385747155545,0.9578631463699149,0.9628150510484147,0.9613335382220056,0.960976517002691,0.9600838265216115,0.96186245085218,0.9625845183888482,0.9577614988707095,0.9591534115773379,0.9622634455829212,0.9586538563878851,0.9607310093205794,0.9623122218689477,0.9594274775404018,0.9614561859908313,0.9608449117164706,0.961370611372966,0.9610410209522755,0.9601656830381998,0.9603342667328372,0.9589214980166996,0.9599440511516336,0.9618133773228457,0.9622800275089387,0.960668324005451,0.0014312145756477251,5
700.4275114917755,254.00224094560443,1.383064205646515,1.428780108504455,0.05018235878175852,10,0.5033597839098564,2,4168,0.767637374814736,"{'learning_rate': 0.05018235878175852, 'max_depth': 10, 'max_features': 0.5033597839098564, 'min_samples_split': 2, 'n_estimators': 4168, 'subsample': 0.767637374814736}",0.9613943655571342,0.9596991858426978,0.9588430019341684,0.9571223171507162,0.9564421988592521,0.9571515079540512,0.959386468001408,0.9606371777369012,0.9603605734019687,0.9581704968570931,0.9596531019836974,0.9603720884052397,0.9596010047960926,0.957730552106474,0.9574484845895531,0.9584661685919134,0.9559281310328248,0.9598550351022865,0.9592283638539308,0.9588724224316434,0.9585316299140888,0.9574082839045799,0.9594957518004382,0.9594898505469867,0.9585048036593817,0.957831748167741,0.9608648848516935,0.9579922043592888,0.9584850203931118,0.9601358219517567,0.9589453560634248,0.9615117548525122,0.9592987991443297,0.9592003405913081,0.9566632664970491,0.9584472182748582,0.959553034578734,0.9605722072717273,0.9600771679728081,0.9564112867826587,0.958653743437817,0.961343409110773,0.9571692636595461,0.9597362291665665,0.9592919362309106,0.959909355158563,0.957630118812238,0.959289974977436,0.9587319086789727,0.9595516737811463,0.9575717948770665,0.9590301828960655,0.9583921593510037,0.9593855483163312,0.9591092299311972,0.9609582443797597,0.959098259113623,0.9593217463433328,0.956424681772697,0.9587030204760308,0.960933827605914,0.9581615242070628,0.9609681999922552,0.9572627170840536,0.9564945982427999,0.9567770484783819,0.9558641676747176,0.9607592084318164,0.9609763244901934,0.9587600442295269,0.957255395164858,0.9612547825137546,0.9571339130600206,0.9588421094566654,0.9612892937482824,0.9586319903034994,0.9557315314452436,0.9599959638290421,0.9595538839675488,0.95933341731442,0.9584208887947329,0.9599047425735426,0.961312919806188,0.9556063978518208,0.9572377850945365,0.9607201022783416,0.9572260612048579,0.9593544839352037,0.9608097786119024,0.9573465957210072,0.9601489618514403,0.959522659425134,0.9598323907241884,0.9595020400045814,0.957514810560278,0.9586394465320734,0.9567036415438603,0.9568444193873926,0.9593965053556253,0.9599045500435726,0.9588701468077895,0.001476635765225593,39
1006.1273934268952,206.94390944226367,1.698359456062317,1.5856220871102076,0.08507111927040711,10,0.7110212559124349,2,4168,0.7929619939213252,"{'learning_rate': 0.08507111927040711, 'max_depth': 10, 'max_features': 0.7110212559124349, 'min_samples_split': 2, 'n_estimators': 4168, 'subsample': 0.7929619939213252}",0.9586537859205533,0.9566855388175315,0.956404539883078,0.9543540760812732,0.9546773338276721,0.954738617126432,0.9575922800028708,0.9579915530182885,0.9583249297682802,0.9549335967043375,0.957389872084751,0.9578624377341332,0.9578695667745055,0.9547565168495604,0.9545810090429033,0.9551455201030513,0.9537892911440653,0.9578167079523523,0.9569378013170114,0.9561110503852289,0.9555027977768551,0.9547936533522416,0.9558569735942994,0.9567960677701676,0.9557546736749858,0.954768893793787,0.9583444592267115,0.9547109560969312,0.9558235665321253,0.9574207987522542,0.9568325692057651,0.9593302161232273,0.9573857383642816,0.9566113187464066,0.9521825212073389,0.9547617397199802,0.9569935506248727,0.9575402120860439,0.956145558202594,0.9537474630555842,0.9557202643558456,0.959387392504622,0.9552704357866882,0.9562394328572947,0.9559820253950638,0.9571849028241943,0.953617361444047,0.956667079541539,0.9564175176003689,0.9566485325520343,0.9534010040179905,0.9562265343610267,0.9549170898495477,0.9569621781966913,0.9559170257621613,0.957192190394097,0.9568647634020895,0.9558228492292609,0.9548520752685066,0.9559063940851059,0.9578561655354378,0.9548958349301825,0.9584761294749763,0.9560365102042222,0.9543365270464934,0.9543194622984293,0.9520764783399926,0.9597165681144539,0.9586904605609872,0.9555570727366917,0.9554950137962401,0.958269100844278,0.9540814732606697,0.9560161701259485,0.9586822379525446,0.9567305138497598,0.9542509537632258,0.9589655102777599,0.9570139752508391,0.9560206810953783,0.9560176240106545,0.9582964344826107,0.9584647594057794,0.9525587215823559,0.9538966335937166,0.9573950593620131,0.954629275967634,0.9562880170456328,0.9584223658199905,0.9561253466667367,0.9559320427975492,0.9573896054647024,0.9574783810683527,0.9563796240902717,0.9556072073650564,0.9555659032431176,0.9537385205241005,0.9551152686390102,0.9570712874463002,0.957429399163508,0.9562040511907008,0.0016222827428145903,97
1382.5367956852913,286.9316148077685,1.4908054566383362,1.4620815173144406,0.042191227357192974,10,0.8664933736160578,2,4168,0.8205886405903641,"{'learning_rate': 0.042191227357192974, 'max_depth': 10, 'max_features': 0.8664933736160578, 'min_samples_split': 2, 'n_estimators': 4168, 'subsample': 0.8205886405903641}",0.9587152760282589,0.9567068218769115,0.9565992950175036,0.9548165121648797,0.9549680402756617,0.9545548759885943,0.9580240965857613,0.958652396231943,0.9575975247392493,0.9553005235837342,0.9583558701838064,0.9580359071383917,0.958083681369283,0.9551373232717892,0.9553699758285389,0.9572533174671835,0.953521661123497,0.9572843468458064,0.9565895215805679,0.957494169048982,0.9562529917517435,0.9556586175622389,0.9559288250186162,0.9577601162253412,0.9565616940207108,0.9549492585613981,0.9583971554207248,0.9561180977720186,0.9559986652736483,0.9588479640101656,0.9569841981433505,0.9589549562355256,0.9574891072399908,0.9570243338324413,0.9530015917264462,0.9564434643013239,0.9580964302591003,0.9589635037004587,0.9570923964439234,0.9544081226785742,0.9558336383637779,0.9592024343755469,0.9541568685361163,0.9566002453274535,0.9560295285928849,0.9577652248857437,0.954609880160595,0.9570047196539618,0.9568096642849552,0.9568505903538878,0.9543038232132566,0.957068690508697,0.9562774686333245,0.9584801139696121,0.9564512002636264,0.9582208992449076,0.9572058687505516,0.9563880891254036,0.9547503766685543,0.9572131158375693,0.9592312130575986,0.9551554258512501,0.9586706050562708,0.9563873382118844,0.954491592364027,0.9548467336724312,0.9533985213259569,0.9592050928720446,0.9584009123400051,0.9568891340577316,0.9555334990849338,0.9598387917524518,0.9547031639155725,0.9558277996850952,0.9585499879729034,0.9564860859526008,0.9542769506162725,0.9593430887927508,0.9566651970444175,0.9557687427451078,0.9560955352212394,0.9582169360587536,0.9592478226846518,0.9532809934887259,0.9544436123040119,0.957801334246114,0.9547347924193943,0.9569514003677916,0.9583346605794072,0.9564746110381954,0.9572586353723567,0.9574894958401255,0.9575375756618406,0.9565329378128586,0.9540559094779196,0.9567412884053724,0.9539129130143202,0.9551258962803041,0.9569673809650843,0.9580914122083202,0.9566218008709662,0.0016004833798531997,86
346.02631560325625,148.6174886590417,0.692983226776123,0.7087107104040067,0.019596361764174793,5,0.7118356171625375,2,4168,0.5570183058650567,"{'learning_rate': 0.019596361764174793, 'max_depth': 5, 'max_features': 0.7118356171625375, 'min_samples_split': 2, 'n_estimators': 4168, 'subsample': 0.5570183058650567}",0.9572736102170568,0.9558551490138985,0.9546236207787226,0.9533061998477664,0.9530713150492579,0.9522731267483224,0.9557002299386417,0.9571651005461207,0.9557109324252802,0.9539203522796256,0.954941418529615,0.9558033850619903,0.9568460957837787,0.9550409665843129,0.9535505431212384,0.9551364451004112,0.9520343296759215,0.9565476124949579,0.9551057935484979,0.9556957473267089,0.9537664082740549,0.9548367316739033,0.9555678356908939,0.9553168386581437,0.9551798349137635,0.9535554552003616,0.9573334912483781,0.953310545730768,0.9548309626921756,0.9560398601283197,0.9541933839381787,0.9582386679813132,0.954933907924316,0.9561516681420025,0.9518638136868629,0.9537676749704956,0.956507049624749,0.957134648252936,0.9555402220257471,0.9527201100289242,0.9546739213763438,0.9574666868191667,0.9522845820970565,0.9548510939162077,0.9553173306089,0.9564467501153423,0.954574643818556,0.9549382681474127,0.9550033195763441,0.9549867605125061,0.9537418984569891,0.9547971585197819,0.9532645471876741,0.9568226892928077,0.9543518337540734,0.9567303331812775,0.9552001254924504,0.9548639568484115,0.9515751624016875,0.9560339208412941,0.9557186742095305,0.9535507961361962,0.9574437086166319,0.9543843626879696,0.9534824585621511,0.9534547343928604,0.9515621555722882,0.9567734853048783,0.9579937786735198,0.9544701713323349,0.9537270742234317,0.9558764757727924,0.9532004241983939,0.9546348841078853,0.9576592491882875,0.9542585574171779,0.952267517964008,0.9569552786395848,0.9562208100360122,0.9549894485364219,0.9538216550011233,0.9573498686449881,0.9575312277691959,0.9525402288735973,0.9530641686883934,0.956760943355938,0.9523650371127291,0.9552007076132103,0.956483474709998,0.9541608163669817,0.9552351140022977,0.9554503902587346,0.9553509644159508,0.9552820210041162,0.954272676305928,0.9544695462906271,0.9528503992625782,0.954619949282132,0.9560319628005541,0.9568364852985941,0.9549661775045272,0.0015655910714236156,122
642.5422110772133,209.6864039289009,0.6849246907234192,0.6915602396639223,0.2340122487288133,5,0.9108532992161238,2,4168,0.7032214942097962,"{'learning_rate': 0.2340122487288133, 'max_depth': 5, 'max_features': 0.9108532992161238, 'min_samples_split': 2, 'n_estimators': 4168, 'subsample': 0.7032214942097962}",0.9538813595309947,0.952607174633114,0.9508573330903876,0.9492315317168651,0.9494735753431532,0.9496567739321479,0.9511042661369684,0.9527528651025499,0.9522739710862305,0.9499849139632638,0.9521672341716599,0.9520809952153082,0.9530035816036162,0.951488597020874,0.9494050560145973,0.9507290167261865,0.9479661246885641,0.9525786683346528,0.9522347286168049,0.9515273082168666,0.9511521730710703,0.9504466119877559,0.9509500727691227,0.9524462389703661,0.9529122471532637,0.9496939105727462,0.9532275437057594,0.9513131881175024,0.9503547106150524,0.9528046216873518,0.9489535110548692,0.9548827432391197,0.9528704548412817,0.9530909441507651,0.9494953371611564,0.949498116165881,0.9527029027203946,0.9519593167979054,0.9527317444006057,0.9504920270484989,0.9518994643590891,0.9547435562113733,0.9501098200561029,0.9516785915930996,0.9528823586701968,0.9531616642553841,0.9488942132013317,0.9507996120484763,0.950719602257278,0.9530291312594863,0.9506487255238838,0.9507016874637431,0.9505898653668976,0.9533907612170679,0.9513068685599445,0.9527798894531233,0.9514650049039464,0.9518381003950968,0.9473167843174178,0.9530975800747384,0.9510142100630808,0.9499106944128949,0.9551662644320931,0.9505418135619245,0.9499895386086421,0.9504633958952267,0.9499883611070428,0.9519595627888281,0.9533791109280747,0.9508789643131156,0.9507231247460409,0.9528778588347834,0.9491882033872956,0.9524819818497916,0.9534500689664941,0.9515621588206687,0.9486405413248749,0.953599560712478,0.9522080853804143,0.9499393537050298,0.9504762097441398,0.9529324315892618,0.9540508314329629,0.947034976198817,0.9491892713234126,0.9537178521561679,0.9490918230230396,0.9495737464107439,0.9523263955609218,0.9500493614515515,0.9524982266874461,0.9516405177774273,0.951350838771069,0.951638472242795,0.9510757875353001,0.9514812037414726,0.9494407928883422,0.9514198680358142,0.9528527259004411,0.9534129634705909,0.9514125392234345,0.0016357299441457037,156
596.7085246181488,205.3781996805107,1.4705197525024414,1.4432233894012159,0.13043355075604016,9,0.4673282703934972,2,4168,0.7144545453910219,"{'learning_rate': 0.13043355075604016, 'max_depth': 9, 'max_features': 0.4673282703934972, 'min_samples_split': 2, 'n_estimators': 4168, 'subsample': 0.7144545453910219}",0.9578350252398815,0.9571560101948691,0.9558510287663354,0.95488645798239,0.9548798346679804,0.9529940827585757,0.9559941634501031,0.9572262596147204,0.9578606617172495,0.9552317997845132,0.9574888917295864,0.9572602099727124,0.9582011639712146,0.9559338929938095,0.9544325798057114,0.9550509115564465,0.9527887716382213,0.9573596506707513,0.9555950931659964,0.957534599934178,0.9556060865609965,0.9551725134440501,0.9566308291703786,0.9562436568005788,0.9557190610035109,0.9553069170552064,0.9577998941240459,0.9550371293774808,0.9551350675581333,0.9571183380192949,0.9567201056941688,0.9592677008783411,0.9557952770633111,0.9564688150107714,0.9524938863816976,0.9550504188486076,0.9564624732840206,0.9588414052064376,0.9572851614093635,0.9531065715695095,0.956049876655152,0.9581694453486447,0.953384009430816,0.9569727686065576,0.9550149546425026,0.957168658909331,0.9540143474114688,0.9568405809088041,0.9559486888172956,0.956270395247929,0.9543084473509081,0.9560235378858445,0.9550584303349379,0.9572548558784701,0.9569430383113516,0.9572644616497412,0.9556639643226785,0.9563649845971748,0.9529830806187215,0.9562367686137739,0.9578495547972548,0.954553689309459,0.9576799128962794,0.9562478299743347,0.9542016818695447,0.9549272076895566,0.9537028050423089,0.9570713194209907,0.9575160060556018,0.9559475679284248,0.9547711710202782,0.956871346614141,0.9550031270831344,0.9546103865611876,0.9582440792956652,0.9558966452194385,0.9537964924087854,0.957710524881611,0.9569375780185482,0.9558569050224173,0.9564683949885889,0.957071218387332,0.9590904925616752,0.9539877522904708,0.954525356114803,0.9583112967267945,0.9533947308539067,0.9556720474637866,0.9577823404107284,0.9540072396287512,0.9574512718096426,0.9570922793140159,0.9565953756867009,0.956092039181184,0.9544483136153071,0.9572995654006397,0.9527024695163778,0.9547313767464192,0.9571287652531861,0.9582453911914216,0.9560225124186796,0.0015483111799998695,102
462.28202126026156,168.98658715450821,0.7470875883102417,0.7781622725695672,0.05045954735624511,6,0.6945380037482397,2,4168,0.6001195874961279,"{'learning_rate': 0.05045954735624511, 'max_depth': 6, 'max_features': 0.6945380037482397, 'min_samples_split': 2, 'n_estimators': 4168, 'subsample': 0.6001195874961279}",0.9625877753706721,0.960204535523637,0.9593112929279152,0.9579364525066705,0.957798072337682,0.9579384037292461,0.9595105436444946,0.9608509999962486,0.9608093557252638,0.9580674698098515,0.9603183225907963,0.9599130159989844,0.9607280488673028,0.9602410869984843,0.9580847379183577,0.959637294606178,0.956839245744115,0.9612854357839316,0.9601787134822866,0.9597685360159701,0.9591744285418218,0.9594006931222041,0.9611982611674266,0.9599823468216074,0.9597626034534816,0.9588894296933803,0.9619898147859686,0.9581745349104964,0.9597596644605013,0.9604080163499641,0.9589158979475625,0.9628698857184029,0.9599004834743617,0.9602494668400859,0.9568479452839919,0.9587637504780615,0.9603310441621798,0.9611231379785219,0.9604482706718214,0.9575281678625123,0.9597672608748264,0.9617502192382876,0.957321837643773,0.959414536070142,0.9599229075196671,0.9614870832582515,0.9590976430259803,0.9598695546077061,0.9594302671053664,0.9604571350766852,0.9581396340720337,0.9595549374783838,0.9579302628136576,0.9610510979359984,0.9589730237669613,0.9615464073938363,0.9593325748825986,0.9601408922217363,0.956662344855718,0.96082221620599,0.961132930188644,0.9585324681275571,0.9619117378693468,0.9598368669556634,0.9580802030512329,0.9585481780122083,0.9568940349196475,0.9620077894550034,0.9617533829510957,0.9597866115855886,0.9584241861446119,0.9603049046948701,0.9582077693476914,0.9596286985269042,0.9622753120162151,0.9595941659740372,0.957505601837146,0.9615304825321072,0.9602003426686769,0.9595508201360616,0.959165734820678,0.9622991140594646,0.961821795530462,0.9564443400708669,0.9579269978328051,0.9614702673763728,0.9581826526485562,0.9599180050474168,0.961731237407754,0.9583459513551994,0.9602909207275444,0.9598838568619861,0.959141280257189,0.9601100544148558,0.9590874948400736,0.9594576272515316,0.9575956325676952,0.9592324927088866,0.9608191095557597,0.9616032634945517,0.95970633335174,0.0014534142712839479,22
501.12137600421903,162.099594439941,0.668448691368103,0.6735057557053638,0.3210326617493179,5,0.6270807622254333,2,4168,0.9259297164820095,"{'learning_rate': 0.3210326617493179, 'max_depth': 5, 'max_features': 0.6270807622254333, 'min_samples_split': 2, 'n_estimators': 4168, 'subsample': 0.9259297164820095}",0.9516892809279877,0.9493745410647323,0.9478544765068141,0.9467683256256154,0.948002214144433,0.9474154976673566,0.9483042432742159,0.9503234181490273,0.9508023146782371,0.9480745759757099,0.9500211459646974,0.9497618380613929,0.9514318377795531,0.9483184644692841,0.9488973653507137,0.9496158361226482,0.9472516348607094,0.9501336825144698,0.9490176027474756,0.9512997729070948,0.9482913593603389,0.9489092986874768,0.9496412501901706,0.9499584524823799,0.9498467054254786,0.9490392978809057,0.9502789544462609,0.9485956983552114,0.9504869964678022,0.9499191826253941,0.9493155465780003,0.9524146064933442,0.9515258152605836,0.9505137806487751,0.9474219191625073,0.9489249889032334,0.9509907112924311,0.9519624478512141,0.9499016404598652,0.9471424555019048,0.9491102643375016,0.952142383060682,0.9469676618402123,0.9495192392356597,0.947599083343323,0.9507460733493462,0.949178597269661,0.9495539535802404,0.9500079849775962,0.9514176698035701,0.9488658384770002,0.9494668031580704,0.9471711332080911,0.9520415443986056,0.9492419266374205,0.9510038535885773,0.9494922384894071,0.9510227303107054,0.9472090238872664,0.9507410683820808,0.9519892465078821,0.9475440101408992,0.9504154792457606,0.9500121806286896,0.946562626082401,0.9461514910309827,0.9463177671000887,0.9505467036038521,0.9526250908242875,0.9512410275326373,0.9496048597263466,0.9482663130460005,0.9475602236186421,0.9505956732483438,0.9525558512813804,0.9502379766909944,0.9491809327418083,0.950481579941062,0.9501299552736765,0.9489428292689338,0.9501710242341754,0.9517509959434769,0.9540616707290484,0.9475403051782082,0.9478164576426633,0.9518318131031551,0.9489733237425307,0.9493045788269573,0.9499955876770158,0.948698018889287,0.9501447019620471,0.9504993125771315,0.950320191847862,0.9507341091987066,0.9497501478604233,0.950306723091455,0.9477110638713925,0.9498116573799704,0.951187963914346,0.9506325323976644,0.9496414224580265,0.0015762124436844475,164
749.463462395668,225.3147484368053,1.0669262576103211,1.0911529934710094,0.033014352780711444,8,0.7304850956661282,2,4168,0.6635802550755612,"{'learning_rate': 0.033014352780711444, 'max_depth': 8, 'max_features': 0.7304850956661282, 'min_samples_split': 2, 'n_estimators': 4168, 'subsample': 0.6635802550755612}",0.9624525186718921,0.9610318073463057,0.9605439163782679,0.9585483772251351,0.9589223289084307,0.9590809789937461,0.9612785848847295,0.961641315085125,0.9621128412456794,0.9595230776393872,0.9608403383122038,0.9618549124646809,0.9614445617686131,0.9596153090861388,0.9589203979881871,0.9597563201005643,0.9576158482550915,0.9616422875641566,0.9603970397963562,0.9609355560599029,0.9599649791518622,0.9601292706890774,0.9604116968678125,0.961212007708085,0.9606135945164176,0.9587307200220562,0.9623430844592589,0.9592270332891678,0.9600666334467822,0.9616285056073569,0.96048366999139,0.9635360106388878,0.9610324511932978,0.9612655910063271,0.9579270580056409,0.9596701681000108,0.9612321590415209,0.9627180212893223,0.9607874330605205,0.9572257151303768,0.9596755020084491,0.9626894871770345,0.9590953279073782,0.9610017203957925,0.9603466253513959,0.962059155771945,0.9590981522103181,0.9613241023410048,0.9603648780976545,0.9605536652465684,0.9584794699665163,0.9601136229595646,0.9594333547065185,0.9615124507475324,0.9598991451425855,0.9615967104889742,0.9599791277092746,0.9603700419657031,0.9578762024537133,0.9614674356926384,0.9625365440992131,0.9593498473702468,0.9628578301790411,0.9597246699829421,0.9582824119609404,0.958723559140372,0.9570560975844088,0.9619950060175552,0.9623327159459676,0.9605128023678643,0.9594336250657279,0.9624752635176185,0.9590991398761887,0.9598464688160424,0.9626576826976787,0.9602198555406662,0.9585782586554872,0.9623634807683081,0.9615076687362296,0.9599099806110402,0.9602589393018292,0.9623493508541792,0.9631179361085213,0.9571534041673717,0.9587148729175154,0.9622034792643128,0.9593175316430823,0.959874749754843,0.9627378991118226,0.9598098484010515,0.9615188451962763,0.9615486528843825,0.960919818947976,0.9607647819105866,0.9595827303252278,0.9603725953569018,0.9580338616966023,0.9595989662922749,0.9609624574753719,0.9617628996220251,0.9604536682949604,0.001455835262296732,9
623.7387428569793,208.0297669789986,3.4155086421966554,3.3198944904699865,0.0024985754202840617,13,0.3968354853581081,2,4168,0.6757095104285525,"{'learning_rate': 0.0024985754202840617, 'max_depth': 13, 'max_features': 0.3968354853581081, 'min_samples_split': 2, 'n_estimators': 4168, 'subsample': 0.6757095104285525}",0.9580569688307701,0.9561081212706963,0.9562691037923458,0.9537429079983946,0.9534701454928856,0.9531481259382906,0.9564358336823354,0.9584430350489823,0.9579528889169807,0.9548466993641355,0.9568003672769589,0.9573314874196576,0.9569620376674588,0.9548379606369595,0.9549208022197657,0.9561119477713635,0.9530387858435666,0.9565444661186823,0.9558625470349869,0.95629951846199,0.9553710919205644,0.9539401913037555,0.9563858801061618,0.9561782801208148,0.9555969434816973,0.9539826454116838,0.9578855509991561,0.9547411607947608,0.9558660237934198,0.9572053343285809,0.9561175006178041,0.9586657804579939,0.956293724201136,0.9564618746678448,0.9532008002979314,0.9548367432684113,0.9567616291175257,0.9585539393610965,0.9563081848415114,0.9530111957285347,0.9550648400202857,0.958835059601663,0.9538036942265142,0.9564674873881982,0.9550825302925396,0.9564021934662408,0.9548334347923697,0.9559954414038907,0.9562026719224744,0.9559718184606377,0.953729835768507,0.9559273927815597,0.9553995105120192,0.9572400504214869,0.955539181859146,0.9569722109450749,0.9570205463906827,0.9561380377492583,0.9533817921868244,0.9556538589609848,0.9575559801896768,0.9546738681207302,0.9580481518169606,0.9551650909147387,0.9543395353807393,0.9535962384042324,0.9522134532472976,0.9589541538825954,0.9582180270879115,0.956318370216763,0.9544506667079424,0.9581573326939103,0.9538419637484229,0.9552317301106589,0.9578174125409257,0.9557862632661003,0.9529233511254162,0.9581441263394945,0.9565637504441316,0.9563350037694648,0.9553153096431435,0.9572601042923885,0.9585189006244228,0.9525759181794737,0.9542947093598263,0.9575215280869174,0.9533793900715568,0.9563577645891376,0.9579370480179666,0.9542504891619386,0.9563153760394901,0.9568060924934241,0.9563354853395672,0.9568702907617767,0.9541951932655854,0.9556397522201547,0.9542805297725302,0.9542635474603536,0.9565654048932155,0.9573233898183247,0.9558455050885725,0.0016029779150117,106
1245.0160767436028,300.7675528821351,1.6275293636322021,1.6988674219413715,0.007170272316391664,11,0.8499430109962913,2,4168,0.7293608935945628,"{'learning_rate': 0.007170272316391664, 'max_depth': 11, 'max_features': 0.8499430109962913, 'min_samples_split': 2, 'n_estimators': 4168, 'subsample': 0.7293608935945628}",0.9578932337244803,0.9562514746971958,0.9563097963198871,0.9537134613513842,0.9545128245604275,0.9539161783492287,0.9567405977926583,0.9577606401198301,0.9572587372137226,0.9546491623612721,0.9572629045958548,0.9573831299942875,0.9568295692141497,0.9537308181031623,0.954732850353779,0.9558447907895161,0.9528441786259414,0.9562324674263067,0.9558647380771834,0.9558902914181319,0.9553676949396795,0.9540440459577364,0.9553655919909624,0.9570782479882673,0.95565776302527,0.9541289761488606,0.9581254391072677,0.9547968142226881,0.955711020354698,0.9572724176360922,0.9564566898279333,0.958483435146451,0.9568639597948267,0.9565760294918377,0.9520231204925109,0.9551268798219142,0.9568103941560564,0.9581774192514925,0.9565128846520282,0.953014497049985,0.9554021977722966,0.9586615135637455,0.9535324719863487,0.9561812452636347,0.9554648275060569,0.9565034943924162,0.9541749071677312,0.9563420403681415,0.9556521398119676,0.9562115819809565,0.9530581752899863,0.9560543060358215,0.9552653702344259,0.9573063854864461,0.9557058148069015,0.9565685401125109,0.9563040620377403,0.9559100508717776,0.954238203542842,0.956110329520357,0.9582758228455519,0.9546536391998581,0.9577040685993641,0.9555823643880443,0.9538081763751193,0.954275674825849,0.9522239995797603,0.9587602606294604,0.9582178430510513,0.95558769587842,0.9544342786873907,0.9586774087286345,0.9536398463638751,0.9552273283087187,0.9577524464929994,0.9558492031938914,0.952857284286357,0.9582093824928678,0.9564069299174088,0.9549598080954128,0.9551189574090948,0.957586824922748,0.9591755090224299,0.952150352642798,0.9536087200722044,0.9565938825473186,0.9537525550980037,0.955474005419089,0.9578455634269004,0.9550970059861867,0.9557901990399277,0.9571032017214729,0.9567834618225719,0.9560362662938106,0.9540494432329611,0.9562567243783373,0.9537078818856264,0.9537439529694585,0.956472201747879,0.9568514168434572,0.9557816441231938,0.0016349912064657184,108
473.31260387659074,190.60337423301505,0.7568172335624694,0.7782949603795242,0.22030395364157684,12,0.7191092741862057,2,4168,0.7268289299185802,"{'learning_rate': 0.22030395364157684, 'max_depth': 12, 'max_features': 0.7191092741862057, 'min_samples_split': 2, 'n_estimators': 4168, 'subsample': 0.7268289299185802}",0.9485303166036467,0.9468463585548652,0.944979257918853,0.9431803577839388,0.941766736850074,0.9435348151495249,0.9450938696163684,0.9480553163466916,0.9474831994490389,0.9428060350520403,0.9457654381614593,0.9453794622889595,0.9467158603008997,0.9409717712340356,0.943349763795689,0.9464591791126655,0.9424287164962983,0.9452384033657609,0.944898418497704,0.9426274303409168,0.9445234249675595,0.9445437980587686,0.9441633679991438,0.945501180090377,0.9456567791207319,0.9423927221326365,0.9447609676945072,0.9443672542576885,0.9443727616124294,0.9470259892887708,0.9439261462828952,0.9473659654560868,0.9454679904474526,0.945357360821728,0.9407513403479175,0.9436568812134063,0.9461403318576499,0.9468573375896554,0.9465397535562201,0.9424963801179135,0.9440754205924896,0.9485174335398976,0.9435678303970281,0.946042639385168,0.9431199702195248,0.9464220890195958,0.9426812694518973,0.9464822266095902,0.9438652465702712,0.9472075639066379,0.9420808405230638,0.9464406664488704,0.9451811549587262,0.9457397227257268,0.9460912207394533,0.9452257905120799,0.9468376150877804,0.9458081573315431,0.9439137837158293,0.9452465838192785,0.9462718241986519,0.94208125181089,0.9469579816005834,0.9453344680067057,0.9421597390141505,0.943757696996954,0.9410416314245436,0.9486712366282821,0.9480022230041361,0.9465823688351639,0.94586126652793,0.9493937621065756,0.944100451767572,0.9455525089428211,0.9488704390357072,0.9459149700370848,0.9416343524313042,0.9477604810828959,0.9483068213185297,0.9428972288540516,0.9450623084870634,0.9474995207103998,0.94781188287526,0.9412853411430215,0.9429328803862618,0.9464659164435387,0.943060689152962,0.9457811419938418,0.9465711675209307,0.9445576331414649,0.9436923485797304,0.9462470187521499,0.947568296627422,0.9457166185534304,0.9429745352741442,0.9456361447337944,0.9403591227199523,0.9435667352128243,0.9458496334447094,0.9485457175775837,0.9450886302234245,0.002060253240456992,190
547.8556938028336,199.99434249282967,2.2554566931724547,2.2533417543885133,0.002972103375337846,11,0.47873867696824834,2,4168,0.5613612108253409,"{'learning_rate': 0.002972103375337846, 'max_depth': 11, 'max_features': 0.47873867696824834, 'min_samples_split': 2, 'n_estimators': 4168, 'subsample': 0.5613612108253409}",0.9588914069850594,0.9572714177022178,0.9572184877029326,0.9548865148178962,0.9546612758719251,0.9545371123655043,0.957761990444289,0.9592995591728377,0.9586704817351918,0.9559440831614301,0.9579513299549461,0.9581080759401159,0.9578526226086382,0.9558197636449719,0.9557067174281553,0.9570361704839324,0.954270352149533,0.9580463661025083,0.9568531420978523,0.9575492702276508,0.9565539364180677,0.9555373915533282,0.9571580734147139,0.9572803261197836,0.9565906048868693,0.9550399524172066,0.958997766591042,0.9559163094722402,0.9567844903781493,0.9584329908449382,0.9572421442946539,0.9597151378848936,0.9572614885199332,0.9574690170114495,0.95395510230048,0.956245785916431,0.957806398025645,0.9593919564369798,0.9573484060543391,0.9540039310310632,0.9564021110335733,0.960086524024645,0.9547993325420168,0.9575203104028354,0.9562807774278845,0.957716420052348,0.9558496637041544,0.956871804332883,0.9572662182992876,0.9571556969443049,0.9551274795680799,0.9570743844215053,0.9559136755512306,0.9582236913637046,0.9565716820484119,0.9584881217762312,0.9577789912587175,0.9571285251812167,0.9546348685377194,0.9571230232411052,0.9586609083614427,0.9557576371893424,0.9589994287026768,0.9562938520506449,0.9552951586895884,0.9548448644082448,0.952963978417296,0.9597952770516535,0.9596178709715781,0.9572896908532548,0.9556580380062778,0.9590686674974834,0.9546838955546146,0.9564266421514168,0.9589853954408185,0.956704432975626,0.9541570139936654,0.95901874976325,0.9576815841772328,0.9568875492096741,0.9563156245642499,0.9581752374615109,0.9595535979725054,0.9536282707899245,0.9551512383378135,0.9585606121295361,0.9544129819600888,0.9571665827166113,0.9590713204278083,0.9555638725091334,0.9575829823444401,0.9576701182413001,0.9574399538493046,0.9576155346446626,0.9554720348784692,0.9570413849570671,0.9551573329328975,0.9552420188739902,0.9577639620022813,0.9583319096344488,0.9569078785857548,0.0015795084437423383,81
766.2837950539589,217.19620023308931,2.6491473722457886,2.6910775370014983,0.0027280769290078575,12,0.6107821010454956,2,4168,0.6211417520759408,"{'learning_rate': 0.0027280769290078575, 'max_depth': 12, 'max_features': 0.6107821010454956, 'min_samples_split': 2, 'n_estimators': 4168, 'subsample': 0.6211417520759408}",0.9576444481855206,0.955749316139782,0.9558995808807218,0.9535520884130096,0.9533987746360577,0.9527463261251493,0.9563567630799776,0.9579801764937911,0.9575086849160441,0.9544059240859073,0.9565476837410986,0.9570432381662501,0.9566496497212063,0.9542642356940917,0.954551910387546,0.9561069959808608,0.9526826374520275,0.9562309735068096,0.9556575820153754,0.9559002112886181,0.9550940245759055,0.9538502302489817,0.955793046003756,0.9563372732886566,0.9552453031664025,0.9536778541855758,0.9577389764278748,0.9543755272113627,0.955392072973481,0.9571711073425504,0.9557822906125685,0.9583870421812917,0.9563312660013173,0.9564424019479033,0.9527239119184444,0.954844503266407,0.956507679797264,0.9583566932541099,0.9561752342773779,0.9528993107207182,0.954796626543544,0.9586607324088395,0.9535174737504895,0.9561713831350859,0.9550065037596159,0.956130603552507,0.9542439181990602,0.9556643087492168,0.9558507208006307,0.9558189310402924,0.9532941288112006,0.9557217337018923,0.9547865656522647,0.9569615557841344,0.9553674699851824,0.9565721739699156,0.9564836259839686,0.9559684844603589,0.9533675658763177,0.9557620630111218,0.9575592872016042,0.9544510026589149,0.9575068871786279,0.9550437101463285,0.9540202601112124,0.9534370669461938,0.9516688090718589,0.9585833036041435,0.9580413833949325,0.9557759492133883,0.9542981972065543,0.9579908732766788,0.9534205727151771,0.9548804519136213,0.9575834030091265,0.9553851409162606,0.9527607178033447,0.9575906770004203,0.9562542504061533,0.9555993344719453,0.9551419550798398,0.957220157510185,0.9585578523169664,0.9520590444376988,0.9537826578992241,0.9569312036479576,0.9533977817280626,0.9559390189089716,0.9577030853521222,0.9544992962572492,0.9557631519181445,0.9566275250737677,0.956547745364167,0.9558513162753892,0.954191532687419,0.9557195344009489,0.9539116267827302,0.9537958178297935,0.9560877621627759,0.9569925320265581,0.9555672139539391,0.001609452121783973,114
596.1340021061898,225.48029545334882,0.9035988616943359,0.9004971764195412,0.01900609617765293,6,0.7257703228632789,2,4168,0.7634521906897548,"{'learning_rate': 0.01900609617765293, 'max_depth': 6, 'max_features': 0.7257703228632789, 'min_samples_split': 2, 'n_estimators': 4168, 'subsample': 0.7634521906897548}",0.9602818381841512,0.958471074056922,0.9577836759272238,0.9562948318192411,0.9560629950751421,0.9557100365187918,0.9583233340274723,0.9598468706082288,0.9587095262652978,0.9568629315988679,0.9582360194389514,0.958837007013142,0.9596693496582849,0.9577833036640864,0.9567002525709465,0.9577825441404266,0.9545411632734457,0.959780391195207,0.9578906221507425,0.958516406117994,0.9569017611942657,0.9575031894989422,0.9589490873089354,0.9579474627158248,0.9581474391389962,0.9559949271114287,0.9600697726798907,0.9568077510384014,0.957770311393181,0.9588068123148836,0.95746620188475,0.9606331776279713,0.9583127315018971,0.9583760319958822,0.955323553317418,0.9568197696302556,0.9592791270490904,0.9599719145046829,0.9583223352073547,0.9554398192620593,0.9576638199226065,0.960443717894602,0.9559553835055751,0.9574383614744931,0.9579193612196996,0.9596291107056856,0.9573376715976563,0.9578698824692133,0.9575463607906516,0.9580142039988129,0.9559088981735252,0.9575803153791274,0.9568253613821589,0.9596338309640527,0.9569765620198719,0.9594708657219667,0.9581212652812203,0.9576607753979475,0.9552076811650803,0.9589955622356174,0.9587657453713003,0.9566775302028698,0.9602184842174458,0.9575386031475547,0.9565092225841199,0.9565132000953578,0.9544885854268682,0.9599829853678713,0.9604718684897117,0.9581669702351009,0.9566711125217444,0.9588412701916019,0.9565227212323354,0.9568292880506253,0.9604394000650638,0.9580135062922037,0.9557211322563326,0.9599393103918537,0.959105547234706,0.9582155956287035,0.9569680350062164,0.9598321373678782,0.9601119136649485,0.9549773566284167,0.95622517478015,0.9594752007066013,0.956038538812075,0.9579484965529211,0.9595166350014832,0.9567071983782938,0.9585853319421109,0.958258178520859,0.958069933693721,0.9579460161492168,0.9571848600842019,0.957375708163873,0.955593025015375,0.957444984576559,0.9589341909762373,0.9597421768196253,0.9578969351282437,0.0014736068718196188,57
420.76763003110887,176.69589283351615,1.5772290015220642,1.5885362818336082,0.009678103411289605,9,0.33680083337002875,2,4168,0.7916861140234621,"{'learning_rate': 0.009678103411289605, 'max_depth': 9, 'max_features': 0.33680083337002875, 'min_samples_split': 2, 'n_estimators': 4168, 'subsample': 0.7916861140234621}",0.9631369382699135,0.9613708375668386,0.9605244402639717,0.9584451973258441,0.958642585613828,0.9585768175229025,0.9610688801541325,0.9625006675266817,0.9623753059388664,0.9597310384045175,0.9611263550772329,0.9615328125554466,0.9621239234506676,0.9598402548527668,0.9597946250998152,0.9602188611150485,0.958355215513533,0.9619815391091519,0.9607921698046766,0.96090795723452,0.9602562509004965,0.9596293286934406,0.9612294125284905,0.9609677856085435,0.960157326230463,0.9589577602601506,0.9624802488744746,0.9596799291120861,0.9604939027201651,0.9617669180839196,0.9610674297766633,0.9635193444704067,0.960715819402267,0.9612545599349804,0.9576529445943761,0.9596946748180082,0.9615123650531155,0.9627960410329024,0.9612128380752505,0.9580511050622857,0.9603063088594248,0.963185254341175,0.9587619256070371,0.961157604974127,0.9600655115853318,0.961358528060452,0.9600185265925354,0.9607314419835861,0.9608024875168587,0.9608536835733055,0.9589520438455519,0.960194663667685,0.9600036127904652,0.9618740022730935,0.9603141510564195,0.9622038763299166,0.9604903314923349,0.9606296780672694,0.9583194807497005,0.9609097421692038,0.9622058385669322,0.9592976984183099,0.9627771515404349,0.9598796790002629,0.9590381080353664,0.9581135368124176,0.9574281710073712,0.9628949023124357,0.963168577322965,0.9607807666442193,0.959388141098584,0.9623020165417714,0.9589947568693306,0.960183722852089,0.9629520971322445,0.9602615935236538,0.9578222374306524,0.9622009861812891,0.9617747802953255,0.9610396395564915,0.9602233900824241,0.9618272622930835,0.9625993013227201,0.957841665618765,0.959342145556133,0.9624668109665544,0.958793367898604,0.960923622510206,0.9622819497779147,0.959386477738367,0.9617765238761363,0.9607822593421956,0.9608394339421106,0.9612289040150217,0.9595360646348752,0.9603376549460433,0.9588112083681299,0.9598435446205532,0.9618440629154034,0.9623960243971859,0.960628613391329,0.001440745925092052,6
510.0863687324524,188.5156372336892,0.6153310847282409,0.6418443593713726,0.05766813678495467,5,0.9041051459439013,2,4168,0.6171339131681375,"{'learning_rate': 0.05766813678495467, 'max_depth': 5, 'max_features': 0.9041051459439013, 'min_samples_split': 2, 'n_estimators': 4168, 'subsample': 0.6171339131681375}",0.9609711635874615,0.9585786518495825,0.9576177303266591,0.9561217436023789,0.9559096911028419,0.9559078407009128,0.9575900727769469,0.9595698383614402,0.9583071442442002,0.9565892611060254,0.9582504056546886,0.9579585823445091,0.9592448862762529,0.957900742964763,0.9563601986984435,0.9569760940400279,0.9542913601263543,0.9592992600765444,0.9582527274410871,0.958411047006271,0.9564542966128947,0.9571603415130155,0.9589585288787061,0.9586376326586603,0.9578737747610115,0.9559869372060381,0.9598655620579042,0.9556940929930968,0.9573513761608189,0.9588792812612281,0.9570726930857792,0.9602584999824186,0.9578597953117188,0.9581559415267561,0.9541781279437775,0.9565652649918652,0.9592734669669608,0.9597488860667356,0.9578701889918972,0.9561602071803811,0.9572796305399471,0.9600092798564333,0.9558140979125711,0.9568316704730025,0.9580279507243414,0.9593705551970195,0.9570492982683019,0.9578492632267767,0.9575370101012669,0.9575277114494332,0.9561531843593812,0.9574182442391068,0.9560017917524584,0.9596519372750918,0.9571236189334263,0.9594222401253608,0.9573910466990914,0.9584246997987342,0.9548283582942693,0.9583082583218876,0.9591703357877969,0.9561081394023058,0.9599937842036731,0.9577253362155415,0.9559559321429842,0.9560917247973992,0.9544342057718718,0.9596085155324139,0.9605187109451364,0.9576789336499062,0.9568101900548996,0.9583836141567524,0.9566261134188067,0.9574037444626431,0.9605733935423169,0.9569843588652251,0.9560064198216782,0.9593519129785444,0.959229942896711,0.9578452347739209,0.9576053740725515,0.9599441378867463,0.9599803132115345,0.9543989329002172,0.9551982190974878,0.9597078409242285,0.9566186854064924,0.9582993103814987,0.9590191333082256,0.9565221641901555,0.9584939022960649,0.9580873922219932,0.9578962390801539,0.9584803933117055,0.9574870854574268,0.9576569101607179,0.9556248302137225,0.9576615305274282,0.9583934434600972,0.9597320435807809,0.9577344161109673,0.0015211410708182065,60
566.008965857029,180.14028613454175,1.6912140250205994,1.720763866948523,0.010933018136631901,10,0.3717236262547444,2,4168,0.7957939914667664,"{'learning_rate': 0.010933018136631901, 'max_depth': 10, 'max_features': 0.3717236262547444, 'min_samples_split': 2, 'n_estimators': 4168, 'subsample': 0.7957939914667664}",0.9625751909352318,0.960386717748812,0.9605060016532536,0.9580783500454129,0.9581525312708183,0.9582380077351227,0.9610361607683661,0.9622940215038811,0.9618389753389873,0.9593207158541579,0.9610456084012385,0.9612440062607801,0.9614521442791901,0.9593514748131634,0.9593598777545655,0.9601869892139682,0.9577220219841918,0.9617282983069638,0.9606203966371873,0.9608997287429427,0.9597327214909283,0.9592512380997159,0.960723232990717,0.9605558674753251,0.96011296956957,0.95856221305072,0.9620891563714279,0.9593590572303616,0.9599752393651327,0.9616183027386948,0.9610055713339384,0.9629336843279317,0.9606413904986109,0.9610621168430145,0.9581178483315161,0.9598982496889394,0.9610821288936036,0.9626045205327549,0.960881799140744,0.957704230249237,0.9599356760045776,0.9628693816602626,0.9582754792462371,0.9605615450903857,0.9598899125160731,0.9612231077022514,0.9596657772397882,0.9606925142726253,0.9605555256189705,0.9607790016337415,0.9587742391636904,0.9602725881931018,0.959881153355405,0.9615199287498514,0.9602021449931385,0.9620141087729288,0.9606159370529551,0.9603451054864892,0.9581799320775914,0.9606091838872725,0.9618456956677811,0.959066627514007,0.9627424879780183,0.9594525532484486,0.9589245435718301,0.958583536049221,0.9567749225686593,0.9628546402045696,0.9625774601983474,0.9602899560911075,0.9589776430862814,0.9622739764396884,0.9586549414138584,0.9602730639909836,0.9627002815898154,0.9600198005459121,0.9575213264204334,0.962268520309754,0.961511948751229,0.9608826760743558,0.9596576573688469,0.9615689236759386,0.9626135289660166,0.9575781897700417,0.9589114682845187,0.9622535985177594,0.9581082349553777,0.9608346008439352,0.9621992845273457,0.9588048558952672,0.9612676586665971,0.9609137769210359,0.9609342076436975,0.961101127700826,0.9591380232735197,0.9601917289900121,0.9586460816297737,0.9590028275074619,0.9612787279714036,0.9616571877568498,0.9603566929276899,0.0014523920344653035,10
570.5761441278457,187.6756763744042,1.2564536356925964,1.2464072076646477,0.023732950058719497,8,0.47351811621687767,2,4168,0.7574937629823866,"{'learning_rate': 0.023732950058719497, 'max_depth': 8, 'max_features': 0.47351811621687767, 'min_samples_split': 2, 'n_estimators': 4168, 'subsample': 0.7574937629823866}",0.9635825971627534,0.9620630583614693,0.9610239145446676,0.9591851225595914,0.959213374896121,0.9598382588500785,0.9611527730768632,0.9628640446032136,0.9629491593898469,0.9599612350018915,0.9617986378650945,0.9620243275682917,0.9624566300069382,0.9608938720650652,0.9597068946371913,0.9612181162844653,0.958327106193964,0.9625630060965276,0.9618632538629472,0.961689067555177,0.9611929233064446,0.9608637502417128,0.9612955344985048,0.9617557737520539,0.9608525447346546,0.9599242189859679,0.9632042681476974,0.960636214414314,0.960869205267325,0.9627010368284852,0.9615795170622928,0.964129676866381,0.9615197274753442,0.9617758992888913,0.9589275618278437,0.960567624252808,0.9622000789906437,0.9631509567066405,0.9616784288832343,0.9586044745726001,0.9611876685215365,0.9637923474986746,0.9593747601806144,0.9614357489403441,0.9607640197740838,0.9622564077755792,0.9605076420948463,0.9614530327144257,0.9611859583853217,0.9616104706248838,0.9591562327236994,0.9611690216568476,0.9606903046875557,0.9621725873545948,0.9608997035085408,0.962895461705999,0.9608512959416263,0.9614067902709864,0.9592024991559014,0.9623787109979405,0.9626986215719036,0.9598757958042112,0.9636280705796434,0.9602894078327974,0.9597122720486937,0.9593063296587052,0.9579583961039492,0.9634623525451401,0.9636310219036723,0.9613039282734175,0.9599820175430677,0.9629016535456715,0.9596177268599704,0.960833259700845,0.9637256895507404,0.9608864678501002,0.9596108370361447,0.9629380304109266,0.962203866415071,0.9614928999335536,0.9610185228715943,0.9631353203991567,0.9631305549347723,0.9579864836376364,0.9600858197816751,0.9634056032143279,0.959235496756919,0.9613078783776243,0.9633204468799564,0.9598825146489426,0.9621452301358946,0.9618156474020685,0.9614184874612486,0.96120466210808,0.9606093328183742,0.960819515587005,0.9595598663741726,0.9604514515586804,0.9619859003120167,0.9632904661070608,0.9612806237773543,0.0014228454173643573,1
1004.102102458477,264.7927139086917,1.9130340218544006,1.8821418798004648,0.013445349798407289,11,0.6789988650163588,2,4168,0.723327175109192,"{'learning_rate': 0.013445349798407289, 'max_depth': 11, 'max_features': 0.6789988650163588, 'min_samples_split': 2, 'n_estimators': 4168, 'subsample': 0.723327175109192}",0.9595354644510528,0.957927035715569,0.9578879010948081,0.9557765468892638,0.9558362814890953,0.9556825723112874,0.9587006211596513,0.9596512281457977,0.9596395462913236,0.9564719890240719,0.9589043764210924,0.9590038134752749,0.9587989071500121,0.9561307302078182,0.9563001869602784,0.9576272926140922,0.954568153644285,0.9579311606584832,0.957490205781901,0.9577481573821515,0.9570390702543069,0.9560465500817991,0.9575151339562885,0.958599091128695,0.9574917441581637,0.9561530642007507,0.9594346774975693,0.9570488791748308,0.9567411735813042,0.9590765352537576,0.9578813511373859,0.9598555642761999,0.9585454653070853,0.9587395428483901,0.954264638116902,0.9569588902775606,0.9583303740508018,0.9601191070094338,0.9584950256398994,0.9546794309517468,0.9569340904156662,0.9602758475079961,0.9550726644015104,0.9581132131835509,0.9568888972846785,0.9579221550183304,0.9557717959487714,0.958048921877037,0.9582525375234573,0.9581034666279897,0.9546058124293338,0.9573602741029825,0.9567658029852748,0.9589906171178799,0.9575057801577285,0.9586227328589019,0.9581849879340602,0.9577763146619229,0.9556012734157007,0.9578424453616878,0.9595557835233403,0.9565408995051193,0.9598242727536663,0.9570318845712442,0.9555142776510097,0.9557914892547205,0.9539684690140644,0.9603544447503641,0.9601088243527517,0.9579322897230008,0.9562995633232637,0.9602987561189877,0.9555467209012924,0.9572767633263439,0.9598504526193733,0.9573751422973648,0.9551780373065748,0.9599504040313047,0.9587000743836789,0.9572906249345552,0.9573991326175009,0.9590403502605926,0.9604573115021914,0.9542336838956539,0.9552195267168603,0.9584909891129514,0.955568414372492,0.9578437914521574,0.9593028495311894,0.9566190866941645,0.9576649209546508,0.9583661691759872,0.9583414483829329,0.9581622802760655,0.9556187814515192,0.9575887503758079,0.9561096409599187,0.9555768281830966,0.9581371777848975,0.9590288645490761,0.9575642628317637,0.0015908773767826375,66
632.4518869543076,231.6041857539815,0.6833488988876343,0.7055172656594763,0.04308344342080995,6,0.716728488806714,2,4168,0.8144035974822499,"{'learning_rate': 0.04308344342080995, 'max_depth': 6, 'max_features': 0.716728488806714, 'min_samples_split': 2, 'n_estimators': 4168, 'subsample': 0.8144035974822499}",0.9617694568964001,0.9603148613885233,0.9595882587878357,0.9579178767672887,0.9577120994543229,0.9576021877025257,0.9601392055314832,0.9614809798827082,0.9605657391333248,0.9590414597983702,0.9596001374769998,0.9602154922200729,0.9612890838277381,0.9592569780057821,0.958825928481715,0.9590726907876961,0.9564499856144687,0.9611304112099803,0.9593763976916004,0.9600697321649883,0.9582599434433142,0.9595082749772247,0.9605265249421658,0.9593602491270656,0.9593863942005719,0.9574637932971954,0.9618973331533127,0.9582694991917778,0.9596730330124315,0.9603773899518404,0.9591296421201703,0.9623322324277525,0.9600283298042669,0.9609740273150088,0.9570199844516485,0.9589181514977964,0.9609942601217573,0.9609700007859234,0.9604177805439703,0.9574685122914759,0.959812873731403,0.9616803146606392,0.9578635440963562,0.9590630606581351,0.9596271450979715,0.9608856811464573,0.9589125848446961,0.9598870914472128,0.9590904044048603,0.9595609719373678,0.9577805750303907,0.9591934268241317,0.9585598753850104,0.9606528301945954,0.958732032511214,0.9611904716535643,0.9589287110758353,0.9594809494003499,0.9569754139312736,0.9610419979568775,0.9610229741893397,0.958264731973716,0.9616484987956999,0.9593202865276725,0.9576313105105595,0.9577302847502043,0.9560756799114873,0.9618972857716651,0.9618546379901214,0.9597076535024516,0.9577623432844291,0.9605324567847326,0.9586473924116965,0.9588275076548748,0.9623934579596534,0.9591463874029835,0.9573789475119135,0.9619721236782011,0.960260485073233,0.9599327230551129,0.9592234724725237,0.9614981581145119,0.9617589163705348,0.9555471807408519,0.9581590198480398,0.9614411292757508,0.9575564579504152,0.9597173713920057,0.9610689625235174,0.9587235820891762,0.960394252931802,0.9596507304096447,0.9594434426612496,0.9595670704536269,0.9586826573415067,0.9590478509692646,0.9576995152604364,0.9593460682205134,0.9601200634398858,0.9610512544263813,0.9595501860110022,0.0014662957255676314,24
653.246520588398,228.61072728093603,0.751770806312561,0.7639156491524745,0.14100614488070173,6,0.5658061701046324,2,4168,0.9577018114898567,"{'learning_rate': 0.14100614488070173, 'max_depth': 6, 'max_features': 0.5658061701046324, 'min_samples_split': 2, 'n_estimators': 4168, 'subsample': 0.9577018114898567}",0.9584687533636655,0.9580570723148644,0.9569261079265761,0.9558365454295973,0.9561771674047942,0.9553196484828537,0.9580648392158753,0.959258262679642,0.9592181180175569,0.956386261559844,0.9579310424535454,0.957433377354997,0.9586460764061927,0.9569562135480564,0.9570090529940677,0.9560205798431427,0.9546507794539908,0.9593082605725668,0.9582084870707306,0.9573706068461898,0.9573129218589047,0.9570610067551608,0.9584164474445656,0.9564946402482215,0.9576486519455532,0.955742225524732,0.9595686150270222,0.956691658336349,0.9565502056058619,0.9581753790301607,0.9570274976135119,0.9598500446689078,0.9577523540422189,0.9576298914556651,0.9542949585065665,0.9562186440204372,0.9589471821156432,0.9593617341519792,0.9582629530173169,0.9556184547191495,0.9583744563867491,0.9587863813205098,0.9545916137501308,0.9577717475180978,0.9573336250564793,0.9588755305174236,0.9561996797737565,0.9571936011224638,0.9573591559954195,0.9584655888699741,0.9557443690913217,0.9573251994034545,0.9556697133253301,0.9583047818036616,0.9573699806482882,0.9592978258160944,0.9561690023824384,0.9563768019066877,0.9552972075144894,0.9588577378837958,0.9581018537127036,0.9565646322971034,0.9600947866807301,0.9567834909944349,0.9559050841225131,0.9547984790700198,0.9534439925947548,0.9600715564495256,0.958580420017674,0.9576862557700478,0.9566192232360022,0.9589091498435732,0.9559510805465528,0.9575574987747724,0.9600698908095014,0.9566212787986546,0.9541124459078717,0.9594317366158137,0.9575797505110838,0.957583836237392,0.9555935535473438,0.958699642906473,0.9601763201673018,0.9552621402085056,0.9558945325117816,0.9588925884871814,0.9556684920859182,0.9572690548809878,0.9586061425646677,0.9561072875844944,0.9578681764609419,0.9570690895834646,0.9579950292673297,0.9566766551203736,0.9565377248888265,0.9567463129338223,0.95593334610409,0.9570435261799395,0.9592874162612813,0.959582236593558,0.9573461243044225,0.0014779631955927546,73
1086.2381860256196,263.7737318360306,1.2168594479560852,1.2179077613020768,0.012373915463819782,8,0.8797660659211541,2,4168,0.8225529566019121,"{'learning_rate': 0.012373915463819782, 'max_depth': 8, 'max_features': 0.8797660659211541, 'min_samples_split': 2, 'n_estimators': 4168, 'subsample': 0.8225529566019121}",0.9603049801485314,0.9594815161475096,0.9585209294950523,0.9566686025325171,0.9564543977581549,0.9564962463143358,0.9593818544519541,0.959790762917879,0.9595981109202205,0.9571963057781692,0.9593293465855175,0.9593860562911771,0.9597343414107236,0.9576700608479312,0.9569176605512619,0.9579204037519998,0.9557569662345613,0.9598960616873781,0.9584906413401224,0.9587251675433553,0.9577630588196979,0.9578978133195554,0.9589567524744373,0.9591382910287876,0.9584238904241535,0.9566129990769375,0.9606272858570342,0.9573027826052364,0.9581426438464233,0.9597486100624077,0.9590512911224234,0.96084316671514,0.959623007090744,0.9588818278432975,0.955662066720322,0.9582254316655329,0.9594619828000036,0.9605415807866606,0.9585017942267469,0.9561605467412768,0.9583000574065809,0.9611048834643767,0.9565066455938513,0.958384598718981,0.9585892732093421,0.9601130088051193,0.9573778062264949,0.9585760554073632,0.9579915115860969,0.9587680769025169,0.9564901739405913,0.9581843122145475,0.9583801762829672,0.9599078966077706,0.9583655467268941,0.9599454523255073,0.9587635032585624,0.9585138155674907,0.9565368858309391,0.9589317549693572,0.9599030665997486,0.957365848073839,0.9611758798622096,0.957845912807787,0.9564689228880668,0.9571547738087077,0.9547840137551769,0.9608894307505539,0.9610468108966836,0.9584567893325586,0.9573633805607189,0.9604134431430558,0.9570712165063808,0.9579329139020341,0.9606889468168687,0.9578325352842854,0.9564364571049885,0.9608835711529898,0.9592000705963801,0.9580681985657651,0.9584773467430185,0.9605020259626935,0.9609855819182798,0.9546603455584011,0.9568025757002767,0.9600838035114154,0.9569738535209266,0.95805359879452,0.9607419188220641,0.9577865209001329,0.9592379535623717,0.959284410264488,0.9587731040425582,0.958353447235148,0.9572686418122075,0.9584859190683744,0.9563603357249273,0.9578855185253073,0.9591310870402657,0.9599994220204994,0.9584984826411719,0.001476094377071198,46
692.0941027498245,180.30694093886584,0.7064570355415344,0.7343797679953418,0.007959470449050965,5,0.8519701143948588,2,4168,0.8607640954097336,"{'learning_rate': 0.007959470449050965, 'max_depth': 5, 'max_features': 0.8519701143948588, 'min_samples_split': 2, 'n_estimators': 4168, 'subsample': 0.8607640954097336}",0.9502261830363676,0.9481385481352219,0.9479758165215554,0.9465396961372721,0.945723476144137,0.944688737844612,0.9490633311225627,0.9505162376645546,0.9493674554992797,0.9464849389201584,0.9473656652748732,0.9492066128757705,0.9496196157807015,0.9477436680533473,0.946071285682812,0.948210678793779,0.9447276863699713,0.9491072800515918,0.9478127878769089,0.948276416692353,0.9457665219592889,0.9473790970455329,0.9487624234051361,0.9484348316801317,0.9478872278887347,0.9451125159648351,0.9507389816143321,0.9461158900153206,0.9475182810789531,0.9496650527201697,0.9461776228441409,0.9519156576611298,0.9482266540901343,0.9490467075175475,0.9444855160323247,0.94629780506434,0.9494313712051861,0.9500748380343601,0.948179749173929,0.9453316133261528,0.9470043899305391,0.9507062265433243,0.945708919313788,0.9479347831606856,0.9482709428622426,0.9501263480200908,0.9476644146054393,0.9470991773815943,0.947715205809078,0.9470680877964291,0.9471957909502073,0.9473769649718123,0.9461365048705614,0.9501083350568538,0.9475041987425554,0.9499454514770179,0.9492510004069846,0.9475856896143536,0.9436106888736133,0.948353123692376,0.9486168985279916,0.9463212954275005,0.9506806853968995,0.9480240038514635,0.9457679844954451,0.9462422507732704,0.9434236649881028,0.9500989993141985,0.9503199471053094,0.947947215701059,0.9468288407134972,0.9493993355544903,0.9461711317272887,0.9473196656762991,0.9503011577523206,0.9477420315964189,0.9451093392479046,0.9499872057766889,0.9491685553229223,0.9479927147678614,0.9463283882703835,0.9506497459510164,0.950867405383819,0.9450557509947101,0.9450579764438285,0.9498719917590919,0.9455549358144065,0.9474940799122565,0.9499170652137081,0.9462639515868965,0.9477138713378465,0.9485506052776302,0.9490598699379995,0.9476493819074251,0.947542876358356,0.9476717424154976,0.945452739144783,0.9465478809334464,0.9492570535640905,0.9501865919265778,0.9478393754872977,0.0018109931447313143,174
497.2309551501274,181.50960046312224,2.072850911617279,2.0762654209869975,0.0743925293548933,11,0.42080532093809697,2,4168,0.5708686692637015,"{'learning_rate': 0.0743925293548933, 'max_depth': 11, 'max_features': 0.42080532093809697, 'min_samples_split': 2, 'n_estimators': 4168, 'subsample': 0.5708686692637015}",0.9585679408978104,0.956970925589508,0.9567308172265593,0.9550051616990209,0.9548241012902896,0.9550911229875917,0.9572574721001056,0.9584262275182189,0.95826651865831,0.9553780998187352,0.957083325169526,0.9575764979564667,0.9579120348673305,0.9548204770050064,0.9554991992748147,0.9575219459611074,0.9544396386850594,0.9573377502283271,0.9567469072912782,0.9572078636737524,0.9561661430616938,0.955046828038142,0.9575524975972183,0.957419095818991,0.9564038104819584,0.9557988834123236,0.9583088401731583,0.9559772914211355,0.9576875720018524,0.958347839359842,0.9561946644333826,0.9595249018904257,0.9568094456804832,0.9572839521505453,0.9535518588560497,0.955954820999114,0.9579930497232684,0.9585365599105592,0.9568546257102856,0.9544234026420715,0.9559526031016164,0.9588488316388234,0.9542821905949431,0.9579491227346543,0.956391917599214,0.9577245500695788,0.9561725790278185,0.9571792086737272,0.9568522873290967,0.9569722840850375,0.9543925330567933,0.9573259926458675,0.9550510999663092,0.9574400327026085,0.9562588607889371,0.9581148929773395,0.9569492675158783,0.9570833519814919,0.954631456174599,0.9584467010552927,0.9576150109514159,0.9550594006126344,0.959549628948134,0.9558450167022124,0.9544035164851941,0.9542475375841828,0.9528880166262671,0.9590158080762594,0.9592744091487082,0.9572257679428979,0.9551040554735182,0.9584298422232079,0.9545183603715962,0.9556008454110597,0.9589197425500516,0.9562178700454471,0.953238824351513,0.9586313813526247,0.9579532563206622,0.9577250134259676,0.9565527923184203,0.9579372776396347,0.9591508429874577,0.9534110479888253,0.9553627594207503,0.9579421494764191,0.9557608246164319,0.9563907728500838,0.9582363288361189,0.9556840039768162,0.9571177140370674,0.9564896036838993,0.9571846792773236,0.9580380137930686,0.9554671972586685,0.9558854590726339,0.954085125793635,0.9558680748786768,0.9579412049579781,0.9575629262045438,0.9566605197865296,0.001529032962640839,85
446.4189607787132,164.9744135810833,0.7588470673561096,0.7667922913467291,0.007000271939956904,5,0.4864252554646121,2,4168,0.904757102417078,"{'learning_rate': 0.007000271939956904, 'max_depth': 5, 'max_features': 0.4864252554646121, 'min_samples_split': 2, 'n_estimators': 4168, 'subsample': 0.904757102417078}",0.9494263067168527,0.9472269923219419,0.9464033068971136,0.9450782595252359,0.9441876384989883,0.9435139994008079,0.9474660381025686,0.9493663532102595,0.9482492103373672,0.9453015704210138,0.946138434114099,0.9480323518889096,0.9486807377318278,0.9461065337852277,0.9446944757112069,0.9469920444469377,0.9439955208278996,0.9475086119449361,0.9468937496092439,0.9475320382593351,0.9449293826715469,0.9457245627610047,0.9478673693439845,0.9474782231122246,0.9470906411778937,0.9440495801866648,0.9498748904807623,0.9447431088026652,0.9462722949843119,0.9482668600017805,0.9455220492550803,0.9507072224386117,0.9467543806585195,0.9481094815682115,0.9425841329613993,0.9455837183491157,0.9484361753786015,0.9489724844373726,0.9468473782167455,0.9443734971911544,0.9464738926669016,0.9497197578688004,0.9443513736739627,0.9471912363251815,0.9464143668900535,0.9484464094424325,0.9467866061143121,0.9457003868712104,0.9466332266416085,0.9456822076346268,0.9458478542543292,0.9465112466370318,0.94464762736655,0.9488995021103775,0.946185825265975,0.9492013737196578,0.9479846625958358,0.94618062085094,0.94271609021702,0.9472187084914531,0.9471643909173435,0.944922761233102,0.9498830853882965,0.9469149451457899,0.9445405317613901,0.9445325708167467,0.9428738927607816,0.94934294167066,0.9494369606948798,0.9469488054411467,0.9452609459303467,0.9482660359585459,0.9448686870951788,0.9462562655648035,0.9489585280411681,0.9467601470014118,0.9437250396183774,0.9487969931770828,0.9479266692262248,0.9468596723168887,0.9451552286885742,0.9487279654565891,0.9497939576804934,0.944097257491191,0.9440101778194278,0.9489071023986798,0.9439634258376566,0.9465474616150457,0.9488468993533691,0.9454434099185453,0.9469422848563983,0.9471136021385985,0.9476304804669491,0.9465519265350217,0.9464346983902738,0.9466895014505742,0.9445413575923063,0.9452253880720937,0.9482713237704595,0.9491150359852564,0.9466802293864534,0.0018401420850082336,179
772.5964914894104,238.27007117613445,2.4384867572784423,2.316726696171975,0.005064759528005534,11,0.5238935052541599,2,4168,0.785945929553687,"{'learning_rate': 0.005064759528005534, 'max_depth': 11, 'max_features': 0.5238935052541599, 'min_samples_split': 2, 'n_estimators': 4168, 'subsample': 0.785945929553687}",0.9600061993130905,0.9582783067343448,0.9578507656219156,0.9558361727267555,0.9557050846863463,0.9555866558270383,0.9584098696395857,0.9599680296902355,0.9597205708082667,0.9567267891480091,0.9587432431287335,0.9591924925797028,0.9588448225372351,0.9566478855865874,0.9569239140433154,0.9580756705080494,0.9549535114392905,0.9584882245619514,0.9575345710376005,0.9580445781807795,0.9574846617955005,0.9561573752748846,0.9579950805084935,0.9582288296593474,0.9574780946852225,0.9562431484615516,0.9598242959574346,0.9567777390320068,0.9575735287649292,0.9593739366831244,0.9583068068245386,0.9605664521493258,0.9584068243493469,0.9586010918529634,0.9549054280742701,0.9573129407647598,0.9586072056185794,0.960515316077307,0.958330783144483,0.9550560667043955,0.9571707287064379,0.9607746168533524,0.9558382180719711,0.9582817042360402,0.9569310320029373,0.9589139199644562,0.9567288532516524,0.9580089915785116,0.9580862634950894,0.9579883058802662,0.9558146488674354,0.9581422743680709,0.9571378056732144,0.9592108210452119,0.957440226545733,0.9593473153167306,0.9584988359222331,0.9578885933719606,0.9554354219263604,0.9580866337001499,0.9596044681560838,0.9566596197182322,0.9601116529234685,0.957144989334124,0.9562123063457495,0.9558553893647589,0.9538216041057367,0.9607808595566234,0.959944286366239,0.9582784033708065,0.9568634744221519,0.9601628856496516,0.9559518971300099,0.9574876365271671,0.9599920208841322,0.9576059937500019,0.9549705771470394,0.9600032601754376,0.9587504554762609,0.9579932450991155,0.9572546916842869,0.9591351438955363,0.9602874227241278,0.9545468101820258,0.9562433168391888,0.9596139824911638,0.9557554239521807,0.9580354126558508,0.9597313351797568,0.9566152619378498,0.9584157340460653,0.9589297954917029,0.9585056479457912,0.9584061287449686,0.9563204799871122,0.9578153556522637,0.9559581477809109,0.9563392645388251,0.9585053913067588,0.9589872304929805,0.9578260517799125,0.0015561187579216415,59
300.3262791132927,119.15227577597814,0.7783245944976807,0.7740849970774107,0.2554656472004627,5,0.36550724528520134,2,4168,0.7912351927098262,"{'learning_rate': 0.2554656472004627, 'max_depth': 5, 'max_features': 0.36550724528520134, 'min_samples_split': 2, 'n_estimators': 4168, 'subsample': 0.7912351927098262}",0.9555204522761656,0.9536987884119505,0.9511827848917928,0.9492802952765735,0.9498487549770478,0.9505818272524851,0.9509353253553791,0.9532520436686082,0.950776568756991,0.9504190977208671,0.950706667572462,0.9508073873485219,0.9540278163663258,0.9514186934377796,0.951344415472186,0.9508588201425415,0.9484910410276931,0.9525660752022121,0.9520886052231746,0.9526028890402825,0.9514858395382622,0.9498019522095984,0.9512065530096062,0.9509786695291034,0.9530154132781926,0.9511563213060107,0.9550296975034316,0.949215985762806,0.9516692454758696,0.9509497855506742,0.9507200199061624,0.9556666024096939,0.9513503335785496,0.9527538513155762,0.9474011329601648,0.9507613228978457,0.9527697107412232,0.9523619275610726,0.9523053144918923,0.9479884111406045,0.9526668838378562,0.9540987003619626,0.9484561263301163,0.9528186886718375,0.9502644826787574,0.9527042755027072,0.950193198218138,0.9515024040222778,0.9522857327546046,0.9523861294862226,0.9497716573070575,0.9507375592624651,0.9504434733815572,0.9523125787951127,0.9503177261952436,0.9535233049328018,0.9500845524981419,0.9543015512400996,0.948216479699834,0.9535545835513977,0.9540479110875046,0.950331478145763,0.9541800891367677,0.9503912063983593,0.9503119335690733,0.9498020828602279,0.948388377208619,0.9526771595910083,0.9546145225266875,0.9506003621505208,0.9516983687163234,0.9526728768310779,0.9493605366861043,0.9510298689536154,0.9549847536309051,0.9522536177207668,0.9498163190123884,0.9536506196755032,0.9535872012790408,0.9507341287061352,0.950841227916159,0.9522200026034665,0.9531688276549706,0.9484101779433445,0.9503876003175279,0.9549486933302532,0.9490853687930203,0.9529831648636641,0.9534017441395702,0.9498715783241869,0.9524251665749631,0.9518223684851359,0.9520246936942425,0.9516915324274395,0.951308263488954,0.9515788212028499,0.9495154990071252,0.9511041276699898,0.9536279193331322,0.9537905646380629,0.9515897728461001,0.0017881199509827263,153
337.836001701355,140.1887846884718,0.8092765974998474,0.8389403622777121,0.20270630725893457,12,0.55597474162952,2,4168,0.6060449834759736,"{'learning_rate': 0.20270630725893457, 'max_depth': 12, 'max_features': 0.55597474162952, 'min_samples_split': 2, 'n_estimators': 4168, 'subsample': 0.6060449834759736}",0.9465500929623918,0.9477166665149763,0.9471619380058156,0.9437757289561106,0.9428958358370215,0.943372415193395,0.9458165545177585,0.9476634803599627,0.9472266117286934,0.9441474372752104,0.9465080958461151,0.9481618407798199,0.947138207293739,0.9429931672844105,0.9432956415705539,0.946192063967656,0.943747392961469,0.9445399795739943,0.9474991785035457,0.9462320217342713,0.9460320367591366,0.9453289667897148,0.9452373093984195,0.9468227464216499,0.9453026054739456,0.9452526418867914,0.948183063821194,0.9460276154501177,0.9453756460829682,0.9453105797859903,0.9451599083788227,0.9496988285125307,0.946678647079141,0.9465000718947494,0.9420226796129272,0.9454510909019607,0.9456757789085957,0.9488436067227014,0.9472401820831396,0.9436338113556698,0.9462346029985934,0.9477757721377283,0.9414638332599001,0.9473737923628951,0.9443770066860362,0.9471571236426988,0.943111925202452,0.9473492961458279,0.9484439700935776,0.9463354177095173,0.9429441022942235,0.9468887541720287,0.9441715296010471,0.9485818723529108,0.9446569373470515,0.9481350611874383,0.9471520944410768,0.9471510096509872,0.9421224700046609,0.9445386052723015,0.9483765745853981,0.9429505493772071,0.9482042078906828,0.9461619318009781,0.9436824177115692,0.9436329447342519,0.9420294625556557,0.9469500981498249,0.9484417488124381,0.9484267995489902,0.9438781232154867,0.9488552352103683,0.9424143843692561,0.9452877580562233,0.9468856342018244,0.9443685727958414,0.940015747177349,0.9476902345897694,0.9470810638735158,0.9459490890019492,0.9452153935410292,0.9464483166321906,0.9500859500919676,0.9424108648727992,0.9421843871925675,0.9461325049412689,0.9436067143148247,0.9447589649939112,0.9478427804297581,0.9443243571082587,0.9476421845081864,0.9466753182422916,0.9472414614739572,0.9474106551034465,0.9443057602310312,0.9462005055751591,0.9434187611179009,0.9434714347751262,0.9452565455245029,0.9444714409131872,0.9456876422399196,0.0020394938301757154,185
963.6741335773468,275.0232363585766,1.9625763845443727,1.9525832900565552,0.06943579464540373,11,0.8571793203790363,2,4168,0.5486886124474373,"{'learning_rate': 0.06943579464540373, 'max_depth': 11, 'max_features': 0.8571793203790363, 'min_samples_split': 2, 'n_estimators': 4168, 'subsample': 0.5486886124474373}",0.9570649391709466,0.9550750778774663,0.953935110467535,0.9526463247150592,0.953310769320435,0.9528797820308429,0.9557337337725179,0.9568703051140167,0.9557934621297266,0.9534715444710754,0.9563365723509619,0.9566775416147504,0.9557306556937504,0.9516442372125528,0.9532391350844857,0.9546184210150515,0.9513400574402038,0.9548364203996802,0.9549614910528853,0.9545947859518138,0.9544642049436182,0.9534198457505154,0.9551225774022,0.9558081651736069,0.9549645921925399,0.952461254064525,0.956285988893669,0.9544140587199571,0.9543891547231781,0.9569426394809271,0.9547803422726119,0.9566992670937088,0.9552591705238695,0.9554953341705995,0.9517357066996223,0.9534802070801063,0.9552306051717948,0.9565844794286458,0.9551779972980595,0.9527810386439484,0.9551271376839869,0.9572627509408047,0.9519150105191313,0.9553338229052348,0.9548671961339491,0.9556317988438107,0.9515925008655387,0.9552209384476262,0.9549818922165046,0.9549071445110329,0.951979001143439,0.9550152637925278,0.9547968721878275,0.9560792071503139,0.9548452053203662,0.9552658103120539,0.954547162795095,0.9548066508452773,0.9529098563112401,0.955253120458132,0.9567181240043067,0.9523397865748062,0.9559103164747245,0.9545168309786797,0.9529770666460317,0.9524873099175777,0.9507227827130771,0.9558335627227433,0.9578206810850435,0.9552945134564622,0.952629666917529,0.9569801247400342,0.9529970546625778,0.9552862437225702,0.9566591405314517,0.954209915111627,0.9524236453858617,0.9571390966693061,0.9554589241109219,0.9530293603522637,0.9536756628840007,0.9550480236569894,0.9566826139386814,0.9508437107657466,0.9525034929598958,0.9567147385504908,0.9529751067858814,0.9546374911685076,0.9568011297027654,0.9523650081554467,0.9542748373504879,0.9545248613374444,0.9553195646958407,0.9557426782931806,0.9525724286556051,0.9548204381828236,0.9528268742470687,0.9520587936251043,0.9556242775532033,0.9556393683877816,0.9545568058767188,0.0016383310484706702,128
778.2246557021141,185.4598410197376,1.8147681069374084,1.846074349590878,0.003191404586995293,10,0.6726086011394686,2,4168,0.6447630575364863,"{'learning_rate': 0.003191404586995293, 'max_depth': 10, 'max_features': 0.6726086011394686, 'min_samples_split': 2, 'n_estimators': 4168, 'subsample': 0.6447630575364863}",0.9578630652042127,0.9564352845378754,0.9561449073601975,0.9537955792312455,0.9541822628619935,0.9536504548547059,0.9571935013322779,0.958019957735466,0.9576610600092773,0.9546218873628726,0.9569371521517421,0.9572789660652462,0.9570321908918143,0.9547238581641058,0.9545195757704308,0.956023325534007,0.9532881729235124,0.9567310523177461,0.9558764251638654,0.9563306030788042,0.9554271184466848,0.9545907420031932,0.9562826311647934,0.9568862807718698,0.9557646899598129,0.953967119415807,0.9581575715976998,0.9549153082780594,0.9556033487706568,0.9575737724025334,0.9561336906532613,0.9586215306138843,0.9565931722251971,0.9566485770814863,0.9526193931536051,0.955524611373319,0.9567006697497575,0.9585044268899562,0.9564858491521507,0.9532456784402217,0.9552753562052192,0.9589872019119822,0.953738753213205,0.9565526118872176,0.955341603015103,0.9569309504292505,0.9546441563899276,0.9558696121546288,0.955991847866605,0.956339969991567,0.953747293121654,0.9562654027984002,0.9552524633010864,0.9574133373621699,0.9556523966102012,0.9572136906723213,0.9566842102284413,0.955948629967409,0.9538953015174679,0.956236171223813,0.9578491625980936,0.9549103863117885,0.9579385452337021,0.955459874983228,0.9541423683596948,0.9540421405574799,0.9520164086369913,0.9589044185725186,0.9586247262206004,0.9564475109645151,0.9546357655516287,0.9583111578812378,0.9538487141869266,0.9554331614622276,0.957950520968712,0.9559116367171031,0.9531513628675502,0.9581503300641678,0.9568483764484899,0.9558731692541371,0.9555123666376697,0.9576730895951653,0.9587793996625464,0.952598358292338,0.9539379122798212,0.95731772056416,0.9538343169359521,0.955854706714545,0.9578813654459657,0.9548000329936345,0.9563245510562589,0.9569187941729685,0.9568586639757204,0.9559403226527522,0.9548377264086417,0.9560180162096245,0.9539260988742645,0.9540918239514722,0.956929950933979,0.9573694886719162,0.9559439086843321,0.0015914233298516102,104
962.1869434881211,229.15568860268803,1.1984830403327942,1.2120508279787259,0.004799562611044572,9,0.8559137093499958,2,4168,0.6569698307914021,"{'learning_rate': 0.004799562611044572, 'max_depth': 9, 'max_features': 0.8559137093499958, 'min_samples_split': 2, 'n_estimators': 4168, 'subsample': 0.6569698307914021}",0.9584095032134087,0.956974551239802,0.9567437606878232,0.954791073491951,0.9549327528106357,0.9543045597351326,0.9578206877267196,0.9580610393604057,0.9580068583109407,0.9551529601934846,0.9577179576931413,0.9578232721181061,0.9576124338384479,0.9553528411089071,0.9550615283697836,0.9565422644174074,0.9540086700331003,0.9575760383729579,0.9562119219793432,0.9564745311510146,0.9560049298178672,0.9556628384752031,0.9566052486172706,0.9574552644273983,0.9561555318621354,0.9544700341390348,0.9587801626701709,0.9555042811426342,0.9560645449022125,0.9580632767555373,0.9566912655221379,0.9591464942794536,0.9574669630606208,0.9569881419068991,0.9528583101509559,0.9562743488537432,0.9574253221525189,0.9587614042492438,0.9567693183779715,0.9539655503242567,0.9558669941083474,0.9596167515646877,0.954259469507428,0.9567381078674908,0.9559507695400058,0.9578473242005477,0.9550844514690716,0.9565588966675207,0.9563002728198507,0.9567177331693443,0.9541787846904832,0.9565648994943788,0.9557295142426606,0.9583372299700823,0.95597454712579,0.9575269160929134,0.9571070891234252,0.9568346673625496,0.9542008208702394,0.9563968815896463,0.9584636111764616,0.9556888486416923,0.958695149029746,0.9559194711913062,0.954581849568758,0.9548922092955927,0.9526772060276532,0.9591521473560918,0.9592401279408909,0.9562306123176433,0.9550419439062836,0.9589118544699251,0.9546346805785615,0.9557531713840062,0.9584832299265617,0.9561785993073624,0.9541243564061679,0.9591690580943588,0.9572371998549871,0.9559291830411859,0.9561722993164817,0.9584867327676576,0.9592046140709164,0.952974768451733,0.9546916047531964,0.9580752225665602,0.9544069147598668,0.9562139601202844,0.9586732283266391,0.9557280307797327,0.9569722047278694,0.9573056439547747,0.9572910743188645,0.9562263122287896,0.9552691383210573,0.9566917859250358,0.9546815621352572,0.9549499072611344,0.9574372357945888,0.9581744689916369,0.9564911577810357,0.001578458739368612,90
740.781272521019,215.7070423778016,1.0460475134849547,1.0338398054714022,0.02319146980125873,7,0.6303748161446907,2,4168,0.9444780933334733,"{'learning_rate': 0.02319146980125873, 'max_depth': 7, 'max_features': 0.6303748161446907, 'min_samples_split': 2, 'n_estimators': 4168, 'subsample': 0.9444780933334733}",0.9619730481936987,0.9605067682927475,0.9598698763947789,0.9581370256822915,0.9574645352584439,0.957724082045971,0.9603553125695534,0.9615516716285809,0.9612151051281591,0.9585570056841628,0.9603328074182492,0.9607940927874934,0.9612498432726022,0.9595907135116384,0.9585201483502978,0.9594261944084574,0.9568808342256173,0.9611366881824731,0.9600088356354656,0.9599595927756699,0.9583987323608955,0.9595264015922262,0.9605249393895798,0.9599126954722278,0.9603179092611708,0.9582742811481378,0.9617240326609219,0.9586431459473528,0.9593259800727403,0.9607388082633821,0.9598458559392581,0.9626792928064113,0.9601880122703101,0.960503211701006,0.9566478637386873,0.9591473055043956,0.9609938461638351,0.9617616359142418,0.9600104994600017,0.9571914268846311,0.9599628130888977,0.9623847135237601,0.9582808942009788,0.9604258566826778,0.9600572581129763,0.9611721275071394,0.9591061656413452,0.9599581056463494,0.9596555206849204,0.95966687259409,0.9586578849611049,0.9596950309742046,0.9592841435543004,0.9611428122625972,0.9589947809943961,0.9613585350820877,0.9590314056066381,0.959473208139159,0.9576914235077687,0.9609622832492929,0.9610668925848641,0.9581302866911955,0.9620300070261477,0.9596763511037278,0.9581901866251288,0.9579890043573209,0.9559768747456275,0.9620987809044531,0.9622115117916157,0.9602842435654291,0.9583061820350912,0.9614174642229341,0.9581793204131794,0.9594054134405021,0.962201805374357,0.9595480403435472,0.9574458074203537,0.9618186754589028,0.9607199647517806,0.9597263253183054,0.9590526368233583,0.9614512160286063,0.9616348975341525,0.9565302750721744,0.9585094974842412,0.961457327890495,0.958229414532318,0.9602436187896549,0.9618856798342565,0.958640727958162,0.9610350984467968,0.9602517906794529,0.9600137569885149,0.9591032547140667,0.9586823848832801,0.9594119078667138,0.9580343613548934,0.9593344842742676,0.9605558738917511,0.9613467585729174,0.9598039999580698,0.001459639055987226,18
301.42236990213394,125.494010675927,0.8040200233459472,0.8340141791304199,0.003356267169447912,6,0.40316034279043567,2,4168,0.6570271077026499,"{'learning_rate': 0.003356267169447912, 'max_depth': 6, 'max_features': 0.40316034279043567, 'min_samples_split': 2, 'n_estimators': 4168, 'subsample': 0.6570271077026499}",0.9483267261693946,0.9464643554436613,0.9457949680501322,0.9436484207550758,0.9428451832015239,0.9425578938203575,0.9467057613105699,0.948264901438284,0.9474316950733023,0.9439869962385918,0.9456362994463117,0.9472384599971984,0.9476501405612384,0.9445868789884783,0.943538066688457,0.9462626420516863,0.9434465523152038,0.9464493690709461,0.9456848627143957,0.9465144421265039,0.9447552575623652,0.9443165670235727,0.9465610197839575,0.9465426652757885,0.9457554798597463,0.9428967724963969,0.9489644618804116,0.9440468487452441,0.9455379766525168,0.9471760738631428,0.9448108842430573,0.9498654903106791,0.946087691042441,0.9469190865029689,0.9419807411555812,0.9445583461972198,0.9470678337844506,0.9479345734859439,0.9459663858953458,0.9433350346098547,0.9454762393647159,0.9488990903922856,0.9429176022151895,0.9467993956976893,0.9451822368717074,0.9474308264018231,0.9459314286148672,0.9447158689243038,0.9458417313186234,0.9447595039393714,0.9445485902142307,0.9459455654224856,0.9437376083505014,0.9471207851211658,0.9453213808973737,0.9473517733155766,0.9472333048357215,0.9457731955440762,0.9416237187024543,0.9459888839142727,0.9461940804965575,0.9440458148427958,0.9492728145319507,0.9459699773421029,0.9433271260658908,0.9435999279325509,0.9414590883683729,0.9486758487761521,0.9478983203687693,0.9461553412234591,0.9442711948140724,0.947470489934121,0.9437295927178876,0.9449536625622496,0.948035561831482,0.9450524007383914,0.9427351094017581,0.9481984539016574,0.9467226347554615,0.9460372921364286,0.9443612181449833,0.9480098584887402,0.9487419418734252,0.9429372637920166,0.9438422711824476,0.9474673047495716,0.9430816879991053,0.9453751103045411,0.9479651745493521,0.944451697334339,0.9458901308550072,0.9463521784714389,0.9463848142078398,0.9457332984255876,0.9451270077108997,0.9456469374562491,0.943675884380879,0.9439856110140458,0.9470419646649101,0.9482122881380112,0.9456880091237594,0.0018460173795019127,184
479.9268599796295,194.43106167518332,0.8152896189689636,0.8391474054801712,0.016189743372400367,6,0.53528123200517,2,4168,0.8397857166533368,"{'learning_rate': 0.016189743372400367, 'max_depth': 6, 'max_features': 0.53528123200517, 'min_samples_split': 2, 'n_estimators': 4168, 'subsample': 0.8397857166533368}",0.9595973514404595,0.9579827381991177,0.9565738090450802,0.9553912184349792,0.9555290399433772,0.9552777249638206,0.9578670027945602,0.959190925978922,0.9582013138122477,0.9563185590561766,0.9577341973933837,0.958185616463241,0.9586265019154873,0.9570210850036157,0.9557728080775347,0.9571433189096226,0.9544901283307669,0.9588649586924102,0.9570711219101256,0.9576516843246148,0.9561537375302441,0.9567327161463185,0.9583202655375331,0.9575094622965981,0.9571649344038136,0.9556951702080322,0.9596512816250279,0.9561192411600841,0.9572803858847659,0.9585328253150138,0.9570336324682791,0.9602785366682732,0.9575870144257879,0.9583313307418214,0.9539925662834219,0.9565389653206263,0.958592684405363,0.9590957947367009,0.957877507473742,0.9547138003026241,0.9575649131285519,0.9599116626863706,0.9552829803609962,0.9577683913585376,0.9570831417768588,0.9587176637251754,0.9570864921627511,0.9569650464845944,0.9569258393536103,0.9571866931127523,0.9558044455780218,0.9569178107294274,0.9559669548093472,0.9587931937296509,0.9566100937606657,0.9596048044877061,0.9570996947207097,0.9571531755223432,0.9541456871826302,0.9579643509950206,0.9584288912284237,0.9558450986000743,0.9598482278483524,0.9570759240930314,0.9555579345478348,0.9556102671324249,0.9536060813256536,0.9594730356914651,0.9602820399957839,0.9576743566574119,0.9563004560755217,0.9585418125811755,0.9556467810312286,0.9568039942102514,0.9599593325636353,0.9574820476753247,0.9550184642608893,0.9596829610358311,0.9582215222941766,0.9579528194848095,0.9566886190004953,0.9592796296167714,0.9597940933457264,0.9541873464302739,0.9556607478094159,0.9593072348992822,0.9552680572129072,0.9575439722038126,0.9590768491828409,0.9562764803987109,0.9585409278639743,0.9575912102451534,0.9575189983460067,0.9575323617778244,0.9568363391082996,0.9570428568786393,0.9554072728458082,0.956606311158846,0.9585922163858663,0.9591137862770052,0.9573312335261029,0.0015369233719082778,75
355.64923935174943,132.96083223693122,1.412437698841095,1.4463228380963753,0.054788337132392936,9,0.34776668222138757,2,4168,0.6997728671267625,"{'learning_rate': 0.054788337132392936, 'max_depth': 9, 'max_features': 0.34776668222138757, 'min_samples_split': 2, 'n_estimators': 4168, 'subsample': 0.6997728671267625}",0.9627452135545429,0.9609924110884623,0.9608539341972893,0.957876675718596,0.958640936967405,0.9580917823863901,0.9605925773522618,0.9622788313264232,0.9618524209833752,0.9594534998323233,0.9604743837115053,0.9614964134516651,0.9622417056192201,0.9597603070510838,0.9592868481442884,0.9599571596214972,0.9574388676885841,0.9613172589608818,0.9611795140157561,0.9606350584212476,0.9591362134455094,0.9591343091781566,0.961126735641459,0.9599483616675958,0.959502190560434,0.9589903216044174,0.961681521013925,0.9595780148984611,0.9604529892347616,0.9609891490926243,0.9605051400907396,0.9624711075444132,0.9606243460089686,0.9606008436498876,0.9573870360745348,0.9597098823101438,0.9609096507130207,0.9629218295258659,0.9604180785453099,0.958032290915234,0.9599540420778504,0.9618127725116011,0.9580841813455285,0.9609301236518609,0.9600765867926305,0.9602125415237475,0.9602790075295213,0.9606504052530671,0.9600578257712292,0.9608809279053063,0.9588623914204176,0.9601412163860796,0.9589107764073289,0.9607005365768423,0.9604113436623549,0.9618530950979538,0.9602253694495119,0.9606366313137136,0.9576030995407853,0.960163117285236,0.9612982803243403,0.9590674016134153,0.9627101538001913,0.9598220079970984,0.9583309440073239,0.9582182541614452,0.9567165226883652,0.9628854990020792,0.9623433726168741,0.9607260914585479,0.9587422568877424,0.9614926431067131,0.958821609579429,0.9596626126282182,0.9624051476449768,0.9594762195861751,0.9570321385631915,0.9622851145680149,0.9614640212156961,0.9600213908686401,0.959797753508616,0.9608715617279143,0.9618150562558095,0.957402695695967,0.9591800356401045,0.962500656952985,0.9584794986508149,0.9609729364867673,0.9624029957775295,0.9589776699466431,0.9609153722591711,0.9600980717939287,0.9615243605595537,0.9614582923283964,0.958802433965717,0.9595185051285767,0.957965435834519,0.9599579641434036,0.961197912783378,0.9612356029764036,0.9602232829804551,0.001448426977161932,12
953.2752675819397,247.25724301473707,1.187623882293701,1.1460712558450323,0.06153412392775783,8,0.8128183149846561,2,4168,0.814862939539932,"{'learning_rate': 0.06153412392775783, 'max_depth': 8, 'max_features': 0.8128183149846561, 'min_samples_split': 2, 'n_estimators': 4168, 'subsample': 0.814862939539932}",0.9607289114531772,0.9609152213348242,0.9592813824227587,0.9571324052279928,0.957098897467759,0.9572144535650563,0.9602021713945776,0.9600199591056804,0.9597325382607576,0.9584598000487232,0.9594701416538549,0.9596411166987079,0.9605418258240914,0.9588006171708164,0.9577745230743359,0.9590509721244509,0.9560287560124134,0.9602031479300358,0.9590074279703149,0.9590424178165049,0.959312634758868,0.9584171933805391,0.9597574072189323,0.9601532173907547,0.9586617921248944,0.9579651052502162,0.961493123449891,0.9587027196671719,0.9586612546185287,0.960434351447525,0.9601488517653093,0.9620506141816575,0.9599457363539959,0.9600123857597443,0.9560091981008203,0.95947499985662,0.9607115277729327,0.9605759407887904,0.9595205024032425,0.9564076647671292,0.9584198694663928,0.9617308493056657,0.9574442243541076,0.9594539668561869,0.9592089056030417,0.9610131773378371,0.9580148046428983,0.959232660441891,0.9587657889540258,0.9599938635460111,0.9566422698248134,0.9590959300679287,0.9591505697580535,0.9595725220297263,0.9592047306346212,0.9602509199095225,0.9603574262217556,0.959591299242461,0.9574564488060492,0.9595105323036627,0.962053222418972,0.9579463729810813,0.9618329655492832,0.9591246741907637,0.9572802652551825,0.9576493120675404,0.9552263559630864,0.9613046018868807,0.9617809277044471,0.9586948053962485,0.9581763530618733,0.961295249633883,0.9581310455045593,0.9587599588743997,0.9620811332477691,0.9589840136792084,0.9573775944069955,0.9610807037030098,0.9605699119212312,0.9582880111323915,0.9590774140398933,0.9614566393724517,0.9613890336152491,0.9561040738155312,0.9574815307688564,0.9611250151046097,0.9572716068012698,0.9594222090049789,0.9608453503898611,0.9577381356036297,0.9601896429193432,0.9605919006937514,0.9597536605879523,0.958672631070703,0.9579305664240776,0.9597335745677809,0.9575783016242956,0.9587854276762204,0.9602742471602909,0.960463298959687,0.9592639540570027,0.0015078135857457668,29
567.9658186602593,188.4691869622053,1.6972093057632447,1.7316933527120755,0.08604354073824311,11,0.3991872014862037,2,4168,0.7122797082916403,"{'learning_rate': 0.08604354073824311, 'max_depth': 11, 'max_features': 0.3991872014862037, 'min_samples_split': 2, 'n_estimators': 4168, 'subsample': 0.7122797082916403}",0.9574821662772608,0.9569902994986795,0.9569810210702923,0.9546934619916402,0.9532974954779929,0.9538610549842852,0.9561059897560111,0.9587635170724095,0.957219822928488,0.9554273316818114,0.9567961916642909,0.9574533652336719,0.9574589342191528,0.9557475536424791,0.9549344093709753,0.9565528893993465,0.9536995671048583,0.9577868859752062,0.9569529470238036,0.9563797541297008,0.9554016513425996,0.9536777451852078,0.9560967724082805,0.9573778013317424,0.9560516161737156,0.9537848302637187,0.9579990614936477,0.9555544745419762,0.9560087356075033,0.9580892944084038,0.9561968337164131,0.9591390779414667,0.9557718591672723,0.9567531682102828,0.9541028561189314,0.9555093808419786,0.9571678282641154,0.9587282229214462,0.9566144206933969,0.9532128140112227,0.955181721636572,0.9586941208118677,0.9549151210241168,0.9557463556858669,0.9554331411513253,0.9562789022104818,0.9548070983313316,0.9563638757082912,0.9572214647595667,0.9568655584613669,0.9543570091032977,0.957094508781445,0.9554896248866526,0.9573143885741257,0.9561981386690117,0.9579294524850915,0.9571908726550722,0.9561768677192632,0.9544393319776291,0.9568659167355827,0.9578388391982979,0.9546388447257025,0.9592083659179738,0.9555148148485235,0.9537692005792199,0.955382334192791,0.9534395257720842,0.9585873042340234,0.9580994177891848,0.9563285483149485,0.9546715708421437,0.9583355405115277,0.9545596476709854,0.9560086575920425,0.958048747491345,0.9558942833937724,0.9539754875745106,0.9579144188219652,0.9569935561366582,0.9573099650753093,0.9550582371943038,0.9566324701130179,0.9588857027395657,0.9531462759984191,0.9546256342479212,0.9576833824530104,0.9538741456795536,0.955498699520774,0.9581741299754518,0.9538799036219956,0.955978311365778,0.9566981415082377,0.9562988815584275,0.9573047978459405,0.954213449311761,0.9567522533607171,0.955221657876469,0.9561197378618677,0.9576173432305743,0.9571046765578529,0.9561967347721828,0.0015137339219565996,98
1315.8912669157983,263.7198081929846,1.8911427330970765,1.9098867177870817,0.016322835066573,12,0.7497917001202787,2,4168,0.7769314170068949,"{'learning_rate': 0.016322835066573, 'max_depth': 12, 'max_features': 0.7497917001202787, 'min_samples_split': 2, 'n_estimators': 4168, 'subsample': 0.7769314170068949}",0.9561642580114345,0.9542113440850154,0.9553484469874605,0.9522644244963789,0.9525165314892988,0.9522591781385525,0.9553536893202531,0.9567842040426265,0.9561581303981284,0.9528839363260514,0.9558994698644201,0.9556841686428907,0.9559989890619727,0.9529298280588868,0.9534944830121261,0.9549299498192094,0.9518049278554266,0.954663872402941,0.9547289274265048,0.9547772439980329,0.9544839172786281,0.9525212438707057,0.9542068232198274,0.9559406583552398,0.9540593692610888,0.9529701020209694,0.9563759944126556,0.953315904579066,0.9541800862924009,0.9559506136752308,0.9544868242700748,0.957336264934105,0.9554957991276458,0.9550249568328399,0.9513634149600563,0.9535230181530986,0.9557519113411432,0.9572507121859791,0.95465903511352,0.951484234025919,0.9537262751467163,0.9572205739943781,0.9524659189713633,0.9549243271182728,0.9541176037080512,0.9550524082539111,0.9527955867002806,0.9549391837830424,0.9545965120767987,0.9545928460598123,0.9520216433156747,0.9545138447642186,0.9537778651021435,0.9558710076363279,0.9549698743118364,0.9553449019883302,0.955092540147033,0.9546412495599567,0.9530923596422737,0.9544827533781652,0.9564331849528962,0.9535602061355845,0.9563513523814919,0.9541842559405027,0.9525436188697234,0.9525961454434306,0.9502591781712696,0.9574414626450929,0.9565677222257626,0.954925982733751,0.9532657456216609,0.9571760566437137,0.952364827027036,0.9540219550924556,0.9563041984223163,0.9544427351370727,0.9514047084460318,0.9570002038983615,0.9554842179794212,0.9538563334346026,0.9539148168059509,0.956199944904235,0.958297474739596,0.9509847404753407,0.9523801000420045,0.9552265563585811,0.9516796120963505,0.954511262454732,0.9565315216655952,0.9537730604356975,0.9540379726458923,0.9556614596920884,0.9554397309115715,0.9549212205091445,0.9525564491574228,0.9548795079516664,0.9530796870758759,0.9523340958092703,0.954463932969895,0.9556612568106796,0.9544419465772017,0.0016428119569852455,130
736.6407917761803,198.1034033186408,0.9919471526145935,1.0119617960438863,0.01584691190537599,7,0.6872650252991945,2,4168,0.8354288260409601,"{'learning_rate': 0.01584691190537599, 'max_depth': 7, 'max_features': 0.6872650252991945, 'min_samples_split': 2, 'n_estimators': 4168, 'subsample': 0.8354288260409601}",0.9612812710240028,0.9597450304368884,0.9590758198080909,0.9571490268321029,0.9572492442189395,0.9568057472291993,0.9598584978315288,0.9607551675998403,0.9602448152101156,0.9581386001048794,0.9594104952634075,0.9601102293304236,0.9607576185276665,0.9587438360896802,0.9574369823424907,0.9589281864685343,0.9561266389904738,0.9606496308842478,0.9590758859363538,0.9592673971705825,0.9577628125911662,0.9587934904401846,0.9596919934296864,0.9593826892196373,0.9590850472550474,0.9573485874942389,0.9611388311187823,0.9576747729600487,0.9587237962151703,0.9604110000228575,0.9589673624768543,0.961901042879665,0.9597650998727578,0.9596434569375297,0.9562288234072837,0.9588581293468406,0.9601914430743863,0.9606441024086043,0.9597373438114309,0.9567743233386024,0.9589894441462491,0.9616382378648562,0.957035230133934,0.9592761052374574,0.9591895846347446,0.9604920949464174,0.9581226418383002,0.959158669550241,0.958675915072208,0.9591777340403187,0.9565641224583885,0.9586016702280559,0.9583003062987254,0.9601099329263969,0.9584494390281358,0.9607338215754346,0.9592000029399808,0.9590684416896963,0.9565320537024424,0.9599250461698038,0.9600774157442218,0.9574022291815841,0.9615364849578324,0.9584445523715313,0.9571839525569987,0.9572842098149997,0.9550389331039759,0.9614488965449046,0.9615878056160592,0.9588232926959592,0.9573752859996559,0.9605593850861942,0.9573771616189574,0.9584506996958371,0.9616648235951121,0.9586907673912053,0.9567819796629553,0.9610561728244847,0.9600469342835048,0.9592546460758296,0.9585303417197714,0.9611256873900169,0.9612359916521053,0.9556775183560168,0.9574649462308993,0.9608969452837253,0.9576037747762723,0.9588664155117583,0.961002103529264,0.9582321649742701,0.9594445028622222,0.9596708054723123,0.9596708573583006,0.9590543881330867,0.9583599739760141,0.9586471204581029,0.956790608047086,0.9581164145189851,0.960189594133127,0.9604065849526694,0.9590384713223982,0.0015098883476109416,33
1200.422610771656,263.67227328349315,1.1106498551368713,1.1262832921676267,0.05355380716983466,9,0.8516759306417123,2,4168,0.8267151299576464,"{'learning_rate': 0.05355380716983466, 'max_depth': 9, 'max_features': 0.8516759306417123, 'min_samples_split': 2, 'n_estimators': 4168, 'subsample': 0.8267151299576464}",0.9599807874158086,0.9591297892331924,0.9579095340274943,0.9565576900643914,0.9557862271837256,0.9555786165037562,0.9586971808171728,0.9592421080667375,0.9591528078161717,0.9572561403452752,0.9592160738897274,0.959138780323088,0.9585458987986037,0.9563299247089772,0.957090126175306,0.9576462848723438,0.9544718704199816,0.958846203697567,0.9583861567562821,0.9579583305598396,0.9575034397164404,0.9570546777903766,0.9574636621949213,0.9583817064594617,0.9576573558633212,0.9560185362922735,0.9603047071217009,0.9571738152050622,0.9567920344537252,0.9597680933584037,0.9582219918793591,0.9605059374981595,0.9589340672820048,0.9585021848857688,0.9539033911356682,0.9583113574224243,0.9589364881650846,0.9594208307064143,0.9580840730331214,0.9550978788265594,0.957794117285568,0.9606304940131791,0.9558038280311487,0.9577286949841407,0.9577155999627287,0.9589239282901355,0.9564607073655467,0.9578664742171062,0.9576368428608633,0.9589591138326745,0.9547978024101726,0.9578225516948407,0.957834804481469,0.9594730395823128,0.9573855775114528,0.9596216895167187,0.9580402548207876,0.9584249643364723,0.9565742140992174,0.9584689121993472,0.9604011934800283,0.9572593463258298,0.9603785821282672,0.9580606608212453,0.9554727913487683,0.9557793002579136,0.9551546024484164,0.960354669680844,0.9599322278360017,0.957550138424892,0.9561733890471936,0.9608354049388217,0.9572558172153464,0.9577611222720993,0.959823032593636,0.957722757734149,0.9558640327562522,0.9599598095504577,0.9582013399935453,0.9572077461164392,0.9571220572627802,0.9596503892413908,0.9606909291098401,0.9542974283632105,0.9558455292017896,0.959466947109563,0.9562659669893355,0.9572849094195751,0.9599247707960397,0.9573101807678792,0.957423614813148,0.9590927195305512,0.958639388366391,0.9578972156781002,0.9566918061578296,0.9582926040457577,0.956026025760065,0.9569119230716064,0.9583665271410704,0.9585599465421174,0.9578982921679976,0.001551156964393033,56
703.5079046225547,199.8718536665092,1.115247416496277,1.141138376915364,0.20219609705389646,8,0.6457866927126358,2,4168,0.7119526142089139,"{'learning_rate': 0.20219609705389646, 'max_depth': 8, 'max_features': 0.6457866927126358, 'min_samples_split': 2, 'n_estimators': 4168, 'subsample': 0.7119526142089139}",0.9540212637952871,0.9545882955030772,0.9529023999587192,0.9508344641071126,0.9522773924577981,0.9516473510199159,0.95214460232715,0.9547152902947029,0.9535919364170286,0.9509734279231358,0.9525363034894084,0.9531797416712179,0.9553559694078146,0.9513933459034474,0.9501514044273864,0.9533925023338085,0.949788927652904,0.95569535635034,0.9525429607738533,0.9518068255101412,0.9513593349375996,0.9519382136191331,0.9535123708820872,0.952405470764704,0.9535729797565621,0.9511123239138201,0.9553752704418654,0.9516457443842655,0.952630055446958,0.9530464419621149,0.9525928492774198,0.9552445807971014,0.9525096719529336,0.9552111257943097,0.9490202779638017,0.9523738733412985,0.9542400622718601,0.9546214459365631,0.95294941155676,0.9503446707845868,0.95491471392734,0.9561095586932835,0.9511330181318918,0.9530235160407863,0.952761779474925,0.9563067597972066,0.9511944702309953,0.9535192211213447,0.9524706055798656,0.954438586764381,0.9518914201369496,0.9523177479000473,0.952883722806925,0.9535830344235222,0.9520645577092105,0.9544331496248749,0.9517872464084773,0.9541690031943185,0.9502639770176797,0.9539416633881648,0.9535761773675594,0.9516352169799664,0.9569217914333438,0.9523113446900536,0.9481846512978431,0.9516717925247273,0.9516009983993585,0.9559610456558285,0.9544198647292925,0.9533537069876493,0.9512622082806882,0.9554820419280343,0.9498596418589658,0.9522845510156014,0.9548324631472873,0.9533610570579539,0.9492124486068717,0.9545749638073793,0.9549947794672158,0.9529251097213328,0.9530169170098057,0.9555065597117441,0.9553310399542027,0.9504407736609051,0.9501268200297455,0.9537271258148458,0.9495916016439626,0.9532606888332941,0.9538341019203282,0.9519753753539791,0.954462065875483,0.9528028803084319,0.953095822302832,0.9524084098375799,0.9520121824558677,0.9525641284739768,0.9507786082492847,0.9523269408141236,0.9542961534001887,0.9539499087773827,0.9528638764886711,0.0017556443440950027,146
504.3749001002312,197.7509183095053,2.3409948420524596,2.349282351625634,0.030201149519229455,12,0.44571937758017954,2,4168,0.5528977566463089,"{'learning_rate': 0.030201149519229455, 'max_depth': 12, 'max_features': 0.44571937758017954, 'min_samples_split': 2, 'n_estimators': 4168, 'subsample': 0.5528977566463089}",0.9605336661169213,0.9585541999671074,0.9582418977178344,0.9563346906196042,0.9561443395692818,0.9557422881819935,0.9585053444793818,0.9605114382463684,0.9599698456802433,0.9571837357538769,0.9592512604158243,0.9590823049240623,0.9595902549350084,0.9572630935543632,0.9577178540992386,0.9573529417188145,0.9546863408417661,0.9585573438112055,0.9585265410255049,0.9586971052736832,0.9580161545188598,0.9566009888520365,0.9584128032540085,0.9580413804251854,0.9583750355556404,0.9564390864623861,0.9600638582295582,0.956856666961304,0.9577396505291308,0.9590210642459466,0.9578146028369329,0.9609188290985134,0.9582314100617625,0.9586015439744434,0.9550609917984803,0.9572328489072847,0.9588562568817001,0.9606703225935752,0.9587861254353301,0.9557482736708225,0.9584811571069005,0.9605592938190487,0.95627382118655,0.9586798426313075,0.9573251173534206,0.958662180127482,0.9567899608042952,0.9587548486634752,0.9585393032042584,0.958983745905152,0.9556822302782809,0.9588767318840876,0.9577184945835292,0.9596426078441496,0.957618067301908,0.9587283335905235,0.9581515568082107,0.9585453168600043,0.9557719409312088,0.9583042298698116,0.9595189466201117,0.9571653351262597,0.9600777058450417,0.9573862302015614,0.9560692064888101,0.9558271511311761,0.9543402499587235,0.9609113645599007,0.9603561449091736,0.9582446003603952,0.9564455452369443,0.9603548079836637,0.9565426869697485,0.9581316598900392,0.9605207021560696,0.9572712887873922,0.9558382645476818,0.9598068939541141,0.9589512327861405,0.9587417214889481,0.957447094272359,0.9595856241812648,0.9607334910669313,0.9550718875922646,0.9564738014162619,0.9597684820334113,0.9561087038213979,0.958331423140636,0.9598868459949432,0.956296391095711,0.9592666881995621,0.9586379141635221,0.9588794262497461,0.958777552743752,0.9564447726485203,0.957629605780323,0.9555707690359116,0.956615617606438,0.9582437870286037,0.9592082424750553,0.9580750302152711,0.0015468750106281076,50
965.7936075687409,242.94940748677803,1.133364233970642,1.1348164838412786,0.029271953442410396,8,0.7536264877232794,2,4168,0.8066003212782946,"{'learning_rate': 0.029271953442410396, 'max_depth': 8, 'max_features': 0.7536264877232794, 'min_samples_split': 2, 'n_estimators': 4168, 'subsample': 0.8066003212782946}",0.9617010854336188,0.9608218116133258,0.9600259490584122,0.9580318321892224,0.958229299549595,0.9582262370356249,0.9607947239071867,0.9615930756689895,0.9610427765036744,0.9588890213299102,0.9612383481761236,0.9613274843359133,0.9614097638592607,0.9592213864314985,0.9584026819947177,0.9596362079141967,0.9574397885352728,0.9615548783183754,0.9601258836662506,0.9601845403059841,0.9595576438345916,0.9594796623333909,0.9605209370705048,0.960760658577136,0.9596180754123326,0.9588553555476778,0.9616574906196925,0.959164569367242,0.9599368965934169,0.9609637158257901,0.9597232972238043,0.9629737798997858,0.9614170015250484,0.9611022077030105,0.9570075332345065,0.959950225699788,0.960899637060509,0.9617130129762752,0.9601198320653994,0.957093601090684,0.9598453105442204,0.9630620463822009,0.9585872960483992,0.9599927711961314,0.9600872101599119,0.9611330001984223,0.959266127344274,0.959999692854428,0.9596855985728535,0.9602133292648729,0.9583036423466452,0.9597739467593591,0.959806848875692,0.9615605408602963,0.959629067493108,0.961365572971132,0.9600011708586574,0.9599890235051965,0.9579739474264936,0.9608073582067763,0.9618578691932176,0.9591403290219964,0.9624659389344242,0.9591223481797675,0.9582038005154467,0.9585566710918945,0.9564434233218911,0.9626191869761337,0.962492762678995,0.9604483700002115,0.95841040700364,0.9620157599697767,0.9591612704312062,0.9599059885340563,0.9623281595598369,0.9595481722565794,0.9578165650270755,0.9620743819514355,0.9612489349735485,0.9594486316822047,0.9595804174530006,0.9621555288774987,0.9623326136039202,0.9567233044912391,0.9584814264902946,0.9620720507352788,0.9584698676152554,0.959530054340834,0.9618244623027746,0.9593920121671752,0.9605980037900126,0.9609310361763386,0.9611836648847173,0.9604043125022574,0.9589958033671084,0.9597067907433361,0.9581279383132921,0.959259665853337,0.960399176563261,0.9619304819391556,0.9600890299487023,0.001462273406266673,14
327.2994249534607,140.9001677431558,1.0738727593421935,1.1004235737342984,0.009826069993112911,7,0.38456564633196666,2,4168,0.636436732318915,"{'learning_rate': 0.009826069993112911, 'max_depth': 7, 'max_features': 0.38456564633196666, 'min_samples_split': 2, 'n_estimators': 4168, 'subsample': 0.636436732318915}",0.9603533057460952,0.9586658801191327,0.9580554698544345,0.955994972102439,0.9560733228053192,0.9558894757323184,0.958585659955114,0.9599333025681777,0.9596472141562294,0.9571887015402677,0.9584565815711263,0.9587052163692568,0.9593941175722118,0.9578434965368253,0.9566800846897963,0.9579162373364357,0.9552050481385148,0.9595971101706017,0.9579745983698932,0.958348386357915,0.9570926201827464,0.957426336630093,0.9589903012885695,0.9580506398076227,0.9579691159240686,0.9560615421536798,0.9602313450715277,0.9566214272091029,0.9576378942745685,0.959311802515079,0.9577800172358015,0.9611679042068023,0.9584246281805775,0.9587702813944764,0.955294437219021,0.9571592418959637,0.9589429617188002,0.9600731490745702,0.9588119061733673,0.9555866590904019,0.9580838398477856,0.9604445957157769,0.9560492533170761,0.9584013266233693,0.9575652462140652,0.9591174080487866,0.9573828581416632,0.9578794262407565,0.9578854323236878,0.9583023166155779,0.9566747761879686,0.9581324167989134,0.9568805736938334,0.959567445180845,0.9574686914645042,0.9596946154781895,0.9578310507419133,0.9583679709346596,0.95499362677613,0.9586242473825722,0.9591550400057609,0.9567427470737033,0.9606333366100959,0.9577497659838109,0.956099010673593,0.9561045638385112,0.9546315785999409,0.9604404575971262,0.9606321828693082,0.9582940134763978,0.9567345729387227,0.9593788197988057,0.9562243958321832,0.9574388861400989,0.960285127112143,0.9578789675895469,0.9551010194218618,0.9598326813336812,0.9590639856074978,0.9585807623024198,0.9572981299620879,0.9596362623400223,0.9604728393716326,0.9553576032027713,0.9567394691366362,0.9599481453734605,0.9558977802833999,0.9585133982161568,0.9593869337067661,0.9567614533761072,0.959043279618004,0.9582655543643408,0.9587122908426401,0.9583256240447895,0.9573558692704748,0.9577826050484792,0.956163906151369,0.9573303768475769,0.9591714921851728,0.9596408280639177,0.9580406526687804,0.0014914679285199114,53
330.221094892025,121.92918082746718,0.7736990427970887,0.7906487387438262,0.0033572327977361665,5,0.46436425893378597,2,4168,0.6975992433574473,"{'learning_rate': 0.0033572327977361665, 'max_depth': 5, 'max_features': 0.46436425893378597, 'min_samples_split': 2, 'n_estimators': 4168, 'subsample': 0.6975992433574473}",0.9426813179196346,0.940250982294178,0.9399215939434176,0.938033628085739,0.9364436663975289,0.9363803202810586,0.9410223537370227,0.9425898258078409,0.9413070178183409,0.9376168405713387,0.9392747638216915,0.9418386985509148,0.9420290345349382,0.9386119574394934,0.9369735008529115,0.9404756592399035,0.9376240055027326,0.939800157912535,0.939742741004075,0.9403848285284717,0.9383974089576264,0.9385258809981839,0.9406062558472507,0.9406535908782006,0.9402688834117657,0.9365405886117452,0.9432424304407261,0.9377429638931574,0.9395615929990082,0.9415150804672737,0.9382555395540761,0.9445978388139008,0.9400390380440602,0.9408878875640818,0.9353903158073795,0.9384953331761443,0.941604218329219,0.9418703723703612,0.9395754806456355,0.9374079725636218,0.9393175398742939,0.9429174491419051,0.9366653522593745,0.9407695151830865,0.9391927214183687,0.9416706448884097,0.9399614761644062,0.9382433358903045,0.9402365623455591,0.938076322486022,0.9387705089279073,0.9399338873751352,0.9374184233403353,0.9416418808211607,0.9396729563992564,0.94149000607334,0.9419621099357998,0.9394046467495597,0.9348627882652618,0.9395785568309775,0.9401232277363822,0.9381244182719761,0.9437567874902292,0.9406021326992663,0.9365554435102742,0.9376780537748943,0.935735629839382,0.9428363355956493,0.9416821608143752,0.9399624067009887,0.9381370236738833,0.9417331823656271,0.9378026405247244,0.9387407734287267,0.9415906173841769,0.9395053887220107,0.9366701746791689,0.9422796270016485,0.9409555336172375,0.939601530201225,0.9382244219724334,0.9420364754982378,0.9433678456578799,0.9371940695758665,0.9375239254313729,0.9418062011574414,0.936944097410351,0.9388002936024769,0.9423423206718575,0.9385061355693546,0.9394316413220011,0.9403757606032412,0.9408086017328251,0.9395308070463172,0.9389089545467455,0.9398630777988385,0.9375415061928101,0.9376493012830264,0.9408856727320614,0.9425045268245119,0.9396828697664915,0.0020302682468523944,196
746.7022955942153,203.53475513514044,1.1695882391929626,1.178459390636937,0.00266058533728436,7,0.7843776713248867,2,4168,0.7334971504850345,"{'learning_rate': 0.00266058533728436, 'max_depth': 7, 'max_features': 0.7843776713248867, 'min_samples_split': 2, 'n_estimators': 4168, 'subsample': 0.7334971504850345}",0.950150267828828,0.9492919698973337,0.9486742832286039,0.9465000702561702,0.9456804969328185,0.9453182236736496,0.9497546585318843,0.9504937700595151,0.950133246011219,0.9464166400726971,0.9487704481541038,0.949831132641043,0.949852845961681,0.9477266507957308,0.9461548594050729,0.9487466362179333,0.9457873853741161,0.9496511189683727,0.9478833961212947,0.9483272706416207,0.9470340568524943,0.9473239114293741,0.9486926823851279,0.9494439522958606,0.9480518039747382,0.9453931123567716,0.9509035911229661,0.9470996521971577,0.9481721136731632,0.9501223427276572,0.9475535749457463,0.9516484007696059,0.9491271463099722,0.9491591951784178,0.9445299995027938,0.9475652267909079,0.949566179488836,0.9503336686943885,0.9485075324407193,0.9457177128180018,0.947613918891175,0.9512584284574362,0.9462637512401719,0.9491391929456053,0.9480673550457757,0.9504781394494787,0.9474576841726297,0.9476278833788113,0.9481507486376466,0.9475991351897324,0.9467219368316282,0.9482645709498754,0.946994467554742,0.9501175433851874,0.9477958127006522,0.9497167562190885,0.9499267602030095,0.9481450301411635,0.9446812891376402,0.9485209687018186,0.9495917470630397,0.9468240552394599,0.9514628808546225,0.9482880065073761,0.9460485014090123,0.9467574889383856,0.9438817549803904,0.9513879994235173,0.9509234687041433,0.948609934848616,0.9466330902410646,0.9504448768736776,0.9465566705276137,0.947175475276568,0.9504684738574343,0.9475759350272843,0.9457625172268039,0.9508409270246472,0.949277550649919,0.9482549415606796,0.9474193468184187,0.9508147307424885,0.9511574147382211,0.9450361336502883,0.9463373103437273,0.9499915459103636,0.9461835049728984,0.9472898401337088,0.9509689520986244,0.9472514293941215,0.9486855086436639,0.9491887891848975,0.9494116436219827,0.9478614905953953,0.9476141087666392,0.9483126089220829,0.9457102972465127,0.9466391045931244,0.9499336465582079,0.9504418957887035,0.9482864819891996,0.0017899447692252485,170
1304.1379621171952,338.7533914527691,2.9762072944641114,2.8891624906079145,0.0044257514856917415,13,0.7492105015632795,2,4168,0.7213276284945062,"{'learning_rate': 0.0044257514856917415, 'max_depth': 13, 'max_features': 0.7492105015632795, 'min_samples_split': 2, 'n_estimators': 4168, 'subsample': 0.7213276284945062}",0.9546770107065521,0.9525675189847609,0.9537113433150884,0.9509590897316709,0.9513176676334872,0.9505393709267292,0.9539352515377565,0.9552829672255259,0.9550325345532613,0.9518697125565149,0.9543911028069286,0.9545810511237668,0.9541325503123933,0.9512758674944504,0.9519991232282676,0.9533690280052024,0.9498675468172615,0.9531659615432937,0.9528904624560772,0.9532981063665691,0.9523576074073082,0.9509273590458379,0.9526913387207829,0.9540940306649591,0.9526958508971108,0.9511495329738476,0.9549488158461339,0.9514796208597078,0.9525652172499128,0.9546557525986797,0.952840449273521,0.955694653423539,0.9542975598011763,0.9538962456984178,0.9496646126709016,0.9520285750335349,0.9541663986341683,0.9558566213356077,0.9535090584773731,0.950180866044247,0.951886875102754,0.956044403384555,0.950772578058078,0.953201303237166,0.9526083462987803,0.9539007840268854,0.9512162945921652,0.9533039688132975,0.953166685752224,0.9532235237322175,0.9503505499356881,0.953324194364286,0.9517443096619437,0.9547933354716756,0.9531695718628256,0.9534521797831357,0.9539331708115832,0.9533339409466299,0.9511275024066107,0.9529729379638103,0.9552954198300202,0.9517798734558165,0.9546214004851761,0.9527733018098706,0.9511664061531684,0.9512108054928476,0.9486986285225968,0.9562273106122239,0.9555360417674034,0.9533948588818173,0.9517706801804411,0.9560218848752617,0.9505617171757513,0.952522498382019,0.9549369034921408,0.9529581910919243,0.9498700430582833,0.955324734439896,0.9537755657770937,0.9522954528960901,0.9524929728842357,0.9548725342976324,0.956852379877456,0.9490293838314798,0.950236902479781,0.9538199327847722,0.9505006810633226,0.9531480559696115,0.9552849898135658,0.9521527693683303,0.9524367489767814,0.954179929681824,0.9542127820350689,0.9533419671780439,0.951043374502865,0.9535442015640871,0.9509610142396382,0.9506721120473439,0.9534950910877491,0.954302344635422,0.9529341177688748,0.001744067778247845,145
1430.9247787570953,266.0373158526193,2.1300530099868773,2.0564923030439863,0.009541050504959124,12,0.7890396477363382,2,4168,0.8551719409776926,"{'learning_rate': 0.009541050504959124, 'max_depth': 12, 'max_features': 0.7890396477363382, 'min_samples_split': 2, 'n_estimators': 4168, 'subsample': 0.8551719409776926}",0.9558987585974545,0.9537890516540626,0.9544961777941525,0.9520091207815438,0.9522441438312009,0.951345510517078,0.9547025095891599,0.9559736691482543,0.9555644818006094,0.9524889418843687,0.9553745776030401,0.955283637625202,0.9550441279519004,0.9517667607602832,0.9525485817324206,0.9541073909879555,0.9508825755450426,0.9538914677990136,0.9540538171766604,0.9537459676531828,0.9529843690921723,0.9516295339633398,0.9533160398624391,0.9547712009411566,0.953406585439559,0.9516954297885867,0.9558475973757418,0.9522160502128099,0.9536356666150677,0.9552033603177355,0.9538921593941485,0.9565788014964085,0.9551053402901778,0.9546427519199678,0.9506108203235737,0.9530147195281768,0.9548060659281926,0.9568028646682399,0.9541800224094535,0.9505272000105878,0.9528537910006589,0.956618618356837,0.9512845381692203,0.9541651459116287,0.9533940678138747,0.9545127135127954,0.9521000407561019,0.9543718799287283,0.9540223759059953,0.9536609848399183,0.950866752601681,0.9543669910115395,0.953070608717063,0.9553821282988267,0.9539445580126377,0.95431850764714,0.9546482079699931,0.953914172837836,0.9517058301506837,0.9533444300636061,0.9561829525553076,0.952608157046845,0.955946031683103,0.9535394542621645,0.9518868838985074,0.9515407030233334,0.9498129928729263,0.9569033698202685,0.9561711010740414,0.9542705280752126,0.9526436073134815,0.956325320105631,0.9514526815891108,0.9533455730059905,0.9556636702313147,0.9532674350229455,0.9511099908356854,0.9559786439656661,0.9543163597885542,0.953281203433668,0.9530413622417013,0.9551370797720724,0.957354832660666,0.9502684508794259,0.9511779925216393,0.9549298653533971,0.9512839675401166,0.9540355352729322,0.9562150090287261,0.9527312807170306,0.9537444614374406,0.9548609188521033,0.954949904025159,0.9541279187587149,0.9517175509180271,0.9541754514636953,0.951902572034535,0.9510885962308786,0.9542461169330464,0.9548725338488302,0.9537073225361078,0.001717809852916203,136
810.3126128458977,258.86494656865113,0.9517260217666625,0.9665742926079084,0.24350802020929316,10,0.8553966401931281,2,4168,0.7071309096348684,"{'learning_rate': 0.24350802020929316, 'max_depth': 10, 'max_features': 0.8553966401931281, 'min_samples_split': 2, 'n_estimators': 4168, 'subsample': 0.7071309096348684}",0.9468929584723951,0.9464539716940701,0.9483845483018278,0.9443668614763018,0.9451135339048131,0.9437223451994071,0.9463040387110313,0.9484460543674896,0.9464265445974815,0.9452220456593606,0.9474116232734177,0.9483870600925077,0.9468201643223487,0.9457620061410199,0.9437617251598353,0.9459005886424291,0.9442446961409596,0.9479607350757423,0.9464560719159814,0.9441711248603041,0.9452718547050984,0.9466299097967966,0.944452387440951,0.9485263833571668,0.9455275451277491,0.9448866284312403,0.9492770989475279,0.9450331703985156,0.9466357290220578,0.9478317739393468,0.9438705151616301,0.9492963527589325,0.9486234218834956,0.9481300195351985,0.9416991313038425,0.9447909509882446,0.9484307230156709,0.9483376319439176,0.9455081566039737,0.940680711236912,0.9458863338699832,0.9479798636332087,0.9440338844417973,0.9463521595388741,0.9468630943077956,0.9478297650021151,0.942342243706371,0.9461202529732912,0.9477275916118227,0.9484244191489875,0.9445344127786685,0.9477227743534482,0.9465311786443537,0.9487635446018204,0.9451221315620065,0.9478972716501834,0.9462842218278819,0.9472715625702204,0.9437765482620509,0.9470301098658707,0.9499998477446875,0.9447921964887938,0.9498596368584403,0.9460980857473935,0.9445297019110955,0.945026090758692,0.9429325577513257,0.9486364830336412,0.949966874309,0.9467027963416289,0.9452736264081881,0.9482847237321598,0.9443007976355294,0.9456933581106052,0.9476042110579285,0.9449395898036643,0.9429193306782252,0.9500614454178019,0.9467076872016129,0.9439622548671056,0.9460890823152405,0.944965551538864,0.9512222517309132,0.9441990209032026,0.9434036055013598,0.9483874246390405,0.9448195255934771,0.9445883957831371,0.948403336826015,0.9455385678043144,0.9461361202940479,0.9486925906331434,0.9494350530210263,0.9459425889398472,0.9442211851036179,0.9467048669990914,0.9444166994803891,0.9445801565830376,0.9476958340213489,0.9472188057083012,0.9462909411723469,0.0020161168857242106,180
356.6617840003967,150.88269975791624,0.828182601928711,0.8509519522042184,0.18908800050097183,12,0.44696914450563213,2,4168,0.9241719757660005,"{'learning_rate': 0.18908800050097183, 'max_depth': 12, 'max_features': 0.44696914450563213, 'min_samples_split': 2, 'n_estimators': 4168, 'subsample': 0.9241719757660005}",0.9515878730974574,0.9505414176110779,0.9500182152165881,0.9466496264559239,0.9479427523369228,0.9476200802491053,0.9509417963054076,0.9530608627124212,0.9523323885250989,0.9479679165562669,0.9512890907524528,0.9511661256525932,0.9523031005181404,0.948271581089818,0.9474246125237238,0.9484487450402378,0.9483764852667316,0.9507436892729373,0.9522171248104256,0.9494489365902031,0.9482072566883003,0.9475805271897182,0.9500588610416505,0.9509738920475793,0.9500212459598686,0.9466234003810625,0.9512383317014279,0.9495561001644168,0.9499977335692378,0.9516991154292945,0.951137465938196,0.9522064342563201,0.9497900996327506,0.9505292513739643,0.9464672282897595,0.9476875407602334,0.9507239345939081,0.9515105266947267,0.951418036071686,0.9480966585618197,0.948568720156638,0.9525566053957248,0.9464684906549392,0.9493914988831044,0.9494995665319916,0.9496260879871654,0.9483467779116713,0.9506036785357987,0.9514138720905998,0.9510357610038839,0.9483150456451144,0.9495019680543868,0.9487496313356227,0.9505176292957338,0.9496320943525233,0.9486564228358371,0.9485542139794799,0.9499747783104745,0.9493769450413725,0.9505522498062091,0.9518556476113076,0.9490344105465112,0.9513797076406121,0.9496560757380105,0.9467130794911608,0.9465646499371537,0.9459523811492178,0.9534230673957561,0.9516934448854951,0.9497456194774689,0.9480068287095091,0.9496897321226603,0.9483859807594225,0.9488328271322989,0.952014014659835,0.9494956347840613,0.946794183066785,0.9515439608027524,0.9519337845721755,0.9494260453574479,0.9481625868421163,0.950627772390662,0.9526101707995408,0.9471707803298638,0.9479189944163036,0.9499039306654976,0.948025624867751,0.9512988870340833,0.9507590208790131,0.9492963218205983,0.9506810976241225,0.9494827165290642,0.9502796454109708,0.9513068973451574,0.9470456994048597,0.949949647813656,0.9484207275946082,0.9480794992891499,0.950693399857488,0.9498228044743002,0.9496889539996617,0.001720200447947666,163
411.56110110998156,164.6627664657877,0.6520601797103882,0.6675679166177761,0.040257546850620746,5,0.6261177034169909,2,4168,0.7004487210952671,"{'learning_rate': 0.040257546850620746, 'max_depth': 5, 'max_features': 0.6261177034169909, 'min_samples_split': 2, 'n_estimators': 4168, 'subsample': 0.7004487210952671}",0.9601060724054061,0.9580011157417961,0.9568212192257504,0.9561859700032882,0.9557175724118542,0.9548235554736515,0.9578775392078599,0.9592175644903815,0.9582907413002435,0.9571597042466565,0.9579909539615276,0.9583159435124998,0.9592223999902842,0.9572584314306897,0.955812579770496,0.9574389537182502,0.9543694632320683,0.9590481143682872,0.957806854907538,0.9577400193735167,0.9566570806708653,0.9571005539861329,0.9581158510011016,0.9578312960042066,0.9580098068994937,0.9560024245735254,0.9603333693358576,0.9565024147126086,0.9571313420691885,0.9587143721884988,0.9568919283150867,0.9609063992117419,0.9575446328696993,0.9581033113250442,0.9539040824491517,0.9557936093608489,0.9591272077838133,0.9601587330540269,0.9578291007234387,0.9554276885834186,0.9573515826071766,0.9597810141837908,0.9560708459403461,0.957621189972175,0.9577793021840318,0.9594190477179092,0.9572250432143194,0.9576921892619691,0.9573497199717127,0.9580160165190708,0.9563454306576906,0.957659818352496,0.9559250860256475,0.9595616613393628,0.9570315060570178,0.9594523267502694,0.9570288198442468,0.9573813592584004,0.9543927466343273,0.9593340237440772,0.9586860411698954,0.9560068065927876,0.960693155805375,0.9577006631113298,0.9561415269183244,0.9560378454671934,0.9541069497848489,0.9588630328706649,0.9606970255667158,0.9579794643931174,0.9569005159098095,0.9587624049054089,0.9555678780035397,0.9574065638549807,0.9604764532518442,0.957849260003203,0.9551839635407389,0.9594514392063722,0.958966211494432,0.9575138135017828,0.9568268468096908,0.9592041062237904,0.9603545320811001,0.9546315564353302,0.9556258512713861,0.9593710171287891,0.9560904869688157,0.9580542084718208,0.959073032979179,0.9565974315648487,0.9583962354823714,0.9579899514056104,0.9576267911031413,0.9575543392803132,0.9571243099220366,0.9571429624703496,0.955493072658104,0.9575943397042286,0.9585952701047928,0.9599515947012365,0.9576199765624512,0.0015725632431470465,64
611.1411916589736,193.02442853700114,2.565206809043884,2.556571473891444,0.013236985643524067,13,0.41163578809916035,2,4168,0.6278131133359567,"{'learning_rate': 0.013236985643524067, 'max_depth': 13, 'max_features': 0.41163578809916035, 'min_samples_split': 2, 'n_estimators': 4168, 'subsample': 0.6278131133359567}",0.9598182259435605,0.9574835926529779,0.957842663767811,0.9550257488087046,0.9559105365000593,0.9547890881417949,0.9580204111128428,0.9599137027473407,0.9585076863528519,0.956285385558083,0.9579312757625713,0.9587059360292238,0.9579452109678246,0.9557738775219575,0.9564720085130831,0.9579553309704317,0.9540837906581419,0.9579963173738528,0.9574670730883019,0.9580933819000697,0.9568404109189196,0.9555242733018096,0.9578844214086235,0.9579503124521331,0.9571643139682273,0.9557546995016762,0.9589972415752085,0.9561601646858624,0.957150955997491,0.9588624493387488,0.9579360000329671,0.9601673355230789,0.9574486949018217,0.9580147363664591,0.9551579990795045,0.9561237264431847,0.9585319128855376,0.959578162448836,0.957895933611275,0.955058857388793,0.9572886017228416,0.9601380827919266,0.9556172481670115,0.9577215912036345,0.9563763046841913,0.9583369760354643,0.9559222647512154,0.9575536393075003,0.9579898426357335,0.9580225063368728,0.9557836963499039,0.9577031927188286,0.9568030068269135,0.958600343421751,0.9569927108260333,0.958430085709489,0.9582267864484008,0.9578550136679251,0.9549456840987901,0.9577180992549829,0.9590377952251325,0.9562827048615069,0.9595454894404517,0.9566797185659706,0.9558704297042775,0.954832659534361,0.9538463184142,0.959748411027063,0.9592800840429063,0.9580119029705837,0.9559032620000869,0.9598864831084981,0.9552867625817424,0.9571405983228933,0.9596181533968283,0.9570378055499381,0.9546586264694963,0.9594187493400596,0.9577929019501341,0.9577574822409195,0.9567513151185153,0.9590322235274146,0.9602782893559503,0.9536429206946982,0.9558067288589395,0.9586916185987028,0.9551967833523913,0.9578613345632219,0.9590028109865962,0.9558273298376813,0.9577510451318777,0.9581802757346116,0.9577863570860836,0.9578246994638332,0.9555661502101986,0.9570005237242727,0.955639259849058,0.9551736053594498,0.9580186635434047,0.9584320301356539,0.9573334982704064,0.001548404209262766,74
879.7885979676247,231.47343808314722,1.6702169871330261,1.7243709585186167,0.028657643074216935,12,0.6396646702358648,2,4168,0.5934780614924402,"{'learning_rate': 0.028657643074216935, 'max_depth': 12, 'max_features': 0.6396646702358648, 'min_samples_split': 2, 'n_estimators': 4168, 'subsample': 0.5934780614924402}",0.9585603011345609,0.9561388447980615,0.9561299931940792,0.9545052774286023,0.9542826377627541,0.9536590105274048,0.9568223520351913,0.958687875424719,0.9578902045029366,0.9550172029828629,0.9573369937490701,0.9582561758070373,0.9574823511768636,0.954050233170224,0.9552913836789148,0.9559036972834163,0.9536010443868016,0.956181977663324,0.9570971387802868,0.9566553208005454,0.9556326051022265,0.955299230714659,0.9559864989295135,0.9566263708248893,0.9555396244301126,0.9548257583098256,0.9582368372477857,0.9550911156693442,0.9563147444750141,0.9566804586141775,0.9564023031268658,0.958881395674712,0.9573080555580271,0.9574423146203699,0.9524252491424469,0.9551950602163427,0.9570549860463589,0.9589376348526115,0.9565843588545057,0.953017399459577,0.9560287412932614,0.9585961695022418,0.9539662927253583,0.9565708307114792,0.9557959962327758,0.9572971868646071,0.9548125723054323,0.9563575622538263,0.9564518679520171,0.9571378312956222,0.9546235546776337,0.95685857179779,0.955166228771231,0.9581913757493136,0.9558664646635187,0.9569208688195012,0.956826806589429,0.9565723830803867,0.9545989128768244,0.9563334256666363,0.9580393360872297,0.9546660176164689,0.9580804748352457,0.9553610514825587,0.9547796782475865,0.9537636258372422,0.9519610575510624,0.9588071445957449,0.9593170237876046,0.9565556955151316,0.9551746396304783,0.9595931560031995,0.9539282898910398,0.9551895392778309,0.958634213568437,0.9558255306768073,0.9537589856310108,0.958076437283755,0.9567233094497961,0.9560320255431946,0.9558251865208807,0.9579571186051486,0.9593806592081455,0.9523219008907441,0.9540840029838572,0.9574792926854115,0.9539969472078584,0.9561068030383811,0.9584916715623863,0.9557321734924513,0.956176372014911,0.9579871001251292,0.9568090627251538,0.9564783808084597,0.9545253639182563,0.9568019661029089,0.9543638308858271,0.9542919683327995,0.9563159494863708,0.9577334551797185,0.9561913210027213,0.0016671862009117642,99
727.8688135337829,245.90819163768094,1.2448354411125182,1.2554342816189694,0.004576713770144064,8,0.8989949682497376,2,4168,0.5465943251737378,"{'learning_rate': 0.004576713770144064, 'max_depth': 8, 'max_features': 0.8989949682497376, 'min_samples_split': 2, 'n_estimators': 4168, 'subsample': 0.5465943251737378}",0.957263472488142,0.9562478275609094,0.9555973560929636,0.9533730678242508,0.9534123169550304,0.9531880769358373,0.9565936658421121,0.9572389093322783,0.9568307128710615,0.9539289765201047,0.9563818182467392,0.9568324760646056,0.9567560099801341,0.9545698742227576,0.9538113385164677,0.9556726668149179,0.9530799990222474,0.9567315472352741,0.9554828752081679,0.9552748985094416,0.9547871284419234,0.9547922556447391,0.9556568552614402,0.9563848993325205,0.955061562381111,0.9532841095326957,0.9575789633729885,0.9543460268584392,0.9550439850109361,0.956911717004389,0.9553698668562554,0.9583018583005078,0.9564752790965558,0.9561264255510787,0.9521583550321813,0.9548722474392687,0.9565922266114761,0.9573109130013318,0.9558192462006877,0.9525908592018811,0.9550076224011,0.9583598235745421,0.9530186133672733,0.9556450461435964,0.9550574334046313,0.9569080577311346,0.9541237575024707,0.9551389938391762,0.9552142780786859,0.9555016710051734,0.9534685593199522,0.9552603324478739,0.9546899981636621,0.9569398716498703,0.9547977039267896,0.9569685274809838,0.9560078837779454,0.9554593463367047,0.9528177883824875,0.9557204081608381,0.95718524557784,0.9542942197089823,0.9579391884351485,0.9547602785396084,0.9534607119994859,0.9539868188974514,0.9513859340670799,0.9578382970893677,0.9583579937478395,0.9552919483365985,0.9538367393238261,0.9574992614407356,0.9534753335921688,0.9547522336048705,0.9573133068441668,0.9549480279278468,0.9528730538165622,0.9577091243581992,0.9563906642985133,0.9548839762422283,0.9548644984831491,0.9574220567745874,0.957704681841832,0.9520019547337626,0.9535248176399367,0.9571323397256677,0.9534869285117266,0.9548421377543224,0.9576579536927006,0.9544650540718371,0.9559184801203888,0.9565358402280485,0.956202086738718,0.9549945056883784,0.9544166679486678,0.9555329619455843,0.9532659367098106,0.9540309556223959,0.9565438048512158,0.9568465639756156,0.9553941096797761,0.0015877231685909989,116
550.632088110447,207.8018230839955,1.3119948267936707,1.345642250673657,0.005043032494055014,9,0.4338278902640621,2,4168,0.828467526482219,"{'learning_rate': 0.005043032494055014, 'max_depth': 9, 'max_features': 0.4338278902640621, 'min_samples_split': 2, 'n_estimators': 4168, 'subsample': 0.828467526482219}",0.9605450984071715,0.9588823113035805,0.9581914545355582,0.95644270236007,0.9559538423827301,0.9557702256612786,0.958767391651766,0.9603963368445977,0.9600982372488565,0.9572921758978393,0.9590282661817197,0.9593839103568748,0.9592221246764349,0.9577445396564774,0.9571687935952109,0.9582302778000625,0.9558742749615728,0.9593902554350042,0.9582228035476328,0.958836966889744,0.9578788587698173,0.9571910607503442,0.9588040859494745,0.9585528873950686,0.9579077729241184,0.9560918718993389,0.9604693217465241,0.9571421674815641,0.9579520628746857,0.9597270836396863,0.9584441701423495,0.961018320261554,0.9584146368578533,0.9589386231539049,0.9553823596878483,0.9575700505275687,0.9592510949665649,0.9606734448556207,0.9589041479303453,0.9555346878134172,0.9578683128924261,0.9610376846881815,0.9563158363212964,0.9587393196844162,0.9574463569544719,0.9593255289249618,0.9574340723706654,0.9582414908451993,0.958397404651496,0.9584616816763328,0.9565212497392912,0.9581208993597966,0.9575888634318301,0.9596898941958772,0.9580809743137041,0.9599038982304899,0.9584010245396215,0.9583728050477062,0.9558228523872068,0.9587689889487988,0.9597966806107234,0.9569803670509873,0.9607293179308121,0.9575152278402439,0.9566731833188623,0.9561795344531425,0.9545645592875576,0.960781416250502,0.9607453574956365,0.9586008074603888,0.9567207487903044,0.959953737710694,0.9564329807088864,0.9576785323676189,0.9604212269032817,0.957804752364103,0.9554915977859276,0.9604605783479994,0.959419845957015,0.9586818358545425,0.9577568713330259,0.9594738585085978,0.9603912471288892,0.9552721546557128,0.9570145365923294,0.9598556273043286,0.9560109254343636,0.9583248713377305,0.9601787958630655,0.9568099456590966,0.9588481676003138,0.958739854684737,0.9588530894043347,0.958554335000119,0.9571327529691742,0.9579640268186761,0.9564519259847765,0.9571124703892167,0.9593058551964607,0.960087325649323,0.9582560076422911,0.001515235560563951,47
636.5040487074853,215.25614197667645,0.6992355179786682,0.7015767637748809,0.3148118030349409,5,0.896472573405416,2,4168,0.754653481010436,"{'learning_rate': 0.3148118030349409, 'max_depth': 5, 'max_features': 0.896472573405416, 'min_samples_split': 2, 'n_estimators': 4168, 'subsample': 0.754653481010436}",0.9510673498986216,0.9472062560471629,0.9468324782723413,0.9466222310111588,0.9463713108633315,0.9473539981040192,0.9488506766753892,0.9489483468081203,0.9496403489103511,0.9468672299661455,0.9475593741736807,0.9493196737176296,0.9507395323706634,0.9466622596447929,0.9458652479675296,0.9473543518844635,0.9440005037653837,0.9514059839637617,0.948682430428362,0.9468788619130941,0.9462193807926846,0.9475607915000362,0.9478793005301336,0.9479283553459223,0.9474084333885393,0.9471942201291688,0.9487777343846601,0.9476496904183879,0.9487110055607572,0.9484777891474553,0.9482604926675471,0.9509524136393307,0.9487293103384158,0.9486855940566927,0.9417673821155539,0.9471162437851718,0.949135089211382,0.947666376544727,0.9490584898282155,0.9453942750721823,0.9480229139803124,0.9508328967677564,0.9459973015987461,0.9478810491548426,0.9499606365220097,0.9518483294494751,0.9461524480904431,0.9474019882985876,0.9475795402273429,0.9470929526574658,0.9459987772846777,0.9474446238130528,0.9450309975095162,0.948029009823027,0.9459408326947469,0.9492042954547243,0.9469979202878275,0.9489321775612012,0.943832349708399,0.9482084585945496,0.9489098497674618,0.9449277398029221,0.951564275746556,0.9481694153534249,0.9454110686332938,0.9464032608196793,0.9458507792339628,0.9494128527724708,0.9500893253141146,0.947118657762262,0.9476259948751973,0.9474468632368245,0.9453238790500397,0.9472863663824732,0.9507254319742814,0.9473657123041184,0.945135501539618,0.9491773106896467,0.9484199748691998,0.9481267205280698,0.9472982238528557,0.9490116170065641,0.9517752421988191,0.9445687380287762,0.9474657446602123,0.9503440731997568,0.9452600949075738,0.9469690886231037,0.9483848667230818,0.9491814690430604,0.949502749337485,0.9480689547208161,0.9472838997727642,0.9500711356149198,0.9452317423464964,0.9478465157661519,0.9460675715716117,0.9463513976730561,0.9496772098273649,0.9502714019407758,0.9478031303179254,0.0018550324777142223,175
567.0514564204216,211.50896636994133,1.0928746199607848,1.0993584037294852,0.009477580161406974,7,0.5762776490360921,2,4168,0.7166462117662614,"{'learning_rate': 0.009477580161406974, 'max_depth': 7, 'max_features': 0.5762776490360921, 'min_samples_split': 2, 'n_estimators': 4168, 'subsample': 0.7166462117662614}",0.9598141133734107,0.9583407360468252,0.9577041214462074,0.9556331519693848,0.9556165284956685,0.9553896533185424,0.9581817027285082,0.9593982900150292,0.9589155968053887,0.9564358633736005,0.9583666567354594,0.9586556793966023,0.9593533256184053,0.9573296633430244,0.9563784480830924,0.9574299942025144,0.955008106280449,0.9590875043579592,0.9575707369491577,0.9580166350849715,0.9567301820260787,0.9571733630799922,0.9586582062411918,0.9579996273096119,0.9574684987002626,0.9558075272770306,0.95975850704674,0.9565475989747428,0.9572894417750292,0.9591246197742346,0.9573734631161804,0.9602978635922076,0.9582039540498588,0.9582680807077071,0.9544289752295038,0.957157032367361,0.9587301468165305,0.9598113179444796,0.9582464437203622,0.9552375157557996,0.9572762449137433,0.9601307737020833,0.9556582864000441,0.9580092157228101,0.9574853398920387,0.9591470291558384,0.9568897926148324,0.9576215078629049,0.9572725922308043,0.957587471226481,0.9561269252899459,0.9574706158709748,0.9565503438282507,0.9592484965699245,0.957112234604951,0.9592628880083086,0.9578274550059633,0.95743896259385,0.9550084354578064,0.9583702477308113,0.9589408744550003,0.9563705964200423,0.9598470097886057,0.9575808815631321,0.9558026655606104,0.9559776367737247,0.9536425457081117,0.9599819275366549,0.9605086858386294,0.957825530810052,0.9563701816881852,0.9590256050260753,0.9563321242182197,0.9568750854703484,0.9601555532300896,0.9573922098343981,0.9554927935145145,0.9594896340878941,0.9587983031461296,0.9578779822971023,0.9569836461852195,0.9596705825745786,0.959724627040524,0.9542577985287952,0.9560710643868502,0.9594357941545887,0.9554443888244448,0.9575092410226214,0.9594562489683324,0.9566241763391448,0.9583019127712621,0.9583235818327525,0.9581061344207156,0.9576172681081622,0.9569890971667832,0.9575237885154319,0.9555919675328662,0.9569412891942022,0.9585064894522686,0.9593824250738641,0.9576518308087241,0.001500482600135935,63
474.9011702656746,160.69677197297605,0.7337476062774658,0.7272451034786122,0.25566286825132806,12,0.8447686965101635,2,4168,0.6986024431356466,"{'learning_rate': 0.25566286825132806, 'max_depth': 12, 'max_features': 0.8447686965101635, 'min_samples_split': 2, 'n_estimators': 4168, 'subsample': 0.6986024431356466}",0.9440836368357943,0.9419688349523984,0.9415090042955737,0.9403762217543472,0.9385012097047514,0.9377617233398565,0.9421232153612634,0.9413024705262188,0.9430953380821595,0.9415757739530252,0.944080788721556,0.9420952293564752,0.944566205347042,0.9378171348017957,0.9387364139600212,0.9400964436331231,0.9394184393558904,0.9411516642481026,0.9431801743081523,0.9395495786136638,0.9397749921112758,0.9386363459064198,0.9416419571452924,0.9425446075699496,0.940520979272446,0.9401681515149093,0.9437856986609405,0.9407217950118703,0.9423118183517502,0.9416630555064002,0.9393572275107376,0.9452445838266123,0.9445263248712122,0.9433198744408343,0.9369613940414433,0.9402699316841956,0.9427355737557922,0.9434841430613665,0.942291615437879,0.9385825682037596,0.9391096869564436,0.9443612706438884,0.9377074765696831,0.9395721758787232,0.9418559683843444,0.9438584385689687,0.938790808485021,0.942024792957776,0.941789181689712,0.9432067659039922,0.9388704702293783,0.9424125742396295,0.9410505709134898,0.942494696549041,0.9400440518064144,0.9434295049052873,0.9415459799627288,0.9410910523776228,0.9402545298147699,0.9395450191217088,0.9434981440290872,0.9402463853374072,0.9442185812149403,0.9412941199617817,0.9401244455159249,0.9397340614380646,0.9357649131897664,0.9457230770978828,0.9456079687945318,0.9404901900621567,0.9405396739513345,0.9432653994058713,0.9383187488750118,0.9420619462543094,0.9436957638655614,0.9412786939795988,0.9400306788022954,0.9432768233353988,0.9449516564860506,0.939663726391174,0.9400215441495557,0.9419924585448892,0.9462553344031265,0.9377904715455857,0.9382868737943699,0.943609633256615,0.9383422303886072,0.9408128758863006,0.942888299406427,0.9413576376416408,0.9413044023111515,0.9407258984055471,0.942620688750873,0.940777607119473,0.939315142141772,0.9419690039791508,0.9394946229935118,0.9396919916104518,0.9409926060705817,0.9411820928660211,0.9412776356824871,0.0021104201592096923,194
574.7041065621376,224.5571051084839,1.1341289353370667,1.1648107888224237,0.0020143801083789686,7,0.5198936688318733,2,4168,0.8996750943797756,"{'learning_rate': 0.0020143801083789686, 'max_depth': 7, 'max_features': 0.5198936688318733, 'min_samples_split': 2, 'n_estimators': 4168, 'subsample': 0.8996750943797756}",0.9477709803038553,0.9463315016880555,0.9455769598721476,0.9433608262871396,0.9425277341811156,0.9423618382456854,0.9463856280619037,0.9480801529671375,0.9475311518275342,0.9434556625119006,0.9458102120852879,0.9470209600408513,0.9471148118303346,0.9444354892776226,0.9428533707662338,0.9457231282147969,0.9433407332684415,0.9460154123041467,0.9452010725894276,0.9461091101013591,0.9441852122528126,0.9441362079929472,0.9459457370163585,0.9462009843667123,0.9454299497057054,0.9419201978996063,0.9484399031670001,0.9441356944541198,0.9451734278172096,0.9470230811110204,0.9448538722300719,0.9492951690246034,0.9457873115575368,0.9463688205621353,0.9415438163080776,0.9448614337689764,0.946728584978339,0.9474880220238958,0.9455324731930748,0.9427425392298331,0.9449418867456967,0.948440232488234,0.9430350247913761,0.9464363599458318,0.9445761531389761,0.9470375744640543,0.9449624517315337,0.9444247941967324,0.945818435212493,0.9443700415048285,0.9441672791687283,0.9456605519002828,0.9437406224472119,0.9471644069463077,0.9451022410503056,0.9468482131410597,0.947301874621015,0.945240630542614,0.9416517361333041,0.9455698046381831,0.9461366206030326,0.9438158452999168,0.9489835937576593,0.9455652682411525,0.9431766502925599,0.9436003685522794,0.9410313373393415,0.9487119198096323,0.9477944157563365,0.9459830873419095,0.9438414064921657,0.9476178804651435,0.94331374444709,0.944480839421861,0.9476126517735282,0.9446472770750416,0.9427683138525562,0.9481768901929241,0.9464128312881392,0.945731186070134,0.9442003060370523,0.9477328718980668,0.9481921123769704,0.9427663091875049,0.9435498375292646,0.9470660211577511,0.9428844918066583,0.9447566867890094,0.9481636002251669,0.944276053451651,0.9458038128529138,0.9460135121667351,0.9463740356397142,0.9447861576120761,0.9446773893444764,0.9451476252272155,0.9434342700946087,0.9436456853600006,0.9467626445326031,0.9477143549598955,0.9453863939621552,0.0018463437724896945,188
780.529216799736,240.95775234499362,1.2887045001983644,1.3416318426337712,0.021492877622786812,10,0.5302754167783346,2,4168,0.9087200648184439,"{'learning_rate': 0.021492877622786812, 'max_depth': 10, 'max_features': 0.5302754167783346, 'min_samples_split': 2, 'n_estimators': 4168, 'subsample': 0.9087200648184439}",0.9617511618048065,0.9598208241488966,0.9596400389489675,0.9578628892771706,0.9573645239491237,0.9574504272785193,0.9599063935029319,0.9614164042226956,0.9610254982805306,0.9585188243862545,0.9607355307262065,0.9604526039968222,0.9602041800550608,0.9581616369895493,0.9587964285596439,0.9596297720160772,0.9564059906111003,0.9603838692465857,0.9593096798561549,0.9595357828520071,0.9593667753596479,0.9580476359953601,0.9598835375330083,0.9598962877414047,0.9592514839586495,0.9581469339306938,0.9613205585807792,0.9581643286351975,0.9591348669408432,0.9607077266498334,0.9602989991955224,0.961964937922137,0.9601687439516615,0.960497630004756,0.956266663578988,0.9589443207567374,0.9600419350384255,0.9619578240028178,0.9599233290360221,0.9568372697456821,0.9591665978401641,0.9619679911100263,0.9575935864916986,0.959670320105664,0.9588206400676441,0.960582846219703,0.9581631044702426,0.9596968597904244,0.9596621620776422,0.9600711857734313,0.9571939360025142,0.95993184512567,0.9588247804399745,0.9606835986545391,0.9586473135517765,0.9614605106783785,0.9592618211380587,0.9597103020164237,0.957264398317151,0.9601477888489083,0.960991183369441,0.9579968281536104,0.9615960853893885,0.9587971119110842,0.9578014672050987,0.9574476519290899,0.9560523337194764,0.9621643358693999,0.9617446340821103,0.9597498253281715,0.9580208855891016,0.9616231742935013,0.9573320877660468,0.9594300440032073,0.9618147156815036,0.9592741941455559,0.9567895594228668,0.961474749736527,0.9609665952477188,0.9595636130760428,0.9594373096682427,0.9604581410150865,0.9618035576095443,0.9563797839707557,0.9576041627221179,0.9612339565655651,0.9570439052681196,0.9595672446818649,0.9611515447077105,0.9585530713685635,0.9604034896343718,0.9599562493324366,0.9599488781627159,0.9597958121331505,0.9579268977620734,0.9590833611780321,0.9575827027585604,0.9587673844487863,0.9600628034648303,0.960999042534124,0.9594610621289291,0.0015087324263254242,26
