mean_fit_time,std_fit_time,mean_score_time,std_score_time,param_learning_rate,param_max_depth,param_max_features,param_min_samples_split,param_n_estimators,param_subsample,params,split0_test_score,split1_test_score,split2_test_score,split3_test_score,split4_test_score,split5_test_score,split6_test_score,split7_test_score,split8_test_score,split9_test_score,split10_test_score,split11_test_score,split12_test_score,split13_test_score,split14_test_score,split15_test_score,split16_test_score,split17_test_score,split18_test_score,split19_test_score,split20_test_score,split21_test_score,split22_test_score,split23_test_score,split24_test_score,split25_test_score,split26_test_score,split27_test_score,split28_test_score,split29_test_score,split30_test_score,split31_test_score,split32_test_score,split33_test_score,split34_test_score,split35_test_score,split36_test_score,split37_test_score,split38_test_score,split39_test_score,split40_test_score,split41_test_score,split42_test_score,split43_test_score,split44_test_score,split45_test_score,split46_test_score,split47_test_score,split48_test_score,split49_test_score,split50_test_score,split51_test_score,split52_test_score,split53_test_score,split54_test_score,split55_test_score,split56_test_score,split57_test_score,split58_test_score,split59_test_score,split60_test_score,split61_test_score,split62_test_score,split63_test_score,split64_test_score,split65_test_score,split66_test_score,split67_test_score,split68_test_score,split69_test_score,split70_test_score,split71_test_score,split72_test_score,split73_test_score,split74_test_score,split75_test_score,split76_test_score,split77_test_score,split78_test_score,split79_test_score,split80_test_score,split81_test_score,split82_test_score,split83_test_score,split84_test_score,split85_test_score,split86_test_score,split87_test_score,split88_test_score,split89_test_score,split90_test_score,split91_test_score,split92_test_score,split93_test_score,split94_test_score,split95_test_score,split96_test_score,split97_test_score,split98_test_score,split99_test_score,mean_test_score,std_test_score,rank_test_score
356.6756340646744,201.38150024787717,0.3458190274238586,0.34829848058995244,0.034309977022776265,10,0.8255183999255711,2,4168,0.8993315400781986,"{'learning_rate': 0.034309977022776265, 'max_depth': 10, 'max_features': 0.8255183999255711, 'min_samples_split': 2, 'n_estimators': 4168, 'subsample': 0.8993315400781986}",0.9231790951663503,0.9266260435506867,0.9353485374243024,0.935359754672124,0.9306146284907357,0.9360842991473307,0.9280937920205115,0.9288366908189873,0.9190697438473712,0.9332826068316797,0.9344108653317863,0.9247273363525426,0.9304336885839526,0.9390317081149747,0.9296744588712247,0.9332125331928169,0.9308886693807776,0.9247609077218264,0.9268148721178029,0.9359698598608777,0.9250684194225196,0.9458545823125684,0.9197220788787259,0.933187169569454,0.9286104082781111,0.936813307561451,0.9295337613824859,0.9254914736492632,0.9323150925143202,0.9182206932619554,0.9268017769186542,0.9298633567761887,0.9335172723731051,0.919774433076968,0.9337929627643073,0.9221453059515933,0.9258027814583126,0.9363030554022116,0.9319634262362638,0.9360807025717091,0.9281029145065465,0.9332634366080982,0.9359388664788337,0.924151052149487,0.9310465853626213,0.9290407057230414,0.9310739910576618,0.927605362264445,0.9322291278044627,0.9316978614017757,0.9296860772336194,0.9356205841501517,0.9353473272020325,0.9194651918343739,0.9305196476738079,0.9303022906863009,0.9345350087491135,0.925617883011037,0.9302445243539569,0.9351499288686596,0.9281121148192751,0.9360685372085573,0.9306160243089174,0.9301591156256254,0.9198515660139178,0.9376368603135178,0.9294560305510847,0.9270184851574105,0.9266518063274388,0.9339036474362373,0.9292347660081003,0.9282837098396819,0.9301276173550392,0.9332178446041297,0.9365358290983061,0.9245482719849973,0.9420143774336646,0.9338569563132982,0.9286093470548766,0.9305244675066984,0.9263978030712541,0.9350271235476121,0.9283222946695774,0.9270765074141513,0.93525307144847,0.9329612810049366,0.937795630390981,0.9285630521234257,0.9231924972388619,0.9368124741574052,0.9307789160152804,0.9385087087322745,0.9282433328205473,0.9281206870439211,0.9274263768377087,0.9307279703869542,0.9330464412756205,0.9285007133215349,0.9291184122889959,0.9333998691844847,0.9304362105691364,0.005064005930902472,136
83.62884186267853,68.03726834474824,0.16246474027633667,0.16751709031165252,0.16094119246640926,8,0.7102644796917272,2,4168,0.7257235182514921,"{'learning_rate': 0.16094119246640926, 'max_depth': 8, 'max_features': 0.7102644796917272, 'min_samples_split': 2, 'n_estimators': 4168, 'subsample': 0.7257235182514921}",0.917128397984649,0.9265229623652274,0.9357265801488944,0.9326493910147584,0.932511704295228,0.9327304489327918,0.9235753283111912,0.9302512320934107,0.9174008082289529,0.9289536118471239,0.9278926691612455,0.9214901437005291,0.9310228533824441,0.9340363813992482,0.9320541419611489,0.9315712429630758,0.9276882908558759,0.9229039781907205,0.9261443224714341,0.9291179639716294,0.9237418819320433,0.9417203170782786,0.9182661521746378,0.9332339868556263,0.9261750913646377,0.9356192792345823,0.9301974756546191,0.9213625301698757,0.9303181751188876,0.9121181753623995,0.9238848381459593,0.926771354353696,0.9329936845132895,0.9153318572709909,0.9282231402796967,0.9175750618119645,0.92982189306867,0.9382576587999886,0.9306821350317117,0.9383835554636462,0.9273197119612733,0.929539615203119,0.9309674449591835,0.9223527043560568,0.9321219098698558,0.9277087816891207,0.9290608785956112,0.921802579417144,0.9309722170857916,0.9346357880550664,0.9223651596672513,0.9396134519747579,0.9345697617700572,0.9206188707053565,0.9298560402092562,0.9267768994222206,0.9319612114885519,0.9289833426114315,0.9269577885575733,0.9291133630417172,0.9269679061542541,0.9350348893818048,0.932992120121875,0.9278276485381638,0.9165754972579196,0.9326549349929936,0.9226706533425091,0.9272527313776648,0.9246474049854226,0.9289368557044267,0.9269516017551417,0.9300228454029622,0.9256141312703353,0.9286281133117917,0.9359406596176677,0.9224393417582882,0.9389750743016932,0.9330939430782794,0.9287038076433118,0.9297886433216018,0.9254251598590737,0.9332878401497611,0.9227649855336794,0.9254688769807322,0.9335962495656875,0.9289905593283876,0.9346617495042229,0.9218420109079819,0.9254721467634753,0.9330077923697292,0.9294456228092443,0.9323480878536212,0.926588077101012,0.9303945811844997,0.9278133247907921,0.9268292053890772,0.9346596028293465,0.9265938647885159,0.9263149830683637,0.934465725821324,0.9284903746752181,0.005513272476846073,158
25.002667717933655,25.14968530080289,0.08063392162322998,0.09344317446518993,0.20267695188333315,13,0.4934133071510458,2,4168,0.7422756934537176,"{'learning_rate': 0.20267695188333315, 'max_depth': 13, 'max_features': 0.4934133071510458, 'min_samples_split': 2, 'n_estimators': 4168, 'subsample': 0.7422756934537176}",0.9042835694733713,0.9143892453081476,0.9231098982003967,0.9148711945821557,0.9160538633187375,0.9202485246011329,0.910335201824066,0.9175096790536207,0.9074682909192509,0.9157473731388622,0.916160899482461,0.9118276090673625,0.9198090684669712,0.927943048637789,0.9145915804044211,0.9156255280170078,0.9144053514167463,0.9098896787874425,0.9136744413805152,0.9163114658097793,0.903300907011144,0.9263481505352714,0.9072106448401086,0.9208339194782088,0.9133589365147629,0.9258545119308237,0.9078042588309013,0.9101986506808836,0.9126199627416502,0.9014058444195397,0.9043585577134325,0.9131788757883391,0.9239791366643101,0.9062874084580806,0.9225196783125164,0.9085810772487741,0.9085619076438523,0.9232644997191504,0.9197484680984584,0.9231025401592132,0.9140458043646544,0.9182558577472081,0.9202875736892642,0.9081628801615886,0.9215330700493148,0.9159547217150831,0.9202444751105625,0.9107046969088036,0.913699515130502,0.9179243412766303,0.9165700054875732,0.9237482040102751,0.9257686885639103,0.9011955609541081,0.9201846976340743,0.9170099268923757,0.9207145485812375,0.9150331406550052,0.9187686525092719,0.9178133404909955,0.9046690392226878,0.9255696059903524,0.9144754897774673,0.9088694722703056,0.911822532988523,0.9179501207746521,0.9132568928852024,0.9193703466183377,0.9115128016670385,0.9208923794903965,0.904443585712573,0.9130708367599323,0.9168680695569127,0.9204183402397693,0.9215203947502997,0.9140069022280665,0.9274271352459948,0.9223490332373245,0.9134018297224133,0.9173570779423499,0.9135026386713208,0.9200606234815495,0.915596315838419,0.9160667870604583,0.9211492222971507,0.922648097017167,0.9184315066660456,0.9161648091778901,0.9112865526776974,0.919512202735439,0.9162538431712014,0.9219624033159776,0.9104445080065484,0.9123873302637574,0.9159519951407629,0.9168871608747396,0.92140834279527,0.9101640888153546,0.9124160418153853,0.9186559843798867,0.9157459549189472,0.0059462704536896735,190
47.77140460729599,41.24383443960616,0.09550426721572876,0.09631414790732111,0.13420186966472852,13,0.563207966534582,2,4168,0.890300529340937,"{'learning_rate': 0.13420186966472852, 'max_depth': 13, 'max_features': 0.563207966534582, 'min_samples_split': 2, 'n_estimators': 4168, 'subsample': 0.890300529340937}",0.9112220919696404,0.9167694225553408,0.9293369687880544,0.9253041320813526,0.9229924933155688,0.9302965577529966,0.9178781726308531,0.9182640360009936,0.9107194314315386,0.9215839938674409,0.9235752537223607,0.9155586848603239,0.9220479397285287,0.9310625751229642,0.9214137152133407,0.9281170304287062,0.9234070583653687,0.9109184520667514,0.9139016462700859,0.929438271997689,0.9184597187698744,0.9370671747176389,0.9083955778773902,0.9235754947179049,0.9221429600804609,0.9320078149036731,0.9188396741812938,0.9191180780304967,0.9223762566445952,0.9114648952896905,0.9160470785111341,0.9228930315385352,0.9266171433419057,0.9106121642260474,0.9234720162012869,0.9098235132132223,0.9118083119887406,0.9249849725492915,0.9230857554554909,0.9317728104044183,0.9187152064704759,0.9251081930549794,0.9284625137137104,0.9164342649388239,0.9264257358890331,0.9230580229710893,0.9218129549855012,0.9185437348703954,0.9251684687317338,0.9261237148815794,0.9192679898485363,0.9317086474957527,0.9248832727585943,0.9137833357222978,0.9253368080225604,0.9206870218368769,0.9282544265956018,0.9183353774353579,0.9209960841963237,0.924984559389757,0.9178152312354518,0.9290395940451909,0.9257882621704666,0.9227055878970775,0.9094985941024385,0.9272345420140453,0.9199480125337038,0.9204508457770633,0.9215948498151793,0.9297741027626806,0.9188541102661979,0.919935381038683,0.9262234548936852,0.9231063139464948,0.9275621453006369,0.9145833274891715,0.9340705502059978,0.9303307702635711,0.9206804793833225,0.9220334129214985,0.9159062898905439,0.9270015974378717,0.9184442646164186,0.9183185118568207,0.9297298745493895,0.9259938612627118,0.9304394754305642,0.9194813856895523,0.9163203309073384,0.9257813955246876,0.9209393016890898,0.9302808787410002,0.917923764085128,0.919207682566658,0.922960807893673,0.9166727495910731,0.9251511092098703,0.917316512347862,0.921377224091284,0.9221757729612202,0.9219911506302729,0.005973564389145235,176
88.47954569101334,59.178213785001226,0.2907015895843506,0.28677002715059113,0.011478916201752568,9,0.3467468889128293,2,4168,0.8888719962112984,"{'learning_rate': 0.011478916201752568, 'max_depth': 9, 'max_features': 0.3467468889128293, 'min_samples_split': 2, 'n_estimators': 4168, 'subsample': 0.8888719962112984}",0.9283077184212515,0.9334901967879663,0.9427519827657599,0.9402605438084077,0.9369397798404776,0.9387243620515461,0.934349715155636,0.9398843218056595,0.9272027630443991,0.9380675042205946,0.9381688923703273,0.93065954110014,0.9386839731632629,0.9434681897146074,0.9344270574286279,0.9395814867340196,0.937259311480098,0.9300777616517975,0.9358156787598155,0.9400020826377421,0.9296895771386227,0.9498856768964825,0.9252732362165497,0.9419690777561394,0.9350615119992046,0.9422616779725522,0.9346273132683821,0.9340078025595318,0.9391764962285273,0.9231860337179574,0.9314461499943963,0.9360076931642874,0.939915241110402,0.9266966556795212,0.9410130398057308,0.9271714096699002,0.9325125044043737,0.9431927165996857,0.9351566738737167,0.9429310963339465,0.932498715360175,0.9409239430599844,0.9403692088897995,0.9305371202222741,0.9396103019463072,0.9378862609126737,0.9362256395247177,0.9304740664424086,0.9369305894452732,0.9375226329438294,0.9337819742274267,0.9425637692123123,0.9411044799262437,0.9266888718765309,0.9362283116733447,0.9372229618783909,0.9394228758728514,0.9323104658817927,0.9362136353871982,0.9375762750913649,0.9339035045892852,0.9436101754610814,0.9370690220567893,0.9323996229947569,0.9294184544123487,0.9425354921251726,0.932778486453264,0.9354795335717984,0.9350264035194868,0.9398589019378041,0.9328696498420853,0.9337506671711433,0.9385970967987798,0.9388579614802199,0.9408716539932124,0.9316039537178373,0.9430824600202751,0.9387844210986807,0.9341319319552538,0.9367042106062899,0.9326205401100885,0.9411835186081939,0.930329878347162,0.9347490477812421,0.9410167985776366,0.9401117239678392,0.9396083105182383,0.9333456837910271,0.934148958546074,0.9397204593586139,0.9365948073954135,0.9399729922013413,0.933785179294281,0.9352934675894207,0.9352556577527065,0.9355292787195817,0.9396680908534315,0.9328675002433414,0.934145665495262,0.9387509176755038,0.9362542862773893,0.004684305245311948,57
176.52348643302918,101.33762813906793,0.17358022451400756,0.17862937782591784,0.11252755476052344,5,0.9035772568372358,2,4168,0.8750524870215068,"{'learning_rate': 0.11252755476052344, 'max_depth': 5, 'max_features': 0.9035772568372358, 'min_samples_split': 2, 'n_estimators': 4168, 'subsample': 0.8750524870215068}",0.9281809744020426,0.9342933289402182,0.9414819534275436,0.9361328839411873,0.9380712507414061,0.937310863034341,0.9336947822421465,0.9378354354412723,0.9290471469338591,0.9409475497450289,0.9353701991392013,0.9278655255712136,0.9343449586047348,0.9402331741050917,0.9391657615162566,0.9387354039718588,0.9373255534245852,0.9283708059194264,0.9321932355229512,0.9405831899383121,0.9306140491122424,0.9455552554148575,0.9225289210967952,0.9391782700806299,0.9362543971824697,0.9381973513102524,0.9333950680013945,0.9290225405933634,0.9389956971269062,0.9186781189566641,0.9330223008856542,0.939059462820592,0.940131546402893,0.9257523185789985,0.9402392454175769,0.9232060201915795,0.9311552753066936,0.9421005975401381,0.9349871637940617,0.940724444737546,0.9339539262048786,0.9378344437103561,0.937738429940378,0.9271419713734048,0.9377283623245981,0.9347479146025754,0.9310100044027642,0.932314530688062,0.9368174784648167,0.9378088733399558,0.9345798964184491,0.9388310751628839,0.9411643740798035,0.9250719734788454,0.9352133575405277,0.9354615756839998,0.9385584531762241,0.9307429682958961,0.93685296142199,0.9373192538354226,0.9344229197695798,0.9391141179763816,0.9380880348008808,0.9339563488766925,0.9285474843185816,0.9419100108994592,0.932219169304172,0.9354301756988399,0.9329583406409323,0.9376566264737342,0.9369869670841475,0.9343134007062863,0.9358790041746828,0.9372722647427489,0.9404083172786603,0.9321381674820108,0.9431630450818735,0.9379012639377309,0.9339679677271459,0.9350901185490071,0.9310786710938765,0.9412574351556465,0.9266372876309293,0.935510800847599,0.9381810355844696,0.9376375118358868,0.9382121983106332,0.9346340006040357,0.9352149398439654,0.9395218294160386,0.9354545974890509,0.9383059431576851,0.936939913677703,0.9358720457240364,0.9322004742439266,0.9372547218289673,0.9378689470785032,0.9327508407930439,0.934902107894027,0.9376562658752206,0.935333891588686,0.004689783903044697,64
218.56767029762267,136.88850097593675,0.27876866579055787,0.2805021202568243,0.02182672713652882,8,0.729429006999116,2,4168,0.8426212864018037,"{'learning_rate': 0.02182672713652882, 'max_depth': 8, 'max_features': 0.729429006999116, 'min_samples_split': 2, 'n_estimators': 4168, 'subsample': 0.8426212864018037}",0.9291615527914026,0.9341852467506611,0.9427194106159908,0.940102373094341,0.9375285884288135,0.9407939818223942,0.9325839835046648,0.9384865980574012,0.9255644954062237,0.9374533634624941,0.9391709347400473,0.9315678208281285,0.9378588374192818,0.9431198928897429,0.9378739195849346,0.9396022537716743,0.9375460087683505,0.9326109781644684,0.9338594596958267,0.9402436725998848,0.9309896510296621,0.94883871218985,0.9272756531848482,0.9404446992406348,0.9357617524288957,0.9421400991465408,0.9352064570896049,0.9329181083736972,0.9375377826518314,0.9253179371501387,0.932636839076575,0.9356098664835734,0.9420887163871257,0.9270211802481696,0.9405314861559227,0.9275257378332308,0.9339940439482496,0.9438040133228528,0.9371282728170863,0.9429607269896014,0.9346276029709277,0.9432112316091589,0.9386933593599863,0.9322210324295532,0.9394199737459333,0.936023054824215,0.9364665024893682,0.9329231088061934,0.9392926603826509,0.9383814681497443,0.9352075143705846,0.9413962683591685,0.9413909753810934,0.9264764416300578,0.9356011406949922,0.9376502670396172,0.9400300021630609,0.9325395646350639,0.9363242528367162,0.9393150612324689,0.9329682125582494,0.9444964497156987,0.9377304581025804,0.936212007297643,0.9299530101539639,0.9429979060160069,0.9329784474796536,0.9352419975077157,0.9339495179587609,0.939008998956884,0.9344921741857446,0.9326675474028554,0.9381778179068556,0.9386285445012673,0.9433341654452392,0.9320536695843404,0.9461060906060683,0.939823784497956,0.9352440882493529,0.9364280232558861,0.9334948921335491,0.9425882591458399,0.9311948536412697,0.9345069200248101,0.9416574262649091,0.9400839130958454,0.9415915634997433,0.9339171451306786,0.9334493014888858,0.9409494271220223,0.9394656387116925,0.9409148650280393,0.9331849136522375,0.935514550232734,0.9333476258862957,0.9365388065936918,0.940441321060214,0.9345916937537279,0.9345758670470451,0.9402002473725629,0.9367365873352388,0.004613289441538036,51
119.4567743062973,88.90932143048968,0.1906243920326233,0.1895599610758439,0.04074815560860463,5,0.6381938749367917,2,4168,0.7162553812160863,"{'learning_rate': 0.04074815560860463, 'max_depth': 5, 'max_features': 0.6381938749367917, 'min_samples_split': 2, 'n_estimators': 4168, 'subsample': 0.7162553812160863}",0.9322053168293624,0.9359469983531911,0.944135513755339,0.9392502623060931,0.9415203830007433,0.9424911677135619,0.9366818512508444,0.9414004846923374,0.9319718976885488,0.9392470845818544,0.9393394378287724,0.933734553654698,0.9387411125936546,0.9413111367231127,0.9391104650487386,0.9395922592577876,0.9389434283572374,0.9356293064868253,0.9386017657163074,0.9430472805805251,0.932422441483291,0.9484498915560489,0.9284288539413073,0.943385260469107,0.9389710542076123,0.9449151374975193,0.9395022990368584,0.9340129040170261,0.9403225320061465,0.9248531726833393,0.935231400679638,0.9376480050166396,0.9425502829437842,0.9301592165190886,0.9437307305729704,0.9277465137246865,0.9362712076296494,0.9460139584713215,0.9373752593162292,0.9462290298240174,0.9354028824574673,0.9432335115711572,0.9388129597227637,0.9316162643395254,0.9419767289521963,0.9403151329258335,0.9373301631140849,0.9356481306606013,0.9385175430465391,0.9411358832176762,0.9363729823798388,0.943367506561748,0.944932223930373,0.9290156786797971,0.9376577232430926,0.9385175217172276,0.9423325106822743,0.9366914074436138,0.9387752384047784,0.9414233340554797,0.9373907890324126,0.9453697617538347,0.940778910460412,0.9395113001834701,0.9318904793709517,0.943905856658086,0.9370250062760485,0.9412843040992844,0.9370711789468467,0.9387254730230115,0.937084418624449,0.9383364332609503,0.9415405262062866,0.9420295208342779,0.9445188665778275,0.93634507135484,0.9452010347378929,0.9396780305226252,0.9363206667278323,0.9386551317306859,0.9363043209513127,0.9427554037901836,0.9338071398366993,0.9393072944649526,0.9424049107631282,0.94125848667469,0.9432411723423823,0.935121846155315,0.9364234263867419,0.9423379852944962,0.939692622140097,0.9429736904668893,0.9383403711538522,0.9413362090949001,0.9357445217720208,0.9402832304201192,0.9414408052453789,0.938702009710297,0.9366538936758182,0.9417303807743909,0.9388671866661759,0.004266961771411322,16
142.14486474275589,103.75568349043355,0.2951457142829895,0.28934376006704315,0.00787169111132696,7,0.6000233430178148,2,4168,0.7797632208827519,"{'learning_rate': 0.00787169111132696, 'max_depth': 7, 'max_features': 0.6000233430178148, 'min_samples_split': 2, 'n_estimators': 4168, 'subsample': 0.7797632208827519}",0.9317580622002075,0.936197868295854,0.9442657634916791,0.942242889354847,0.9402843972454845,0.9419325508954993,0.935749719757711,0.9406708382323016,0.9305656609948723,0.9393023185723233,0.9416189427862163,0.9351135455391333,0.9402229597861542,0.9456928139596127,0.9396720574818079,0.9423223127333636,0.9403839479955252,0.934814349382266,0.9367696213300233,0.9422773516032266,0.9344378651436084,0.9503386894121003,0.9286649469168675,0.9434930370811618,0.9388345926851764,0.945091504943425,0.9382175121274527,0.9351123920923092,0.9412903438663109,0.9249193257253867,0.9344503938885758,0.9397614362169524,0.9428224882383256,0.928245979348974,0.9432929190655369,0.9300544138852832,0.9354279280253209,0.9457477921834102,0.9387301629973511,0.9457574723567626,0.9365903969243073,0.9441432285630655,0.9406318732109964,0.9333478423496191,0.9417261265171442,0.9397436373744805,0.9377153257100844,0.9346084992089996,0.9396332518092599,0.941190723791269,0.9360375205034014,0.942975720703023,0.9443654288623169,0.9295986217693315,0.9381403754634214,0.9395214970604426,0.9424390690433888,0.9351370457976046,0.9388472196275174,0.9404550981441867,0.9366133828988936,0.9460412098801995,0.940860031761636,0.938085162397156,0.9324910059308548,0.9455994583729885,0.9357366768849309,0.938192206096882,0.9368355129019512,0.9415461478219875,0.9368666815365074,0.937180301431887,0.9412987441178858,0.9416774827156817,0.9446152519233384,0.9337434343080789,0.9466164306157252,0.9411315417622204,0.9370690853719251,0.9387593728763858,0.9364023394462561,0.9431808278325048,0.9334163566337776,0.9379951696047778,0.9420963911385789,0.9427345388069114,0.9430917820329983,0.9371280802110993,0.9368116646078751,0.942479828076963,0.9398726444384118,0.9425999320783471,0.936194289755621,0.9391759316089289,0.9366965196528291,0.9393654388833736,0.9429410814890826,0.9365719355630805,0.9362385090637901,0.9416777226083745,0.9390102777541296,0.004429262034388435,14
108.24538327455521,93.10597882295468,0.5231192541122437,0.5301695128593744,0.002204408027866876,10,0.42196109783371993,2,4168,0.6368187333479057,"{'learning_rate': 0.002204408027866876, 'max_depth': 10, 'max_features': 0.42196109783371993, 'min_samples_split': 2, 'n_estimators': 4168, 'subsample': 0.6368187333479057}",0.9266168034320915,0.930275500284934,0.9402010467635961,0.9391258127542198,0.9341582402169898,0.9368433692586053,0.9321628403165109,0.9364768247143385,0.9249727774619839,0.9353754529093933,0.9367541956571925,0.9288531823932447,0.9358013733549844,0.9410376398636849,0.9331523133770474,0.9377214110606475,0.9356013877053366,0.9287920199187449,0.9302761341118277,0.9381565368611039,0.9278940697341698,0.9471883814078467,0.9228779786574055,0.9389563160146587,0.9331901412886111,0.9405662978630704,0.9322950923743308,0.9301450708413149,0.9369567159829146,0.9193003795493286,0.9285969455277127,0.9341965051018781,0.9384286033916135,0.9227770762388526,0.9390100247780879,0.9249851214151816,0.9295579388648666,0.9416038519093002,0.9336595003134693,0.9403306825164648,0.9300318296796537,0.938655284747905,0.9381853775149096,0.9288909709411992,0.9373596512716433,0.9356217295708562,0.9330876076139109,0.9283415061196402,0.9352535309277656,0.9364848400569917,0.9311592823704992,0.94063082341864,0.9392267104870867,0.9232710539789064,0.9343062282611835,0.9349613982428389,0.937692065779931,0.9306019646042957,0.9345472905841369,0.9345517425220122,0.9313181512302514,0.9410987162838556,0.9356025081198535,0.9308650196605067,0.9276118379391195,0.9392023686154062,0.9306146975420708,0.9333241566952641,0.9321112823599975,0.9377674116916525,0.9288452161126806,0.9312135594839723,0.9357124495813399,0.9372416706260139,0.9398796209327743,0.9293822257692889,0.9419885777400419,0.9369540134773536,0.9330666943050645,0.9340788907865242,0.9309363486307112,0.9396366639594881,0.9299215757828319,0.9332114728165831,0.9378976284963848,0.9374840278540432,0.9385009041108469,0.9305440106527584,0.9307830236905601,0.9373378959924885,0.9346906930808032,0.9389053236725051,0.9310865263384608,0.9334158804880047,0.9332107815974892,0.9338322555891402,0.9383413538593695,0.9312548531064138,0.9318788365651655,0.9367280971587916,0.9340520966727743,0.004851866757014084,82
209.07908566951753,143.16747693423113,0.3816329765319824,0.38254711376596817,0.01480199922593233,9,0.7311375937791238,2,4168,0.6934767629369737,"{'learning_rate': 0.01480199922593233, 'max_depth': 9, 'max_features': 0.7311375937791238, 'min_samples_split': 2, 'n_estimators': 4168, 'subsample': 0.6934767629369737}",0.9288756220321779,0.9336201677645787,0.9418152067289295,0.9389672133885609,0.9365276800087906,0.9396375147629058,0.9334452216796438,0.9370254988825688,0.9273371763337273,0.938903388368914,0.9396312871940915,0.9308755705338758,0.9367862350438858,0.9438310378197581,0.9373265387242515,0.9385087404829746,0.9368804804484115,0.93295894219639,0.9314302032472527,0.9389343324725535,0.931969714478807,0.9493495869568084,0.9266579168807674,0.9406108167129359,0.9347466077658639,0.9417698353857461,0.9345510089036868,0.9320974355993775,0.9378809441386214,0.9240711373275039,0.932387947206085,0.9359554843664399,0.9402858553518285,0.9249445447291721,0.940880753689887,0.9256300628730316,0.9323489456180766,0.9428056842197755,0.93647950243035,0.9430205471432019,0.9317773855674889,0.9398842720435251,0.9399509801448768,0.931231466526035,0.9387995404158589,0.9352515074249086,0.9331295388801604,0.9326128203057286,0.9381029045778251,0.9382391533408058,0.9334077349603036,0.9421682082230927,0.9414840017178481,0.9253856269533229,0.9348616701160185,0.9360452191307211,0.9391437593673495,0.9325762516084531,0.9352938441424649,0.9375451140285365,0.9319293896990225,0.9432804558055142,0.9372771590070516,0.9352994919388022,0.9275813270233167,0.9418453060652516,0.9324081312979273,0.9339738318920155,0.9332917364986203,0.9392476112574119,0.9342033789288413,0.9340685543567603,0.937812070843738,0.9384196915396465,0.9419192351123586,0.9304701919317944,0.9449398580543857,0.939001352237194,0.9346267942528068,0.9369544232860351,0.9333632661578742,0.9401581953124263,0.9316561473538855,0.9341760970519385,0.9381949590339528,0.9395211667742658,0.9420355450635105,0.9341464913506013,0.9309455546313674,0.9396839832219349,0.9372284297544752,0.9404922574899075,0.9328324839173125,0.9360918193346719,0.9327421960635958,0.9354658920588522,0.9391305723254049,0.9336013928893788,0.9346560236791248,0.9386153306008345,0.9360194118446136,0.004652253845449518,58
94.87908856153489,70.0204042294663,0.22235965728759766,0.23783437006849342,0.019230985848199402,6,0.3926818835585638,2,4168,0.9455311449794073,"{'learning_rate': 0.019230985848199402, 'max_depth': 6, 'max_features': 0.3926818835585638, 'min_samples_split': 2, 'n_estimators': 4168, 'subsample': 0.9455311449794073}",0.9317997725394598,0.9360649132732256,0.9447797345555176,0.9431879179471103,0.940235340181471,0.9422205622210333,0.9376348282761047,0.9425237361554933,0.9320037601846317,0.9410489604037174,0.9431950763937862,0.935513969107648,0.9410311584458333,0.9452729723692476,0.9394727169992394,0.9427093583905148,0.9411052801154439,0.9359776473336833,0.9411693792039643,0.9425205053544684,0.9337723387922081,0.9501701600277073,0.9277314098334652,0.9432102275668705,0.9393497449629715,0.9453722853571872,0.9384533800011926,0.9372919712048815,0.9427844255320134,0.9274878591213718,0.9346841851111682,0.9415387272853764,0.9421995509060084,0.930510666052228,0.9434793689323422,0.9302359091152083,0.9389229867095422,0.9479957449092022,0.9394499351991802,0.9479011014640113,0.9367784876791998,0.9448855138990138,0.9421732601809772,0.9336553686996341,0.9423800868150185,0.9402684600101047,0.9405579656691241,0.9352827776440348,0.9390478000154754,0.9416966588613198,0.9365998672128676,0.9449899589208661,0.9455739711313486,0.9301979863791561,0.940387052750157,0.9398652666200891,0.9433904886316162,0.9371050776129565,0.9400005267297082,0.9396529823545191,0.9373866387463651,0.946235144866034,0.9404993308838306,0.9373330821295528,0.9342061248181671,0.9456869095019902,0.936972806777341,0.9400807570419691,0.9366957119403785,0.94201722022988,0.9380128348754182,0.9391295313559819,0.9431859322797763,0.9418172471771639,0.9445829253010452,0.9352782360905727,0.946061201213713,0.9415573114987926,0.9372530496456686,0.939447202030892,0.9365743783673603,0.9442637830576496,0.9348731588384529,0.9387134691645125,0.943280816866863,0.942933773633981,0.9428998169040838,0.9364108200020242,0.9370463523329521,0.9438471704031339,0.9392955028674892,0.942858709121483,0.9376508627039422,0.940117878891805,0.9362343078836652,0.9405355578607832,0.943048892239629,0.9379702075309002,0.9370375620549429,0.9422062791742698,0.9397773762365738,0.004331632801059024,4
88.48417476654053,73.94522243240083,0.3172551536560059,0.3082856758109084,0.058894059575253024,7,0.4099061789374698,2,4168,0.675271908931688,"{'learning_rate': 0.058894059575253024, 'max_depth': 7, 'max_features': 0.4099061789374698, 'min_samples_split': 2, 'n_estimators': 4168, 'subsample': 0.675271908931688}",0.9287228239894587,0.9332226589146451,0.9412756409370178,0.9390339918843108,0.9372916462425919,0.9395851454656061,0.9355425928276597,0.940446869545425,0.9302700921385766,0.9384943630212611,0.9395893940922883,0.932414990915094,0.9386326558831123,0.9422492317804844,0.9391039777960862,0.9406605065595663,0.9391233227814447,0.9342961046337482,0.9369262772670992,0.9409426044079917,0.9342232029227238,0.9483943056142411,0.9255708881860631,0.9421165943451418,0.9356734295048698,0.9431256045574127,0.9367920482517819,0.9352870066148177,0.9387231940961724,0.9272432050498807,0.931852586357343,0.9372541870295975,0.9403695695784845,0.925491107415239,0.9417306845276583,0.9278971061234892,0.9350858003752723,0.9444224976204771,0.9370250348433875,0.9446387162865802,0.9316504958549473,0.9448733540914259,0.9391346618204475,0.931356889728458,0.9406836315230696,0.9393762467196668,0.9357164370223039,0.9332496435621402,0.935810077898463,0.9390264217312987,0.936358626737776,0.9414318605918628,0.9437193983886987,0.9253583850787878,0.9368444088727476,0.9380330623692923,0.940963862151443,0.9340225065049488,0.9365311970181516,0.9396639629300786,0.9356106085646964,0.9432012917880473,0.9373170476932002,0.936319136859228,0.9317893940497227,0.9422417368115583,0.9343811372574194,0.9385897690889927,0.9323623421081414,0.9388806213328557,0.935680492182501,0.9345801821985316,0.9396716688094489,0.9400597933217097,0.9438469428547595,0.9323196590200409,0.9450060678032481,0.9403320730541395,0.935577879500784,0.9386889494783768,0.933215644028374,0.9404760600927683,0.9325656042591647,0.9361707883196055,0.938824010534965,0.9398069628762897,0.9403053718086404,0.9350538779257137,0.9326003950438465,0.9395475320219344,0.9383678868160678,0.9424004553319661,0.9352822287686764,0.9376969782960878,0.934797132062127,0.9370969226905452,0.9387430016520156,0.9354415707703204,0.9371358676872635,0.9406887428706779,0.9372722061861457,0.004424709649078802,44
253.68305853128433,138.86339562472028,0.3104588270187378,0.32301030062746405,0.013154903428519675,9,0.7035132276732117,2,4168,0.9410460479419269,"{'learning_rate': 0.013154903428519675, 'max_depth': 9, 'max_features': 0.7035132276732117, 'min_samples_split': 2, 'n_estimators': 4168, 'subsample': 0.9410460479419269}",0.9281244640307749,0.9324018027952073,0.9403053057211492,0.9393604248545933,0.9340439009276729,0.938468170545106,0.9314708235516803,0.9351706846093023,0.9256254428435962,0.9358100359150678,0.9362363692232325,0.9296539013040257,0.934520061251106,0.9416738617596436,0.9353521885049713,0.9375403431798468,0.9364634365728435,0.9298054157550187,0.9296600613951476,0.9387595502970615,0.9296340108590111,0.9482031812155807,0.9244247522750485,0.9377867724029153,0.9329855135969913,0.9407540366571172,0.9323461750262183,0.9301605872215466,0.9359747130233904,0.9216356667916974,0.9307071852760647,0.9348644905787105,0.9396162402636279,0.9237970435750277,0.9394597932806499,0.9246597644047337,0.9292579488332603,0.9416350837452095,0.9345618789652181,0.940145475869496,0.9323651627780796,0.9389753142373076,0.9383511575016925,0.9294502769325429,0.9361193808810884,0.9339686384876568,0.9336113318210416,0.9305412018694417,0.9370467335522166,0.934935668272972,0.9329113336510673,0.9398651088621973,0.9394674844879385,0.9239967516668943,0.9341288752629185,0.9355835736543394,0.9393178641407798,0.9299537182885088,0.9344378808888901,0.9374566565929678,0.9307116453359334,0.9424865516234346,0.9377807058333179,0.9341371121645142,0.9264439062828991,0.9417087202650974,0.9326283421707834,0.9330650790057344,0.9316160993879261,0.9385306447686045,0.9325259381222561,0.9316332802049788,0.9364545998549754,0.9363933647225391,0.9391343147138624,0.9278187925449896,0.9443446374971382,0.9365498480656578,0.9340011555067005,0.9348006173259862,0.9316367817426308,0.9400588153017466,0.9301394132741142,0.9322208321497167,0.9392756990974056,0.9376561609981275,0.9396710907692033,0.931864944773105,0.9307436427769419,0.9393612296837915,0.9362201976546354,0.9385211911888022,0.9309785291594149,0.934425587586318,0.9329291878755196,0.9334834812198258,0.9389105174185266,0.9317084573828903,0.9322994227659608,0.9378955761860825,0.934583067871312,0.004782112472024726,72
122.65125448465348,94.06130932294535,0.3420091938972473,0.3488386226042017,0.058787488174591576,9,0.4287208298911828,2,4168,0.8147337384172095,"{'learning_rate': 0.058787488174591576, 'max_depth': 9, 'max_features': 0.4287208298911828, 'min_samples_split': 2, 'n_estimators': 4168, 'subsample': 0.8147337384172095}",0.9260503181615054,0.9304148236186041,0.9410577166173109,0.9345202474988653,0.9355433594134541,0.9370955223969156,0.9282081045776533,0.9346827570254058,0.9247761907269939,0.9350892866931119,0.936289202781091,0.9270504505102416,0.9356075364078438,0.9413838530986005,0.9327059163929645,0.9354268428835435,0.9347693031117977,0.9281666106565032,0.9298911235775622,0.9391130973895938,0.9282467208014032,0.9462184317224842,0.9225006251192478,0.9384807209239877,0.9334424842912619,0.9381928002510381,0.9319561215873174,0.9305950439020412,0.9363873197072888,0.918841437027535,0.9301395966400312,0.9339937798841367,0.9378089263780571,0.9221808653482246,0.9380619366094238,0.92619017768579,0.9297830546877982,0.9417096210815641,0.931234560592016,0.9417160722311932,0.9295736910782183,0.9397881585984332,0.9374235248731206,0.926961843320052,0.9369910973637187,0.9341208831902292,0.9345818953209748,0.9264185716378385,0.9334670744102596,0.9361620983712654,0.9303446466029273,0.9399692305829273,0.9377109700729925,0.9231665742578868,0.9318713329506457,0.9334127622598712,0.9377250606861742,0.9302670572611128,0.9328139049579698,0.9368454471443178,0.932271688718058,0.9409385897034144,0.934456533488073,0.9329163604258621,0.9264690150383704,0.9389610257060004,0.9314822466737999,0.9340919679155496,0.9311338547606652,0.9404741400188795,0.9330147191285793,0.929706215595945,0.9342384427399989,0.9355273865325696,0.9362490985339317,0.9284519755003554,0.9427334403599297,0.9373766585830212,0.9331259020351083,0.9335080816199238,0.9312206946545886,0.9393872873975975,0.9296709554980095,0.9329513489713708,0.9381625344508518,0.9369539058528928,0.9378207070469091,0.9298835927401545,0.9322616489130613,0.9351382561792547,0.935891644060602,0.9373063343848081,0.9316037463560531,0.9342789286839677,0.9338957298287658,0.9338281399850044,0.9380506975570895,0.9305845646118698,0.9309430843490667,0.9357741707813778,0.9336787370033367,0.004857342524085633,90
101.94870759487152,75.02203655826911,0.3983132743835449,0.40421651983787005,0.0074256256636144845,9,0.4770112689529312,2,4168,0.6106544380455997,"{'learning_rate': 0.0074256256636144845, 'max_depth': 9, 'max_features': 0.4770112689529312, 'min_samples_split': 2, 'n_estimators': 4168, 'subsample': 0.6106544380455997}",0.9311443132922761,0.9337265382129474,0.943510550586211,0.9418130236616197,0.938020786120493,0.9405672671359853,0.9350198033015594,0.9398021694700737,0.9283133009679451,0.9380215383725571,0.9392376323420145,0.9322264720118769,0.9386908452387969,0.9441103075681271,0.9373589906885337,0.9410295535615347,0.9386754747491153,0.9332548685795302,0.9343641292538252,0.9408860596658085,0.9315430784729599,0.949851958034666,0.926788806720336,0.9421937823641905,0.9357709344433404,0.944066786309608,0.9357111244940347,0.934136518935004,0.9398256423254147,0.9239955419070259,0.9326013903102772,0.9369319425970718,0.941441107983058,0.925336214373635,0.9410453061292896,0.9280773475769333,0.9337569620572252,0.94405733942067,0.9370965079552469,0.9439818526832204,0.933412874272036,0.9419733355625001,0.9417198140829531,0.9311779298272387,0.9402186675366364,0.9388039200746767,0.9353450161739054,0.9312650653480752,0.9381037374775822,0.93954078438938,0.9353492970402302,0.9435689220378718,0.9425542732773015,0.9265781352951846,0.9377474176478996,0.9375712291139435,0.9415099552697379,0.93324392751158,0.937879430606128,0.938309428300442,0.9348569012627178,0.9441366353341891,0.938191007657457,0.9343181474314108,0.9304675039752808,0.9428544621069288,0.9333320914192605,0.9371746793250244,0.9351315439488098,0.9397684312180932,0.933110684826384,0.9344077797220893,0.9391951265703603,0.9397498216807657,0.942985937279431,0.9326567963452704,0.9453905216966029,0.940015609583519,0.9363205955774949,0.9381602498550943,0.9343868695472001,0.9423620117201279,0.9319790261841464,0.93661498418306,0.9416861095734597,0.9405416519018865,0.9426470942584506,0.933655404747822,0.9336170083562686,0.9402820618462714,0.9382331905147605,0.941793448643649,0.9347081143214786,0.9363915209256723,0.935737374815175,0.9362384929905354,0.9415757138942967,0.9350011520911998,0.934962985814997,0.9397136307803965,0.9372820930464638,0.004717156019546123,43
170.4487943482399,114.35074655139601,0.5092513227462768,0.5210540959617871,0.003542301979862929,10,0.519294212142261,2,4168,0.8664566840767005,"{'learning_rate': 0.003542301979862929, 'max_depth': 10, 'max_features': 0.519294212142261, 'min_samples_split': 2, 'n_estimators': 4168, 'subsample': 0.8664566840767005}",0.9272497731688919,0.9305979489673004,0.9398912517493646,0.9391445080194057,0.9341227752840426,0.9375563264067607,0.9314409962367222,0.9351516861426542,0.9245936776026288,0.9362219968692089,0.9361881441977179,0.9285757744246282,0.9353705766392593,0.9413841085750594,0.9331236027556726,0.9376043240058775,0.9353387090682538,0.9289291632364244,0.9308935641227409,0.9376045824843161,0.929269085136306,0.94785497762313,0.9229261589744727,0.9378216960863716,0.9320629805812926,0.9401386940720553,0.9313786973361354,0.9294965093044731,0.9362353885087419,0.9205975487887345,0.9293808853242268,0.9338936398835449,0.9381484840235169,0.9227268379704259,0.9384392892763518,0.924958856972437,0.9293203933340115,0.9410856624083879,0.9337398689432147,0.9400772812861776,0.9303961566793139,0.9377953799455051,0.9386870023880457,0.9291270893024114,0.9372253208273937,0.935051707055851,0.9324627847822893,0.9291580643800108,0.9353999314167042,0.9360252629344543,0.932267789192717,0.9400861820272342,0.9388950449588634,0.9241351664821943,0.9343635177733468,0.9343630746560931,0.9377307182275769,0.9300957170112911,0.9336489747860975,0.9357856418047863,0.9312900820869732,0.9405732192528306,0.9355320172137622,0.9316193453665522,0.9266899469170393,0.9395716712126153,0.9312557682337845,0.9328864802632304,0.9323638172074246,0.9375359710351181,0.9293384590373905,0.9306728976378621,0.9359435297469634,0.9363446891933838,0.9398966310659371,0.9286186246930486,0.9428062958780022,0.9370830269191723,0.9330257479864922,0.9337518508444431,0.9303732332785025,0.9393800699522555,0.9303392935831143,0.932136088515964,0.9380501944575814,0.9375473971857438,0.9391907753852482,0.9304617536156397,0.9300323941463023,0.9377247396722047,0.9349304805062558,0.9388385656430233,0.9312825278566463,0.9327802709966957,0.9329408038178987,0.9339012802755219,0.9382892018986877,0.9317334317896613,0.9316285742180369,0.9367823394844259,0.9339838044049457,0.004761696549743524,84
14.32995816230774,11.267509917626711,0.06357486724853516,0.07314824686589122,0.2734032352073796,10,0.34288512029063584,2,4168,0.8022354374607745,"{'learning_rate': 0.2734032352073796, 'max_depth': 10, 'max_features': 0.34288512029063584, 'min_samples_split': 2, 'n_estimators': 4168, 'subsample': 0.8022354374607745}",0.90451772184976,0.9129060535969677,0.9153267330436697,0.9195665375011798,0.9187963762502359,0.9192606054166599,0.9122869385934879,0.9175198842625207,0.8992494571432428,0.91883076309549,0.9123568872902353,0.9043556740201522,0.9173062753311882,0.9225752518964903,0.9149260497449774,0.9116965599811854,0.9167978894343054,0.9124264801073446,0.9145496143307336,0.9162038147356928,0.9096001753429799,0.9298817081280749,0.9062720067726251,0.916880132878531,0.9131542966080718,0.915639068353138,0.9078146731769121,0.9105260224067488,0.9188954301063236,0.8914549885471589,0.9087568098757614,0.9129106953594982,0.9130334418273818,0.8966049579667763,0.9239132311226765,0.9090870383982971,0.9053025760983864,0.9258599788086053,0.9094380676056651,0.9131164854618564,0.9104783418398307,0.9151528568073338,0.9189173034076353,0.9115263780851675,0.9184862019595509,0.913060233980697,0.9094792875830442,0.909271330131949,0.9126043200960922,0.915480021378914,0.9059184911084234,0.9220557913712233,0.920472858992854,0.9033807997982293,0.9151758134523444,0.9069863141462785,0.9193178964633505,0.9048669748427736,0.907336698322022,0.9092260730520171,0.9053202970777571,0.9238226359999265,0.9207445026554804,0.9060043606639179,0.9059424414132737,0.9209557081825079,0.9053797855014131,0.9170554539749396,0.9101754113669436,0.9229990956017844,0.9109884624652738,0.9086210557623046,0.91728018126481,0.9120182788192519,0.9187775272352894,0.9139320678782168,0.918071897958297,0.9115097947567676,0.9076005405457851,0.91459497568009,0.9065773224679332,0.9206239914737757,0.9057468530235897,0.9124657085249943,0.917586968877829,0.9183897561766654,0.9170904266983146,0.9057398653019484,0.916363063037967,0.9151946264483903,0.9200462820610954,0.9191472268246519,0.9101101644474292,0.9067000700953782,0.9159939466463081,0.9102293138158825,0.9235412844897967,0.916536143801945,0.9142203739920889,0.9175920200640459,0.9133048122236478,0.006394136407525,195
123.23790220737457,61.431318766784095,0.1617268967628479,0.16898507414751934,0.06549741060235847,5,0.9023229491727829,2,4168,0.7385529462805007,"{'learning_rate': 0.06549741060235847, 'max_depth': 5, 'max_features': 0.9023229491727829, 'min_samples_split': 2, 'n_estimators': 4168, 'subsample': 0.7385529462805007}",0.9294314053415238,0.936879887409429,0.9450637136423945,0.939043777485643,0.9412728581400355,0.940186003278989,0.9339446736073015,0.9394752770314941,0.9311666417674501,0.9393676409616551,0.9387510956798494,0.9317307915507287,0.9357972151109815,0.9422513118705375,0.9393382307283308,0.9418093964528583,0.9372142869152434,0.9355728457174988,0.9383263657345648,0.94250479891797,0.9325852006474235,0.9476845375358776,0.9265738891092443,0.9412606947645128,0.9366264521801572,0.9428056090294048,0.9359267532310374,0.9341158364461377,0.9386301655065215,0.9247304304845684,0.9337470206066592,0.9370353961533335,0.9434691998187551,0.930178536396333,0.9396455430597932,0.9269937219934135,0.93478560485536,0.9445684367517007,0.9381202420172317,0.946845387693152,0.9361083108898729,0.9431678189536756,0.9392322361620536,0.9302794900696856,0.9406575336016847,0.9390532324045224,0.9350173308167664,0.9346098150415783,0.9369735280676894,0.9404818444624665,0.9362688102674128,0.9440680736609879,0.9434777672762513,0.9297009961819156,0.9374254573431549,0.9367092122947959,0.9395646347762229,0.9340351427191843,0.9394961056466464,0.940275868955557,0.9366988163195236,0.9443917034563429,0.9381611908219405,0.9366878607086002,0.9296165067254027,0.9445122265232861,0.9350187565660666,0.939094743424291,0.9350199383826413,0.9391091726057301,0.9370374057488661,0.9368271395838605,0.9414223168396436,0.9389539296495644,0.9429314046085487,0.9341160794320186,0.9438797465478098,0.9407126944969846,0.9359070291571904,0.9374015607719695,0.9355167735494552,0.9413694339298766,0.9300564126198163,0.9400718815921879,0.9411988077383205,0.9405725632238577,0.9418050732958768,0.9337388531595601,0.9363609259702147,0.941380352102818,0.9367283585157852,0.9410744539702784,0.9370998810019763,0.9398586050506081,0.9354133892476821,0.9386331853314307,0.9404513571031541,0.9371941151950635,0.9359395354281457,0.9413950057634978,0.9378541927137712,0.004390963292124074,34
19.476672458648682,18.763070213429735,0.06724977970123291,0.07516212203025086,0.3147454283856185,12,0.5971235036366592,2,4168,0.5532549058138174,"{'learning_rate': 0.3147454283856185, 'max_depth': 12, 'max_features': 0.5971235036366592, 'min_samples_split': 2, 'n_estimators': 4168, 'subsample': 0.5532549058138174}",0.8966187869284354,0.8980799160244499,0.9088463660433856,0.8975768735186852,0.8968964892957826,0.9114392977756255,0.8906060487106524,0.8974307849318655,0.8887086800369304,0.8939410621197558,0.893537945806849,0.8979082978495296,0.9018023268076985,0.9036567713504977,0.9061346038091042,0.8969238840174741,0.9014670088621252,0.9018562609861552,0.89952450463031,0.9044216107014859,0.8945166046264785,0.9075560052917163,0.8979213460849587,0.9066996539541616,0.895086039362321,0.9075187311044819,0.8960846066439544,0.893353097715119,0.9021342204728549,0.8881618117698947,0.8924596352778363,0.9007164844944635,0.9075120741229487,0.8843771565595582,0.9080297905823803,0.887333166419306,0.893536747343558,0.9046360263336339,0.9039562437234981,0.9016168786550565,0.8966174521542375,0.9073660172956581,0.9058706354011232,0.8953359836065735,0.9020433337732349,0.8996758793311231,0.8988864691439742,0.9028912457443068,0.9049793163137541,0.9085061014599243,0.8942635227933214,0.9080569236559727,0.907506447713749,0.8859974909729169,0.8998765683984314,0.8896069277370047,0.9093466943508098,0.9092298694728015,0.8989420736631092,0.905999444085402,0.8967295326905649,0.9120711590446277,0.9021884530085965,0.9036545140510016,0.8891652673340003,0.9013669455704144,0.895730215843187,0.8964418910877856,0.9084756096103113,0.9024413190563259,0.8954890615488575,0.8888708061473576,0.8924384405691013,0.9031001784583239,0.9099809310677289,0.8817518637405719,0.9053633132397012,0.9068361166771672,0.8952449403870533,0.9014890092345449,0.8967687157733206,0.9092740552105378,0.9009359179945031,0.8945961039750845,0.9056206560780671,0.905918594362068,0.913538727262967,0.8975490435518079,0.8954146988247214,0.9021649824233668,0.8921295908209964,0.909362940269355,0.9028977627327395,0.8888810010486844,0.9028059237886252,0.9015146793040208,0.8954068732632167,0.8996217671756082,0.9028887861331771,0.9018825038432695,0.8999958513001576,0.006708213051279447,200
218.4700740504265,124.08289217241597,0.5317860555648803,0.5404076016791612,0.01970268772826537,12,0.6143991414158105,2,4168,0.8294170684987832,"{'learning_rate': 0.01970268772826537, 'max_depth': 12, 'max_features': 0.6143991414158105, 'min_samples_split': 2, 'n_estimators': 4168, 'subsample': 0.8294170684987832}",0.9227887413690261,0.9263590864828308,0.9357864798559721,0.9345013352349687,0.929965044435512,0.9330714563670885,0.9279944033667484,0.9291899257784367,0.9215074577280971,0.9335229640126993,0.9329270372183287,0.9248522333157734,0.9317847941624514,0.9384736314911917,0.9302881405119565,0.9344488127797396,0.9318545985383362,0.9248061531141216,0.9257631486906249,0.933112968701427,0.9257955012094149,0.9455624515851566,0.918348603448307,0.93373529112473,0.928369039937197,0.9366388832836755,0.9280942972457699,0.9250132519074835,0.932416224163154,0.9187751269582171,0.9245920328699737,0.9304063658766578,0.935155723310708,0.917242997229908,0.9348140342256042,0.9204952459166815,0.9247803812669118,0.9369678827589861,0.929953806023789,0.9362156295281787,0.9275168135286966,0.9349227656660662,0.9356688521877349,0.925441014456377,0.9322821365502254,0.9308267676093279,0.9296160025194758,0.9259345052086524,0.9304373779203732,0.9327504941880624,0.9293085534939446,0.9356396849318764,0.9345675595446343,0.9202079948679456,0.9305798583675032,0.9292273007906895,0.9342553393760938,0.9276714710217642,0.9298482064389283,0.931034577810748,0.9256066344978964,0.9385354804150413,0.9325749466393426,0.9286289050878621,0.920964022294712,0.9379458288097375,0.9277617970666088,0.9302741791898215,0.9278136443357423,0.935328547346429,0.9273780658728631,0.9277200675651383,0.9328707273226989,0.9322522856592343,0.936056166620831,0.9251076806891038,0.9405255233808932,0.9337445200534135,0.9303889307713965,0.9287386303087184,0.9265961181492244,0.9351648597423347,0.9272492299299976,0.9280462526661516,0.9355633554604196,0.9334902475545389,0.9369609637838935,0.9281922612266597,0.9247153600476471,0.9354953832780565,0.9320144747605854,0.9358013610035186,0.9280831117936824,0.9278010665663269,0.9290490509459479,0.9288430787873824,0.935391875982824,0.9268966968907789,0.9282533282806672,0.9330210895331248,0.930309542098162,0.005045640317498858,139
99.09125775337219,82.30888927195164,0.15125494718551635,0.15816504819777336,0.19115907462495102,8,0.7373263013539815,2,4168,0.7790064005873156,"{'learning_rate': 0.19115907462495102, 'max_depth': 8, 'max_features': 0.7373263013539815, 'min_samples_split': 2, 'n_estimators': 4168, 'subsample': 0.7790064005873156}",0.9217507790000294,0.9218548950564176,0.9316959992995137,0.9276924658345538,0.9282325345906429,0.9317565543680243,0.9231900001155917,0.929377308631908,0.9199353255116934,0.930483452162562,0.927963855468188,0.9196511625274562,0.9301276575849757,0.9322593831479311,0.926014987112785,0.9323265794359694,0.9276596922750977,0.9211797205094633,0.921796969183544,0.9327579328318061,0.92146173104086,0.9398891779133987,0.9179250302527088,0.92891646653859,0.9285564269828223,0.9323849974507055,0.9222560423909322,0.9229485797138739,0.9294694496178116,0.9125124877943035,0.9217538750798863,0.9271783389660799,0.9321693965949375,0.9166921658188003,0.9333425549303696,0.9201977696350139,0.9186230386550959,0.9334768776925917,0.9264631333827142,0.9279748440553557,0.9235389573334087,0.930906831436871,0.9302003681522326,0.9174406736416846,0.9300157363890934,0.9230335207573139,0.9203245240021919,0.920265172898178,0.9295510888871538,0.9292419375731369,0.9212547172454523,0.9353289110127844,0.935142414579223,0.9173361203132075,0.9257534945060503,0.9250138990182937,0.9240041820894774,0.9260194583513345,0.9229330608774949,0.9302546521761803,0.917851738967042,0.9304920539334087,0.9265617162946964,0.9261203648226097,0.9138919654647188,0.9307515379826967,0.9224058271625448,0.9239847198323347,0.9251303224000611,0.932049192843125,0.9232276102921003,0.9222118769939335,0.9244340450136549,0.9267866381238558,0.9348579018114771,0.9152542079907627,0.9394185335835381,0.93126689550434,0.9249373932461248,0.9249294361544538,0.9236391070175696,0.9318974068317877,0.9199356285464758,0.9265498809194904,0.932510543986723,0.9297387545402288,0.9346297137127718,0.9229783449919943,0.9212418672099599,0.9285090643984294,0.9263324573929106,0.9339492268064227,0.9258885513556189,0.9267592834058639,0.9261042208445885,0.9259560546398427,0.930765793496549,0.9224328187487192,0.9193323171889981,0.9313585599163674,0.9262653293476455,0.005476086290485484,168
69.94747673749924,54.9827255723865,0.250811665058136,0.2554433417292182,0.007905759575680264,6,0.38328835821838003,2,4168,0.6596977658090665,"{'learning_rate': 0.007905759575680264, 'max_depth': 6, 'max_features': 0.38328835821838003, 'min_samples_split': 2, 'n_estimators': 4168, 'subsample': 0.6596977658090665}",0.9291944112692472,0.9353079450986286,0.9444604426360738,0.9423585864629708,0.9393471446851347,0.9403310177539754,0.9363295288505648,0.9404598049689832,0.930601055148142,0.9402117458912562,0.9413611393229994,0.9347877829665512,0.9395727481960726,0.9430904767304489,0.9390546773017006,0.9426525704356944,0.940240886883928,0.9348311959878244,0.9378245647288938,0.9413258643759013,0.9333147375264095,0.9494489552349672,0.9274157239633039,0.9425219937032321,0.9386186264132333,0.944938564199726,0.9384689790966072,0.9340013257973179,0.9418763666603797,0.9238043711656105,0.9340458650797662,0.9399827955396519,0.940876277528811,0.9289280928333534,0.9440398540168123,0.9292024653259994,0.9359728096705804,0.9455943870246176,0.9375494649849415,0.9469861694062047,0.9346288356192457,0.9420025739925544,0.9401511495535771,0.9329347584183556,0.9413397100441454,0.9401348108383218,0.9391295745499928,0.9342421782482859,0.9390305191644668,0.9413064767711331,0.935818818438493,0.9442175344194137,0.9438270127639388,0.9296416268155517,0.9382128183775634,0.9386403588726867,0.9416929497935465,0.9352513433096382,0.9399753029664598,0.9396832793241344,0.936449276737962,0.9465714050006259,0.9391729468654058,0.937111943072593,0.9322823681677063,0.9441798887236146,0.9351122545657162,0.9391031853047079,0.9361367735541399,0.9401357646163667,0.9355205072111789,0.9369733639551757,0.9410121733265213,0.9405025141712388,0.9442995178406124,0.9341242424797835,0.9446455350863275,0.9409711050847848,0.9363891371494143,0.9388667194212837,0.9362551935877348,0.943396252559058,0.9333376686834939,0.9390151343216906,0.9425169469652369,0.9417171493895236,0.9415811178462469,0.9363152188653945,0.9365648255941291,0.9417581939440239,0.9384267211629949,0.9426401969522981,0.9351207312963995,0.9395372494251548,0.935814872496614,0.9396381651046793,0.9422034246246509,0.9369800056524009,0.9367062039779008,0.9401467160177445,0.9386202565795055,0.004446931197284851,21
96.23001925468445,59.81257677315735,0.3005651450157166,0.3091447477420878,0.002099302779853093,7,0.41157455805695187,2,4168,0.8408431353009675,"{'learning_rate': 0.002099302779853093, 'max_depth': 7, 'max_features': 0.41157455805695187, 'min_samples_split': 2, 'n_estimators': 4168, 'subsample': 0.8408431353009675}",0.9215751340524528,0.9262892118868415,0.9369612787891768,0.9348721682514499,0.9309796551676193,0.9316472582230708,0.9290145542943821,0.9329147227175093,0.919955209148209,0.9335854692170613,0.9338105325851123,0.9267184656394106,0.9314189208455813,0.9365460059498038,0.9304836878700177,0.9346586676696025,0.931686100183497,0.9242634077087225,0.9278937690693214,0.9346606394215897,0.9245592738863453,0.9431458606342311,0.9172187917587299,0.9355330137918714,0.9301325315310157,0.9377443619146524,0.9296572938953882,0.9255840672865376,0.9345595535436628,0.9160924951099141,0.9243082441979299,0.9316356319773516,0.9321800239764972,0.9192039262604094,0.9369993341091283,0.9216485471264827,0.9254286105772435,0.9389564488062206,0.9290679461854382,0.9381146411256757,0.9252439598840652,0.9342868016537615,0.9336743670319781,0.9253763966616867,0.933170683243329,0.9321873639361955,0.9303696262165021,0.9250013021375101,0.9315398219680622,0.9317503392772994,0.9275206144663614,0.9370815615503123,0.9360870325260112,0.9196971652195799,0.9300524141733164,0.9311363587193524,0.9343937528120579,0.926012220766596,0.9313099149338754,0.9319898094984777,0.9282011795861184,0.9385705500662768,0.9316397774205792,0.9272612213847189,0.9239342564539693,0.9361172022391105,0.9256693167665037,0.9298111499896599,0.9279416272907269,0.9349366286535723,0.9261601383617918,0.928670058616993,0.9319356156222314,0.932674968487532,0.9357864608137104,0.9251158869987306,0.9373552152456905,0.9331069386564291,0.9301322689453401,0.9290486588128691,0.9265571085436539,0.9358500527438728,0.9255797951958588,0.9290469247406565,0.9345760018724419,0.9334098427748219,0.9335968995921962,0.927836575435325,0.9279051674976351,0.9338537415908743,0.9299726459442017,0.9353268807681763,0.9271922996341353,0.9299515252211334,0.9298642810062568,0.930390999390294,0.9341830184534461,0.9278780987781639,0.9270170580064228,0.9329418949155113,0.9303658689557913,0.004990394981779102,138
164.5663835000992,118.0306137406935,0.3215888214111328,0.3216156032904149,0.008952858170585108,8,0.5661338573527634,2,4168,0.773315271193567,"{'learning_rate': 0.008952858170585108, 'max_depth': 8, 'max_features': 0.5661338573527634, 'min_samples_split': 2, 'n_estimators': 4168, 'subsample': 0.773315271193567}",0.9308141911260047,0.9353883276468969,0.9436401845435158,0.9415403464758708,0.9376759689223844,0.9408956861547396,0.934212932540306,0.939674524157973,0.9293047130059977,0.9382047205076626,0.9399704112400299,0.9330419918302639,0.9403885146613821,0.944116657187043,0.9383401350580799,0.9412017388830951,0.9385545374628917,0.9325121194209446,0.9350827193451947,0.9406663471942126,0.9339247396065279,0.9503794376834079,0.9276500147468181,0.9428301761094973,0.9367218402292112,0.9442444878106206,0.9371991010545205,0.9341424600385717,0.9396964588131065,0.9253178853443328,0.9332981463796113,0.9388781981480508,0.9419256585627932,0.9273547734636052,0.9422176010788155,0.9283355000854092,0.9348337729588398,0.9449574697428512,0.938276770712137,0.9444274056381228,0.9355092800546854,0.9429670252078439,0.9412325263089343,0.9323671777171186,0.9402483475710987,0.93869078539777,0.9360760718525107,0.9334392385608216,0.9396894363753059,0.9395940306184534,0.9357442365026081,0.9433588976701148,0.9437148061268065,0.9291193596151818,0.9374449778252864,0.9392973317884896,0.9417849384513404,0.9343508397982858,0.9378837231848095,0.9408245180112451,0.9360396967999935,0.9446059400388012,0.93968044967335,0.9357297738375283,0.9307293479169989,0.9445706612360452,0.934334731821127,0.9361331033090958,0.9363474657043587,0.9407883183345052,0.9350402192129532,0.9363941780566061,0.9396780384247944,0.9401386382506728,0.9443658640520669,0.9332118255881714,0.9462760650160572,0.9408038873147679,0.936166629503279,0.9383797527912823,0.9354049647620497,0.942319437066212,0.9336140899522253,0.9371334222451562,0.942483545698154,0.9415386639775133,0.9431671601223135,0.9354532600857637,0.9338364236046369,0.9415764718185249,0.9402735566577928,0.9425916560422155,0.9352362675105171,0.9381210530629721,0.9353386859554086,0.9374519820949899,0.9417562993500844,0.935564150341629,0.9354609067465474,0.9411079151478439,0.9380402071333505,0.004545180073407159,28
271.0655667257309,152.76004824879834,0.8605407500267028,0.8264848220116551,0.004699090486003942,13,0.7288114078786097,2,4168,0.6565132929283641,"{'learning_rate': 0.004699090486003942, 'max_depth': 13, 'max_features': 0.7288114078786097, 'min_samples_split': 2, 'n_estimators': 4168, 'subsample': 0.6565132929283641}",0.9243699909325023,0.9268188547262879,0.93794835843299,0.9361566110867152,0.9320144428787517,0.9357308729967075,0.9284851483887241,0.9309722024256657,0.9225259819092638,0.9344682576857121,0.9347994694493432,0.9255632229437045,0.932187251099962,0.9390590115929328,0.9307144216033204,0.9349476441429453,0.9330728727826347,0.92609002234512,0.9255447830370266,0.936024346237791,0.9269031735308985,0.9464359529647692,0.9205572674818724,0.9365630324468105,0.9283711314526134,0.9389746977401204,0.9291253160220373,0.9278526362960529,0.9328819620901011,0.919069955461037,0.926728611126656,0.93071282028369,0.9365835268886304,0.9191458850883778,0.9348420872284505,0.9223574682875161,0.9267857086648865,0.9389803622753354,0.931565444846348,0.9379184918301944,0.9289450594888478,0.935250087816179,0.937104442506049,0.927642294395388,0.9336458396862541,0.930326971024384,0.9297366213095648,0.9270634772021774,0.9337716222181451,0.9333358781903206,0.9289965724211158,0.9381783969208356,0.9366861393658165,0.9204679812565334,0.932028744146576,0.9311968420767971,0.9352251808328977,0.9278152927633021,0.9309545531905099,0.9323475164839125,0.9288948241233964,0.9377767086661739,0.9335268093297632,0.930649883998554,0.9231415140156418,0.9384417784772752,0.9294442117643619,0.930773991814928,0.9289375752486738,0.935553534218901,0.9284552535458188,0.9294048986637063,0.9327529059507039,0.9335201101207505,0.9387769957236022,0.926855442365835,0.9414929860729178,0.93560771432579,0.931157977186302,0.9316704327573404,0.9288154583209286,0.9368500089194078,0.9292742713001039,0.9293462233792089,0.934775342148485,0.9357896348540046,0.9386905901226557,0.9284092705779179,0.9250315457856987,0.935887000885939,0.9321561521384906,0.9376678096135773,0.9286658809401133,0.9297447427174732,0.9301591417447277,0.9308124397082316,0.9350118292925516,0.9294337923299951,0.9309388191980403,0.935832262945754,0.9316069657729383,0.00502666609160652,123
78.35509045124054,60.39103262326401,0.1624748706817627,0.16519645375433914,0.09007975215349343,5,0.47952557638509563,2,4168,0.7829529791145666,"{'learning_rate': 0.09007975215349343, 'max_depth': 5, 'max_features': 0.47952557638509563, 'min_samples_split': 2, 'n_estimators': 4168, 'subsample': 0.7829529791145666}",0.9282863031318621,0.9330332383767275,0.9426695456686357,0.9370575342575356,0.9379822627798048,0.9413868371020093,0.9319751658914159,0.9361773592702397,0.9281825555110215,0.9378707261992881,0.9355262181819595,0.9295874342875661,0.9394060166356298,0.9399390281876174,0.936486619052388,0.9390309533789243,0.9370457804802828,0.93265019505798,0.9364061965772951,0.9384215372019826,0.9300946875967862,0.9452869108250903,0.925355840958356,0.9407602227205397,0.9359677217295955,0.9407293517823045,0.93569823568709,0.931101418584318,0.939129329313977,0.9221178059444579,0.9295500861564611,0.9341114999191269,0.9397112116702075,0.9265114063713492,0.9396782817289627,0.9251449449018084,0.9350880764248537,0.945674199281124,0.9353215249040518,0.9444855517071707,0.9318175539093543,0.9404142963867316,0.9364911428037169,0.9289910649006722,0.9390832078324871,0.9356944636151618,0.9340709109483152,0.9309373219260023,0.9338854802531434,0.9379769061305898,0.9337164677484326,0.9402444732945753,0.9404470486740814,0.9256448305645125,0.9345710266068754,0.9360027333478547,0.940124484294334,0.9347956048979238,0.9367191177814019,0.9356289184548597,0.935563397406234,0.9408764052076206,0.9369198031625656,0.9362025027746121,0.9324123412324862,0.9405215463615849,0.9308525710841086,0.9372707477474547,0.9340911249471007,0.936178491664713,0.9363226074715723,0.9334697068980906,0.9397827386899084,0.938082736839714,0.9411562345420067,0.9319717100347751,0.9419952129875444,0.9407233432854538,0.9340760173523845,0.9369831534051779,0.9339258010489128,0.9418023633896834,0.9318937281783632,0.9344417251277918,0.9417639395697642,0.941310532310434,0.9392621890765235,0.9312284924975622,0.9335316794721422,0.9397400509587593,0.9359425987773294,0.9404055696684889,0.9360827101063389,0.9375071242344349,0.9323818830006295,0.9365239104306573,0.939139847530572,0.9336999226370821,0.9342132835459303,0.9395282612016029,0.9359767487566694,0.004517821024844136,59
166.97359852790834,101.42490473750607,0.2079780125617981,0.21705137596743304,0.04291901388569427,7,0.7062131452903928,2,4168,0.9132119825742047,"{'learning_rate': 0.04291901388569427, 'max_depth': 7, 'max_features': 0.7062131452903928, 'min_samples_split': 2, 'n_estimators': 4168, 'subsample': 0.9132119825742047}",0.929870977419113,0.9347717614749759,0.9426735578533947,0.9398600032771202,0.9387039189852091,0.9409759216334443,0.932984498554779,0.9389599115852696,0.9302436371588558,0.9377011568081317,0.9391669780931855,0.9332644906025945,0.936515201370067,0.9435592215616665,0.9383975202602199,0.9401297698344597,0.9370818659943905,0.9337303929874312,0.936920821549811,0.9417241383725494,0.9328290832675622,0.9499511174119857,0.9258746503785092,0.9424062758498883,0.9355638997711317,0.9417608363400638,0.9366408299243923,0.9358505937857926,0.9391217553260115,0.924206300926681,0.9332802468180526,0.9380009385454608,0.9408528234745995,0.9267286636778269,0.9409091593237652,0.9274335969021874,0.9356734992597138,0.9456221004017857,0.9382273355968993,0.9423647838321371,0.9352810027743074,0.942670927942666,0.9388258340187622,0.9324019833095507,0.9410987446349255,0.937290489516205,0.9381484400597009,0.9342853664876999,0.9396924276766884,0.9398584217781957,0.9351611390344118,0.9425096566761064,0.9424504657226843,0.928321308271785,0.9367715142948803,0.9392701139725274,0.9431871259693602,0.9321487057895894,0.9376785362085289,0.9401710933625018,0.9343360151369206,0.9447086242919195,0.9377332779991521,0.9369645159816838,0.9283660220663266,0.9435209179951924,0.9339160242258864,0.9367359084024028,0.9356544043594206,0.9397247390686319,0.9362506116231284,0.9352862239966983,0.9407048564115179,0.9391570595939309,0.9420839696738469,0.9312547203913962,0.9450719384845784,0.9406402972874159,0.9359449439238514,0.9374381737363473,0.9345941548930313,0.9404439574376801,0.9324133393685259,0.936343708787609,0.9415265742904284,0.9406143377721143,0.9410337745294254,0.9350297314205619,0.936616321029105,0.941522050194732,0.9384004722600229,0.9415161684532646,0.9364190881667706,0.9364882131364021,0.9330225935782075,0.9386521822529534,0.9414870787989089,0.9351412359580176,0.933826825733001,0.9410291157188958,0.9374937170212211,0.004504687573174139,41
131.85147342681884,94.28186382815878,0.14215923547744752,0.1469674130699267,0.06770330433633677,5,0.8267634387057252,2,4168,0.8338849407061293,"{'learning_rate': 0.06770330433633677, 'max_depth': 5, 'max_features': 0.8267634387057252, 'min_samples_split': 2, 'n_estimators': 4168, 'subsample': 0.8338849407061293}",0.9261468965576731,0.937095431223028,0.9421398308417079,0.9396419414776509,0.94005885314859,0.9407958936210877,0.9363683445762411,0.9399770230904592,0.9286581972983162,0.9378302060318683,0.9380573378429125,0.9341936556069528,0.9367755934098524,0.9402884749142788,0.940105873025177,0.9394694607505961,0.9376001817789897,0.9355739409560224,0.9350428633585328,0.9419151700748868,0.9312203305639504,0.9470586099064819,0.925935046114785,0.9421330410698153,0.9402784528891311,0.9439049682463069,0.9377355783714032,0.9333768174766098,0.9402828299424637,0.9228919598872142,0.9340143624439479,0.937615688127523,0.9406899959125031,0.928482472823636,0.9398233650399893,0.9263698448945195,0.9362792468866038,0.9440815890143578,0.9360307405493895,0.9468102837015313,0.9365941662680173,0.941292945169177,0.9383145926316946,0.9301989349786901,0.9393437804455051,0.9389299414607987,0.9366704798666555,0.9338708543344684,0.9378976087544176,0.9402918110272865,0.9365637119431279,0.9397242995807977,0.9425660111183853,0.9287014099071625,0.9358608592033975,0.9381906431944438,0.9402337064149545,0.9342940618333391,0.9400367092048864,0.938528803129015,0.93617099949706,0.9447139012083022,0.937776433981497,0.9368351608411332,0.9313365960996048,0.9443504477377551,0.9316974156863795,0.9399447064212516,0.9345188261654256,0.9380832840914737,0.9396609714722631,0.936579877194484,0.9424653240346385,0.9396331924635608,0.9435284741099582,0.9349535362787539,0.9454537853181386,0.9395368486421452,0.9343163942406661,0.9379939134209411,0.9360074115554027,0.9421776125409719,0.9292062514144915,0.9382759440566748,0.9418418074858191,0.9398668964331071,0.9415857186945331,0.9336444484785431,0.9372902242647453,0.942088430006013,0.9372159530260902,0.9406645408524046,0.9358743371060058,0.937284753802837,0.9371907663303716,0.9403049092211463,0.9392696135029834,0.9393225410628755,0.935078539128163,0.9394936548036115,0.9376409016658543,0.004516791262012444,39
170.5881062889099,136.79807755809463,0.6023019194602967,0.6093337149987231,0.009333073735289197,13,0.4801316361555423,2,4168,0.6743591710936778,"{'learning_rate': 0.009333073735289197, 'max_depth': 13, 'max_features': 0.4801316361555423, 'min_samples_split': 2, 'n_estimators': 4168, 'subsample': 0.6743591710936778}",0.9240164592080715,0.9276885795890343,0.9385702600081358,0.9356022370275348,0.9311069503905969,0.9343895232311297,0.92979639347398,0.932303597415823,0.9226940347911842,0.9335858380084608,0.9328848527213018,0.9251514305969778,0.9332838669451942,0.9396725658517237,0.9299298292874182,0.9358834459338923,0.9328376099009266,0.9250658873532934,0.9274524555147812,0.9363086455542315,0.9263325655166607,0.9459696298324596,0.9197468059324219,0.9365369365258988,0.9292371741230603,0.9387267350274403,0.930105446750153,0.927553666274802,0.9343257583456274,0.9180818748069342,0.9272816729125697,0.932226440433577,0.9356116895982172,0.9196958074236985,0.9368206511356911,0.9228026344133976,0.926565763344628,0.9393695249982609,0.9316467702947516,0.9373293795221849,0.9286417774192701,0.9357657586589821,0.9359518825586354,0.9268946874424329,0.9341805293884011,0.932351788398536,0.9290019772235082,0.9258015071725523,0.9323430223431404,0.9332843319137162,0.929368305103583,0.9391946114070674,0.9361999125155157,0.9207623319656567,0.9316564747884194,0.9305229880326241,0.9358283275372244,0.9279512103926117,0.931426179064261,0.9327151130328446,0.9295987145604082,0.9381886995466241,0.9333831739173162,0.9293968576859117,0.9240834516947788,0.93766946676867,0.9283608127057602,0.9311982394045302,0.9294609395014848,0.936548417007056,0.9277866493002903,0.9281682953050218,0.9336919589142931,0.9346468482051463,0.9369059581039598,0.9263249093243686,0.9397761316931104,0.9347531780735809,0.9304524742645578,0.9312366247805367,0.926651868702785,0.9371488703904153,0.9286137297885858,0.9297389633329728,0.9351623737412901,0.9348941894153363,0.9378218116282666,0.9284334284873478,0.9269982582945822,0.935807604905612,0.9321698835372143,0.9375067341639521,0.927201268034474,0.9314316097322248,0.9317093444921163,0.9307737965138009,0.9345764340785943,0.9284686006624634,0.9307097198779659,0.9343615700790273,0.9315584596699155,0.0049894741193292685,124
114.07761744976044,70.9333198082089,0.1490161633491516,0.1535626530113648,0.2967854276883806,5,0.7563727365752111,2,4168,0.752046969735728,"{'learning_rate': 0.2967854276883806, 'max_depth': 5, 'max_features': 0.7563727365752111, 'min_samples_split': 2, 'n_estimators': 4168, 'subsample': 0.752046969735728}",0.9122696476128376,0.9223307268185859,0.927395979535068,0.9199821561528904,0.9273282345299106,0.9280958518032009,0.9207397692204756,0.9222358339238492,0.9149884734326134,0.922972514305,0.9187549899850209,0.9224786983459473,0.9220179120861839,0.9213750375363045,0.9231344469434255,0.9284280083643902,0.9256340307594805,0.9214250294900787,0.9219965870580487,0.9251798097995324,0.9110597469311723,0.9318170363895404,0.9102218066581154,0.9199412008455348,0.9215536514490645,0.9273416000414505,0.9216774266564575,0.9180624308730072,0.9227409393004978,0.9030718781208907,0.915266560772822,0.9243908004863219,0.921789169852056,0.9115131690943256,0.9269850064304151,0.9092098974298699,0.918084577942586,0.9317149715329434,0.9225827263002839,0.9337974910882809,0.9203294784549504,0.9200379845503861,0.9206070167117789,0.9157061481028999,0.9261378399528222,0.9205455818616173,0.9224384455851912,0.9212189150834839,0.9237562952526571,0.9276558132461437,0.9212459059492674,0.9248310432620293,0.9300253288086304,0.9160493860075317,0.9248299640843314,0.9226306348233166,0.9194097725550071,0.9156390688810321,0.9230333843961469,0.9201083743558238,0.9209281842279086,0.9304474470302457,0.9188436252829099,0.9236244303727918,0.9202210892850219,0.9236835483093044,0.9225997420949282,0.9191711239867156,0.9164182789312737,0.9217092904048158,0.9154647497455121,0.9171398422859964,0.9289868222690917,0.9262315482102114,0.9252861433809438,0.9182889853500239,0.928593713409912,0.922005355299574,0.9123225757280202,0.918702466850176,0.9200440215573559,0.9287355265843691,0.9168640602460313,0.9236159905666591,0.9238283283624344,0.9265728004173901,0.9283405746163487,0.9180149046504189,0.9174870736898095,0.9252469441944394,0.9226498909252688,0.9246636712772578,0.9169655409644379,0.9189099403860336,0.919112024235245,0.9217348652978166,0.9230108227800772,0.9136893257832384,0.9242117874873786,0.9237324722385376,0.9215592173653944,0.005187180961060219,178
94.58676718235016,73.7088129881684,0.1891435432434082,0.18967521527303713,0.2827819835087035,6,0.5644190594945832,2,4168,0.8005679371762305,"{'learning_rate': 0.2827819835087035, 'max_depth': 6, 'max_features': 0.5644190594945832, 'min_samples_split': 2, 'n_estimators': 4168, 'subsample': 0.8005679371762305}",0.9127846159389224,0.91724948592151,0.931336280153839,0.9232227540117203,0.9270354832923937,0.9224285961487507,0.9125415842357404,0.9278751889987388,0.9161201722927216,0.9248238177119688,0.9218378508120275,0.9128847862268757,0.9246587090916178,0.9287596381979718,0.9296297702764595,0.9250499107565214,0.9243255162599288,0.924536567875152,0.9219470732086291,0.9259731507653259,0.9196360175089293,0.9391909818518499,0.9181056414026718,0.9261014790654639,0.924365348112968,0.9296225907510345,0.9240476315680599,0.9170847782005468,0.9176966864982019,0.909419527450236,0.9211597423671679,0.9196531371803757,0.9270626918210683,0.9066845204105191,0.9230595832506562,0.9073399264746441,0.9223870845359148,0.9291599720772733,0.9209100720815295,0.934337644618739,0.9204931278649783,0.9260610942090117,0.9268112475024839,0.9136298881350463,0.9287240784810695,0.9193875993230434,0.9181842490070478,0.9195996730073248,0.9205224169662075,0.9260906919502357,0.9195605091310529,0.9305564440901759,0.9263618817654256,0.9143994086629151,0.9222541324142971,0.922360006106122,0.9282390529115501,0.9179389555851443,0.9194040056452398,0.9293420479653962,0.9228294166040779,0.9313330258283048,0.9218537593386006,0.9250525689010806,0.9137846109482177,0.9279855943900874,0.9209230660058431,0.926180254274307,0.9172323109951342,0.9240061329821159,0.918254855439507,0.9242012839980596,0.9247476802239987,0.9237726359268355,0.9275342716213146,0.9129913396925335,0.9284483895762262,0.9266400023690553,0.9205910592490976,0.9243966086796127,0.9253696747319087,0.925045149177935,0.9206593118960161,0.9245863835551288,0.9245330969780772,0.9284317407717669,0.930569698537874,0.9231297686417473,0.9213887653967913,0.927571724420766,0.9232035552871563,0.9256164348522917,0.9230366606087744,0.9237413973625335,0.9165575331983862,0.9222583764503413,0.9290475526006411,0.9175282190059092,0.9192468800967761,0.9300194697890849,0.9228626678053234,0.005603958969223613,175
185.25549750328065,114.88618212995947,0.5301998138427735,0.5163368093149819,0.023393824703871684,11,0.5102149684879131,2,4168,0.817651670984479,"{'learning_rate': 0.023393824703871684, 'max_depth': 11, 'max_features': 0.5102149684879131, 'min_samples_split': 2, 'n_estimators': 4168, 'subsample': 0.817651670984479}",0.9244727047547705,0.9271071802003734,0.9368417489531249,0.9351809284254013,0.930997205073861,0.9350390347405017,0.9312843289585067,0.9326954030095558,0.9220758978487246,0.934257035995124,0.9333518552604256,0.9254109542802262,0.9337701465039895,0.9401039574587271,0.9299023835623806,0.9356816066554955,0.933517348895288,0.9247378005550618,0.9273526408521278,0.9349837334717026,0.9260481080614582,0.9458049883117576,0.9201194507642328,0.934961850248954,0.9305510931330704,0.9380860060331435,0.9288374522939361,0.9266912687168132,0.9324116264957326,0.9191657402632166,0.9271613741791715,0.9324404438596534,0.9363375536717147,0.9199578370714673,0.9370543854461107,0.9227356344771032,0.9262168696782536,0.9385468138898058,0.9319391047383719,0.9372078890973791,0.9281356487142916,0.9367526082869475,0.9355317241151907,0.9267023239293398,0.9347903376787914,0.930919601626469,0.931035435666847,0.9262561133162093,0.9332911342251082,0.9345041337415673,0.9296891211724023,0.9380658541073098,0.9354345798779687,0.9222933816839453,0.9331420525751254,0.930858857989163,0.936905050800843,0.9281547808855433,0.9310068944683026,0.933749585004306,0.9289140334732724,0.9391714702222393,0.9325006974050493,0.9284151248844168,0.9249129239282567,0.9371490807484729,0.9290267262998004,0.9297518576919888,0.9301816984573924,0.9356105179687113,0.927302337467752,0.9269616424390371,0.9344706007578308,0.9348308789360934,0.9384265896994468,0.9278759085810538,0.9412915641435303,0.935103927190921,0.9302044651164225,0.9316375050612253,0.9276945817752571,0.9381402078547901,0.9275242819971599,0.9291521363342827,0.934683998442262,0.9345940940379405,0.9385155488350716,0.9278319563773483,0.9268405668270656,0.9358265478390905,0.9329240236272085,0.9368576894247189,0.9298036729808756,0.9324340711938989,0.9317085096523946,0.9308195249425468,0.9344951019291756,0.9307741053059906,0.9299910737268935,0.9346386351056719,0.9316724848443494,0.004927474007996211,121
147.73550066947936,95.06838643225059,0.24089492797851564,0.25156674051539596,0.008984048200827542,7,0.8453807225503804,2,4168,0.58748256714039,"{'learning_rate': 0.008984048200827542, 'max_depth': 7, 'max_features': 0.8453807225503804, 'min_samples_split': 2, 'n_estimators': 4168, 'subsample': 0.58748256714039}",0.931388472495975,0.93621883423993,0.9450415240572736,0.9417549174382869,0.9398889432276797,0.9428809596160743,0.9360089432782316,0.941127851613455,0.9306176001913486,0.9388697302224952,0.941634457711212,0.9339615044475302,0.939747555621637,0.9444995838854228,0.940384099773905,0.9418674817177957,0.9401131051432133,0.936319483292535,0.9360165384987412,0.9421507309141576,0.93496403601792,0.9509256743674765,0.9283831354144575,0.9436390687319768,0.9384631714804476,0.9448487573521722,0.9387848968283687,0.9356569179664075,0.9409531220786418,0.9269240666719502,0.9350268567969164,0.9400338710615135,0.9436092837092414,0.9280367488498296,0.9427152430354164,0.9305378564160172,0.9359273878379939,0.9459742017486378,0.9394473917680078,0.9462184778568524,0.9369661468027872,0.9440187175301447,0.9412302146472796,0.9336243283975334,0.9413604018994567,0.9395844577016357,0.9369118372914894,0.9350380409682209,0.9401586554784106,0.9411678694355134,0.9370125189700894,0.9437512864353884,0.944672089310724,0.9293446975770098,0.9385531879433586,0.9395479654939044,0.9421117757831113,0.9354168108912531,0.939283710266811,0.940981980274152,0.9356506346318442,0.9457131588625517,0.94061302579326,0.9383835063650955,0.9320588595184139,0.945712433255499,0.935057626076691,0.9380165561869449,0.9366511561275663,0.9410940979673381,0.9374186107978042,0.9369629259835385,0.9404396873205539,0.9413755235547894,0.945968765319374,0.9339835958277475,0.9479521890966532,0.9420832037794636,0.9369934271239808,0.9401587489035791,0.9377505488213601,0.9432555342240267,0.9344628283695362,0.9384253641486413,0.9426806192499545,0.942690646989085,0.9436423034205805,0.9359045704420167,0.9351976785727025,0.9438436062158906,0.9405038154793919,0.9426093063536778,0.9367743173789419,0.9392481545949165,0.9348361015612434,0.9389563510094382,0.9432597835711748,0.9363169202548011,0.9377591266687445,0.94233741946046,0.9391504190575469,0.004470445561642967,10
154.8494482064247,105.83292985124643,0.2658980798721313,0.2612294559654635,0.003226986853355662,6,0.6686829695816052,2,4168,0.8147719386009962,"{'learning_rate': 0.003226986853355662, 'max_depth': 6, 'max_features': 0.6686829695816052, 'min_samples_split': 2, 'n_estimators': 4168, 'subsample': 0.8147719386009962}",0.9237998209017121,0.9290434094588575,0.9375197484915502,0.9365257037021436,0.9330394625089296,0.9339209230217435,0.9293681698542295,0.9351106870309741,0.9223493390323074,0.9354414473387178,0.9358057447226322,0.9283324779760433,0.9326867454063077,0.9382481835689431,0.9334424115677205,0.9362059352031575,0.9340682338533766,0.9271297362671356,0.9291482841457864,0.9359694098166839,0.9270399223954382,0.9449870302721951,0.9200047258032492,0.9366512551471045,0.9334667427984831,0.9398455610814325,0.9330291297888379,0.9277795045603308,0.936195414956816,0.9182037403426142,0.9260850292224313,0.933922806984262,0.9352875328033035,0.921290659283887,0.9384387046092377,0.9227515322544814,0.9282661637968733,0.9409118376036614,0.9316166270928756,0.9397033500736005,0.9287531132277567,0.9367764870350636,0.9340664204657563,0.9276216148573937,0.9345408070393675,0.9336698100788989,0.9322474243107891,0.9279009181046882,0.9333533967410773,0.9335324308481677,0.9294666546131972,0.9385196951799443,0.9383195973759635,0.9220077868580839,0.9312215360921681,0.93239589855568,0.935457076607717,0.927532021031145,0.9340596337094271,0.9352270874278756,0.9307732926571555,0.9402889165742373,0.9342095303573251,0.9301962251491819,0.9260965544193325,0.9383453913902412,0.9281201024927873,0.9316508776773753,0.9292697564215778,0.9359939488921358,0.9294084719857869,0.9300742502807857,0.9338064343511961,0.9341097701252249,0.9388356513082652,0.9285426669941347,0.9390081620730341,0.935566875257492,0.9308305648576961,0.9307332312012881,0.9286746570230942,0.9377007526741541,0.9272368246778301,0.9315606637604639,0.9358521836055801,0.9348845240911465,0.935665275085258,0.9293530794915578,0.9301363375299205,0.9362890761378365,0.9332145712285851,0.9366295131167796,0.9300109925663833,0.9328259051199994,0.9293740980905016,0.9328943869942332,0.9356911134464073,0.9306267102281884,0.9293417873252944,0.9345529805922467,0.9323767866215193,0.0048213604111646755,108
102.78931262969971,89.24570280955687,0.34186928272247313,0.3328545897361428,0.058578682461386235,8,0.4635536200917778,2,4168,0.6033419927343954,"{'learning_rate': 0.058578682461386235, 'max_depth': 8, 'max_features': 0.4635536200917778, 'min_samples_split': 2, 'n_estimators': 4168, 'subsample': 0.6033419927343954}",0.9272445568689349,0.930301872544689,0.9393106052806649,0.9367674326091499,0.9366823420274921,0.9363631342128602,0.932738354779799,0.9349084251207761,0.9260167932091073,0.9353186081028435,0.9347117109394134,0.929731966969819,0.9351601760895807,0.9416707576807944,0.9354928972523826,0.9373521713767661,0.9351025299535294,0.9308267061357922,0.9324645969941375,0.9367938528329877,0.9316958672468495,0.9475238679310773,0.9222094008508077,0.9397952276530096,0.9345460397380297,0.9428444737156835,0.9344399770650247,0.9305109403596863,0.9375093985406606,0.9235701672815633,0.9323802800125733,0.9391612237003768,0.9406894764516506,0.9264694784175193,0.9387177955064998,0.9254636749271032,0.9301349995797706,0.9428031260107589,0.9353337939817465,0.9410911401148384,0.9321917349295753,0.940951331548849,0.9391203077915445,0.9295610413504527,0.9376130266330034,0.9368738289673474,0.9327716712494957,0.9298700228929304,0.9349504236481412,0.9384528593808461,0.9339333432045174,0.9406395835001403,0.944055525093989,0.9265633385335867,0.9328135761514893,0.9358130338373419,0.9388223701670926,0.9305858994991986,0.9362928022706336,0.9336344739033318,0.9330745526167886,0.9429121153958118,0.9371348732928045,0.9332316260874265,0.9292032851976997,0.9405401038999094,0.9302624456220111,0.9358145403676923,0.9324877670253514,0.9366950014866349,0.9318742579973602,0.9352806826468751,0.9384656270384291,0.9364312004099161,0.9402191125351957,0.9292875903124842,0.941761856081224,0.9374519329204873,0.9339159473701542,0.9372072896011447,0.9326211991064901,0.9403988501535271,0.9308006347954695,0.9357609973642464,0.9386567228047312,0.9382323341817196,0.9385100145405422,0.9331039171423838,0.9306222104015218,0.9378019104469519,0.9364347984453825,0.9394520210394415,0.9341429521983247,0.9349731619056367,0.9334374307900033,0.9380714064107297,0.9419142499032538,0.933545768571063,0.9322357319356055,0.9381136338042252,0.9351944178846691,0.004616908501918772,66
247.26909035921096,132.22993412919718,0.2707498788833618,0.269584632497078,0.0033096865408180623,8,0.8532074692641054,2,4168,0.8779581174760334,"{'learning_rate': 0.0033096865408180623, 'max_depth': 8, 'max_features': 0.8532074692641054, 'min_samples_split': 2, 'n_estimators': 4168, 'subsample': 0.8779581174760334}",0.92616165319059,0.9309405160523929,0.9400836757636566,0.9384867258208971,0.9348168907800997,0.9378848327840494,0.9308691363914291,0.9348862868413499,0.9250008250245001,0.9367779174277981,0.9373427066727861,0.9290906296837605,0.9333367513234907,0.9410188932286287,0.9350558331799129,0.9373315100507245,0.9350378725427685,0.9300394602880413,0.930693235929934,0.9385511873006266,0.9291894417276936,0.9482707932548357,0.9234412764943541,0.9377825089828561,0.9337522727614332,0.940605577575556,0.9322915290976737,0.929929133891964,0.9361244787122424,0.9218892248370236,0.9304053997685019,0.934767959978451,0.9388939728527069,0.9230916199491106,0.9395057371981281,0.9255216770106274,0.929753001630327,0.9417933755693186,0.9351109391129956,0.9401313517042802,0.9316083755080671,0.9385996936606918,0.9379364577937116,0.929355183270484,0.9358920705564289,0.9329243158362126,0.9338829152877997,0.9306947555727663,0.9374760417446487,0.9353674229743791,0.9328714738843276,0.9402699394076302,0.9395882519727354,0.9249119139952077,0.932804769560659,0.9347551955302851,0.9380351785818267,0.9289581805267512,0.9350950773245896,0.9370430948198123,0.9312970198576053,0.9416569410403485,0.9372280946299001,0.9341553947612817,0.9260162965623455,0.9411677447400565,0.9314124972558682,0.9326532897642035,0.9322105195285195,0.9375300683365816,0.9325290354609602,0.9314140225923793,0.9352853942833776,0.9363182754627262,0.9399742489284731,0.9280269667053679,0.9439035558559674,0.9372722655756087,0.9325349717263323,0.934004997204675,0.9316722598146223,0.9394769582028508,0.930495235021884,0.9315952353183253,0.9388131233139629,0.9377390413623505,0.9397763023584222,0.9314081965323308,0.9304028934953215,0.9392804982651841,0.9366486844100996,0.93893083755577,0.9323339106826264,0.9337335574355498,0.9316884206061146,0.9340672407592807,0.9387956464679321,0.9314910898381223,0.9314289155210854,0.9372187615147262,0.9343731652894567,0.0047866454652130495,75
60.406338884830475,49.38627350898659,0.1912979316711426,0.19958262317977332,0.07659757870614843,5,0.39284964077338125,2,4168,0.6905047160758202,"{'learning_rate': 0.07659757870614843, 'max_depth': 5, 'max_features': 0.39284964077338125, 'min_samples_split': 2, 'n_estimators': 4168, 'subsample': 0.6905047160758202}",0.92814520875461,0.9352324071809194,0.9428438159618423,0.9388721651837671,0.9423671690392317,0.9395409945576427,0.9335192624615968,0.9374892664819927,0.9300968855099129,0.9358641160756473,0.9369609571393669,0.931185732790793,0.938026724227463,0.9420035257030346,0.9389216486063029,0.9402336964453322,0.9377366322568103,0.9339219332671748,0.9348358376824957,0.9371835498299076,0.9305898721391486,0.9476885529469998,0.926760553214,0.9416481600952562,0.9378069039910365,0.9423778946565612,0.9371211661609883,0.9303174976103707,0.9396633643322682,0.9221031173974634,0.9352202678495685,0.9372686563233962,0.9394182123725745,0.9281674769617249,0.9400803185548239,0.9244379209669242,0.9334377344811687,0.9424487218788951,0.9309787232963072,0.9452547846823882,0.9334554072758456,0.938832068220464,0.9362282065361254,0.9288408475359579,0.9405274229941649,0.9360373529739563,0.9351917140320278,0.9330395500732853,0.9339194008555345,0.9390356334801766,0.9332175204314259,0.9433267039263847,0.9423862719114613,0.9270708337701002,0.936054122363343,0.934502606094397,0.9400712274317281,0.932834674793733,0.9375275389645749,0.9390252317566287,0.9347516237827244,0.9429187012561613,0.9381732882821607,0.9353123307071032,0.9316175398051659,0.941668166141887,0.9329826927278899,0.9377576065910044,0.9342811097228019,0.9368450024573238,0.9355525354507173,0.9360417779731963,0.9401257842242803,0.9363204560850982,0.9398137243805595,0.930865740246442,0.9420455664529143,0.9395889946284407,0.9321448133787704,0.9370904248922844,0.9336162045229931,0.9407372422282224,0.9317736828638953,0.939423573264707,0.9407105430785754,0.9394434226033289,0.9394812216579576,0.931985366299021,0.9351317110376255,0.9388421208284843,0.9375594646142963,0.9393163313416522,0.9368052470375985,0.9383892835872297,0.933145468004663,0.9365819992472596,0.9368166837317378,0.9337034616440028,0.9343602954075381,0.9391584575139751,0.936417754241907,0.004473909868682067,54
170.43802577257156,114.59106422060866,0.4769928455352783,0.46034470986815823,0.022722937137443968,10,0.42182946500629437,2,4168,0.9035360616930725,"{'learning_rate': 0.022722937137443968, 'max_depth': 10, 'max_features': 0.42182946500629437, 'min_samples_split': 2, 'n_estimators': 4168, 'subsample': 0.9035360616930725}",0.9274951894692167,0.9301504009571183,0.93951497945896,0.9375441905171171,0.9332757425474457,0.93807442496426,0.9310979792273159,0.9351497425549502,0.9238885026138475,0.9372560256941962,0.93539534352273,0.9284313614918673,0.9358646393570139,0.9401105778109127,0.9311959197848944,0.9374082251297363,0.933808064825974,0.9283367812379499,0.931078690277616,0.937284330598037,0.9279785282901175,0.9466520593890905,0.9214738634362355,0.9387876639042815,0.9318888972067995,0.9390260514218343,0.931562757718762,0.9289184269932252,0.9349055723499438,0.9210264233652197,0.9292511676422195,0.9342495473171077,0.9369763855135754,0.9219964197316344,0.9378802158070764,0.9249400112251545,0.9283848327531523,0.9417723416387879,0.9325561654055129,0.9395471048171441,0.9287152299111913,0.9383909703748016,0.937607917477402,0.9275108167403581,0.9358261599707189,0.934755432258243,0.933331018019202,0.9270329499075914,0.9354994677745013,0.9348000707152386,0.9317034086665664,0.9396181218484351,0.9366704127617744,0.9206866936674691,0.935331683085445,0.9352728352985055,0.938412275662914,0.9294712448186999,0.9334140042575814,0.9358807154575728,0.9327408172477851,0.9391936753682302,0.9334094225968929,0.9304643342683617,0.9263469075946369,0.938269518634709,0.9313525076940701,0.93245153467426,0.9305509272269125,0.9381518136271532,0.9293686919561092,0.9312840161327842,0.9346157462784004,0.9360746675967934,0.9391792690029678,0.9297831385045219,0.9401966110770915,0.9374837521027372,0.9324153260848369,0.9337166051692609,0.9293587875164052,0.9383745896070256,0.9282195978967014,0.9320285708927765,0.9382723491122945,0.9366310654097686,0.9380965260432044,0.9304368418611483,0.9308985452176188,0.9372060628323984,0.9311459670928913,0.9387390045621401,0.9301017692113377,0.9323554137473125,0.9324412572033905,0.9330080901514944,0.938062689061175,0.9304784039150062,0.9320762652507051,0.934984196881169,0.9334203225294673,0.004803916019780245,93
107.24801995754243,86.7306435850044,0.30211673259735106,0.30576486976816286,0.004639902315883837,8,0.4319384050811783,2,4168,0.8667480710985318,"{'learning_rate': 0.004639902315883837, 'max_depth': 8, 'max_features': 0.4319384050811783, 'min_samples_split': 2, 'n_estimators': 4168, 'subsample': 0.8667480710985318}",0.9302417867192684,0.9337158965280936,0.942455961839949,0.9415063422613221,0.9376829575624354,0.9396891021665796,0.9352819384537048,0.9393718994357485,0.9282465765342676,0.9380596291428346,0.9391866354614308,0.932253702227499,0.9386829247608665,0.9439888472996514,0.9366487843934677,0.9408875086980307,0.9382356372820291,0.9321468615644248,0.9361974586215889,0.9403583348384303,0.9316378206160502,0.9494938944068478,0.9254004871856724,0.942215747918089,0.9365150799181147,0.9437184205528848,0.936041665269066,0.9334153571849418,0.9400618316635039,0.9238144896644376,0.9326267913263193,0.9380991467099633,0.940939238109894,0.925884209518388,0.941772141658228,0.9279169446886507,0.9339028687903718,0.9445955844800755,0.9363456605907394,0.9438973347081688,0.9328408447675973,0.9421449117364619,0.9403261045750565,0.9311117264456699,0.940414972945427,0.9381108690632933,0.9368884547543569,0.9317608984428174,0.9381709143272107,0.9391808470796303,0.9348620068527214,0.9430211607633353,0.9419832986374539,0.926690355473222,0.9373561106228188,0.938212199421314,0.9414803537957395,0.9328416803930726,0.9363895405880647,0.9390685780777484,0.935386635860374,0.944335224097237,0.9375163742829629,0.9344225237352088,0.9306064754698542,0.9425407787090605,0.9337228233950239,0.9360858978294426,0.9353836826094236,0.9398987688930392,0.9335455988601362,0.9347569972840024,0.9391832134796967,0.9402749513376835,0.9426741273165169,0.9323998518455324,0.9443293959775827,0.9398792850121139,0.9361603162984469,0.9370463455392221,0.9337746451702216,0.9420659466052967,0.9317348474639011,0.936048554888272,0.9415570591955407,0.9404170693254961,0.9414507882867357,0.9348641119678172,0.9343351539610985,0.9406505526835344,0.9379915402658769,0.9411458531856379,0.9342781545242491,0.9375197043429159,0.9354610796789564,0.936965559989905,0.9413835954048144,0.9337396520913693,0.9344396701399927,0.9391669330328837,0.9371512906955212,0.004655378270211561,45
55.70149037361145,47.30090616545775,0.11000537157058715,0.1141631595938037,0.176374803692031,10,0.6656475291350787,2,4168,0.7131667017543379,"{'learning_rate': 0.176374803692031, 'max_depth': 10, 'max_features': 0.6656475291350787, 'min_samples_split': 2, 'n_estimators': 4168, 'subsample': 0.7131667017543379}",0.912110704589295,0.9155277527625643,0.9266984704092992,0.928292219972256,0.9234269245157662,0.9233695193103224,0.9193059745346914,0.9222241413197543,0.9158319370463027,0.9207332452439005,0.9260462554047841,0.9168658679660782,0.9252459089306871,0.9317503326847631,0.9227386255596224,0.9276590320251703,0.9221625341870154,0.9171850361660876,0.9172165281119407,0.9237475994891734,0.9199888409917439,0.9421711319374946,0.9120998670390021,0.9251493017702628,0.9190653389276195,0.930665176717362,0.9201343523364961,0.9165593315944396,0.9250721865737128,0.9145253709213,0.9204839674408026,0.9203085657596923,0.9311241794124838,0.9101895895189828,0.9215416441061071,0.9162758381229957,0.9175510155739529,0.9321229173510194,0.9289647475539589,0.9333205571758333,0.9194231316564161,0.9281879988388309,0.9266209840288555,0.9206150828510403,0.9253942060832503,0.9227840745281486,0.9181675706808479,0.9117530652822206,0.923055039688324,0.9241723852689221,0.9193599181055955,0.9278802866330697,0.9278681692938412,0.9133721290823605,0.9264565436913167,0.9224455589443669,0.9243891279265093,0.9188476522377471,0.9228297203334058,0.9244897268520272,0.9183611413859099,0.9305083969111091,0.9263350796150329,0.9223303504306346,0.9158644135159046,0.9282962763019179,0.9200924672612777,0.9225170910752167,0.9225180957487473,0.9274645883576765,0.917503246591255,0.922157555210742,0.923576732454887,0.9247353233797992,0.9290951879722152,0.9145575887505393,0.9308530038544613,0.9276378175857635,0.9230748654397918,0.9233756153321833,0.9178841001064585,0.9307191174874452,0.92108895748358,0.9208307177323272,0.9279548718346815,0.924084489839232,0.9311613040498816,0.9234089649322066,0.9185796974973073,0.9278414934701344,0.923417743494386,0.9277631877205317,0.9200026255924859,0.9197165319838022,0.9183492913704904,0.9246670374861439,0.9277555259569613,0.9225665264670203,0.9206496438108811,0.9287697927793837,0.9229163136133225,0.005418129746826413,174
234.18939359426497,157.6663933007981,0.6879186367988587,0.7090600292655276,0.0028615430780951833,12,0.598508298635958,2,4168,0.8432089625812538,"{'learning_rate': 0.0028615430780951833, 'max_depth': 12, 'max_features': 0.598508298635958, 'min_samples_split': 2, 'n_estimators': 4168, 'subsample': 0.8432089625812538}",0.9236155815383862,0.9261747867797588,0.937782540983226,0.9357247632870734,0.9310427628250345,0.9345189282290655,0.9285999985744486,0.9309872657465418,0.9214170299215039,0.9340691256545846,0.9336014162779468,0.9253146659261705,0.9329045505877678,0.9388970925879508,0.9306607071230475,0.9351939355784429,0.9328122455331445,0.9252216925604466,0.9258713514220965,0.9349787204226325,0.9256735996309355,0.9461047606463788,0.919920842566025,0.9353737951549692,0.9279470231664904,0.9382415257860482,0.9283076615692405,0.9269230865624888,0.9325680807887691,0.9183977013755538,0.92639171848797,0.9307400896459791,0.9353432527590704,0.9192529964589267,0.9357225208989801,0.9214224384898774,0.9250333226796322,0.9377689165584018,0.931286646188012,0.9373167085671804,0.927972677916511,0.9352211303273931,0.936850338288763,0.9268799284468175,0.9330710008229831,0.9310112745593319,0.9293576502256498,0.926438975753642,0.9320190329783948,0.9330727176584711,0.9293974532414306,0.9372198072793549,0.9357546050723431,0.9192721633441373,0.9315956771132077,0.9306486523948027,0.9358462173063322,0.9269227526161512,0.9302454679999241,0.9322457687172945,0.9282015729754053,0.9376645466657314,0.9325703691136424,0.9291274043144547,0.9222313075515999,0.9374719097369135,0.928435044524188,0.9299440066474458,0.9283339703441342,0.9357228330450703,0.9265315410260065,0.9283302235505807,0.9325520511625373,0.9335752236960316,0.9372902176552189,0.9252914674639116,0.9407150266602591,0.9339531607137773,0.9305646171831604,0.9302018048310601,0.9274561313186361,0.9359844272611914,0.9276144837331443,0.9289077743735765,0.9349141177270542,0.9341188619537785,0.9372831552585155,0.92803816322727,0.9254781293574279,0.9348623020009504,0.9322608462007652,0.93683663551593,0.9280860003764775,0.9304983828536109,0.9307413112596119,0.9299908741598922,0.9351017552227943,0.9286930661263564,0.9297908194899525,0.9341113550765354,0.9309964603295774,0.005058156748019613,131
38.446160335540775,36.11592151018499,0.1046695899963379,0.10918530986909189,0.1777033847672164,12,0.5441472554619294,2,4168,0.846486102281136,"{'learning_rate': 0.1777033847672164, 'max_depth': 12, 'max_features': 0.5441472554619294, 'min_samples_split': 2, 'n_estimators': 4168, 'subsample': 0.846486102281136}",0.9119735622127462,0.9150624401811585,0.9307580737652668,0.92094320705035,0.9283200086059147,0.9249583633900976,0.9241216028597167,0.9151376374543349,0.915344978997226,0.9212718363722766,0.9242657614782895,0.9130788971346029,0.9213050736627137,0.9288812551551173,0.9209328154512182,0.924988083968531,0.9206923232237971,0.910927565542344,0.9131089370155534,0.9209845660600793,0.9081574203985812,0.9375288005666715,0.9068898695998462,0.9245719563691908,0.9148291323604494,0.9234198703184129,0.9175337390825701,0.9223496655678106,0.9200920405690365,0.9031077135234545,0.9136065576000922,0.918887634956385,0.9251993869479854,0.906393499776752,0.9266440292079932,0.9095230623814984,0.9152495156837996,0.9318021969442313,0.9186883980287333,0.9285910309425209,0.9162479960057852,0.923919085972569,0.9211595457250789,0.914784289414992,0.921497561051246,0.921141805467635,0.920424530865853,0.911495716838811,0.9222673571481887,0.9241532810679723,0.9173854166603952,0.9293482578173151,0.9269447369363195,0.9069369212034436,0.9202513863852908,0.9175298606432273,0.9250229433743351,0.9186641863800312,0.9200384487592852,0.9238933611797775,0.9142738046351992,0.930310993922385,0.9229768647856138,0.9203198596135305,0.9130204499163646,0.9252457886999964,0.9155866887081636,0.9239147734759913,0.913046740342364,0.9230993561090595,0.9128714019496101,0.9183608970569054,0.9250542133904633,0.9192223014488801,0.9246430044659408,0.9147085408569124,0.9289628873205386,0.9242184091382017,0.9202402536351093,0.9202628734157697,0.9130502949493862,0.9248742936324,0.9124485090959065,0.9186063101689008,0.9285712702055058,0.928583254605114,0.92865361156354,0.9160537106945646,0.9147591815700242,0.9246598932029608,0.9214911302659308,0.9250052886629963,0.920037910124343,0.9108526752257725,0.9198535845413917,0.9195970070470407,0.9245224398422196,0.9140746724388885,0.9209670651235997,0.9244169336470065,0.9200464833879939,0.00628903850284966,182
108.71220203638077,83.37563068402748,0.26740902185440063,0.27616947641845063,0.004864734957527726,7,0.6194279323337255,2,4168,0.6850008532300484,"{'learning_rate': 0.004864734957527726, 'max_depth': 7, 'max_features': 0.6194279323337255, 'min_samples_split': 2, 'n_estimators': 4168, 'subsample': 0.6850008532300484}",0.9304520767999664,0.9346747973750568,0.9437350574580383,0.9416227319343783,0.9388852061418247,0.9403287250772352,0.9355611127493929,0.9401561705084782,0.9297297077418194,0.9386028045378606,0.9407409682055486,0.9331432235866011,0.9390434328743442,0.9444123052396295,0.9385023942700769,0.9411510702919194,0.9391690065337595,0.9337108747928895,0.9360178310208057,0.9408630371023099,0.933052530849368,0.9498665794642576,0.9273983382458577,0.942528516291296,0.9376015215023394,0.9442157014215822,0.9366893767543296,0.9329409665445342,0.9406628153883003,0.9246838307689828,0.9324612454181308,0.9391749692679676,0.9418938629042473,0.9281083730302462,0.9423413516970985,0.9275060636451883,0.9351431580473131,0.9451111133107348,0.9378174220404148,0.9441174233462911,0.9348216146614006,0.9419685240858068,0.93968703450704,0.9320850882486457,0.9403508245653119,0.938601332687316,0.9367700463188525,0.9329734382536097,0.9392001886154293,0.939731320697581,0.9352695770576697,0.9433350026067225,0.9436990929446072,0.9279488173178858,0.9375871016875996,0.9386569033728349,0.9414958011188713,0.9341289582720341,0.9380253746295648,0.9398053480978235,0.934960227580845,0.9452920789836022,0.9387937903895239,0.9369123783569191,0.9310321480419768,0.9441890103216481,0.9343904785697839,0.937311847940811,0.9364424023751697,0.9404529380053681,0.9352257335656543,0.9354827784534523,0.939612712867676,0.9399731284853224,0.9437454597988381,0.933678854833542,0.9452633423112757,0.9406534359714002,0.9359239930754725,0.93769266875107,0.9353188670352797,0.9425804677258697,0.9330352183141758,0.9372203055459654,0.941568625410068,0.9410531150315292,0.9420386771291237,0.9354556504523783,0.9347878140498698,0.9416056010634493,0.9384323577251666,0.9419456246340805,0.9347879513326904,0.9382870734454644,0.9345109723607299,0.9381579285817239,0.9412938706752958,0.93609132028635,0.9351535394246732,0.9406613843564868,0.9379097485718674,0.004509367050951685,32
102.98581986427307,77.62374150002235,0.20360512018203736,0.2088536155807538,0.005066863395249431,5,0.7961383656506613,2,4168,0.637480896168937,"{'learning_rate': 0.005066863395249431, 'max_depth': 5, 'max_features': 0.7961383656506613, 'min_samples_split': 2, 'n_estimators': 4168, 'subsample': 0.637480896168937}",0.9235552732709675,0.9309247384521876,0.9402874320942175,0.9368535552936119,0.9344143438466643,0.9355759563143361,0.9314246504826224,0.9349206188411314,0.9243515039920354,0.9367609204209345,0.9370543970467613,0.9294090700568505,0.932802629356232,0.9375838056341,0.9347122029441636,0.9373148574957803,0.9345743991346622,0.9287227434961403,0.9298285680570013,0.9368283608885327,0.9271243014381463,0.9439991165370848,0.9221678033996337,0.9373880905878027,0.9333847238794374,0.9405247120335083,0.9340264670263563,0.9269167525977332,0.9373526284245539,0.9191990078113683,0.9273943141199197,0.9340994757962352,0.9352989444444791,0.9226342635693136,0.9391904569158764,0.9220911156522672,0.9299079246220558,0.941546520625652,0.9308199295011621,0.9412836481561591,0.9291355435451502,0.9366992174508931,0.9340148213062583,0.9280237844902469,0.9348376923572077,0.9342862974311119,0.9325230037640798,0.9289371012360399,0.9340354488095581,0.935393847351234,0.9303438699532632,0.9396832732900803,0.9395372081142549,0.9228024958132817,0.9322811677695472,0.9329810369683478,0.9365035738004572,0.9286073153832284,0.9352014385799736,0.9350954834629017,0.9309837994970581,0.9403742017160182,0.9344479635782283,0.9316335251171131,0.9275216841416516,0.9386995213752816,0.9295115047080911,0.9335755351030142,0.929730157848788,0.9358190299368068,0.9296880269484427,0.9323124099683769,0.9353429196814715,0.9336994343638158,0.9393847135238355,0.9295126878023554,0.9386217485388915,0.9359204519522111,0.9318641466634471,0.9323751432620014,0.9301322901295648,0.9387202024122655,0.9271879594431938,0.9330297968607207,0.9364062929445263,0.9346642954312339,0.9358253362719412,0.9302075126499282,0.9313974002369519,0.9379655520156894,0.9325936452128145,0.9373704211998315,0.9315076234141484,0.9336769580710049,0.9303577532705978,0.9343709242510065,0.9348330035901093,0.9313503334738017,0.9298371961512868,0.9362342366373643,0.9331386118452967,0.004707581861563035,97
109.63876923084258,81.24135691822883,0.17001465320587159,0.17180767453134885,0.01196174193467231,5,0.6883949150611814,2,4168,0.7914186827998569,"{'learning_rate': 0.01196174193467231, 'max_depth': 5, 'max_features': 0.6883949150611814, 'min_samples_split': 2, 'n_estimators': 4168, 'subsample': 0.7914186827998569}",0.928403820375066,0.9361848383200411,0.942924444115742,0.940326370824273,0.9392883410612105,0.9397469153186272,0.9364499391878764,0.9399657352107944,0.9301625028134637,0.9387564341563939,0.940653180749536,0.9342938569362312,0.9376690179179966,0.9414785601289498,0.9401204051562784,0.9413017647037106,0.93967030563628,0.9337018824392678,0.9368261353556324,0.9412758630892174,0.9321595265947026,0.9482152047550737,0.9272426209702147,0.9420474512117096,0.9389330222970418,0.9451015185304682,0.9379515529771345,0.9330951858856354,0.9414315647983187,0.9250111630483552,0.9328039392215918,0.939025188349178,0.9402999744114142,0.929092892295926,0.9432546024895081,0.9275650666417732,0.9357024011438937,0.9456511473974952,0.9367381267613714,0.9468871046340365,0.9336654267942781,0.9424818747414023,0.9381598097496057,0.931308902520892,0.9402001183693265,0.9380682468100761,0.9370391079762254,0.9354669487008064,0.9387662773004136,0.9390137781284003,0.934569566773644,0.9431447746385726,0.9443314721333529,0.9276357209629149,0.9372175953140957,0.9375961384544808,0.9407017994337478,0.9350023904747712,0.9398486229421964,0.9401189883541441,0.9363716827836187,0.9453656614905445,0.9399583733948749,0.9373804296979024,0.9321006176806667,0.9437437084456047,0.9351610092253058,0.9379703341465558,0.9353966269683577,0.9395371015681552,0.9367581491913265,0.9377702931423992,0.9416196440192546,0.9393185546700392,0.9438095956116348,0.9349010995084714,0.94374705890065,0.9405676755121924,0.9353120896042106,0.9386127191474757,0.9353261024082087,0.9423121897304227,0.9316488640489918,0.9368766886554782,0.9410463847873285,0.9402192188312469,0.9417306960694737,0.9343325051594694,0.9365176485558352,0.9415324146335133,0.9367431830265514,0.9418587942975247,0.9352143086164428,0.94022412519488,0.9342760667310261,0.9386909555047317,0.9401098427421511,0.9370299164314762,0.9352863415614479,0.9407674527090589,0.9379889325288927,0.004414277032112415,30
147.38408645153046,102.95293178090073,0.2682167983055115,0.2619864341424948,0.11577141594597738,8,0.6960789512713625,2,4168,0.7833954070935212,"{'learning_rate': 0.11577141594597738, 'max_depth': 8, 'max_features': 0.6960789512713625, 'min_samples_split': 2, 'n_estimators': 4168, 'subsample': 0.7833954070935212}",0.9268043248458204,0.9296330856198769,0.9354806359757026,0.9331151214638064,0.9349490865299571,0.9359625817683399,0.9253732052266191,0.932808276798772,0.9258599460414816,0.9309874251449263,0.9329967370125596,0.9235626106721552,0.932899233653286,0.9385877642069386,0.9326553211444798,0.9339862583744727,0.9352552206166298,0.9283684246057174,0.9297018775073188,0.9367684500636893,0.9259803164041202,0.9436561963608366,0.9219126489624428,0.9359869068929645,0.9305263646403714,0.9374905523952118,0.9297247858321446,0.9270608195437915,0.9368052323701265,0.9203966757984818,0.9275019895637856,0.9302616169811118,0.9351591353988558,0.9217475482746987,0.9359813844467358,0.9239534501728522,0.929684638297056,0.9373622665596032,0.9310629009669873,0.9390842259775806,0.9287732169052374,0.9371288391454238,0.9357336874736103,0.926064888704422,0.9354745140233371,0.9303021624747588,0.9305001774752167,0.9297208162416207,0.9339575954947402,0.9326464803209955,0.9289754377157315,0.9384887143062903,0.9403270748896788,0.9237062019950881,0.9319040711562987,0.9318354005010444,0.9363989630241579,0.9265780068304124,0.9300677531620446,0.9309883889817888,0.9261261778083957,0.9399588337697717,0.9313092797173324,0.9313202315442537,0.923702843648195,0.9378028453553227,0.9280984290652006,0.9316584882332293,0.9316393913928701,0.9352566629080616,0.9285262428433082,0.9317048517776032,0.9329838061621396,0.9337604996013751,0.9383341448993175,0.9288431948180165,0.938583454423009,0.9352101803232242,0.9319999174956989,0.9350776725414749,0.9303788479724495,0.9389924905722227,0.9270258121035726,0.9298244538876342,0.9367601118112718,0.9354813957734597,0.9364187635921432,0.9257694537344667,0.926017359097134,0.9360362937872717,0.9338247874343442,0.9372479987294551,0.9310788165896755,0.9307710897218763,0.9297496513937171,0.9311304375213272,0.9369995271202564,0.9300630896014539,0.928829714771312,0.9340722508409881,0.9319503712831803,0.004647655119812939,114
173.22987335681916,127.29389280673684,0.3315625739097595,0.3390957675269663,0.0068564314564107985,8,0.6917142204161856,2,4168,0.7662163476493078,"{'learning_rate': 0.0068564314564107985, 'max_depth': 8, 'max_features': 0.6917142204161856, 'min_samples_split': 2, 'n_estimators': 4168, 'subsample': 0.7662163476493078}",0.931647707423051,0.9349364988324985,0.9430703850482333,0.9413113982111302,0.9387248494103282,0.9410653849172534,0.9341751214832645,0.9389393800668953,0.9291728544044611,0.9384374295852211,0.939748057626228,0.9331434830757221,0.9382081640611842,0.9440642518340465,0.9378730514147431,0.9404796396873802,0.9388333947285447,0.933432702345155,0.9346774798264155,0.941251242266084,0.9329241108663431,0.9505180281134035,0.9274504846213542,0.9411523101871865,0.936141253179118,0.9430854031395548,0.9359362567654742,0.93320842044477,0.9388675336438294,0.9240781712253197,0.9332437945530737,0.9381155443812236,0.9421561354284208,0.927347031391352,0.9412936233292308,0.9274881587852931,0.9336979069175264,0.944914949719987,0.9383612564621063,0.9442969687065711,0.9350646865801802,0.9434059996823408,0.9404978672356483,0.9316253151874265,0.9404638929076468,0.9376876065055185,0.93557558981834,0.933400443459752,0.9391312473140461,0.9390465240146225,0.9351127671467095,0.9429870763788225,0.9428796988745791,0.9276547554360521,0.9371405038327218,0.9377996251291931,0.9417306880456475,0.932926157603448,0.9372204959079944,0.9399263077064532,0.9350553155826142,0.9447812610610251,0.9393836845536633,0.9366290470806378,0.9306984878619557,0.9436333312010319,0.9344452815754982,0.936253170223902,0.9358265341430003,0.9401450228542568,0.9351743435949343,0.934798772323164,0.9399496674901313,0.9400242700952399,0.9436754994127582,0.9330918511354058,0.9466002708978797,0.9406530175998337,0.9361714638057571,0.9379257820974333,0.9355047604402493,0.9414836003013611,0.9331039655186345,0.9358279054611591,0.9416267042370032,0.9416738157426189,0.9426888665702914,0.9347387733292736,0.9341384048796515,0.9411458905840449,0.939544828527176,0.9419256844340185,0.9350112934620265,0.9377217648131716,0.9346897924244795,0.9373420132180544,0.9416550514703251,0.9349190825182095,0.9359315430620333,0.9404040107512555,0.9376474089321128,0.004574479298382511,38
185.10647191524507,130.25172403207486,0.1936712408065796,0.19841957897904067,0.042447737358520234,6,0.8953685550856594,2,4168,0.7739021256898738,"{'learning_rate': 0.042447737358520234, 'max_depth': 6, 'max_features': 0.8953685550856594, 'min_samples_split': 2, 'n_estimators': 4168, 'subsample': 0.7739021256898738}",0.9303049909242574,0.9369936734114608,0.9430959344122135,0.939990543799789,0.9398372381725613,0.9422346853655637,0.9351583322064727,0.9410050263746632,0.9320016282192528,0.939090472101399,0.9408100783496106,0.9353362216764709,0.9396732219292065,0.9439750551336896,0.9408635204384858,0.9405421222219708,0.9391344700607688,0.9351496803404711,0.9391706416000595,0.9424920140058543,0.9330017056249997,0.9488927993253131,0.9276939650690825,0.9435445046036478,0.9394977292788805,0.9466775028403132,0.9391466866911975,0.9343461911542108,0.9406389795883222,0.9264684633175043,0.9350936702866113,0.9383714336533655,0.9429544015372678,0.9294567095917303,0.9430343191111756,0.9286189086274709,0.9367990195605251,0.9461207105234636,0.9393020332611297,0.9467908614219566,0.9361125341115515,0.9450916102617677,0.942210531332387,0.9326623272693905,0.9417314292611828,0.938072690604729,0.9356469870844678,0.9350648644091697,0.9402847609880325,0.9390347806641183,0.9368978022235153,0.9417873893129658,0.9451272446123186,0.9283065798873187,0.9383986110480194,0.9367210937404783,0.9434743839694926,0.9335851044279293,0.93820656358589,0.940591708565913,0.9373618662000018,0.9454303949802167,0.93974142190924,0.9403620445292613,0.9320956729572524,0.9442437821282583,0.934525067588411,0.9385823732905306,0.9366071147980812,0.9399981081338192,0.9377071852418535,0.9360526099338611,0.9415096719058279,0.9397588229339985,0.9439997484119711,0.9335765556444436,0.9459758334230233,0.940482498196239,0.9377057536470836,0.9390534599861516,0.9368230905106835,0.9415579356044425,0.9335088758640518,0.9385169191048522,0.9427216090812414,0.941863737171076,0.9415867826504818,0.9348640622084423,0.935905932100285,0.9424232493185711,0.9395534255237256,0.9426235147147107,0.9366226727799776,0.9383010707436801,0.9353318444821151,0.9401468188186618,0.9404405465723062,0.9379522524657066,0.9368792223662469,0.9424952638154372,0.9387720795490924,0.004384200896753081,18
119.96212568044662,73.77735470259368,0.30286900043487547,0.3077767099486077,0.006008116661255823,7,0.4431781364164753,2,4168,0.9350257970633646,"{'learning_rate': 0.006008116661255823, 'max_depth': 7, 'max_features': 0.4431781364164753, 'min_samples_split': 2, 'n_estimators': 4168, 'subsample': 0.9350257970633646}",0.930534071650745,0.9348585556615696,0.9437840440384624,0.941624393213161,0.93818273057445,0.9399282473914758,0.9354748344319677,0.9411779758375097,0.9289802746676357,0.9385020416984236,0.9404552771605581,0.9334791102429987,0.9391012422335381,0.9436583344701318,0.9378612446947726,0.9414648904090143,0.9385858045118379,0.9331011353645713,0.9375251025248794,0.9411588177624441,0.9319619982297921,0.9498888967166538,0.9273664959973105,0.9419687933976129,0.9378595862173522,0.943753384897222,0.9364628442063131,0.9341245669201285,0.9408398794341732,0.9244213850809372,0.933806785063066,0.9393285153337667,0.9406786843335216,0.9278030444904828,0.9428585914259359,0.9289443969237707,0.9357171695288447,0.945791200278089,0.9374338232919677,0.944460935166531,0.9331735071980878,0.9423960507726059,0.9408325952421274,0.9322827828874535,0.9410532043412665,0.9394113464423445,0.9376982585166554,0.9334351989595417,0.9382366806476908,0.9397850967378234,0.9352652716112941,0.9436922536345592,0.9436237889699834,0.9284187575643543,0.9376720333317251,0.9383373422734155,0.9414652498374423,0.9339621773895005,0.9377745454201062,0.9398337809975923,0.9355415901180998,0.9452646925703244,0.9388770042107537,0.9356368989612618,0.9316568317853967,0.9437245329802906,0.9342850474066424,0.9373429180326888,0.9362635884867707,0.9406358886103025,0.9357516087902444,0.9357113054785667,0.9404622243611118,0.940590007882741,0.9430354697079761,0.933555654423709,0.9452078011789997,0.9400476556209941,0.9363525015809131,0.9379203281280798,0.9346784694826704,0.9422451111957866,0.9326496185632012,0.9376727066717794,0.9422201604495214,0.9405193660103957,0.9414831125326619,0.9351955895923678,0.9359655751579175,0.9417989077345703,0.937990933918868,0.9419041230482351,0.9352546227517362,0.9391470165291047,0.9354254779232717,0.9374870650160929,0.9417518196134025,0.9355031782451809,0.9351850235555347,0.9403977245225225,0.9379559818107989,0.004475192144641889,31
244.0781427669525,145.43748791863882,0.25097298860549927,0.2469337953741646,0.0921353795171421,7,0.8987075128788344,2,4168,0.826064957462618,"{'learning_rate': 0.0921353795171421, 'max_depth': 7, 'max_features': 0.8987075128788344, 'min_samples_split': 2, 'n_estimators': 4168, 'subsample': 0.826064957462618}",0.9257964087573578,0.9318523674881167,0.9387345568875627,0.9362336258072306,0.9367205809994488,0.9398328721233115,0.9311183649737547,0.9365253916180736,0.9278355953519724,0.9342667994312047,0.9364336828075802,0.9308838629512777,0.9335236141782934,0.9394183483683349,0.9356182734931613,0.9362595279307514,0.9357155819646341,0.9304460175327709,0.9334859540327147,0.9408159966387301,0.9303776632332244,0.9470146353809821,0.9247226764180505,0.9384966173458679,0.9355422462332785,0.9428423794502971,0.9299018420304024,0.9315938318534427,0.9363855349982331,0.9247888151351789,0.9297370553890546,0.9357772077491012,0.9385531677340966,0.9273671609366149,0.9377368046377296,0.9238592700713394,0.9291292869808587,0.9406187343810138,0.9365324876075378,0.943487689606821,0.9332659822021003,0.9405188671057834,0.9398509544673491,0.9306550991980651,0.9370239558126573,0.9322880122919233,0.9316502173145581,0.9297302040631796,0.936671070707022,0.9348569233809457,0.93336253308547,0.9408332248434137,0.9421880551174738,0.9259583108726487,0.9367646630436463,0.9368114629189068,0.9392063632694034,0.9320045435870677,0.9356180007132776,0.9359424393924314,0.9342675171177188,0.9407717275659407,0.9345817639819808,0.9361675540845397,0.9277661177595385,0.9419257377441692,0.9327410874113575,0.9338948378385463,0.9332928675955425,0.9375587606942416,0.9347472417045174,0.9331031480204133,0.9371071258400879,0.9379245974533414,0.9398382126954614,0.9293243802456617,0.9421001147480698,0.9388489804077691,0.9321253485767236,0.9342010202153366,0.9317254591174801,0.9403720970530368,0.9313249689291455,0.9336635245069624,0.9362427425850508,0.9385717864767275,0.9393017188805881,0.9307413707680154,0.9310903247598377,0.9376479507919244,0.9357018871777576,0.9390298940371197,0.9323670946099286,0.9338500538091448,0.9324694153458029,0.9349845705809412,0.9374392823601471,0.9325110239503522,0.9329438799025925,0.9377705655057306,0.9349322116674599,0.00445041395665364,67
174.10608619213104,117.18755939689241,0.6499808502197265,0.6500571894888802,0.0031108326056301064,11,0.5873960594492682,2,4168,0.6737716992635644,"{'learning_rate': 0.0031108326056301064, 'max_depth': 11, 'max_features': 0.5873960594492682, 'min_samples_split': 2, 'n_estimators': 4168, 'subsample': 0.6737716992635644}",0.9269202753071043,0.9301249357612944,0.9398172732932777,0.9385423731189995,0.9341757125031461,0.9376176225717887,0.9310476069702072,0.9341872609994172,0.9247759849690598,0.9362117377789867,0.936636038577324,0.9282515929756471,0.9355264665560754,0.9415597352515831,0.933190019433148,0.9376499850890048,0.9347051352698104,0.9285789981386748,0.9289312220077285,0.9375018412970793,0.9289928396770935,0.9474369943462816,0.9233330998209364,0.9380326607532884,0.9321659483557845,0.940255985955073,0.9312155332067155,0.9301056990942852,0.9356831557614517,0.9211103694168447,0.9293196158236152,0.9333797744239012,0.9382865996602208,0.9218665393052918,0.9379261284608484,0.9244368612772638,0.9290503394550474,0.9409062039790584,0.933895375842533,0.9397775268946527,0.931086968169489,0.9378804218470013,0.9387102519097998,0.9292931477884516,0.9363717507274798,0.9345847841280799,0.9322927057288162,0.9292125769342866,0.9358105853887978,0.9360693840542729,0.9313316962845491,0.9399757351721062,0.938182297597973,0.9231645648262263,0.9339608009131444,0.9335124874786497,0.9373987695260325,0.9298825603284524,0.9340250703381991,0.9347792770434679,0.9309457853055481,0.9403662762119641,0.9359374936540727,0.9322886852558099,0.9258852831409251,0.9399011341145905,0.93071202653465,0.9330402058741852,0.9311895482341619,0.9374072504460986,0.929929351725594,0.9307041633297951,0.9353027094777425,0.9358715287071777,0.939587074069491,0.9283131029316947,0.9426235108520383,0.9374516363502802,0.9322639988892358,0.9331619115796675,0.9301690204096436,0.939315500156813,0.9303527875344897,0.931755950290321,0.9373148457033394,0.9374688354138561,0.9397898358327166,0.9305030064047606,0.9291416066723527,0.9371938236172249,0.9348122850245381,0.9391554430733708,0.9304860486919151,0.9333660114996587,0.932666445630408,0.9333803005745195,0.93699254794886,0.9316276453123088,0.9325899569615561,0.936652867460239,0.9337827234646242,0.004792701433993678,88
83.70263154268265,63.046650279925814,0.3862355089187622,0.3833248238603229,0.07366219007900414,8,0.4393497366621478,2,4168,0.5551923148256198,"{'learning_rate': 0.07366219007900414, 'max_depth': 8, 'max_features': 0.4393497366621478, 'min_samples_split': 2, 'n_estimators': 4168, 'subsample': 0.5551923148256198}",0.9271026866140007,0.9310288692623906,0.9405067873826696,0.9385887834041882,0.9334471028196685,0.936747130220412,0.9296750660761347,0.9381332984272915,0.9247093699692492,0.9344367409853954,0.9359803227872253,0.9276875241126508,0.9348961735429745,0.942996435267617,0.9315968587450952,0.9359087537553035,0.9355646659984238,0.9312083736202426,0.9299124756079027,0.9391007035504086,0.9300100049980463,0.9460191247741061,0.9230760996689449,0.9397695886965673,0.9364825102446169,0.9394946337396743,0.9332732584034711,0.9306578872980987,0.9349700169512339,0.9216286109788818,0.9294944303427269,0.9339171457173344,0.9391739635188244,0.924796481838817,0.940625795949582,0.9239427219006154,0.930079457331648,0.9404874599438691,0.9323037900814665,0.9403021483143147,0.9323537213621289,0.9368874497483,0.9341188987217794,0.9257268638311142,0.9349750189076815,0.9382292185469937,0.9323588295049521,0.929246006193204,0.9316648651469857,0.9361775143353033,0.9298761049207986,0.9427944990268805,0.9411264490528612,0.9257498048060192,0.9350404029360265,0.9322136041966701,0.9379871806435085,0.9299381117238306,0.9355359635649436,0.9348049640765201,0.932182672675541,0.9423543986240588,0.9338785147706634,0.9335806217456544,0.9261943716675776,0.9407232765508916,0.930560434277405,0.9306889518985847,0.9321599215593089,0.9367968986487509,0.9277635283682115,0.9301422879412151,0.9353337028674763,0.9346154095153418,0.9385766214030845,0.9296417808584327,0.9410591974744018,0.9368932430203202,0.9324030857950657,0.9341642415262358,0.9299959041427035,0.9390805751385586,0.9292983303853893,0.9336605255375918,0.9378496032288449,0.9359625267720489,0.9384422371106861,0.9304033632988121,0.9319442974742145,0.9369829953269522,0.9335754028053673,0.9368774382871438,0.9309434894927756,0.9347831333073684,0.9332840115921767,0.9351259378736932,0.9374903263891573,0.9333701924724682,0.9325420277101094,0.9354453826338115,0.9339330958625668,0.004745125288036592,86
126.41914717435837,105.61863483887448,0.29846073865890504,0.30251956507658506,0.0028332686506026515,7,0.5985978666870624,2,4168,0.7666072141879023,"{'learning_rate': 0.0028332686506026515, 'max_depth': 7, 'max_features': 0.5985978666870624, 'min_samples_split': 2, 'n_estimators': 4168, 'subsample': 0.7666072141879023}",0.9267577283577748,0.9309454847837673,0.9407410500647071,0.9383111545649981,0.9347231175722279,0.936679397097271,0.9317465862203693,0.9365761581380232,0.9248203609440442,0.9365970967623728,0.9375273402348016,0.9298889752952817,0.9351180239031245,0.9401700618910153,0.9352245722365246,0.9381310254251961,0.9358831971159833,0.9292521983310071,0.9316213121093202,0.9383691360889254,0.9290574670380557,0.9468905765312421,0.9232813856735551,0.9384510511443759,0.9342445268141836,0.9412984768136959,0.9336472993111951,0.9299938399908292,0.9380875754577792,0.9208690529736944,0.9290189412222563,0.9355438130359055,0.9377459505677137,0.9236055884433357,0.939671271239734,0.9252857144113339,0.9303738902636439,0.9428698794492466,0.9342055678989336,0.9413645193827649,0.9306982566012757,0.938462598608823,0.9367669311320419,0.9301692371520495,0.936831463964708,0.9355440384809234,0.9337726478673095,0.9294036443964782,0.9358883697862781,0.9357665133501655,0.9323714417532245,0.9402872254008464,0.9399990324762497,0.9240230665834039,0.9337915446690389,0.9349077938491221,0.9377476269435456,0.9299115891749238,0.9350482476665127,0.9364330770753158,0.9322491530014073,0.942301637331529,0.9364037081375828,0.9323133201790536,0.9277092997936848,0.9405873217421142,0.9305194765110881,0.933659364916941,0.9319535477300687,0.9378978054225113,0.931072467710049,0.9318198806852804,0.9360972163831711,0.9364120779894521,0.9408527384617198,0.9300283376976901,0.9413964075355077,0.937260361825851,0.9328698704807343,0.9342892930197566,0.9310707642301159,0.9392001501941468,0.9292229413111125,0.9333812714082454,0.9380461857017399,0.9378778126773097,0.9385351870617132,0.9313013372214523,0.9317357560051707,0.9379096187237913,0.9349790134763355,0.9386380612730512,0.9317316748600468,0.9343097552339642,0.9320996846328761,0.9340751841595444,0.9383588258526074,0.9320638946893236,0.931621265794952,0.9367589296688692,0.93443025312464,0.004695692338065806,74
130.61787858963012,85.89478198270582,0.1735046911239624,0.18010285322179764,0.2078842538782157,5,0.5999444960895808,2,4168,0.9193506699558507,"{'learning_rate': 0.2078842538782157, 'max_depth': 5, 'max_features': 0.5999444960895808, 'min_samples_split': 2, 'n_estimators': 4168, 'subsample': 0.9193506699558507}",0.9233086671152863,0.9319301259422823,0.9399750393537505,0.9288378620933617,0.9356237058675883,0.9333118761679613,0.9271067735101345,0.9326996785823406,0.9208985551170574,0.9293877675002419,0.9304409903797644,0.9227259069632427,0.9301680507499563,0.9375812243928764,0.931943040220468,0.9359443610015306,0.9355844748109438,0.9279602584218257,0.9301022567140088,0.9323537768879603,0.9250461758368271,0.9420950743688186,0.917047528887732,0.9338479165971956,0.9327032338388546,0.9339189618690924,0.9312401019728299,0.9288190165065291,0.9320998778551818,0.9144270156935493,0.9288505260613644,0.9329187146732049,0.9324777150000769,0.9156623076983285,0.9360476496354538,0.9212708779063719,0.9282370266065805,0.9381646828208162,0.9331250773288708,0.9407552008959328,0.9310320802684943,0.9356275386724553,0.932731257267382,0.9235170257965758,0.9337456905926736,0.9305389676941966,0.9315296975543298,0.9278037852131314,0.9290135466501883,0.9323908209781495,0.9241090334448371,0.9361094444996582,0.9421203361569652,0.9193419041819547,0.9293592420176903,0.9322074096896682,0.9332018690912656,0.9283984890097261,0.9317701735322014,0.9348773506948065,0.9271095460977802,0.9382009163018353,0.9324114327404047,0.9307652252890213,0.9248242695869231,0.9325457069214365,0.9277562531065034,0.9346626132866438,0.9300808122957993,0.9335291918951334,0.9310344365879584,0.9305379442968352,0.9302081039204061,0.931934788296594,0.9360840544782514,0.925108181265455,0.9345980382523191,0.9338812050442963,0.9294576697842998,0.9322035067227238,0.9284501628675986,0.9310041039354234,0.9272569982740825,0.9307742731044664,0.9295612308981325,0.9267660311357097,0.9319598976386817,0.9252359135709461,0.93130374385708,0.9331103405781959,0.9269426571018062,0.9378462603099,0.9345856897384642,0.9335692171935274,0.9283871957110709,0.9321243136307712,0.9324013389679638,0.9293338863181216,0.931632277520741,0.9311917161767751,0.9307643588155261,0.00501055072423327,132
282.71846811532976,150.00623801858882,0.7100908708572388,0.7142772698525811,0.00407067039939574,13,0.7756179978787981,2,4168,0.6771670832896792,"{'learning_rate': 0.00407067039939574, 'max_depth': 13, 'max_features': 0.7756179978787981, 'min_samples_split': 2, 'n_estimators': 4168, 'subsample': 0.6771670832896792}",0.9232161955640262,0.9273217491525679,0.9380693742842311,0.9358833650580719,0.9320147044875758,0.9348575282312057,0.9283958014933211,0.9302118665256937,0.9221995472267857,0.9344839073416686,0.9345594745192872,0.9249568505176446,0.9321890032378949,0.9396738873283328,0.9315390148989096,0.93456319193074,0.9330196591507816,0.9261676226843851,0.9247711358373868,0.9356814162468167,0.9262691232512597,0.9459863097037207,0.9205978646289537,0.9355656070739621,0.9284450239712351,0.9386916331469138,0.9296055374833796,0.9272505100877603,0.9334066599501185,0.9176687858023095,0.9268293242426616,0.931161881753261,0.936070726341425,0.9187400314314464,0.934494023755007,0.9222677770835694,0.9264795332743955,0.9386680366611702,0.9322127170276092,0.9378418294531341,0.929211162746799,0.9346771553218857,0.9370268471455844,0.9264484073294874,0.9325962862313611,0.930335100948906,0.9303095748661941,0.9269745285348977,0.9337572524135478,0.9335964782406132,0.9292417870280697,0.937969801821439,0.9360976012975504,0.9208852952557567,0.9321281265395999,0.930659954519273,0.9346435087820546,0.9281600911686732,0.9316158043422287,0.9326314918735559,0.9288348279682758,0.937959253441766,0.9334652820069232,0.9305355685571551,0.9221223621560368,0.9385664793271755,0.9290417519514433,0.9301916584852657,0.9289446909272282,0.9355615574492521,0.928445055511993,0.9284855014708426,0.9322247350603166,0.9329371677031824,0.938194225554061,0.925514189144512,0.9403312941252098,0.9350521031006337,0.9306751045075558,0.9318108954486948,0.9289329932366718,0.936021857234378,0.9285129785709432,0.9293220011851754,0.9348084706740516,0.9351704009347105,0.9380097329668218,0.9287342473397424,0.9250327035809316,0.9353295667837852,0.9315965285585701,0.9373237124839067,0.9281655742898371,0.9297943684774165,0.9298826151940733,0.9299968834147696,0.9353701480585359,0.9290888579966313,0.9307505266122359,0.9354610125383909,0.931371933722772,0.005040978540032373,126
104.663186917305,71.18178657429496,0.6705878591537475,0.6661751805870094,0.014571905849303018,12,0.33503216233857,2,4168,0.6737982711417441,"{'learning_rate': 0.014571905849303018, 'max_depth': 12, 'max_features': 0.33503216233857, 'min_samples_split': 2, 'n_estimators': 4168, 'subsample': 0.6737982711417441}",0.9244598982008695,0.9280169125165373,0.9375900103432134,0.9360474989677334,0.9325662107575228,0.9347537056027984,0.9295987781660755,0.9347512474516897,0.921625717219484,0.9344035290892149,0.934226828255594,0.9248832545406935,0.9357433200659875,0.9389075780729443,0.9307312723109604,0.9341965830731485,0.9326967396027935,0.9253392699702643,0.9274871188542015,0.9378293644826242,0.926524469307271,0.9461652427047231,0.9202075118740904,0.9374450328885944,0.9294584391141365,0.9394616459201823,0.929420756767429,0.9271878027914545,0.934813255842118,0.9181631955523054,0.9271988188768698,0.9321593254308486,0.935485169407222,0.9194958325611754,0.9375032331021143,0.921814261255681,0.9275547582493485,0.9394904712480228,0.9301561674228042,0.9400969747651478,0.9268800496171165,0.9368987501604394,0.9368884900531851,0.9275745923518315,0.9359432691001554,0.9332542245394053,0.9316243413738453,0.925754310232076,0.931249719993297,0.9353502150102826,0.928008510896871,0.9385722146585964,0.9364766037854715,0.9213924365231363,0.9323192758155501,0.9333879782062704,0.9367119367252661,0.9277440513155604,0.9338533762213101,0.9309417259476591,0.9293963925988526,0.9385060311587811,0.9325526962033818,0.9283523786466727,0.9255598180290201,0.9363287451738612,0.9281934605292103,0.9321697699352381,0.9299977307809901,0.9366904878725751,0.9262314215862446,0.9288114266439201,0.9336610767840401,0.9362439956761931,0.9363084295164955,0.9268954728975712,0.9391217211917735,0.9344133687160114,0.9311765420110512,0.9308227339516326,0.9295817358501673,0.9379044289228926,0.927143298393997,0.931900789233687,0.9362045815840745,0.9342681417097379,0.9359309327665234,0.9263043715739396,0.9288467617405036,0.9355338365698084,0.9325160233370874,0.9379488244177887,0.9285532771988548,0.930636759809064,0.9328158395941983,0.9314022960416393,0.9354503530868729,0.9277302065539653,0.9304033705606919,0.9338442303384513,0.9318283703434068,0.005110097279361415,118
160.2981862258911,102.96165515451156,0.20669657945632935,0.2090942619381559,0.01811151984115001,6,0.730009964172333,2,4168,0.733381595886742,"{'learning_rate': 0.01811151984115001, 'max_depth': 6, 'max_features': 0.730009964172333, 'min_samples_split': 2, 'n_estimators': 4168, 'subsample': 0.733381595886742}",0.9319978251171024,0.9382317807281346,0.9457032304211166,0.9427628299304084,0.940260346835387,0.9432393372529275,0.9362129701945987,0.9419236949331573,0.9315434731359812,0.9397669170294256,0.9415501462012819,0.9345043804420976,0.9398599771041508,0.9445551859575906,0.9404027016944184,0.9427927516872299,0.9407338271593673,0.9367577179000731,0.9386341287928037,0.9426478042729463,0.9345336640203628,0.9496643509089048,0.9295044054179248,0.9435874305564891,0.939593014269756,0.9461796037994202,0.9395247426775558,0.9354549872174871,0.9423945751986383,0.9257212293987817,0.9354699322525626,0.9409066879873819,0.9432580311060864,0.9302486325434818,0.9445057474666806,0.9292770277155458,0.9379199091147568,0.9460191667446016,0.9381637618031736,0.9465240203668094,0.9368168877949187,0.9448992921319531,0.9408845018459584,0.9330301015099108,0.9419125929278045,0.9405274243842209,0.9378796883638996,0.9367387828458528,0.9402075183486889,0.9426968851521754,0.9383120051914575,0.9430085924943451,0.945301700240175,0.9311062945397289,0.938976868870704,0.939330881612675,0.9433087546433347,0.9354531809441677,0.9401135608342012,0.9414329357550024,0.9366593200772549,0.9472030123656616,0.9413189001346214,0.9396944306682893,0.9335950713414053,0.9450182849941694,0.9368500028413259,0.9392525992842403,0.9378598926002331,0.940991938168443,0.9390112112097672,0.9378658138187461,0.9418037927071501,0.9418797106937701,0.9460862886894422,0.9355613549688654,0.9472589447304959,0.9422080769703834,0.9380173497582489,0.9397106680886195,0.9377284611222556,0.9442827889184605,0.9345679340762226,0.9390068599540069,0.9434158006020369,0.9435856064466993,0.9440139338188192,0.9372440697423442,0.9379227102148375,0.9436013232837026,0.9410893180766674,0.9439711158866078,0.9388029692117204,0.941393709851854,0.9363131404148639,0.9399211496134378,0.9433427982735351,0.9387499570128859,0.9367253070387239,0.9433226333085485,0.9398131864876714,0.00433490061882847,3
321.2597655916214,143.70561997914555,0.37424269676208494,0.3667225515236971,0.024451857832937164,9,0.885422313074065,2,4168,0.8468434481960752,"{'learning_rate': 0.024451857832937164, 'max_depth': 9, 'max_features': 0.885422313074065, 'min_samples_split': 2, 'n_estimators': 4168, 'subsample': 0.8468434481960752}",0.9264503569494053,0.9304899646127648,0.9398970686850705,0.9379106862550146,0.9347278624301258,0.9384987274357377,0.9305337868375602,0.9337459795707344,0.9250859279017543,0.9355766176952824,0.9382890632193464,0.9290803362740584,0.9337054961235546,0.9413035513313254,0.9339844960949804,0.9358845270838541,0.934068765895161,0.9298729099249398,0.9307036753841622,0.9368271701437474,0.9300968286937481,0.9488805781315989,0.923170531297928,0.9380285728687531,0.9334181601314668,0.9400401665603046,0.9313119957389284,0.930224033645109,0.935637110723802,0.9233325902673878,0.9292379650740665,0.9334799094575302,0.9389540818534409,0.9230937613126842,0.9374093184506618,0.9250375973289066,0.9294952171186055,0.9409583405983605,0.9365878886055822,0.9395974639650124,0.930575211069541,0.9375829528780697,0.938233009263456,0.9297547705995606,0.9361127384968778,0.9325847353176732,0.9347413140196287,0.9316513625564309,0.9367519817832033,0.934715742931835,0.9326584166261279,0.939947925442214,0.9397597890384856,0.923216424727784,0.9324853823122166,0.9347452732162813,0.936212110339285,0.9284901315302179,0.9332254754867609,0.9367330656362736,0.9301138327911513,0.9409717032837227,0.9361435572849718,0.9346658835069446,0.9247624314172977,0.9413299111236805,0.9315521254661782,0.932120625109433,0.9316348881912762,0.9365149192498202,0.9323034464311382,0.9301276312456386,0.9362619457385472,0.9362667398546584,0.9392106011023453,0.9276985983252823,0.9442527291591002,0.9375119532579234,0.9325155417605232,0.9346790160718533,0.9325260831168815,0.9394284760706791,0.9287853040821895,0.930707280982387,0.9374602096569828,0.9370633405436369,0.9391802968246874,0.9317243457384243,0.9281402092464645,0.9388816325166656,0.9349302380807875,0.9393426716293606,0.9320584677715323,0.9326770018376718,0.9314822029483031,0.9334774914144669,0.9377033126383959,0.9314844069931983,0.9319450796264296,0.9373064953509229,0.9340174952238592,0.004791599674660712,83
260.78777935028074,159.4191138544559,0.3771348571777344,0.3818668785031831,0.007450666443838127,9,0.8912789471378522,2,4168,0.7398333987787269,"{'learning_rate': 0.007450666443838127, 'max_depth': 9, 'max_features': 0.8912789471378522, 'min_samples_split': 2, 'n_estimators': 4168, 'subsample': 0.7398333987787269}",0.9271676169183538,0.9312293480461655,0.9413873009244202,0.939632577083898,0.9357692020844491,0.9397882024792307,0.9319547478025667,0.9359935927087075,0.9262526779161573,0.938034370538768,0.9384552219757104,0.9306125683144543,0.9358442148008643,0.9422928525855374,0.9359864779148989,0.9374604188873632,0.9364193136419661,0.9307032170613428,0.9313322658212291,0.9400954517179428,0.9310499217341885,0.9491736556081444,0.9256708198263053,0.9393224801752678,0.9344724599650278,0.9411142939726174,0.9341036825581955,0.9319149468940395,0.9372920394087376,0.9235741381126213,0.931611517799663,0.9353619994811111,0.940852450126427,0.9244140001945421,0.9395793412120155,0.9262801885769638,0.9309563280008704,0.942435252958013,0.9361284896350608,0.941432216167198,0.9327795944268761,0.9386566659701439,0.9393856287985506,0.930266895781082,0.9367230838679268,0.9339181098404735,0.9353398826132333,0.9318220599224112,0.9377545225981511,0.936261134664468,0.9337388681571568,0.9412691946450369,0.9401560172826777,0.9250596622799396,0.9350090485927157,0.9357361894057902,0.9388069597415042,0.9301095777282938,0.9360913451486319,0.937377122889481,0.9318906266207769,0.942780753610674,0.9376216647734151,0.9354621596432826,0.9267202109612527,0.9421810575814694,0.9328111515365998,0.9335662319631995,0.9334453997665724,0.9386897951545503,0.9341500465117014,0.9329075927973348,0.9361561858960021,0.9376977943814727,0.9417292833922221,0.9309728129864862,0.9457314497937857,0.9386386030931885,0.9337628412873903,0.935773606879449,0.9335279535660727,0.9400014399605654,0.9316807779787771,0.932828283944691,0.9402067780964918,0.9394003592055502,0.9406897693615965,0.9319250078351338,0.929834472593201,0.9402284080081496,0.9373168560245706,0.9405192098228685,0.9326170930638796,0.9350457111155083,0.9327148495819276,0.9356505633039169,0.9393857032102955,0.9334254160047032,0.9338409181580769,0.9397878241864719,0.9355273008963886,0.004750482779925671,62
70.73139600276947,56.364825354267836,0.18412688970565796,0.1816624801614129,0.07971189763535122,12,0.5817422573446251,2,4168,0.6995322018780352,"{'learning_rate': 0.07971189763535122, 'max_depth': 12, 'max_features': 0.5817422573446251, 'min_samples_split': 2, 'n_estimators': 4168, 'subsample': 0.6995322018780352}",0.9216059490965219,0.9239958715394518,0.9334489925294613,0.9311618860993208,0.9290699621115363,0.9299243149630044,0.9251141183606728,0.9278870015310201,0.9181389452777541,0.9323138097882965,0.9275774209705264,0.9197233704123439,0.9305229536769564,0.9356268574753778,0.9257031280250251,0.9305133154230983,0.9263946615819709,0.9263376271749181,0.9235088952214604,0.931120188670465,0.9222472550169685,0.9426404348443213,0.918913073552522,0.9308259451291828,0.9244186103169013,0.9360894313632853,0.9250546708164757,0.9223455243339702,0.9305896755175085,0.9115447233293408,0.923851809795293,0.9265808454193669,0.9305213206975969,0.9152389102340638,0.9301817639382871,0.9167464298244621,0.9222903511315625,0.9354064585610358,0.9264455823786286,0.9356747762207344,0.922203723519398,0.93049558929607,0.9310254292617289,0.9209303629533614,0.9310774172930829,0.9283403520323481,0.9273730165606274,0.9229931059996337,0.9291371235572807,0.9274674989110955,0.9249384608109089,0.9344524169442068,0.9318377289940315,0.9144717534067067,0.9276008998662686,0.9271726228406343,0.9294678154633946,0.92487363783557,0.9257556313778892,0.9283888993338418,0.9230318354792425,0.9347361596671186,0.9296980007946962,0.9245208696742341,0.9211690607116259,0.9335236460710301,0.924364962276779,0.9247321132387589,0.9252627940500104,0.9316470178201578,0.9254975316098015,0.9260260967981446,0.9308318996262326,0.9282912049220652,0.934702583056779,0.9189947096841383,0.9361488530248182,0.9325729260444345,0.9238489636048005,0.9291281991347027,0.9266106375407073,0.9314959294583948,0.9249294078478049,0.924719509776598,0.9290157545619147,0.9278641998397155,0.936899867654716,0.9248931899555499,0.9179918104965465,0.9312074190544715,0.9294683701081573,0.9346190685698683,0.925501817173167,0.9253153068695674,0.9296792031672821,0.9270831829244539,0.9312579785195089,0.9245857992047993,0.9255445657456954,0.930494610162193,0.9273520740452947,0.005251962722684788,162
261.1746859455109,147.05046718370593,0.3163644981384277,0.33116181778779474,0.022064956656423867,10,0.8042041362069554,2,4168,0.8535438211675037,"{'learning_rate': 0.022064956656423867, 'max_depth': 10, 'max_features': 0.8042041362069554, 'min_samples_split': 2, 'n_estimators': 4168, 'subsample': 0.8535438211675037}",0.9236084671274297,0.926657490021992,0.938289141077582,0.9361617260817492,0.9321175703737562,0.9379283863566464,0.9276680282517384,0.9329372141172906,0.922482803192474,0.9345258802474995,0.9339168277010674,0.9261860703023546,0.9334596734080602,0.9395266078830211,0.9327190450406517,0.9357929034036077,0.9331709687316444,0.9284045273036595,0.9273877754667793,0.9364825835646705,0.9257349196888748,0.9475279797705821,0.9210296291426352,0.9356081570210303,0.9304302495776544,0.9384943615256346,0.930027600268817,0.9282845207450579,0.9344677612703953,0.9201917247054185,0.9282747775594796,0.9319990539328094,0.9361649233478905,0.9191254529085684,0.9371212060770833,0.9219949942959876,0.9276281772259864,0.9383820683291563,0.9339508942345897,0.9384171498890933,0.9298129674317126,0.9361649252276667,0.937243086054717,0.9281488945046644,0.9333151282890186,0.9314576334364433,0.9325488140897398,0.9290319484804982,0.9346067388291287,0.9329014552837972,0.9317257100298079,0.9382360500394469,0.9365667579857406,0.921244169648719,0.9311842477783493,0.9313433468741538,0.9358754719339794,0.9280518635087723,0.9317506795185624,0.9351087432333874,0.9276325228226974,0.9387503342110382,0.9342827172102173,0.9304000668462249,0.9236306000223946,0.939078835723788,0.930779646435117,0.930507658128682,0.9289738324044219,0.9343437792394788,0.9302864351070211,0.9290969302185036,0.9342878850114196,0.9353797623277871,0.9384343855555121,0.9265429369017313,0.9428057923341941,0.9349650329287961,0.9318953204467899,0.933114273750075,0.929526268516444,0.9380139924912756,0.9281879692106676,0.9292260933012076,0.9370069635406029,0.9347810108574452,0.9383080689554517,0.9296308098225775,0.9266500115314102,0.9360760712218723,0.9340646980524678,0.9370245576958665,0.9278813686753682,0.9306617834247667,0.9303964029591664,0.9315710334906155,0.935825523058344,0.9303256074648246,0.9300944209886333,0.9346663916159201,0.9321570571784954,0.005025851928538243,112
118.82299974441528,90.6466657189877,0.34450417041778564,0.3471754140601913,0.06590153608896254,9,0.43662205597382386,2,4168,0.835947868716513,"{'learning_rate': 0.06590153608896254, 'max_depth': 9, 'max_features': 0.43662205597382386, 'min_samples_split': 2, 'n_estimators': 4168, 'subsample': 0.835947868716513}",0.9277433029215444,0.9310583006090354,0.9398546807867152,0.9357344912586105,0.9332077618805523,0.9357129866231848,0.9316974527736153,0.9369002148327144,0.9258468142693909,0.9331486120673436,0.9338825323582693,0.9275358911978671,0.9337713676050526,0.9386917400908845,0.9324160968082597,0.9339574819633885,0.9336460147716623,0.9271581513733168,0.9285986536340753,0.937132520832329,0.9274940523855373,0.9467876454083272,0.9230754524721243,0.93824914208323,0.930413980997747,0.939630423156385,0.9302913456447726,0.9284623854129143,0.9363570978009751,0.917879036144716,0.9308513244461865,0.9342459715529092,0.9371211818083207,0.9244025501791847,0.936287865322899,0.9246603734184119,0.9291319271506399,0.9398989677050178,0.9349619262680414,0.9396148298313373,0.9305572921426521,0.9370341986284628,0.9375432155631643,0.9275579584375335,0.9363932131229067,0.9343882369020187,0.9319439663781578,0.9292176487254691,0.9335772974080001,0.9360001347951062,0.930080902603961,0.9401379177235364,0.9367516038518586,0.9239659913384671,0.934334290926432,0.9320412641165068,0.9366502010048818,0.927827384756307,0.9324269313355474,0.9363556539942529,0.9288191305966984,0.9402702499106894,0.9318522439611359,0.9317776911516183,0.9261786728416675,0.9402655533887032,0.9290359030830917,0.9316741553569483,0.9325038226980925,0.9367718168044573,0.9313000738177502,0.9304483094631288,0.9370625595077159,0.9357184816951554,0.9374097506658293,0.9260854676004928,0.9409710344835478,0.9359538174001079,0.930238643092773,0.9329856839952427,0.9289709881533356,0.9378446307729073,0.9287134826983408,0.9322757308147467,0.9377853453970312,0.9347264485209741,0.9370981189567181,0.9313668931773187,0.9302150398441429,0.9383990376671216,0.9357424519782808,0.9382340430505933,0.9318051510255025,0.9312869051648531,0.9334451876618555,0.9344361403497934,0.9354706105140399,0.9306003901267733,0.9306216298254034,0.9342191901075503,0.9331287832892485,0.0046417694392631575,98
83.95564102888108,70.39526182152323,0.3141683340072632,0.30828451525919043,0.0220164181334109,7,0.4414855848403797,2,4168,0.6048221246088148,"{'learning_rate': 0.0220164181334109, 'max_depth': 7, 'max_features': 0.4414855848403797, 'min_samples_split': 2, 'n_estimators': 4168, 'subsample': 0.6048221246088148}",0.9325760902367082,0.9367877081625761,0.9451170346722608,0.9428934196694493,0.9405236749908588,0.942248908225614,0.9365154575563032,0.9399576195647267,0.9323462270928794,0.938899647161847,0.941278740174938,0.9351350872528907,0.9407337996981855,0.9454529685670545,0.9391909544144922,0.9423935174027713,0.9403126053547504,0.9356575512296561,0.9375167386957326,0.9423305173560383,0.9351367964963972,0.9504124503387466,0.927918087789169,0.9441388466879778,0.9389884802751066,0.9445059350248435,0.9381769551573385,0.9339851304530412,0.9424078901609628,0.9268587164557774,0.9349306774672792,0.9392969854289234,0.9437771128097275,0.9288988898788746,0.9433324793357708,0.9309139372387698,0.9371590250506863,0.9450900685775674,0.9376662411247545,0.9473569935303727,0.9347361715098912,0.9439658948315878,0.9403591605702913,0.9342599155394407,0.9417768116853056,0.9410695952998739,0.9387322131902689,0.9347645587568634,0.9398029943939487,0.9419348942309475,0.9379350649535148,0.9452964879792314,0.9449542903628054,0.9305445121376364,0.9395901755520907,0.9387744197248122,0.9425942573753532,0.9363368444875371,0.9391368977840963,0.9401465944095765,0.9365718886946063,0.9475975433720054,0.940674660423827,0.9390059625995137,0.9331931183979691,0.9461213525081305,0.9379980829036099,0.9398803641102002,0.9374003607939285,0.9422188230173048,0.9368712403429205,0.9368642214792147,0.9411206872154205,0.9419631685397212,0.9451328516457785,0.933516655766055,0.9466639692573169,0.941916322324074,0.9391518818420734,0.9403012842754439,0.9368818896651049,0.9446864192436975,0.93633183808723,0.9397463364152442,0.9440448698429389,0.9430028328110387,0.9433878917435146,0.938019499336134,0.9375933809919247,0.9419189128801432,0.9393667591280161,0.9429371461278879,0.9375737636118098,0.9410267192427753,0.9368444489931743,0.9385770729458677,0.9428206258071716,0.9356732893276877,0.9360674518056136,0.940435651563117,0.9394663296061608,0.00434433274961541,8
401.6093445587158,204.41806616517755,0.46364843130111694,0.47908443718157506,0.025047557393561622,12,0.8813909601918843,2,4168,0.8610793298222768,"{'learning_rate': 0.025047557393561622, 'max_depth': 12, 'max_features': 0.8813909601918843, 'min_samples_split': 2, 'n_estimators': 4168, 'subsample': 0.8610793298222768}",0.9193970630356275,0.9223447912772051,0.9347410752118126,0.9324787539192242,0.9282918330409689,0.9337963567716598,0.9253314225536629,0.9252887929901391,0.9178763386207991,0.9305043063700617,0.931301879575363,0.9218257351285588,0.9268760430920295,0.9360008475533441,0.9266068226749935,0.9320196687676846,0.9296953060589194,0.9239335740357268,0.9221536247124056,0.9339593596981512,0.9230111616706352,0.9438443872952971,0.9174827313235256,0.9306383167629566,0.9264852466700866,0.9335694336310537,0.9258851672645256,0.9237453175462373,0.9285026538415782,0.9147499062833162,0.9244250352580605,0.9280663484973171,0.9315958993169248,0.9142004900501065,0.9308673634436835,0.9197073411767671,0.922305288950163,0.9350892205350172,0.9282978723332396,0.9340960898934954,0.9239404541086428,0.9309766625868336,0.9339214067967697,0.9221683806051632,0.9281041851279861,0.9256267054793694,0.9281528926950161,0.9242099379357533,0.9318606838017733,0.9301280203031823,0.927665219276041,0.9330367747302037,0.9340020777213535,0.9182460222379014,0.9282113860177167,0.925826958745471,0.9312125750142333,0.9213977213883252,0.929280845413766,0.9291892046756584,0.9241283011592865,0.9355874809723452,0.9295492696079902,0.9273119566946202,0.9182527155295078,0.9345598379988832,0.9270314166677249,0.9265209453325787,0.9244586377174704,0.9332613413434887,0.9261898905919939,0.9262648075520749,0.9270352959048118,0.9307868407350876,0.9349828459448928,0.921357876617291,0.9394823465215579,0.9305982980950461,0.9273243551747998,0.92620644844865,0.9255895224903296,0.9327713137168661,0.9239068490352731,0.9253004297050806,0.9329596807383338,0.9311471660883468,0.9360257865013007,0.9248941089419965,0.9203483542429075,0.9342654041408418,0.9285743758031151,0.9335889822588526,0.9252897090652509,0.9254388399783747,0.9290933971351254,0.9262228946723156,0.9330652427376122,0.9253211249154958,0.9269836621023675,0.9319419158821027,0.9279176665025548,0.0052961665217925395,161
69.11572134256363,56.8745317005112,0.17984820604324342,0.18592703771614041,0.0965879569053994,11,0.4613387362619372,2,4168,0.854442074247118,"{'learning_rate': 0.0965879569053994, 'max_depth': 11, 'max_features': 0.4613387362619372, 'min_samples_split': 2, 'n_estimators': 4168, 'subsample': 0.854442074247118}",0.9187038594820112,0.9223799121941126,0.9335538922892891,0.9328972678790689,0.9287823910285278,0.930076959062372,0.9254513058566828,0.9264209559455898,0.9159114726457822,0.928658456790956,0.928886043900054,0.9189420715166625,0.9302087554684642,0.936234841556928,0.9255264696251718,0.9315625524716853,0.9291981127482404,0.9223250476686444,0.9236101715873046,0.9305054986331239,0.9220990047473379,0.9424808878490468,0.9200693231446295,0.9318265614187196,0.9251364183686144,0.934354582140382,0.9246299366196119,0.924142222928428,0.9277397317572605,0.9144217062668136,0.9237071094639875,0.9245323644261686,0.9326851569873361,0.9182342963880258,0.9304903466565866,0.9183225721711382,0.9216606372833984,0.9324847773723541,0.9275487631828178,0.9338850192912238,0.9228915744590782,0.9325777955329634,0.930669013061757,0.92133994406887,0.9318665607313447,0.9279161262407967,0.9282114635678118,0.9236510567126416,0.9287310801615711,0.9292058561107234,0.9252462498047915,0.9346232564437227,0.9311343149424531,0.9199889066580671,0.9308149104637303,0.9255567221201957,0.9327127261849623,0.9184484447438683,0.9261108824260682,0.9276034204908672,0.9236737704078523,0.9342497856880233,0.9286002281437434,0.9221513746023462,0.9191686722848428,0.9313948079737735,0.9238505926867111,0.9289538416831731,0.9228196592143304,0.9313054823717951,0.9246360617422285,0.9232092175824076,0.9309702923930032,0.927854769695806,0.9315832104374613,0.9215716497670312,0.934935766596056,0.9288463146747276,0.9259335959288008,0.9274950807164832,0.9251959962404697,0.9296730029104615,0.920914283389032,0.9244618057011315,0.9289503879597143,0.9295629133293146,0.9317103354108687,0.9262762044335698,0.9200729300070343,0.9317890070117778,0.9277301761139193,0.9333473456787633,0.9255302851001638,0.9245563001789251,0.9235418394483228,0.9290469288560786,0.9293452423381915,0.9200964848358157,0.924147139599029,0.9296223346810064,0.9269836287955501,0.00498693124466554,164
106.57823469638825,94.97209206881466,0.30074424028396607,0.3125565504299471,0.08846151865692825,8,0.5047377130664709,2,4168,0.6444622861050796,"{'learning_rate': 0.08846151865692825, 'max_depth': 8, 'max_features': 0.5047377130664709, 'min_samples_split': 2, 'n_estimators': 4168, 'subsample': 0.6444622861050796}",0.9223756771765583,0.9286103244037159,0.9372772525263035,0.9347323332332578,0.9315594472284903,0.9397314630928172,0.9290510863643254,0.9330481181587745,0.9244028780126213,0.9343411201752636,0.9359016441085148,0.9281806471164767,0.9360888710464066,0.9411994593585438,0.9310115441015827,0.9370032658193922,0.9357217213266714,0.9299727694569605,0.9297263704061454,0.9375143624114757,0.9280114216582437,0.9468979120381045,0.9213643420568159,0.9404022614817535,0.9306195041149188,0.9379451046368626,0.9312268703176635,0.9287585339308158,0.9348739192329025,0.9188718661421655,0.9300480585877123,0.9342342429084216,0.9368556587986432,0.9213455326044562,0.9378925054628617,0.9226596384136315,0.9298547295202076,0.9389029724243173,0.9340912832199894,0.9396857363814691,0.9283505301062804,0.9392341069333235,0.9352495598893722,0.9315477229724356,0.9348040902872433,0.931246026682529,0.9282018312710613,0.9266541403746003,0.9323174017218555,0.9337948566217331,0.931364058760917,0.9383802992197372,0.9379463416011498,0.9236300700096784,0.9331462902929015,0.9340601946053645,0.9373718796546426,0.9308659814853607,0.9338988839614384,0.9363434345320429,0.9274159844087279,0.9419587884714469,0.9334431595500101,0.9327238776792299,0.9251014994249883,0.9397686309547311,0.928295363470159,0.9351987938763142,0.9318423306325769,0.9353680187656942,0.9279144767142564,0.9325727359696171,0.9336481870794382,0.9362051389872602,0.9367475907014357,0.9275418581451792,0.9421573674747986,0.9347382288795868,0.9312810634015914,0.9349280313763868,0.9293776819805118,0.9361253193153302,0.9306196267583514,0.9362521202132348,0.9353746158693467,0.9375781437607082,0.9375339329079069,0.930762974641772,0.933015153367763,0.9340151447283553,0.9344173445570851,0.9378069247871318,0.9278608866711788,0.9304568812708668,0.9287614608022641,0.9346200779912522,0.9365275375764134,0.9292445804872873,0.9286427566354161,0.9367027871943835,0.9329494722791991,0.004990103463709799,102
282.9359024262428,169.57779872941117,0.5221511721611023,0.5413583720537962,0.003362102626007117,11,0.8750565330562627,2,4168,0.8216755337420458,"{'learning_rate': 0.003362102626007117, 'max_depth': 11, 'max_features': 0.8750565330562627, 'min_samples_split': 2, 'n_estimators': 4168, 'subsample': 0.8216755337420458}",0.9225963355659446,0.9268044768208964,0.9367611657309343,0.9353173218673019,0.9316660449595268,0.935759844493002,0.9277362743369248,0.9288805448010778,0.9210149543539079,0.9346071479910668,0.9332542901902018,0.9247249574460986,0.930732844695683,0.938178374897979,0.9304340128164731,0.9337647712849744,0.9320667857026943,0.9257923328864205,0.9245961459709584,0.9361449463249163,0.9263231953936888,0.9462495341355915,0.9204730287696261,0.9343382298031336,0.9282184288769599,0.9371667584339336,0.9287792341574738,0.9272186035083315,0.9326596578271964,0.9185541401184495,0.9268292654001982,0.9302218668118307,0.9354793566135636,0.918139100852224,0.9347971931889976,0.9217887238928244,0.9256006658328941,0.9378148575127834,0.9321336784890524,0.9366373171938125,0.927028558370642,0.9341135434857332,0.936740420627307,0.9252797247528661,0.9318430248624495,0.9285316643967636,0.9299838680382398,0.9278718378067677,0.9339265580847886,0.9314614131274916,0.9298833169073351,0.9366436443200143,0.935446797833422,0.9198752892528979,0.9306903951366248,0.9295461858846024,0.9345816605095248,0.9260656241685116,0.9304989970016317,0.932422808711061,0.927467292490768,0.937825367210288,0.9323781688778988,0.9304908128790144,0.9203797610739174,0.938257867916984,0.9285550217859394,0.9286797715405877,0.9280624322933746,0.9348521685613238,0.9291248373476421,0.9283100508170034,0.9311474369013262,0.9333011844613462,0.9374027885771491,0.9244660762032941,0.9414455591761406,0.9339024340433781,0.9297324931257935,0.9303359629933347,0.927973562455566,0.9359564097818962,0.9278995910118046,0.9281268202546109,0.9344326769896387,0.9338786414014675,0.9378781994023737,0.9286139077858933,0.9241467714689993,0.9357519389289423,0.9320036723977659,0.9364220123983518,0.9274612437535088,0.9295453506280115,0.9290717126325797,0.9298781104046349,0.9344025368434788,0.9287255541980636,0.9299543083928566,0.934097256322252,0.930750295089574,0.005082641033139786,133
91.33794507741928,78.34279619036045,0.15579267978668213,0.15904702709808657,0.11667952049666686,5,0.743730469582262,2,4168,0.6200136858032161,"{'learning_rate': 0.11667952049666686, 'max_depth': 5, 'max_features': 0.743730469582262, 'min_samples_split': 2, 'n_estimators': 4168, 'subsample': 0.6200136858032161}",0.925925503829878,0.9313004282820986,0.9386825582155819,0.9349829501948655,0.9396422937592814,0.9361448898138387,0.9320251344325868,0.9360055044937409,0.9277354175701583,0.9364042971908346,0.9355210215313636,0.9256002730905251,0.9365217788664726,0.9390089303422993,0.9373619416897423,0.9367722688610086,0.9343652379989695,0.9310403194425961,0.9330918572134504,0.939333314154162,0.9256619428311004,0.944347172807132,0.9227145194237041,0.9396824663850982,0.9361059199976944,0.9401031178490823,0.9336660959432974,0.9288344380159166,0.9365069476750333,0.9203646351089018,0.931919519040537,0.9321069275006578,0.9373277097811191,0.9202068639720665,0.9375905112741719,0.9176616154315708,0.9296922469348631,0.9409682903369786,0.9324723225294507,0.9410327423105255,0.9343770506375795,0.9381992445473102,0.9369561678904834,0.924806971014081,0.9372805119353257,0.9357634440328618,0.9323424250947824,0.9322106642264429,0.9342599835881732,0.9377984737919448,0.9319552831120175,0.9371301942670884,0.9379268322849386,0.9249098568253119,0.934652043470716,0.9324207311357882,0.9367869699049367,0.9336395821721823,0.9375756591971081,0.9314183976689021,0.932971187206844,0.9426970107432894,0.9363249870741484,0.9328255430897219,0.9290065968876373,0.9365095970847751,0.9290642501529066,0.9331119143052449,0.9295922543499797,0.9359246687436148,0.9326279343022279,0.9358236606597838,0.9339438081907199,0.9341790909493871,0.9391591457227686,0.9297015286353988,0.942007528527717,0.9389780079844259,0.9305946976038663,0.9332131971527284,0.9312822847324166,0.9379851629701632,0.9274485594268743,0.9316136039473462,0.9383175162506794,0.9353148012397958,0.9368774209644813,0.9268298417508732,0.9303810332901017,0.9364848822491892,0.9350193466057309,0.9385866366340023,0.9318983290680148,0.9336816887573905,0.9255106856802677,0.9319797942488758,0.9354350698041747,0.9342142465672766,0.931923432422915,0.935114224204339,0.9337299758310244,0.004927016719590611,89
248.2014132809639,166.75378254635123,0.2653092885017395,0.2729260631769815,0.02841217831524539,8,0.9029246761915235,2,4168,0.906996666315752,"{'learning_rate': 0.02841217831524539, 'max_depth': 8, 'max_features': 0.9029246761915235, 'min_samples_split': 2, 'n_estimators': 4168, 'subsample': 0.906996666315752}",0.9285964167816366,0.9327161136895964,0.9409408154798508,0.9381098388833586,0.9360656824376321,0.939476377168946,0.9323568267843769,0.9364623152232684,0.9263649610220144,0.9370656409624409,0.9368795717843099,0.9301615251417542,0.93557597246394,0.9418129142843923,0.9368596059641258,0.9379687584998726,0.9366299119914531,0.9320765693435689,0.9328955302255963,0.9391150631345376,0.930987084619671,0.949075236356359,0.9266246524992748,0.9401048564973675,0.9346666870948563,0.9421459461795976,0.9339991094342373,0.9330630021872862,0.936843008247836,0.9237154719040426,0.9317328230348845,0.9355737667237706,0.9407895050411642,0.9240884044457285,0.9395803347294139,0.9271364126271511,0.9332472415330778,0.9423783769870372,0.9373202023962648,0.9406576709599914,0.9333821922145937,0.941718141807383,0.9391827925832084,0.9304501570829662,0.9381680473188003,0.9348655549931273,0.934695463453538,0.9327029797154873,0.9384736268160203,0.9363798710142617,0.9325077067899257,0.9411131522783185,0.9412267824492371,0.9267872945180009,0.9335261826373449,0.9344660406935533,0.9383648960805986,0.9294974808333116,0.9354423091270803,0.9381578409305246,0.9322156723039143,0.9419798158496919,0.9375536829259944,0.9357430758105869,0.9264964725887022,0.9421152697260491,0.9339555369236396,0.9354268996555395,0.9334603213033644,0.9383760326780624,0.9361233349727023,0.934327734389892,0.9355673603980768,0.9384089559179556,0.9407718289692358,0.9299882135923246,0.9439699835770575,0.9376877032710462,0.9335669494499163,0.9359267066067143,0.9343086020935423,0.9405735071736694,0.9303312739869202,0.9321691872624649,0.9391912899450829,0.9385529797475766,0.9410024580268206,0.932604918042277,0.9324494766923924,0.9396421285143853,0.9368190881938797,0.9394898374780797,0.932214750658283,0.9341390005661897,0.9325159753483191,0.9357293508597079,0.939766749150546,0.93277092958866,0.9328044284336944,0.9388781388724363,0.9356258433964837,0.00452684353192094,61
78.50989862680436,65.74805577833175,0.134499671459198,0.132702903585832,0.011524353055160108,5,0.4696186449797698,2,4168,0.9370686736576764,"{'learning_rate': 0.011524353055160108, 'max_depth': 5, 'max_features': 0.4696186449797698, 'min_samples_split': 2, 'n_estimators': 4168, 'subsample': 0.9370686736576764}",0.9278088769397211,0.9343230943009181,0.9428471357847349,0.9401279113926765,0.9378367010881342,0.9389915651537989,0.9355960426716672,0.9402960511745017,0.9298641174670924,0.9384493499774229,0.9404871685061797,0.9332830187094193,0.9369624536077954,0.9418134106381635,0.9383590472576231,0.9402889790550107,0.9392165526180228,0.9324777169325862,0.9359470515561414,0.9394112304245396,0.9305031129301335,0.9474531841381006,0.9260200650134761,0.940557332503924,0.9377142726787732,0.9439409040932274,0.936191933960309,0.9325290340810816,0.9411460340428915,0.9239449184074985,0.9325117096339017,0.9384270290275009,0.939037784499385,0.928048702413841,0.9429727803552826,0.9261740704546534,0.9356970821029615,0.9456613759996433,0.9353263937583329,0.9445821086640662,0.9337679163065166,0.9409553460806944,0.9383919821287315,0.9314379206535333,0.939777940009188,0.9379783652320062,0.9382836811768516,0.9333096824983838,0.9354673505118705,0.9399147549732552,0.9334171142755571,0.9425866546191156,0.9434072536111616,0.9276001494090207,0.9364163885223893,0.9373788151081919,0.941012503974133,0.9333646797144057,0.9374470714833151,0.9384435890122311,0.9364899658857816,0.945171773083799,0.9376983573047973,0.9352321368547439,0.9302500901216743,0.9430125691675827,0.9335564783285016,0.9375476773671791,0.9344686314291198,0.9382058225261132,0.9354944416160578,0.9361742242997271,0.9400511465728916,0.9389349605467535,0.9418375323078185,0.9328240867915994,0.9427996615403621,0.9386308713222181,0.9348589824407921,0.936833403535976,0.9339255385887437,0.9421432878791753,0.930305086248477,0.9371018098932333,0.9407552649793668,0.9397649623009304,0.939442188166419,0.9339512522960275,0.9356478100908099,0.9409853958619542,0.9367208417608719,0.9409005075922398,0.9346978963084085,0.9394393457101696,0.9346953454480194,0.937680297394352,0.9395954871105652,0.9360842156081226,0.9344836868871628,0.9402859310585387,0.9371186542754276,0.0044707003473873075,46
41.230018248558046,39.33868776402343,0.08714646339416504,0.0916934121783766,0.2620445808292873,9,0.6174587045408059,2,4168,0.8376303859582612,"{'learning_rate': 0.2620445808292873, 'max_depth': 9, 'max_features': 0.6174587045408059, 'min_samples_split': 2, 'n_estimators': 4168, 'subsample': 0.8376303859582612}",0.9094235862403464,0.9177459540788838,0.9269229177485772,0.9196313025604985,0.9255887142431324,0.9235423506600837,0.9156559593699419,0.9203412946286211,0.9098139880988161,0.9193917556413502,0.9235563857960225,0.9148315435391002,0.9231464395355526,0.9264488197445829,0.9192442110302887,0.9239142840295551,0.9197882830775332,0.9139512663422938,0.9189876764630717,0.9227299986975788,0.9128027962813984,0.9324743369690087,0.9141656597443398,0.9202007276711551,0.9199604541521413,0.9316579152101917,0.9156632972284199,0.9209837580645224,0.9205871750004972,0.9019374983501713,0.913532667956246,0.9228023137401508,0.9223212272755446,0.913749840863823,0.9238063548457929,0.9063762940761493,0.9133100978608281,0.9294566508126375,0.9234762044441515,0.9267851055671467,0.9147346143503716,0.9252484032873693,0.9193980056672033,0.9170669516426346,0.9275711222715267,0.9163567475110909,0.9157629724825789,0.9209764252958681,0.9219605366829116,0.9220325591139742,0.9212155490885345,0.9245032240349192,0.9274635332691376,0.9105127719469007,0.9228076644255025,0.9200645046722029,0.9248902150621537,0.9195785290254858,0.9202153723934718,0.9235014654639808,0.9132090376293912,0.9286397225498545,0.928463980899888,0.9242059820372734,0.909587927664306,0.9250528090452897,0.9164416076704403,0.9184419132226619,0.9201155908402672,0.9231844524185363,0.9168825065531837,0.9211811178407042,0.9208661558192365,0.9183136360735904,0.9280893058447971,0.9086740094266326,0.9232774986419021,0.926917668963052,0.9214958397073805,0.9248457179951347,0.9160114165039122,0.9263928307993743,0.9114471897622536,0.9190180954539268,0.9266355924235012,0.9262490211023894,0.9276448301362634,0.9231454022800296,0.9112868229382948,0.9259754333017942,0.9188930835867731,0.9260691262121424,0.9215165118526103,0.9186914808939854,0.9201406286988041,0.9246798377665028,0.9231150443213828,0.9149279665465531,0.9223586049570789,0.9246161725148961,0.9204326984822397,0.005684219819200259,181
225.38455413103102,142.5108951827315,0.30406550168991087,0.31851253331027213,0.026390412137601137,9,0.8282362056368054,2,4168,0.8001830737619373,"{'learning_rate': 0.026390412137601137, 'max_depth': 9, 'max_features': 0.8282362056368054, 'min_samples_split': 2, 'n_estimators': 4168, 'subsample': 0.8001830737619373}",0.9270701848174961,0.931327646060265,0.9408328464723611,0.9381397788823015,0.9348827823041626,0.937707079008133,0.9313831126561418,0.9334495969880785,0.9249205434275503,0.9350721690939023,0.9376073320124787,0.9289034029879228,0.9343495422665604,0.9423150281405633,0.93448134635925,0.9375325474873176,0.9359466515440613,0.9305677332097697,0.9301486258320963,0.9379134031466162,0.9312617044572682,0.9479437341709481,0.9233113233421723,0.9382922888170515,0.9325690682159355,0.9399952433925715,0.9310026385564958,0.9302766779687899,0.9350097133680957,0.922402166327903,0.9279323531419487,0.9328878471140005,0.939948276465563,0.9241963775056674,0.939159846329172,0.9260502897811728,0.9296236554480061,0.941803575768302,0.9350329849867425,0.9398780600706316,0.9294944567152125,0.9383586289481134,0.9389088917168812,0.9294098397588794,0.935478304620031,0.9321716085203542,0.9354065593267225,0.9328739102470093,0.9367042632083822,0.9359711264025894,0.932811192427838,0.9404808846194248,0.938912578386765,0.924524083552091,0.9332113830597507,0.9349084374072355,0.9370524079211153,0.9300398635178307,0.9350431754377941,0.9369792349351962,0.9306780857441227,0.9412246344130326,0.9351612253576224,0.9335817547851144,0.9269749227517337,0.9412531931992631,0.9307238755029549,0.9327692791517849,0.9320777731368415,0.9367353599640788,0.9326094241070957,0.9321332717850309,0.9357948083526726,0.9380387079915913,0.9400375524161309,0.9288069519276757,0.9438710468448935,0.9373140524173956,0.9332531964836941,0.934595603118863,0.9306978824827462,0.9385201660950863,0.9295439080396506,0.9320855767192422,0.9390776959422934,0.9367581887222656,0.9412464589847597,0.931041446865374,0.929883043677297,0.9395758333150392,0.9361305445519801,0.939708290260351,0.9317093418018638,0.9333735339067419,0.932002491287726,0.9349277935841066,0.937873086279883,0.9317793474272557,0.9331576201336848,0.9381390902881763,0.9343673606847179,0.0047459493399019574,76
167.88851105451585,115.46402733651406,0.2403561544418335,0.25020231560910466,0.0021419154051415027,6,0.8360019806405143,2,4168,0.8673162069059576,"{'learning_rate': 0.0021419154051415027, 'max_depth': 6, 'max_features': 0.8360019806405143, 'min_samples_split': 2, 'n_estimators': 4168, 'subsample': 0.8673162069059576}",0.917471292593224,0.9229109703831633,0.9328811913694911,0.9309822957735051,0.9277592147489878,0.9281248038926975,0.9241684278834119,0.9289856345937296,0.9155596270882322,0.9311231770753402,0.9298719558159004,0.9218442507773488,0.925860590217109,0.9326191516258273,0.9279593626569956,0.9305245384744602,0.9279861425924409,0.9192212272644006,0.922211346894894,0.931330563751513,0.9206375724455353,0.9400057788618247,0.9131197155598925,0.9319564758632966,0.9262772798580513,0.9347364202118046,0.9268345194032093,0.9209004458595352,0.9308598127281985,0.9116868293253598,0.9200872177860056,0.9276933459430948,0.9290045685776084,0.9148301862576041,0.93353575194333,0.9164096649348468,0.9208197342431859,0.9352543497372219,0.9255771675845513,0.9335761208430526,0.9218995404434667,0.9309726010500204,0.9282949587606756,0.9214758147543041,0.928342621881391,0.9275830046315234,0.9270703501174086,0.92300495940144,0.9286213225568062,0.927283061252216,0.9239321507219682,0.932974385592828,0.9324734725857606,0.9148937295816528,0.9254851421885367,0.9264287734256937,0.9296124964702864,0.9213281455158164,0.928794581016855,0.9287366663599945,0.9241766304776448,0.9350937737877065,0.9292767792970618,0.9250547644553816,0.9201065695741438,0.932471134544889,0.9216367262708881,0.9253914677240797,0.9224773334373012,0.9320127079427422,0.9236470217016715,0.9253369296020026,0.9270235739014419,0.9276815956165549,0.9326867593276957,0.9211367700568249,0.9337927041441818,0.9301224594807488,0.926022199498301,0.9249454820570658,0.9222982848219182,0.9323845824780813,0.920872486497058,0.9248850544922709,0.9295696429804038,0.9284935086685128,0.9304413368715759,0.9239260903744433,0.9237983156466696,0.9313452149820465,0.9269714951589002,0.9317262900131749,0.9243006811994166,0.9259564722246884,0.9244422607403862,0.9265788919803049,0.9302601453326144,0.9240686764607079,0.9226598862439569,0.9296109202960225,0.9264709012211001,0.005229384772605775,166
17.400694868564607,15.610743242439415,0.04407191514968872,0.04247205327741875,0.32852088137344915,12,0.623984383354723,2,4168,0.8091021492726729,"{'learning_rate': 0.32852088137344915, 'max_depth': 12, 'max_features': 0.623984383354723, 'min_samples_split': 2, 'n_estimators': 4168, 'subsample': 0.8091021492726729}",0.8957760038408585,0.9036145336560599,0.9042268342618542,0.9128334949275566,0.9083557810360069,0.9144272140841943,0.9042805187111167,0.9004631975527387,0.8979479576630408,0.9063683136983531,0.9128874804500839,0.8978353664235632,0.9077232699132408,0.9170393454496889,0.9059607094948054,0.907670583583352,0.906837355410829,0.9009176821723306,0.909327070919752,0.9199346207441319,0.8997267843935159,0.9232778020749298,0.8989383985160256,0.9081869752889687,0.90577671139446,0.920294433220029,0.9087675467273076,0.9016858223912393,0.9108088715125949,0.8999007471152107,0.9044817704766277,0.9112100942744268,0.9134089985120974,0.8954757609412861,0.909599040650436,0.8935168379253343,0.8982998445010445,0.9129755403790185,0.9031838327062909,0.9141008954299388,0.9092071363370593,0.9110494095441027,0.9094360280927066,0.9011528557372775,0.9086825599165828,0.9160157685592163,0.9117263385098491,0.9012871233544227,0.9114549939172406,0.9088109894009488,0.906661089464011,0.9155532743097804,0.9104080694769947,0.8919820633205884,0.9130579115534316,0.9087035006261683,0.9139998275710612,0.909596028689819,0.9094968663644486,0.9152046946816836,0.9000248443944141,0.9164802600591788,0.9141502301016358,0.9102830309281386,0.898484454720567,0.9087629934257855,0.9072521554547494,0.9087479493025281,0.8986316086887471,0.9154438370990627,0.9089076845038665,0.9098409318665839,0.9156504711570487,0.9121468409635378,0.9186281853209378,0.8993769028188412,0.9150720651495441,0.913777918199734,0.9033280632367919,0.9067749040933472,0.9104010527617259,0.9088805318417295,0.9079689420632937,0.9121802424790515,0.9154888569180004,0.9088040864841271,0.9154388299726401,0.9116359124714546,0.907464660824285,0.901689896180802,0.9114952113852439,0.9073453375247044,0.905432624642322,0.9101958264640289,0.906550943973994,0.9094294504834807,0.9144365936561545,0.9072610750808335,0.905670566520486,0.9130467862520861,0.908241133313172,0.006159553108423518,198
182.30683560848237,124.8495757012829,0.49335838317871095,0.4889421507158796,0.013491178435132414,13,0.5837980464596331,2,4168,0.6680086710632382,"{'learning_rate': 0.013491178435132414, 'max_depth': 13, 'max_features': 0.5837980464596331, 'min_samples_split': 2, 'n_estimators': 4168, 'subsample': 0.6680086710632382}",0.9237145197623744,0.9276654654083518,0.9386974889614519,0.9352857738155396,0.9311109828269529,0.9348434995974432,0.928351629482469,0.9307869300536175,0.9228799853385404,0.9345600262641294,0.9335624657271462,0.9254474183029339,0.9322990665414178,0.9397071613917256,0.9298094908388045,0.9356504086279932,0.9337194264800976,0.9269007003209052,0.9251948136949011,0.9362604618182472,0.9263008464463744,0.9455330741446588,0.9205110327312467,0.9366710143064824,0.9295981246465455,0.9386545269816281,0.9291611566719478,0.9272469390661988,0.9335905822478562,0.9158848833133115,0.925480732813078,0.9314520136894746,0.935639306753305,0.9200471865894387,0.9361289900495604,0.921514508285316,0.9244901638052744,0.9379413766483528,0.9320864037779694,0.9372548579329181,0.9289600409974368,0.9339668688838044,0.9369884263177825,0.9271448219130104,0.933863929162003,0.9323298374064354,0.9303597963494513,0.9252744363233969,0.9332975672212168,0.9330905224647152,0.9295984388220663,0.9369265315050729,0.9361660939912636,0.9207638797581436,0.9318647962332749,0.9302730698762531,0.934999078378193,0.9281858690768727,0.9309592614177461,0.9308080549184569,0.9293328606265581,0.9376745028939704,0.9334281686575822,0.9295892925428716,0.922170860280284,0.9375193615186396,0.9292015952309841,0.9293886438355504,0.9302241645612749,0.9359997904266931,0.9275645140697463,0.9272003017992518,0.9318738245275894,0.9343218679722615,0.9378424847341454,0.9269147714516635,0.9405578599122304,0.9357182452543088,0.9295690955535162,0.9311741478043144,0.9281237442447532,0.9370238246149525,0.9288573594569228,0.9307553330707099,0.9349110126329147,0.934848133546212,0.9378309450126177,0.9271737030732096,0.927897208432473,0.9346928330448027,0.9322256623183062,0.9364015894171367,0.9276768523905315,0.9313624059997345,0.9300729230234355,0.9302889716144869,0.9349236146939102,0.9297540062241032,0.9303467470864648,0.9348320382058839,0.9313472201892958,0.0050353548909502464,127
108.56651957035065,84.48076466441698,0.25859726905822755,0.25442500785032907,0.015968208674515427,6,0.3918476454910338,2,4168,0.9010850966951552,"{'learning_rate': 0.015968208674515427, 'max_depth': 6, 'max_features': 0.3918476454910338, 'min_samples_split': 2, 'n_estimators': 4168, 'subsample': 0.9010850966951552}",0.9332204820725797,0.9364928821112759,0.9441226558156955,0.9438708772442345,0.9411475419250347,0.9414884875344712,0.9383715470377682,0.9431219237949484,0.9325215491642339,0.9402644328997403,0.9412937440922843,0.9357598307511801,0.9413352526593146,0.9445303479055177,0.9406356441718431,0.9424649375555837,0.9401642531015362,0.935149450754735,0.9405349588841548,0.9425427837775248,0.9336743558410071,0.9508752132229998,0.9297011423771138,0.9435677931473926,0.9389282042205319,0.9458774927329302,0.9391586660464635,0.9364859776560761,0.94307452733554,0.9249582955944079,0.9350989336989579,0.9412804854296597,0.9424348287519758,0.9294841189021783,0.9450308090974482,0.9300150227412203,0.9386426935456179,0.9471479579739137,0.93900765234328,0.9476576796713347,0.9356069711729625,0.9446497419345772,0.9413271422374593,0.932650837529625,0.9423797933016902,0.9402634498962127,0.9391356169961994,0.9351679946407928,0.9396641708528265,0.9418290553664622,0.9365278072793283,0.9444070790033001,0.94531296779452,0.9298462890916308,0.9390492521891672,0.9389702277938526,0.9433953328113995,0.9364764414225794,0.9389785686067117,0.9415178102265412,0.9377689562444435,0.9461221467966028,0.9400782132332496,0.9385866391084243,0.9327725577532519,0.9458395256442569,0.937180264204565,0.9403637863471862,0.9372227055830107,0.9416399998856989,0.9378715049339051,0.938981935427685,0.9437691315103162,0.9415545396628104,0.9447783947064798,0.9359779927509962,0.9462023652734163,0.9423755653920575,0.9381610130142398,0.9401763376112933,0.9369116885560527,0.9436479282956656,0.9347665247189255,0.9392129331764674,0.9431502739483519,0.9435258094124378,0.9426194649468562,0.9370852328433397,0.9377757625054576,0.9429114313342777,0.9389467454438072,0.9429843706121056,0.9378333798059862,0.9425444051080387,0.9369044343812065,0.9403853173871534,0.9427536046699729,0.9373832523820719,0.9378760699068565,0.9415196350138062,0.9397645382326428,0.004371326009386209,5
18.167321033477783,16.862097345289776,0.05621934652328491,0.05536773964523116,0.30854528362859684,13,0.574007372556042,2,4168,0.6933790952458154,"{'learning_rate': 0.30854528362859684, 'max_depth': 13, 'max_features': 0.574007372556042, 'min_samples_split': 2, 'n_estimators': 4168, 'subsample': 0.6933790952458154}",0.8923306198710318,0.9048705511849932,0.9096922909090156,0.9020885985272539,0.9037477849151797,0.9116588280724727,0.9106657197498862,0.9018078218974963,0.8896617142800163,0.9051874938134112,0.9076880943520346,0.8970558106267783,0.9091172554882805,0.9134189219477984,0.9047623060653204,0.8953896272413754,0.9114430309068604,0.9040036626805189,0.8998541290861358,0.9109815870565563,0.8988221758766288,0.9239547867406883,0.9015136902640032,0.9109422528099561,0.9036445374684081,0.9161135825105873,0.9076975454484614,0.9042785851523317,0.9132842610175812,0.8912123187788773,0.8927539361493358,0.9061193507412089,0.9075159996971613,0.8939670163543092,0.9122673672555276,0.8946355477249462,0.8962750974393207,0.9133245441186656,0.9080225011608279,0.9155010506877407,0.9002981073517617,0.9067912267051886,0.9075947309032651,0.9012310260148618,0.9116204235492256,0.9061983879610632,0.9033612493919991,0.8991327217253244,0.9043218818491641,0.9010436362061892,0.89822577088515,0.9163047287000226,0.9100940632876514,0.8986493859500294,0.90396565054935,0.9080221849873846,0.9134159889729655,0.9076621681314946,0.9064692387412838,0.9094994001149621,0.9034529028019611,0.9147872166827855,0.9059482800778322,0.9067579286766316,0.8968229168970425,0.911269808791367,0.9092261020611618,0.9085242696529608,0.9009377433152205,0.911247937111226,0.8992879629268073,0.8960844074384366,0.903420791415937,0.9043950916651915,0.9137796335463031,0.8980658703156557,0.9130497659917873,0.9073482142778933,0.9053258781759184,0.9064174982986712,0.9014791720586698,0.9137512115234051,0.9048880680900293,0.9063960349667693,0.9085535237560367,0.9090473113926263,0.9150282618277183,0.8996609464455502,0.9026136748450992,0.9098659770125692,0.9043842458662245,0.9133046068503353,0.8991355303309512,0.9100833224192995,0.9017172975627561,0.8997951653806927,0.9077903025590374,0.89566791942836,0.8952204092331996,0.9140020352245541,0.90539709204942,0.006491984107802786,199
185.88964656114578,137.85054015962157,0.5953465867042541,0.5774218094173273,0.01583369549343909,11,0.571607120591422,2,4168,0.6409127007165993,"{'learning_rate': 0.01583369549343909, 'max_depth': 11, 'max_features': 0.571607120591422, 'min_samples_split': 2, 'n_estimators': 4168, 'subsample': 0.6409127007165993}",0.9270774341159909,0.930755764593679,0.9409716114059885,0.9370125726873186,0.9344389186788872,0.9379796557864221,0.9315390515861541,0.9335979968968126,0.924276871791042,0.9365087434329458,0.9369793194290462,0.9272203995515556,0.935794486910176,0.9412582707189694,0.9335597920933946,0.9374357130410734,0.9347975255310186,0.9293461123904573,0.9283735411646616,0.9377113724062943,0.92858793724999,0.9472417293219606,0.9232786792754177,0.9379599705993218,0.9323269107605205,0.9411584860921586,0.9320546881795145,0.9305528620157113,0.9357433504374937,0.9201377164995765,0.9275195441681462,0.932394733535034,0.9392771047184366,0.922908965814329,0.9377283595883812,0.9235042016287269,0.9300369198989323,0.9404707677325581,0.9328086363215389,0.940480545785739,0.9296334857740642,0.9375353601871668,0.9375596232355022,0.9298742416403204,0.9357587198235893,0.9360876094862609,0.9310347141824409,0.9278161037674838,0.9353174114971973,0.9354047544721856,0.9310311512588588,0.9398157248619282,0.9382915005300821,0.9233086218192288,0.9340223948403086,0.9326995722153606,0.9377204873566382,0.9300753314443029,0.9334878636162313,0.9352740737993421,0.9308576249846232,0.9404115867751744,0.9344684316264895,0.9325829677003703,0.9252774020411987,0.939857562071319,0.9312980679250643,0.9310109035759404,0.9324469391811401,0.937280901542095,0.929357468822757,0.9309553909956629,0.9356539141714452,0.93604731445635,0.9395414279430634,0.9275453910074396,0.9419416176301735,0.9374276993767623,0.9325585473548433,0.9342803022079902,0.9307916253293901,0.9385364349452539,0.9301719322354091,0.9317849810489003,0.936191786262442,0.9367943807999521,0.9401775470785556,0.9302940681632983,0.9297863564696387,0.9360593850711855,0.934335721094756,0.9387759035684288,0.9311113609306452,0.933318114929997,0.932057303590746,0.9317563316689272,0.9382596816120402,0.9320151340274981,0.9327778099900756,0.9366911431459046,0.933670444729968,0.004853365724848507,91
125.69132802486419,98.84948510027306,0.2984823369979858,0.30685634155454583,0.003972107248757926,7,0.7565703256063463,2,4168,0.5497195404121379,"{'learning_rate': 0.003972107248757926, 'max_depth': 7, 'max_features': 0.7565703256063463, 'min_samples_split': 2, 'n_estimators': 4168, 'subsample': 0.5497195404121379}",0.9294185930614339,0.9336067378986993,0.942802268920561,0.9403785692635964,0.9376289099374917,0.9394461851870237,0.933719112476413,0.9394140145177629,0.9285408892793396,0.9381667798458541,0.940949494684976,0.9324094538160863,0.9379367859764203,0.9429256486006248,0.9382956259166325,0.9403020624450454,0.9387320341380272,0.9330540912258343,0.9341396722085066,0.9405973871787069,0.9320918783716714,0.9485834615641828,0.9272103707011475,0.9421245314187892,0.9368511760232314,0.9436298747197372,0.9364242222307555,0.9329333373105255,0.9392544015543494,0.9244770654851922,0.9315672242903686,0.9374795827173454,0.9411650401611309,0.9252343267609413,0.9416433696461342,0.9261282240479405,0.9333697034648822,0.9446031201467217,0.9367810481748982,0.943875121993984,0.9336823834171276,0.941113816955182,0.9384223714694742,0.9313629823327398,0.9398212117201763,0.9371597595591024,0.9351774552096535,0.9326886085474196,0.9389614328764916,0.938921530790192,0.9349042218144035,0.942250701322337,0.9428708221136926,0.9264770230420072,0.9367888093162026,0.9375310225835478,0.9404843083220136,0.9326448840706093,0.9381232168102741,0.9384197718323183,0.9339459763061909,0.9444295122383355,0.9386868272856634,0.9364297475531463,0.9305950987624846,0.9433387782078054,0.9329285450945415,0.9369673832573737,0.9348020212648047,0.9391639937395664,0.9343150841412873,0.9347054091704257,0.9385170854543222,0.939267888364736,0.9441389118113755,0.9326816839912294,0.94475201348749,0.9398362756089131,0.9354075277537597,0.9378887152363334,0.9345490940744243,0.9417853701693888,0.931687792132553,0.9359365315628164,0.9403182459505851,0.9398589118346834,0.9419803723265078,0.9347706054242593,0.9341445429082904,0.9405236881182975,0.938404768650665,0.9410018777103675,0.9341238070269295,0.9376435441168054,0.9339224483201689,0.9378165619221916,0.9406898780567352,0.9345977976435854,0.9348043795734806,0.9400164718418909,0.9370707289956234,0.004610881970570903,47
58.15840750694275,54.24463665125726,0.2566141676902771,0.2597917013166938,0.10819792933577056,9,0.3812023299829051,2,4168,0.5820060531405441,"{'learning_rate': 0.10819792933577056, 'max_depth': 9, 'max_features': 0.3812023299829051, 'min_samples_split': 2, 'n_estimators': 4168, 'subsample': 0.5820060531405441}",0.9230834645812426,0.9241913054070081,0.9367200871364291,0.9303996233918281,0.9294339630264125,0.929090398865722,0.9254883624205813,0.9283735620117107,0.9175935643107137,0.9284066221392103,0.9319024258451953,0.9216644161134784,0.9300014018489514,0.9350764360586744,0.9274511576046194,0.9300664523499987,0.9306767568275292,0.9265864347402467,0.9238071996571986,0.9314410785154343,0.9246429392724634,0.9412234367809647,0.9194756132487514,0.9370894468991295,0.9312173428211946,0.9372866533247579,0.9281207770268614,0.9228365583890007,0.9323091496670435,0.9150817175494369,0.9240373093346175,0.9306248129789756,0.9327104881832116,0.9191595615061058,0.933277670520441,0.9149661333215567,0.9266752715814718,0.9365795709793546,0.9279772710832612,0.9377723583425205,0.9269717400744333,0.9330191126156245,0.9313506908549324,0.925620657753351,0.9324603546086903,0.9323329940987709,0.9259757206204333,0.9243769888282266,0.9320565873954687,0.9330243587016193,0.925408578669889,0.9370474798388343,0.9375352803242872,0.919481488743408,0.9285419563904589,0.9282482034817132,0.9322976290513432,0.9262969698361336,0.9316486799022796,0.9303446394637018,0.9314349938064906,0.9378588709849252,0.9328935504807676,0.9265843060387687,0.9187603263527585,0.9339829247299061,0.9272239730666741,0.9290394779889397,0.927942061771725,0.9324928938314418,0.9274189796869776,0.925828682518029,0.9270439920578543,0.9335998775328738,0.9340904005852088,0.9235385212310925,0.9398720713871631,0.9330245432406463,0.9295205431885831,0.9306635855385789,0.9249454039487566,0.9345930914475893,0.9237193387373696,0.9305079443450297,0.9358389360157946,0.930935750843817,0.9344866526971086,0.9257232476195704,0.9256590560697767,0.9344996638718728,0.9305861857894565,0.9336885314665979,0.926209751338759,0.9328030992366868,0.9267729808315878,0.9279099096217518,0.933316327803047,0.9241055850162727,0.92982044212762,0.9326840266363505,0.9293017940840113,0.005217905014618583,153
171.83939692497253,118.6878077448474,0.3129835820198059,0.31967621220313713,0.0649529409711041,9,0.5793334301411373,2,4168,0.7751933108167777,"{'learning_rate': 0.0649529409711041, 'max_depth': 9, 'max_features': 0.5793334301411373, 'min_samples_split': 2, 'n_estimators': 4168, 'subsample': 0.7751933108167777}",0.9275471507481572,0.9278500716066924,0.9381900712229968,0.9361383797329216,0.9337991177292944,0.9371881344035766,0.9317284788317077,0.9333080479540671,0.9238794727024386,0.9333669049720302,0.9347685005466689,0.9284549742534789,0.9345465961934926,0.9413922727669244,0.9324359382792706,0.9370642818626057,0.9356131981423127,0.9308817410824255,0.9290976663189141,0.9373220130300443,0.9284280903037618,0.9456865262753218,0.9215435815186902,0.9379494334392643,0.9290453302683903,0.9389951734070137,0.9298513813023567,0.9286839210956251,0.9336276814514745,0.9209363650196888,0.9273508730301933,0.9335419318846769,0.9380282631643732,0.9208346852809056,0.9374175759500564,0.9242873680758661,0.9302931950300457,0.9415227472162927,0.9342771710293548,0.9398357650688844,0.9308269557147203,0.9367323779379056,0.9379438275073838,0.9265678355430649,0.9346577794502701,0.9308064012386323,0.9329415554488056,0.9294557023001988,0.9359560781436426,0.9370872444853827,0.9311870359030121,0.9382681733639029,0.9380716704745197,0.9221453064985184,0.934599490072984,0.9328996064264441,0.9355007208655144,0.9292822231707633,0.9327190088549845,0.9341687227148454,0.9309190394260539,0.9379186393772017,0.9335114526203117,0.9325839024325518,0.9256432790221066,0.939161698772191,0.9320296751385962,0.9278351172712471,0.9306216535437914,0.936513281724614,0.9317106752947836,0.9299040956527918,0.9366326806156403,0.9339214805673177,0.9383433066656238,0.9270093334437493,0.9410700356041499,0.9357038092188111,0.9304891649028654,0.931513631172485,0.9309885302804651,0.9391405472759745,0.9280622818509131,0.9338548643984048,0.9367376457562836,0.9358812440846993,0.9379170036833746,0.9297096209338415,0.9282971844446902,0.9373055421843856,0.9335278644096505,0.9364736541484471,0.9325423667898741,0.9323789261596636,0.9302737664320365,0.9330080884176315,0.9362277312588108,0.9317359602794232,0.9337232110385985,0.9362618088211323,0.9330561158342293,0.004713684862015116,99
16.198680481910706,13.074021529377225,0.07843033075332642,0.084344247714015,0.17241707862737543,13,0.39109532330975316,2,4168,0.6507856454722762,"{'learning_rate': 0.17241707862737543, 'max_depth': 13, 'max_features': 0.39109532330975316, 'min_samples_split': 2, 'n_estimators': 4168, 'subsample': 0.6507856454722762}",0.9123170454382514,0.9089257585019731,0.921216931246293,0.921065697441341,0.9136002589885658,0.9232996242236324,0.9146735566903875,0.9191512740582547,0.9074689209923559,0.9206491321829301,0.9161913161822419,0.9144633824241836,0.9166093461855686,0.9247122668961444,0.9183181966895386,0.9227660758110497,0.9183908773214091,0.9075862389570202,0.9113361259291692,0.9245568921704945,0.906996402092646,0.9363398613333909,0.9082375928829891,0.924481909455934,0.9156125618309183,0.9222793612874303,0.9140949612044875,0.9129051835498102,0.9190641241742291,0.8949802584964339,0.9118574155487034,0.9152661031706091,0.9203865817816441,0.9109468618934615,0.9210182911689961,0.9072218683897298,0.9090426841359103,0.9257701530880574,0.9186184650232535,0.9233604633462658,0.9181190303276214,0.9255171422231416,0.9244949330320035,0.9119421723869908,0.9162696866017889,0.913385729668566,0.9162312567421806,0.9106411577608798,0.9208740122652508,0.9230115738178337,0.912682898386385,0.9235256075468943,0.9194064529989179,0.9044935034650385,0.9172811947629521,0.912023533474134,0.925190730239285,0.9139664303189345,0.9172510737550842,0.9185111092020594,0.9172573171254432,0.9222407082348777,0.9201556450626346,0.9138740092233368,0.9076179734027688,0.9153657080041926,0.9131932850744674,0.915838214677611,0.9163898601441317,0.9256741809936453,0.9069936634937158,0.9152443647074624,0.9234546562827417,0.9219841933849339,0.9213640325256307,0.9115572004433202,0.9240573397249209,0.9174403000437206,0.9149609422527991,0.9225051931758752,0.9136665968530495,0.9232578626761518,0.9173018808815421,0.9189804810161979,0.9204473400452656,0.9224590321464312,0.9246848080757857,0.9183205737265081,0.9114560058963456,0.9196417518441944,0.9181487421402108,0.9205386996371349,0.9142537394411803,0.9126848777146431,0.9193453449979441,0.9155213583623919,0.9265569923600379,0.9128075653746529,0.9132574936154837,0.9195642323013149,0.9171066341824633,0.005985784315439821,186
99.35419934749603,81.32611117326937,0.3769393587112427,0.3819698743169273,0.04289528731925299,13,0.5102288066334276,2,4168,0.6532547956359871,"{'learning_rate': 0.04289528731925299, 'max_depth': 13, 'max_features': 0.5102288066334276, 'min_samples_split': 2, 'n_estimators': 4168, 'subsample': 0.6532547956359871}",0.9224937466563847,0.9253686825641558,0.9358921351507039,0.9336033483290833,0.9312328410578087,0.9320505782821036,0.9273354186205746,0.930373625080939,0.91970621277809,0.9319078570748937,0.932775465704931,0.9221627417767801,0.9310359948060177,0.9359692688039711,0.9281019110959233,0.932277293234811,0.9311893566716886,0.9242657473147892,0.923402430272934,0.9346823195117475,0.9250976383974667,0.944790994187549,0.9161774921878594,0.9330500531518605,0.9274517664927129,0.9360987422777091,0.9264352341649433,0.9241591002627523,0.9263919880142113,0.914651054470253,0.9235309783032799,0.92934816585652,0.9327825919253232,0.9182748063824951,0.9343099164144446,0.917500275914626,0.9218753165231864,0.9351320284457006,0.9278279763384307,0.9356312044040387,0.9256581845858061,0.9311761573164188,0.934468380412175,0.9258258753945254,0.9318285301003998,0.9311238671711014,0.9266021580753606,0.9241157840398863,0.9310319466917553,0.9326819392401201,0.9248516065291085,0.9375255600624713,0.9326822422938584,0.9160947785519706,0.9296088516163115,0.9292683442550702,0.9341683313023986,0.926255342529173,0.9275552382683424,0.9306336103261551,0.9285082845336122,0.9371371828210759,0.9307797983123189,0.9278596616117696,0.9210042998012655,0.9370301342875028,0.9263734352841103,0.9282340328408689,0.9271812528523883,0.9346921647820012,0.9252966001765498,0.9242388553664057,0.92863247252394,0.932402013032509,0.9373870578663632,0.9238319667553041,0.9385776987555041,0.9321099987084616,0.9274900283780422,0.9291300482441126,0.9256952449814175,0.935744067455087,0.9257351929695874,0.9289780530672382,0.932949231735678,0.9327933916142019,0.9344924620148383,0.9255651829955277,0.9264255713533138,0.9338916546753924,0.9284095360767457,0.9354572078947709,0.9247803888726536,0.9295421901625197,0.9284339925485882,0.928674079867392,0.9329026130307829,0.9294024049464747,0.9292280971337374,0.9324788483272812,0.9291897742632342,0.005309508019223567,154
283.56826747894286,168.18839290615512,0.5055789232254029,0.5084557512368642,0.02123149663694276,12,0.5918108996388196,2,4168,0.8971382235221064,"{'learning_rate': 0.02123149663694276, 'max_depth': 12, 'max_features': 0.5918108996388196, 'min_samples_split': 2, 'n_estimators': 4168, 'subsample': 0.8971382235221064}",0.9218270548733686,0.9252035774243634,0.9369676202288644,0.9340813935660602,0.9288206706642329,0.9345157288885054,0.9273864649753502,0.928740321740306,0.919627174931277,0.9329405110035536,0.9318795287089323,0.9248358519348624,0.932627070704451,0.9379844962915612,0.9288075345907245,0.9341558752157376,0.9312037890682552,0.923971598741303,0.9254692207510539,0.9327709294697492,0.9248475845406461,0.9442143313896215,0.9188086391956409,0.934099253814595,0.9274852390490632,0.9365879963216418,0.9276400910354651,0.9250547332263672,0.9333572683024522,0.9139374937140543,0.925842375677189,0.9286391449200274,0.9336089246217293,0.9167083672005822,0.9331884551876218,0.919440808024602,0.9242810212151835,0.9372219380464013,0.9301005698581327,0.9364774740167567,0.9280247877687218,0.9331067333102278,0.9341777179823935,0.9255183979847832,0.9308154313087822,0.9282476705876519,0.9287932862415821,0.9241686931439083,0.9319867650278687,0.9302273817789629,0.9291768679007193,0.9369970461691463,0.9337511577136322,0.9188909395857561,0.9291574644509281,0.9280627324477972,0.9356093414199572,0.925815066406604,0.9290120442435377,0.9325582437952737,0.9259943801835141,0.936409848818601,0.9316121840910938,0.9275103757080865,0.920107575199142,0.9371439406975725,0.9281629490445262,0.9293576356112305,0.927847977058518,0.93448804748271,0.9256662825800088,0.9265218431199662,0.9311322123213264,0.9317851324243652,0.933891067592378,0.9234495819183788,0.9400489302376188,0.9329710050487616,0.9278277576221239,0.9280834662643023,0.9259185032791953,0.9345092345841771,0.9267525952310427,0.9276449721357525,0.9339687313438745,0.9324103193150364,0.9361390817972524,0.926894738556831,0.9243084875505397,0.9356064071584373,0.9303281392154298,0.9353751731868833,0.9250879670298199,0.9262085342617161,0.9287176025293596,0.9273900304188369,0.9340275849324592,0.9271086383820138,0.9274834825996541,0.9319601174444995,0.9295730842637556,0.0052341451943163034,148
116.90113361597061,82.18302092770536,0.3033394455909729,0.31348685547511973,0.018876445785241384,8,0.4402487087691407,2,4168,0.8706692965825922,"{'learning_rate': 0.018876445785241384, 'max_depth': 8, 'max_features': 0.4402487087691407, 'min_samples_split': 2, 'n_estimators': 4168, 'subsample': 0.8706692965825922}",0.9319702417246323,0.9346652344455025,0.9433731364954663,0.941680653337393,0.9380306336637413,0.9408429668544478,0.9357034711650252,0.94021813672195,0.9292238054994292,0.93974367516767,0.9393364109259394,0.9324339640609028,0.9400607050262909,0.9444721068195776,0.9379247773608491,0.9418346395876936,0.9384086952090847,0.9340059735341879,0.9365757900185373,0.9411676518465445,0.9331915389818766,0.949518710222194,0.9271542170127929,0.9422866222873046,0.9380196112571344,0.9439918783440171,0.9368219820221,0.9349320878159366,0.9405819764065767,0.9242096790470051,0.9339376346336841,0.9387456092880871,0.941695197731061,0.9274897012985366,0.9424120016875394,0.9294683488300217,0.9354908383441654,0.945253701781476,0.9368725198495679,0.9449696323367793,0.9333238285993447,0.9430595681180077,0.9403699761408092,0.9319773123097306,0.9414080245584394,0.9395013958324125,0.9353550227344767,0.9327866607806019,0.9394676292044585,0.9401162892031689,0.935658456649747,0.9431274858887235,0.9431639742478866,0.9277041882547559,0.9377040361428108,0.9378486755539605,0.9421978295961742,0.9346550161226841,0.9384388888289459,0.9391287004018936,0.9354814784720978,0.9441548193338493,0.9391276909985501,0.9362748595092372,0.9315482668905173,0.9438002216453761,0.9341834826286387,0.9360946385946293,0.9367446691426604,0.9408951906504128,0.9358956114260504,0.9352043681744205,0.9396807858402567,0.9404203391405872,0.942923730544148,0.9326710959772015,0.9458393719980347,0.9402103921255196,0.9372536851987958,0.9381772540012242,0.9345294219685061,0.9423259658970029,0.9330777510448496,0.9370206029801393,0.9419969373541581,0.9417034129415558,0.9438011750786843,0.9351094736868959,0.9356935177594894,0.9418196743930596,0.937828939560773,0.9417656386347825,0.9360277708921115,0.937727880332574,0.9371522810143519,0.9381551510048702,0.9427798092866626,0.9353265466747979,0.9371923869865129,0.9397808408244362,0.9380310624842019,0.004493352063065375,29
219.60647453069686,155.9323507457449,0.8142739319801331,0.8206061741881805,0.0026846804224504644,12,0.4550314667107316,2,4168,0.8949247081955471,"{'learning_rate': 0.0026846804224504644, 'max_depth': 12, 'max_features': 0.4550314667107316, 'min_samples_split': 2, 'n_estimators': 4168, 'subsample': 0.8949247081955471}",0.9233195142298279,0.9265198214687655,0.9373450999603951,0.9356253595513957,0.9304729140786461,0.9341386603770789,0.9284443241317135,0.930820799313913,0.9210318094363122,0.9342104121254061,0.9332522673151944,0.9240386320080347,0.9328378719361448,0.938736157955604,0.9289708010443982,0.9354469882648522,0.9321552938241124,0.9245201941771984,0.9262213630883673,0.9352694333959017,0.9250820462275321,0.9454578674749217,0.9189008561891071,0.9348570786008988,0.9282714771240719,0.9372905388370795,0.927887339187406,0.9265896606180279,0.9326274323484395,0.9177865408604071,0.9261754062951221,0.9306967405365909,0.9345008364614249,0.9187577722073754,0.9356037707599067,0.9209103379260105,0.9251448579870504,0.9378525299115825,0.9306845911503865,0.9368274267938143,0.9269231379377626,0.935079688311614,0.9358141383217031,0.9265485846090605,0.9331695897548976,0.9316816927081769,0.9297591460778615,0.9257937069209785,0.9316688740459872,0.9330090108163224,0.9291778944507514,0.9371927563906505,0.9355446271804992,0.9196952901480271,0.9321607024981993,0.9302804406926682,0.9356309990143827,0.9263973177800057,0.9302570019947116,0.9321432789797979,0.9280012194919522,0.9373987162811906,0.932344929868534,0.9283670238862893,0.922937884046417,0.9362819797153858,0.9277112703931977,0.9301227846487196,0.9287178812457578,0.9359567953492232,0.9260671513729779,0.9274344050746046,0.9334511470543374,0.9334953151771723,0.9366578819056892,0.9254672299622027,0.9398246961940829,0.9339481964695018,0.9305347718524412,0.9295708777885772,0.9270704113470308,0.9358808698569548,0.9277140148240841,0.928776602403559,0.934334850199146,0.9341267143300872,0.9365905560495087,0.9276707050097122,0.9263061615046236,0.9349187262767154,0.93167807751391,0.9366648366945454,0.9275451316121597,0.9297155619899947,0.931032410723338,0.929694571737198,0.93473234421628,0.9274957032243435,0.928976301313007,0.9335696415633711,0.930719970539823,0.005051600108227463,134
160.55326800346376,95.3212424311879,0.333508768081665,0.33658729460116177,0.06816192225818918,8,0.676395388049102,2,4168,0.6576754457013049,"{'learning_rate': 0.06816192225818918, 'max_depth': 8, 'max_features': 0.676395388049102, 'min_samples_split': 2, 'n_estimators': 4168, 'subsample': 0.6576754457013049}",0.9283463391984872,0.9304503897763308,0.9397014059452166,0.9380795430318066,0.9337784972981757,0.9372600217341858,0.93308619620815,0.9355425429074866,0.9258105931144182,0.9342584284184122,0.9377550263841296,0.9263545665768164,0.9344467052231922,0.9397030358240761,0.9388706648756153,0.93859504011385,0.9345418458439565,0.9316614071098523,0.9323258176734515,0.9383808089892678,0.930641478400864,0.9488146183313149,0.9237806390722771,0.9388453551427719,0.9349419244083532,0.9391776097024637,0.9358100660161214,0.9312750447929301,0.9357339725501207,0.9222507772419735,0.9298077168167971,0.9371424678005411,0.9403333357691127,0.9263818177040423,0.9370974529543583,0.9234892389162849,0.930857135914445,0.9415377547474397,0.9358894174412217,0.9409353475630413,0.9323961948740407,0.9378331533809873,0.9382548839488096,0.9289846280513062,0.9357572730364798,0.9337624318356603,0.9306612950497932,0.930942379701258,0.9348674636819971,0.9377779673788202,0.9337265472404169,0.9395551934033078,0.9408676196827058,0.9256954797615042,0.9370152261654033,0.9343036344606562,0.9398981165662025,0.9340421966019237,0.9330153102535862,0.9343203822271974,0.9311305265386711,0.9412552993137244,0.9360703613064014,0.9325309371619053,0.9275878848746314,0.9399754762050755,0.9316042678538624,0.9335041051982946,0.9299716377821061,0.9397313879414758,0.9309611768160565,0.930237190589042,0.9368194103276098,0.9365460450447438,0.9383815848198452,0.9261390681227576,0.9424809501903135,0.9381489495451468,0.9309857523681577,0.9360681926556874,0.9314247997831733,0.9396076624633997,0.9325180785758099,0.9332327824017261,0.9393647617814078,0.9371462796294304,0.9401209104450113,0.9304340363597835,0.9314383647736921,0.9383806214771336,0.938013262517012,0.9394915604063588,0.9348764359640072,0.9355040133560504,0.9302998232986264,0.9358626314468562,0.9385778109124655,0.9310681676634985,0.9348503024616681,0.9381357845619082,0.9346784771976994,0.004679584938751542,71
81.91538951158523,63.35495969035188,0.20919098615646362,0.20713119089602236,0.013650592509024203,5,0.6021762684622403,2,4168,0.5634248804179491,"{'learning_rate': 0.013650592509024203, 'max_depth': 5, 'max_features': 0.6021762684622403, 'min_samples_split': 2, 'n_estimators': 4168, 'subsample': 0.5634248804179491}",0.9307307482327335,0.9373230183942177,0.943973494910662,0.9409655669966289,0.940571184060187,0.9406465866820122,0.937333976423002,0.9419378369860315,0.9310178153708595,0.9398137981804832,0.9401400407788258,0.9353437002305314,0.9387459273848622,0.9424475606481753,0.9385199317431645,0.9420928946716909,0.9399927451211305,0.9351742224376094,0.9376459080257583,0.9417476704937111,0.9342336239486396,0.9486109318767438,0.9272341669619354,0.9423020310937389,0.9390648032648284,0.9446280056460158,0.9394686085243336,0.9335468210434025,0.9417737201446764,0.9254486019606081,0.9337514791049302,0.938631136717422,0.9419623186760449,0.93043831499121,0.9442704655464784,0.9279418906414035,0.9357507614335476,0.9462240085295006,0.9378764604584005,0.9478009388544159,0.9357602636189282,0.9429811859390202,0.9393240040651933,0.9318123960777965,0.9419053882917279,0.9401082342999539,0.9379726847109758,0.9350642280825949,0.9387214667439401,0.9410610072847083,0.9364351050068547,0.9438509952721423,0.9446660794495716,0.9287492796376229,0.9387059539019804,0.9380111436724359,0.9422199643867963,0.9360984886185746,0.9398610776012354,0.9405879748459165,0.9362272681382875,0.9467763360931536,0.9398826110822611,0.9379971765873597,0.9326918372604281,0.9446195865921521,0.9351682979182798,0.9388010867270297,0.9357571289586635,0.9399798434804283,0.9377307185863882,0.9366206909961989,0.9421630628874196,0.940073626431933,0.9443773241435582,0.934666159376032,0.9451201921278145,0.9415248687508572,0.936403887192178,0.9393940449335002,0.9372404765638659,0.9434607604930924,0.9329187291597214,0.9386428570557532,0.9421328667543922,0.9417173762759266,0.9411856553148937,0.9362245442631405,0.9377621195917347,0.9423566662039284,0.9378991316439413,0.9421087583485807,0.9367828182549893,0.9412467159584028,0.9342829479508993,0.9392347826758751,0.9413661590543101,0.9379145865387272,0.936584754474652,0.9411051799579055,0.9387916427349718,0.00436200957308332,17
161.2239066886902,105.94458378318284,0.2404773712158203,0.2460973054933022,0.12587213119593038,7,0.6077785140010954,2,4168,0.9095589365192694,"{'learning_rate': 0.12587213119593038, 'max_depth': 7, 'max_features': 0.6077785140010954, 'min_samples_split': 2, 'n_estimators': 4168, 'subsample': 0.9095589365192694}",0.9259984601124134,0.9328875910190702,0.9397114905735167,0.9372974409153281,0.9356934553645505,0.9389983017952395,0.9312821273613998,0.9362065042564343,0.9245273543515831,0.9368911401296931,0.9337144528965847,0.9265532259676348,0.9345605872126169,0.9405383830644285,0.9346980043690027,0.9376643151223729,0.9332182116626876,0.9297688554843844,0.9309402729809482,0.937512141830552,0.9305271273628636,0.9446732745609049,0.9203566665248302,0.9363551927231439,0.9336923251492449,0.9388214528328039,0.9312530271103552,0.9326378843419444,0.9385911131638399,0.9217063548828158,0.9241584903863502,0.9342338872112886,0.9366175115252238,0.9251831438197109,0.9377487023958555,0.9196894404125404,0.9256212983315877,0.9422276498818943,0.9330825568728583,0.9390166735737836,0.9311952178552123,0.9387908280386592,0.9347533055013596,0.9254161105507155,0.9376978788348956,0.9371339602173175,0.9312699665604053,0.9274051918795247,0.9332163900951449,0.9344024553433123,0.9294601750665814,0.9385994738338725,0.9410473249642866,0.9234462926525409,0.9329842199998307,0.93304783545451,0.9385965164717416,0.9313439681622612,0.9324455212829402,0.9366944760697081,0.929686873860297,0.938616541240075,0.9360049704041404,0.9336233711105462,0.9251513226615771,0.9427240041874808,0.930250960192559,0.9329415097943305,0.9309962219683005,0.9370944877787586,0.9328143175891525,0.9311139958425003,0.9365036936793848,0.9362812642585309,0.9417947834495355,0.9266616436736144,0.9402119907089568,0.9362820321291059,0.9311349160499889,0.9355536496789923,0.9284003919790323,0.9359531852208146,0.9306906747336224,0.9351257196210522,0.9367510919964737,0.9358421201497854,0.9385998783370211,0.932392059036003,0.9286354981356544,0.9399453498910523,0.9369133799773707,0.9383666348552123,0.9307510579043202,0.9325744482568108,0.9342309324535094,0.9319819847522607,0.932854316297867,0.9319609865260782,0.9316581291344809,0.9382716282067903,0.9336114521609212,0.005036399786942055,92
145.16691720485687,116.04864152374006,0.1425291109085083,0.14048897165429178,0.02509349191067395,5,0.8924307710242201,2,4168,0.8116205109603296,"{'learning_rate': 0.02509349191067395, 'max_depth': 5, 'max_features': 0.8924307710242201, 'min_samples_split': 2, 'n_estimators': 4168, 'subsample': 0.8116205109603296}",0.9307746729935463,0.9368297428816019,0.9435566137694148,0.9395201070019878,0.9407642120513945,0.9416814513195678,0.9350557605622201,0.9412781452748595,0.9315389515260628,0.9401612351825903,0.9410763067644844,0.9351616698777377,0.9387601317734545,0.9436925335884145,0.9415994367433931,0.9409226097328014,0.9386092311406313,0.9346268088343517,0.9367412633946849,0.9422070385425739,0.9332326004511463,0.9486197705512979,0.9288486428613661,0.9423458966555249,0.9390601550092645,0.9457764398055947,0.9389793605674078,0.9349145010873515,0.9424772217198092,0.9250540183912069,0.9333281355911445,0.9404948978331682,0.941410954656056,0.929198086663863,0.9424620258615111,0.9269869782987993,0.9376570662039828,0.946370542745093,0.9385979644013827,0.9465601454072106,0.9370375372782257,0.9436471934235572,0.9402654353436721,0.9316266775588261,0.9409719746693044,0.9392473961266017,0.936338742351026,0.9373390390537982,0.9380916833958239,0.9418537067620527,0.9362106762932598,0.941572663126138,0.945850420529426,0.9289341193909646,0.9398328824481097,0.9387900137267241,0.9424477344099915,0.9357462080644663,0.9397114907898444,0.9406534023188273,0.9369359306400946,0.9459060488582204,0.9403443291153697,0.9395763636466534,0.9334171233431738,0.9444926696048318,0.9359323444025298,0.9401152479647782,0.9357821710940889,0.9405806973514507,0.9384075472897389,0.9382503957498988,0.9416317263988461,0.940227644317816,0.9453127512473221,0.9356274280877696,0.9442351795485527,0.9420060466054366,0.9368329555629857,0.939653728715846,0.9364811608148739,0.9425115135003135,0.9326030088216863,0.9383546613165513,0.9428696679012508,0.9415048199168524,0.9422812496844666,0.9356499573561464,0.937722929186927,0.9426294096482349,0.9385168160077496,0.9422849085464542,0.9386496470014798,0.941849160718131,0.9349345201414005,0.9407064720484843,0.9410011751173513,0.9392397585588618,0.9371608201146557,0.9421991692651863,0.9389752147999104,0.004349387408941011,15
106.92157303571702,88.79419530754822,0.2677943825721741,0.2722369748454295,0.0024019675067792653,7,0.6582854971984013,2,4168,0.6110251048910715,"{'learning_rate': 0.0024019675067792653, 'max_depth': 7, 'max_features': 0.6582854971984013, 'min_samples_split': 2, 'n_estimators': 4168, 'subsample': 0.6110251048910715}",0.925107225334754,0.9293507393049728,0.939431462541836,0.9371213175279569,0.9344894083877792,0.9352773029966428,0.930927670911095,0.9355751899006276,0.9236567307298619,0.9359949337178337,0.936582918721344,0.9290958651874869,0.9337844667199757,0.9395888876677315,0.933631533165112,0.9372121328342279,0.9352816979556344,0.9284057707318478,0.9292252738168951,0.9372557058460158,0.9278317092628476,0.9457040705029818,0.9221122709631756,0.9379978915912531,0.9336532671371688,0.9404342996458744,0.9333551713357386,0.9281820030054164,0.9364382817450099,0.9194473026664082,0.9274349396655286,0.9346133367101239,0.9372689467784328,0.9224114779127028,0.9388209149985473,0.9237783937107713,0.9284607540254037,0.9417400563561354,0.9328837064226472,0.9399762396130574,0.9290754229661191,0.9371680586677723,0.9351877958724846,0.9285072412437484,0.9359873398753765,0.934827245056726,0.932241993780857,0.928404913381563,0.9356059776845795,0.9347392661857659,0.9309115299068795,0.9397874158780626,0.9389214027530287,0.9228634155583879,0.932407848655187,0.9342203259615431,0.9360806995641541,0.929165509625828,0.9346578342186017,0.9348826061306312,0.9305547897820892,0.9412993326095466,0.9356010349008411,0.9317412298507177,0.9267871316045089,0.9393501745308144,0.9287006716701445,0.9323483219909934,0.9313141391754782,0.9366943440913372,0.9298994090482804,0.9312980892814979,0.934688062575078,0.9354383051824073,0.9394576463487119,0.9286342230480477,0.940204596802651,0.9367216983327759,0.9320051281119553,0.9333058193854469,0.9307014069228777,0.9387216555120353,0.9285478577371303,0.9321353357859045,0.9373752537624982,0.9361122198482766,0.9377091323331491,0.9308070832685967,0.9304623353780793,0.9364169320630026,0.9342357928303724,0.9381961418993945,0.9296384682440234,0.9329500696867976,0.9309995742841936,0.9331841013646726,0.9368183893121141,0.9304093694591298,0.930518997853536,0.9358708961826891,0.9333304027306795,0.004797737542446098,94
78.87533366918564,67.51502644925857,0.25897789478302,0.2618412984388972,0.004212411295973444,6,0.4962833327821561,2,4168,0.5982194135375902,"{'learning_rate': 0.004212411295973444, 'max_depth': 6, 'max_features': 0.4962833327821561, 'min_samples_split': 2, 'n_estimators': 4168, 'subsample': 0.5982194135375902}",0.9267021014641486,0.9315700308282833,0.9415895873088322,0.9393008591960387,0.9366536828749563,0.9372247638787302,0.933263950090093,0.937956431994352,0.927352811313212,0.9368587281685294,0.9388735708091641,0.9311939495778314,0.9360708483998988,0.9398857259335808,0.935398754454297,0.9388932878782762,0.9368688860970515,0.9307168124561774,0.9326878131527134,0.9388627009037855,0.929745797436436,0.9468076829637402,0.9238553367188239,0.9399771232011136,0.9359736086587148,0.9424083222198931,0.9352094108735566,0.9297417623888261,0.9389663639948165,0.9202374556938333,0.9299645424457722,0.9358386287173424,0.9375806131101704,0.9247265468060747,0.9414193866941399,0.9250313189612281,0.9312043113938483,0.943313543968875,0.9343489468519962,0.9435360631287766,0.9311902899344124,0.9385722288705856,0.9371826790284388,0.9302316243244395,0.9378477043894641,0.9369081227781959,0.9352381066666945,0.9303380454257336,0.9361616955839056,0.9371119804603103,0.932926170726251,0.941834001838675,0.9407636218884028,0.9254753027824654,0.934642631552675,0.936177141686156,0.9382466925829547,0.9317507056489598,0.9362993727523948,0.9366259058212302,0.9328193090711536,0.942746008606429,0.9365968836588857,0.932856890941854,0.9296548090731112,0.940941790413249,0.9310383779991792,0.9352584673676353,0.9330027712884489,0.9381092462777731,0.9319124065199177,0.9338252594445116,0.9371588570055722,0.9368942576978071,0.9415719439404802,0.9311298299969725,0.9421052473911558,0.9383040397374437,0.9331608712493789,0.9346540645931601,0.9320624606712264,0.9400537520202515,0.9303289851274137,0.9348319781288001,0.9390027559444937,0.9377506535827348,0.9386294722107874,0.9329047074648126,0.9337627323347686,0.9389565939613187,0.9347537398140855,0.9396397558899806,0.9331608162606664,0.9360959889305596,0.9332505498455292,0.9360737399511363,0.9382051726739024,0.9332592916144775,0.9321369508577132,0.9373711079884336,0.9352930862529749,0.00465983131621045,65
131.61327703237532,113.22684391337773,0.6205716013908387,0.6336287674237481,0.015283945568403533,12,0.4278845090100396,2,4168,0.5984472953553899,"{'learning_rate': 0.015283945568403533, 'max_depth': 12, 'max_features': 0.4278845090100396, 'min_samples_split': 2, 'n_estimators': 4168, 'subsample': 0.5984472953553899}",0.925556264645789,0.9276060799322381,0.9396808101825049,0.9373523341865843,0.9318203812883663,0.9371661030670542,0.9313437655482657,0.9353458063587796,0.9230655858515616,0.9329515106744557,0.9345456146347231,0.9268780283627307,0.9348244924750946,0.9401104519485813,0.9315172237290301,0.9371574018450478,0.934748565120342,0.9263615066669687,0.9296146612494965,0.9378766835478229,0.9268087886927276,0.9459269999442923,0.921999165473184,0.9386801689727041,0.9306462551319452,0.9380763943685848,0.9297599277145037,0.9290189061548058,0.9347616251019403,0.9171735536647293,0.9277929447532349,0.9325517570560712,0.9373648793461185,0.9213393545345024,0.938237424405678,0.9244547993728012,0.9284347303077861,0.9393920463482079,0.9313480470978482,0.9388499930641121,0.9288235517042245,0.9362970481913757,0.9377022863946916,0.9275334067561928,0.9355765546114886,0.934917806258215,0.9293430971089375,0.9269683177125285,0.9331240863376811,0.9348866766029185,0.9297335996902946,0.9395501512076463,0.9369485448469742,0.9217010731004963,0.9325099319192854,0.933003254848677,0.9362126924030927,0.9293210987647569,0.9332945618820901,0.9316808391035021,0.929921374286624,0.9400046863548479,0.9342883683667755,0.9296527152834444,0.9262235581481953,0.9377178404308976,0.9289377714120715,0.9320364308570743,0.930731081487983,0.9368613236213553,0.9286231633792159,0.9295274014943504,0.936434363706296,0.9340285184725993,0.9384426326530203,0.927857763727882,0.9400303299784567,0.9350012325996562,0.931871206450007,0.9335447531560042,0.9292477824323632,0.9394496830936201,0.9287362782610431,0.9324050678849389,0.9378750710948468,0.9355312185674555,0.9372963912216092,0.9283089043801188,0.9286590651763784,0.9373090878566326,0.9333319987072414,0.9380917908881565,0.9300573935077637,0.9316886982408951,0.9333333079887227,0.931668001935433,0.9372869852249872,0.929091021097015,0.9304551152639835,0.9361696988617153,0.9326499868981796,0.004978133771368044,107
121.1590150809288,97.08094170435294,0.372673978805542,0.3807680832745815,0.04009971433481413,12,0.38320658538824987,2,4168,0.8755563048502895,"{'learning_rate': 0.04009971433481413, 'max_depth': 12, 'max_features': 0.38320658538824987, 'min_samples_split': 2, 'n_estimators': 4168, 'subsample': 0.8755563048502895}",0.9207984508189827,0.9252129670955922,0.9360035641321756,0.9323223619708784,0.928646831656029,0.9342910926075374,0.9282109448064666,0.9281554738115932,0.918335615749828,0.9311428182870617,0.9306719184855842,0.923371803617308,0.9314922242061251,0.9373252378999426,0.9289835526997609,0.9340440107864347,0.9299411929458526,0.9223422081242109,0.925998113795411,0.9335880784043868,0.9244474332325199,0.9442428636700039,0.9182123760327612,0.9330184926452956,0.9272787149482848,0.9336324329638226,0.9273848766914521,0.9235266222430825,0.9318013414135763,0.9127201350516674,0.9254838200981581,0.9287253819442869,0.9323769995203333,0.9186314256707063,0.9339210935997458,0.9200595446574554,0.9251223834847306,0.9365084747073095,0.9297111505485887,0.9363961929854923,0.9242862974421527,0.9342846993461695,0.9337638315061504,0.9250063274342635,0.9314233501391983,0.9313128095759114,0.9286048172086752,0.9227185265368325,0.9303282780137598,0.9301910230800411,0.9273722688297698,0.9348731729115689,0.9356301405314419,0.9166103720129662,0.9295049622833966,0.928456577863088,0.9335718622358743,0.9257409404541083,0.9287102475296389,0.9306395114027629,0.9276070877291046,0.9350977996791172,0.9323149817649419,0.9253984880599501,0.9222449171266952,0.9345246541805791,0.9237813635852046,0.9284471534935547,0.9269730515922734,0.9350380699538943,0.9232241319010088,0.9256582004788032,0.9312765491687515,0.932648427528434,0.9334983181326256,0.9237717190734046,0.9363658916467429,0.9331389837600488,0.9279301837642777,0.9269279150895814,0.9249141742146614,0.9362077406737012,0.9248331802548523,0.9272057876707502,0.9316033116106327,0.9305799357098341,0.9348793627635319,0.9250621332165491,0.9260099958213355,0.9340863307944333,0.9297755321762907,0.9351698227721565,0.9252299451216517,0.9268918440586863,0.9307527060905226,0.9275748433134927,0.9324106382768006,0.9268872186973889,0.9267035156844283,0.9305244091125582,0.9290028055009146,0.005151981473628407,156
80.38220680236816,70.38288423205299,0.10673479318618774,0.11526725812676267,0.18787609436667907,11,0.8602497922754564,2,4168,0.8299803333389769,"{'learning_rate': 0.18787609436667907, 'max_depth': 11, 'max_features': 0.8602497922754564, 'min_samples_split': 2, 'n_estimators': 4168, 'subsample': 0.8299803333389769}",0.9097526553876495,0.9118992610077474,0.9265268966353734,0.9271294488389696,0.9216962736386894,0.9269263198367845,0.9149405762100735,0.9158590708717844,0.9112047310189424,0.9238723886060128,0.9230536199487075,0.9115277235436823,0.9212605637883593,0.9267860819595412,0.9223680915142239,0.9275996369154471,0.919751972071022,0.9143405465945836,0.9135880117580933,0.9269851647799143,0.9132621134046055,0.9376970326687998,0.906891206927033,0.9254829198547675,0.918482593051245,0.9281531419999993,0.91662518648561,0.9230104526158295,0.9217149536849782,0.9086680621962595,0.9144311425089615,0.9176620731333686,0.9248702606032905,0.9063861041160519,0.9301267614218378,0.9138324300413833,0.9142647892635737,0.9257985944420246,0.9199039595329768,0.9327406285530618,0.9175953248810073,0.9242501311182695,0.9253744216978574,0.9128164672560433,0.9231137711504646,0.9186947928823277,0.9226170284347405,0.9157219450389424,0.9252859816862825,0.9208176984812463,0.9200583871436957,0.926946791158505,0.9293905885162792,0.9060847801952202,0.922090944356982,0.9219197850194084,0.9245389857259746,0.9218419843769289,0.9212312020616166,0.9220045701875619,0.9173360827269101,0.9286362476772522,0.917400912129377,0.9203809900213415,0.9130388412247297,0.9296774860613067,0.9182675196332248,0.9204604667114118,0.9139336194663482,0.9251563656282109,0.9179541384375429,0.9239623310339857,0.9221444001095547,0.9229921219349739,0.9274091047643902,0.9183987596462178,0.9325228061399599,0.9238195796929591,0.9236622942034431,0.9242873469915434,0.9196377957719659,0.9235024173840509,0.919491093790782,0.9135652896662042,0.9271254101746412,0.9198152617517509,0.9281735366889907,0.9176795650590224,0.9176320184728802,0.9240510334513374,0.9211148686013958,0.9254160091145153,0.9194688456724021,0.9203572980766895,0.9195260619742858,0.9197740702832011,0.9264839304251105,0.9150228312614087,0.9173287796980225,0.9227594310912176,0.9207883598544518,0.005948496016791507,180
107.54177565336228,93.08905429281728,0.3106199216842651,0.3118157832625318,0.07492362316610363,11,0.7511378652206688,2,4168,0.5561794907129796,"{'learning_rate': 0.07492362316610363, 'max_depth': 11, 'max_features': 0.7511378652206688, 'min_samples_split': 2, 'n_estimators': 4168, 'subsample': 0.5561794907129796}",0.9196492510423154,0.9243925149113811,0.9342589413544722,0.9336654795945015,0.9313648880751134,0.9341067463745526,0.9265686866279299,0.9272859883082959,0.9181084388792699,0.9294650626120319,0.9331167768562088,0.9220692033882698,0.9311368518464851,0.9358803026200282,0.9274893495612487,0.9321966751704179,0.9295592172730117,0.9242020363087969,0.9276676840285949,0.9324581751158892,0.9267593977158214,0.9446456430456518,0.9188046136214343,0.9337732767118315,0.9266567224337453,0.9352547879366641,0.9291411254762747,0.922708515875427,0.9309560330984149,0.9167495865132109,0.9234168845614403,0.9291784078840164,0.9345443499212789,0.9199079870605105,0.9311600956223385,0.9170278826095144,0.9215602125288075,0.9354005477863868,0.9306787006927608,0.9358980228788625,0.9268977192736562,0.9321761070561244,0.933020792662923,0.9250064676970104,0.9311297495805211,0.9264319508952762,0.9287270746233515,0.9255619884050209,0.9301234689769048,0.9333113079719947,0.9283820290374569,0.9356244862188275,0.9350847025135575,0.9166544574118437,0.9305249220597172,0.928404648703981,0.9331219533519287,0.9264890073778458,0.9283305249973708,0.9299305110882368,0.9250142977913692,0.9355639278975169,0.9298980926083875,0.9298614659603694,0.9202110704348313,0.9316028776065246,0.9263404065683336,0.926604976388546,0.9248924615485962,0.9322182710676931,0.9257377552860274,0.9235590834475808,0.9289077787458786,0.9313514852434729,0.9346614038789378,0.9238341233431503,0.9380285633142791,0.934121594049355,0.9274995095406987,0.9302556732240553,0.9283236828915462,0.9357783526329018,0.9277472741509761,0.9288740847760387,0.9334375028650647,0.9347383760291919,0.9366796101032406,0.9265500401817441,0.9253068039761931,0.9317897065198111,0.929206448310986,0.9348688744562884,0.926168914331038,0.9305821781518082,0.9279603033597782,0.9295172192618152,0.9321085020044658,0.9254206297571786,0.9282950690830696,0.93283040897536,0.9291014773359086,0.005058677595734582,155
49.09275458335876,46.509774888017795,0.15509549140930176,0.16372819603814848,0.08832582271700674,13,0.428273055863934,2,4168,0.873909678975658,"{'learning_rate': 0.08832582271700674, 'max_depth': 13, 'max_features': 0.428273055863934, 'min_samples_split': 2, 'n_estimators': 4168, 'subsample': 0.873909678975658}",0.9145114683320192,0.9200641655978313,0.9307202650002645,0.925581879481274,0.9251422227253794,0.9300467789422424,0.9244204026547769,0.924629843554522,0.9133392120896876,0.9277947632359324,0.926904268683189,0.9196754086977155,0.9264360934710132,0.9321640488994222,0.9212029451702504,0.9305261694800021,0.9271955007726983,0.9192696867436155,0.919763726232178,0.9270364334569209,0.9203829649248343,0.9413662270201161,0.9114932919466172,0.9280850630170869,0.9246995824872025,0.931042732442534,0.9194591864874455,0.921579482642457,0.9290568590557989,0.911972838170882,0.9233077129719656,0.9237492566918872,0.9285919077112978,0.9097546087602106,0.9300556748852107,0.9166168600063695,0.9181813956674102,0.9327054213169603,0.9253157954786018,0.9333874377172954,0.9224158460476797,0.92885040591421,0.9322945901761162,0.9192987707941114,0.9281655487649954,0.9231410453091289,0.9242562577208124,0.920230568961126,0.9241886262883776,0.9281395863561162,0.9221300209355856,0.9294704207828535,0.930502583231403,0.9135861498495883,0.9244283160802541,0.9264919178096955,0.931440390770163,0.9205574000693839,0.9260879904732991,0.924377432465052,0.9201633312714478,0.9319815707699425,0.9251989853045783,0.9222236473844199,0.9160545219618098,0.9300958818484074,0.9221538844634916,0.9251876269833814,0.9219873778484492,0.9315608688610008,0.9188996533491852,0.9215629841084416,0.9277359320088754,0.9286860345063636,0.9286985912852247,0.9167828577613422,0.9333545366899495,0.9280850882749042,0.9234490268162104,0.9227439008247601,0.9187688518836842,0.9299986246827092,0.9215320357412574,0.9264884471333164,0.9301007116766558,0.9258503194465749,0.9292464027486966,0.9218677155693993,0.9186170784759573,0.9279690495219,0.9266461763019064,0.9308965883832195,0.9208917670563943,0.9238632878614444,0.9250821240111112,0.9226821503397937,0.9289483154999283,0.9218008879660142,0.9257299124208602,0.9299254254541282,0.924707956259202,0.005461771775814593,171
36.27439031362533,33.32926307446888,0.06895573854446412,0.0754102534272906,0.28733328872112207,11,0.6274913356331124,2,4168,0.9388869302141626,"{'learning_rate': 0.28733328872112207, 'max_depth': 11, 'max_features': 0.6274913356331124, 'min_samples_split': 2, 'n_estimators': 4168, 'subsample': 0.9388869302141626}",0.9046610681374117,0.9063643378887377,0.9272987650319904,0.9165171471842595,0.9152174558912678,0.9227945259675094,0.9169794395215339,0.9146412478583921,0.8999345503076415,0.9125678683061992,0.912139489961277,0.9045889207345015,0.9191120257102889,0.9194860354701677,0.9158966199072304,0.9184236788639211,0.920339471168217,0.9043366779936577,0.9078319723417609,0.924331909187522,0.9057373742202562,0.9275610069878936,0.9034826627752262,0.920560498521556,0.9140953245090961,0.9240278322529064,0.9104107203018104,0.9120451161117058,0.9174481368650456,0.8998308844244608,0.9092184164319177,0.9198785426325988,0.9198747329106369,0.9064973777158396,0.9162503076234232,0.9054584257431564,0.9053177432645696,0.9233168770676234,0.9133415611924063,0.9195245606000441,0.9151026719225093,0.9194727881014408,0.9157236373076909,0.9077331444105315,0.921143671921312,0.9170335930728348,0.9167913734892846,0.9103922839681277,0.9181625030739304,0.9184967906494699,0.9134508087280474,0.9246542332867882,0.9193146434426225,0.9013600847237757,0.9206083741535631,0.9160028402165201,0.919043768232254,0.9166694675638996,0.9128963100065776,0.9168699148085552,0.9133455680623138,0.9254269252783718,0.920916501246446,0.9180925502866255,0.9056778795907976,0.9249750596043151,0.9096544194941001,0.9116696835089636,0.9144618028304708,0.9237678696703788,0.908116694390625,0.9149141739551241,0.9173834732699588,0.9175580405228376,0.920012733691371,0.9067251248498001,0.9250155464375202,0.9187599377485676,0.915489031624634,0.9174094978700686,0.9079012670031541,0.921034482964742,0.9083588679300435,0.9099214845411141,0.9243844360548119,0.9117801294149661,0.9245832487176739,0.913034270283386,0.9116139063487099,0.9231273962003514,0.9165737146800922,0.9193378619522881,0.9099937994051529,0.9107226260483606,0.9138129165015846,0.9111052739330446,0.9181421021915036,0.9104019832902087,0.9170867030210945,0.9192293868857984,0.9150978258396678,0.006390225197615926,191
292.7785995554924,192.70814926512065,0.411021568775177,0.4093556938273238,0.03594663627942926,10,0.8880390710398196,2,4168,0.7827852299245324,"{'learning_rate': 0.03594663627942926, 'max_depth': 10, 'max_features': 0.8880390710398196, 'min_samples_split': 2, 'n_estimators': 4168, 'subsample': 0.7827852299245324}",0.9225208880233764,0.9282104777797837,0.9366693597615967,0.9365333390515048,0.9320141054218847,0.9374875655489058,0.9297509845224421,0.9316075142958794,0.9204856936407237,0.9331700873254926,0.9349741624506795,0.9237329188887791,0.9317384116162042,0.9393561496755821,0.9316914828439873,0.9342064970254956,0.933752458504851,0.9262406972425062,0.9282041247166608,0.9350406339612078,0.9270968201655558,0.9461363801032181,0.9221306405104768,0.9333286507588568,0.9299178151461546,0.9372224835806174,0.9310958049534157,0.9282222774171482,0.9332215037255245,0.9216373514828617,0.9267168111968889,0.9310462600872772,0.9369052653091512,0.920443931770339,0.9341699247970567,0.922718431081097,0.928937627350803,0.9385193722284001,0.9342537620944718,0.9377445952435185,0.9291202849878007,0.9352786161979404,0.9378803848443303,0.9255245753688092,0.9323033818264965,0.9327819800020587,0.9309855838810435,0.9276030777875475,0.9350776059937734,0.9320512935383406,0.9312156200371817,0.9367115044035218,0.9362637981656747,0.9216231393857097,0.9310861123605063,0.9316155255187727,0.9350933791747912,0.9274303122392806,0.9322057674737317,0.9328968823249939,0.928953629948635,0.9387175025628792,0.9336317364953745,0.9327914980590033,0.9245561186198519,0.9391551553439931,0.9295614687469842,0.9292765108622012,0.9269904065094406,0.9353483408960354,0.9294307159003425,0.9293759945190024,0.9317444319288848,0.9339602666391564,0.9381870545458715,0.9250467733468359,0.9426250798702323,0.9350288345787918,0.9315587117813904,0.9328935636840842,0.9295057764668703,0.9367714663929742,0.9269128827614164,0.9276419389716911,0.937046115154692,0.9348102906345324,0.9385779189996056,0.9293129746087134,0.924533901119246,0.9374563867676009,0.9335674035747263,0.9371635142445809,0.9288672357254952,0.9300094621209479,0.9296956648218941,0.9306675740769952,0.9363313327385151,0.9289864730842003,0.930410237812766,0.9349697484392745,0.931756741801684,0.0049320515576424815,119
164.07055844545366,118.14215083237062,0.26902112007141116,0.2752342748120736,0.14031304686898666,7,0.9116015530289661,2,4168,0.5801054408836229,"{'learning_rate': 0.14031304686898666, 'max_depth': 7, 'max_features': 0.9116015530289661, 'min_samples_split': 2, 'n_estimators': 4168, 'subsample': 0.5801054408836229}",0.9201964977478239,0.9269609494911417,0.9357848509759825,0.9338998774329081,0.932352762652922,0.9353505438056026,0.9276935343373267,0.9332291824457635,0.9250472920938317,0.9304061503459229,0.9279967413427461,0.9279939013518684,0.9279701117023524,0.9328560668498994,0.9314704675886419,0.9308755106770887,0.9283190907608848,0.9228686155922988,0.9306263847776937,0.9323392226682412,0.9270035511540582,0.9448392567979309,0.9184695113509066,0.9361414597639115,0.9279612521405843,0.9373883245419407,0.9326391779432377,0.9260408972015537,0.9285896786705278,0.922018140026186,0.9295651238147791,0.9287821942869546,0.9329802357745007,0.9168549938286391,0.9358798768168818,0.9205002666412294,0.9300337155557303,0.937916454007568,0.9354004271676989,0.9353508151118743,0.9302501500473438,0.9345624519329734,0.9292559691221611,0.9260403472578201,0.9382390970769527,0.9272532936410047,0.9280327800576198,0.9277535843729408,0.9327099009117609,0.9317436540346384,0.9295886292627913,0.9336849359529618,0.9385097311374663,0.9220440268149459,0.9311470063483658,0.9323854997284511,0.9341483066265897,0.927576647478731,0.9301020596762615,0.9314311306926937,0.9278698220242388,0.9354488291623639,0.9321401306057184,0.9337725253026414,0.9216543243731973,0.9371690257448001,0.9271668671763353,0.9266132296476848,0.9275896378698085,0.9355398211325665,0.9322524008728807,0.9258545626186806,0.9291230267568321,0.9331077537319469,0.9373317054453771,0.9245392976039681,0.9360620224649745,0.9349694261965625,0.9278958767606736,0.9308895571964244,0.9297089312011475,0.9342714820867392,0.9270669980776853,0.9293957614835658,0.9344080655135923,0.9330868662108401,0.9354339343575101,0.9245557476448688,0.9243057661717075,0.9304643090056932,0.9303007944072338,0.934696239067447,0.9234330222013056,0.9338104262241823,0.927500645460851,0.9297443800198041,0.9342459144929671,0.9311261077212385,0.9252197169685887,0.9330679600514109,0.9303788522046816,0.004779956693806067,137
132.52445094347001,104.93438695252695,0.49145190238952635,0.488726059875761,0.0032620046892131676,9,0.5664903042580324,2,4168,0.5709004491856419,"{'learning_rate': 0.0032620046892131676, 'max_depth': 9, 'max_features': 0.5664903042580324, 'min_samples_split': 2, 'n_estimators': 4168, 'subsample': 0.5709004491856419}",0.9296387736401838,0.9329176298965683,0.9425525361665719,0.9399520730922528,0.9363643098098264,0.9388279841625327,0.9339472753326219,0.9381233937497715,0.9273542868811566,0.9377558483009768,0.938243354871496,0.9306254290942947,0.937637054843282,0.9429940165665365,0.936280545366945,0.9396422832356073,0.9378751942986345,0.931933240437835,0.9325684964299921,0.9400978433324199,0.9312975907462109,0.9496898774280522,0.9256404605989961,0.9408862903680695,0.9355638181347742,0.9429260551919478,0.9347844647122538,0.9323928380937718,0.938319842573266,0.9226833229856822,0.9315185730490817,0.9365065382920883,0.9412358674373418,0.9249033333217376,0.9404086680868845,0.9266745043791773,0.9320018905970993,0.94328018007633,0.9366256729560134,0.9428653425820317,0.932668202068805,0.9399077454008569,0.939640466584254,0.9311532756951579,0.9388260991599054,0.9376939215068469,0.93435363311487,0.9311084508072325,0.9375982772449556,0.938268659870919,0.933408193672158,0.9425437698589826,0.9409697200848914,0.9268364935947451,0.9357740652595169,0.9366618641044981,0.93932025706857,0.932843734750411,0.9364836485777964,0.9373131270269495,0.9333825652593337,0.9430842692801766,0.9377806362754827,0.9340732072556681,0.9293323349967454,0.9421737788872531,0.9330039137635592,0.9356556512449705,0.9346770254627139,0.939436055293369,0.9326701993878289,0.9344062826711417,0.9376658480604954,0.9388415926735544,0.9421203873185112,0.9318593411667452,0.9447389820947366,0.9394734410770547,0.9351312231444605,0.9367885016614483,0.9334956534773092,0.9415931722676546,0.9315728211981282,0.9352201596092241,0.940244928262969,0.9395061317996475,0.9409690123963855,0.9332657225498704,0.9320443674698337,0.9393996606595721,0.9369921850846222,0.940735587744873,0.9336335320348426,0.9357437439209639,0.934549096864594,0.935606488222781,0.940066570526872,0.9338104160825115,0.9344321135440731,0.939074030854837,0.9362716093811946,0.004651032113639279,55
222.31623381853103,156.1439107692425,0.30896434545516965,0.29568731550300237,0.017978880263594194,7,0.7577915753594879,2,4168,0.851544284885785,"{'learning_rate': 0.017978880263594194, 'max_depth': 7, 'max_features': 0.7577915753594879, 'min_samples_split': 2, 'n_estimators': 4168, 'subsample': 0.851544284885785}",0.9312670567986313,0.93697067978718,0.9445775321379771,0.9418799637768778,0.9406891544082522,0.9426864754764096,0.9345984555181807,0.9403304055006906,0.9288132903629631,0.9388172344778425,0.9396523761213577,0.9338417899213788,0.9392688844705088,0.9445996007636387,0.940079969094921,0.9413147576873392,0.9386291766576446,0.9354132669754479,0.9366694587491926,0.9415921595936695,0.9334798742738925,0.9502990469142577,0.928125014740496,0.9419152035795259,0.9377631397017103,0.9433903089190389,0.9368305451548536,0.9351132033262415,0.9392468531830607,0.9259580944562709,0.9347670938772545,0.9399162854232354,0.9428157834112469,0.9286254117820891,0.9423790438151611,0.9297369704194581,0.936185398941267,0.9457152284049348,0.9399954744971603,0.9455652738809294,0.9355715970833169,0.9444131929910998,0.9404859373483874,0.9329527019243348,0.9409268145770071,0.9399229292119975,0.937483486871769,0.934923007213093,0.9393437594059465,0.9396696765679846,0.9356981769780828,0.9428465663473651,0.9439760060553369,0.929783160860593,0.9372063590368386,0.938094653261781,0.9420369270449941,0.9338868363470114,0.9388691526679778,0.9416852754756405,0.9355167711167325,0.9459751699043392,0.9395674093838727,0.9384931441280192,0.9321139858030535,0.9451456368076723,0.9361393576303813,0.9386836390113299,0.9357097600129369,0.9405160841939113,0.9366747906826126,0.935636678851714,0.9397189874390464,0.9404993252837489,0.9449347846243283,0.9334278459021961,0.9463153443089437,0.942063791617103,0.9362083814702828,0.9384049701220373,0.936276553981723,0.9436511871850014,0.9333152945229428,0.9376195901438275,0.9427803521401886,0.9421916203685554,0.943262792460499,0.9360186013361571,0.9353944573455959,0.942467547091446,0.9415846619301302,0.9437325270055861,0.9358599523583717,0.9392797440694409,0.9355710445592254,0.9388807418695899,0.9417715626206259,0.9353522941044806,0.9362376971418733,0.9408832212411365,0.9386316845602342,0.0044561313135629615,20
196.726259393692,139.6861244248489,0.7607769799232483,0.7577273543732925,0.009806240235313657,13,0.5414693009621911,2,4168,0.6923199457362502,"{'learning_rate': 0.009806240235313657, 'max_depth': 13, 'max_features': 0.5414693009621911, 'min_samples_split': 2, 'n_estimators': 4168, 'subsample': 0.6923199457362502}",0.9236837862721115,0.9279459938765202,0.9376178193295643,0.9359428811139745,0.9311386849364045,0.9349788104633807,0.9285571619628845,0.9316334806127833,0.9212576491082075,0.933837681743196,0.9337805983776254,0.9246504148279057,0.9333363228730608,0.9396593368889613,0.9303971685994343,0.935867401028441,0.9332338276870209,0.9248927899787218,0.9265181725608621,0.9356006995316202,0.9259481035651252,0.9460905248676953,0.9201978690215167,0.9362066885507137,0.9285593912592084,0.9387052090241783,0.9291263552830225,0.9270689529100743,0.9333761221112428,0.9186602132904768,0.9256446351505843,0.9300983090671401,0.9359473273939658,0.9193795253105027,0.9367422663136229,0.9215840342074998,0.9255858639274098,0.9384524181241637,0.9312368943540289,0.9373490788714327,0.9270511517006138,0.9360332224870558,0.9368859754220377,0.9275840695809336,0.933825771478166,0.9324189620474437,0.9281792909500006,0.9261671107361402,0.9318508533831655,0.9327494814731914,0.9290437966248944,0.9386871479100508,0.9361727222564286,0.921294422455489,0.9315332495481067,0.9302849485787953,0.9358729830047318,0.927196697765682,0.9314615844420987,0.9330952936668423,0.929843064586969,0.9377172069786363,0.9324599293592484,0.9289034443505387,0.9238538488878465,0.9365556542278366,0.9276905618684088,0.9301783856772633,0.9286881319796128,0.9372654140183565,0.9264025420247319,0.9272520300331109,0.9333708254666612,0.9342797345596758,0.9378056151375127,0.9262660728803023,0.9406564314277105,0.9354444576689369,0.9317461379901191,0.9301299278953856,0.9278921729243567,0.9374671111015367,0.9286503567164456,0.9296412136299321,0.9344910432056266,0.9350796896701441,0.9372069050673694,0.9283540099816505,0.9266013704405268,0.9351664588263241,0.9310773380058627,0.937039339227016,0.9280570315042609,0.9303291036303645,0.9313818275366714,0.9301189200585582,0.934337991181786,0.9276354210924367,0.9303086696563987,0.9334036204886507,0.9312862821085293,0.005089181986660911,129
344.67532099962233,195.68041907410927,0.9451940989494324,0.955100095048613,0.002176486797469943,13,0.8261528131375593,2,4168,0.7664813868239325,"{'learning_rate': 0.002176486797469943, 'max_depth': 13, 'max_features': 0.8261528131375593, 'min_samples_split': 2, 'n_estimators': 4168, 'subsample': 0.7664813868239325}",0.9211740394494934,0.9247069467093609,0.9359034006246344,0.9347272635345726,0.9298537198996717,0.9340734325828988,0.9261497424206655,0.9271135051743373,0.9199154154343957,0.9334014290846757,0.9326028213921994,0.9231127457593582,0.9294867683310009,0.9368007074515174,0.9288583830070039,0.9324252221309438,0.931179230049173,0.9242874856337014,0.9232468864255178,0.9344981443075953,0.9247272437816172,0.9452952346576654,0.9186699662799042,0.9328700680107826,0.9263973982405598,0.9357908107212022,0.9276200842360668,0.9253869998685388,0.9307478678107589,0.9158958765984876,0.924942634970352,0.929207980402997,0.9335568505604985,0.9169212311368315,0.9323233736527006,0.9202757256360338,0.9231122499874032,0.9361811464209744,0.9306304660215012,0.9353989803826167,0.9262679106219553,0.932582141849067,0.9361460408338912,0.9241157593703884,0.9301445301066146,0.9275862931019317,0.9282355154223598,0.9258242082635053,0.9321696172178666,0.9301532858508847,0.9288539495530048,0.9358856718621807,0.9346035233712888,0.9178310643445313,0.929519943040607,0.9281545311607075,0.9331749783767121,0.9252792031967433,0.9287287796442739,0.930779046320451,0.9267689094979722,0.9362335334804177,0.9308041851092237,0.9292201373898045,0.9187538080109684,0.9366798566258929,0.9271590616305475,0.9277116785555978,0.9258935351552464,0.9335638731817189,0.9269753946113704,0.9269991913383884,0.9299973966351813,0.9315009228206526,0.9365419023781459,0.9229821850586155,0.940137277432511,0.9332376004262841,0.9289707466956539,0.9292639931119439,0.9269128512520193,0.934748135525026,0.9269995719927524,0.926821970558092,0.9330264632994781,0.9329807641444712,0.9371222061009837,0.9268132894223648,0.9225703251433611,0.9343062891174042,0.9296699164648037,0.9354967654473794,0.926499463753511,0.92803341415085,0.928038234339888,0.927436331450705,0.9335539057537618,0.92659836716366,0.9290416137634351,0.9329815602653705,0.9293455210054465,0.0052264354900201804,152
74.69700980901717,69.38386820149302,0.2962583255767822,0.30709656968101073,0.06777858563396964,8,0.3922157199544671,2,4168,0.5830073928577384,"{'learning_rate': 0.06777858563396964, 'max_depth': 8, 'max_features': 0.3922157199544671, 'min_samples_split': 2, 'n_estimators': 4168, 'subsample': 0.5830073928577384}",0.9256806973481525,0.9276900266481839,0.9424157787084027,0.9390477948391228,0.9367167700335892,0.9373864540685372,0.9334682751850834,0.9355488567577951,0.9246314910829986,0.9333355037609821,0.9352300568812768,0.9274468481728687,0.9352695446097866,0.9383173428825656,0.9344714527623751,0.9360608229916657,0.9349893338737559,0.9296895930100078,0.9285285084921308,0.9386382748365384,0.9305551159290955,0.946081928824914,0.9228811152454054,0.9396772525984246,0.9330030575117123,0.9402588704579972,0.93282304415479,0.9320857050357682,0.9374383548534395,0.920068760053129,0.9292868233782888,0.9337530338001468,0.9400886539231347,0.9217660400632356,0.9399031214217777,0.923792169375149,0.9316588362435603,0.9415272685278326,0.934901069041895,0.9401623877857727,0.9310352124345587,0.9378394045253009,0.9387613784487739,0.9276342611860053,0.9370121576753117,0.9372796228868232,0.932809552166908,0.930655040371815,0.9342583651183927,0.9345024494659135,0.93431334962924,0.9405397164971906,0.9406765813568521,0.9252052605180731,0.9330935990134872,0.9346417525586286,0.937474163558463,0.9329519409461919,0.9359344163704416,0.9339443610127258,0.9297429915223436,0.9402202685593,0.9315424471606643,0.932725274975092,0.9250049315004308,0.9403977395484595,0.9330444232525559,0.9353433630286738,0.931745466459859,0.9366189716562705,0.9323561796921678,0.931413273883661,0.9407234919318728,0.9362007441050512,0.9402186009005414,0.9281323522013611,0.9426061653109509,0.9354734105573503,0.9329917977755775,0.9358995120585929,0.9314265618713994,0.9391868837158132,0.9317031935724013,0.9352409633889012,0.9395816130301877,0.9343584920547389,0.939475578886799,0.9294852947599804,0.9295175136716336,0.9347653294335541,0.9333793152868556,0.938827922022861,0.9344948030879586,0.9347170565336419,0.9311806703820856,0.9345466160300214,0.9381072892375332,0.9305142892604326,0.9323667417691774,0.9375105066499945,0.9341962666163913,0.004900405427436808,77
180.0273954176903,132.32588806443266,0.598031861782074,0.6320009111675264,0.0026724417314984536,11,0.47022433911113204,2,4168,0.7987739237749492,"{'learning_rate': 0.0026724417314984536, 'max_depth': 11, 'max_features': 0.47022433911113204, 'min_samples_split': 2, 'n_estimators': 4168, 'subsample': 0.7987739237749492}",0.9250888993820489,0.9291176473850089,0.9395225178159252,0.937658760969466,0.9324320308400431,0.9358689859646762,0.9303789479261885,0.9332525028497943,0.9235978072084791,0.9354566635693538,0.935258663029374,0.926486878911434,0.9351265904523687,0.9405721908903059,0.9317530743467337,0.9366537244272415,0.934341934066375,0.9274086937101242,0.9282134983081534,0.9363925939659447,0.9273837910884535,0.9468613362907448,0.9221041037849665,0.937489223531449,0.9309645353720257,0.9393692115917316,0.9303667496373041,0.9286901084784582,0.9347490933933087,0.9193237256226922,0.9277619729822525,0.9325188256390765,0.9371539892931526,0.9208303712466956,0.9373856251875061,0.9235557074969818,0.9271478612774663,0.939622967653533,0.9327550698491168,0.9389007387684452,0.9295398961906414,0.9369513531799218,0.9374167405313153,0.9279503760845713,0.9350763968286817,0.9342154508540401,0.9314900548194055,0.9269973949466203,0.933881042610936,0.9347343692199708,0.930370407888341,0.9388978215143878,0.9372508814498073,0.9219814714126707,0.9334345499656034,0.932397800517483,0.9367232256632271,0.9289017011111158,0.9325880909825106,0.9337218066928314,0.9306990152141089,0.9394636899175816,0.9343742058461257,0.9298728312701408,0.9254895830716274,0.9378308713867172,0.9300711734550444,0.9319763498835356,0.930376934392735,0.9369444426728096,0.9285645372813335,0.929333815827994,0.9346796271788023,0.9357142479828957,0.9380446209746494,0.9282799755935517,0.9410899733843733,0.9357733541248561,0.9324304154422889,0.9326542736467154,0.928869267573285,0.9379686985090132,0.9289886907956576,0.9310630747192327,0.9368312239076538,0.9364034336809457,0.9381673459069311,0.9294024782223499,0.9283278278233867,0.9368567391782134,0.934015639695276,0.938151750920678,0.9290299262330447,0.9317471662069982,0.9320332474811489,0.9317216156802057,0.936527693534095,0.9300274469061869,0.9312777851952811,0.93518085980606,0.9327029429719201,0.0048800436241998235,106
226.8551641178131,131.4894902194956,0.6369677758216858,0.6598653826295955,0.002373675310108523,11,0.7125523766171264,2,4168,0.7699160323593887,"{'learning_rate': 0.002373675310108523, 'max_depth': 11, 'max_features': 0.7125523766171264, 'min_samples_split': 2, 'n_estimators': 4168, 'subsample': 0.7699160323593887}",0.9246648450342488,0.9282628198197151,0.9385280553887477,0.9372224185435054,0.9319806546952194,0.9361186792631768,0.9293894273879486,0.9315582901840143,0.9229797870481734,0.9353280988790319,0.9355258574514596,0.9256845982790176,0.9330669420945217,0.9405651161847614,0.9316147671939444,0.935735438651833,0.9336707415042331,0.9272037492516976,0.926963225382389,0.9364122240642908,0.9276489949662012,0.9471230050818401,0.9215616256697694,0.9360614310202433,0.9301205515597887,0.9390670703587605,0.929862240468042,0.928192728469453,0.9338113124952677,0.9192689692927613,0.9277086402182096,0.9321783488731111,0.936743837325195,0.9209873971404441,0.9361802171079948,0.9220928225098873,0.9270784436478468,0.9389691486045061,0.9326721044955637,0.9381751571140124,0.9290533870033895,0.935890493271669,0.9375277788950842,0.927269068218137,0.9338508318617282,0.932221200140007,0.9309127530952337,0.9276765391690276,0.9343147533924437,0.9344902210812417,0.9304651370115403,0.9383382326063892,0.936637248073756,0.9214132899752181,0.9322170953144963,0.9318244159158127,0.9364915861206069,0.928113985476542,0.9318622193371665,0.9335927660546042,0.9294118035520114,0.9388913615648083,0.9341493115811792,0.9305345710494001,0.9235058331906133,0.9386672381378498,0.9296541219691293,0.9306128317841423,0.9297684787552344,0.9362434898718758,0.9289870870766074,0.9295530345635463,0.9331898998129363,0.9342287137910643,0.9382816319378998,0.9265085049673671,0.9422617858949319,0.9352924991401713,0.9317263300350301,0.9318170029710471,0.92922445921492,0.937159259597532,0.929120414513957,0.9301954740236249,0.935647908482245,0.9355979518790098,0.9384921976330629,0.9288888287119104,0.9268335142276399,0.9364801936599673,0.9332421883963219,0.9375397065936191,0.9289621498902764,0.9312027553791227,0.9307280040446695,0.931892872605533,0.9362135371972842,0.9304004412892899,0.930961355240998,0.9353851458717729,0.9321959667483454,0.0049500242019236826,110
132.91245358467103,100.66379702001694,0.6263362407684326,0.6450148362993197,0.002366196923256197,11,0.48210408355297696,2,4168,0.5991258104919015,"{'learning_rate': 0.002366196923256197, 'max_depth': 11, 'max_features': 0.48210408355297696, 'min_samples_split': 2, 'n_estimators': 4168, 'subsample': 0.5991258104919015}",0.9269075259005255,0.9301881840118664,0.9405242320723938,0.9387898302622266,0.9334425433962329,0.9368520123205518,0.9315258044955576,0.9356269171195383,0.924453772313082,0.935716908622982,0.9370597129517122,0.9281376626476312,0.9359642931350701,0.9411170286382957,0.9328734039692717,0.9379507283713194,0.935711048207863,0.928690587399452,0.9293935561771975,0.9380072477694216,0.928154449467939,0.9471734148667396,0.9231882272159155,0.9390189459842812,0.9323634970039583,0.9405004412360465,0.9312611611033128,0.9299908910621419,0.935598159170654,0.9207494190886957,0.9288047257904369,0.9343047798903487,0.9389216139862657,0.9227090377688155,0.9388707549598543,0.9247651907722628,0.9282893874588779,0.9411465290922129,0.9340168518751805,0.9400262592076143,0.9307326996638513,0.9377643485176335,0.9389901061762213,0.9287285310129482,0.9366091835250033,0.9355906652994332,0.9318003485686858,0.9283734040689146,0.9353863381981433,0.9361571239727918,0.9315886262907831,0.9410097115932168,0.9391897965934634,0.9230265262408784,0.9344199972012657,0.9345670937861751,0.937747047592799,0.9302356781518809,0.934294606255381,0.9346960336191915,0.931131475704476,0.9410303790567017,0.935715216328157,0.9311233927915641,0.9268448409333178,0.9395782946221882,0.9304928001737657,0.9327473008509335,0.9322103487587919,0.9382364055459947,0.9296382350740319,0.9310913113627599,0.935640724541478,0.9367624103374182,0.9399975572349133,0.9295629876619284,0.941900338966794,0.9371486415351397,0.9328796358702627,0.9333711778033267,0.9312415382129677,0.9397512315476524,0.9302807173185628,0.9327232513594311,0.9381335880404943,0.9374161433936677,0.939246998395686,0.9307495561995102,0.9288470128309014,0.9373934926589826,0.9347138558846319,0.93911929437921,0.9302694321457362,0.9333495380005128,0.9331893148414441,0.933499963722981,0.938044537794387,0.9313048178968509,0.9323026992905697,0.9368379928893529,0.9339521305506989,0.004880488961646964,85
223.5331907057762,140.81744550886262,0.4038109016418457,0.3926183216011321,0.0021286381843707647,8,0.6943370307769066,2,4168,0.9473678158938548,"{'learning_rate': 0.0021286381843707647, 'max_depth': 8, 'max_features': 0.6943370307769066, 'min_samples_split': 2, 'n_estimators': 4168, 'subsample': 0.9473678158938548}",0.9245621370891136,0.928878952219175,0.938361897099113,0.9367672932782362,0.9321267799101197,0.9348358037462302,0.9291328534126724,0.9330708838534574,0.9219183628483597,0.9349153593021285,0.9344830907939617,0.927579489003138,0.9322127723135354,0.9391129335678052,0.9319704399761624,0.9359049506437729,0.9329975437519132,0.9266589141021864,0.9287397567454176,0.9361790067110344,0.9267770254995991,0.9461460198596019,0.920586168824987,0.9364007742100009,0.9314194142096274,0.9388747170930046,0.9304304785995895,0.9279203714633706,0.9351133669914045,0.9192136207108789,0.9276840903710354,0.9323610276601718,0.9358186063199302,0.9206756276364637,0.9378589159723065,0.9238276836705717,0.9272729675899829,0.9397750016573109,0.9321299066498635,0.9385885095135297,0.9287386120462072,0.9362545344887099,0.9353463754460455,0.9276488991105234,0.934324778867396,0.9318878491639097,0.9318779720539554,0.927463340083399,0.9353389008251325,0.9330288502725331,0.9304964245918094,0.9380090177122703,0.9372908051404705,0.922031686320357,0.9312564188194914,0.9325451305741761,0.9357768211346567,0.9268207630254744,0.9326183940112703,0.9348431439413761,0.9294309973308058,0.9401086568181869,0.9342736007982766,0.9307387535939939,0.9242844199235337,0.9386182072486025,0.928877580024993,0.9307694969251723,0.9298338143781713,0.9366547096425686,0.9290713517397029,0.9292450164245357,0.9332056723104392,0.9340030232054491,0.9377272838049366,0.9269197976914813,0.9411106242135596,0.934859646546635,0.9312593514157222,0.9318427836448834,0.9283599303516967,0.9376097087249776,0.9272850576887557,0.9294267054221561,0.9366456589904272,0.9356086277681458,0.9371493479448629,0.9294214565812005,0.9288581295276559,0.9364692213793117,0.933630755612737,0.9367603747682878,0.9290091530120814,0.9316208518338936,0.9297390852844658,0.9309973506362242,0.936302614054179,0.9295116464098176,0.9291543309770416,0.934788396956461,0.9321406542410599,0.0048646365558703665,113
30.733896644115447,29.242594520358,0.07286539316177368,0.0794353643986687,0.33768544846210125,10,0.5151492988219598,2,4168,0.8884175121471927,"{'learning_rate': 0.33768544846210125, 'max_depth': 10, 'max_features': 0.5151492988219598, 'min_samples_split': 2, 'n_estimators': 4168, 'subsample': 0.8884175121471927}",0.8992361139230571,0.9028643983120782,0.9168352922712083,0.9135929703090774,0.9156586969768811,0.9126459052085942,0.9113942976217355,0.907260353921682,0.8993362569610904,0.9155337067126368,0.9138341329938029,0.9082293437815383,0.9126265558351142,0.9177233227849638,0.9144769795171228,0.9155376784014857,0.909620801060235,0.8998663394886854,0.9096262809813902,0.9159960356115427,0.9006731090568033,0.9290385010672279,0.9047498756369332,0.9140041997421751,0.9095881528788596,0.9135310950828828,0.9063384825790378,0.9154813532338382,0.9148049051220043,0.8918279522029814,0.9054266296775224,0.9172464092623411,0.9200673247612132,0.8983881487956322,0.9094447614135528,0.8994642490298448,0.9036865756613749,0.9158014101640299,0.9152783744976899,0.9236370623784197,0.9061471447803763,0.9167884198534,0.921287956775078,0.9024010498304538,0.9148017801434795,0.9099487140544418,0.9086207639381955,0.9048376022350625,0.9128782478636248,0.9151436439668132,0.9091104162782059,0.9146903715218528,0.9162158365671832,0.9017409439771156,0.9167002367945641,0.9061708389594259,0.9165217384809926,0.9028794342452897,0.9098567807597472,0.9125332947445102,0.9027640770771764,0.9170238862741577,0.9141134320162494,0.911843379097265,0.9031293591381012,0.9117548151219254,0.9065793675266332,0.9102679905920342,0.909221121996858,0.9185256864963269,0.9135126636484714,0.9067602523380403,0.9074493215860726,0.9096524022000511,0.9193980529771542,0.8980286398203247,0.914462601983524,0.9174598665796427,0.9078708038751657,0.9064933995335993,0.9078510625973161,0.9164404309950439,0.911267875600716,0.9100984337979056,0.9196721163950391,0.9209618047087131,0.9181429578925557,0.904302498091194,0.903706927425173,0.911940507234183,0.9134910233342468,0.9198731714173529,0.91348882594191,0.9133252904668709,0.9067655611710072,0.9044576435779325,0.9148533743668008,0.912532464723051,0.9107245539201704,0.9099253025666549,0.910897821967907,0.006374682308142966,196
105.10305291891098,81.33549372933285,0.2285492253303528,0.23701032829331214,0.13067257002449995,6,0.5488674955512713,2,4168,0.6741671111544656,"{'learning_rate': 0.13067257002449995, 'max_depth': 6, 'max_features': 0.5488674955512713, 'min_samples_split': 2, 'n_estimators': 4168, 'subsample': 0.6741671111544656}",0.9276881947870773,0.9318461113006038,0.9390242167272533,0.9365193438439244,0.9356380545295624,0.9379256002064444,0.9334880993939996,0.9373892662320287,0.9240992341157479,0.9333273335087897,0.9330190206439097,0.9275659507007954,0.935485262853044,0.9361687579497927,0.9358025377171869,0.9366395106212967,0.9330635906857432,0.9293054118247004,0.9345238093035548,0.9357251713754742,0.9249159357844745,0.9428831225818782,0.9199388049380375,0.9384045003446779,0.9371874634653052,0.9401332627967663,0.9297711356316334,0.9320280895919322,0.9352482427755197,0.9199252471895901,0.9303742330151215,0.9325249187258792,0.9382171904206448,0.9225202268664191,0.9355780086161049,0.9195288214562806,0.9290471220022666,0.9386364734817585,0.9343061123049441,0.9415171645410659,0.9291409049455707,0.936935732929343,0.9313303137305754,0.9276124576957283,0.9347144638840239,0.9348705009222589,0.9309777936462345,0.9304008783565194,0.9354190840583781,0.9355426473837111,0.9287881366289152,0.9390600224920245,0.9393662158194983,0.9230531193818736,0.9294405468951233,0.9336256264799583,0.9358217301053712,0.9314171214415141,0.9331420166208262,0.9396898899357954,0.9294553961929553,0.9403196368374483,0.9360500447447543,0.9347878908236301,0.9253016680946334,0.9398894104787783,0.9299298821496247,0.9330325218396263,0.9315219931090933,0.9357191473024092,0.9298751264212498,0.929131846324802,0.9378214894397364,0.9363782545383756,0.9429559922532369,0.928855983293047,0.9403874274772013,0.9361773658306405,0.9317560533268716,0.933070133046411,0.9287106850434304,0.9347944787824626,0.9287333298110535,0.9346066170528391,0.9349238007466327,0.9350308823845453,0.9379368722861291,0.9310458876725417,0.9303968751321623,0.9362248856490185,0.9312084678671263,0.9369663978064325,0.9306354881531497,0.9366548239739265,0.9308041819383575,0.9339145907599795,0.9394408285453305,0.9317643963231841,0.9289689276300376,0.9383321885313058,0.9333079162781865,0.004887480579790106,95
51.6678780579567,47.57394695778901,0.12928450107574463,0.13986514377882497,0.1272092075710441,11,0.4752642182644895,2,4168,0.8186143880429952,"{'learning_rate': 0.1272092075710441, 'max_depth': 11, 'max_features': 0.4752642182644895, 'min_samples_split': 2, 'n_estimators': 4168, 'subsample': 0.8186143880429952}",0.919478499882115,0.9199039129123241,0.9337490836393568,0.9260907635280957,0.9267742348014453,0.9295919079572115,0.9221745140648278,0.9258600745900123,0.9179793706003818,0.9285542631497068,0.9287075988577324,0.9194214603519902,0.9269497378215106,0.9307096768750154,0.9234990142916228,0.9281137161171799,0.9256747715225773,0.9173211269551242,0.9216552029807865,0.9253298321932002,0.9209464063528126,0.9379639764240342,0.9118141378048881,0.9338250503290274,0.9219997851999931,0.9347511029014343,0.9216763508477391,0.9228922192440553,0.9241681520099998,0.9148618907013589,0.9176112878774395,0.923612118383374,0.9305071130019976,0.9111014034253775,0.9266383339332558,0.9188535074383403,0.9173314423138555,0.936867583214094,0.9271217994626946,0.929295499773463,0.9185290356166333,0.9291682294037158,0.9285178119210009,0.9233815580359409,0.9299008538447151,0.9273132661105192,0.9236198096729019,0.9204499646310623,0.9288741931446634,0.9288034804951742,0.9224922835721118,0.9313371898734663,0.9296672682028484,0.9138367488757341,0.9263246544597925,0.9250777620850074,0.9254629215549927,0.921968957780327,0.9295233247289751,0.9262949821994048,0.9201799161672092,0.930615987019712,0.9302395263418987,0.9218354771819454,0.9110510196707083,0.9294802838301369,0.9218773066455048,0.9252216571856925,0.9195394521838905,0.9303722464133675,0.922762919425834,0.9223285164349836,0.9283977629792401,0.9265273141362179,0.9320343695137003,0.9195617583596816,0.9347276348103197,0.9288365895746324,0.9267307209360744,0.9230203984511207,0.9230991066359904,0.9295356576746419,0.9213388190835394,0.9204942934356831,0.9320365955520645,0.9312833688528364,0.932027145755616,0.9232795129412257,0.9204501606156706,0.93064964701111,0.9249889733048609,0.932548484694826,0.9188020439207533,0.9253500048111434,0.9221650473904393,0.9202805543008185,0.9267300792864686,0.9211208464830658,0.9237856735163688,0.9317010383733839,0.9250893013084281,0.005491102999197596,170
146.41936436891555,105.16320565217097,0.3387347841262817,0.3498328350935052,0.0071527806525984805,8,0.5813957022812284,2,4168,0.774086064977166,"{'learning_rate': 0.0071527806525984805, 'max_depth': 8, 'max_features': 0.5813957022812284, 'min_samples_split': 2, 'n_estimators': 4168, 'subsample': 0.774086064977166}",0.9310479750354697,0.9345894418140769,0.9431443249685064,0.9416959971002478,0.9380478616603934,0.9411404680175257,0.9348819268134289,0.9396635288987849,0.9292388059732538,0.9385252420538961,0.9399525726183527,0.9317755920233253,0.9391603318139372,0.945165022440261,0.9383529746145892,0.940732754214439,0.9382706087683296,0.9337536348710456,0.935337812192614,0.940613327076517,0.9328053843634184,0.9505512870853018,0.9281974212158167,0.9420792999786497,0.9366079783811591,0.9436572339542141,0.9359780569437606,0.9340367735625362,0.9409895329528581,0.9246648218047089,0.9333449944901081,0.9386280956912042,0.942145995621455,0.9270337419267958,0.9422806233024197,0.9284525449567048,0.934724914246597,0.9451581701696555,0.9383946011825409,0.9444047999276866,0.9355192399749541,0.9429311231838229,0.9408642745311484,0.9323308687369777,0.9406762939132738,0.9390979329126349,0.9357989518781399,0.9327077785432952,0.9389766361704068,0.9399727805500188,0.9356166672954275,0.9427810359161893,0.9434202513370489,0.9281245998624695,0.9379544404917506,0.9386569477841638,0.9415578562128408,0.9339727697269886,0.9379248263295533,0.9397668297400062,0.9359238822910962,0.944546548201088,0.9399252347130043,0.9362863144420557,0.9306703236007774,0.9441992399514879,0.9346417385477613,0.9367537921173517,0.936129453417367,0.9408288776541675,0.9347516506116931,0.9356450276471371,0.93897205955109,0.9402220250815057,0.9430997194058534,0.9333466858482875,0.9452504179481577,0.9406217512785032,0.9359629854764924,0.9376816495006463,0.9349767588512494,0.9421535070577033,0.9332232841402125,0.9369179134897105,0.9426044960873188,0.9416336021766722,0.9426296867450906,0.9347975057891391,0.9349999864803024,0.9417484792906193,0.9395889657162885,0.941851085772948,0.9348944755843183,0.9372815829097486,0.9352166288567403,0.9376296912678921,0.9417079815972497,0.9348229246122223,0.9354852147650855,0.9405197403646904,0.9378802146865841,0.004541596772680396,33
182.47593681812288,146.22375648997803,0.29846242904663084,0.29472315222679263,0.008844347597902088,7,0.5947905713280809,2,4168,0.9451569559740671,"{'learning_rate': 0.008844347597902088, 'max_depth': 7, 'max_features': 0.5947905713280809, 'min_samples_split': 2, 'n_estimators': 4168, 'subsample': 0.9451569559740671}",0.9317268953425624,0.9359269334262165,0.9434208516273249,0.9414953420944829,0.9388323574967918,0.9414913513053619,0.9357963541123255,0.9404355394340235,0.9298791624473874,0.9394711478172033,0.9398658700182331,0.9340642926625761,0.9391083227868255,0.9444496464343994,0.9389797831654746,0.9415612183768668,0.9398043354580272,0.9335301035638508,0.9371697004684968,0.9404503839212182,0.9326663483002731,0.9501940690554964,0.9279460652223268,0.9420204480460881,0.9375143269102724,0.9445881562244455,0.9373931194654759,0.93465705479718,0.9407547918381826,0.9254560580561656,0.9337517840119678,0.9386684358637227,0.9424004405324782,0.9274530487242895,0.94321072008033,0.928404860541228,0.9359789610209058,0.9457087848139394,0.9384066991669068,0.9447171603160058,0.9350482652759459,0.9432850065966285,0.9406835096180187,0.9328319362703752,0.9400634060525171,0.9389728108643309,0.9380680787015175,0.9345420598596872,0.9394727760959125,0.9397599418906937,0.9361535329612464,0.9428762572836085,0.9442195047463547,0.9286797168526776,0.9375190708340612,0.938269285600692,0.9420270255597981,0.9330434888032455,0.9381352401717825,0.940346386138247,0.9356849545545202,0.9451131149374239,0.9396342630095624,0.9368049008272106,0.9310602224640726,0.944273173007683,0.9351152438132481,0.9376390475352618,0.9364267392316209,0.9401937041418486,0.9355746424702508,0.9358466339887894,0.9408006458669941,0.9407539642074026,0.9435921778481602,0.933438717880894,0.945000364175002,0.9400044252081793,0.9366224382464484,0.9385751744814147,0.9344791993462312,0.9423909383400858,0.9331345396849584,0.9374952687320044,0.9419689884473871,0.9418228007028708,0.9431026762481142,0.9352492125591969,0.9362528138941698,0.9418653889087681,0.9384105418667178,0.9420393568065694,0.9358006870900629,0.9387760616655005,0.9350761953140045,0.9379507889375596,0.9425682761252345,0.9355334656938855,0.9357100115419468,0.940187622158496,0.9382531760708441,0.004428952337375663,26
304.02262107610704,187.16579589177627,0.6756145334243775,0.6693243716344499,0.013117518949995733,13,0.7641746250030121,2,4168,0.7304714556406326,"{'learning_rate': 0.013117518949995733, 'max_depth': 13, 'max_features': 0.7641746250030121, 'min_samples_split': 2, 'n_estimators': 4168, 'subsample': 0.7304714556406326}",0.9231276883167787,0.925924544588629,0.9367306975626424,0.934241049815695,0.9310119848193399,0.9352464842938761,0.9269936682277975,0.9294638949062426,0.9202088302985293,0.9339923694868709,0.9328184398010758,0.9244418692244148,0.9301573078196806,0.9376820346311341,0.9290699822619619,0.9339053142523531,0.931434439809518,0.924824682251882,0.9227462305940892,0.9348695175409059,0.9247256322310763,0.9457957293024203,0.9189983696096341,0.9351701111445136,0.9264791055216203,0.9360563734974104,0.9279925367757431,0.9253293373790186,0.9319619119566762,0.9177048224427492,0.9246754248960976,0.9291817119247775,0.9337079070743423,0.918052703802117,0.9337764734813049,0.9200546948958132,0.923561034328494,0.936857100153791,0.9310785134070637,0.9365584675663291,0.9263737238413792,0.9338234193356582,0.9354892537919032,0.9255243557819656,0.931169860760083,0.9289107390458476,0.9297489037661816,0.9255526427213199,0.9320017759435735,0.931119060800036,0.928863332034774,0.9368884788137949,0.934216852576521,0.9191622598336049,0.9295692831999544,0.9283899695685413,0.9343964395638805,0.9267207334006335,0.9298237909618459,0.9308213842576457,0.9265250186643439,0.9377179875066293,0.9310978273960844,0.9289271143347866,0.9203149368316921,0.9375585845435226,0.9281021925236216,0.9281063036798195,0.9273736410025608,0.9348910198304151,0.927343071308778,0.9278630268339328,0.9314094229058572,0.9318180811503574,0.9375756490948118,0.9232738491330885,0.9401697161897347,0.9333684231461823,0.9287641691418801,0.9299859474168529,0.9267279647165331,0.9352458549469252,0.926899887706831,0.9284035226116781,0.9339014443062764,0.9330852543715742,0.9375247319443701,0.9278052291534955,0.9241378735037041,0.9344602846375697,0.9296372447953953,0.9368782398980291,0.9271250382152304,0.9286717812895633,0.9285644263416274,0.9282366310269172,0.9326585145030628,0.9272114646290407,0.9292695896369345,0.9338069765861565,0.929976131893494,0.005184143859597556,144
46.7696559548378,36.36412540867091,0.06176189661026001,0.06684315096263711,0.2565478901666342,12,0.907570519460756,2,4168,0.9451853140288553,"{'learning_rate': 0.2565478901666342, 'max_depth': 12, 'max_features': 0.907570519460756, 'min_samples_split': 2, 'n_estimators': 4168, 'subsample': 0.9451853140288553}",0.9100819893207204,0.9165795098322802,0.9194433354148257,0.9196033065272387,0.9179927773219959,0.9226212958743544,0.9116374452182451,0.90631721346125,0.9058620484285985,0.9134502146487847,0.9181919726949996,0.90709208636382,0.912609433428055,0.9192357131163492,0.9118096983448518,0.9160528278825255,0.917307891049439,0.9089981848090929,0.9025466700278206,0.9213320036746022,0.9085014362776516,0.9296463621967346,0.9041454099224284,0.9193929741138307,0.9070509628226524,0.9215120810537608,0.915781622602086,0.9091898265203192,0.9147824929220064,0.9041311204611864,0.9105617183625319,0.9048568770457952,0.9170259189582883,0.9052593053779913,0.9184459563370353,0.9032706507617966,0.9055170389876477,0.9211862053481679,0.9204127993248702,0.922158603791333,0.9098609417794646,0.9133060265534385,0.9207383359541443,0.9091419978358672,0.9197652975696313,0.9052967882585758,0.9177405750983587,0.9146258222012371,0.9171812949025279,0.9157992206866049,0.9094228323344032,0.9183395183021239,0.9229351227122575,0.8999795320854052,0.9168279504408401,0.9115490920124045,0.9215392896209822,0.905146911232316,0.915751014706435,0.9150170640990732,0.9093022399256102,0.92230250965357,0.9176618441123813,0.917733996501332,0.9007130731040055,0.920265319267001,0.9163242991401226,0.9101555816978641,0.9036480142026362,0.9210539504136136,0.9100149815597612,0.9138347464951571,0.9171481795492465,0.9143368172705867,0.9205490166352674,0.9040951719946247,0.9290365211679044,0.9218253042231379,0.9122591404895941,0.9131437000165179,0.9148588901836627,0.918950219680559,0.9152860655996051,0.912109922620192,0.9232478176804708,0.9134041543221859,0.9207206469000022,0.9101741765900939,0.9108871965239499,0.9219772493927255,0.9171771389127593,0.9208976978421475,0.9167822752187743,0.9147700487085966,0.9151493425292249,0.9092621105791866,0.9166011824182645,0.9124497260788096,0.9171146686322953,0.9188885933793782,0.9143767314022685,0.006193847451639599,192
21.016694984436036,20.65729216446057,0.0851822829246521,0.08840237917496464,0.21698930459598872,12,0.40533579004823067,2,4168,0.6447583685220069,"{'learning_rate': 0.21698930459598872, 'max_depth': 12, 'max_features': 0.40533579004823067, 'min_samples_split': 2, 'n_estimators': 4168, 'subsample': 0.6447583685220069}",0.9051730658431577,0.9068105200971897,0.9256821310005325,0.9157124988806988,0.9145837551704366,0.9171162511832482,0.9096200034179497,0.913810937046796,0.8916018939578483,0.9163936313997195,0.9099985050260038,0.904907434069667,0.9159478210669296,0.9240188192673399,0.9117949756816042,0.9170102955320321,0.9173382150703216,0.9101851950291521,0.9050014233297776,0.9169704706678374,0.9144123459838334,0.9302276399027102,0.9057370392369108,0.9160991682021767,0.9208963125534394,0.9196465239855713,0.909562406608049,0.9078256744790951,0.9209862511660503,0.9014365886149518,0.9089057731348614,0.918447764956908,0.9151230859545031,0.9006935924670801,0.9234416147505808,0.9035994512022635,0.9072719372889531,0.9246270666908488,0.9145061904728746,0.9209496820108272,0.9097650187809915,0.9186930006626288,0.9185013234681854,0.9123273407579097,0.9188049457833657,0.914743332450968,0.9111978111856281,0.9091762282287345,0.914851721672961,0.9149073832407578,0.9173057067653065,0.9151848591576002,0.9161324525168645,0.9082729514763885,0.9135836940643453,0.9116477772113725,0.9237612518326521,0.9082267011309612,0.9125346529771553,0.9180037971304277,0.9070353648642915,0.919806728211697,0.913216527941257,0.9128100155961343,0.911709872071036,0.912287342343723,0.9124797835522461,0.9128094963311623,0.9199256296397937,0.919915457171653,0.9081863501955199,0.9060980188562986,0.919525208677648,0.9139757829446714,0.9220036573150066,0.9046391504359346,0.9195900481810373,0.9201966582113659,0.9153647248204781,0.9108845381715681,0.9147879776533264,0.9217315935305149,0.9065297177404482,0.9168653578537819,0.9206860071326011,0.915127763089674,0.9119572600706478,0.9110475186418412,0.9024494777732129,0.9108420334613544,0.9147792176225529,0.922183410349366,0.9104543027346533,0.909080209022248,0.9168182846574982,0.9065325050003216,0.9203254181545376,0.914469551832474,0.9114349734389612,0.9115415359824528,0.9137380037417091,0.006192199079848658,193
154.06765786647796,106.93457106130178,0.2363384485244751,0.24180755035337365,0.006522891161423848,6,0.8875034670231838,2,4168,0.6414025655083238,"{'learning_rate': 0.006522891161423848, 'max_depth': 6, 'max_features': 0.8875034670231838, 'min_samples_split': 2, 'n_estimators': 4168, 'subsample': 0.6414025655083238}",0.9299672592244341,0.9358397301676639,0.9437291757859542,0.9404054389803025,0.9391815144262452,0.9412736830504285,0.9355345468153883,0.9397707807276082,0.9294557684899616,0.9387806195759563,0.9405958748466419,0.9338739169734025,0.9380886423015316,0.9428822291848258,0.9398701606057007,0.9409661527847567,0.9394201631290803,0.9341178992070646,0.9356616610556941,0.9416833276724099,0.9327989537542754,0.9497988123490311,0.9278175519321539,0.9420894768163184,0.9377342347403191,0.9451087755437146,0.9383234639639499,0.9331680309731087,0.9403070092451581,0.9252802859885195,0.9323525732590036,0.9395340998253428,0.9420242689299456,0.9268913169785076,0.9422485136700315,0.9277014386152062,0.9341489358099506,0.9449256638723589,0.9375676689504863,0.9446067106501731,0.9350038182569347,0.9431514086582107,0.9390974337817538,0.9324159121333345,0.9398453477381861,0.938124495136265,0.9358770487931504,0.9347867991226297,0.9389541836965902,0.9396349012191059,0.9354957842600824,0.9433669893156931,0.9439984883679957,0.9279042745297972,0.9370611582258114,0.9373131342365074,0.941104204859692,0.9328534438744835,0.9393689197748848,0.9400049463401641,0.9356528246737024,0.9449274705163886,0.9397117650082415,0.937969427249154,0.9312993309158073,0.9447253526138751,0.9339035684897605,0.9380067293462698,0.9351027715847193,0.9397130575962698,0.9356982361348405,0.936487084906839,0.93991563082854,0.9404186295411072,0.9448346547319364,0.9336075474963184,0.945825950835338,0.9407107690624626,0.9365859683547569,0.9381977621139983,0.9364905329027969,0.9420281927437291,0.9324890545209881,0.9381984195047703,0.9417183993436677,0.9406913141949076,0.9419774019297964,0.9357348965808903,0.9353993342987187,0.941850976835126,0.9392268086002659,0.9415391947925938,0.9352361309138612,0.9402889278995025,0.9347330218750751,0.9382336489509441,0.9415041187120919,0.9367430699750736,0.935413694371429,0.9407427246203195,0.9380442341876075,0.004520767241864201,27
124.32688838720321,97.04557982750556,0.19553746700286864,0.20471537369277054,0.07119600820859484,5,0.8676183982308356,2,4168,0.5920062724810127,"{'learning_rate': 0.07119600820859484, 'max_depth': 5, 'max_features': 0.8676183982308356, 'min_samples_split': 2, 'n_estimators': 4168, 'subsample': 0.5920062724810127}",0.9267194076885276,0.9334285590506037,0.9453778339235657,0.9397405114928817,0.9393365664733488,0.9383098726105449,0.9343830942280749,0.9388432787205921,0.9290608154237736,0.9373050543267509,0.9376060931931557,0.9321595689401644,0.9384913106606819,0.9391385256735021,0.938728950705669,0.9398357094769183,0.9368992158813454,0.9343747543316181,0.9353372876601899,0.9400315352849802,0.9323314502438667,0.945074420522086,0.9276392711825072,0.9403062462648019,0.939120081137054,0.9432196870881252,0.9381546545299068,0.9319450275006685,0.93797008163454,0.9221353883729402,0.9349601340934971,0.9380301922031972,0.9410953773883247,0.927559681723639,0.9421849104778841,0.9275750605499469,0.9355562643575819,0.9458154116611375,0.9360514987315953,0.9453380785462645,0.9362223372834109,0.9419697049930298,0.9404876893619591,0.9286346094158687,0.9409138648933731,0.938486177856786,0.9337356999410211,0.9348745835988723,0.9334442492815622,0.9387257325696161,0.9357669523672164,0.9401961616443375,0.9423795321479056,0.9268408458593105,0.9328524443852583,0.9344236375523551,0.9391743503355178,0.9356054561570186,0.9379943170162354,0.9375258352835872,0.9321640497700537,0.9430296677175618,0.9357751518705657,0.9369337665565614,0.929432151208432,0.94087027475267,0.9337344273727715,0.938730185768827,0.9324358889236293,0.93782726935787,0.9360565520227089,0.9345302753651525,0.9414571783899331,0.9394960537469299,0.9415609327084327,0.9315727961020486,0.9440352127117955,0.9415664721581728,0.9334148762131481,0.9361175970670507,0.9306439133771988,0.9419715206892203,0.9336135452380284,0.9377712298377415,0.9414191287010358,0.9401457803112163,0.9405033665703474,0.9324022013400637,0.9378288078066834,0.9398268006919163,0.9358432661552917,0.9399261911923548,0.9332743491606669,0.937241069479706,0.9358886641506428,0.9382010317669607,0.9382000512273578,0.9363491696105298,0.9357236080246888,0.9401230934497241,0.9368506261446637,0.00452258307902894,50
124.08754425287246,94.850561722577,0.24580321550369263,0.2573140642926934,0.05254804063459852,7,0.555232056620986,2,4168,0.6995843237115383,"{'learning_rate': 0.05254804063459852, 'max_depth': 7, 'max_features': 0.555232056620986, 'min_samples_split': 2, 'n_estimators': 4168, 'subsample': 0.6995843237115383}",0.93192977835778,0.935081196193393,0.9445580804557226,0.9396964237458463,0.939378418920548,0.9402784491676284,0.9349569031345129,0.9405249541188146,0.9278245408721377,0.9384972945701422,0.9375300566119117,0.9306730229311219,0.9383354182249195,0.9438312436966804,0.9388085546576979,0.9415594115759937,0.9387231854632049,0.9353659533496274,0.9371508040246906,0.9419429925881679,0.9319331990430352,0.9497838222467491,0.92528557730812,0.9428979204303709,0.9380800171922172,0.9429374795637152,0.9369942608043493,0.9336125798282227,0.939389422119564,0.9267210185084301,0.931506403936072,0.9394141452999686,0.9428491596039632,0.9274796893656151,0.9422778916133248,0.92704019417514,0.9355852613316564,0.944823088107887,0.9376662219533138,0.9445722223407433,0.9360670184317039,0.9411658714090093,0.9395638661641733,0.9303404794861441,0.9407529292525968,0.9378172339673324,0.9361520102683394,0.9312988012415004,0.9390535605888837,0.9391158903432375,0.9356909204794259,0.9425336666668159,0.9424110259898116,0.9287221617239728,0.9367195882994904,0.9366356570293151,0.9400024191493365,0.9354526301049197,0.9389262166099901,0.9411627775602088,0.9362170078444565,0.9424013851946156,0.9370547364208691,0.936845475093513,0.9316447348815303,0.9428761559515814,0.9349336993090043,0.9373947270702265,0.9364115969249392,0.9399167891949907,0.9352655035551236,0.9358394765775278,0.9378086072113141,0.9390828037710479,0.9444234187626099,0.9315682830808013,0.9462319356754162,0.9404691292590927,0.9348455526844287,0.9383150528044818,0.9366327640363825,0.942688374781163,0.9325513956895967,0.9377241459506022,0.9418029408048332,0.9425189179332893,0.9444785756039952,0.9337565353400067,0.9357057768339497,0.9403385792235289,0.9380625849291007,0.9422544189826082,0.9362215053206768,0.9382181831167522,0.9348097549490331,0.9395415047014805,0.9420492403805301,0.9327839186678766,0.9367103884155007,0.9396194219645326,0.9377509598109222,0.004581943915802483,36
111.68674862146378,77.58252176662131,0.1788520884513855,0.18124943861657575,0.09665032406866822,11,0.7972056875068445,2,4168,0.7531245817062069,"{'learning_rate': 0.09665032406866822, 'max_depth': 11, 'max_features': 0.7972056875068445, 'min_samples_split': 2, 'n_estimators': 4168, 'subsample': 0.7531245817062069}",0.9188306002576113,0.9256566185321002,0.934477831847556,0.9307348263351711,0.929929554682932,0.9335282477129552,0.9217198952723997,0.925761471929502,0.9179595160256095,0.93119019178723,0.9305348900696281,0.9229508465671178,0.9286249576985669,0.9350809259401265,0.9260097831079593,0.9303283789036468,0.9286323602780142,0.922507206860357,0.9195694743128399,0.9298034554577443,0.9219268894635296,0.9423428982491349,0.918799598730887,0.92917247974263,0.9256723170859561,0.9331103628640227,0.9274821950027159,0.9219410819883205,0.9309404417378931,0.9175717583698751,0.919521452929504,0.925658577250327,0.9275550368975635,0.9143416907408471,0.9324401230739502,0.9171692828117888,0.9196849474671136,0.9376416912033568,0.9282209309399875,0.9333261438256107,0.923280337315584,0.9323790325539435,0.9333216457031823,0.9215045306798344,0.9310274283496125,0.9265797286510136,0.9261518702252486,0.9211627570893811,0.9300628782674412,0.9277038163315019,0.9252152538158447,0.9312159382004915,0.9339728606758627,0.9143558808375924,0.9248304578845693,0.927863975412369,0.9301017890253642,0.9242976514005803,0.9262696414448375,0.930561882377738,0.9257643612803955,0.9330300765644364,0.9270901409821846,0.929099714276526,0.912606074112966,0.933278400956231,0.9251893787056767,0.9242179109444842,0.9236857453242134,0.9349514991044158,0.9242220401682167,0.9240431780129643,0.9266396307177686,0.9252408047134653,0.9336626894647071,0.9220869741859906,0.938261698831981,0.9302835734384858,0.9271653840683542,0.9278529000505168,0.9250043516601747,0.9324726047093763,0.9259894149376618,0.9262272185628756,0.9324871578124967,0.9289093350395896,0.9290269042961941,0.9237623039323116,0.9208946188376168,0.9331074436733401,0.9294023548908633,0.9321190617822571,0.925488929129664,0.925657332036172,0.9247000102040809,0.9281383395273523,0.9295536472611033,0.9245083335870449,0.9249581394149379,0.9317986270045644,0.9271278859439973,0.005336220898795734,163
190.52810527563096,107.39338808921248,0.49689018726348877,0.486857932859433,0.00927551194363054,10,0.5394367958987355,2,4168,0.8499552094674621,"{'learning_rate': 0.00927551194363054, 'max_depth': 10, 'max_features': 0.5394367958987355, 'min_samples_split': 2, 'n_estimators': 4168, 'subsample': 0.8499552094674621}",0.926551068439866,0.9306004460689565,0.9397931263822636,0.9397083484840888,0.9341091074332372,0.9371383954455865,0.9310775991000683,0.9359821957788451,0.9261573889266214,0.9360403781191173,0.9366746763847098,0.9269123815883906,0.9364012452777789,0.9420526829718279,0.932898647346018,0.9374585234805297,0.9361573517572997,0.9282076899383143,0.9308471006914316,0.9376383579711467,0.9290556957374809,0.9478233720314733,0.9230485536223608,0.9382557455114362,0.9320719915290249,0.9401749241815577,0.932059708662843,0.9304973473655286,0.9357851030620302,0.9220022885679422,0.93021833048619,0.9343848293994252,0.9382041784038543,0.9235736667885208,0.9387066667439773,0.9244820700989115,0.929077777151893,0.9418387140943969,0.9345400537680177,0.9400342131364092,0.9308417404512177,0.9387339780567814,0.938605055149244,0.9295126095096082,0.9370220283171864,0.9347938513551536,0.9326008090179574,0.928586424264093,0.9344993283655109,0.9355035609439047,0.9318686664259919,0.9403426723907545,0.9391371631462314,0.9239036188146906,0.9351652881332907,0.9340284645560233,0.938984693171059,0.9299621646716143,0.934577046595397,0.9357161106802854,0.9309724911044629,0.9404968347278765,0.9362038415876044,0.9317326410076343,0.9264721736912235,0.9395249507000566,0.9310176424072315,0.9330365169818384,0.9321290782855741,0.9378317131645568,0.930316796717536,0.9313224935375952,0.9362646870553426,0.9376906740062803,0.9393333232588401,0.9285014733644926,0.9422151084363446,0.9370513584499118,0.9335621563814638,0.9333060577258502,0.9303159977591979,0.9396374661173672,0.929193547434839,0.9318092816902537,0.9388395211524504,0.9375428290707859,0.9393820741004534,0.931260582376441,0.9296897982167193,0.9383512647189081,0.9355759137397568,0.9390872234150647,0.9314111922412,0.9325490148605026,0.9331167307396863,0.932802651132398,0.9378787823775697,0.9316857270614721,0.9319537512682964,0.9356690882237375,0.9340936166623418,0.004791388485861074,80
172.11623712539674,121.16593101899863,0.22621548175811768,0.22864937939066599,0.03549340267615612,6,0.7033526623896479,2,4168,0.903190524455998,"{'learning_rate': 0.03549340267615612, 'max_depth': 6, 'max_features': 0.7033526623896479, 'min_samples_split': 2, 'n_estimators': 4168, 'subsample': 0.903190524455998}",0.9331149703343233,0.9351697508500323,0.9448352313558687,0.9404223807829613,0.9401024087983255,0.9422956747455886,0.9339646275672434,0.9423266031235256,0.9314891610251878,0.9385024023668971,0.9387886910362324,0.9336688953953161,0.9397716354765723,0.9441550413981311,0.9405609090112377,0.94213637756523,0.9389006107034074,0.9356810911322168,0.9372200887524671,0.942383788411859,0.933229051537909,0.9506650422408658,0.9276850157400612,0.9416487139797094,0.9380715042132952,0.9452562690238407,0.937689035797055,0.9343104748445953,0.9404780679597013,0.9258050679415669,0.9344501946606376,0.94064514881198,0.9436828935237263,0.929857409475918,0.9414872605382422,0.927168327705499,0.937550708711417,0.9465209454452789,0.9370533824130145,0.9456761332299345,0.9371545558269735,0.9444714393646709,0.940272065649618,0.9328922975531059,0.9417590473943339,0.9387294702056947,0.9358083433694082,0.9344150412636854,0.938382959765396,0.9409001434282579,0.9351416408502067,0.9426546231334172,0.9450930944087499,0.9300144853486578,0.9381800282898437,0.9378082202388609,0.9426638101832598,0.9349910594102427,0.9384491507286048,0.9412048965758503,0.9366470099062675,0.9459406423943628,0.9396406131652031,0.9375044616675101,0.9323884503357367,0.9457155931794213,0.9359926517026854,0.9396948945566049,0.9367087760231017,0.9405157517827633,0.9375033665945863,0.937933691571416,0.9418324573373015,0.9403095182813976,0.9439033208883192,0.9347066286891944,0.9459165866296337,0.9407300484321142,0.9366121929124611,0.9402467889826485,0.9354448042158817,0.9426524677872093,0.9326966069169609,0.9375621398495357,0.9421301960167151,0.9415859580824164,0.9415144955925485,0.9348527483128223,0.9375075899168188,0.9433026986370319,0.9409323423828689,0.9427278023383026,0.9364605828368341,0.9401706561476912,0.9338400724565261,0.9388949963308801,0.9408491663181233,0.9361466715164989,0.9358665979522889,0.9415554603184757,0.9387254485957485,0.004455955754961146,19
89.98743786096573,76.67046153510121,0.10419151544570923,0.10560817927474771,0.26046422714545997,9,0.7414531099905806,2,4168,0.9447697790075458,"{'learning_rate': 0.26046422714545997, 'max_depth': 9, 'max_features': 0.7414531099905806, 'min_samples_split': 2, 'n_estimators': 4168, 'subsample': 0.9447697790075458}",0.9162775394211752,0.9210532412853573,0.9276278892249912,0.9231453359981683,0.9237457414734351,0.9277509962753696,0.9201830435387808,0.9210985907696447,0.9136314575137842,0.921751183361446,0.9203153908378582,0.9203031562734626,0.9207457773075622,0.9301828612214763,0.9229166394078212,0.9269389100392991,0.9261573132846365,0.9175565574835252,0.9215457012639391,0.924900712724282,0.9174006031167244,0.9360707717000463,0.9118797180814047,0.92156669310685,0.9207901522627261,0.9294962364799902,0.9200314167689163,0.914456951283685,0.9236931379426977,0.9098734055731875,0.9226291387798213,0.9210809052694773,0.9282378045313252,0.9065565155632128,0.929661321172558,0.9116651422847089,0.9156864001805659,0.9298540715984238,0.9262358087882716,0.9288899298446355,0.9217195987586484,0.9237886193857823,0.9192690762888838,0.911878325061448,0.9222824570591515,0.9175625139288086,0.9252298596248816,0.9158790162801508,0.9254562645308425,0.9243546391933098,0.9209529814505533,0.9236201825562108,0.9281133063493705,0.9063596203845816,0.9247316686944987,0.9226080133618302,0.9260115066449912,0.9195154282839437,0.9189876771725312,0.9239715299396686,0.9181282329323004,0.927703016827666,0.9243024744134781,0.9216860063622448,0.9130916136719931,0.9280844178369374,0.9153584168420362,0.9200492983787946,0.9242933046013292,0.9257431378703292,0.9199157930131366,0.9169878862454526,0.9238235629517643,0.9221947019142943,0.9264379574418242,0.909715250474626,0.9325031170236655,0.9258572547855071,0.9192780730720774,0.9199304483458789,0.9228618429192323,0.9282311897599121,0.9153116272264746,0.9185341315547448,0.9267518778331356,0.9292978352559923,0.9330989775933874,0.9209816104906633,0.9166859125095249,0.9286965762601188,0.9207802199346155,0.9260693436673767,0.9193957804083172,0.9231749433542025,0.9204238159328415,0.9205396558274863,0.9228248424908538,0.9215917736613035,0.9193154094418353,0.926886836568377,0.9219241461568106,0.005530713786851327,177
73.8583192062378,60.24488263707799,0.0924331283569336,0.09677344101754679,0.3448534842958974,7,0.7469708979813408,2,4168,0.7976520951608117,"{'learning_rate': 0.3448534842958974, 'max_depth': 7, 'max_features': 0.7469708979813408, 'min_samples_split': 2, 'n_estimators': 4168, 'subsample': 0.7976520951608117}",0.9057165704886055,0.9144081378211834,0.9183921179028686,0.9060811016345223,0.9151204841160395,0.9255367809091621,0.9161380207998584,0.9184952472410854,0.9055203747013333,0.9190027768840747,0.9192816035279667,0.9137145209149031,0.9202770513313753,0.9190081928654124,0.9197621023842264,0.9193389857431571,0.9127432171227027,0.9087375816081386,0.9149764432403122,0.923031140139139,0.910190512395433,0.9289907502822738,0.9042775626683216,0.9221271191200375,0.9139335295082816,0.9217810808727923,0.9173969854718845,0.9161481333569361,0.9208809693801493,0.9052282046483625,0.9137092182696577,0.9193802289951949,0.920426491423064,0.8998959305621475,0.9232943399837068,0.9107234643417785,0.9138108085320964,0.9213997802299999,0.9162330128752334,0.9229875582154526,0.9161204626343931,0.9161981972888208,0.9122278398257538,0.910569038759173,0.9171468847195536,0.919479591958552,0.9159853158939438,0.906260582219708,0.9216488522994731,0.9189252701114573,0.9131972004804981,0.9192478485749175,0.9216501068622954,0.9114254064137572,0.9155446569686094,0.9164809171795698,0.9208193266008134,0.9147871408500585,0.9168677658249448,0.9221719347401173,0.9153104041040303,0.9245007953304605,0.9125669963446008,0.9175264459829277,0.9115658106343814,0.918582491876876,0.9167773345051323,0.9182163241247305,0.9134131161269063,0.9194623083182178,0.9166868190511993,0.9177634133360489,0.9225492704582783,0.918410582770216,0.9248186055408572,0.9040777633640753,0.9254530857885603,0.9201774899548987,0.9167117264481877,0.9186907264000306,0.9179262786448894,0.917435042466446,0.9031162361230324,0.9155750954747174,0.920529976731957,0.9132883657009963,0.9216788159204865,0.9179084371887531,0.9151039792985594,0.9222488558780599,0.9130381329785733,0.9223870376624851,0.9132078655685737,0.9120660404954307,0.9118514365477879,0.9168842265326765,0.9206185616268711,0.912555195436362,0.9162925160735846,0.9197091524680912,0.9164153523199423,0.005363036888242653,189
114.3371655511856,83.40652257635637,0.3571156859397888,0.345076775323346,0.06490559761248617,11,0.5775595837564829,2,4168,0.5992224926594548,"{'learning_rate': 0.06490559761248617, 'max_depth': 11, 'max_features': 0.5775595837564829, 'min_samples_split': 2, 'n_estimators': 4168, 'subsample': 0.5992224926594548}",0.9194899330440207,0.9263933651467846,0.9333691227224398,0.9341457017618693,0.932049371571729,0.9358587477188423,0.9270038902635492,0.9320518680112564,0.9205738455478175,0.9318921034995393,0.9308377784489222,0.9219509060323231,0.9306341555038983,0.9356967517979866,0.9311087326387496,0.9352590652154322,0.9308394219263343,0.9267568235765208,0.925938325988353,0.9339257108345412,0.9250873412214948,0.9429777311631021,0.9164561355884225,0.9359225999542395,0.9270513107690656,0.9333008690664459,0.9297168948526106,0.9285048199458363,0.9308538781425301,0.9176156352275158,0.9239815636316381,0.9317056306856588,0.9356052274181647,0.9198599310149972,0.9345370297432004,0.9229380016319002,0.9275721204603847,0.9361222508030373,0.9314575897318617,0.9356182032501337,0.9290989396780918,0.9340262280177916,0.9330814196335051,0.9255785300717772,0.9351123347380126,0.9297576835228467,0.9301520108376335,0.9251024687638041,0.9306220362174007,0.9323655765794305,0.9265039643358006,0.9353235585960092,0.9339984192397611,0.9202227645710054,0.931047580572392,0.927560318301757,0.9318572830969616,0.9280825555801686,0.9307094265805309,0.9300071371010615,0.9277783118734348,0.9351915705915438,0.9326676492048461,0.9274636735597577,0.9241705006504136,0.9347024528434369,0.9287423342145242,0.9274437382987041,0.92736853744586,0.9338890430870875,0.9261895725813345,0.9273063580087197,0.9319511341205624,0.9328088010727201,0.9373290624910066,0.9251851308929812,0.9381753030054213,0.9316901191582536,0.9294030183713409,0.9299186989239119,0.9298343255652406,0.9351405300895037,0.9271186931410973,0.9287538409203128,0.9369328935327838,0.9353714420719308,0.9355594471315383,0.9295236644025016,0.9252187891213619,0.9330122639251595,0.9285215732270117,0.934017737038569,0.9272734950191578,0.9267909230503539,0.9300072617878349,0.9304844112966545,0.9332407535670406,0.9267009962496846,0.9289402583808453,0.9359758339272967,0.9301066476543063,0.004717365317594229,141
399.2748136806488,219.44449393603514,0.3798140573501587,0.37077108437260414,0.0456889069406599,10,0.8552191987714499,2,4168,0.9446991994527814,"{'learning_rate': 0.0456889069406599, 'max_depth': 10, 'max_features': 0.8552191987714499, 'min_samples_split': 2, 'n_estimators': 4168, 'subsample': 0.9446991994527814}",0.9227781901218647,0.9239459626298925,0.9351668702350255,0.934730266462414,0.9302924564159114,0.9360840619323243,0.9247436331059126,0.9272117577912855,0.920343481939947,0.9317603478102122,0.9327883264280562,0.924625255442743,0.9271170254751339,0.9367532328239963,0.9299956246646262,0.9315556440911642,0.9306365910094409,0.9245604013212333,0.923732691647466,0.9369600891048583,0.9247007985748078,0.9441018619808141,0.9205128008883647,0.9304827973968662,0.928953568113377,0.9358397349343708,0.9273696362893387,0.9251527773526227,0.9308041616584166,0.9179283843620287,0.92792606778278,0.9286306535397313,0.9321360098704906,0.9177427586828952,0.9342021791170245,0.9203310311981787,0.923811464234714,0.9351462249247072,0.9311935882644029,0.9345560631398053,0.92649367755454,0.9335961630581971,0.9345939872613849,0.9250202578136629,0.9302977154793248,0.9260288149581655,0.9301107307464006,0.9271323783127913,0.9342244164959496,0.9302169867888517,0.9279168634950012,0.9349134479637486,0.9352002400890386,0.9185021153115839,0.928393869846542,0.9281003860869943,0.9343824882535396,0.9241255129543986,0.9283965018820554,0.9322990456886593,0.9259807641374528,0.9364322282204794,0.9315810387918468,0.9293368516298051,0.918988997027236,0.9361621398019582,0.92820055379712,0.9293172821130767,0.9267052790849667,0.933299480343422,0.9288054007961204,0.9266328391126412,0.9299843602739303,0.9314549240603264,0.9344179684556533,0.9210514330840779,0.9394127792744879,0.9315468014730106,0.9268985980833571,0.9308653431878623,0.9275606957597128,0.9342123417241158,0.9234972742879505,0.9250535384467177,0.9330540231840956,0.9324101608856334,0.936030061564579,0.9274033844137973,0.9220062086066372,0.9341550093711333,0.9292195952703527,0.9348098631045169,0.9272800114897106,0.9268768336981109,0.9276522691595736,0.9283825120211876,0.9346760618502158,0.9259898383957604,0.9275422640686667,0.9328854282248386,0.9293502251107622,0.005024181167874879,151
101.27049240589142,72.5682002436469,0.4239370369911194,0.43835714707268125,0.03396898874829706,13,0.42126576896820866,2,4168,0.65184405901553,"{'learning_rate': 0.03396898874829706, 'max_depth': 13, 'max_features': 0.42126576896820866, 'min_samples_split': 2, 'n_estimators': 4168, 'subsample': 0.65184405901553}",0.9222903053001442,0.9258923477636749,0.9344359091864094,0.9356768136934874,0.9297222780607938,0.9320176105290826,0.9277892650640369,0.931989318722612,0.920862945345071,0.9325969420771025,0.9316031698067032,0.9224284181345279,0.9311743756558651,0.9371542210528286,0.9276643652422123,0.9344182606659851,0.931283710589494,0.9245094460327113,0.9271462449598502,0.9334255017926769,0.9236260765176239,0.94459284525869,0.9187633120556086,0.9345146049477364,0.9280725502675192,0.9362079962648422,0.9271822325577819,0.926153830088805,0.933338041364998,0.9161418028222947,0.9255420172590436,0.9286515462006182,0.9344287860533118,0.9175337328725363,0.9374704773619074,0.9209518035027086,0.9230241903693738,0.9373960241754681,0.9288444069669914,0.9374418474281223,0.9254751513637947,0.9357875227208372,0.9340851844865768,0.9245395362523767,0.9297784335352642,0.9295207956496228,0.9269359724340551,0.9241510268411319,0.9298527617070816,0.9309453382229401,0.9262120619744139,0.9381660051203741,0.9357173984802374,0.9184839460347335,0.9302734029791473,0.9293817553490582,0.9332921016357049,0.9266106406156237,0.9311686551389727,0.9297920361702049,0.9276507256725065,0.9361691615080512,0.9304570542415098,0.9262425212157819,0.9215125285064176,0.9353967406007822,0.9238976313264756,0.9280297405259,0.9273999632776477,0.9352133581203621,0.9254864016138562,0.9255384180352839,0.9327842245559537,0.9329660408846744,0.9379333830578723,0.924459758174012,0.9371836393463865,0.9329243873427159,0.9292582804156944,0.9304484734005825,0.9261923876490754,0.9353255599687484,0.9272135278132043,0.9286202341608251,0.9340327869901874,0.93169450565593,0.9362360716396371,0.9262792900942223,0.9271649286470147,0.935307521264008,0.9291389736025656,0.9347485979160155,0.9270471553235915,0.9284236012119063,0.9289741101424973,0.9279445083898571,0.9334609135828984,0.9277173885353417,0.9294544807554862,0.9329549394486673,0.9297301321533756,0.005161420004659689,145
186.13080473661424,106.19614326124845,0.3356729197502136,0.34575646319338144,0.0061065658491761335,8,0.9019117290662992,2,4168,0.6577526762343826,"{'learning_rate': 0.0061065658491761335, 'max_depth': 8, 'max_features': 0.9019117290662992, 'min_samples_split': 2, 'n_estimators': 4168, 'subsample': 0.6577526762343826}",0.9299253398477834,0.9341033055431154,0.9438208015701736,0.9410808832809602,0.9380667640625157,0.9406398916513079,0.9343587307844317,0.9386525549412819,0.9287029493970429,0.9388530480153157,0.940377166986892,0.9326807862655292,0.9382270733431247,0.9434214190651173,0.9385622432189028,0.9395683819262879,0.9387762158185019,0.9343790227108916,0.9338321629405102,0.9408456569031326,0.9325798030058898,0.9500338449700353,0.9271669002973805,0.9417474686280572,0.9364880822405659,0.9441652276341609,0.9359334231457228,0.9336439186693355,0.9386726568125796,0.9249093300055717,0.9328343705090051,0.9376701454525954,0.9426680853514625,0.926228110966472,0.9414809337753074,0.9277944510084701,0.9335154601926985,0.9446351832625428,0.9381347897291553,0.9439632311194989,0.9343416058395932,0.9415032377506756,0.9407407870932427,0.9313496110445638,0.939949560656041,0.9369759730587556,0.9367280100121546,0.9330006214192289,0.9394967216026556,0.9386510242455723,0.9349587461323807,0.9432129934185192,0.9429788397424378,0.9276584319234775,0.9361662679602567,0.9383475521212602,0.9411203026896194,0.9334841913302723,0.9379037115192193,0.9392667130758947,0.9335749994561341,0.9444567064866988,0.9390481426745675,0.9375428127125441,0.9292494970517879,0.9443685396167351,0.9337216867976056,0.9364204748719274,0.9351441470051678,0.9400565873410704,0.9356395175071259,0.9348509827735418,0.9391257012661555,0.9397289313159896,0.943416923836677,0.93265240648925,0.9467863361726326,0.9403594707077616,0.935910532748949,0.9384320821794825,0.936099202629371,0.9419188035798128,0.9325441598308049,0.9362075620664431,0.9418008780026466,0.9411697745433726,0.9426895249777961,0.9345898258381519,0.9334874575113944,0.9412101206826686,0.9390973594517,0.9420286422538,0.9350500133272406,0.9374367474715752,0.9338107127572804,0.9375020234509109,0.9412523556572014,0.9346034832114515,0.9358140813752298,0.940657664287158,0.9375043158960296,0.004656389857971306,40
31.402539825439455,28.916726134036217,0.05563141345977783,0.05726240152140342,0.3040333734528999,13,0.8509533928476898,2,4168,0.8376554501964695,"{'learning_rate': 0.3040333734528999, 'max_depth': 13, 'max_features': 0.8509533928476898, 'min_samples_split': 2, 'n_estimators': 4168, 'subsample': 0.8376554501964695}",0.9016875004192932,0.9045332329881183,0.9132135989006274,0.9099706457678001,0.9122356786598489,0.9110164048039607,0.9095484177403184,0.903015587479354,0.8988981159851007,0.9136006453734388,0.9110947217380615,0.9036924536379503,0.9072654337084625,0.9143657688969536,0.9113739907934115,0.9177973811648182,0.9170919677980741,0.9064708607750102,0.9041247545950232,0.9125234982881254,0.9079999401660941,0.9297360595408414,0.902265092207037,0.918597917351253,0.9050193202066569,0.9213320253556677,0.906768401450682,0.9064784563719505,0.9052088814181136,0.9014222210034099,0.9087596068290473,0.9057227750649672,0.912808503462464,0.8930331645946181,0.9124154194035814,0.9002720699913231,0.9021841053450832,0.9114494861343467,0.9132698912124212,0.9149654003752503,0.9054522596039816,0.9149877882242138,0.9120653103640398,0.8973921763086826,0.9101609405942248,0.9052821674511996,0.9059888609624214,0.9094016314661603,0.9093809198127365,0.9147235585525837,0.9075930724605605,0.9176765882957132,0.9159866912094595,0.8941134012161279,0.9117629177203,0.9067379453596446,0.91584898870664,0.9142424759505613,0.9049647595298594,0.9025116120582665,0.9107883660191882,0.913953940414985,0.911510175607569,0.9115276328580038,0.8949359207329975,0.9170304894949008,0.9040531610478679,0.909287730146227,0.9068891733432443,0.915765980887725,0.9043941111306861,0.9071377627559577,0.91155084530749,0.9083711864442247,0.9171756352680696,0.9005384789862031,0.9210989066115637,0.9158462771393561,0.91051163851434,0.9085893712778407,0.9091013216554664,0.9185266911208602,0.9063610103657457,0.9093558401875279,0.9082018191670713,0.9077909921136834,0.9208957789911296,0.905109742585661,0.9007047238784335,0.9142389069412755,0.9078948613073767,0.9122762785823176,0.9107958517704893,0.9018489077206382,0.9126956443669707,0.9085996003599539,0.9112452340638716,0.9114826108508475,0.9096266422732558,0.9149662916844055,0.9094217899682137,0.006135177500346339,197
128.8703870177269,100.76953749504631,0.6456446862220764,0.6524441275673135,0.008429427624238468,13,0.3504096030600049,2,4168,0.8033879229630425,"{'learning_rate': 0.008429427624238468, 'max_depth': 13, 'max_features': 0.3504096030600049, 'min_samples_split': 2, 'n_estimators': 4168, 'subsample': 0.8033879229630425}",0.9214846601757845,0.925712321233169,0.9359142238864391,0.934588268266731,0.9284484183463878,0.9326442933780987,0.9267827727347703,0.9323652398002487,0.919583024715767,0.9334120666814134,0.9326795318137605,0.9226325459125226,0.9328400258046514,0.9376345673712665,0.9269301462328052,0.9344757958541208,0.9315266452651488,0.9232017993849122,0.926152537468625,0.9344577839523869,0.9241852598861962,0.944558523397863,0.9171164608782886,0.9342265380161229,0.9284914136855209,0.9364615031569667,0.9266136098335064,0.9263031279080107,0.9319468021690505,0.9159304706746474,0.9244741698272434,0.9298291776291315,0.9324945978750455,0.917534275147221,0.9356146296830483,0.9203279281130713,0.924003626647231,0.9375528459638194,0.9277271040753786,0.936332234987107,0.9248702858508179,0.9340377276550771,0.9349178760648448,0.9252157901002028,0.9336827717104553,0.9322320704259324,0.9283028954637778,0.9231079163136159,0.9307533122400382,0.9328971163904729,0.9271797027550617,0.9375067851207073,0.9340710166512851,0.9185382184889858,0.931591620945842,0.9295332146344548,0.9342919953043437,0.9261662483452721,0.9311908958038655,0.930244663762219,0.9276069194090215,0.9362851890203474,0.930556791215508,0.9247263612470227,0.924111287214608,0.9334875716328256,0.9258044589129856,0.9281300366743307,0.9269809672753638,0.9347385575402454,0.9230882666241711,0.9270911029907072,0.9315758727062137,0.9334825032989825,0.9346161930559213,0.924103599805604,0.9376309102444494,0.9324405095522044,0.9285541241122044,0.9286473009256697,0.9253509425980572,0.935033014047409,0.9261577240475417,0.9292005848036508,0.9325673765632201,0.9329414084375693,0.9337421859854238,0.9260612338505885,0.9258788148408099,0.9333434728863755,0.9297327076426695,0.9348254930027742,0.9265468729217851,0.928211770854958,0.9310593753957151,0.9293535990841009,0.9340015858806208,0.9256700367450648,0.927827835979705,0.9321642345955439,0.929588518854827,0.005173525610159583,147
115.03857824802398,81.17284315026389,0.17900165796279907,0.18767537769615505,0.011021403932878348,5,0.8360070757116593,2,4168,0.5651090922378933,"{'learning_rate': 0.011021403932878348, 'max_depth': 5, 'max_features': 0.8360070757116593, 'min_samples_split': 2, 'n_estimators': 4168, 'subsample': 0.5651090922378933}",0.9292314720723771,0.9360789150835158,0.9441290117957607,0.9405420077491373,0.9398208352377184,0.940987338517021,0.9356460113974883,0.9400602331392646,0.9311280453278183,0.9394168555491215,0.9411058349511334,0.9339689253291372,0.9384459157609591,0.9418708696300395,0.9398256010488867,0.9420005702922245,0.9399167527217359,0.9355336119927957,0.936607935776302,0.941677264143012,0.9337556467528955,0.94754198708277,0.9285583303184001,0.9429934130379372,0.9387172762937377,0.9457248433165327,0.9392953944553493,0.9330625330931149,0.9419803628993872,0.925036892701002,0.9331439345836596,0.9388374820456542,0.9412263307024373,0.9289899927505993,0.9435313213456947,0.9260074837587972,0.9356001028938047,0.9452375204433134,0.9378740872168737,0.9461196471055496,0.9368710430010636,0.9416685600253188,0.9394803624990149,0.9326414561296799,0.9413437382990438,0.9402385980365726,0.9364322763559492,0.9357643234370412,0.9393291647062803,0.9399130999051096,0.9355240265980639,0.9431602753504195,0.9452617953506706,0.9284250046641451,0.9378591546211027,0.9377423485765196,0.9417396064495406,0.934886041192111,0.9394457367764626,0.9401286988907744,0.9359084795446873,0.944814261145478,0.9401339675153715,0.9378654938361674,0.9325049270492787,0.9434545866222205,0.9348605757169044,0.9390003822673797,0.93563508220245,0.9389450545242022,0.9373961772392144,0.9362228629716518,0.9413005909600565,0.9392330536448324,0.9450114382939463,0.9351210254535826,0.9446778114830854,0.9413360707733546,0.9353053352056061,0.9395109645909661,0.9362631804357517,0.9427779708618949,0.9327871931055773,0.9384670275220541,0.9417788838014414,0.9411422323962052,0.9413576056137032,0.9350321178222685,0.9366275613796393,0.94188419753312,0.9375480489293182,0.9417740483089785,0.9366366426798322,0.939782556590903,0.9346963095588025,0.9387578569821677,0.9401059166609291,0.9373520182918021,0.9355688916230323,0.9404280020358394,0.9383809030435155,0.004347766392317168,25
291.3566595506668,116.51122355758994,0.5740558934211731,0.5696667827762756,0.0074391333649686,11,0.8516445599257112,2,4168,0.756642535067503,"{'learning_rate': 0.0074391333649686, 'max_depth': 11, 'max_features': 0.8516445599257112, 'min_samples_split': 2, 'n_estimators': 4168, 'subsample': 0.756642535067503}",0.9248240160134809,0.9271688351070544,0.9379984667411652,0.9362168769491462,0.9317593229707036,0.9369073009608286,0.9282377210391297,0.929513316361558,0.9215877049961987,0.9354941872099483,0.9344937510655754,0.9257771898007533,0.9317046135624691,0.9387172610663018,0.9316053165580968,0.9344931056720558,0.9334239607642536,0.9275440609253162,0.9265679856894719,0.9364450256236618,0.9274699667720362,0.9476600188727904,0.9219381243980979,0.9359679510871569,0.9292933991931845,0.9379533605856795,0.9300334648461307,0.9274332532857263,0.9329142365598189,0.9195930286783149,0.927636389500694,0.9307686760629663,0.9354965515941567,0.9195194897598441,0.9351154562814197,0.9222908762514674,0.9262472943416195,0.9385460628521868,0.9325852660485929,0.9378245090931987,0.9286322705956453,0.9351021696002735,0.9380884396277722,0.9267359066682392,0.9327458504661049,0.9300588288999988,0.9309806106017801,0.9283430423832554,0.934528771648899,0.9333797566011904,0.9304781983720252,0.9379169443348528,0.9366709915977169,0.9202770134293853,0.9316837190105438,0.9309137915740643,0.935826314678885,0.9283496488832116,0.9313609057418284,0.932910443519138,0.9285937619923266,0.9385661391070194,0.9334129391718958,0.9315413769011667,0.9211297484149105,0.939038635814631,0.9285708275061046,0.9286001331838758,0.9295848635433122,0.9353472885925282,0.929894180348594,0.9288964325749649,0.9319599268288599,0.9336016030951045,0.9383589499055883,0.925726441174938,0.9433043224719406,0.9352607407570045,0.9303429306064646,0.9322976013392961,0.929987869244096,0.9362873663015123,0.9284712983282871,0.9282694008918365,0.9360152772752339,0.9352314988655887,0.9391222456265835,0.9295083078353462,0.9260595950037036,0.9359588564014824,0.9331324657724456,0.9378668398511285,0.9291092218446149,0.9307783925745536,0.9298700483011405,0.9310359919249833,0.9356310100358237,0.9289260757078122,0.9312639879900351,0.9351285999442476,0.9317343420642803,0.005071282490906753,120
342.26603959798814,127.29207147693123,0.45266028881073,0.44942072073189526,0.02815371399170348,11,0.6429816717923086,2,4168,0.9351641896102445,"{'learning_rate': 0.02815371399170348, 'max_depth': 11, 'max_features': 0.6429816717923086, 'min_samples_split': 2, 'n_estimators': 4168, 'subsample': 0.9351641896102445}",0.9220876633888341,0.9260752381180851,0.9370495104303036,0.9336244310583885,0.9289114115553674,0.934792095564751,0.9255775276369713,0.9280678965701532,0.9190529684594474,0.933154674177088,0.9321096600730673,0.921688263097999,0.930282454405235,0.937181741209794,0.9293413615212778,0.9328522322080425,0.9310612280667935,0.9235500979133745,0.9234982558761049,0.9339683617412957,0.923182489510828,0.9456662722765966,0.9184058481642476,0.9324068841359421,0.926387582495658,0.9366221448862375,0.9259525856249927,0.9250278112094528,0.9299495525778688,0.9162750724206038,0.9256531047047359,0.9294601237214304,0.9346084161094943,0.9184878276168625,0.9344094143045963,0.9192561767167229,0.9236087634803833,0.9358333796218521,0.9306048732200153,0.9360965932275563,0.9271262586731274,0.9334730357788545,0.9345165690823061,0.9257311846290647,0.9311018854747577,0.9292919542057365,0.929876858921324,0.925021603098956,0.9310323196157932,0.9308716700133498,0.9282224043050706,0.9357126420217396,0.9347227963255926,0.9203572952699612,0.9294052321092401,0.9289682446647786,0.9353530733961551,0.9251958748260989,0.9289264142842621,0.933560259142107,0.9263390196465708,0.9356925822069931,0.9318631538013593,0.9292900310548785,0.9184362609062057,0.9358699665100876,0.9284506561508465,0.9284991634863811,0.9269049832946568,0.9348271586469222,0.9272830977646658,0.9277197569970137,0.9313287359589297,0.9321208500311216,0.9361626488465092,0.923176106804351,0.9396083288741768,0.933264124494272,0.9283251312258759,0.9283051047769505,0.9264687720590146,0.9349902732923058,0.9266626983266937,0.9272175111079046,0.9352416004093145,0.931821902246753,0.9367055776902722,0.9274563119538362,0.9234002397369131,0.9349965394739803,0.9308060368755292,0.9357718964255426,0.9271837136184937,0.9281865292183107,0.9289075232525489,0.9292193576149128,0.9333790158930503,0.9275104808735474,0.9281333892174096,0.9331344823355724,0.9296095027803741,0.005228647651011855,146
80.98845658302307,57.19310402521443,0.11760572433471679,0.12678693413235917,0.20382351878154142,11,0.7278968822032059,2,4168,0.9081239571319382,"{'learning_rate': 0.20382351878154142, 'max_depth': 11, 'max_features': 0.7278968822032059, 'min_samples_split': 2, 'n_estimators': 4168, 'subsample': 0.9081239571319382}",0.9138194117489142,0.9153706592462583,0.9273998714434217,0.9244772937854322,0.9172044874177141,0.9185919191367857,0.9178748668501805,0.9165951162932586,0.9126902205133848,0.922537151157097,0.9195088072807371,0.9117558530955185,0.9195308892817199,0.9273948727657115,0.9184539087323513,0.9258426394859994,0.9202771237278402,0.9180894191490041,0.9119335309444059,0.9249756546917975,0.9121929409518561,0.9399239273605797,0.9083336461064854,0.92218524472261,0.9146983603864709,0.9254435094145503,0.9185343045883398,0.9164397758207307,0.9252790132490063,0.9070147541141576,0.9124350739755821,0.9190498566633883,0.920301976314635,0.9004864756308365,0.9236686665776025,0.9098745131725497,0.911307193816068,0.9297741841807489,0.9252851246814513,0.9261054079007744,0.9181466581206769,0.9221764775949916,0.9250134953536955,0.9099375458707828,0.9221203971571541,0.9194653469744081,0.9183329683757836,0.9132404644742078,0.9239081467176751,0.9184756819799711,0.9206323345605965,0.9193132364756289,0.9279574583511412,0.9070644891924566,0.9191915626502898,0.9156887415995487,0.9247307489987688,0.9144528176436637,0.9177064833123592,0.9214403186345098,0.9157852710403663,0.9229041961903971,0.9215867704788389,0.9201552946432459,0.9097863060447988,0.9297753089616392,0.9158146840783601,0.9190116290647508,0.914055929073587,0.925084915354747,0.9179215262683547,0.9200395479389185,0.9211463305345718,0.9252815577113231,0.9225378257177566,0.9108606245439063,0.9290345858281025,0.9270730320564602,0.9184492761133342,0.9204553587547427,0.9149124213491566,0.9242958415866704,0.9172465726186422,0.9147496911335379,0.9215888767613443,0.9206065950262978,0.9257064738319223,0.9148330740937078,0.9129710327563724,0.9293063407577011,0.915444813846064,0.9241191736267781,0.9215066242392892,0.9143738062898239,0.918256402093731,0.9202144857165313,0.9239125510983122,0.919883371549796,0.9188462970908341,0.92527560232188,0.9193646303860086,0.005976409219156252,184
122.89326038360596,77.46630558249458,0.5755918192863464,0.568937991780567,0.033409485011516145,11,0.3525666849014759,2,4168,0.8383691103663502,"{'learning_rate': 0.033409485011516145, 'max_depth': 11, 'max_features': 0.3525666849014759, 'min_samples_split': 2, 'n_estimators': 4168, 'subsample': 0.8383691103663502}",0.9254469079121668,0.9258562637878945,0.9397639765202576,0.9340721604231474,0.9318039720723341,0.9338477439563903,0.9285733203177958,0.9339539950995367,0.9231977451602806,0.9347677351832572,0.9333481529082823,0.9273563370774955,0.9336010188291448,0.9380565145930703,0.9278503256275327,0.9329282221118533,0.9315772811426215,0.9250765603815634,0.9290930776413274,0.9361130622160728,0.9255093998523785,0.9462990734857099,0.9179939936573043,0.9371774297264466,0.9296538494039392,0.9376566131405399,0.9280778810791589,0.9265043033369175,0.934182241844454,0.9165068501977686,0.9248118656599745,0.9342187449563311,0.9352139667670418,0.9207464465886365,0.9351330201821652,0.9236951895406309,0.9264284430327019,0.9408291832165315,0.928856065541477,0.9384680002482795,0.9264917716841754,0.9366205681448667,0.93636801771691,0.9262289534131547,0.935247345710245,0.932102551029882,0.931188871803154,0.9251366148355358,0.9321207471821351,0.9347915390352612,0.9280750457137196,0.9373176076283096,0.9364933869990338,0.9201973939721022,0.9304174289413385,0.9323693968234237,0.9343365959139732,0.9276178439367901,0.9308161723221825,0.9310660570395534,0.9280862598141865,0.9378386682649829,0.9327786665230989,0.9273693296466645,0.9254065047075983,0.9335142300023738,0.9271666538809256,0.9295947035271451,0.9267377149518431,0.9355411524468751,0.9265621053811335,0.9299453910136546,0.9349970366214853,0.9357020782079064,0.9344479589711945,0.9267756561318772,0.9393805458757911,0.9333202302492367,0.9286976732768587,0.9309651007677068,0.9271119276628239,0.9359709274453167,0.9250777593030168,0.9301451512014475,0.9350817931307981,0.9360418431638173,0.9355732427362049,0.9283915152068164,0.9274778745790818,0.934899212362081,0.9321881345151828,0.9348018980676667,0.9288703650048462,0.9305513838267895,0.9318803692762829,0.92988167850349,0.9342755946226238,0.9271195180326941,0.9279035121083659,0.9339353665916912,0.9311125757186975,0.005047954507401066,130
103.36076897621155,62.837084799347075,0.6503921270370483,0.6493821929738297,0.0020833532205690964,10,0.3492504177931109,2,4168,0.7754808866816165,"{'learning_rate': 0.0020833532205690964, 'max_depth': 10, 'max_features': 0.3492504177931109, 'min_samples_split': 2, 'n_estimators': 4168, 'subsample': 0.7754808866816165}",0.9250018252617638,0.9290693935130879,0.9388584374397972,0.937561329592675,0.933072866701398,0.9352647087063559,0.9315071084926831,0.9354815290608323,0.9223252887750896,0.9355445724887381,0.935541666155854,0.9275518724297647,0.9351374691566681,0.9401531409474732,0.9309015714413319,0.9365067870170275,0.9340132218983679,0.9267260382290263,0.9296562195383795,0.937037923282357,0.9262234460103205,0.9464249744169932,0.9203921594885548,0.9383800848714913,0.9316170541545625,0.9389235663833574,0.9308953404130328,0.929137969328715,0.9356675783447924,0.9191667597249252,0.9277372102137679,0.9334764136402814,0.9360006258478115,0.9215996550603696,0.9383464838224354,0.9239913728477209,0.9279651583745693,0.9404373548322212,0.9317829816315378,0.9390913713743011,0.9281980527713014,0.937462035452721,0.9371409170679317,0.9279543576951802,0.9366716213370639,0.934562151870049,0.9315630519397226,0.9264474284066803,0.9336122003421924,0.9349596450987735,0.9303657631362863,0.9395647869223513,0.9376492152705974,0.9223689818305706,0.9332335246987463,0.9333103843399637,0.937072311160196,0.9290838726178475,0.933197052722353,0.9331134575030299,0.9309304852065163,0.9396313137177937,0.9335687914925582,0.9288864428737176,0.9269273011601612,0.938205283819595,0.9290924340588997,0.9320945145679851,0.9308487774214532,0.9370834247754231,0.9277425088899064,0.9301965704734876,0.934439424892247,0.9355008166594045,0.9379927883393291,0.9280364063979482,0.9396997261968598,0.9355928164953653,0.9320016758552814,0.9326740005931318,0.9287182170869932,0.937896630823807,0.9283049255320968,0.9323363810441105,0.9372393123296936,0.9361513831621324,0.9358088409003402,0.9291808837557326,0.9300512745310667,0.9364329708221615,0.9337827294868992,0.9373204578149219,0.9297677029389194,0.9325175255950592,0.9326074757162764,0.9329369200213545,0.93728542829808,0.9296188198806002,0.9300379453047486,0.9347271448343757,0.9327556981686042,0.004890334098083782,104
84.0451159787178,54.02985002199943,0.32690648078918455,0.33141054118909136,0.012981694801923469,8,0.3491259690316017,2,4168,0.6864983365330768,"{'learning_rate': 0.012981694801923469, 'max_depth': 8, 'max_features': 0.3491259690316017, 'min_samples_split': 2, 'n_estimators': 4168, 'subsample': 0.6864983365330768}",0.9313282415550438,0.9354552576712546,0.943591038934442,0.9424904535036992,0.9402269746944099,0.9407794019197878,0.9375325501212071,0.9418360190846506,0.9302707984782198,0.9383905112114257,0.940996556629069,0.9335502668855116,0.9400410779965673,0.9450954550597956,0.9379005784428844,0.9419410811570496,0.9398948815642223,0.9340297828205265,0.9368707089075454,0.9424249787441057,0.9328758362965177,0.9507816851691404,0.9276712167805585,0.9425053630049893,0.9369239352511757,0.9448654511632623,0.9376395359789229,0.9350496679804952,0.9412297558201508,0.9256870981341214,0.9337075545445184,0.9399918522182048,0.9419867798221129,0.9284310131628603,0.9434238640383796,0.9288096376877083,0.9349402794933583,0.946276507838611,0.9377215801453854,0.9458511302727073,0.9345797134466823,0.9439357697333676,0.941640963783383,0.9321791063624258,0.9410132013125071,0.9407615972218693,0.9376432719102091,0.9342386242736989,0.9382764288511645,0.9411114256580803,0.9357406424051283,0.9441710259870509,0.9435859139987193,0.9288989278687576,0.9383473294965301,0.9395549896370393,0.9429843425517866,0.9361909757624675,0.9392871791993174,0.9389781815595379,0.9365817024207956,0.9453150703528636,0.9388281609895032,0.9357345665731396,0.9329456054249128,0.9437377350813706,0.9354561303684046,0.9383719910447227,0.9366510508631648,0.9408149936176797,0.9355106753076348,0.9359256339242344,0.939579805433725,0.9402082593216022,0.9437930798520686,0.9332520281154483,0.9460301086293356,0.940813643433208,0.9367677698310359,0.9396570641018459,0.9347786461339871,0.9433722933797394,0.9332925263436466,0.936954841377239,0.9421941319871141,0.9421637180988898,0.9427851904881782,0.9350812530286137,0.9354800426093555,0.941077467609152,0.9398255220994063,0.9414950084428227,0.9353907532818065,0.9384597464386212,0.9364603841176032,0.9380088930932813,0.9421800433561126,0.934905747307336,0.9351598778591735,0.9401510971801293,0.9384932823012323,0.0045223376951128635,23
168.1282845854759,65.3424599807291,0.40531680107116697,0.3990592241491834,0.05018235878175852,10,0.5033597839098564,2,4168,0.767637374814736,"{'learning_rate': 0.05018235878175852, 'max_depth': 10, 'max_features': 0.5033597839098564, 'min_samples_split': 2, 'n_estimators': 4168, 'subsample': 0.767637374814736}",0.9244644273986616,0.9270889113932623,0.9380182630779115,0.9373244436471581,0.931813231469886,0.9354645863500894,0.9274887369085422,0.9307770516572405,0.9209636160076943,0.9327997701559647,0.9347517097787175,0.9247170871040344,0.9341342009464431,0.9397033026457884,0.9327072390702029,0.9360101312103496,0.9334138070257881,0.9270630931351768,0.9284527387018588,0.9356656486782289,0.9256450869373843,0.9459947294325548,0.9243892045188994,0.9367239300805238,0.9300540818536467,0.9373437787823019,0.9297805378187607,0.9291937994148838,0.9344120174022459,0.9183135933284311,0.9268353410734148,0.9324537885268914,0.9371530547529517,0.9228181242385978,0.9349769299115759,0.9227646483779064,0.927300393289864,0.9398552584064939,0.9309930552061478,0.9392417314443955,0.9287273585577389,0.9375237871194606,0.9370583774417669,0.9274741192072534,0.9363684127502389,0.9321930226505906,0.9313150325471342,0.925463032261295,0.9341768456024699,0.9339500682902124,0.9305212370740679,0.9370713436726271,0.9375650748898456,0.9214858426193031,0.9322487892822005,0.9320876422756716,0.9366635498423697,0.9264416176286662,0.9306413331074075,0.9333184135211566,0.9300471235844419,0.937236045951886,0.9357296960793251,0.9287510731593083,0.9264005350175155,0.9370348855774704,0.9306251531307157,0.9312254247414543,0.9284847144478382,0.9349238018624948,0.926992742931573,0.9308232458953434,0.9346794478349443,0.9342609147115144,0.937135645759449,0.9258145498181124,0.9401631005252562,0.9338674559401331,0.9296814215497272,0.9329198100558787,0.9276177679959544,0.937430680616506,0.926358797922138,0.9307567359806722,0.9375254553502745,0.9354339840356357,0.9376606870504677,0.9282604290114594,0.9266388735561636,0.935183608089164,0.9329246405074453,0.9364462686280216,0.9296943065949974,0.9298918597339942,0.9317479273974854,0.931983774450811,0.9355529117532624,0.9289617296224337,0.9292128269914217,0.9334837393552258,0.9319092377472025,0.004888070143781848,115
151.19019981861115,74.32240037168351,0.2438482880592346,0.2516901587418443,0.08507111927040711,10,0.7110212559124349,2,4168,0.7929619939213252,"{'learning_rate': 0.08507111927040711, 'max_depth': 10, 'max_features': 0.7110212559124349, 'min_samples_split': 2, 'n_estimators': 4168, 'subsample': 0.7929619939213252}",0.923128514576292,0.9251461467087685,0.9341509053600057,0.9321181409051845,0.929603157824336,0.9329817869287717,0.9283407566881197,0.9304483018960972,0.9197550867896664,0.9302889127637853,0.9296299594613446,0.9257882941141478,0.9304772684671209,0.9364792399357911,0.9296654869253622,0.9304831263401074,0.9309333651527578,0.9282948351537667,0.9232688438062049,0.9334797950880868,0.9232661529348294,0.945162229624802,0.9196220779492934,0.9328704198848983,0.9248357993556285,0.9349519103296103,0.9260602051774325,0.9253577587569997,0.9300800140283594,0.9162215717370474,0.9229034890519143,0.9266379052853658,0.9352795497799231,0.9189146865316595,0.9343205443084631,0.921065356207985,0.9224535594163386,0.9376924058216136,0.9293477678269633,0.9354021393323111,0.9278428446260137,0.9321437080862343,0.9344424919952743,0.9231560863237807,0.9279849110446486,0.9296437416439978,0.9282586180565087,0.9240061850810599,0.9296659205715002,0.931086517886875,0.9266376898805313,0.9356429144089622,0.9358308585899132,0.9173846969441564,0.9275087059114113,0.9313641104635091,0.9336296043148293,0.9250916773564498,0.9286140948423488,0.9323044156641687,0.9272339856813193,0.9351564062167648,0.932858995588214,0.9276708875107094,0.9210079266424629,0.934347258757157,0.9275793731137959,0.9298584729245648,0.9273010414117718,0.9354197284691532,0.9279904288537536,0.9297649845726489,0.9303704526131298,0.9305393900599184,0.9353529063511848,0.9235804723734637,0.9404260834548187,0.9322640013779833,0.9272930935652826,0.9287555447068628,0.9262186320990602,0.9340363296585688,0.9248449671404764,0.9232469673267223,0.9365714478623828,0.9351638851780912,0.9352736661331917,0.9258033331260173,0.9233368498545643,0.9355331248919532,0.9303284784792986,0.9364195971798055,0.9258290574525698,0.9285654139783411,0.9261211830626831,0.9278287691081235,0.9346534541856256,0.9296118718274049,0.9309798377137004,0.9344632236253223,0.9293874878604821,0.005130497161918902,149
319.0298758172989,110.64623928109185,0.3904665446281433,0.3936952477813966,0.042191227357192974,10,0.8664933736160578,2,4168,0.8205886405903641,"{'learning_rate': 0.042191227357192974, 'max_depth': 10, 'max_features': 0.8664933736160578, 'min_samples_split': 2, 'n_estimators': 4168, 'subsample': 0.8205886405903641}",0.9230203826450403,0.9263623916837073,0.9366215837320119,0.9354361812868394,0.9313494945413953,0.9370049168740177,0.9280411473991449,0.9306909507129923,0.9225604871466708,0.9352109044399604,0.9340702369950951,0.9247281260823652,0.9326824311398481,0.9404543575861577,0.9311091621311599,0.9336903593461909,0.9332080767356272,0.9261721432983322,0.9280547335690822,0.9357357083534497,0.9272903816718588,0.9459656116058719,0.9217721079103419,0.9355042249755834,0.9295155746581674,0.9371555480036695,0.928578194972534,0.927634991178603,0.931858718748519,0.9187813514249401,0.9259962568332978,0.9304154251606933,0.9357990345459277,0.9157618053697865,0.9334847931932906,0.9223047658175327,0.9269772127031036,0.9373608749667223,0.9329017320218658,0.9379286446459478,0.9290872166874409,0.9361513456532612,0.9354160046159866,0.9250664751771089,0.9320259957149986,0.9299053476789494,0.9314257395118953,0.9295741632675788,0.9341510466150081,0.932739730313626,0.9299637384239713,0.9370886636835125,0.93646363803401,0.9208009551701822,0.9310412685668921,0.9315733473321105,0.9343241362370288,0.9256934229449242,0.9309970040815883,0.9353545549151864,0.9276740366421925,0.9388399964100043,0.9327954921778822,0.9315453150659738,0.9213126232522252,0.9378405116027276,0.9279067570865769,0.9294441889202905,0.927120735706867,0.933676827875135,0.9293000924721153,0.9284453605252593,0.9332156593187576,0.9332786916517748,0.9379204626790765,0.9265131726954853,0.9425200084907588,0.9356513990063454,0.9308338087895758,0.9313486270263514,0.9284323003507524,0.9363298206150321,0.9293759758031952,0.9297963450155048,0.9343896878244139,0.933043407465073,0.9371237628324616,0.9274893638609277,0.9257705232165377,0.9352245836065154,0.932975634985619,0.9371320129736329,0.9296462534242484,0.9287478523707224,0.9269197009433878,0.932434563835331,0.9357183245197662,0.9309148252653859,0.9296229849365545,0.934290615096641,0.931305971270697,0.005066955909851485,128
85.04719010591506,56.70510583006714,0.17438392162323,0.16937750419179956,0.019596361764174793,5,0.7118356171625375,2,4168,0.5570183058650567,"{'learning_rate': 0.019596361764174793, 'max_depth': 5, 'max_features': 0.7118356171625375, 'min_samples_split': 2, 'n_estimators': 4168, 'subsample': 0.5570183058650567}",0.9314916093946418,0.9379692982527998,0.9458460671378974,0.9412727363481802,0.9400948781824714,0.9423660469542551,0.9364929337688376,0.9425661937896269,0.9337281313810532,0.9395625435084253,0.9424014080725813,0.9357350262192741,0.9391853542289348,0.9429097605657388,0.9412773598278661,0.9430059097378979,0.9408456335602315,0.9361280684481279,0.9380559665792263,0.9412866291914814,0.933251322333036,0.9486503723853636,0.9286109748469172,0.9442688826324068,0.939968704831275,0.9452408120285692,0.9408517996388663,0.9349521112772332,0.9424482182245791,0.9259529072294993,0.9351812759866813,0.9389264475933752,0.9428465666809702,0.9295002798796119,0.9435730082305818,0.9278870567573133,0.9372857265663277,0.9464735917339634,0.9394761321418333,0.9462850730271641,0.9369300748818953,0.9443451354708257,0.9407366926628269,0.933763850227902,0.9427678808645841,0.940523208141566,0.9392741710443577,0.9359167995131246,0.9390623895128689,0.9406928181435105,0.9363937317427534,0.944645456395904,0.9442943644964555,0.9293655657569345,0.9385156134793773,0.9384985431130821,0.9423464809715866,0.9363087036452618,0.9398233020495075,0.9421167184468763,0.9381463500695826,0.9465575519108114,0.9403049393203712,0.9396043325205181,0.9323715989990276,0.9461906004281375,0.9364378739390127,0.940212562727868,0.9362021027642382,0.9395589299949377,0.9382460212018457,0.9370890370446795,0.9413738505407527,0.9411581563284572,0.9449970427172313,0.9362523578868207,0.9455416095515746,0.9430100712947587,0.9363527846839567,0.9400190495915892,0.9377123239466398,0.9445088279028213,0.9324625262885058,0.9391470132343451,0.942513722530748,0.9427941979015318,0.9421730821408318,0.936568577887944,0.938378113260136,0.9423081742734963,0.9386594905003212,0.9432733307554821,0.9372990963763862,0.9417076757394404,0.9372998955532403,0.9408081441362022,0.9413985108729436,0.9387423462013829,0.9378020973479839,0.9418575534373524,0.9394721584354022,0.0043127316078037685,7
168.32518364191054,103.94570452975366,0.18755878686904906,0.19145549409549253,0.2340122487288133,5,0.9108532992161238,2,4168,0.7032214942097962,"{'learning_rate': 0.2340122487288133, 'max_depth': 5, 'max_features': 0.9108532992161238, 'min_samples_split': 2, 'n_estimators': 4168, 'subsample': 0.7032214942097962}",0.9161955162766864,0.9277029257511369,0.9327519397399802,0.9297704758392664,0.9278080804916674,0.9297634276182812,0.925860804211707,0.927074085688341,0.9184534401497458,0.9271592462176481,0.9286348672090728,0.9193437811613404,0.9327596552825523,0.9329553412472614,0.9235441038972365,0.9273923069912241,0.9271947320344687,0.9229730649626278,0.9233058319852452,0.9296026097189654,0.9209801379258473,0.9335080213906634,0.91912042460136,0.9344219878954606,0.9223762218489466,0.9365071335434481,0.9238043995796429,0.9240815132305705,0.9302352534340844,0.9114798835645199,0.921137815949986,0.9310877796528042,0.9303487180619667,0.9185219584180825,0.9348072225318131,0.9144828985623933,0.9247962419203346,0.9356331103734175,0.9247038600188316,0.9344477228369223,0.9210131898352338,0.9335599985901278,0.9247361335736083,0.9167158418836212,0.9301285128840369,0.9206987810302623,0.9234321873285016,0.9234383722362893,0.9259959101844182,0.9223127080972096,0.9256580979872145,0.9318714913215305,0.9345635915312015,0.922677338225403,0.92665853653836,0.9263917671740441,0.9258870594751668,0.9271978845547995,0.9274181079877338,0.9278666634199743,0.9273306751594563,0.9313911142201556,0.9305797366005514,0.9298923671121166,0.9156539804250386,0.9323374953977013,0.9259738945124028,0.9233241964065747,0.9244045234620845,0.9271113429600815,0.9228620572389957,0.9250996086512341,0.9230796043194708,0.9259854091375195,0.9279807577898507,0.9237650847969705,0.9320305370709073,0.9309728647007326,0.9245488015842726,0.9291124383794024,0.9206509031893242,0.9289428499196657,0.9207343465456342,0.9238579064965807,0.9293878082516838,0.9251590294547244,0.930616453928549,0.9251962946672702,0.9221863008194557,0.9308017764958616,0.9250781493831203,0.9287546070398387,0.925887460067724,0.9278276740221222,0.9193711379118427,0.925137795367751,0.93039595594782,0.9258099972833251,0.9259645356394149,0.9282557941584831,0.9262840398218999,0.004889621199394422,167
77.52441989898682,53.903129639576434,0.22215631484985351,0.21876354265971515,0.13043355075604016,9,0.4673282703934972,2,4168,0.7144545453910219,"{'learning_rate': 0.13043355075604016, 'max_depth': 9, 'max_features': 0.4673282703934972, 'min_samples_split': 2, 'n_estimators': 4168, 'subsample': 0.7144545453910219}",0.921477981064595,0.9258722070660491,0.930797407876444,0.9310957735727019,0.929232590191319,0.9307802570779512,0.9246998707270526,0.9270820813006103,0.9231450307536337,0.9285195305096694,0.9280450460637565,0.9223603282187192,0.9337557733166784,0.9347464844536685,0.9277932129287036,0.930398190277699,0.9313285188267573,0.923124750496615,0.9283705822015722,0.9338990141865493,0.9268158981626218,0.9431065451076014,0.9173532848987522,0.9308360862272653,0.9277785275864052,0.9345836863970478,0.9244934082533102,0.9287798208258694,0.9295506950535672,0.9128379629325418,0.9270937234117025,0.9323057396811585,0.9323933069760844,0.9141159657768846,0.9303688028970587,0.9178793891149976,0.9248599461211269,0.9364718421109496,0.9314187917749531,0.9375359932170885,0.9235774937678007,0.9327183039458129,0.9300619021346153,0.9204383869756743,0.9343014856637554,0.9264025996950791,0.9275269851508235,0.9236164305219006,0.9304858727399976,0.9322238991618235,0.9235208869766947,0.9340517261407383,0.9330916320322237,0.9174033242743944,0.9299345735431432,0.9283366171887819,0.9313999952411615,0.9261011308274993,0.929232641269529,0.9251098745521352,0.9259320300855229,0.9355121026562341,0.9296108216507857,0.9234077583600996,0.9233461476727902,0.9321401597636221,0.9274488649917911,0.9275536064611959,0.9267057911334755,0.9331183567308192,0.926918721475269,0.9264679251220314,0.929461311954146,0.9290116094907892,0.9350964041496979,0.9252363079295209,0.9378413561504781,0.9293313679718979,0.9198199321288474,0.9311529378746325,0.9206908199889177,0.9339250819607628,0.9250982449776527,0.9276060048451071,0.9342395949952764,0.9324228886646752,0.9344083535182964,0.9234143750225889,0.9261812857677726,0.9331487444822838,0.9312332549651047,0.9337237721841571,0.9258241649947017,0.9316174187542083,0.9267756622428192,0.9274163090156069,0.9324766494431042,0.9251429130736317,0.9226693814701686,0.9294280381759261,0.9283919628173771,0.0051154753190598545,159
123.14721717119217,78.30978834503223,0.2979238486289978,0.2855740903229214,0.05045954735624511,6,0.6945380037482397,2,4168,0.6001195874961279,"{'learning_rate': 0.05045954735624511, 'max_depth': 6, 'max_features': 0.6945380037482397, 'min_samples_split': 2, 'n_estimators': 4168, 'subsample': 0.6001195874961279}",0.9293494023953093,0.9368637518184868,0.9442673854805538,0.93876330468427,0.9402362343948609,0.9403832366198912,0.9362538504457903,0.941795587793783,0.9310313742112397,0.9395978055817934,0.9387158540606048,0.9314969694241874,0.9397901808318815,0.9452053117054315,0.9396881221558421,0.9412947397043888,0.9399916759728223,0.9361707305359348,0.9375734603798112,0.9410282831097814,0.9339377587205328,0.9492892304262244,0.9261740074963012,0.9438291353276348,0.9381788487411893,0.9446128320384783,0.9384397168407135,0.9355137931087059,0.9406757471529716,0.9235392792421995,0.9342061761057321,0.9401740416183272,0.9433784496117388,0.9301230502719956,0.9401114439759661,0.9269159440215265,0.9367421266079352,0.9450728207770679,0.9387339173219615,0.9452985756335971,0.9355203276855766,0.9438282113194968,0.9393873666983694,0.9308033111918144,0.9408605629636637,0.939950966416754,0.936038177964537,0.9356143173773915,0.9370129190194848,0.9417209843583418,0.9340085645808293,0.9433646972712353,0.9444274359107763,0.9298309926415285,0.9389211471343925,0.9373830896131896,0.9401777979134445,0.9352879321600496,0.9396158473017392,0.9385926704183508,0.9353009120520323,0.9451168198320894,0.9391715576648592,0.9392070566661278,0.9329880434323063,0.9436398860014252,0.9344360658811048,0.9393922857159113,0.934610771075577,0.9407850697575444,0.935988003275344,0.9372351460363861,0.9407589495428403,0.9387162115932901,0.9419286140902872,0.9360255930276511,0.9467200826741512,0.9413213083059828,0.9365026992852242,0.9392271770287468,0.9340648913643304,0.9422625344968226,0.9356344502199879,0.9403333867685301,0.9414897615848783,0.9408881559221777,0.9421849146942851,0.9342186582448644,0.9361198955771964,0.9443611154750108,0.9365994003436626,0.9427783220217877,0.9347091861323337,0.9404818982157023,0.9360753142593436,0.9395850407352555,0.9407266128174346,0.9351082363854089,0.9358644189222172,0.9402078604986784,0.9383955778390721,0.004497628472062484,24
115.47688391685486,74.2271751057543,0.1670136594772339,0.17778589212920567,0.3210326617493179,5,0.6270807622254333,2,4168,0.9259297164820095,"{'learning_rate': 0.3210326617493179, 'max_depth': 5, 'max_features': 0.6270807622254333, 'min_samples_split': 2, 'n_estimators': 4168, 'subsample': 0.9259297164820095}",0.919646437863112,0.9261562930135756,0.9268450184864097,0.9212369790683042,0.9253751387571161,0.9249676731371832,0.9234867643298628,0.9266870966208567,0.9184900560654724,0.9270305450746403,0.9266920317162828,0.920236329468709,0.9243084781732166,0.9266859790837,0.9256173600104225,0.9276554336024098,0.9277991260130762,0.913792971337857,0.9228903991184216,0.9231849082223055,0.9141276740294166,0.9292129117873635,0.9175760539751611,0.9268483994008047,0.9259941366359191,0.9322758669790668,0.9242386728605639,0.9179684669112973,0.9253962502001107,0.9051676654177989,0.9181968794433184,0.9258733191443412,0.9273383047527616,0.9148626100300018,0.9274424268168322,0.9151010935764682,0.9144277623507139,0.9295082901589038,0.922883882432863,0.9271053974911362,0.9166955965168266,0.9301004771738839,0.9258164919542778,0.9197164891369284,0.9179945414850487,0.9242987424520309,0.9252170596241319,0.9204251884745671,0.9202034613850082,0.9269834876496788,0.9161680421779961,0.927249365649163,0.927480197639954,0.9179202562108482,0.9268156292253498,0.9250249807778064,0.9259675753841844,0.919925274921689,0.9217387519707891,0.9241117654778047,0.91935500333564,0.9256829507829439,0.9280773221186002,0.9221679355009761,0.9143939232754585,0.9273400799768814,0.9209131827792478,0.9211194087464742,0.9198548748172299,0.9254938153515975,0.9197323609280545,0.9207396710959749,0.9253378210729459,0.9268784044800384,0.928464546090646,0.9201600457534342,0.9303300924520899,0.925564622298379,0.9231405243937857,0.92908476864578,0.9198050206542963,0.9260895965071742,0.9203439369894985,0.9209246564250761,0.9246710252343364,0.9282363060329779,0.9246043153096424,0.9183924344184031,0.9212541880097994,0.9305645555939054,0.9198536612321024,0.9334351751684011,0.9178650112097513,0.925237083355357,0.9201959798951838,0.9209870806090888,0.9272803041720135,0.9237979523825552,0.9235335012432386,0.9278287269893503,0.9232891632417409,0.004699600041779473,173
192.3502538061142,103.8658465869693,0.3320028519630432,0.33449170383444665,0.033014352780711444,8,0.7304850956661282,2,4168,0.6635802550755612,"{'learning_rate': 0.033014352780711444, 'max_depth': 8, 'max_features': 0.7304850956661282, 'min_samples_split': 2, 'n_estimators': 4168, 'subsample': 0.6635802550755612}",0.9298266585628876,0.9353623881619259,0.9417228362549978,0.9416915716271986,0.9364629463285843,0.9403281039775423,0.9335820262390948,0.9400513173016919,0.926943123340185,0.9380601093230989,0.9382964181956914,0.9309879329237705,0.9384888675376108,0.9422852747155273,0.9377444440278458,0.9396127271764915,0.9366644746412681,0.9333968530606472,0.9328291437103237,0.9392165303332044,0.9336374546352771,0.9489386952583772,0.9269968939238031,0.9411292102770707,0.9363372621535435,0.9420092138853047,0.9357808509543989,0.932549948808531,0.9365479354277665,0.927781246460829,0.932106190700469,0.9383626389983402,0.9413449944486147,0.9266892061915531,0.9396529145616245,0.9262105985514562,0.9340215166179293,0.9453521005726309,0.9378958059401391,0.9443255089422669,0.9343221454771957,0.941768792078179,0.9398843719895943,0.9299974840577779,0.9400176794926548,0.9378410888624091,0.9345558875141357,0.9326425348496249,0.9394034013409588,0.9399941091312684,0.934953005793655,0.9404774102860861,0.941937041849036,0.9263021839873263,0.9360514022978891,0.9384310323976259,0.9407415405358426,0.9324192154708595,0.9372568124045633,0.9376138805162699,0.933907632406093,0.9441507974383808,0.9390129086649905,0.9371275674795753,0.930363411470507,0.9433283278867827,0.9328085302749862,0.9344300942292122,0.935750718447185,0.939562778341604,0.9336337987649381,0.9336017735479065,0.9403270342909437,0.9401132922735767,0.9441998705538174,0.9313055495058187,0.9455696645987742,0.9397013850640641,0.9358240848346138,0.9376531751294582,0.9346006821066413,0.9414493613802526,0.9320637072014905,0.9347155599918259,0.9401871548136863,0.9399307954279625,0.9429164735033103,0.9331581918410589,0.9313582707703397,0.93980304136691,0.9384414466001706,0.9405407385478728,0.9336511493789826,0.9354494607457501,0.9318775218143727,0.9367264839948147,0.9399359347208801,0.9359629179430337,0.9351518633926998,0.9407175840216511,0.936888456898494,0.004604107609571002,48
150.83585591316222,95.13726468126262,0.9850429058074951,0.9612107413020778,0.0024985754202840617,13,0.3968354853581081,2,4168,0.6757095104285525,"{'learning_rate': 0.0024985754202840617, 'max_depth': 13, 'max_features': 0.3968354853581081, 'min_samples_split': 2, 'n_estimators': 4168, 'subsample': 0.6757095104285525}",0.9236285476766549,0.9275277828134536,0.9384354269261407,0.9360494874818018,0.9317597752828132,0.9345046152837045,0.9293960386851592,0.9332916570787612,0.9221489162453177,0.9339860083010098,0.934533426157762,0.9254990965612913,0.9343682435221831,0.9396560978829478,0.9299196272434129,0.9359565648008131,0.9332075777527522,0.9249443526803377,0.9273087394703995,0.9361655168204673,0.9261133590642809,0.945474274039848,0.920535082197049,0.9378051040865696,0.9298251832306761,0.9383504798395043,0.9291480779442509,0.9283423915860795,0.9341088071956126,0.9174430343297715,0.9262585824405356,0.9317162495741709,0.9359017158134199,0.9193498150062602,0.9362881788805678,0.9228455527853953,0.9265350063356852,0.9396715021205388,0.9306896908102458,0.937426473229717,0.9279058396759301,0.9359739126513784,0.9368182870701189,0.9268453316518229,0.934934722173944,0.9336548975276469,0.9301519440735078,0.9259044260770191,0.9329460637616802,0.9339812733232531,0.9292363593699056,0.9392929862590726,0.9359628244104654,0.9204240755050282,0.9323839381904163,0.9315072911109816,0.9358401899849894,0.9280360213850569,0.9317899245841939,0.9323722131431642,0.9294730564603237,0.9381688904240857,0.9330259670514032,0.9283351749976483,0.9241126080939209,0.9363377738865076,0.9283822634191983,0.9310095910243337,0.9294702885631538,0.9363408667171204,0.9262840462460373,0.9287234508866969,0.9328468306402834,0.934801153657681,0.937315897422792,0.9271854778304813,0.9397170858899573,0.9343937542191034,0.9312186309888983,0.931282800613928,0.92766080986173,0.9373276581798597,0.9281239877730874,0.9301573886769096,0.9355655463865742,0.9353285857492621,0.9366938887139037,0.9278829570031465,0.9274759897955516,0.9352009287587959,0.9315998074643521,0.9370394590985405,0.9282770633757554,0.9304120472011539,0.9315744336864207,0.9311689260271967,0.9357288218717177,0.9288655438750398,0.9303553315656988,0.9340531776690637,0.9316099654287423,0.005028804972532511,122
300.9876580142975,188.8514743767814,0.5305422282218933,0.5378549232672398,0.007170272316391664,11,0.8499430109962913,2,4168,0.7293608935945628,"{'learning_rate': 0.007170272316391664, 'max_depth': 11, 'max_features': 0.8499430109962913, 'min_samples_split': 2, 'n_estimators': 4168, 'subsample': 0.7293608935945628}",0.9236955890959351,0.9278587596379357,0.9380543974700637,0.9370797638915738,0.9323606349192811,0.9374345660517964,0.9283975475195791,0.9313323366955362,0.9221039812942358,0.9359103367143553,0.9352601592335621,0.925233880634019,0.9325093934121419,0.9401334589689393,0.9321186218462723,0.9347395270955031,0.9336696498372343,0.927766773081273,0.9277082619558467,0.9366726357321892,0.9280232365444252,0.9469099635204471,0.9219175254556666,0.9355204149337677,0.9285484292303919,0.9388908604930973,0.9299029153357089,0.9281065574700584,0.9336646670869801,0.9198420959349959,0.9277474830763348,0.931197433419835,0.9374582186808706,0.9193213326173479,0.9354552525435523,0.9227118235100669,0.9270624009076982,0.9389191899297538,0.933584268137098,0.9385814540749841,0.9290243027764264,0.9353019243794756,0.9372941120854685,0.9269024039996652,0.9337633995435873,0.9305047544890067,0.9316812268748969,0.928654416490921,0.9346484405588678,0.9336336561896461,0.9306166832799836,0.9386276836951568,0.9368894710022965,0.9212656656256581,0.9318422701825619,0.9313255209885373,0.9346884162760126,0.9277277953714973,0.9318543224453495,0.9339447324035496,0.9288008333174658,0.9393196473812256,0.934067349295699,0.9325655448319765,0.9229143253638229,0.939926567258504,0.9298663169528497,0.9302662555037013,0.9287246756683055,0.9360855278002124,0.9295824433386535,0.9289812032292719,0.9325762681550753,0.933970691326105,0.9387157312796438,0.9263277476148631,0.9431015310782224,0.9357144095207676,0.9302315501627869,0.9326285391525567,0.9298526781587959,0.93662302039606,0.9285292145413866,0.9301094885433987,0.9365493739703767,0.9358867451586457,0.9395735682199455,0.9292027666938936,0.9255422148686956,0.9365023009636598,0.9337975141014343,0.9381157202119198,0.9291820372672368,0.9319653986738171,0.9303690831515392,0.9321264108646083,0.9360300684241447,0.9307341183661941,0.9312434023842031,0.9362366809531745,0.9321613596079373,0.005092774249704354,111
33.404040944576266,31.492684425556835,0.08265910387039184,0.09558960381207592,0.22030395364157684,12,0.7191092741862057,2,4168,0.7268289299185802,"{'learning_rate': 0.22030395364157684, 'max_depth': 12, 'max_features': 0.7191092741862057, 'min_samples_split': 2, 'n_estimators': 4168, 'subsample': 0.7268289299185802}",0.9074485965955967,0.9082507388488223,0.9227963162521698,0.9200361042885182,0.9198943797434433,0.9216077094325127,0.9100922272658638,0.9098224215347241,0.9115599934276573,0.9173421372723617,0.9146185483290514,0.9088270013130577,0.9175762934359367,0.9247250115702617,0.9166787365487162,0.9175268415719695,0.9187694032539327,0.9146249967192798,0.913570854814033,0.922292326242673,0.9153339105948591,0.9304547458285073,0.9056057356431577,0.9202714268085295,0.9147730980836611,0.921711504415089,0.910942936890415,0.9095679124655196,0.9202256586927442,0.9008138943212837,0.9076224917759284,0.9180297614849151,0.9186170066781686,0.9068205733217906,0.9177515098865637,0.90884065894311,0.9082916074576822,0.9229327603879003,0.91391549112328,0.9217889914715447,0.9178869009520344,0.9237154287082753,0.9227482955309334,0.9113803058425318,0.9242335446454476,0.9184769700538945,0.9162281766530905,0.91691362484451,0.9195996471538678,0.9185486101543747,0.914387771210124,0.923002958061377,0.9198232621582333,0.9042888043861871,0.9205597533574286,0.9133717803119752,0.9264546309430631,0.9164411749791963,0.9143005153118147,0.9202660107880833,0.912327954529945,0.9232553403810191,0.9182456750560347,0.9175468842300823,0.9070643099384864,0.921548070598052,0.9123361939137583,0.9183167822489136,0.911510765641262,0.9192462775196465,0.9109166649656899,0.9143060176824073,0.9181857261422974,0.9168933357120354,0.9299261135165464,0.9126580048389676,0.9200041052670886,0.9224325741074438,0.9161309730915526,0.9187475688308802,0.9125533015151114,0.9189927455480342,0.9122355012662133,0.9123899648747911,0.9192546021370065,0.9220324457151159,0.9236133516043169,0.912946832220942,0.9071110230105299,0.9192542183753714,0.9154138187790019,0.9257605448034044,0.9216333121771735,0.9104880328296077,0.9156007821886438,0.916292557475659,0.9201011458037996,0.9149845797938303,0.9128893135099845,0.9198593057843274,0.9165000719840662,0.005593050301011948,187
126.3469407916069,75.18112455641975,0.6239924550056457,0.6194828561849276,0.002972103375337846,11,0.47873867696824834,2,4168,0.5613612108253409,"{'learning_rate': 0.002972103375337846, 'max_depth': 11, 'max_features': 0.47873867696824834, 'min_samples_split': 2, 'n_estimators': 4168, 'subsample': 0.5613612108253409}",0.9275322434644808,0.9306293760741543,0.9412762298467932,0.9390616017379259,0.9347810269704416,0.9380025974217131,0.9323893138506084,0.9369481804728846,0.925476964847383,0.9354779369964134,0.9377945129934933,0.9287813710909456,0.9365586690286027,0.9420391604264298,0.9339295943019159,0.9390001392504624,0.9362850603957003,0.9291624909392572,0.9313834734663005,0.9386619709584882,0.9293274463738233,0.9479745621317346,0.9236024061702917,0.9397423997856138,0.9331417288070307,0.9417328170715076,0.9322118662799018,0.9310436704874135,0.9365830135907249,0.9209023112774493,0.9300041716280129,0.9355617547919131,0.9393016989864744,0.9227863964071077,0.9385867936996898,0.9254772165802271,0.9297328554736087,0.9416738377382806,0.9336788455826173,0.9413671268302604,0.9315391523052956,0.9388032919321911,0.9389654549634628,0.9304286678821356,0.9369751450090407,0.9363449101137629,0.9324084768477291,0.9295144292174576,0.9359405213454344,0.9371123001881299,0.9319759387799308,0.9414990137273913,0.9400734070330163,0.9235368628454744,0.9345944566956161,0.934952866307442,0.9389694592357081,0.9309349114074446,0.9353433589530534,0.9361114793472564,0.9320297778519777,0.9413921366525922,0.9363218728743523,0.9320738807481219,0.927260006498363,0.9403956816249209,0.9310876510746511,0.9336757986168668,0.9331785088560952,0.9383548244132955,0.9303717162606838,0.9319587365448329,0.9361393118628758,0.9372584296700259,0.941413456125893,0.9304533533205509,0.9431220426700048,0.9380697547965462,0.9331269269486221,0.9348651451858015,0.9316970571276388,0.9402059264244875,0.9307185221418721,0.9334574012747462,0.9381654363924993,0.9381924406104336,0.9399164290845244,0.9309259863028095,0.9302420623651173,0.9381027047994274,0.935179695289709,0.9398808233578702,0.9317099949568034,0.9338060658595667,0.9334704175346984,0.9342186207688372,0.9387791750704767,0.931870386356395,0.9331194593817493,0.9371589195925046,0.9346899547565428,0.004880560551596827,70
188.5214558839798,117.93816826420726,0.7327418041229248,0.7383918530864987,0.0027280769290078575,12,0.6107821010454956,2,4168,0.6211417520759408,"{'learning_rate': 0.0027280769290078575, 'max_depth': 12, 'max_features': 0.6107821010454956, 'min_samples_split': 2, 'n_estimators': 4168, 'subsample': 0.6211417520759408}",0.9257617972385458,0.9291050828109597,0.9395498922752347,0.9377652328607476,0.9334267748980893,0.9365470743292599,0.9304416207698298,0.9338067566102146,0.9236748669301801,0.9356701330563235,0.9363593921203788,0.927261454159949,0.9350580722202639,0.9407576711819822,0.9320147692507846,0.9368027487196676,0.934177892771186,0.927978440990258,0.9277802399917543,0.9368913745784602,0.9280295549823654,0.9474647123527811,0.9218916595576594,0.9384027293948966,0.9311568021959838,0.9399404307870367,0.9306747307397217,0.9294556897781456,0.9347165641545339,0.9195590689273047,0.9277778596002089,0.9332137348869465,0.9379390533433116,0.9210728295346314,0.9372831117746409,0.9234994341044342,0.9278367137284117,0.9406465406993755,0.932912548818221,0.9393989595157038,0.9302712096321705,0.9371205988338097,0.9384520951665996,0.9288722933298706,0.9353436352421713,0.9344445851524128,0.9316469209293671,0.9286638801330971,0.9346985726433115,0.9358874646173568,0.9306485732908032,0.9395604019555757,0.9376317831674711,0.9214311673548244,0.9337139545276516,0.9332597534261418,0.9372082161697884,0.9296885831237531,0.9331571397319774,0.9338051579083997,0.9305230269236213,0.9403396568898663,0.9350235784574789,0.9308546988177543,0.9251492021040117,0.9395108501939513,0.9300153867587466,0.9327474308353743,0.9310535702843995,0.9370229025806138,0.9279871354090447,0.9305820546177772,0.9341357959722536,0.9355496340680277,0.9397382443621871,0.9287586741828902,0.9417155856591474,0.9366839123214954,0.9323881090171426,0.9331771602249572,0.9300406500590178,0.9387514075709202,0.9303668607726572,0.9322880900669572,0.9371095814457036,0.936787688546512,0.939267116536673,0.9295251763462943,0.9281027121669436,0.9369549570107292,0.9335298992038645,0.9385072035410457,0.9293107455917242,0.9319059376101066,0.9325038055548496,0.9326928045869205,0.9370450962054826,0.930720299554515,0.9316786773781943,0.9358731559258061,0.933151284783326,0.004993284362219436,96
136.00159979581832,91.57596279990632,0.2374354076385498,0.23878507656225847,0.01900609617765293,6,0.7257703228632789,2,4168,0.7634521906897548,"{'learning_rate': 0.01900609617765293, 'max_depth': 6, 'max_features': 0.7257703228632789, 'min_samples_split': 2, 'n_estimators': 4168, 'subsample': 0.7634521906897548}",0.9327096726278739,0.936197071127887,0.9449002102619537,0.9426986202764616,0.940396290468374,0.9419088337172055,0.9363779323323653,0.9416947767287513,0.9326445174695972,0.9397149489865532,0.9411392568374238,0.9357104296026781,0.9409563860223032,0.9437499923882369,0.9424768910892147,0.9419902764837204,0.9397599405623361,0.9371498801752388,0.9397041991305599,0.9430171578711315,0.934865277735802,0.9497423004339925,0.929054410251958,0.944143171944935,0.9399128811239431,0.9451708980956515,0.939087942724453,0.9359148278785616,0.9430348550126327,0.9247256095162566,0.9349681930650857,0.9402634109427874,0.9433607541214584,0.9300322137435149,0.9429861426331525,0.92934827421382,0.9376007373312465,0.9465377571921738,0.9397139400582253,0.9466143618677975,0.9364835681030985,0.945900480158172,0.9413645975557944,0.9337365651361016,0.9423403973057585,0.9411874953738518,0.9383883752135583,0.9370146793831108,0.9401872320229421,0.9415915083549508,0.9378385360610689,0.9445802032205763,0.9454172331379931,0.9311286441814594,0.9384986506149181,0.9394519968478217,0.9434322419549073,0.935633227033668,0.9399780089596533,0.9418461093587384,0.938788832735478,0.9472695187291059,0.9404020189791104,0.9391398463568732,0.9336612910450163,0.9463275316939849,0.9361251458471392,0.939695818925243,0.9375626744334551,0.9428670840759963,0.9381181430090569,0.9377355018392183,0.9432117238903414,0.9426453522241793,0.946414703917928,0.9354722529685093,0.9462157013552697,0.9425823854166631,0.9377582634696191,0.9405678830284158,0.937504214314229,0.9441659426356442,0.9339251091530802,0.9397123981249862,0.9433606868485123,0.943482015386717,0.9439265737603649,0.9381850727779986,0.9382333660948767,0.9437507314857176,0.939988607756264,0.9437016849652282,0.936650434648528,0.9406434600378852,0.9359075294878705,0.9410143884180573,0.9431339440701303,0.9385934312536928,0.9379429043425239,0.9423303544912205,0.9398668951801958,0.004354572453549235,2
95.96873328208923,68.43828873227889,0.46624882936477663,0.46745078702827436,0.009678103411289605,9,0.33680083337002875,2,4168,0.7916861140234621,"{'learning_rate': 0.009678103411289605, 'max_depth': 9, 'max_features': 0.33680083337002875, 'min_samples_split': 2, 'n_estimators': 4168, 'subsample': 0.7916861140234621}",0.9292394824002957,0.9320904544701607,0.9427975354441506,0.9406287260192867,0.9373746911715513,0.9392625780682184,0.9351205201481345,0.9393768240648247,0.9266375959258822,0.9388402612956981,0.938899249032434,0.9304357064143549,0.9390686125541762,0.9441465947467812,0.9358564422616913,0.9400368985513402,0.9366881270194459,0.9309748808270039,0.934207682204793,0.9405994342366842,0.9309245792181471,0.9491280324660516,0.924385134581008,0.9415860731000774,0.935892193448396,0.9425769071404926,0.9351925896387812,0.9335387687533487,0.9402328506944266,0.9224143544932393,0.9324462624811656,0.9372326949974178,0.9403427937768931,0.9260195134850975,0.941834575160622,0.9278677034854013,0.9335090479477158,0.9442214949482693,0.9346117210185719,0.9427543235150379,0.9318788751784668,0.9416904041611587,0.9404918264139591,0.9310550060649554,0.9406375809490604,0.9380334839145181,0.9373789815455953,0.9306659272278094,0.937068576916708,0.939117012419409,0.9334317588503676,0.9423690271619979,0.9418230865339688,0.9259002377668457,0.9376299129729647,0.9376443582454539,0.9406823277221958,0.9326197842629578,0.9368187833022772,0.9368547669735161,0.9347967989219512,0.9434630718223896,0.9380109277680021,0.934359250867707,0.9304914207924065,0.9420298717951946,0.9342741730456184,0.9364646738765112,0.9342234341596611,0.9394263631817589,0.9325540525344873,0.9350639236237426,0.9389018338078506,0.9394229606526368,0.9421345502434196,0.9318096633143814,0.944400411982945,0.9391821167810283,0.93573478230324,0.9371119285253607,0.9329935935890107,0.9413893490505377,0.9323911879313638,0.9356802034999265,0.9407312429025916,0.9403743724296274,0.9408948548277001,0.9333622017644163,0.9346150636813632,0.9398650582738077,0.9375342454932684,0.9403014162552793,0.9339103876330686,0.936598585338625,0.9366920117655756,0.9360706536217338,0.9411140098172621,0.9332315760864514,0.9340704254988026,0.9380631226692151,0.9366652540192117,0.004762697776342062,52
126.08490106582641,91.86796520862903,0.1821931195259094,0.19003165437483205,0.05766813678495467,5,0.9041051459439013,2,4168,0.6171339131681375,"{'learning_rate': 0.05766813678495467, 'max_depth': 5, 'max_features': 0.9041051459439013, 'min_samples_split': 2, 'n_estimators': 4168, 'subsample': 0.6171339131681375}",0.9291320749314006,0.9352666400639976,0.9424951697946691,0.9400307257479752,0.9391359894259496,0.9406088431688533,0.9358509855802086,0.9396432366852854,0.9289058298741182,0.9380845226305871,0.9392242730397673,0.9323100246503685,0.9395571752021207,0.9413945707968417,0.9400708912009361,0.9417197703658617,0.9367227275950081,0.9342834160599878,0.9344808805085267,0.9411175053764012,0.9338267068477819,0.9471862621587941,0.9251968870991549,0.9422449817956792,0.9368099869249848,0.9441017800397263,0.9389913805118992,0.9317951104468011,0.940866263603966,0.9209308249768139,0.9339521567861853,0.9377166835131832,0.942288193414799,0.9282593083856834,0.9415522445483053,0.9278435004240528,0.9370197104160504,0.9437535755486409,0.9395270880325846,0.945379101917212,0.9369998683336518,0.9434325642523371,0.9407746259191643,0.9304262649463695,0.9408280657574262,0.9380621995187751,0.9372805927873316,0.9372972331170106,0.9365329219112557,0.9398440112322611,0.936452144269047,0.9436468366492853,0.9433932659793206,0.9278711793983446,0.9384536906302715,0.9364087721894149,0.9397581102020155,0.9356366665806677,0.9390218229683206,0.9404392797571302,0.9334606247314028,0.9439963740873647,0.93718442543371,0.9374166724171242,0.9301662057063488,0.9433457683714883,0.9348082322851292,0.9374453639808221,0.9347527873980431,0.9383774184209486,0.934889251036008,0.9375147404222588,0.9407055709314678,0.9391801090098282,0.9429069486556317,0.9329865177289334,0.9447653171313143,0.9417298038948756,0.937012920232722,0.9373215290868855,0.9343656018751667,0.9417144160688213,0.9336791805044835,0.9372136928941383,0.9416007776661699,0.941462974083201,0.941540068046415,0.9327330764461694,0.9346766495314145,0.9384872441260115,0.9393831015196819,0.9418780842273864,0.9364851950593939,0.9375695145086452,0.9345680516639481,0.9378285264229762,0.9392497481205778,0.9377381277980148,0.9339866420837103,0.9403500684544371,0.9376831443855361,0.004548946715749391,37
138.96108580827712,87.79647754439137,0.43072896003723143,0.4457764868017884,0.010933018136631901,10,0.3717236262547444,2,4168,0.7957939914667664,"{'learning_rate': 0.010933018136631901, 'max_depth': 10, 'max_features': 0.3717236262547444, 'min_samples_split': 2, 'n_estimators': 4168, 'subsample': 0.7957939914667664}",0.9275369161852876,0.9319443794956485,0.9398085403431994,0.9387039639874594,0.9332995839250575,0.9379621086094644,0.932301515486075,0.9357558760086442,0.9263262499411588,0.9367012383660591,0.9365829150026311,0.9281033850787707,0.9368257575458455,0.9416210549668178,0.9329894256145609,0.9393160923917441,0.9354995576138135,0.92891349890023,0.9311785955769852,0.9390617285927509,0.9286477286584538,0.9476449911729152,0.9234007464948257,0.9395659283222487,0.9327022838256447,0.9404823402808165,0.9321825501283616,0.9312034717331479,0.9366934798950027,0.9216206590024821,0.9304239080826258,0.9349290522063026,0.9383967614674368,0.9238741271258071,0.9386684361719347,0.9250250584001042,0.9307286539553605,0.9422515593126237,0.9332797613839626,0.9409481223041511,0.9306253803442477,0.9388641284350924,0.9393430464664217,0.9281562674376709,0.937728425528778,0.9360068573940652,0.933019402482064,0.9293759530965757,0.9355469526789684,0.9372533940015847,0.9327949581882368,0.940875451160817,0.9394231069941632,0.9237818622910935,0.935279143669572,0.9351692282637789,0.9390760045922301,0.9301909296104456,0.9347965542813392,0.9345572476617034,0.9319102123235664,0.9408055645401977,0.9370219797363497,0.9315710892603934,0.9271457676271437,0.9392431586466075,0.9309219161266185,0.9332524531374127,0.9338752244539082,0.9382963151379252,0.9304824912321116,0.9314847428917705,0.9364275512578824,0.9370606832628139,0.9401778064644929,0.9303344226700174,0.9421076891578661,0.9382695716846918,0.9341288811093214,0.9332548210349626,0.9303382378272502,0.9398390829454183,0.9302634207297346,0.9324869084905573,0.9389872783348588,0.9381455036113683,0.9404385438431557,0.9316931490769105,0.9308195779749869,0.9382391527464056,0.9348856292343622,0.9386462409651207,0.9309212089038583,0.9340153901326225,0.9339743468039843,0.9332311157196607,0.9400944511586949,0.9311841296782519,0.932343824372223,0.9372619497479102,0.9345054778218865,0.004785606865165131,73
137.55211603403092,94.19205400619457,0.3278652238845825,0.3398900166805908,0.023732950058719497,8,0.47351811621687767,2,4168,0.7574937629823866,"{'learning_rate': 0.023732950058719497, 'max_depth': 8, 'max_features': 0.47351811621687767, 'min_samples_split': 2, 'n_estimators': 4168, 'subsample': 0.7574937629823866}",0.9304871596594326,0.9346419228712164,0.9432498608873204,0.9413316254698677,0.9382220853689742,0.940843958491793,0.9357753723382356,0.9405596994126981,0.9315806845539877,0.9387943602977122,0.939266936384845,0.9320096677558397,0.9380238533695864,0.9453873603044238,0.9379522867082969,0.9404633528511132,0.9379836626274916,0.934411912202296,0.9361875629891627,0.9419315730634843,0.9329825824964051,0.949385525306373,0.9269440061403152,0.941699615553746,0.9375645984833543,0.9433887577400268,0.936320591319025,0.9350754557100495,0.9392023953432994,0.9250235970368947,0.9325126855567918,0.9390252343173124,0.9433115419012889,0.9268939221516982,0.9415463849299827,0.9277619007770903,0.9337354644889528,0.9454398381925945,0.9376558490034907,0.9446837054048777,0.9343693817664853,0.9444287269958407,0.940819299237995,0.9325823053749729,0.9414836120652476,0.9376493449084246,0.9360687742228604,0.9330049945932353,0.9383603641402982,0.9394511653473475,0.9353624717539225,0.9440904464798323,0.943247816757416,0.9291035077119341,0.9382168907828707,0.9387744583794214,0.9422023032114605,0.9318320240387177,0.9362467140336329,0.9393436600963271,0.9353056928639011,0.9450165400518443,0.9372658098528195,0.9367044158604559,0.9323068496788404,0.9429940023979314,0.9344301140838558,0.9365624724338643,0.9356035494425411,0.9410678498911912,0.9350427757726267,0.9346475763670334,0.941476477536547,0.9402092272682198,0.9435680266169184,0.9332357941996837,0.9463964622769101,0.9408485874419188,0.9365612030682331,0.9382365153554287,0.9343599343146402,0.9421232105485104,0.9327799202011051,0.9372006999434468,0.9400350177417404,0.9414103938458945,0.9415676587167452,0.9349032561273561,0.9355851299024944,0.9410601438424935,0.9385132044311144,0.9408028543521071,0.9352126267616874,0.9368409354529761,0.9347107679096484,0.9384703612222625,0.9412059427248267,0.9337488905430897,0.9352604209816444,0.9411088896765499,0.9378027701306069,0.004541924850628004,35
242.61368009090424,145.3981099974586,0.5506185269355774,0.5418087065473609,0.013445349798407289,11,0.6789988650163588,2,4168,0.723327175109192,"{'learning_rate': 0.013445349798407289, 'max_depth': 11, 'max_features': 0.6789988650163588, 'min_samples_split': 2, 'n_estimators': 4168, 'subsample': 0.723327175109192}",0.9270056743855388,0.9299278999433707,0.939383147382654,0.9371815601910657,0.9330783329335168,0.9361974265261548,0.9292771802460915,0.9322527679263353,0.9237551849624196,0.934797415119486,0.9346918915889062,0.9267988521028453,0.9347808546718261,0.9405201163188392,0.9319424006933317,0.9349884596721185,0.9339330584137762,0.9270552851342709,0.9272394694299518,0.9366417892269406,0.928414494853898,0.9475210654188209,0.9228242978628499,0.9369036464200818,0.9307919074146721,0.9399474619636656,0.930359695820609,0.9293926163268607,0.9338373884309819,0.918520539843893,0.9281243539747136,0.9319006180453971,0.9381458602530638,0.9207689184328152,0.9363731430333637,0.923578515012086,0.9271471544429487,0.9400001050238392,0.9341202346061881,0.9397478117923885,0.9295868032787907,0.9370395720945687,0.9386677692316568,0.9280443288139096,0.9336896141878062,0.9323540668695754,0.9319746112892537,0.9291828715551582,0.9351308298283961,0.9343083444158532,0.929956555429282,0.9386820875397495,0.937152818701488,0.922432148215321,0.9319484366007998,0.9326186619449408,0.9354916091717386,0.9284926190829106,0.9315714898071304,0.9331642200845186,0.9288153903463526,0.9393251188867308,0.9353381188190004,0.9313311125786923,0.9247033351082086,0.9392682825891729,0.9314625875607534,0.9300678812634738,0.930910393393931,0.9364248574920564,0.9296422570702185,0.9300114667927257,0.9342816833214728,0.9349121752471842,0.9383974499523995,0.9268514530241753,0.9429452221177251,0.9366801455588237,0.9310639779518615,0.9323638095786302,0.9295354014746788,0.9367556277457241,0.9295419760949788,0.930103303704426,0.9365799582135613,0.9365466286868998,0.9389981654255846,0.9289261817141473,0.9271211438276724,0.9371797472029911,0.9343733352898491,0.9381621908345568,0.9306421847256731,0.9326441130865308,0.9319257687475362,0.932532641806181,0.9361478543751989,0.9299200199318672,0.9317524202732973,0.9356516830027206,0.932711951188031,0.004919944363720121,105
136.6513434290886,85.68049120420413,0.21260182142257691,0.22152774497801891,0.04308344342080995,6,0.716728488806714,2,4168,0.8144035974822499,"{'learning_rate': 0.04308344342080995, 'max_depth': 6, 'max_features': 0.716728488806714, 'min_samples_split': 2, 'n_estimators': 4168, 'subsample': 0.8144035974822499}",0.9327193569354377,0.9381574928591878,0.9439372059727972,0.9414303544825788,0.9413622324794366,0.9401343513532051,0.9361115511599069,0.9417571340906543,0.9291390090018443,0.9393248794711989,0.9400361988207039,0.9352097529658234,0.9399944597012349,0.9452112522893548,0.9406357488840068,0.9405639866907469,0.9378978757535223,0.9359596357238055,0.9376256604885963,0.9435616738503732,0.9349117460400704,0.9494461897128265,0.928403558374814,0.9434609180037543,0.9394529317369574,0.9450045892588321,0.937729355033539,0.935406637236716,0.9403579445912725,0.9273545407457113,0.9346551900620899,0.9404904585052191,0.9429137267989447,0.9287692438855782,0.9421663682408609,0.9285759199377568,0.9366574496215452,0.9457149204637271,0.9395460549515643,0.9477837903504531,0.9345407553190099,0.9450242231786249,0.9407507232455884,0.9320608360467715,0.9414413327996524,0.9400861891814049,0.9362349082496476,0.9366378936962049,0.938877024404694,0.9399977139873446,0.9359043042572074,0.9418250617707176,0.9460582208100419,0.9293025227263907,0.9386145848197137,0.9387233547647176,0.9419404535653418,0.9348405625002448,0.9387717972068876,0.9414283964620799,0.9364246269085641,0.9450234613869453,0.9418474525586028,0.939562410104075,0.932059291213688,0.9467940874875372,0.9349640028629664,0.9382556634680093,0.9369118920280561,0.9412270958833878,0.9380524603843995,0.9378424711230887,0.9391446341085954,0.9407887566616269,0.9435219089958015,0.9355765076101396,0.9457640088817935,0.9411525940561123,0.9380956686803967,0.9389510110663671,0.9370933509803034,0.942278298474328,0.9324279468443308,0.9389021569668844,0.9430403655463175,0.943044723545715,0.942934283686704,0.9362719195652401,0.9371350426825478,0.9420917021130725,0.9398333934075677,0.9425826214129238,0.937426815439675,0.9388538413117073,0.9373603151380968,0.9396344199878375,0.9427782117142507,0.9358391987542339,0.9362258182652923,0.9416777655388627,0.9390202440236499,0.00435884965588971,13
140.73483065605163,93.58508194104466,0.16699373483657837,0.16542014046701956,0.14100614488070173,6,0.5658061701046324,2,4168,0.9577018114898567,"{'learning_rate': 0.14100614488070173, 'max_depth': 6, 'max_features': 0.5658061701046324, 'min_samples_split': 2, 'n_estimators': 4168, 'subsample': 0.9577018114898567}",0.9283816798325522,0.9341730397295572,0.9416084932787943,0.9410188837015839,0.9337151762948309,0.9381263153534979,0.9285001353225353,0.9366507467059058,0.9236719233643166,0.9358794010346622,0.9376056611586615,0.92524369362721,0.93645927445561,0.9391738048912692,0.9389163216067155,0.9361146375326078,0.9363360288744378,0.9328052618829539,0.9326245256231983,0.9360325675650539,0.9289035670947846,0.9449419778542808,0.9234293715447351,0.938114912831821,0.9334370426159943,0.9418137562995436,0.9340579746026713,0.9315671295266855,0.9340945865976665,0.9187077297173777,0.9308946692996931,0.9345462628616077,0.938545564698157,0.9225793813124338,0.9391914414168275,0.9200443464413632,0.9301364818125252,0.9413295229962626,0.9343612790942951,0.9415308258645549,0.9294249770766827,0.9413521451282454,0.9340009932737905,0.9276128825393245,0.93388891056654,0.934156198672293,0.9316536619705676,0.9297871443841886,0.936658123648443,0.9374640102268231,0.9316914082032333,0.9391836768417032,0.9401967872478751,0.9229372017593698,0.9356460387594658,0.9366436639947299,0.9394365233354018,0.9299863492408604,0.9332895590890897,0.9354100213800476,0.9330672211346893,0.9403929033629825,0.9365874814666971,0.9323586612319551,0.9278390456177452,0.9397215863349992,0.931415176361597,0.9357736954455486,0.9315548689938126,0.935943581393452,0.9315840857604404,0.9310898294409314,0.9378206608982522,0.9355198268083433,0.9395121225303624,0.929135358960315,0.9406641839258068,0.936963435279437,0.9345098868201144,0.9349410266755676,0.9308044417650111,0.9379351945829699,0.9269132331196145,0.9371506936099453,0.9395663193744896,0.9378711040726805,0.9364703785535721,0.9331510444896766,0.9299663230285453,0.9364310647564889,0.9318762073737712,0.9389546375611734,0.9313776167467585,0.9339212421526277,0.9314192605572511,0.9336773639451343,0.9373045076374775,0.9325731975160797,0.930444466468477,0.9385321933359335,0.9341842080274863,0.004987377121829358,78
244.86118386030196,128.14676249160593,0.315077977180481,0.3151799511890392,0.012373915463819782,8,0.8797660659211541,2,4168,0.8225529566019121,"{'learning_rate': 0.012373915463819782, 'max_depth': 8, 'max_features': 0.8797660659211541, 'min_samples_split': 2, 'n_estimators': 4168, 'subsample': 0.8225529566019121}",0.9293788348779903,0.9340050017245523,0.9425348888016645,0.9398574936238631,0.937979104803627,0.9408628153008008,0.932252718001895,0.9371343786556227,0.9288369489267436,0.9389826536894144,0.9390015995492789,0.931541368211761,0.9366436999107647,0.9437615863136938,0.9374269411912501,0.9390851168861172,0.9372856731941227,0.931994357817862,0.9337695463947391,0.9407564659126684,0.9318060192771426,0.95038887985617,0.9260866837502133,0.9407114887759117,0.9366062190489635,0.9427812315841978,0.9346569550639825,0.9333205370560609,0.9379684395253309,0.9256767976634298,0.9317882712799658,0.9364334671494925,0.9417759647447002,0.9248042348324782,0.9406737310630352,0.9272936219187258,0.9322341669390375,0.944771208195793,0.9375279263986104,0.9431510565898592,0.9345165683496459,0.9422251853913328,0.9401060036152218,0.9309379883431399,0.9388794533631374,0.9348337710038452,0.9367325603320922,0.9337348684366555,0.939915926684565,0.9381497775150848,0.9345238874623737,0.9421005339485167,0.9427713646428135,0.9277662125090755,0.9362945373274318,0.9373058443090299,0.9408106450894679,0.9312246971521274,0.937420113366289,0.9393022548580405,0.9339114711633298,0.9435220577181826,0.9389263278712786,0.9367342191652308,0.9285738890468258,0.9428933476257888,0.9339175408510331,0.9353208249649227,0.9348603616278004,0.9394226524627806,0.9351962577118057,0.9348435955835127,0.937086148594505,0.9392280532084308,0.9422982376933566,0.9307940530952845,0.9458773054404409,0.9397211730401435,0.935745719641493,0.9379817830615986,0.934795797557572,0.9412766389743423,0.9316640730008728,0.9343472599900822,0.9417754131534181,0.939640454141127,0.942330775163817,0.9341365878340725,0.9326034684489904,0.9421045862560037,0.939075773876327,0.9411990271266978,0.9353801315761107,0.9356969846467472,0.9333568905039136,0.9366663099232722,0.9414760072295444,0.934118959179463,0.9350380218651586,0.9404497730100039,0.9368708824122669,0.004707361554998513,49
186.27991619348526,128.85571343809627,0.18654150009155274,0.18754651267649564,0.007959470449050965,5,0.8519701143948588,2,4168,0.8607640954097336,"{'learning_rate': 0.007959470449050965, 'max_depth': 5, 'max_features': 0.8519701143948588, 'min_samples_split': 2, 'n_estimators': 4168, 'subsample': 0.8607640954097336}",0.9257572979983414,0.9330478591139381,0.9412527214226286,0.9390656479947992,0.9365871530451242,0.9380582027455451,0.9326717421841926,0.9370652324766281,0.9284086532443253,0.9378348841288325,0.9390862152509466,0.9312738546812759,0.9353936353375478,0.9394971076784463,0.9370676982761743,0.9389359751187862,0.93546208030666,0.9311503208531463,0.9331708719929053,0.9390074690389837,0.929821133369446,0.9458879114834761,0.9239003702590557,0.9402597462405403,0.9359598213517463,0.9427104259722243,0.9354706597965342,0.9300557326642762,0.9393270297275167,0.9215586511854378,0.9298648906688258,0.936834847172885,0.9379993536533544,0.9254479237968914,0.9408853825436978,0.9242807178098202,0.9329211727227461,0.9435808498421103,0.9342526578114645,0.942657848496919,0.9321744348344613,0.9395341866931753,0.9358599329876061,0.9296115472977455,0.937421215277213,0.9351676709789893,0.9354284856945314,0.9326545854169799,0.9361055466562312,0.9377060599535777,0.9323775898388085,0.9404069427525195,0.9417129533385702,0.9251947137639029,0.9342260649559496,0.9349644652688651,0.9391074995486598,0.9312465743892689,0.936780804967903,0.937720262703141,0.9341296067587904,0.9427739787809668,0.9369537113549609,0.9343186207028289,0.9279522508249265,0.9408094410773018,0.9322370990337547,0.9366427591205165,0.9311712347590764,0.9381071254324373,0.9341785431207225,0.9343501501501857,0.9371447746259302,0.9363343876239215,0.9414059848417187,0.9311824996694531,0.9414373917688867,0.9382760574229658,0.9334430448049172,0.9347599367335901,0.9321650515734766,0.9409910688238361,0.9294820294506498,0.9340738903579744,0.938044318186283,0.9369080588340172,0.9384959009561814,0.9321684644160707,0.9339041048358292,0.9402131243919206,0.9351334452383111,0.9393930099045572,0.9333050848935629,0.9377796469845155,0.9321181619688335,0.936875822535834,0.9375194326602289,0.9340843077227408,0.9324697339143374,0.9386622335793587,0.9354026877661267,0.004592232957018272,63
59.55578313350677,42.918188887374754,0.3047356247901917,0.30341241446125244,0.0743925293548933,11,0.42080532093809697,2,4168,0.5708686692637015,"{'learning_rate': 0.0743925293548933, 'max_depth': 11, 'max_features': 0.42080532093809697, 'min_samples_split': 2, 'n_estimators': 4168, 'subsample': 0.5708686692637015}",0.9206664430368585,0.9257648955495515,0.9346470052691604,0.9333779724386587,0.9286973727948923,0.9353053614670834,0.9239517193004717,0.9312003339940111,0.9186400324363608,0.9284438958222606,0.9303280945267114,0.9210324763795852,0.9300500661035899,0.9371587760191519,0.9250315054314334,0.9333139473006377,0.928555705155147,0.9233205745314284,0.9277750055255054,0.9341257089656675,0.9240173441018212,0.9413271243467956,0.916613140950128,0.9318993739688213,0.9281664090472088,0.9344357091236204,0.9257407334186938,0.9259292095147449,0.9323437788500082,0.918868830830253,0.925325134042943,0.9283492426260954,0.9317037599831879,0.9192578585200867,0.9345763344600747,0.9186506456297954,0.9244261432455351,0.9375070621566118,0.9279017868876593,0.937054054973395,0.9277859241065711,0.9315382808077675,0.9334846194846468,0.9225766327571131,0.9313677652131198,0.9294078001616006,0.9276381650700075,0.9235955891739425,0.9298781766552899,0.9341974668329728,0.9273580275083906,0.9342427138866192,0.9326139361732382,0.9192058013907285,0.9303399575090822,0.9274276718619737,0.9340815394537868,0.923869849454337,0.9298143155220076,0.9321997975718184,0.9254846600152661,0.9364479372286837,0.9320331594798559,0.9237972535787046,0.9182585444849045,0.9340079375228779,0.9250812099511556,0.9312830749204949,0.9299879812931657,0.932912017734536,0.9221331212614956,0.9238564285432603,0.9284711509913126,0.9328209822241462,0.9363525514039204,0.9205128956453257,0.9353507690340161,0.9335556694228315,0.9279350237707001,0.9300757820413945,0.9253161891919915,0.9347311383928307,0.9259793715610802,0.9299653511731647,0.9304401002903606,0.933975242624322,0.9362473726024155,0.9261061895262369,0.9278244505061772,0.9334461184041353,0.927747200201849,0.93327867277719,0.9250584384690882,0.9308967077498107,0.9277126258619467,0.9298960449606636,0.9351088133727753,0.9293142146089486,0.9250205218201508,0.9321115537314275,0.9289863906769529,0.005120767445450509,157
93.88131182909012,72.83490460689826,0.18227287769317627,0.18488069513065417,0.007000271939956904,5,0.4864252554646121,2,4168,0.904757102417078,"{'learning_rate': 0.007000271939956904, 'max_depth': 5, 'max_features': 0.4864252554646121, 'min_samples_split': 2, 'n_estimators': 4168, 'subsample': 0.904757102417078}",0.9241980616695105,0.9313638629825569,0.9401029867436974,0.938550579697512,0.9349537730643573,0.9358609572137491,0.9325041000707546,0.9365446426531877,0.9253862840300883,0.93648736005291,0.9383795660662659,0.9304890138279353,0.9339752110744988,0.938381517447107,0.9349457496602279,0.9375674154796295,0.935761134268233,0.9285747102885626,0.9330078559888885,0.9372859585873141,0.9273722573481769,0.9455329880229335,0.9226794563136212,0.9374859815194427,0.9353658889554649,0.9416316643275429,0.9343511128118622,0.9297987370837092,0.9392915697411643,0.9199913718756607,0.9286922630348424,0.9355820970466092,0.9353254112411521,0.9245281272953744,0.9408322160894165,0.9232373914578258,0.9316093317048382,0.9431089753927443,0.9316792814630597,0.9420670430788479,0.9296315774055173,0.9383483376385048,0.9355192506820545,0.9300437441436707,0.9368759558178074,0.9353588208605772,0.9349408725309452,0.9301504464056634,0.9337010847697754,0.9367107750280157,0.9307918216165598,0.9404673267237743,0.9394843598275862,0.9236114465399142,0.9328775869781375,0.9340709752786189,0.9374690173619259,0.9300449235140031,0.9348615914769853,0.936269077041202,0.9325562025392972,0.942166145357728,0.9345626969089466,0.9319735900844057,0.9277408099100501,0.9402450695039083,0.9306213657375463,0.9343270076858643,0.9307415461988406,0.936087424079475,0.932801810352958,0.9333836869924226,0.9368494124300253,0.9348154382496595,0.9396517320581145,0.9310746252623684,0.9404801402527099,0.9364498493588699,0.9328041656765231,0.9328413899924499,0.9295241357907702,0.9391045066181392,0.928357128680337,0.9338249908664049,0.9377101296570585,0.9362578729786645,0.9363749829110983,0.932155820344583,0.932605191097901,0.9383669496458681,0.9331309574805784,0.9385916263908709,0.9314535637912459,0.9362012390032686,0.9320030413986443,0.9346988426808231,0.9363331150125621,0.9322912204231293,0.9315909535010197,0.9370561971353056,0.9341551947235294,0.004696591348305016,79
201.69860050439834,141.5676335762376,0.5331751942634583,0.5514149870158478,0.005064759528005534,11,0.5238935052541599,2,4168,0.785945929553687,"{'learning_rate': 0.005064759528005534, 'max_depth': 11, 'max_features': 0.5238935052541599, 'min_samples_split': 2, 'n_estimators': 4168, 'subsample': 0.785945929553687}",0.925815650835933,0.9293622579058237,0.939358681375475,0.9382257966719707,0.9328785900157375,0.9364680414957143,0.9307155772782407,0.9341478640095435,0.9240537243426863,0.9355550085367854,0.9358107321308641,0.9270148459199796,0.9352692752614358,0.9411607039106457,0.9317339821878071,0.937210768330179,0.9345003293685651,0.9271022603097828,0.928213507011227,0.9371492828812623,0.9278909715081127,0.946875020147556,0.9216980171310349,0.9375019553253209,0.9309685071469795,0.9390522206491058,0.9305379262482774,0.928366763936026,0.935543853813052,0.9204521668731447,0.9280348143153794,0.9330210101207069,0.9376842119646339,0.920868779087506,0.9380249806109784,0.9242755130505691,0.9278781638769266,0.9402599545438911,0.9332113018512131,0.9388411938355171,0.9297521378432816,0.9370629424547946,0.937485397378591,0.9288119469447282,0.9356298166533852,0.9341403942730415,0.9318090601141609,0.9278970068627698,0.9347061498695571,0.9353468074314594,0.9308828237061406,0.9396653277751712,0.9377291480839962,0.9226040131891101,0.9341240747101507,0.9331571603630033,0.9367796402732691,0.9297726612084337,0.933106240585664,0.9333659849267566,0.9306334172965519,0.9389830543479235,0.9347888670735451,0.9306705089808098,0.9261063129526564,0.9384063845119655,0.9297102105112742,0.9321574302318345,0.9311491649499115,0.9371267772471483,0.9288254206795412,0.9301383368114841,0.935300690269858,0.9363566067827679,0.938684197935544,0.9275848141096392,0.9412918587394132,0.9362312770479755,0.9326713567592507,0.9326767003897896,0.929304343481292,0.9386727990139181,0.929022374847833,0.9316984588825178,0.9360357492032756,0.9357600130373785,0.9387458633754652,0.9288634538257508,0.9280801075528297,0.9374315273298319,0.9339645149271347,0.9383091592494199,0.9302760638732698,0.9319702369022457,0.9325394402463157,0.9322348818915348,0.9370861131628093,0.9307078147051301,0.9314732490296178,0.936372974232214,0.9330460546686171,0.004859043505984291,100
59.710908603668216,49.53248032955567,0.1493609642982483,0.147585088258642,0.2554656472004627,5,0.36550724528520134,2,4168,0.7912351927098262,"{'learning_rate': 0.2554656472004627, 'max_depth': 5, 'max_features': 0.36550724528520134, 'min_samples_split': 2, 'n_estimators': 4168, 'subsample': 0.7912351927098262}",0.9138682840325623,0.9169611254809685,0.9315232687562399,0.9212373880624224,0.9246475237030226,0.9334264955021069,0.9225862971072724,0.9247372316407271,0.9179720244641647,0.9288842903758663,0.9228426675731393,0.9154891459651234,0.9334386432485028,0.929216932412876,0.9234471322517067,0.9225405675869156,0.9252141617443096,0.9258937198779303,0.9228272431626545,0.9285716339726989,0.9165142945891701,0.934821722945383,0.9162337662250467,0.9277134584265067,0.9228248853559113,0.9296599921350819,0.9259154113734127,0.9204051856580456,0.9240329009515588,0.9145166555369407,0.9186544834136863,0.9263121009022552,0.9259932591535224,0.9174874966475719,0.9283087180731981,0.9112323616436726,0.9188767124950024,0.9332917351163088,0.9223338846249709,0.9315241832217807,0.914717953007073,0.9333761235318241,0.9265261995328395,0.9156765668414594,0.9284693072092303,0.9262889614530834,0.9240474439479462,0.9211306991818252,0.9241678570834152,0.9236822993062845,0.9242869925808461,0.9261202493185458,0.9313874973947107,0.9112221901822212,0.9223347987050282,0.9216394613933326,0.9240002371790212,0.9245115989862445,0.9233265729888978,0.9300759951961357,0.92288896577831,0.9296713671260495,0.9242469649694469,0.9212205958878932,0.9171387825521327,0.9284699521651801,0.9218696349665847,0.9319703104191621,0.9157673116998993,0.9226900070764029,0.9269787344173138,0.9231417011881575,0.9261272077527449,0.9309742413460425,0.9283874711450455,0.9186585260378164,0.9304206199681132,0.9288439574361598,0.9214986181814601,0.9248649983188565,0.9181777790210706,0.9310335195939681,0.9195815733397494,0.9183066156974591,0.9287847411821104,0.9293894423375018,0.9273160054851766,0.919254986866392,0.9262382571637797,0.9244708883782475,0.9225753851947903,0.9268837903993868,0.9240363600361062,0.912660018368745,0.924077309793864,0.9254853911218585,0.9228870254902459,0.9249197016667788,0.9231198014166766,0.9287823368278844,0.9240277888824475,0.005274368734746452,172
31.530497827529906,29.533572647485357,0.10380257129669189,0.11037604460236233,0.20270630725893457,12,0.55597474162952,2,4168,0.6060449834759736,"{'learning_rate': 0.20270630725893457, 'max_depth': 12, 'max_features': 0.55597474162952, 'min_samples_split': 2, 'n_estimators': 4168, 'subsample': 0.6060449834759736}",0.9066878524571054,0.9156725759765147,0.9177740775308311,0.9204496019472672,0.918587978992552,0.9264524078192015,0.9131603306851431,0.9150899936745084,0.9084576054301611,0.9146692676805918,0.9168198977900797,0.9077078491037927,0.9178131193921245,0.9207670128276527,0.9183296190593466,0.9205185424534635,0.9199260691680582,0.916901281990102,0.9133811546864911,0.9194045520521957,0.9108714287532942,0.9314729930333299,0.9092435958626359,0.9223315102020159,0.9109601397929381,0.9269839724711293,0.9176410999453797,0.910873119144703,0.9175425562157046,0.9000975551206731,0.9096272690557982,0.9150357650853097,0.9190848518812922,0.9043588819481738,0.9208863588583202,0.9055770266328135,0.9122715415899618,0.9262318555997257,0.9171657545300825,0.9243135650073359,0.9128061777722833,0.921903067422887,0.9213321455372946,0.9129404238380647,0.9193729498337674,0.9223694280893303,0.9183458601268266,0.9103658563332571,0.9167272276903279,0.9190055200318427,0.9113374226115576,0.9242944692388835,0.9192818986801977,0.906857001586095,0.9162661939704125,0.9158135165288506,0.9175080121379046,0.9154410255986418,0.9113654289439144,0.9142218964959493,0.9140182825233398,0.9265013919628168,0.9228485679503291,0.9134490337158307,0.90994430245121,0.9237522230779822,0.9170637599884317,0.9175892097995075,0.910011643976383,0.922811838031654,0.9120837546585486,0.9135478668138888,0.9072614953014432,0.9205615605438351,0.9244685916966326,0.9095693126837419,0.9250499642157327,0.9178224871576933,0.9125728976713237,0.9129308167887193,0.9090797336178098,0.9227500126952825,0.9141169100803804,0.9150684964802311,0.9232683182657556,0.9243562800455853,0.9276746995630598,0.9122452304614185,0.9104387998240475,0.9207918683736341,0.9139277246054718,0.9264801502947169,0.915116265709602,0.9115939539012924,0.9116492211426047,0.9170896594229488,0.9235031599471257,0.9123959363336569,0.9128879996787835,0.9190119649358434,0.9164600254030438,0.005888442755320738,188
134.37610377788545,94.89001786986293,0.32642752408981324,0.3213382360107741,0.06943579464540373,11,0.8571793203790363,2,4168,0.5486886124474373,"{'learning_rate': 0.06943579464540373, 'max_depth': 11, 'max_features': 0.8571793203790363, 'min_samples_split': 2, 'n_estimators': 4168, 'subsample': 0.5486886124474373}",0.9223419742581285,0.9265430574518544,0.9348234257449017,0.9335230667694765,0.9343236050315216,0.9344700356207419,0.9268804128975796,0.9322720247517569,0.9212117223828806,0.9298454730400407,0.9349895023100443,0.9227983037451966,0.9306409939435161,0.9361684693794358,0.9295896589974025,0.9315614579407369,0.9296020663891427,0.9260249061927686,0.9257266076418929,0.9354015968374487,0.9267988656154321,0.9442877763879423,0.9213949396210599,0.935081572459377,0.9263806780763009,0.9338163294263369,0.9298522535518706,0.9267579932704574,0.9315397405918909,0.9218030818557966,0.924086556444323,0.9298594853347861,0.9361823730649701,0.9166145386593265,0.9330931448107135,0.9231556117704828,0.924680927306808,0.9357083072168285,0.932731044942915,0.9381172719454938,0.927236019457662,0.9342241635360795,0.9330390144558561,0.9259774134220808,0.9317934437441382,0.9289088365875042,0.9268794032205591,0.9251150448870062,0.9321593848495432,0.9312640525354061,0.9274681037594026,0.9374105100380726,0.9341618430018681,0.9191376722480166,0.9282813565805873,0.9285118333560258,0.9344438351233126,0.92507817693128,0.9315635652290016,0.9276633124364646,0.9275240119874655,0.9365587868856811,0.9305494817698631,0.928963606143261,0.9203119443137517,0.9359432265481095,0.9265390507272737,0.9283396187700912,0.9295967018785745,0.9327102801934507,0.9259699355438985,0.9272683773848781,0.9305245853574102,0.9332572485497974,0.9389010189256851,0.9225849904896337,0.9414244832213301,0.9342239014571541,0.9323245063593777,0.9312804580146171,0.9254922766528866,0.9353199583615942,0.9304769450930428,0.9278009682001708,0.935292293840205,0.9324508045987508,0.9393116007337763,0.9273100577365561,0.9232543959243165,0.9344419164280171,0.9319613526158907,0.9357027391399613,0.9289678677763742,0.9279211981156751,0.9275244141203001,0.9294915058147637,0.9334486948812285,0.9277397659804576,0.9293503664061581,0.9361766098277774,0.9301522978584866,0.00500662794504294,140
188.04750239610672,114.4611571320312,0.5785739254951477,0.5640903117783754,0.003191404586995293,10,0.6726086011394686,2,4168,0.6447630575364863,"{'learning_rate': 0.003191404586995293, 'max_depth': 10, 'max_features': 0.6726086011394686, 'min_samples_split': 2, 'n_estimators': 4168, 'subsample': 0.6447630575364863}",0.9277380776158521,0.930527692539769,0.9409569608873909,0.9388875607430082,0.9349190068814409,0.9379844298697657,0.9322600574155178,0.9351455607698738,0.9264944632405905,0.9366146472879127,0.9377490213622801,0.9291557656201421,0.9359180168514768,0.9422892112733124,0.9347132655934974,0.9376416176896067,0.9366742454055289,0.9296128094855095,0.9306331499096436,0.9388162445513549,0.9300605693902473,0.9485687291506043,0.9244628376067116,0.9391026786218738,0.9338150253999323,0.9414486273775684,0.9324403461557247,0.9310392137990742,0.9364786357654913,0.9222563218800804,0.929427011599961,0.9347259065702145,0.9399141757013787,0.92357708258276,0.9389584372324442,0.9249169037984202,0.9301458232428197,0.9419836233695423,0.9356784603441142,0.9408911572832555,0.9320069382818046,0.9387295331301286,0.9390179034631242,0.9298738451951155,0.9369184137187097,0.9350121052209897,0.9332595230299668,0.929885786714384,0.9365311193171733,0.9370689472845625,0.9323609377221589,0.9407961145493207,0.9393792146715935,0.9240059360158094,0.9344467882072007,0.9350920449008795,0.9384955663610679,0.9306168827504532,0.9346128467774971,0.9357865720654895,0.9317805986869305,0.9419480777409177,0.9366729531676055,0.9329948771109398,0.9265461170179349,0.9414954568193872,0.9317708668250246,0.9339972734605472,0.9327173826620538,0.9384128038269499,0.9310326303026073,0.9326256685052308,0.9361952655754515,0.9370352337786695,0.9411441013283643,0.9303335450360498,0.9440645999753976,0.938430949255298,0.9334145515457202,0.9346416071567505,0.9324530195646262,0.9402604917320435,0.930421909711854,0.9328224052399006,0.9392455235992805,0.938292723247209,0.9407919802849584,0.9318685488154761,0.9295724688787683,0.9387291690248498,0.9358499997691249,0.9397056690457155,0.9313918596130428,0.9340213207550297,0.9331790874001101,0.9348043264030959,0.9386494086926329,0.9326259277562535,0.9334938267871873,0.9382598499775072,0.9348221446731961,0.004808759646593003,69
238.9886675286293,143.80708103184625,0.4463371777534485,0.4551602661707897,0.004799562611044572,9,0.8559137093499958,2,4168,0.6569698307914021,"{'learning_rate': 0.004799562611044572, 'max_depth': 9, 'max_features': 0.8559137093499958, 'min_samples_split': 2, 'n_estimators': 4168, 'subsample': 0.6569698307914021}",0.9284510954474516,0.9315158200904191,0.9418351219140997,0.9400584032257717,0.9362159651325094,0.9397827830047996,0.9320667434205536,0.9364136703665299,0.9276557747946418,0.9376261623408622,0.9386241214735649,0.930204337391954,0.9363819773899928,0.9424751474053946,0.936357151209759,0.9382190433210367,0.9369291077329729,0.931407082807493,0.9311553249785989,0.9400658881476445,0.9308879259514362,0.9494004330967193,0.926329383806124,0.9399222472231914,0.9342419317417329,0.9424139061196151,0.9336627999007774,0.9319996427026033,0.9375837899189354,0.9235600585272414,0.931197015518286,0.9356990991605323,0.9409190873661621,0.9240762676600544,0.9401160188894515,0.9268814015346302,0.932327760446306,0.9429066080426771,0.9364742662430183,0.9419841652905468,0.9332452460293877,0.9392112309835455,0.9396214351076004,0.9298939748752924,0.937872038564474,0.9354854892041946,0.9342393417949821,0.9320618430266663,0.9380232723159406,0.9372228473472939,0.9341999323030815,0.9416306490488422,0.9409647385348364,0.9264199089500943,0.9352775685354688,0.9363802488062531,0.9395423326595927,0.9314619859705936,0.9363574259284991,0.9380778391216661,0.9323780164980258,0.942799731542601,0.9378769311942661,0.9352627155258325,0.9274512737132334,0.9427211163026301,0.9333176199252532,0.9343893707735392,0.9333058610664661,0.9389412333897299,0.9339292370668948,0.9333236704006005,0.9368801094991731,0.9378357353990314,0.9421132630666084,0.930565489050604,0.9459080582540818,0.9393347317590915,0.9338936307821403,0.9364530121111514,0.9342598308159334,0.9406219366749002,0.9319171582324662,0.9337749483239794,0.9400316241209051,0.9393771606047672,0.9421280391050966,0.9330758576864788,0.931429698843658,0.9404319586537424,0.9375358615825309,0.940413102403961,0.9336408104913212,0.9349750793490111,0.9323168245570675,0.9363798363124174,0.9397608556441661,0.9333664016542895,0.9342085202701669,0.9403334127798484,0.9359187360527205,0.004731195780687878,60
179.02962495803834,106.46011844292255,0.26931717395782473,0.2665246517374821,0.02319146980125873,7,0.6303748161446907,2,4168,0.9444780933334733,"{'learning_rate': 0.02319146980125873, 'max_depth': 7, 'max_features': 0.6303748161446907, 'min_samples_split': 2, 'n_estimators': 4168, 'subsample': 0.9444780933334733}",0.9326134990893014,0.9352804923552496,0.9447041230361988,0.9421163168055471,0.939424614187852,0.9408734212176117,0.9357536991310901,0.9413525148842484,0.9280084812560753,0.9382119916754998,0.940179123431322,0.9342988995502745,0.939098980140511,0.9441415229341356,0.9388117908110616,0.9413269106652463,0.9391614790051473,0.9355039228451059,0.9372988005975422,0.9409408803439274,0.9347056625350112,0.9510934366863966,0.9278952373254884,0.9418608595221787,0.9373251969669184,0.9435491477988586,0.9366473417291653,0.9352726130910627,0.9410700691893561,0.924663965826963,0.9342085703191784,0.9391642633728562,0.9429931190872246,0.9289953602497072,0.9426898709165278,0.9283518481843938,0.9361189485980798,0.9455787403907071,0.9393542412141684,0.9440524344945086,0.9370373193619219,0.9435086400357173,0.9402690331884782,0.9321832331880059,0.9410596696117552,0.9381535386655901,0.9376053504343123,0.9343033893677273,0.9402896692401977,0.940787525583931,0.9365824248043483,0.9433864251381546,0.9453031904820156,0.9299782228936673,0.9382560660851101,0.9392582553182037,0.9416722254386366,0.9339895994187102,0.9379191853456982,0.9402970080091266,0.9363655688969097,0.9452281830550433,0.9391529362902225,0.9382908490631416,0.9307223966982331,0.9451168626987151,0.9358581268028805,0.9388436311128115,0.9374561093584401,0.9402859831179413,0.9362858572983026,0.9363548111355984,0.9414594558161115,0.9407501703817776,0.9430260209862712,0.9344089642640311,0.9462751186313118,0.9417915401416075,0.9358743290973341,0.9386114900250696,0.9340717390133848,0.9430703048958529,0.9335976192718279,0.9384040284593999,0.9423237709047799,0.9424608856237595,0.941562593637561,0.9353200411708587,0.9367149334560784,0.9421125571532104,0.9396550951925816,0.9424651576339108,0.9358821198718527,0.9387373141640456,0.9346834568013527,0.9381731273092156,0.9422664248130851,0.9365267882272278,0.937230819546921,0.940993292806902,0.9385494283789858,0.004431304368473427,22
75.25993537425995,53.64917291818921,0.252245876789093,0.25389980275681645,0.003356267169447912,6,0.40316034279043567,2,4168,0.6570271077026499,"{'learning_rate': 0.003356267169447912, 'max_depth': 6, 'max_features': 0.40316034279043567, 'min_samples_split': 2, 'n_estimators': 4168, 'subsample': 0.6570271077026499}",0.9231169642881942,0.9284411418737073,0.9383537902991334,0.936583565510395,0.9333908081816145,0.9343703004025815,0.931554252443261,0.9349506172868657,0.9223358431077958,0.93533959297966,0.9362873266280788,0.9285306424892593,0.9324344425368983,0.9379416776534952,0.9320871136482431,0.936631512459614,0.9335025191397907,0.9272034175742411,0.929858359192803,0.936576791488033,0.9261758710274071,0.944181669777963,0.9205380059199318,0.9369872099731487,0.9326917226709438,0.9394405498047771,0.9326736989983692,0.9271937642016048,0.9369692862672074,0.9176640660327479,0.9267541651963501,0.9334443102728721,0.934080582424409,0.9215284909658022,0.9390657475820543,0.9226566202458948,0.9281922576339627,0.941285914361228,0.9307645961882143,0.9401671488321768,0.9274774466037574,0.9357072384867148,0.9343826236995878,0.9279818252244744,0.9347830652330816,0.9343381800253062,0.9325491632048749,0.9275081006480288,0.9330495130756077,0.9340847337844835,0.9291064464429828,0.9396252302615603,0.9377114972422305,0.921902050557779,0.9318353773069772,0.9330522315679869,0.935618244588671,0.9282408192205045,0.9337040721715208,0.9344798022864494,0.9300875393175481,0.940276848736353,0.933051108453402,0.9294859896478235,0.9264007887046614,0.9381430486647065,0.9280892872938152,0.9324699628652128,0.9293250254925115,0.9354345014942123,0.9286629988719567,0.931190255303179,0.9343034716840942,0.9335925729328096,0.9380160010268684,0.9279826395390178,0.9381348753998732,0.9348481242551966,0.9314421943905975,0.931164460745311,0.9288473850516956,0.9371186634999721,0.9272751497921496,0.9314292718315618,0.9360613983925944,0.9353778086356775,0.9351873774912327,0.9301036716583955,0.9305365533842781,0.9365323881017158,0.9317074870501637,0.9365658386171507,0.9299671703963872,0.9324303979894678,0.9303469608656194,0.9330482447489999,0.9353405336355737,0.9304864608165541,0.9290298215697964,0.9344637924517574,0.9323304208999319,0.004811697312187824,109
112.49504848957062,78.67006712465295,0.22628528356552124,0.23355415531335386,0.016189743372400367,6,0.53528123200517,2,4168,0.8397857166533368,"{'learning_rate': 0.016189743372400367, 'max_depth': 6, 'max_features': 0.53528123200517, 'min_samples_split': 2, 'n_estimators': 4168, 'subsample': 0.8397857166533368}",0.9330855151578336,0.9364976494393996,0.9457019355074173,0.9429274050389119,0.9411348970453484,0.9421774623699871,0.937510485524818,0.9428648937975714,0.9331853560204649,0.9401271432123615,0.9416696707706765,0.9359938411112325,0.9406986813594409,0.944970386528682,0.9402661504293562,0.9438469749976638,0.9404960365457723,0.9361593949994889,0.9404941696297737,0.942822387527632,0.9344239648042714,0.9505747991735325,0.9297434595971801,0.9444892430349736,0.9399241350263938,0.945933564693769,0.9391017149178963,0.9354776472648355,0.9427527100190143,0.9261169547497354,0.9347745700437238,0.9406804474437575,0.9427665941484739,0.9289218761678812,0.9440678993628918,0.9290674615655267,0.9375466303679895,0.9474875780844076,0.9396280180816247,0.9469814097097528,0.936401590816071,0.945781360321046,0.9415722902059449,0.9339948306478767,0.9428754683855295,0.9405487173700703,0.9389743124214233,0.9350990767352215,0.9396376599548854,0.9414215654027264,0.9370578265819134,0.9444187837129929,0.9459079360548178,0.9308340341435313,0.9391147206211686,0.939879128814848,0.9436499870624828,0.9363184522719665,0.9409070244149751,0.9411213742869068,0.9378306279196758,0.947004537198037,0.9410562213984752,0.9378207478694486,0.9343181234324904,0.945939977217213,0.9358729307051595,0.9399097361081991,0.9382215298785587,0.9413384868405185,0.9388639790439711,0.9385831510607533,0.9432262558432077,0.9423695186973127,0.945184724223024,0.9359987608835099,0.9461964453008456,0.9419292606802805,0.937798332514154,0.9407527651861551,0.9368954849414053,0.9444917217787822,0.9338726879262764,0.9400953927991726,0.9436136137859162,0.9419819185873739,0.9436676724217872,0.9379666063461689,0.937759734159794,0.9435127518119311,0.941117091197502,0.9437161721354967,0.9374296697452633,0.9412411734036762,0.9368540474301739,0.9401347366316484,0.9437402427101941,0.9389440358200541,0.9381304146913034,0.9428091258671492,0.9399679766168991,0.004376859878298075,1
73.43665792226791,55.739492743533084,0.3709886169433594,0.37016383384184176,0.054788337132392936,9,0.34776668222138757,2,4168,0.6997728671267625,"{'learning_rate': 0.054788337132392936, 'max_depth': 9, 'max_features': 0.34776668222138757, 'min_samples_split': 2, 'n_estimators': 4168, 'subsample': 0.6997728671267625}",0.9274362854724172,0.9327490791115809,0.9423892204128852,0.9391139663328485,0.9344283683007243,0.938431747503617,0.9288526477926998,0.9340310819854873,0.9261430080085455,0.9349170573373989,0.934178150108326,0.9304367487773041,0.9358163607422416,0.9411540697635715,0.935217104263182,0.936830508383291,0.9359168203812784,0.9265833020686676,0.9301645333540237,0.9384015699441695,0.929523564399097,0.947165224086748,0.9206084323124195,0.9378645462767866,0.9310729404369467,0.9371517316017369,0.9319328075303591,0.9329550331118801,0.9376020958538491,0.9233519054338626,0.9298868509068843,0.9349485128179814,0.9369593773053121,0.9240733443057725,0.9393903391594508,0.9251790754811752,0.9305073157888986,0.9402863963908265,0.9352996486948825,0.9407670204215506,0.9285019259114422,0.9367304987762187,0.938959009990729,0.929374732233686,0.9394658253956742,0.9351950330859602,0.9333497934245324,0.9301956619248078,0.9357371456182206,0.9379217344140989,0.9304953612458531,0.9419094084886516,0.9397173810544353,0.9219153091369507,0.9356307055854163,0.9336035822954452,0.9373534716071952,0.9334448794031407,0.9354708265740554,0.9340241307990337,0.9311177891932374,0.9398063016312879,0.9332815126582611,0.9304257399731077,0.9260539907196386,0.940258090943634,0.9302268998781188,0.9331704222891173,0.9312884928819356,0.9377026706715643,0.9292918059837854,0.93218198200004,0.9343533897169676,0.9371159045589004,0.9388265222327048,0.9286398666931952,0.9409332804926884,0.9388968528408872,0.9317759126976639,0.9338117180169135,0.9324988142579964,0.938264064644053,0.9283615715054127,0.9338270425473202,0.9370203095995471,0.9379080298608413,0.9371171510587081,0.9326839621695572,0.931029876612793,0.9380991286299842,0.934078090851827,0.9373127980333356,0.9299302430316813,0.9330637008791908,0.9337907358886499,0.9347870255547199,0.9388144585761489,0.9332427703188314,0.9309100951692935,0.9382791270004428,0.934088923515902,0.004752405253245185,81
216.19624794244766,135.42977315378926,0.32637773275375365,0.31844106605931366,0.06153412392775783,8,0.8128183149846561,2,4168,0.814862939539932,"{'learning_rate': 0.06153412392775783, 'max_depth': 8, 'max_features': 0.8128183149846561, 'min_samples_split': 2, 'n_estimators': 4168, 'subsample': 0.814862939539932}",0.9284890550723137,0.9341605263012732,0.9416979755595561,0.9384372711978622,0.9346638900229454,0.9387315435484671,0.9316833329875183,0.9354010085820749,0.9239286389915158,0.9354610331672193,0.9364627566575557,0.927364812804943,0.9356774514247532,0.9404864704844381,0.9363954296674235,0.9354386693796108,0.9333464564726006,0.9298331535825946,0.9314756335649387,0.9382429874968945,0.9291864604937109,0.9471545940923527,0.923450464131882,0.9378058398553427,0.9344450284463086,0.9407688572734759,0.9334007947088828,0.9314041909131605,0.9333233856275283,0.923453020304095,0.9310205577636426,0.9356360409972534,0.9383187430677943,0.9257262346135551,0.941380429200657,0.9243454529597762,0.9309703368684576,0.9424460362752688,0.9352362802556774,0.9418553457696726,0.9333879601843353,0.9403155558460247,0.9381117919892241,0.9290374846603301,0.9359895320473226,0.9351857965422647,0.9343323611754547,0.9321726595251136,0.93809978435937,0.9385733176612662,0.9318306505015165,0.9368326982015047,0.9398208140991768,0.9254629498420393,0.9353966659802401,0.9356821714027873,0.9398539536050556,0.9323696343135454,0.9342952625975541,0.9365227180681517,0.9292680095000191,0.9402335522731693,0.9354677403635175,0.9350067451772511,0.9252463526004842,0.9437776849196668,0.9321651767274526,0.9340773087555572,0.932992733208282,0.9372729126980135,0.9348886831287998,0.9324469650743515,0.9369722311319021,0.9370996697082656,0.9411279431649481,0.9307411506674667,0.9438401006058653,0.9376760446365098,0.9327942383871821,0.9357191443109968,0.9350093100275454,0.939131489124986,0.9300944049834273,0.9330350974633169,0.9390200710982923,0.9382786929318023,0.9395834548835144,0.9346445594436198,0.9329397421172414,0.9391185279514449,0.9377046759908795,0.9399104502037532,0.9344713144124315,0.9335828300630278,0.930458285705866,0.933090614625289,0.9386568356026798,0.9302798138776694,0.931925912656864,0.9369887387002254,0.9348871916209086,0.004678562531430905,68
57.38129425048828,49.9196388534802,0.22923743963241577,0.23270328486029637,0.08604354073824311,11,0.3991872014862037,2,4168,0.7122797082916403,"{'learning_rate': 0.08604354073824311, 'max_depth': 11, 'max_features': 0.3991872014862037, 'min_samples_split': 2, 'n_estimators': 4168, 'subsample': 0.7122797082916403}",0.9205898745093519,0.9232728077254487,0.9351056635845638,0.9331215615464998,0.9288584253164961,0.9343283564354229,0.925364507859257,0.9292694598597582,0.9181425184475798,0.9330347492920685,0.9303937058986433,0.9196404041817106,0.9306868510890907,0.9358403151796592,0.9249761350582956,0.9320952935576129,0.9295570796207809,0.9228174245129247,0.9239014507451226,0.9337227305068394,0.9222112783395486,0.9417789565167589,0.91699245275419,0.9348805235289688,0.9262095017737827,0.9322476603954547,0.9267111384190848,0.9263931866260281,0.9303893345765031,0.9145091985952936,0.9241237395376513,0.9283977068975016,0.9305280239420094,0.9196489937930137,0.9312405375972652,0.9196836134090334,0.9220323030853017,0.9391022198594094,0.9284633690481945,0.9321679043383513,0.9226950182569318,0.9321951813094536,0.9298756759838084,0.9225398816245716,0.9302107102732027,0.931320610469791,0.9282752919012355,0.9229911335373334,0.9300310092567168,0.9300421242040791,0.9262160462647147,0.9344138871481311,0.9320285994269515,0.9172529460857006,0.9306054047715718,0.9250992221235451,0.9311217199128147,0.9246086688837682,0.9291125794663542,0.9287131751213391,0.9240160675312112,0.9340190147259327,0.9266491166524247,0.9272090565834448,0.919984242103116,0.9337882815467083,0.9259186846380549,0.9262072580056693,0.9260725322477119,0.931016377609539,0.9210381676374342,0.9244611441418522,0.9316259774680694,0.9313176065353052,0.9356996010262948,0.9228109724116514,0.9348416369522999,0.9310324400574864,0.9253501920065388,0.9289027993215814,0.9221977401157229,0.9331739876771666,0.921709715233678,0.9248521109195674,0.9340518156973238,0.9352217852631707,0.9334837914145487,0.927114408503205,0.9210840797884218,0.9306226461765443,0.9319476944599236,0.9306716154081693,0.9251395871996531,0.9250904828552762,0.9271562280481866,0.9283192757751128,0.929865523301265,0.9253033304637409,0.9248497940476503,0.9330532728360293,0.9279864989836915,0.005146443129136696,160
308.7558717346191,166.3961446682114,0.5680619931221008,0.5668688855014957,0.016322835066573,12,0.7497917001202787,2,4168,0.7769314170068949,"{'learning_rate': 0.016322835066573, 'max_depth': 12, 'max_features': 0.7497917001202787, 'min_samples_split': 2, 'n_estimators': 4168, 'subsample': 0.7769314170068949}",0.9223288902687281,0.9266040533377129,0.9368344456458474,0.9346363005261957,0.9307477497505829,0.9345617274869426,0.9264246820533542,0.9295091795838797,0.9207564935872035,0.934105476858131,0.9343487977340529,0.9234201272386635,0.9308425287055078,0.9378534719164189,0.9310165696098657,0.9339549431863171,0.9316875192629237,0.9246133136364121,0.9241813053613611,0.9352571290079219,0.9256056692819152,0.9458648818011104,0.9190481779520745,0.9350017619247253,0.9266981841087738,0.9367241165018978,0.9277371831867702,0.9258877637545635,0.9323518111493027,0.9163482555476139,0.9265427513128955,0.9299519550474832,0.9343697467956327,0.916548518999742,0.9329634895646176,0.9212274922875486,0.9230092429923071,0.9364357136162742,0.93132495436744,0.936992813033741,0.9265005223369114,0.9332592749225368,0.9362496504619118,0.9252124560191841,0.9316994727572713,0.928480509218075,0.9285664901408808,0.9267664658870907,0.9335427837253955,0.9319454594918363,0.9284248613509118,0.9371329214955311,0.9350770215770159,0.9191423077442981,0.9293475706552999,0.9284492152679449,0.9339438901749963,0.9276785359952716,0.9299143125852252,0.9315362643376118,0.9255882047605339,0.9367045990237443,0.9316783648830259,0.9303981599330806,0.9193251474886214,0.9372473454283258,0.9279443276633567,0.9284117759484227,0.9274144571597815,0.9348817852449723,0.9272283254466598,0.9284091142607569,0.9298528274043744,0.931049278596294,0.9366087578033678,0.9241384373245111,0.9405015469551445,0.9336313746370097,0.9288592403794911,0.9296104580867038,0.9284587964370181,0.9354448127154396,0.9270881246839189,0.9274184603344273,0.9329337348931942,0.9335153424477721,0.9378388711644016,0.9275251404438464,0.9226761669650408,0.9355256455500471,0.9310508567283853,0.9365888040147627,0.9273379009614373,0.9279162668634072,0.9292108175316155,0.927892715699858,0.9342535599189905,0.9273221098946035,0.9295651965603874,0.9336179729413946,0.9300985399930778,0.0052730677916619185,142
149.81157460212708,110.1165601899778,0.2126019048690796,0.21719011843867284,0.01584691190537599,7,0.6872650252991945,2,4168,0.8354288260409601,"{'learning_rate': 0.01584691190537599, 'max_depth': 7, 'max_features': 0.6872650252991945, 'min_samples_split': 2, 'n_estimators': 4168, 'subsample': 0.8354288260409601}",0.9325469737769809,0.9368391316896301,0.9450956414906402,0.9412305335487997,0.9400894844641138,0.9429971420102634,0.9348333006496732,0.940408930395308,0.9310399994872672,0.9395390300751199,0.9417860810633688,0.9336928422436758,0.9391030215175864,0.9460029557442788,0.9391114644871554,0.941906471792667,0.9397907391146417,0.9357738260603814,0.9367484196169018,0.9414271604927712,0.9338896816512229,0.9507605566915333,0.9278166968236543,0.9435496189815091,0.9382410145928212,0.9450733106797992,0.9377641927148301,0.936031442146765,0.9417708994817109,0.9266263172473903,0.9347210691224013,0.9401917701740583,0.942267356540096,0.9274269643914441,0.942565749028359,0.9294885341387761,0.9361689853836695,0.9467326112285763,0.9401039250589901,0.9456612491224607,0.9370859927019166,0.9455596842527072,0.9410812968498918,0.932602584106413,0.9418908566664377,0.9377659675871977,0.9365638271477793,0.9347055940093072,0.9400213650842392,0.9408443036690002,0.9357083222959542,0.943636992739123,0.944992588745362,0.9302638930359328,0.937402305112092,0.9393286269541431,0.9433563528203005,0.9348244804807595,0.9395921124672751,0.9411405587222483,0.9354178242225144,0.945972997226205,0.9415063020798545,0.9387221292115615,0.932383404116842,0.9447655136558719,0.9369093512196147,0.9389348013978682,0.937241637124073,0.9416943036910554,0.936766306695189,0.9367410029673247,0.9406918178634176,0.9408198160625815,0.9437914236284085,0.9348499508703023,0.9464123326005722,0.9408273924280941,0.9372267006586305,0.9392459028146145,0.9363474649545291,0.9438336109792109,0.9333201659513312,0.9385782592998454,0.9427584241448569,0.9423620331151453,0.9436604068999969,0.9370942472389515,0.9351737851032261,0.9433040396027846,0.9410404567671886,0.9427150553433107,0.9372036101022923,0.9397179098453866,0.934933003272608,0.9397243060746404,0.9427016129810198,0.9351911068786712,0.9359439836788879,0.9419943926647187,0.9390370158580258,0.004508208633423512,12
269.0612395167351,166.78415158420623,0.3354985451698303,0.3385789460412979,0.05355380716983466,9,0.8516759306417123,2,4168,0.8267151299576464,"{'learning_rate': 0.05355380716983466, 'max_depth': 9, 'max_features': 0.8516759306417123, 'min_samples_split': 2, 'n_estimators': 4168, 'subsample': 0.8267151299576464}",0.9256769914132142,0.9302155300855105,0.9392888355812204,0.9365869542657091,0.9332102247952214,0.9399863753491692,0.9287786436239798,0.9326557903004491,0.9231071895798715,0.9352369337941396,0.935379912520063,0.9279751142548829,0.9321959673258546,0.9407311368127866,0.9340118276808168,0.9344140218713161,0.9341555141633717,0.9283285825425394,0.9278267456015974,0.9373170795638801,0.9273369240490061,0.9484445319798649,0.9231169121831242,0.9346700902725851,0.9301756497500028,0.9397828828481487,0.9304721431631747,0.927325530827169,0.9338773118947028,0.9213050962363423,0.9294346228052921,0.9329811340963527,0.9379714475321721,0.9198371615786504,0.9362473131537534,0.924959942159275,0.9280758414096831,0.939757215589675,0.9334088947266332,0.938226911962014,0.9305495371728933,0.9349896072585945,0.9362582026157759,0.9257176778148769,0.9350915721651204,0.9315645781615606,0.9330944528875925,0.9298643340710967,0.9356067558947798,0.9327576700926564,0.9312961627051002,0.9368420770732806,0.9385937380006593,0.9241212747033345,0.9327711754606199,0.9348552557992301,0.9371516804715414,0.9286862080094034,0.9331083778934044,0.9350347870043068,0.9300939456377949,0.9382902750498916,0.9344995002613351,0.9331545391484657,0.922169374236143,0.939353773285888,0.9295604681588244,0.9310849363904936,0.9300993528583212,0.9363060160486738,0.9319756118943384,0.9312273545372827,0.9352293084110961,0.9328006785341153,0.9385485418489777,0.9247314144949973,0.9432145748617399,0.9374191810297609,0.9311940154615861,0.9325850081589516,0.9305718615769358,0.9377604762613975,0.9301447729581687,0.9308447083295831,0.9357504797665883,0.9358879838095263,0.9395516043160441,0.9306674055451187,0.9282457261717154,0.9379391299648933,0.9345197050733178,0.9381359381616453,0.9321248491396025,0.929657134591016,0.9291871763261232,0.9343576343134348,0.9362931771171314,0.9323703143432728,0.9298054172455695,0.9368660892901925,0.9328666150920901,0.004909140906718772,103
63.58540410041809,52.25458678287888,0.12701048612594604,0.13679496949483208,0.20219609705389646,8,0.6457866927126358,2,4168,0.7119526142089139,"{'learning_rate': 0.20219609705389646, 'max_depth': 8, 'max_features': 0.6457866927126358, 'min_samples_split': 2, 'n_estimators': 4168, 'subsample': 0.7119526142089139}",0.9141784751895774,0.9226932240115846,0.9320472666521433,0.9287276748626181,0.9228031117100861,0.9332233904919108,0.9229879589154308,0.9248715911926157,0.9157551271552719,0.9235792127312044,0.9256791578124478,0.9237015735083719,0.9217291987749178,0.9310554112465995,0.9255140787710486,0.9269323023121178,0.9279738146351425,0.9215418121739225,0.9164826732609311,0.9255156694764843,0.9209945420561899,0.9396206833525553,0.9126924955347775,0.9308129758678074,0.9224552587540465,0.9313735854266938,0.9247092955442552,0.9197226789345634,0.9279277972193984,0.908009407469823,0.9242391037010582,0.9276640733127094,0.9318241322401095,0.9106992372656001,0.9268197288784742,0.9176917963478989,0.9190475723466358,0.9364237995877301,0.9215418047207415,0.933582900740609,0.9230289567510662,0.9261078423261664,0.9248304818792522,0.9148659685986745,0.9304150832009734,0.9211801610414904,0.9249658594210708,0.9200436995258789,0.9250999907592282,0.9301836918056094,0.9243012326573181,0.9344858754923879,0.931140745151401,0.9146109110272029,0.9247486464969192,0.9245699733226037,0.9285007785186892,0.9231638747984589,0.92508506295315,0.9256155207319561,0.9202776866838084,0.9323998326783226,0.9294314730538982,0.9263569328338613,0.9185082546499026,0.9306392649007816,0.9247029211889399,0.9261839468830235,0.9250360300459651,0.9261662185401811,0.9206583104797531,0.9205503873115528,0.9245904490005705,0.929691228961801,0.9265320319621632,0.9199522174779622,0.9319626740588046,0.9293015563331339,0.9233369386150538,0.9231089316628873,0.9261431822811315,0.9325287582604112,0.9235496761172399,0.9212109465082252,0.934388853255248,0.9294258632367036,0.9324209645266911,0.920269283944494,0.922627976819627,0.928299797017538,0.9279732148885623,0.931276806192362,0.9239904580996094,0.9253877604461884,0.9246430060350044,0.9257892426207562,0.931258236187756,0.9244924661064307,0.9239833986276881,0.9302267199971705,0.925210638491368,0.0055082134889949735,169
104.90847375869751,80.45128809862364,0.5220598912239075,0.5333015657483604,0.030201149519229455,12,0.44571937758017954,2,4168,0.5528977566463089,"{'learning_rate': 0.030201149519229455, 'max_depth': 12, 'max_features': 0.44571937758017954, 'min_samples_split': 2, 'n_estimators': 4168, 'subsample': 0.5528977566463089}",0.9260592768604234,0.9284750803726631,0.9375952646520778,0.9356863300832835,0.9319821781713069,0.9352639556390466,0.9286871166930168,0.9336704303726643,0.9217131583938438,0.9335386795786427,0.9345007132000902,0.9256384625722082,0.9335779340358212,0.9405524639492098,0.9318879936068971,0.9345374881377725,0.9338617276016052,0.9250664451513073,0.9281910000877979,0.9359155487068347,0.9257607348935966,0.9468573458257812,0.9206314268369487,0.9356872837406188,0.9299931520404539,0.9388227233646295,0.9311350647856784,0.929142168023361,0.9351219265571675,0.9176830372653664,0.9270201716731583,0.932112663844825,0.9355611233680463,0.9212191274158414,0.9370968028395205,0.9211666290254572,0.9271494937291732,0.9387942658485157,0.9313488828253209,0.9386992816770247,0.9282362579389524,0.9372091107019869,0.9366117770097909,0.9273574173308899,0.9346433297418353,0.9351030760506543,0.9306206568575022,0.926058537852878,0.9331211973666553,0.9356023457391387,0.9289346858019272,0.9363048607520968,0.9369773446618982,0.9200345862227376,0.9311482382203781,0.9319883626353976,0.9352186475251059,0.9281299019137335,0.9303388878334361,0.9316850086021946,0.930545595941198,0.9375028410288232,0.9324919876033265,0.9288191184608021,0.9253451395595235,0.9365733240203872,0.9307945463575797,0.9305659012520117,0.9290872039424464,0.9366019130292583,0.9252991857190471,0.9296658576320466,0.9323436448244096,0.9345243255595548,0.9377731049322447,0.9281505563517436,0.9413069014961348,0.935078805241378,0.9296831484042134,0.9320101322406418,0.9283085415979002,0.9368743666281446,0.9296614296627999,0.9325591348399805,0.9361927524407794,0.9363217008372535,0.9369252396555401,0.929703264997276,0.9263177253834532,0.9358600702226022,0.9296837695633468,0.9381223902595075,0.9300179240774813,0.9317011029549902,0.9314319812639018,0.9301548162207507,0.9351089436923472,0.9287670121563877,0.9309935819504194,0.9344693132960517,0.9318606707950388,0.004980727864880153,117
193.41375979661942,138.90792921073037,0.25037598609924316,0.25011980081252627,0.029271953442410396,8,0.7536264877232794,2,4168,0.8066003212782946,"{'learning_rate': 0.029271953442410396, 'max_depth': 8, 'max_features': 0.7536264877232794, 'min_samples_split': 2, 'n_estimators': 4168, 'subsample': 0.8066003212782946}",0.9295279827068487,0.9332851977621475,0.9412763337897804,0.940248897989829,0.9362638283523312,0.9411683103833247,0.9331994025518688,0.9380137911885988,0.9270955489849424,0.9369531295237861,0.9387284123364692,0.931165480499881,0.9379742364270939,0.9446342458919712,0.9359696246000682,0.9387336164384222,0.9365438155451798,0.9327551817816427,0.9334961333058341,0.9404569072065054,0.9306503368042333,0.9490461539501648,0.9253366237242896,0.9397267822095714,0.9354550474197796,0.942238563342455,0.9345548518054853,0.9350414451668329,0.9373746400831489,0.9233543067107673,0.930524122177456,0.9373667416983409,0.940812011343619,0.9269257191370217,0.9404581642381389,0.9256280202499997,0.9331381737627509,0.9433217449874713,0.9359412030269554,0.9438392168196884,0.9334913449993337,0.9420330855557512,0.9406138149637954,0.9309780175441413,0.9397015211289325,0.9362407757765444,0.9354416032598554,0.9321848138331748,0.9392528049992586,0.9381996278254529,0.9337582143471117,0.9404756731879121,0.9408564329855569,0.9264303900827708,0.9349494428948165,0.9373569456928991,0.9399449296256891,0.9322082875762975,0.9372990506979069,0.9389165235342338,0.9333807899793469,0.943453625822388,0.9387630694766183,0.9357425861121799,0.9282156072022727,0.9428193572101847,0.9354489278600795,0.9377687491373413,0.9359420241337875,0.9388650548347245,0.9347904040172368,0.934078693889596,0.9386506917049909,0.9396587662820035,0.9417013551638075,0.9305119517981049,0.9455891999196216,0.9397378919499625,0.9337051217966266,0.9367642195688893,0.934210586256507,0.9415971579177467,0.9313616564078633,0.9355530049759367,0.9408649698338645,0.9403940064622084,0.9422521371582788,0.9341745345468593,0.9323476951301872,0.9419647691187435,0.9395768398860089,0.940816606007557,0.9339212842364532,0.9360523475466125,0.9346582176705807,0.9348892123804236,0.9413527623479951,0.9339184758482315,0.9335112485848261,0.9398946536367151,0.9365745750024947,0.004740086845991115,53
75.79944373130799,61.96792538565965,0.2887383532524109,0.29175690164723267,0.009826069993112911,7,0.38456564633196666,2,4168,0.636436732318915,"{'learning_rate': 0.009826069993112911, 'max_depth': 7, 'max_features': 0.38456564633196666, 'min_samples_split': 2, 'n_estimators': 4168, 'subsample': 0.636436732318915}",0.932141761291634,0.9361150055114186,0.9452013703016034,0.9419389665262287,0.9404343750821196,0.9424595517246367,0.9363628071212703,0.9418896833518257,0.9312418356450765,0.9396609187976686,0.9423862206441185,0.9345105504167752,0.9410709475979743,0.9446155996233216,0.9401121049861331,0.9428129390059897,0.940749778985448,0.9359319933820511,0.9389104636458666,0.9422300603608502,0.9333593304051424,0.9506963743439621,0.9284455508229164,0.9443721026214618,0.939506522601171,0.9458367686467263,0.9398626902083769,0.9357642782067855,0.9427575453501362,0.9248591888418612,0.9349419137810149,0.9405824913864498,0.9433015807260228,0.9290030988427461,0.9435329761096544,0.9297655733668406,0.9366675168863915,0.9468028685050079,0.9392736508897752,0.9471597802054925,0.9357209113806231,0.9442411702181008,0.9422803758739563,0.9337864278054826,0.9421062745701578,0.941921256457117,0.9388468832919508,0.9345821245069694,0.9399440509439128,0.9427775439221234,0.9369841903504142,0.9452002291638388,0.9446080279858065,0.9306389069481701,0.9395486602591232,0.940104547290785,0.9433911835094287,0.9361723395733137,0.9395509788867644,0.9411127955876402,0.9372764072535074,0.9474342790270399,0.9402219645772157,0.9375685509848449,0.9332244733158485,0.9461508246067988,0.9372594014310477,0.9392862478436016,0.9379151130446495,0.9413201989160397,0.9370546318792913,0.9381739160801406,0.9423819597839209,0.9417451687599007,0.9449754832413708,0.9346557623093054,0.947601325877809,0.9422643726220006,0.9371235744802255,0.9401753989971531,0.9368507776600676,0.9440068918498705,0.935314711209517,0.9398532996401732,0.9437436055270748,0.942948792909053,0.9428809088418368,0.9370119627794672,0.9378984799196508,0.9424175198073722,0.9400758997671704,0.9432394645411203,0.9367279223123085,0.9405828270859672,0.9366331299696796,0.94039264451085,0.943732534186183,0.9370280763082643,0.9379905782787792,0.941843893257231,0.9396577059066898,0.004519141574560431,6
73.6491999387741,59.588127911337786,0.20516176223754884,0.2152203473394398,0.0033572327977361665,5,0.46436425893378597,2,4168,0.6975992433574473,"{'learning_rate': 0.0033572327977361665, 'max_depth': 5, 'max_features': 0.46436425893378597, 'min_samples_split': 2, 'n_estimators': 4168, 'subsample': 0.6975992433574473}",0.9159128532376567,0.9238589215404506,0.9331354586312166,0.9315739434282616,0.9284476043531694,0.9287382314196496,0.9256640400631228,0.9282154776160667,0.915767664691916,0.9313100512983252,0.9306777722397039,0.9220734714992227,0.9261614549354479,0.9312687055356214,0.9273507716039503,0.9314231681382196,0.9288320296103599,0.9205843501143083,0.9238449649772126,0.9314248814035544,0.9197335287759564,0.9390319873594107,0.914150288826794,0.931672626042144,0.9276804495933807,0.9353507664661039,0.9271594476155355,0.9203714950037433,0.9326436021641208,0.9100146247877444,0.9207829453644951,0.9280471786888999,0.9272851922893863,0.9160950619451191,0.9343566974889171,0.9162104727863276,0.9216885726657733,0.9364679764296341,0.9238694563683413,0.9349475164448077,0.9205995655986705,0.929532071305861,0.9281642635774461,0.9226064526534956,0.9290005560252605,0.9287613890137886,0.9271238100844786,0.9217997536621281,0.9272537901714787,0.9277595162343182,0.9236014562751454,0.9349413340158519,0.9323768033126758,0.9156388453794899,0.926060494295922,0.9270085966221394,0.9297729431272821,0.9218238471239639,0.9292145606009259,0.9281951949905956,0.9243646866798947,0.9354934849476872,0.927636023444179,0.923220666538094,0.9212083888654929,0.9317905975741463,0.9219793244596848,0.9273971189786127,0.9221679928040376,0.9310103757057717,0.9236441665341711,0.9271446763025812,0.9281410856885357,0.927067202829624,0.9322345133264185,0.9223847794700367,0.9313915089470233,0.9299214579757551,0.9261961024606575,0.9253413338083808,0.9222932635450293,0.9330990114833332,0.9211269186481322,0.9255808568196847,0.9309846677106187,0.9282418723351018,0.928292574562915,0.9240069397575201,0.9252819112973298,0.931337739839901,0.9245874990135874,0.9318554124819511,0.9238812744159293,0.927243320222997,0.9255278965409448,0.927197059170956,0.9292879398491696,0.925334103316169,0.922810847760502,0.9295739608308149,0.9266234150445837,0.0052190415420434845,165
162.54050191402436,101.17464282678957,0.27468104362487794,0.28026172026226676,0.00266058533728436,7,0.7843776713248867,2,4168,0.7334971504850345,"{'learning_rate': 0.00266058533728436, 'max_depth': 7, 'max_features': 0.7843776713248867, 'min_samples_split': 2, 'n_estimators': 4168, 'subsample': 0.7334971504850345}",0.9259503668446303,0.930451782814796,0.9402441261255223,0.9382495182126043,0.9344933585986354,0.9366852406209492,0.9310324838376752,0.9351310868123646,0.9245775823490412,0.935937096366324,0.937304414709426,0.9292333712902642,0.9344457064619611,0.9400357454042595,0.9351640740967943,0.9369879224732457,0.9354258153613029,0.9287984930176072,0.9298549599318623,0.9375166269463282,0.9285545432737095,0.9469163828971874,0.9224747733704632,0.9379826739907856,0.9340800731223963,0.9401918217513398,0.93316938455261,0.929053308369389,0.9363959905976695,0.920866200995014,0.9285585016820823,0.934692926631884,0.9377184705731778,0.9236585212827625,0.9392387194212724,0.924786759942639,0.9294524100139349,0.9421884420023718,0.9340186503296244,0.9401777945831282,0.930092314417587,0.9384177319918992,0.9360961509814096,0.9285149204674772,0.9365024374490678,0.9341219199998568,0.9332560926622406,0.9294553207543494,0.9363059998266937,0.9350672052435092,0.931976204355722,0.939537428308431,0.9393472769582855,0.9238739214013191,0.9326602926347962,0.9345032331003786,0.9370515551169144,0.9288614226513761,0.9351425370719207,0.9363061978280279,0.9308344909416726,0.9415649151534168,0.9361332465135135,0.9327680345641319,0.9263510997959581,0.9399628635160698,0.9290248992033616,0.9330836037008836,0.9313408575235745,0.9373874791875065,0.9307521632337947,0.931289562384017,0.9355554603078278,0.9358997973491446,0.9402568254293006,0.929145962198665,0.9413827475557249,0.9365460424291504,0.9322764508177225,0.9335381420820527,0.9306283831695916,0.938895234632446,0.9287839733828512,0.9323467433441077,0.9379978694218802,0.9368993783633008,0.9379351212458295,0.9313138985294064,0.9308655716283895,0.9376188020826627,0.9352691592139624,0.9383387508238048,0.9310105233425379,0.9335853900379106,0.930576077709693,0.9337894068213389,0.9375073549509404,0.931322479271107,0.9313537637458509,0.936622643326759,0.9338654145381214,0.00473671210201045,87
287.0247513628006,167.5023197874623,0.7831321907043457,0.7750818725260732,0.0044257514856917415,13,0.7492105015632795,2,4168,0.7213276284945062,"{'learning_rate': 0.0044257514856917415, 'max_depth': 13, 'max_features': 0.7492105015632795, 'min_samples_split': 2, 'n_estimators': 4168, 'subsample': 0.7213276284945062}",0.9235753914457171,0.9265293889714383,0.9380789402019161,0.9351433072591762,0.931235505041561,0.9353338095842479,0.9275688997533771,0.9302381186883693,0.9216272121567789,0.9344310171055533,0.934066806399626,0.9246286405948769,0.9312200542567963,0.9384368063148325,0.9306629891299023,0.9338214014994582,0.9317973219857925,0.9250982723698599,0.92392248589073,0.9349963428101262,0.9258849292215969,0.9461636778119826,0.9199427331386705,0.9352814813128213,0.927551210052799,0.9372788625513799,0.928545909423029,0.9265134875800444,0.9327850220200203,0.9179144761067086,0.9261024250734572,0.9300803202324116,0.9352062233470883,0.9181411642986556,0.9339023933911893,0.9215702463865557,0.924889957103938,0.9375925018325024,0.931772012459491,0.9368905814821544,0.9283115791701769,0.9345084810301366,0.9363506579976919,0.9255267442653309,0.9323990944781655,0.9291437461567611,0.9297648998567363,0.9268443500181862,0.9329789695492869,0.932322858591817,0.9291134113503653,0.9367821809797384,0.935525399415037,0.9196298252490475,0.9308678389764555,0.9295979907398385,0.933977024204479,0.9266091294673265,0.9302274571363665,0.9323244194074108,0.9276748691525915,0.9370057161878151,0.931885199860217,0.9299833148422718,0.9219229051517603,0.9377708531775232,0.9283837111875025,0.9285534006815771,0.9275362796920344,0.9352050490933678,0.9280862896349049,0.927943759485991,0.9314879371465964,0.9322322301263165,0.9372909483300269,0.9249665089814265,0.9408132287024608,0.9344162083165092,0.9303550171940472,0.9309635406471268,0.9275209017521536,0.9354799069459921,0.9278024642873417,0.9289927672308004,0.9342890987234733,0.934177419139891,0.9380705880805443,0.9275580449245777,0.9245280780978223,0.9351442954553932,0.931234936547794,0.9366240309898972,0.9273441735334738,0.9287531188410698,0.9295603904223757,0.9292445837320541,0.93496318129779,0.9280984838848931,0.9300459365481942,0.9344328903587698,0.9306757064271335,0.005078095596948987,135
322.6899798345566,173.70694884648637,0.48291454315185545,0.49372596278499203,0.009541050504959124,12,0.7890396477363382,2,4168,0.8551719409776926,"{'learning_rate': 0.009541050504959124, 'max_depth': 12, 'max_features': 0.7890396477363382, 'min_samples_split': 2, 'n_estimators': 4168, 'subsample': 0.8551719409776926}",0.9212474125894642,0.9245931553626566,0.9354619355798589,0.9347833931432601,0.9292768216020502,0.9342287274282259,0.9258622169826066,0.9274686766259197,0.9190486874235538,0.9329250904104944,0.9326744494842435,0.9221537923992106,0.9296596854544481,0.9374176177460019,0.9294315175733476,0.9328301577864718,0.9310227648011384,0.9238540586327584,0.9240839621673134,0.9345394469841353,0.9241066637276959,0.9458296260009952,0.9179769351473306,0.9325960513002054,0.9266275570909056,0.9361201323200585,0.9280317195791233,0.9258029314650658,0.9306984001908694,0.9164055680521048,0.925469746652435,0.928237251136569,0.9331569393707844,0.9165561529659237,0.9330229840784209,0.9203250170665351,0.9235006833743276,0.9354054599424139,0.9309597275658072,0.9356906698040706,0.926263432343599,0.9325991160439485,0.935830186430808,0.9252067264197458,0.9305940341445208,0.927586177641004,0.9288294082290568,0.9255806396525128,0.9323176676156872,0.930526507808632,0.9283551168113713,0.9349785340238991,0.9340086594972592,0.9187004155195905,0.9300546566235214,0.9290540311777152,0.9341732498075259,0.925225405808134,0.9292299910694857,0.9318775989151193,0.9255119174129235,0.9363785076746468,0.931407216265617,0.9292147301678932,0.9177356303850105,0.9364341012082319,0.9282728583834092,0.9275034093068399,0.9259635645509915,0.9343494300952145,0.9263221826945753,0.9268498119172685,0.9297403316559215,0.9310914652149315,0.936121599699577,0.9229187079725251,0.9396710914425449,0.9329533450927419,0.9282946272101512,0.9291911473902523,0.9260072746139343,0.9350737577234656,0.9257089480063294,0.9263812843048419,0.9337424607154936,0.9316327451889144,0.9370773438248073,0.9278472710751374,0.9232114490265279,0.934737610998125,0.9305597774366433,0.9359868535266228,0.9273083712918714,0.9278236474004227,0.929193988849129,0.928206784927858,0.932987945274762,0.9262393723952285,0.9285383964941551,0.9325488003317118,0.929368151017392,0.005264252545985608,150
53.458829441070556,47.558146203335134,0.10330387115478516,0.11342527105109193,0.24350802020929316,10,0.8553966401931281,2,4168,0.7071309096348684,"{'learning_rate': 0.24350802020929316, 'max_depth': 10, 'max_features': 0.8553966401931281, 'min_samples_split': 2, 'n_estimators': 4168, 'subsample': 0.7071309096348684}",0.9139773935346748,0.9121376818508317,0.921088637090853,0.9211970825408802,0.9202772787502973,0.9200835248141046,0.916366315309719,0.9141701661843853,0.9092378728343379,0.920176286966106,0.9166011657223297,0.9134978451848472,0.9162989076396525,0.9218792598353422,0.9266570643297585,0.9192160173416686,0.9213661575513169,0.9117455893558504,0.9088130043050062,0.9258121079529966,0.9158771670248581,0.9332487126248737,0.9079792998658702,0.9243721992043947,0.9116734549325425,0.9228046634759245,0.9137655277853018,0.9132337586084995,0.9191797585023801,0.9074279722795473,0.9193042304195314,0.9177158969690226,0.9195868387645874,0.9051793937173975,0.9169411157015083,0.9067790858309538,0.9108449022898533,0.924768908683599,0.9203880629604865,0.9208594341084949,0.9112251911408862,0.9206456855468996,0.9234863266706951,0.9103436221615453,0.920175348651746,0.9197664520867738,0.9188869660113501,0.9100107714903383,0.9170092611036548,0.9178578038405338,0.9162205605862177,0.9235764247654435,0.9211700579647651,0.9074310629836561,0.9183463416500693,0.916813109837377,0.9202230999927992,0.910780902992179,0.9148280138586501,0.9157728577249805,0.9119300689295727,0.9209820040007626,0.9178406811530807,0.9207152846686778,0.9102702090077011,0.9237178702122195,0.9149326893929434,0.9195828559306038,0.914193282712441,0.9234808679179738,0.9171648852389842,0.9172655389419073,0.9176066889116625,0.9156291023030518,0.9249748675931364,0.9127961253341625,0.9295516206107478,0.9255302124152645,0.918592429179317,0.9140755543808113,0.9151919438287269,0.9233900340397504,0.913088861434741,0.9107251830315403,0.919651906268352,0.9192003190525844,0.9245120639620661,0.9136741739792619,0.9080554065658687,0.9269047594727156,0.9150723391402291,0.9243793138314322,0.9240436683039793,0.9172449087935975,0.9192874423165935,0.9204119298157492,0.9230140206902337,0.9143309617534536,0.9171154099626205,0.9212935779752647,0.9175852066695892,0.005396670488096464,185
26.913087418079375,26.33518332054079,0.07771239995956421,0.08337880293289726,0.18908800050097183,12,0.44696914450563213,2,4168,0.9241719757660005,"{'learning_rate': 0.18908800050097183, 'max_depth': 12, 'max_features': 0.44696914450563213, 'min_samples_split': 2, 'n_estimators': 4168, 'subsample': 0.9241719757660005}",0.9153474098499266,0.9172918466046217,0.9239349123897322,0.9248835361223312,0.921943457232842,0.925482300649368,0.9138548031363125,0.9226135685922968,0.9060782161896608,0.9180708539818574,0.9169864363468551,0.9107848296360221,0.9176817476317802,0.9281257231230311,0.9212727317145599,0.9247316859714887,0.9215840231500748,0.9145347431890238,0.9133951518128728,0.9253392339950551,0.9116252626095144,0.9344736240140157,0.9045523044715181,0.9236422403337089,0.9190057531523416,0.9269462723056642,0.9158844051853149,0.917548122966366,0.9229779761084608,0.9058439715494896,0.9197386798067756,0.9197798255546472,0.9261699293249902,0.9106397241177051,0.9218826797657473,0.9103412402135594,0.9113244141327711,0.9295571708008215,0.9232675315331933,0.9277715987811775,0.9144353946728694,0.9262187055154627,0.9225298436130889,0.9130416612235223,0.920078878512598,0.9203273979901849,0.9135089393279929,0.9144234795367061,0.9221284187406903,0.9255127343942109,0.9166906093857454,0.9288767221330071,0.9188438231088485,0.9085240742514482,0.920634672971796,0.9152930617829209,0.9273850799588589,0.9187936531679034,0.9188508720979134,0.9214985429902206,0.9083299556328875,0.9247651515477938,0.9181429505414619,0.9171761883274255,0.9112498950222013,0.9234547264182403,0.9176826091734712,0.9196819627772412,0.9197316148765281,0.9238792543062564,0.9126999064658752,0.9162451275705842,0.9242928915826246,0.9251134984956431,0.925934863307832,0.917539467254226,0.9307012434033434,0.9206388294047361,0.9149585910221973,0.9204491663436281,0.918102693423442,0.9291619161413416,0.9188766858696777,0.914227498417226,0.9254982343412564,0.9279996488884918,0.9198371445701156,0.914179211604942,0.9105272221659616,0.9229948937214969,0.9180084017265748,0.9254259841303349,0.9210594929187436,0.9146737825311735,0.9207019814884713,0.9161393639687411,0.9205107833559494,0.9190885157382797,0.9185029410340181,0.9243785934762314,0.9194706938641015,0.005868600583533659,183
90.30110948562623,75.08938943102366,0.15752902746200562,0.15874771169894422,0.040257546850620746,5,0.6261177034169909,2,4168,0.7004487210952671,"{'learning_rate': 0.040257546850620746, 'max_depth': 5, 'max_features': 0.6261177034169909, 'min_samples_split': 2, 'n_estimators': 4168, 'subsample': 0.7004487210952671}",0.9297299496155683,0.9372961111558848,0.9457810041257412,0.9398246538835141,0.9407145861435364,0.942576299678846,0.9376957697001089,0.9419005425808237,0.932824527435187,0.9396348075464647,0.941162039540074,0.9343950467682921,0.939288732195626,0.9438355083970964,0.9411137053458654,0.9419909586641195,0.9411245125615091,0.9350285646551287,0.9389549698244569,0.9422134573614545,0.9350964688288227,0.9505137678618327,0.9274182136630955,0.9426025481421059,0.9400929589199933,0.9450498989315831,0.9392460050226881,0.9333096677879912,0.942008763181969,0.9241836527873822,0.9341819488854499,0.939977050226964,0.9425123016352888,0.9288616204394936,0.9428124420909565,0.9281668624778254,0.9361267499518745,0.9442428216752284,0.9378047939294439,0.9475925153532302,0.9375120699301789,0.9448265230124706,0.9410750390927103,0.9313693014064668,0.9420309139965902,0.9408003540336559,0.936154745454792,0.9371741133944564,0.9383515015947355,0.9408966759545513,0.9356336954175007,0.9436347848522321,0.946323677275125,0.929933509373105,0.9384179251814214,0.9397653211213141,0.942872436471856,0.9367415710606422,0.9381188122702924,0.9421687507716405,0.9362830554897179,0.9470276998163327,0.9405439125230108,0.9393897540533088,0.933071325662476,0.9449312311327243,0.9342098466458604,0.9396340290850128,0.9370694084406332,0.9389194438643258,0.9359334485458651,0.9375709716428332,0.9410235759715367,0.9406636796769401,0.9429183758334476,0.9372953196891184,0.9436270234290872,0.9412311057714587,0.9362724013270436,0.9385660185893798,0.9371923653669076,0.9419496053935459,0.9320139141255507,0.9397148373608784,0.9420606987274535,0.9421854566604488,0.9411490691238928,0.935078973010681,0.9395157704353428,0.9432332184131494,0.9384092539761433,0.9425318677475004,0.9389188908530237,0.9415821326824142,0.9357341843913224,0.939167524743204,0.9416787989071119,0.9365192961288338,0.9368172822877732,0.943045654382827,0.9390736894254637,0.004496305604081204,11
134.08746516227723,86.97542582975031,0.6049931144714356,0.6077940727698583,0.013236985643524067,13,0.41163578809916035,2,4168,0.6278131133359567,"{'learning_rate': 0.013236985643524067, 'max_depth': 13, 'max_features': 0.41163578809916035, 'min_samples_split': 2, 'n_estimators': 4168, 'subsample': 0.6278131133359567}",0.9242296992131664,0.9265109446199195,0.9391658732982371,0.9358710090537156,0.9310067634260776,0.9354924419727976,0.9284298899228963,0.9334501971349471,0.9223218063604335,0.9334622331928883,0.9346879309381393,0.9252799995435228,0.9344402202161475,0.9392494829107513,0.9292975611222497,0.9361343574075327,0.9331161986596341,0.9257506890105853,0.9269845321973507,0.9354716601709843,0.9261318275582571,0.944439609840499,0.9206768644856924,0.9368286424450848,0.9290944154888182,0.9394848576315837,0.9287649440884084,0.9261920027712789,0.9342297288471524,0.9177057226300075,0.9263097253836832,0.9318972116187066,0.9350409292553507,0.9188305439250681,0.9352426564820551,0.9231924911401083,0.9258318065136942,0.9383555520755142,0.9309789789799939,0.936978369130308,0.9279367800289832,0.9359881150259748,0.9368538152838832,0.9280695717784804,0.9346226602010691,0.9331910924914181,0.9285215627620369,0.9255607566540505,0.9313325908078712,0.935074903521011,0.9289965128023443,0.9379268008544517,0.9355392332094532,0.9204850861907503,0.9333941136040004,0.9306586408827955,0.9354450716739265,0.9284896065722307,0.931615603150415,0.9315914186843399,0.928436352630478,0.9374971854387758,0.9318067004822719,0.9280005359421177,0.9252373372537243,0.9363649537361489,0.9292126708595345,0.9312334392991521,0.9296202031187323,0.9351831402160662,0.9268448308403612,0.9276195518125983,0.9343983305425405,0.9351057319762177,0.9377913096674152,0.9265039667341677,0.9396311188503711,0.9333657681170644,0.9311385998586978,0.93225171075203,0.9275081038940106,0.9371867039123379,0.9273554175402124,0.93087693627961,0.9342698984909247,0.9344227423392135,0.9369017934615171,0.9285888167925679,0.9274854042821792,0.9348313125742003,0.9320477579930948,0.9372148767980095,0.9277137900033333,0.9304656355715781,0.9309613730253719,0.9310472559489242,0.9346087347787774,0.9291669086509484,0.9298651411869522,0.9342082511583538,0.931418245996533,0.0049389288472778785,125
179.00368109226227,113.87536881678143,0.48446537256240846,0.4838831298385791,0.028657643074216935,12,0.6396646702358648,2,4168,0.5934780614924402,"{'learning_rate': 0.028657643074216935, 'max_depth': 12, 'max_features': 0.6396646702358648, 'min_samples_split': 2, 'n_estimators': 4168, 'subsample': 0.5934780614924402}",0.9234019859254459,0.9290277181186123,0.9375923288210295,0.9372592790213047,0.9324704004743958,0.9358975248621548,0.9277887100021041,0.9307171132471141,0.9222519827768476,0.9350347997570654,0.9354775144385429,0.926601013544889,0.9358375423959091,0.9389616270648197,0.9339639344767184,0.9352926182075507,0.9341169140068672,0.927774125677731,0.925606557239969,0.9352962992034586,0.926960992643694,0.9459423700829348,0.9222605085646014,0.9352103861362437,0.9293074407823639,0.9394554297831282,0.9286257464161919,0.9263718205255815,0.9317535839239471,0.9189241959688249,0.9279093159145703,0.9310338473937166,0.9367524743122507,0.9206407073689209,0.9348447733983691,0.9223687394765148,0.9278162284208393,0.938707008153117,0.9326582586040467,0.9375226440412259,0.9282082049836919,0.9357420338119253,0.935990505373548,0.9272186632445965,0.9337144758742776,0.9320921082347826,0.9301665436710729,0.9272091138286747,0.9327991050242254,0.9340689455296144,0.9292643309123776,0.9399477939520476,0.9370122821466021,0.9215374272913086,0.9329278882136112,0.9293590246644443,0.9346160602148117,0.9265819695181525,0.932793411342652,0.9327167041604278,0.9298228034590498,0.9394995560154147,0.9337516833044966,0.9303385132402375,0.9252158566959073,0.9377204917548986,0.9290332879818395,0.9320038096219552,0.9304907136379504,0.9361081893334771,0.9288269393620726,0.9287367248039237,0.9329032034064275,0.9343178514142841,0.938812463054908,0.9276887360291938,0.9420333814422247,0.9346427752453742,0.9303577885132013,0.930788763176253,0.9284420305320287,0.9367896169927575,0.9289918580765559,0.9305351553814265,0.9356885792669389,0.9365118595632022,0.9385718290969874,0.9284129411222223,0.9269956415336995,0.9362280095849053,0.931544859685784,0.9369947474115276,0.9278815840718243,0.9309043763024534,0.9302553609244815,0.9309745627911226,0.9354321718398274,0.9290297749265392,0.929345286570122,0.9355162108527039,0.9318754304118664,0.004933538268124355,116
141.99108344316483,107.51218771284476,0.31429014682769774,0.320992645259615,0.004576713770144064,8,0.8989949682497376,2,4168,0.5465943251737378,"{'learning_rate': 0.004576713770144064, 'max_depth': 8, 'max_features': 0.8989949682497376, 'min_samples_split': 2, 'n_estimators': 4168, 'subsample': 0.5465943251737378}",0.9296709999032025,0.9343087223838642,0.9433319579597607,0.941462498952949,0.9380245245962756,0.9406956025860699,0.9341298805376711,0.9390183293471844,0.9290949616765332,0.9384519764658427,0.9405204172317833,0.9320380790448642,0.9377471361286936,0.9435730555857667,0.9380423007184268,0.9394979061160027,0.938678967551226,0.93428819416899,0.9341607144152063,0.9410490924198525,0.9323683908292233,0.9502105156498946,0.927586633259351,0.9417787626870566,0.9370157581759595,0.9444462185666815,0.9361177463219084,0.9328302456215379,0.9393257582685991,0.9247869905855981,0.9327746696935185,0.9374377733616046,0.9422446005234197,0.925197555817499,0.9412162893838577,0.9279324944804026,0.9337944764937723,0.9446792616139078,0.9380024380922517,0.9439269273297552,0.9351389924345743,0.9412643149002062,0.9396929264109977,0.931617351487041,0.9400176260861614,0.9372062357522523,0.9356579722741357,0.9327644182359692,0.9399931727862928,0.939355050239916,0.9352520542884659,0.943178857305588,0.9429168154705657,0.928187340599388,0.9367618785604876,0.9376181975658723,0.9398873852470186,0.9334623551104352,0.9387416041013622,0.9382290262609301,0.9342678159913841,0.9450222493412493,0.939557472496729,0.9363326816097538,0.9301284329409567,0.9436011684755403,0.9336218590170079,0.9364917584931112,0.9351700528268617,0.940141414413555,0.9358647998677739,0.9350556414704347,0.9383498502334936,0.9395988658941874,0.9438983915901348,0.9322809118459103,0.9455750464658177,0.9405822935441728,0.9351118798944363,0.93836532711924,0.9361578440743287,0.9421928417540866,0.9332054439218632,0.9361915157353653,0.9414469439886919,0.9412770605439994,0.9426991459242751,0.9346652586174178,0.9329254815806592,0.9412315240337713,0.9387164262370129,0.9416314744759247,0.9349247621188829,0.9372325655077788,0.9343022859245204,0.9377684422224177,0.9412037013034454,0.9356300731365574,0.9357123571086721,0.9413548873821597,0.937478903487872,0.004617225315005282,42
107.90089588403701,87.30254801341435,0.3807525706291199,0.3917919250373183,0.005043032494055014,9,0.4338278902640621,2,4168,0.828467526482219,"{'learning_rate': 0.005043032494055014, 'max_depth': 9, 'max_features': 0.4338278902640621, 'min_samples_split': 2, 'n_estimators': 4168, 'subsample': 0.828467526482219}",0.9294647262543162,0.9332774839911063,0.9422215924353683,0.9401073002751894,0.9368357770636638,0.9396426770824324,0.9340286573182335,0.9387279941774631,0.9272433712838586,0.937707329707206,0.9387456740392379,0.9308283667885606,0.9383036909215645,0.9434157902752335,0.9347903540081687,0.9400674021994522,0.9372317051102554,0.9312013511450276,0.9338308992509397,0.9392472078999481,0.930478399162135,0.9495321389070593,0.9251034645164328,0.940960816337232,0.9349005249521006,0.9421330829699704,0.9342278724372659,0.9323862577465714,0.9388634794550078,0.9228456455363493,0.9314443576684139,0.9368898927590231,0.9405157412969761,0.9255404949004228,0.940884120385505,0.9267448940571014,0.9330805861286741,0.9434269618075952,0.9357293586195098,0.9422500273382947,0.9326804914832777,0.9407873381039776,0.9400346773523007,0.9306831592806968,0.939809808350781,0.9374221226223354,0.9347465621846995,0.9308932480997367,0.9372901993239691,0.938698569425529,0.9340721240988958,0.9424652631175074,0.9423460411218132,0.9263928620398353,0.9369262567109916,0.9367991289799631,0.9407226159759845,0.9323732270552492,0.9359172668117509,0.9374345091237497,0.9336034945130081,0.9434856187836964,0.9372130952429448,0.9336750005849752,0.9294065624037217,0.9422658643617713,0.932743705457286,0.9353029255636452,0.9341754062173222,0.9389689972925092,0.932195593954693,0.9340612797106502,0.9387244894220804,0.938929825699456,0.9413724444811501,0.9303758593284868,0.9443482713698496,0.9385421506604816,0.9349411248760527,0.9365211353881757,0.9326909971221945,0.9404700280663613,0.9314525256058472,0.934824008725468,0.9404450962024468,0.9400313510418059,0.9403019363364483,0.9330471831342241,0.9335277879687203,0.9392931587963519,0.937777927932371,0.940613132927788,0.9335579193112843,0.9357107880192536,0.9351809761126354,0.9364690036396217,0.9404840020514831,0.9329064757205636,0.9338437524642516,0.9386768414854775,0.9362551067744846,0.004706413091241501,56
140.44065691947938,95.00770388094352,0.17583000898361206,0.18406046548543892,0.3148118030349409,5,0.896472573405416,2,4168,0.754653481010436,"{'learning_rate': 0.3148118030349409, 'max_depth': 5, 'max_features': 0.896472573405416, 'min_samples_split': 2, 'n_estimators': 4168, 'subsample': 0.754653481010436}",0.9053951043528367,0.9211602712819045,0.9279535228129372,0.9196205278601132,0.9270708110357331,0.9264188233077576,0.9178332365125936,0.9207243413837954,0.9153676748302441,0.9238496050690244,0.9212083172021173,0.9106429181734914,0.9149451841304802,0.9223263063475381,0.9231197557886407,0.9221387089047102,0.9219162464781675,0.9203828342618621,0.9185566797724228,0.9201453997747324,0.914337552957745,0.9318054726802042,0.9097351700507817,0.9243989012424325,0.9200350236046515,0.9254807072886098,0.9183691947933305,0.9233065763584856,0.9263718673672323,0.9089112121116466,0.9139990695994943,0.9287450117374683,0.9244924267714216,0.9103114284355776,0.9236021715744469,0.9097399847425307,0.9153061377145054,0.9289944876720128,0.918586129376616,0.9253719866990588,0.9219502334683645,0.9188866646884004,0.9235019705472531,0.9136383994098258,0.9261877051779377,0.9186413629787181,0.9197168778131196,0.9146802766920487,0.9170106183826383,0.9289805225932317,0.9224066805690104,0.920988035559394,0.929158419496183,0.9096066848440113,0.9225658848118938,0.9273532523618446,0.9240231480219018,0.9184516508987426,0.9165446481444867,0.92090629495284,0.9154105369565426,0.9266830305642035,0.9196677431172294,0.9248830861538548,0.9105706443611075,0.9229190823582029,0.9148420004552679,0.9235511041296631,0.9161649274799513,0.9226536881162638,0.923683952280106,0.9224617504907553,0.9239469889032749,0.9237236531331314,0.9249004049054574,0.9159068681494683,0.927896302744697,0.9282724958782924,0.9163427869311426,0.9256801597798733,0.9236861523898338,0.9232731564640845,0.9119982707001822,0.9228798463976768,0.9218562761070235,0.9278915951709424,0.9223834656093559,0.9173238212538692,0.9208470793336533,0.9301054557912866,0.9198694273168384,0.9272744300631031,0.9196766392641192,0.9222219086579485,0.9160577502837263,0.9195802018053039,0.9213407979791063,0.92257593561232,0.9181881856501763,0.9255149438042913,0.9208258266001453,0.005366012460009504,179
120.91997380971908,96.76611278894119,0.2958892011642456,0.30187233741352015,0.009477580161406974,7,0.5762776490360921,2,4168,0.7166462117662614,"{'learning_rate': 0.009477580161406974, 'max_depth': 7, 'max_features': 0.5762776490360921, 'min_samples_split': 2, 'n_estimators': 4168, 'subsample': 0.7166462117662614}",0.9326446043088514,0.936662061442769,0.9447034127055283,0.9423270658833169,0.9401615588280131,0.9423957321326247,0.9363901024705443,0.9412832411967256,0.9311751687659917,0.9397825535929346,0.9421130555025261,0.9338353064172682,0.939658966285969,0.9463548429199671,0.9403468593573773,0.9421325386250055,0.939313731241064,0.9349654015882973,0.9377762466858683,0.9423394525232768,0.9346222547058507,0.9515010110355804,0.9298060302130169,0.9434753186733897,0.9397249917174231,0.9452189044210626,0.9382062309658713,0.9349531362471981,0.941451923002832,0.9257384203429745,0.9344955802224931,0.9403243763682572,0.9436951826457858,0.9289656283069695,0.9434849273189049,0.9291947755461124,0.9366295068098147,0.9468134700812132,0.9389390739558588,0.946228099659328,0.9363619173834216,0.9438901913238608,0.9409271888889154,0.9337881713035292,0.9418902437480458,0.9394175116293566,0.9370281555659518,0.9355851660420359,0.9400850809959612,0.941595286610628,0.9373130350100447,0.9443299147714673,0.944504814787932,0.9301847306337978,0.9384891544825131,0.9403128251048363,0.9433712055790077,0.9354310977575697,0.9389105311515967,0.9423104366864328,0.935818083837125,0.9477120000004683,0.9404648991183875,0.9386844886324321,0.9318871130376756,0.9455991453772764,0.9353916627299379,0.939251184891174,0.9373350937206986,0.9411080858158966,0.9367475516921152,0.9375484698714678,0.9412093788614043,0.9411654206482271,0.9444319808334538,0.9349307784449163,0.9480752514333989,0.9417448157097764,0.9375465462418268,0.9404270312093466,0.9369022541466164,0.9435385642630583,0.9339558074532724,0.939129172482365,0.9443946225174686,0.9429006001968417,0.9441899832266749,0.9371722713192849,0.9371526439954612,0.9427990584463859,0.9398940725624406,0.9425664299194727,0.936907092513258,0.9391606013264006,0.9364374317949181,0.9396840240194191,0.9432302691364182,0.9369639124004977,0.9368572121883588,0.9422652376864902,0.9393873764787287,0.0045092163704353126,9
35.37207157611847,33.83448728498495,0.06264248371124267,0.05421110725945623,0.25566286825132806,12,0.8447686965101635,2,4168,0.6986024431356466,"{'learning_rate': 0.25566286825132806, 'max_depth': 12, 'max_features': 0.8447686965101635, 'min_samples_split': 2, 'n_estimators': 4168, 'subsample': 0.6986024431356466}",0.9095487586123887,0.9060963159580907,0.9171792040446638,0.9193216817790398,0.9184029366355214,0.9224400237502339,0.9107821569795884,0.9104281507903995,0.9015459655444782,0.9139023159488838,0.9139805743683913,0.909538308548767,0.9150619692306886,0.9179830384095194,0.91672815487143,0.9172092632105102,0.9133165007072485,0.9075007840355422,0.9020241206617445,0.9230859183857371,0.9176842587340153,0.9315692002497235,0.9076905334797827,0.9132449241275165,0.9066854053448341,0.910955707136638,0.9128580996542383,0.9022148465685833,0.9165220147848004,0.9091475435505019,0.9097931401909702,0.9128822672763234,0.9175156409923667,0.8924384404105358,0.9212059291232105,0.9018651488515269,0.9091597316144806,0.9214412596422126,0.9111077572383959,0.9207941604229076,0.90768825727497,0.9167902252460761,0.9194967422163267,0.9137207065497155,0.9185012923686806,0.9063151103145572,0.9148379317937199,0.9049878181695008,0.9209709089981492,0.9158463948542361,0.9057615643614754,0.9186076552919509,0.9136406005514635,0.900945252994928,0.9113850565473116,0.9112892600848316,0.9134637901500857,0.913007400343399,0.9127155472170778,0.910272675458987,0.9121637286716348,0.9226473303161502,0.9195634615383361,0.915546831106907,0.9054450632940166,0.9235143077846628,0.91490990630255,0.9087127865354645,0.9110730841330332,0.916941019401777,0.9149242039593395,0.9115323595116699,0.9157783553459927,0.9072268921351128,0.9245473659234027,0.9076957115557283,0.9252871028579664,0.9187785536149646,0.9132684473799131,0.9132890139688662,0.9134675808558189,0.9181497567824484,0.9124836414667835,0.9049179595769875,0.9159546531973338,0.9188773039471823,0.9193256242330886,0.9107582069319098,0.9008932242827963,0.918296524704416,0.9116561378075556,0.9239673609393416,0.9122870007880173,0.9103107484310842,0.912792857137027,0.9129011460448364,0.9179447622583229,0.9073843705180317,0.9097239839241826,0.9199632394022186,0.9133799795122076,0.0062897977803100516,194
141.36137626171111,106.76008669303347,0.34977752685546876,0.34895635995519586,0.0020143801083789686,7,0.5198936688318733,2,4168,0.8996750943797756,"{'learning_rate': 0.0020143801083789686, 'max_depth': 7, 'max_features': 0.5198936688318733, 'min_samples_split': 2, 'n_estimators': 4168, 'subsample': 0.8996750943797756}",0.9216674400180895,0.9256414200768076,0.936226517593659,0.9349208250868057,0.9306029493795269,0.9313011399191476,0.9283720616581829,0.9321574292183292,0.918981678510425,0.9337121825490972,0.9331247461100907,0.9251729476521761,0.9308403822876173,0.9366929221827035,0.9301527148572403,0.9342238020909605,0.9314187197567955,0.9241657637640943,0.9271946539048714,0.934167462424642,0.9238087834968615,0.9432034820264046,0.9172556383315923,0.9348009735386293,0.9298624521645615,0.9372142264342775,0.9294694068159162,0.9253704644947622,0.93413254989773,0.9158350159903496,0.9240962160919701,0.9315759150481814,0.9322244104721115,0.9190250439704002,0.9370174590236947,0.9212211052836901,0.9252174081217884,0.9390964138820349,0.9290862870569014,0.9368374289070436,0.9247385629730697,0.9339307342418478,0.9328678409618101,0.9253683691129663,0.9325424274868496,0.9317556215295721,0.9305082430251658,0.9244695259509238,0.9313429006611393,0.9314397393417616,0.9274280929222254,0.9370211992760461,0.9358579687362141,0.9198652845825338,0.9293265889699935,0.9309240415082058,0.9336837627579753,0.9251773579941027,0.9308768993704204,0.9319426294270299,0.927832847910388,0.938178888564786,0.9316482161211709,0.9271150833908066,0.9235563165596493,0.9358190206333553,0.9257330089904172,0.9289198446236117,0.9269358089114326,0.9346548084300473,0.9264457023926148,0.9282453613032497,0.9314648745466684,0.9316121741195411,0.9351277613247692,0.9252039606629502,0.936878056609119,0.9330618570526091,0.9293631496386641,0.9285128508567657,0.9257777702327947,0.9351200810436563,0.9250484637624808,0.9283042456176097,0.9342314211841505,0.9330611411484643,0.933405691185672,0.9277909994532593,0.927578741630676,0.9334138419456788,0.9296828839380075,0.9349190967247218,0.9271642570368115,0.9300792242775698,0.9287708212953198,0.9294667259725328,0.9340707066585212,0.9275237112884286,0.9262488665413264,0.9326086452100542,0.9299873315971037,0.004986144242561401,143
187.08944278240205,129.5081543299635,0.3554900360107422,0.35991959115444855,0.021492877622786812,10,0.5302754167783346,2,4168,0.9087200648184439,"{'learning_rate': 0.021492877622786812, 'max_depth': 10, 'max_features': 0.5302754167783346, 'min_samples_split': 2, 'n_estimators': 4168, 'subsample': 0.9087200648184439}",0.9264224579391835,0.9308818548028293,0.9388414470004863,0.9361946994431087,0.9339095315752477,0.9361420822561003,0.9301854642225189,0.9336012331844066,0.9221767280139284,0.9358118695418628,0.9344410326259907,0.9269509401158055,0.9344180657415896,0.9421582523325314,0.9317672218713506,0.9374889844043838,0.9341645805191164,0.9263588882749872,0.9298108455456906,0.9360460635898826,0.9284291230841886,0.9463115185291859,0.9218082824372,0.9365942607133806,0.9316712567573863,0.9383262504349638,0.931017801935196,0.9286880317062637,0.9350118586086994,0.9196984182646045,0.9290964671671796,0.932564919888237,0.9377162178868669,0.9219175146338753,0.9381178677076121,0.9244150113365666,0.9282283676692784,0.9391223924952334,0.9329177232885878,0.93957571667176,0.9296981385731864,0.9366102143393792,0.9390193706912807,0.9286821054552994,0.9363541069663462,0.9339538624592563,0.9317013388664935,0.9280933133649251,0.9336060960087269,0.9355590731516772,0.930883692906117,0.9394421036397038,0.9377764692825838,0.9231942032272317,0.9336549548790446,0.9336036312381288,0.9380703004365922,0.9270375389466223,0.9315274095392698,0.9353939058636833,0.931783268483731,0.9386062518365017,0.934532221777479,0.9319380493219941,0.9263503432142357,0.9380580261839588,0.9324336874502045,0.9311035245999117,0.9314318732722254,0.9360452506833372,0.9265745037920929,0.9296031900510748,0.934566382047523,0.9368832025244709,0.9381939400425332,0.9293430461324623,0.9425365728866976,0.9352251483931739,0.9318658804664604,0.9323199530548225,0.9288928904812344,0.9385727990924475,0.9282341286135487,0.9305182395987942,0.9380410940366992,0.9370372788282296,0.9395266269776007,0.9292459073908451,0.9297328987301954,0.9369582381788439,0.9340429334435573,0.9374137064365758,0.9300821626470225,0.9318252701812387,0.9318441432918795,0.931843368016883,0.9378386987565186,0.9325877873695392,0.9293145027128015,0.9355208427542289,0.9330133090780639,0.0048455658510042484,101
