mean_fit_time,std_fit_time,mean_score_time,std_score_time,param_learning_rate,param_max_depth,param_max_features,param_min_samples_split,param_n_estimators,param_subsample,params,split0_test_score,split1_test_score,split2_test_score,split3_test_score,split4_test_score,split5_test_score,split6_test_score,split7_test_score,split8_test_score,split9_test_score,split10_test_score,split11_test_score,split12_test_score,split13_test_score,split14_test_score,split15_test_score,split16_test_score,split17_test_score,split18_test_score,split19_test_score,split20_test_score,split21_test_score,split22_test_score,split23_test_score,split24_test_score,split25_test_score,split26_test_score,split27_test_score,split28_test_score,split29_test_score,split30_test_score,split31_test_score,split32_test_score,split33_test_score,split34_test_score,split35_test_score,split36_test_score,split37_test_score,split38_test_score,split39_test_score,split40_test_score,split41_test_score,split42_test_score,split43_test_score,split44_test_score,split45_test_score,split46_test_score,split47_test_score,split48_test_score,split49_test_score,split50_test_score,split51_test_score,split52_test_score,split53_test_score,split54_test_score,split55_test_score,split56_test_score,split57_test_score,split58_test_score,split59_test_score,split60_test_score,split61_test_score,split62_test_score,split63_test_score,split64_test_score,split65_test_score,split66_test_score,split67_test_score,split68_test_score,split69_test_score,split70_test_score,split71_test_score,split72_test_score,split73_test_score,split74_test_score,split75_test_score,split76_test_score,split77_test_score,split78_test_score,split79_test_score,split80_test_score,split81_test_score,split82_test_score,split83_test_score,split84_test_score,split85_test_score,split86_test_score,split87_test_score,split88_test_score,split89_test_score,split90_test_score,split91_test_score,split92_test_score,split93_test_score,split94_test_score,split95_test_score,split96_test_score,split97_test_score,split98_test_score,split99_test_score,mean_test_score,std_test_score,rank_test_score
1397.8356881546974,278.361811100535,1.401794068813324,1.359908870318293,0.034309977022776265,10,0.8255183999255711,2,4168,0.8993315400781986,"{'learning_rate': 0.034309977022776265, 'max_depth': 10, 'max_features': 0.8255183999255711, 'min_samples_split': 2, 'n_estimators': 4168, 'subsample': 0.8993315400781986}",0.9532344511727928,0.9481367417509544,0.9453761982234714,0.9496125874435611,0.9483680655452882,0.9450693111175814,0.9520815814933776,0.9482317970436588,0.9508460350311868,0.9485308384604875,0.9517661129246437,0.9505237617149193,0.9490500518058341,0.9493984808999066,0.9488610558089793,0.9488258709912277,0.9454848030700548,0.949674933942851,0.9502198605242554,0.951400311595273,0.9512318290860791,0.9489124076173243,0.9478571937018068,0.9484080877326175,0.9498458820938328,0.9496903435755109,0.9476837396233186,0.9463840037006217,0.9509628814913322,0.9514309554269315,0.9494006699836423,0.9481793929026309,0.9477448460615481,0.954673115193539,0.9463101527529786,0.9473504614013455,0.9499624022731605,0.9525876485653781,0.9492896942564827,0.9486840495121073,0.9459260855000481,0.9524332726426388,0.9464857188092305,0.9523040622876927,0.948433140374976,0.9510970339060216,0.9490521758809649,0.9508398099808575,0.9480284276581352,0.9481792013660517,0.9482386317535619,0.9513289225206527,0.9496507877170977,0.9482325567663699,0.9523549285267083,0.9459143791291024,0.9497741571370957,0.9479405811052027,0.9470218303219575,0.9515478359362541,0.9506559827139595,0.9469127278543065,0.9497895430917491,0.9513730007888468,0.9449082475255083,0.9489189230800104,0.9460487216231367,0.9483924299706655,0.9524623255904016,0.9499290425058776,0.9494225892205088,0.953275151927638,0.9450349415309828,0.9489162903876999,0.9495399298492848,0.9482091364782917,0.9489524321222924,0.9505599634580456,0.9490855697891045,0.9475856013613904,0.9499007079875113,0.9520389205710728,0.9502839564702809,0.9470761388595974,0.9468517474830921,0.9509922348634635,0.9477107592345395,0.9519788283674262,0.950448471966349,0.9475299552569226,0.9505694617000514,0.950942614214906,0.9505984191360193,0.9512680769909833,0.9466351188695097,0.9499186339887862,0.9475762906769987,0.9484116573734289,0.9498813395196938,0.9522993770428281,0.9492895140827629,0.0020523056310416937,76
751.0657937598229,154.76279014840154,1.1451429176330565,1.1471545079854306,0.16094119246640926,8,0.7102644796917272,2,4168,0.7257235182514921,"{'learning_rate': 0.16094119246640926, 'max_depth': 8, 'max_features': 0.7102644796917272, 'min_samples_split': 2, 'n_estimators': 4168, 'subsample': 0.7257235182514921}",0.9487673960575219,0.945652043434292,0.9433295226843652,0.9471097100390136,0.9445799081652589,0.9416054151715915,0.9496187191365323,0.945834617639109,0.9477456684950892,0.947014599320579,0.9483510830124487,0.9474649582399539,0.9465541866532682,0.9468291762916319,0.9452799717200384,0.9466947586189413,0.9426766380613744,0.947324138058191,0.9478618881730659,0.9487449270007943,0.9473821133186532,0.947823559920099,0.945695138963077,0.9441606078837014,0.9485050691526874,0.9464484074189156,0.9457467262820123,0.9440455345250705,0.947604700572429,0.9487776807154666,0.9463149325313869,0.9457964744630338,0.9458677325113414,0.9503301075206033,0.946007752694712,0.9423724068006298,0.9466554190929797,0.949159746851513,0.9476128978900593,0.9466174355258291,0.9448319035438552,0.9498708931342149,0.9442353053424722,0.9488733585433209,0.9463605136314934,0.9487941831104473,0.9462158096236323,0.9477063145615006,0.9451949242466677,0.9440881887510504,0.9466375540340816,0.9487522612052772,0.9463058159482756,0.9473071104744751,0.948357610215325,0.9436339945498153,0.9485827707091202,0.9470854489241343,0.9453261294579641,0.947118833597806,0.9474176981372794,0.9430774101891504,0.9460442980917755,0.9468078867849684,0.942801565215572,0.9462641132127331,0.9442506461324066,0.9441592609509084,0.948871822712912,0.9473985899267986,0.9466858897102577,0.9504490075099687,0.9442221821102564,0.9470628811967733,0.9482167973103188,0.9470809660941992,0.9476598278303423,0.9487884938154365,0.9454855252729918,0.9443465561748422,0.9459879983709114,0.9487693130091643,0.9490350859914615,0.943290358916666,0.9451989488518541,0.9490561536476797,0.9454573366557218,0.948563342355822,0.9492057923453598,0.9438798841467343,0.9456500838042066,0.9499614484297934,0.9470373451046828,0.9479212437030066,0.9433216398456925,0.9481480844710454,0.9442481152410054,0.947361277614502,0.9477727276167712,0.9502962753081655,0.9466449656802232,0.0019794941012153213,128
268.7053259944916,105.95145650258932,0.6648919129371643,0.6814179217971096,0.20267695188333315,13,0.4934133071510458,2,4168,0.7422756934537176,"{'learning_rate': 0.20267695188333315, 'max_depth': 13, 'max_features': 0.4934133071510458, 'min_samples_split': 2, 'n_estimators': 4168, 'subsample': 0.7422756934537176}",0.9379975766228367,0.9337663528891403,0.9321226014818587,0.9361573972473871,0.9336138310436211,0.9291904408559619,0.9384854384739558,0.9367695235415897,0.9366946107314491,0.9356207923676706,0.9383111624241457,0.936303978177033,0.932314055673487,0.9366965184821339,0.9353705714067471,0.9345275177723463,0.9329332688547838,0.93728189703176,0.9367272646709511,0.939156752495066,0.9342608007873067,0.9363066754642143,0.93428967484692,0.9334510607452651,0.9320356605254446,0.9356586756399895,0.9327348761733013,0.9316310483642934,0.9374655611176772,0.9348635739909237,0.9327225240596622,0.9336011810976691,0.9322813999958242,0.9383652533982194,0.9343540142659386,0.9324076539926996,0.9347355622813965,0.9386203759860811,0.9359628585226897,0.9345641574153998,0.9338635219772908,0.9387435342947802,0.9311364737556617,0.9368844486146889,0.9349723176314809,0.9385217182207851,0.934139043567927,0.9339234077847576,0.9366307282656154,0.934583924696742,0.9326569526044586,0.9387618019031123,0.935163832824536,0.9353503831606688,0.9381627437490142,0.9312567928393763,0.9346677525250837,0.9364270034290767,0.9351434759964804,0.937879657571681,0.9383763631227627,0.9350999268205087,0.937780425737522,0.9369782689139015,0.9303212675139066,0.9355948194873772,0.9331421646572278,0.9325015081633306,0.9390428467404768,0.9376676133847198,0.9352309848709931,0.9383789378734171,0.9322877998696748,0.9338538506126948,0.9359553955510262,0.9345013884964419,0.9366018203866779,0.9396369751807676,0.9338908922066839,0.9311146524581577,0.9341931926650028,0.9377550905975935,0.9375546361119279,0.9338218695584563,0.9317325956828477,0.9369078040687058,0.9330656623155539,0.9355858776373914,0.9378242365689815,0.9342580136393873,0.934950038827723,0.9398495969103365,0.9356641478115165,0.9373157481837597,0.9328222092008149,0.9382009880743529,0.9334690981097435,0.9349091780263773,0.934094726007638,0.9382486079177541,0.935294048762922,0.0023436066437992134,182
703.020661034584,146.9860873839002,1.057530243396759,1.060111932557113,0.13420186966472852,13,0.563207966534582,2,4168,0.890300529340937,"{'learning_rate': 0.13420186966472852, 'max_depth': 13, 'max_features': 0.563207966534582, 'min_samples_split': 2, 'n_estimators': 4168, 'subsample': 0.890300529340937}",0.9425483279964364,0.9401589727950591,0.93745217662102,0.9417884970432798,0.9401136447441473,0.9346321633642302,0.9418331136218603,0.9391648865824603,0.9428303175654715,0.9410282599669293,0.9434181565577071,0.9418903635258971,0.9405371599378953,0.940212758568715,0.9400255742201492,0.9401419913562213,0.9382250237347006,0.940042185467359,0.9426821539983522,0.943006523253506,0.9410325158292474,0.9404882183284224,0.9407788869089467,0.9392480502852346,0.9408334716668454,0.9403420380659402,0.9401377642410877,0.9362444861841652,0.9436739421828734,0.943663786731588,0.9406383082956061,0.9416698676500287,0.9372925864316439,0.9457092787188277,0.9374321000757182,0.9384813081333029,0.9392813078498075,0.9419163038943441,0.9438272539553678,0.9411196229941063,0.9356400416246168,0.944253439064801,0.9341842705632628,0.9446995694499136,0.939187317510969,0.9430552577369017,0.9402108567067416,0.9419271827352284,0.9395180902146749,0.9396486406060938,0.9389804512513608,0.9432223118510096,0.9404697999359539,0.9396631410428145,0.9443338850797915,0.9359685933048425,0.9424732673288456,0.942188722100367,0.9382254003696201,0.942421916095019,0.9406030610206655,0.9387113231059953,0.9402722552944481,0.9425158783578172,0.9391197967756918,0.9406692588001924,0.9383475634606583,0.9384351114578103,0.9432241126342742,0.9423474636630984,0.9419188687938785,0.9457365293705451,0.9368819976876938,0.9420044677139231,0.9412622635702794,0.939896660105942,0.9414522461377585,0.9407825979193164,0.9413435272649847,0.9382448816921232,0.9384857322334287,0.9422116341089225,0.9435339797601718,0.9372161806314009,0.9383346820402323,0.9431923354615918,0.9379080438475277,0.9424546121967902,0.9418509629963958,0.9372855682103387,0.9409257917050458,0.9420692957594657,0.9426059966765841,0.9436518844282892,0.9387618458589888,0.9402487007195217,0.9383905365125778,0.9393094613152906,0.9411865425250696,0.9430424137546272,0.9406225156948668,0.0023176202919603234,160
437.4414844083786,139.70983495764406,1.4155193519592286,1.429427915183627,0.011478916201752568,9,0.3467468889128293,2,4168,0.8888719962112984,"{'learning_rate': 0.011478916201752568, 'max_depth': 9, 'max_features': 0.3467468889128293, 'min_samples_split': 2, 'n_estimators': 4168, 'subsample': 0.8888719962112984}",0.955420260631779,0.9526364183071638,0.9496640075594518,0.9535320298826176,0.952099728151087,0.9489582203732841,0.9554426723150217,0.9519043246556451,0.9539158083204532,0.9527924275757873,0.9546948323734121,0.9542573744631191,0.9529206353206231,0.9531850268348269,0.9523834511720046,0.9527005851226134,0.9489561756387149,0.9535809342124327,0.9549556379470981,0.9547889537703267,0.9533665998295202,0.9539026011282704,0.9519315522911028,0.9518343701557931,0.9530886695462156,0.9532154566992681,0.951658156967184,0.9502479401101345,0.9547722929469539,0.9546131039364227,0.9535036209960059,0.9522876652201291,0.9512162160379519,0.9568632862144145,0.9507158909787252,0.9504611945852137,0.9537079693058157,0.9557020351929254,0.9543646554335742,0.9515423037707568,0.9506948153392905,0.9552038789052333,0.9507988022931058,0.9556061305225355,0.9527207006641629,0.9549774080880236,0.9520980986430271,0.9525273879986447,0.9522896786913788,0.9507481316790649,0.9514752817491307,0.9543244989312224,0.9522201785774392,0.9529083645737197,0.9554558671413812,0.9498796454757598,0.9537119906147412,0.9541115620036484,0.9509182053491232,0.9541855182224164,0.9543677852130528,0.9503292929438282,0.9532772153618901,0.9545692513731024,0.950355285402933,0.9519529362831413,0.9509528162299686,0.9510588596638652,0.9556297069991107,0.9538675633072848,0.9534467556156906,0.9553440573828453,0.9498911459814519,0.9534214699680016,0.9528550724386815,0.9522577099713332,0.953487138415819,0.9541292112851656,0.9528667060675058,0.9509137529153259,0.9528939037445517,0.9543846301562903,0.9536293552536305,0.9504115031762137,0.9514487199151382,0.9549188130036251,0.9522323472702473,0.9538670142652121,0.9548413086917827,0.9501345621575544,0.954313650423516,0.955159879390251,0.9535399752403944,0.9537580151415286,0.9500171593062424,0.9529807304124642,0.9507941942733641,0.9528375615658492,0.9540335038597643,0.9551465550017538,0.9529095834650625,0.0017429378294129554,7
726.3326971077919,174.1742633578547,0.5880673861503601,0.5935653164382702,0.11252755476052344,5,0.9035772568372358,2,4168,0.8750524870215068,"{'learning_rate': 0.11252755476052344, 'max_depth': 5, 'max_features': 0.9035772568372358, 'min_samples_split': 2, 'n_estimators': 4168, 'subsample': 0.8750524870215068}",0.9521195483231079,0.9481096884970999,0.9461547243373498,0.9482396057150763,0.9489410680315056,0.9464157692516754,0.952129578397719,0.948278958951318,0.949959980505001,0.9491578078798528,0.9487853602709206,0.9503509515446167,0.9495297860713254,0.9483971969564455,0.9473416855104783,0.9486784201183338,0.943914243707785,0.9505298812133792,0.9518405190953501,0.9510339247014847,0.9481016494509258,0.950146722835241,0.9473571106178005,0.9482875089435947,0.9494776551671782,0.9489970546629849,0.9484042468077208,0.945509649083277,0.9486121461244608,0.9510838148294638,0.9481935746660697,0.9474052526232967,0.947556472777892,0.9532733059201407,0.9459769739638759,0.9463143031126998,0.9500210021140182,0.9522699563151228,0.9486145975467967,0.9479555902142531,0.9469847990229917,0.9508871075572801,0.945597811362402,0.9492669463685759,0.9491835067899549,0.9511477332891075,0.9493791725397084,0.9492110013388214,0.947842394942673,0.9464476450161878,0.9486785540707967,0.9499025833409438,0.9483595680635254,0.9482915731784594,0.9495136406227722,0.9468191458884927,0.9482986645103129,0.9495646653481921,0.9458592470822937,0.9504208341376743,0.9512302870206978,0.9458361024128311,0.9493950783584736,0.9502618797005454,0.9478763329818511,0.9484753129754712,0.9474773931274247,0.9467908942073122,0.9518471798551729,0.949830802655138,0.9491649102729102,0.9507955837915848,0.9465393617116001,0.9490055545885749,0.9491167553845282,0.9492809491971295,0.9486582198421573,0.9505227101851905,0.949386118451737,0.9452072366358254,0.9491919079312746,0.9503361026525482,0.9514966777479575,0.9462861952105175,0.9464628486325425,0.9510102174910128,0.9479889921234143,0.9498272022718018,0.9517244388063926,0.9462109916008525,0.9513483760012751,0.9505169848072884,0.9490341169617094,0.948557840814554,0.9445352182509563,0.9501400553258876,0.9463870389594647,0.9494448971913794,0.9489726100639314,0.9505166560475545,0.9488181191357629,0.0018670244122076587,81
960.2463720107079,204.53197192975585,1.0867735099792482,1.0952449245641906,0.02182672713652882,8,0.729429006999116,2,4168,0.8426212864018037,"{'learning_rate': 0.02182672713652882, 'max_depth': 8, 'max_features': 0.729429006999116, 'min_samples_split': 2, 'n_estimators': 4168, 'subsample': 0.8426212864018037}",0.9552845496598964,0.9518539853498595,0.9487881194771722,0.9532014652085293,0.9518115048653436,0.9491813583310729,0.9550647982614044,0.9508344478858821,0.954940499879247,0.9519600631997002,0.9537840894768799,0.9537612266641985,0.9522249260703922,0.9531072923950252,0.9519591505106659,0.9531733938394069,0.948489255903632,0.9537772978722573,0.9546676867626,0.9546889594411777,0.9533592953653915,0.9540266272616745,0.9511472969706428,0.9513654034532733,0.9522704727090139,0.9525890489087974,0.9519665565895769,0.9496809216622377,0.9539933197756834,0.9551710803247958,0.9527146232003546,0.9515661123055944,0.9514156949911845,0.9564701310920292,0.9507330896735322,0.9499521595943093,0.953621841481585,0.955755773932237,0.9532148720931851,0.9520456184656492,0.9495822732407057,0.9557417421454544,0.9498101865747318,0.9551783085737515,0.9523388054323946,0.9545806674826374,0.952226021401782,0.95298933021044,0.9516024702920562,0.9507865328327058,0.9511509076515272,0.9540987901967128,0.9538349734466999,0.9515590075918388,0.9552028775711836,0.9497080998113967,0.9537533979592683,0.9524851008509087,0.9509939548092016,0.9541831496998423,0.9538101863757916,0.9498382520524152,0.9522174090055407,0.9547683823552622,0.9489842472326191,0.951697637701668,0.9498917563975454,0.950598931819007,0.9555931520971189,0.9534947619457299,0.9527283558745102,0.9557264837532097,0.9496615594278079,0.952755086065549,0.9527318521356579,0.9516042582915686,0.9529899548938023,0.954140449674471,0.9525352648698612,0.9508466362238909,0.9532445311395352,0.9542355684237782,0.9544310206939907,0.9500512245940488,0.95077183076125,0.9542515761146209,0.9512155915563014,0.9540404516565164,0.9544386798882216,0.9499515433757262,0.9538952760982274,0.955161052006759,0.9534238644276729,0.9534409965832975,0.9490774552778003,0.952977617089809,0.9503279653742104,0.9522577614798805,0.9527715091440527,0.9550318285094257,0.9525903257106847,0.0018857366177991108,11
463.78388751745223,129.4224077997545,0.6185358190536498,0.6370691385676356,0.04074815560860463,5,0.6381938749367917,2,4168,0.7162553812160863,"{'learning_rate': 0.04074815560860463, 'max_depth': 5, 'max_features': 0.6381938749367917, 'min_samples_split': 2, 'n_estimators': 4168, 'subsample': 0.7162553812160863}",0.951663105743422,0.9489993662152701,0.9458421871594387,0.9493345597728781,0.9485267941410263,0.9463627265703892,0.9530036759682707,0.947787088880897,0.9501089222584314,0.9489786352236433,0.949016964574688,0.9507396867621565,0.9501025518077657,0.9499347348678744,0.9479914900961198,0.9493573953016423,0.9449278044371605,0.950637204218746,0.9516777102793756,0.9519026427488332,0.9491967345003678,0.9504797589815341,0.9476423018984061,0.9495972752502074,0.9497336805486926,0.9495540504068637,0.9490499422926696,0.946263836810898,0.950910242167686,0.9514471541284862,0.9487027734400724,0.949441406653837,0.9479182555199842,0.9536164252875783,0.9466167193741845,0.947012346651582,0.9512690575112671,0.9525930423169209,0.9498677373686198,0.9480192009092655,0.9485931841843577,0.9517081339968645,0.9474565396825997,0.9511876214822967,0.950205225298872,0.9511009890805884,0.9502678650754841,0.9500138892495837,0.9476630296496804,0.9473555469349675,0.9487376746122872,0.9501795864364417,0.9482521986491775,0.9491994253740714,0.9511439230721564,0.9476149707835053,0.9494816341741077,0.9506263891475341,0.9469388719007136,0.9511201129289263,0.9514692302467861,0.9460093273861208,0.9496830035173959,0.950801899065594,0.9478159200703068,0.9487516215832137,0.9475800345658201,0.9474853110402264,0.952256732233572,0.9512368819239427,0.9499130225274971,0.952138814622917,0.946827241420116,0.949208663240571,0.9495335018669835,0.9495767258277197,0.9490168747927763,0.9510195443139439,0.9501763958906482,0.946519545098743,0.949653284645461,0.9506255408592375,0.9504764894756335,0.9475622781867393,0.9477099193219513,0.9510092710527538,0.9497520445108104,0.950219286174357,0.952011110494483,0.9460556514799663,0.9515544202496137,0.9521335272890914,0.9496675129228173,0.9501825524446896,0.9454982826837675,0.9504373999474186,0.9466703184042566,0.9500643190229399,0.9508396028312858,0.9516577729762803,0.9494547487696983,0.0018333099417309384,73
597.8279544830323,155.88194387231889,1.074112470149994,1.0763106427154145,0.00787169111132696,7,0.6000233430178148,2,4168,0.7797632208827519,"{'learning_rate': 0.00787169111132696, 'max_depth': 7, 'max_features': 0.6000233430178148, 'min_samples_split': 2, 'n_estimators': 4168, 'subsample': 0.7797632208827519}",0.9506514366876065,0.948018385793825,0.9445689556347708,0.9489369129311644,0.9476381671987086,0.9443937747435075,0.951460636002841,0.9466418040277923,0.9502792670695481,0.947737000346945,0.9494587968678464,0.9497298220326216,0.9482722532505156,0.9479423908964969,0.9478354925590171,0.9481998141923744,0.9436404350383885,0.9497687446845804,0.9502242866884244,0.9506386438563018,0.948947793386631,0.9498049160547363,0.9463599188371427,0.9476241720038305,0.9478842749369084,0.9483236632835805,0.9472012075736029,0.944599188587624,0.9501835084986159,0.9506032201635094,0.9482392592206519,0.9477687785876767,0.9465683136675124,0.952558284623526,0.9456286773898624,0.9463234517220901,0.9486278642501336,0.9518789318461236,0.9492400435818326,0.947037217922606,0.9465501470744798,0.9506312338811604,0.946019335920344,0.9507232811888987,0.9476978510604825,0.9501718114654489,0.9478441343029715,0.9483048871742153,0.9471050008982467,0.9471112457725981,0.9470196620529753,0.9499920653700571,0.9480569841481741,0.947710790004128,0.9504551538941786,0.9461780239919503,0.9484544821894453,0.9492457684143696,0.9462377456230371,0.9503609855459023,0.9500271933856108,0.9452697161307213,0.9482987566689937,0.9500128925409341,0.9455514668510883,0.9473516575563349,0.9458591859322899,0.9466583337335441,0.9510364667230784,0.9491605303095967,0.9488731863492433,0.9508623936755961,0.9450836926418689,0.9480738270421321,0.948320564382455,0.9479878412376304,0.9485545318360544,0.949750145788926,0.9478763671451221,0.9456768543701126,0.9487866775548175,0.9495690292091774,0.9494325801555025,0.9460344941472989,0.9459499703896511,0.9501152549425537,0.947462745217221,0.949372287386819,0.9506475506830642,0.9450295023494845,0.9495851344117151,0.9504747020498701,0.9484386262978429,0.9487876283839294,0.9443129064236385,0.9482488826333437,0.945878115450235,0.9477717592689264,0.9492112222464895,0.9506287780959126,0.9482333374821337,0.0018833958351546047,98
459.078907494545,163.43284508126806,2.2197890853881836,2.137181075007895,0.002204408027866876,10,0.42196109783371993,2,4168,0.6368187333479057,"{'learning_rate': 0.002204408027866876, 'max_depth': 10, 'max_features': 0.42196109783371993, 'min_samples_split': 2, 'n_estimators': 4168, 'subsample': 0.6368187333479057}",0.9482666629547384,0.9450768135119916,0.9417627912165454,0.9461940617659299,0.9444532922247615,0.9404034245757864,0.9484056204954714,0.9449479406453135,0.9478131900147402,0.9449221902385244,0.9474431596359078,0.9465575986838928,0.9452827747466579,0.9452787475746436,0.9450704954090976,0.9451316691279837,0.9411708623867091,0.9464020986898856,0.9475004705320574,0.947825464833708,0.9461402540264514,0.9459543480116026,0.9440924760020386,0.944172028300521,0.945524043808474,0.9457958549303731,0.9441134277791321,0.9419595273615826,0.948173660427533,0.947126493981829,0.9462140450610268,0.9445695181977134,0.9432377305424334,0.9500593526238696,0.9432603941872985,0.9428659576432906,0.9457131723694733,0.9485349013741518,0.9467719034142478,0.9445996313880395,0.9426489327532633,0.9484810158469512,0.9429172242100413,0.9482018742141354,0.9448016090357583,0.9478215872324371,0.9443608828260804,0.9456491188260754,0.9448565234877626,0.9436496511597624,0.9438543877771317,0.9472897105561674,0.944943493954801,0.9450628085945665,0.9483446578939154,0.9422672251554963,0.9461629665822311,0.946939154034572,0.9433769320502208,0.9470708234347367,0.9470729792758968,0.9429859752872339,0.945299216411293,0.9475825922674981,0.9420344384205113,0.9445562305793455,0.9434795479831619,0.9437965962126186,0.9481468854160516,0.9461974276642315,0.9463818434278791,0.94868837943343,0.9415009589517964,0.9450996135268639,0.9457782306050572,0.9442427252102162,0.9467487334650289,0.9471526287565887,0.9449788694160202,0.9436484701205408,0.9449664394772068,0.9470069906821936,0.9471279288915123,0.942942933879189,0.94383034324149,0.947584641305275,0.9441119816376998,0.9472931144446395,0.9472770154422436,0.942352670038193,0.9465387255607848,0.9479787706208598,0.946266609437322,0.9464946650769824,0.9420659654741766,0.9458394900338181,0.9428490028837284,0.9451116070697805,0.9465728761507165,0.9477926366854734,0.9454486538078609,0.0020063632044798724,140
879.2221986675263,199.76756904043145,1.2007482385635375,1.1916690742952136,0.01480199922593233,9,0.7311375937791238,2,4168,0.6934767629369737,"{'learning_rate': 0.01480199922593233, 'max_depth': 9, 'max_features': 0.7311375937791238, 'min_samples_split': 2, 'n_estimators': 4168, 'subsample': 0.6934767629369737}",0.9554718392024711,0.9514875987494675,0.9488091347944596,0.9534395201369166,0.9515295828848426,0.9485101899660074,0.954558989859277,0.9511551082174838,0.9538165389678819,0.9522933633866774,0.9541178868586582,0.9535532473071578,0.9522703102844036,0.9526339795429856,0.952175066954211,0.9524044820767783,0.9487492430092774,0.9531228410235465,0.9539950110295443,0.9543609060114379,0.9534570762722538,0.9537463563516788,0.9512160612243423,0.9511970672581845,0.9525547393809659,0.9525201839714473,0.9513670258642133,0.9490013197611793,0.9544472110728695,0.9543725956603275,0.9523817684253921,0.9512154747059463,0.9509082124747389,0.9565361472866668,0.9499258822408133,0.9505945104250669,0.9528265933239891,0.9554316050601709,0.9527072473919272,0.9514085549844172,0.9493375004454986,0.9556887699738794,0.9498466686111413,0.9545444457915045,0.9521877590626402,0.9544377357892906,0.952091419707179,0.9531915944514893,0.9513588588072581,0.9512007738594311,0.9506587979523222,0.9540973318336617,0.9524729351227456,0.9513573757239455,0.9552027702795846,0.9494756168889191,0.953220819045485,0.9523323561884505,0.950120760951912,0.9544932400610594,0.953630915589549,0.9501159792980306,0.9522693244472095,0.9544847118742924,0.9486913571106214,0.9515902613858549,0.9496491713413932,0.9503994738702165,0.9557012078628218,0.9533663220441417,0.9527166919699929,0.955562537126972,0.9494761418986691,0.952504598142623,0.952009280292763,0.9514572136841335,0.9526725995978051,0.9536676658369808,0.9521938055591765,0.950577102947412,0.9519533623145395,0.9545839246582988,0.9538399236540597,0.9498171805665425,0.9501210046154479,0.9544866730502554,0.9509277297451284,0.9536479952153196,0.9538155053184426,0.9497747111939537,0.9534348492044956,0.9548555619631454,0.9533259795595231,0.9535494172885841,0.9491315302062524,0.9528369843322805,0.9503976998209206,0.9521841088049589,0.9527680889314629,0.9547356648488674,0.9523651226112062,0.0018754386050831543,17
446.0009681558609,128.42163610553422,0.7277030205726623,0.7548876484444564,0.019230985848199402,6,0.3926818835585638,2,4168,0.9455311449794073,"{'learning_rate': 0.019230985848199402, 'max_depth': 6, 'max_features': 0.3926818835585638, 'min_samples_split': 2, 'n_estimators': 4168, 'subsample': 0.9455311449794073}",0.9522221302403439,0.9501456586745888,0.9465418209416668,0.9500635648196603,0.9492972906748687,0.9462604367346708,0.9528993129774185,0.9486584995752817,0.9514434573132073,0.9491335296407718,0.9506773269411104,0.9512790320248627,0.9499887278095139,0.950515853679933,0.9487807852697391,0.9496710225545179,0.945294272167248,0.9507104307449867,0.9518996133318254,0.9524551079900212,0.950221005268353,0.950790551172861,0.9485813068157424,0.9494478768207314,0.9496961154076334,0.9496088345051237,0.9487439828467455,0.9462365719252761,0.9513194497277814,0.9512892111964735,0.9495218515770508,0.9493789836051625,0.9483983044932005,0.9537950181208281,0.9464852847168899,0.9474833383414833,0.9504777494676397,0.9531158750375587,0.9504281917881833,0.947909059946538,0.9487706470479781,0.9519083799378262,0.947603857442604,0.9521086976407572,0.949353297985437,0.9517207151760357,0.9494084766174181,0.949977668684521,0.9479046919795244,0.9478578465534008,0.9488216411411938,0.951284778323502,0.9491959173964816,0.9504117521919431,0.9514519286578869,0.9475768396279435,0.9498442473059616,0.9510278781567902,0.9476426944722521,0.9518517591294028,0.9511298864634957,0.9464922134207506,0.9498928681719421,0.9509836570769934,0.947905392738413,0.949320655120581,0.9478220290713435,0.9482211476432716,0.9520999052430652,0.951634821565876,0.9505159607437249,0.9520693713744206,0.9470716872124453,0.94960835371076,0.9502376899842931,0.9497759127637435,0.9493197693110996,0.9512494136406788,0.9495907273348456,0.9470906349230716,0.9497855250084394,0.9507889978993597,0.9510674368862359,0.9471832723959397,0.9477639315884596,0.9515112609236347,0.9494112105802414,0.9506320217521442,0.9520416637654351,0.9470699514597963,0.9517651173598974,0.9522788107493231,0.9494877469872011,0.9509715301438832,0.9461824257300252,0.9496993670921232,0.9469331743083964,0.9499107015785002,0.9510080383719131,0.9517202766165314,0.9497583471106864,0.0018012951422594558,63
354.0436365914345,115.33748946441585,0.8479088163375854,0.861348324474765,0.058894059575253024,7,0.4099061789374698,2,4168,0.675271908931688,"{'learning_rate': 0.058894059575253024, 'max_depth': 7, 'max_features': 0.4099061789374698, 'min_samples_split': 2, 'n_estimators': 4168, 'subsample': 0.675271908931688}",0.9555840176168711,0.9530951823690847,0.9496015378677958,0.9540192695264799,0.9517917267376633,0.9497080786472855,0.9549592254760594,0.952093400714123,0.9543307069726594,0.952333360404419,0.9543038257546218,0.9548821124448067,0.9522991129027288,0.9535639770305624,0.9515556440824373,0.9523036480648784,0.9479236501438073,0.952995042642705,0.9555251531251279,0.9550752432200029,0.9526348942143105,0.954576882868045,0.9514850147516539,0.9516629263631383,0.9521345227702418,0.9527864644345747,0.9517185971760348,0.950183152995478,0.9545226956056034,0.9541016534214902,0.9532522394226681,0.9524390211738052,0.9513475306256727,0.9565755021225758,0.9502544430092424,0.9505877932547109,0.9536078164743587,0.955598041445054,0.9529575602750597,0.9520184025358169,0.9510803307572364,0.9547876032149166,0.9503938435498082,0.955300726200083,0.9524570985948684,0.9546871575282208,0.9526251224686091,0.9530524590549099,0.9513583191083477,0.9509970070572519,0.9517780367563553,0.9546020196460372,0.9523365568940069,0.9531076982676414,0.955252312811844,0.9504587468211045,0.9530721443998897,0.9538512001514485,0.9505486413917492,0.9543985848342769,0.9542703490388557,0.9501225953227972,0.9523460686459955,0.9547734472984651,0.9501464509940086,0.9518640536290655,0.9512108115619129,0.9507877880547534,0.9562303422196164,0.9536085793538134,0.9532847029089969,0.9551432775560205,0.9495358877999579,0.9536082174962135,0.9526347667664796,0.9532769173774489,0.9523634505861508,0.95390767341958,0.952433278000282,0.9505020898856162,0.9522641698504923,0.9543734123898246,0.9546472536112284,0.951417614645744,0.9510488101849549,0.9543906373880469,0.9514023348150762,0.9530408522747204,0.9556951709055477,0.9507287038949086,0.9543582227999523,0.9561954808747165,0.952614726611215,0.953858654852967,0.9485479379175391,0.9526753707100715,0.9501704106489873,0.9526966061012077,0.9532993625657098,0.9552761853710978,0.9527928734652231,0.00182294310728284,9
1031.9658598804474,177.26038737539866,1.2409797382354737,1.251884122133827,0.013154903428519675,9,0.7035132276732117,2,4168,0.9410460479419269,"{'learning_rate': 0.013154903428519675, 'max_depth': 9, 'max_features': 0.7035132276732117, 'min_samples_split': 2, 'n_estimators': 4168, 'subsample': 0.9410460479419269}",0.9545095730820548,0.9505478715819923,0.9477780367717661,0.9523495922427897,0.9507773648268371,0.9474301341213514,0.9541138294005636,0.9499802177313144,0.9530611885308631,0.9515041637400011,0.9530368289541242,0.9529764555040238,0.9515643333315527,0.952125958243961,0.9520214400503622,0.9516824324504054,0.9477069549378919,0.9524470400014134,0.9534507262198301,0.9537243386823038,0.9520328755482013,0.9523788715863581,0.9502151555886567,0.9505649104813472,0.9520032883328898,0.9516640562062251,0.9506624989796927,0.9482840131791884,0.953473611852512,0.953746208379793,0.9518411031511349,0.9503488057700066,0.9502407432629418,0.9556136354368961,0.948803209435745,0.9490719027083786,0.9515370343632751,0.9545625123125183,0.9525143481009375,0.9510444280364821,0.9480351900633213,0.9547387804662498,0.9491836595482611,0.9541367132436801,0.9512782232122506,0.9536266622429472,0.9514633391038917,0.9522027153956873,0.950613685417659,0.9502945155835836,0.9492077522449102,0.9534563758058656,0.9518408154907265,0.9509335285627204,0.9542105856416495,0.9482771510965139,0.9529409441049743,0.9515460682855416,0.9501281713415844,0.953243237326292,0.9524343972659176,0.9493411925124321,0.9517976494106832,0.9538032554966671,0.948263808386377,0.9508156867234432,0.948756462797808,0.9496845332928392,0.9542300005719584,0.9525133370162627,0.9520967812072427,0.9549007736013398,0.9482487794846136,0.9515930514883005,0.9510674102516233,0.9508341680308305,0.9521598990568276,0.9532087462480727,0.9508450317682707,0.9494070924767646,0.9511908702292804,0.9535326758801103,0.9525738098110589,0.9490970457438282,0.9491837327183602,0.9533731710737655,0.9500023487525348,0.9527090759230155,0.9534467429916506,0.9486260816402623,0.9526656053538374,0.9537014220862778,0.95182710457525,0.9529131767668352,0.9484537583261746,0.9512396455242424,0.9490963578328981,0.9508535500426565,0.9519696823025665,0.9537858465436143,0.9515099356850336,0.001907804120750842,34
550.7013252449036,131.96270674012808,1.104869782924652,1.1193610862094177,0.058787488174591576,9,0.4287208298911828,2,4168,0.8147337384172095,"{'learning_rate': 0.058787488174591576, 'max_depth': 9, 'max_features': 0.4287208298911828, 'min_samples_split': 2, 'n_estimators': 4168, 'subsample': 0.8147337384172095}",0.9553646839315635,0.951600994392369,0.9486831940462763,0.9534954496467567,0.9517411004847381,0.9476597025241073,0.9543227183137141,0.9516814903335262,0.9540636952941177,0.9525162924044841,0.9535550266757388,0.9533973299947007,0.9518748024184541,0.9532505646183318,0.9512776683757326,0.9525711163429383,0.948436851728171,0.9530990966655041,0.9542067411140915,0.9546496806014343,0.9529380240942726,0.9531831355281798,0.9520817551074601,0.951800672267181,0.952380218274296,0.9532568130745342,0.9516404056079436,0.9488554462997769,0.9541252141312437,0.9534917851147884,0.9522640333430726,0.950895063744793,0.9503158842622447,0.9561787731300793,0.9503804967401384,0.949900174039568,0.9517473477550632,0.9548572793268671,0.952634319197373,0.9516864911451018,0.9497541396091082,0.9555290411869873,0.9499787558281831,0.9548032754338917,0.9524620794107985,0.9539347135640596,0.9509227535179848,0.9527579601238101,0.9508115437089859,0.9509076033239686,0.9498534601888499,0.9537956667563893,0.9523266202700768,0.9528755981774225,0.954535722884925,0.9493976473747849,0.9532273648697942,0.9524930814590821,0.9503881789361758,0.9539994655394172,0.9527815072359783,0.948903094734521,0.9519010448207798,0.9539110297054826,0.9497702246964016,0.9509059122709476,0.9509120774929712,0.9503071992039429,0.9546748571701535,0.9527282787929207,0.9518283028638507,0.9552823485944644,0.9493010254631377,0.9526639567241293,0.952276010745517,0.951742791525175,0.9532486231272542,0.9523891665960708,0.9515967935729848,0.9497722465837289,0.9524933883292999,0.9542729046746354,0.9530155058449967,0.9499059280029757,0.9498305423292501,0.954820430783558,0.9512332520806124,0.9532529381977389,0.9546529677552954,0.9492262092695323,0.9541668435498506,0.954440932679522,0.9525866236501175,0.9527999091123512,0.9487177358267138,0.9514363762213585,0.9496720679819851,0.9522533759517433,0.9534309921215912,0.9549462166536186,0.9522086783719259,0.0018564075612531577,20
505.2840428185463,126.53776304478498,1.487212631702423,1.518874281036382,0.0074256256636144845,9,0.4770112689529312,2,4168,0.6106544380455997,"{'learning_rate': 0.0074256256636144845, 'max_depth': 9, 'max_features': 0.4770112689529312, 'min_samples_split': 2, 'n_estimators': 4168, 'subsample': 0.6106544380455997}",0.9545750437305596,0.9512868804178799,0.9481498041656193,0.9526594312704108,0.9510077400482624,0.9479212867567647,0.9542587553018592,0.9505839327203672,0.9535052785638063,0.9514387011844571,0.9536166451242595,0.953248931834342,0.951777475030215,0.9517687574200089,0.9512932317128093,0.9519668463091081,0.9479392267881658,0.9525534126862821,0.9537630838290951,0.9543664162801506,0.9521925577673319,0.9531926805737692,0.95102968995418,0.9506666197567268,0.9514788439979891,0.9521527851193504,0.9506240035435128,0.948966686183313,0.9540162804109128,0.953643527538614,0.9522749096791401,0.9513441850102714,0.9499922615687394,0.9561871387223106,0.9496011282259079,0.9500087035543585,0.9521363797069082,0.9547461575584283,0.9527366880354106,0.9510487888806466,0.9493181223285788,0.9546148488492472,0.9494013553441506,0.9543524828270218,0.9513674683034525,0.9538937022836232,0.9513785120056655,0.9522103069376853,0.9509148170286373,0.9507765131527076,0.9505014735319579,0.953758674403242,0.9514705621710069,0.9515022528439806,0.9543751861616965,0.9492513811709337,0.9524725735501892,0.9525170030663754,0.9498765685358764,0.9534934986893379,0.9530907410218225,0.9493950388105765,0.9521352556479868,0.9538307584589347,0.9484434717962369,0.9510194631473785,0.9493627561448416,0.9499081347803799,0.9545548049974644,0.9529628490697987,0.9526343711746865,0.9548137989768261,0.9485814908386001,0.951850181061761,0.9517662835733097,0.9512262779283637,0.9523005345688185,0.95293687483345,0.9513295305802172,0.9500169723194214,0.9519039475934268,0.9533636456529356,0.9533674277775509,0.9494041194978788,0.9499930745031872,0.9539328111545341,0.9505472837288425,0.9533988282112429,0.953704239327353,0.9491356764348888,0.9533749680491486,0.9543512553863235,0.9523538865005684,0.9531270548843934,0.9484289338583258,0.9526202382137826,0.9499312157238958,0.9519841580954512,0.9524413493774534,0.9538483456731565,0.9518654024952282,0.001827679793733059,25
758.7059053301812,161.2947536902318,1.637146635055542,1.6739863511261643,0.003542301979862929,10,0.519294212142261,2,4168,0.8664566840767005,"{'learning_rate': 0.003542301979862929, 'max_depth': 10, 'max_features': 0.519294212142261, 'min_samples_split': 2, 'n_estimators': 4168, 'subsample': 0.8664566840767005}",0.9517173523688871,0.9481745602058255,0.9446910193962776,0.9495222894152175,0.9477223059432593,0.9435861955764697,0.9514017050771837,0.9476883363121553,0.9506678434740824,0.9483966175968969,0.9506491272478589,0.9496920205437195,0.9486870606994976,0.9488438421003129,0.9486804268525504,0.9484607529600506,0.9445514986643812,0.9494144346981505,0.9505699192522687,0.9509871474348363,0.9495384142052776,0.9493312548497694,0.9474202635448395,0.9472621158324843,0.9485875463739867,0.9490250939428199,0.9473164438461121,0.9453010904744766,0.9513181988640039,0.9503717846130391,0.9493352577627332,0.9475460572445162,0.9471337670844096,0.9528402371115534,0.946233037155607,0.9463531094989337,0.948691059511077,0.9518221071602087,0.9496356723627121,0.947718066941785,0.9455514890038292,0.9518835723729421,0.9458307187919527,0.9515027210078609,0.9483018301349314,0.9504349284925284,0.9479626044702902,0.9491387075801887,0.9479712190950166,0.9467759504231086,0.9469503040301592,0.9505426372678878,0.9482122209594435,0.9481096245484266,0.9512744185415153,0.945673735855335,0.9496405539456886,0.9492329356296312,0.9465384408026372,0.9503110354146334,0.9499279082025968,0.9461123403604618,0.948754785554142,0.9507175487870057,0.9451961495414472,0.9480649780239074,0.9462338436374358,0.9469324330276212,0.951501775065476,0.9497148558964255,0.9493855404823949,0.9519822496324764,0.9449511217611748,0.9486984913784824,0.9485848524155615,0.9475183723836171,0.949665684504639,0.9501634054341949,0.9483991981707002,0.9464439951557065,0.9483414019459993,0.9503381603944554,0.9501187956122676,0.9458844126751713,0.9470674021166735,0.9508186449249824,0.947579176012397,0.9503708417917878,0.9502892914223273,0.9454027815604534,0.9500196127982306,0.9506369980991017,0.9497243127479172,0.949838058075597,0.9454588187641924,0.9491060056776055,0.9463085832839407,0.9483442525566872,0.9492208562978365,0.9510640280290239,0.9486360664677035,0.001975058466623344,87
236.26932538747786,90.38021340588233,0.6717135071754455,0.6889013478602306,0.2734032352073796,10,0.34288512029063584,2,4168,0.8022354374607745,"{'learning_rate': 0.2734032352073796, 'max_depth': 10, 'max_features': 0.34288512029063584, 'min_samples_split': 2, 'n_estimators': 4168, 'subsample': 0.8022354374607745}",0.9371640199886326,0.9365074599427811,0.9327122497482363,0.9345798652334276,0.9335381889662437,0.9311606064996936,0.9388777745811595,0.9353474573062289,0.9378822698528511,0.9338000792733546,0.9391086722579931,0.9380595259350718,0.9360677021284277,0.9376257742371666,0.9349535990403665,0.9333813268962464,0.9333889806188194,0.9352882331003407,0.9373250189223075,0.9398255330383108,0.9329224894291867,0.9353530298877978,0.933356906994407,0.9358239440067171,0.9359266892200115,0.9352004353779261,0.9350994860359146,0.9310018264889621,0.9359652103212159,0.9366033822577609,0.9330239082964031,0.9341322068811746,0.9339113847365202,0.9404775588535697,0.9333863157132976,0.9298510747538251,0.9345893796420843,0.9382438075352159,0.9359990372813635,0.9344052669552918,0.931012864976587,0.9366472616875643,0.932012487243564,0.9395598129055072,0.9373934221411863,0.9376434502231742,0.9336110922587649,0.9347476861999942,0.935886469760539,0.9336986108595943,0.9340172640261889,0.9365501681600006,0.9345717750390216,0.9355566531290506,0.9382306204589488,0.932965133972054,0.9366512001650004,0.9355498554362895,0.9350603002435105,0.937744185837948,0.9363272227214007,0.9342016497191952,0.9348527545651257,0.9380391552989021,0.9325996929851672,0.9350838042942526,0.9347150607854519,0.930363226587549,0.9391432601051622,0.9348643072259969,0.9355545579876173,0.9373242367639476,0.9296478601682513,0.9342540547551869,0.9372950202189307,0.9329973249835057,0.9354125542598017,0.937509273240849,0.9322471414680122,0.9318576050730372,0.9331971894541169,0.9353055455613806,0.9363656735094456,0.933178194241788,0.9321544323185891,0.9378093833992918,0.933160178047814,0.9364422955607066,0.9364083267349639,0.9318821255715786,0.9338036399383041,0.9366435460624458,0.9351801523140795,0.937721682857109,0.9328758873091074,0.9372977848894486,0.9312676025439691,0.9360838154081225,0.9334070229186573,0.9382054426510031,0.9351365767746005,0.0023142197447101136,184
619.9798220062256,147.5520857219087,0.6515376615524292,0.6469344161375398,0.06549741060235847,5,0.9023229491727829,2,4168,0.7385529462805007,"{'learning_rate': 0.06549741060235847, 'max_depth': 5, 'max_features': 0.9023229491727829, 'min_samples_split': 2, 'n_estimators': 4168, 'subsample': 0.7385529462805007}",0.9531218228164646,0.9504411444924195,0.9460637368153397,0.9497948534614149,0.9497155505761055,0.9472227299801877,0.953062855402117,0.9478096609438567,0.9505609006231102,0.949314440288533,0.9507096014133045,0.9516524424011448,0.9498415499441328,0.9505143814922652,0.9485858236968555,0.950359049640597,0.9451633148727095,0.9503912331794452,0.9519260677313554,0.9516694181204767,0.9494265012226422,0.9516264722721556,0.9490107624636424,0.9496011473641839,0.9492941538412921,0.9504395430458074,0.9500190929238086,0.946997924544729,0.9512075671301683,0.9515601156105685,0.9493807158996003,0.9491670761455805,0.9484021984290764,0.9531516967875527,0.9470570003830674,0.9478005642006174,0.9511386349561686,0.9524377650544824,0.9503095048620549,0.9478193612338703,0.9481469295006185,0.9523771448582582,0.9465690852049341,0.9508144781763337,0.9508322012810135,0.9524388046160113,0.9504476780316778,0.9501226309326198,0.9485442950011341,0.9485613110271988,0.9493130901068971,0.9506610754636948,0.9491066069133298,0.9501045470087048,0.9521152558412406,0.9484110277635894,0.9496395386560796,0.951450826047132,0.9476570910495605,0.9521931597267184,0.9517753106926873,0.9472749837504534,0.9499939687703667,0.9512080414967927,0.9487417265907506,0.9495098452849884,0.9488621044089455,0.9487947248208757,0.9524422779072537,0.9510278345728077,0.9510554406101517,0.9523066260845146,0.9476645769254592,0.9495466333207562,0.9504353279167232,0.9506669527164741,0.9487637514730924,0.9524159119367943,0.9499813827423684,0.9461411934730801,0.949623868792142,0.9509901468490591,0.9516264809165478,0.9482059241473154,0.9480268164558843,0.95120260480642,0.9487042214602517,0.950770248895116,0.9519003055842682,0.9469624593232063,0.9515245791166407,0.9524007221072288,0.9502274717778509,0.9503562296223049,0.9455016393503924,0.9511201802776569,0.947144290672007,0.9500945419613163,0.9514303649147624,0.9516038555446311,0.9499130072153998,0.001795652703575889,58
212.7170871901512,76.11356811597297,0.608263373374939,0.609899541081379,0.3147454283856185,12,0.5971235036366592,2,4168,0.5532549058138174,"{'learning_rate': 0.3147454283856185, 'max_depth': 12, 'max_features': 0.5971235036366592, 'min_samples_split': 2, 'n_estimators': 4168, 'subsample': 0.5532549058138174}",0.9228758447230077,0.9191307564623025,0.9171031744594886,0.9238792169143821,0.9157186425754068,0.9158317928831691,0.924071612843035,0.9226280996182544,0.9228722099518359,0.9222986071607374,0.9272138598953142,0.9209741641991156,0.9203274325335675,0.919139682209496,0.9202111419409754,0.9208993195352916,0.9177748461739766,0.9236502050917659,0.924520181563909,0.9238449416814505,0.9222444023357318,0.9202099963756297,0.9208983048897688,0.9180449897222182,0.9201105270689881,0.9228529906694777,0.9221558387077067,0.9196285586088788,0.9217157795977362,0.9236930410593587,0.9197642659255473,0.920161126643116,0.9212172329728501,0.9266667346647517,0.9199235150161819,0.9176398840752185,0.9223929809194863,0.9202874887092585,0.9208950657860278,0.9225748877845997,0.9179487922503546,0.922376262320059,0.9157577336822187,0.9253512645495386,0.9208907992265359,0.924668208143619,0.9199100370367442,0.9198350347113916,0.9223086736867004,0.9212771234626876,0.9217611868249623,0.9218587955939742,0.9164664206966533,0.922327456318722,0.9222340940790252,0.9190549582080206,0.9188739692246997,0.9238840869864453,0.9176255202946846,0.9244614192744625,0.9179692049986344,0.9183349763176939,0.9214999594464641,0.9224619951103313,0.914810956214606,0.9171673482554832,0.9176511958963384,0.9198999930133311,0.9220418241216197,0.9209512883235078,0.9207055377564646,0.9234226060748599,0.9151279035685129,0.9228109026903439,0.9204003548278787,0.9202514548638622,0.9160039948445681,0.9227998930511767,0.9206999739612987,0.9187829120694493,0.9182952837214651,0.919005995652475,0.9236891304929551,0.9154953099712817,0.9167719252211493,0.9247483501207481,0.9169321375718036,0.9231221167408066,0.9232766680742289,0.916803705103962,0.9232307170709626,0.924359779593589,0.9237506144669477,0.9215943196288487,0.9162515074147403,0.9195986249096185,0.9182152811389908,0.9190018754873619,0.9184669930821636,0.9220174525430546,0.920653372439341,0.002730199638305892,200
1048.8747479939461,183.9289099420369,1.5536463260650635,1.6097385575164544,0.01970268772826537,12,0.6143991414158105,2,4168,0.8294170684987832,"{'learning_rate': 0.01970268772826537, 'max_depth': 12, 'max_features': 0.6143991414158105, 'min_samples_split': 2, 'n_estimators': 4168, 'subsample': 0.8294170684987832}",0.9518416693961516,0.9479428553092194,0.9442726640205693,0.9497283167345891,0.9479219541948787,0.9436902225256267,0.9510779626181084,0.9471822585115247,0.9500338693959189,0.9483573383050026,0.9508963158094729,0.9491218639979723,0.9477299587468185,0.9483394084326887,0.9479502795879942,0.9478422167098981,0.9447290198345801,0.9492593101659921,0.9506420564805564,0.9504283443111632,0.9486352877007712,0.9486700210413701,0.946734462031905,0.9469033937820224,0.949404303306065,0.9492730918081487,0.9473396209643115,0.9448033202641091,0.9506352275702764,0.9502941151977796,0.949100574996828,0.947473020578014,0.9465889489821875,0.9530481289970831,0.9461186279199731,0.9456148090326083,0.9486044265903149,0.9515533621525342,0.949370523346204,0.9480285742047005,0.9452451421429604,0.9513651159442862,0.9457156910696696,0.9510586983987934,0.9484345037712631,0.9502196580057436,0.9478585363320655,0.9495486846804083,0.9477146743244107,0.9463622499978002,0.9465565303033843,0.950316052919156,0.9481056232552894,0.9474735498268487,0.9514018638414173,0.9444821775275403,0.9495849518366638,0.9491053481460687,0.9462793803837218,0.9505190784377049,0.9493494658663576,0.9460539281925634,0.9485900024135113,0.9508041243082147,0.9447841748069055,0.9476574153640198,0.9455665757267658,0.9467547707171902,0.9513332962111616,0.9495336154218048,0.9491574860460014,0.9523853184335831,0.9449424020755383,0.9486523610159314,0.9484785597503208,0.9467392039433293,0.9502864531709804,0.9493440528850873,0.9480768325102161,0.946547093387567,0.9476758850345522,0.9503785921787213,0.9505518483470583,0.9454522204703428,0.9460877574722485,0.9505590546719658,0.9468291004575514,0.950105921670041,0.9496439294378471,0.9452234620940605,0.9492260362686037,0.950788478870094,0.9498678238648378,0.9507439734922767,0.9459008436297944,0.9493464681033439,0.9461340012048537,0.9481219568856128,0.9481396397823564,0.9507853347152351,0.9484112869759957,0.002058956292136355,94
893.8392438697815,231.6745561281963,1.025979332923889,1.0412015270088266,0.19115907462495102,8,0.7373263013539815,2,4168,0.7790064005873156,"{'learning_rate': 0.19115907462495102, 'max_depth': 8, 'max_features': 0.7373263013539815, 'min_samples_split': 2, 'n_estimators': 4168, 'subsample': 0.7790064005873156}",0.9496508953308901,0.944801245709495,0.9421407997452637,0.9470268905947584,0.9443288150808671,0.9426427046952875,0.9484328834930186,0.9424477415775016,0.9452189147575089,0.9456073046579966,0.947940895728736,0.9453484923399547,0.9456814547079089,0.945116959713635,0.9439118947789363,0.9444204273139003,0.9414090909246094,0.9455443495059506,0.947335361398835,0.9465156015603263,0.9475090571807263,0.9464180681112028,0.9453662838664846,0.9442601290825211,0.94647096414175,0.9457043195185534,0.9443336119518602,0.941356937976595,0.9462776148023793,0.9471139894463055,0.9450643779931394,0.9433440374899499,0.9444241661836799,0.9482062323029826,0.9429058038366405,0.943146956250104,0.9468866305305874,0.9472962360622694,0.945469828940086,0.9432299926938641,0.9415897258456315,0.9485289108673571,0.9401524156868283,0.9480612224088262,0.9442713435875062,0.9467639766031182,0.9432359707518353,0.943617683960345,0.9451140244647641,0.9433690580027124,0.9439915847199046,0.9447538793507605,0.9452448266069341,0.9435935685228569,0.9473833019356377,0.943733298392879,0.9455561268188944,0.9458454575817208,0.9452202688360781,0.9468259616981968,0.9455585434057032,0.9416732544421389,0.9459379815574577,0.9481382420683764,0.9423333787041311,0.9449689461343521,0.9422696095961384,0.9429260109166668,0.9485136444713133,0.9465534679983729,0.9441758862989461,0.9465502805451885,0.940875436785407,0.9457385030679772,0.9456155180816532,0.9445272771877904,0.9454837488725605,0.9460615591601402,0.9438142575916266,0.9437065238618896,0.9434365398105141,0.946237070752396,0.946894980893631,0.941783456052159,0.9424786783869403,0.9473254656279733,0.9432782755374219,0.9460056845994785,0.9474705410497695,0.942785481163214,0.9469474773732248,0.9487516456164471,0.9468567358766568,0.9460489515717243,0.9400459725995318,0.943928595821803,0.9442570431146962,0.9437766270871208,0.9447006163761485,0.9474640510865427,0.9450305652976506,0.0020508827079000775,142
313.3147148156166,113.83432129183335,0.9511590576171876,0.9562916720756383,0.007905759575680264,6,0.38328835821838003,2,4168,0.6596977658090665,"{'learning_rate': 0.007905759575680264, 'max_depth': 6, 'max_features': 0.38328835821838003, 'min_samples_split': 2, 'n_estimators': 4168, 'subsample': 0.6596977658090665}",0.9453033981369007,0.9434327685045767,0.9392268685100653,0.9436746185938173,0.9429527506706513,0.9387316597483067,0.9468133915523019,0.9422724034157075,0.9450206895097295,0.9424395332770457,0.9439427054027246,0.9447236437896169,0.9426848656494943,0.9427358740608717,0.942071470968646,0.9429208916833637,0.9377905278772078,0.9441259821494855,0.945311940346685,0.9455210450878965,0.9434154777464072,0.9445680213724622,0.941773234373876,0.942330286752169,0.9430519893413876,0.9435695075937357,0.9425206628165217,0.9391129996470956,0.9454593699730652,0.9445699313047132,0.9433372517265171,0.9427402573877375,0.9410780183232055,0.9477935036231194,0.9398874543170892,0.9404698013802628,0.9434450602447124,0.9464322598999318,0.9440280100675434,0.9413893385766569,0.941541970258498,0.9448685326649872,0.9408096460979576,0.945670096057559,0.9424771725615789,0.944993687181217,0.9426201374671994,0.9432635594353402,0.9417677123671453,0.9412927771199515,0.9421515818051985,0.9444478366797486,0.9420951735749529,0.9435047969791336,0.9451459727406346,0.9411179049301635,0.9424533027150094,0.9450646202545108,0.940585508656157,0.9453876918890607,0.9453530085668369,0.9405078536028842,0.9433386151615345,0.9450651216663476,0.9401987812938621,0.9423469648830969,0.9415666532203948,0.9411462609204942,0.945843895123243,0.9446659981318244,0.9441034665383684,0.9454296405814893,0.9394405243131853,0.9426030940517748,0.9437064914725576,0.9428059753736956,0.9432413843105678,0.9453134809064179,0.9422372815723272,0.9400595209728788,0.9432688592231703,0.9447829297529352,0.944763484577986,0.9408011353544894,0.941818909839679,0.9448002580387397,0.9424094897001465,0.9442912008433206,0.9452343233758652,0.939533946835423,0.9447657074064572,0.9453964578628573,0.9429606084050888,0.9435974098372509,0.9392653213417143,0.9434987660180209,0.9403304702605481,0.9427591871499263,0.9445737339435114,0.9453908686044717,0.9430714622787469,0.001984431452056175,149
440.25837156057355,139.48266076670163,1.2332159352302552,1.2478084507128355,0.002099302779853093,7,0.41157455805695187,2,4168,0.8408431353009675,"{'learning_rate': 0.002099302779853093, 'max_depth': 7, 'max_features': 0.41157455805695187, 'min_samples_split': 2, 'n_estimators': 4168, 'subsample': 0.8408431353009675}",0.933452100474381,0.9322456697993645,0.9267967152006137,0.931563355534496,0.9304426198292529,0.9247513534420384,0.934891480950539,0.9309284110200224,0.9345521377877191,0.9304201074733868,0.9338049603641385,0.932549040688521,0.9302869955383775,0.9298435230754406,0.9299410472964392,0.9302186186837291,0.9258785919093852,0.9326226448993742,0.9330323682294231,0.9337560814730238,0.9316497887433073,0.9316987132806192,0.9290964185113451,0.9305358553948955,0.9314187543930007,0.9323480499070292,0.9302943732627053,0.9264357305544265,0.9340616929941258,0.9323520622411123,0.9329698344211991,0.9297416781107409,0.9284727625055886,0.9364240250743012,0.927400015685411,0.9275283701745751,0.9315982687845518,0.9345637677209444,0.9324375934399497,0.929890215411823,0.9293987936191104,0.9334035973254237,0.9283010005844056,0.933666463255184,0.9302100515000605,0.9345320865866672,0.9299771894909884,0.9308540558648666,0.9300452931429382,0.9286295166083822,0.9298240372581977,0.9327994443249141,0.9301249845294328,0.9301486502836127,0.9341641951369892,0.9279613613894604,0.9310780394168308,0.9343355896217882,0.9277520211725891,0.933088317564783,0.9334760457360526,0.9279422556069367,0.9307084074350337,0.9338550053814164,0.9277510885823901,0.9299830978781235,0.9295598557419487,0.9294008978989524,0.9333077133355058,0.9321347918655497,0.9320882395578887,0.9343818701981235,0.9268981688255401,0.9293957575959954,0.9316757023407432,0.9297286124978844,0.9329093201078608,0.9332134190131289,0.9293259952633535,0.9286144958195448,0.9303384455220015,0.9325212523008547,0.9326585025542029,0.9289786953971952,0.9299091513011137,0.9320620653060608,0.9303914406446866,0.9326424428482168,0.9338081305178556,0.9272893242255361,0.9328192951665075,0.9332877749202858,0.9319115878826766,0.93201592957045,0.9266227781463342,0.931497705307231,0.9272632603095889,0.9304500318792625,0.9329619643835353,0.9340318355859152,0.9310300283740943,0.002356968839395064,192
688.252863779068,162.49289153937377,1.123302195072174,1.1423336041528713,0.008952858170585108,8,0.5661338573527634,2,4168,0.773315271193567,"{'learning_rate': 0.008952858170585108, 'max_depth': 8, 'max_features': 0.5661338573527634, 'min_samples_split': 2, 'n_estimators': 4168, 'subsample': 0.773315271193567}",0.954196330344982,0.9512293483208185,0.9476935660993487,0.9521089077842732,0.950857879897566,0.9478168119156786,0.9545430276389882,0.9498294620989602,0.952986683356273,0.9508043686497322,0.9527166457711941,0.9525869468410286,0.9514431681607762,0.9517139117104626,0.9510276935061938,0.9515634599501901,0.9470873751748521,0.9523704913448622,0.9532374967118575,0.9538084566558309,0.951832039686946,0.9529405672180243,0.9500084200395362,0.9505108100084328,0.951315397696591,0.9511506162082007,0.9504306660435101,0.9477245836923965,0.9534893749538718,0.9538623875361012,0.9517075769217468,0.9508326327414468,0.9497533076531767,0.9551397729654765,0.9488180539327526,0.9491743002649285,0.9516702625602314,0.9548156221455424,0.9522791581466261,0.9504756710392372,0.9491929815279311,0.9540305364749332,0.9489280991401807,0.9537701615071262,0.9509902487431862,0.9533023884293929,0.9509137279556292,0.9515185547319666,0.9502007442043174,0.949826644643161,0.9497280984077331,0.9530712359883877,0.9516585694171646,0.9507436326262474,0.9535892477599383,0.9486191889546796,0.9517960417126872,0.9519658763956196,0.9497040349147297,0.9530907872776403,0.9529012559963395,0.9486787957867623,0.9514976595113035,0.9531996454583611,0.9477011787661953,0.9505228410037456,0.9482912782344659,0.9496375110769012,0.9541514397760109,0.9527154450429499,0.9521638980647092,0.9541854714455307,0.9478187115525126,0.9517250713060158,0.951132040628703,0.950822843429821,0.9516448871561197,0.9525238194329674,0.9509120578517807,0.9487818222693761,0.9511067801880237,0.9531264149098194,0.9526837258546277,0.9489203415723148,0.9493313057344158,0.9534774320330736,0.9504404985029897,0.9524187119246272,0.9531887812130769,0.9487109468837589,0.952493240947001,0.9536085351842712,0.9519711425612767,0.9521193315614122,0.9476092478745677,0.9513947721325529,0.9492946563345855,0.951063102289943,0.9519752522836014,0.9533115857942742,0.9513344753377208,0.0018760396032853049,38
1167.119636452198,212.79000141353546,2.320927076339722,2.2943631926389223,0.004699090486003942,13,0.7288114078786097,2,4168,0.6565132929283641,"{'learning_rate': 0.004699090486003942, 'max_depth': 13, 'max_features': 0.7288114078786097, 'min_samples_split': 2, 'n_estimators': 4168, 'subsample': 0.6565132929283641}",0.9505309199053588,0.9460229729357844,0.9429967153408393,0.9473874806241477,0.9459944934122201,0.9418276929951668,0.9491996302586028,0.9461049684872185,0.9488712209703186,0.9466171289700832,0.9498646474887599,0.9484284784101935,0.9460184505205013,0.947499697049435,0.946827747752044,0.9464202966022691,0.9435013077096914,0.9479676328308945,0.948986936921091,0.9499307543157168,0.9479059488055965,0.9468211652988575,0.9453623473933098,0.9458641163810222,0.9471914861171605,0.9477662689888857,0.9456783275218724,0.9432575154095797,0.949434252322361,0.9491348650298225,0.9470930798881866,0.945997814946266,0.9450659569998335,0.9521555585126195,0.9443772458918669,0.9451484659453533,0.9470771869490828,0.9500048860721312,0.9477045939262161,0.9467628787846456,0.9429969509587859,0.9505261344788203,0.9437622223366839,0.9501538429783719,0.9466357927913557,0.949115294197622,0.946376855494063,0.9478725887837809,0.9464070419883046,0.9457913099774894,0.9448060942549869,0.9489953893880985,0.9465665645341905,0.9458879068507117,0.9504863755245302,0.9429340264539617,0.9480258042937043,0.9471904456851485,0.9442792652071264,0.9493763652311697,0.9482760161424881,0.9447928101283632,0.9469081556754428,0.9496536990305052,0.9435712941251746,0.947024044746501,0.9434494135504914,0.9452547706217211,0.9505299574195215,0.9486960162069751,0.9472177192512561,0.9508810114577247,0.9433928624295433,0.9469852446465731,0.9471645503519117,0.945662865052021,0.948220085162983,0.9483520871115712,0.9470308732637959,0.9449517565691657,0.9457147060319707,0.9495059951608933,0.9494995675784734,0.9437560169565179,0.9446914356391618,0.949624578740499,0.9446089544086924,0.949283782341651,0.9481369053266209,0.9443312049341891,0.9469489930055004,0.9492162460411424,0.9488744652161792,0.9492535726122687,0.9435488918390198,0.947622954549193,0.9446084457915285,0.9464908916592181,0.9469440244544689,0.949703287234162,0.9469936955855899,0.002203883058206778,122
370.41949417352674,108.70683924667324,0.6597540879249573,0.6782048999876209,0.09007975215349343,5,0.47952557638509563,2,4168,0.7829529791145666,"{'learning_rate': 0.09007975215349343, 'max_depth': 5, 'max_features': 0.47952557638509563, 'min_samples_split': 2, 'n_estimators': 4168, 'subsample': 0.7829529791145666}",0.951848882772161,0.9489451770514018,0.9456886975164521,0.9501251459886335,0.9493318506401056,0.9476714382040005,0.9534936885566356,0.9480762135806537,0.9507329769648473,0.9487323351458183,0.9503061336024298,0.9519982765101322,0.9501280178581334,0.949488662196038,0.9477851147863487,0.9491664033307045,0.9443813378236964,0.9502934525585429,0.9528017733101879,0.9517810207345749,0.9495783051416151,0.9508846596347759,0.9490427796688288,0.9502038914989057,0.9508490626477082,0.9503467492236726,0.9503054086349412,0.9471115450251953,0.9504489269357288,0.9512561911733398,0.948706460295356,0.9488093211701774,0.9482204949939882,0.9538237864931397,0.9469660001999347,0.9466075903667726,0.9514885509744003,0.9528222070999467,0.9501921391179049,0.9480289552051641,0.9490323293137226,0.9516650603921855,0.9477482744663552,0.9517391200078849,0.9504493729321304,0.951130982240086,0.9496328175000766,0.9495679770730765,0.9483346205545136,0.9494876751601438,0.9498326645673338,0.9509044922697151,0.9489859057311699,0.9502563075795958,0.9512540377746701,0.9470261388437757,0.948410293807546,0.951141350083564,0.9482054999198826,0.9515258288406608,0.9508529643380984,0.9470358109918476,0.950072229200789,0.9514319947037255,0.9485531910880497,0.9495186938881137,0.9480006591163206,0.9482978723580042,0.9529857122174055,0.9512044045198446,0.9512388352955078,0.9511334579887741,0.9469897678166754,0.9499835813295442,0.9490978826885277,0.9506690509234317,0.9485528803421176,0.9518440494478244,0.9499496328674232,0.9460350346958417,0.9497765077948281,0.9509995010175767,0.9522492976027529,0.9479407636588459,0.9469686167399378,0.9519687999894768,0.948396529726302,0.9506585030893732,0.952120536074031,0.9464702266937269,0.9514077580741658,0.9524319319935253,0.9492208240361883,0.9507111872503917,0.9462862258275899,0.9507395038396751,0.9475379329638389,0.9500131298355159,0.9514369341569779,0.9513263041282062,0.9497690909400187,0.0018534721837709187,62
830.808765976429,155.3039250696177,0.8307811069488525,0.8521882376305832,0.04291901388569427,7,0.7062131452903928,2,4168,0.9132119825742047,"{'learning_rate': 0.04291901388569427, 'max_depth': 7, 'max_features': 0.7062131452903928, 'min_samples_split': 2, 'n_estimators': 4168, 'subsample': 0.9132119825742047}",0.9556250407277875,0.9514803897130392,0.948879955816677,0.9533950259794453,0.9523968919202166,0.9500555695615625,0.9561210722788253,0.9515017928122509,0.9543263409919027,0.9530599100303737,0.9547357318181526,0.954884007248482,0.9533205772412244,0.9538794146493649,0.951046988155521,0.9524185734042184,0.9486772393967025,0.954502366432316,0.9555326403595007,0.9556177262618635,0.9536238716797255,0.9548583869834836,0.9513999431062751,0.9526449523419499,0.9521253423833984,0.9529539876379483,0.9519191244629169,0.9494277499294868,0.9546187482223443,0.9550787391910985,0.952980718050344,0.9519702307621469,0.9513122951010629,0.9570736439560289,0.9500101211300084,0.950803230349773,0.9534695437357377,0.9560473853804315,0.9531134170368447,0.9514367001115583,0.9503294262012558,0.9554892561171595,0.9507594387025514,0.9549254547860321,0.953477879754942,0.954480008977435,0.9526319606397612,0.9529125156669322,0.9510176353405957,0.9517217918795974,0.9512044582420377,0.9546076343765669,0.9532214911672919,0.9525587426740282,0.9550349050017359,0.9504428701635635,0.953592766411109,0.9530852032684549,0.9506188447356471,0.9550561610761729,0.9541833723731058,0.9497234466551652,0.9534986780490142,0.9545043089171416,0.9504066496937429,0.9516840183541679,0.9502949698435347,0.9511192874526727,0.9565884294229388,0.9544017991326015,0.9531064074363012,0.9554521361398254,0.9507729161355744,0.9530597656947711,0.9530666587190768,0.95247068286553,0.9531373941972668,0.9547442580764479,0.9524895382090183,0.9510398323949778,0.9532977400721825,0.954040664664011,0.9533005535405964,0.9506186300287345,0.9500533576568547,0.9547604015901017,0.9512679845796312,0.9543248121446192,0.9552269825352532,0.950714673345707,0.9544433475726828,0.9552811300522377,0.9533676577981498,0.953653235907033,0.9495668045509573,0.9527476434220856,0.9500087995331016,0.9535659107561014,0.9539413973110561,0.9559587966512034,0.9529137890501004,0.001911116473785217,6
694.8478218603134,172.36602664467864,0.6087803196907043,0.6167287085458724,0.06770330433633677,5,0.8267634387057252,2,4168,0.8338849407061293,"{'learning_rate': 0.06770330433633677, 'max_depth': 5, 'max_features': 0.8267634387057252, 'min_samples_split': 2, 'n_estimators': 4168, 'subsample': 0.8338849407061293}",0.9521517501717106,0.949404063063906,0.9464104779764066,0.9498603797719495,0.9492075186486058,0.9472127405061961,0.9533734394811738,0.948543575624603,0.9498315222529851,0.9494284524796295,0.950983395448747,0.9506565268665511,0.9496233288632466,0.949725463488213,0.9480536177469006,0.9490150373557704,0.9443040154297044,0.9507713005083721,0.9521950643176839,0.9502431232229983,0.95064864723537,0.9513803546252969,0.9483256424271802,0.9477386507268004,0.9499739810791716,0.9495113957946143,0.9491806097862445,0.9468430262101578,0.9503101888727814,0.9514729214424704,0.9496879464834406,0.9489800335370608,0.9487390848747946,0.9529866379448813,0.9473713186347433,0.9474703462326565,0.9516622860865439,0.9514594883940828,0.9500195237297587,0.9473382328443362,0.9477211351098952,0.9520131770079974,0.9477143345060508,0.9517534293773207,0.9508761035213661,0.9514536536995434,0.950325926118904,0.9488696907901688,0.9482850675704253,0.9479694000902096,0.9502548718746441,0.9506797119594083,0.9490771242632199,0.9494954195896047,0.9506913586272288,0.9487588349895321,0.9487418944595081,0.9509633739638552,0.9478920516809191,0.9509079777179266,0.9515148112417346,0.9459397533372811,0.9496961801619388,0.9502889590080682,0.9471665086165396,0.9487578019472184,0.9478883030976218,0.9487868428401138,0.9522666988297845,0.950522116993421,0.9496606332866347,0.9519895196053014,0.946471278233465,0.9494817068684813,0.9496667615305453,0.9499772192768369,0.9490478232741831,0.9513045238762801,0.9499660615068468,0.9462690810782307,0.9502506856871021,0.9516450595269673,0.9520575917023705,0.9471640430877859,0.9475111898181332,0.9511391295045316,0.9491085639061725,0.9502003962493446,0.952125031203839,0.9460912110264649,0.9516097674465382,0.9527466581197462,0.9499435560038594,0.9505874570951567,0.945488561779509,0.950139661060813,0.9467580820567129,0.9500717389532755,0.9510170543017479,0.9520784034493541,0.9496093607369541,0.001824815600880938,66
785.6763037657738,174.08451419852298,2.3762830781936644,2.384035367312547,0.009333073735289197,13,0.4801316361555423,2,4168,0.6743591710936778,"{'learning_rate': 0.009333073735289197, 'max_depth': 13, 'max_features': 0.4801316361555423, 'min_samples_split': 2, 'n_estimators': 4168, 'subsample': 0.6743591710936778}",0.9517749754431896,0.947574768714831,0.9448245473272029,0.9493026835684327,0.9472399580241717,0.9431664215443465,0.9508746271376692,0.9478807218760038,0.9503208071658026,0.948353275897919,0.951263622867748,0.9493886387384808,0.9477480435336281,0.9492287617081572,0.948682899578456,0.9484095545734883,0.9452041964329869,0.9490180042116236,0.9507206807300714,0.9511328680680852,0.9492274890823514,0.9487856073929068,0.9473257674315376,0.9468910288013839,0.9486174808738344,0.9495070344723062,0.947451109591157,0.9444915194340968,0.9507820379810895,0.9505112630134405,0.949468282399464,0.9475944992197467,0.946515440360924,0.9535315785829315,0.9468059842798291,0.9464563124614103,0.9488163645261604,0.9514558368776659,0.9496300391195248,0.948503521340833,0.9452545964450816,0.9518987138943303,0.9450240756397177,0.9515817495014065,0.9486832483261892,0.9508117257898181,0.9474820832657098,0.9491322171871138,0.9476973122345893,0.9465991262195873,0.947225841900359,0.9505920675426185,0.9479839916864676,0.9481671592180008,0.951524746029517,0.9447608608571543,0.949158491295276,0.9496560599589775,0.9460533984034134,0.950479502450427,0.949872915198656,0.9460448368933021,0.9485561243986427,0.9510264533367075,0.9452959585128476,0.9479801602908949,0.9457825626924604,0.946833770889075,0.9513261363152852,0.949818429441227,0.9491462424838102,0.9518913549181921,0.9444257946272621,0.9487582312970607,0.9485364128905003,0.9476309537379122,0.9500822233847325,0.950136607275629,0.9483891949390136,0.9463254199024769,0.9479821153187629,0.9508463408506639,0.9508550487419253,0.9453683871031193,0.9465280051307432,0.9515818245737123,0.9468064502144812,0.950381663525258,0.9497771788362712,0.9458448833702974,0.9494377134183372,0.9509133976314874,0.9493760127287596,0.950027256835683,0.9456420952070304,0.9497170982623481,0.9461099809169566,0.9487124234197154,0.9490389041343369,0.9511206400908514,0.9485817242596708,0.0020954553429519615,89
556.9884902715683,124.27478514544444,0.6357519507408143,0.651814291231434,0.2967854276883806,5,0.7563727365752111,2,4168,0.752046969735728,"{'learning_rate': 0.2967854276883806, 'max_depth': 5, 'max_features': 0.7563727365752111, 'min_samples_split': 2, 'n_estimators': 4168, 'subsample': 0.752046969735728}",0.9409686242523965,0.9392912162066545,0.9348695448694908,0.9403595467970354,0.9378889866586416,0.9357459788025978,0.9407757357925307,0.9370284551184682,0.9388833774733304,0.9381700048227871,0.9382812637981367,0.9380914696477661,0.938626546027677,0.9379579824489395,0.9366426009480727,0.9392962912205415,0.9319063141325884,0.9391958817627154,0.9420340686468898,0.9401502700644577,0.9393077957290011,0.9434191528626968,0.9390473352088591,0.9391060735183314,0.9400896901465465,0.9409928569689734,0.9390048869461174,0.9369155263246023,0.9418705760593324,0.9407639739825894,0.9379745977640337,0.937674426443613,0.9375531991312919,0.9415843896203793,0.93633237977618,0.9351308040797288,0.9409782794195223,0.9427055829970639,0.9376160143234089,0.9385034778829022,0.9392754870311675,0.9408734893606335,0.9347326740325573,0.9412162044129456,0.9404988479676206,0.9413502386854706,0.9370939053494991,0.9362275864117752,0.9360832810904812,0.936807871024162,0.938548173867622,0.9399752739876144,0.9380976129492968,0.939313829062044,0.9417315918711225,0.938396388898433,0.938512985555868,0.9410539610373349,0.9375011752517062,0.9397736695435258,0.9409362953359217,0.9356593411061359,0.9394640217983058,0.9386472984804083,0.9363000918182224,0.934836579304491,0.9379053795983978,0.9352749661983978,0.9426992414228696,0.9403094905410803,0.9398891957180681,0.9411083332352904,0.936361750699713,0.9391949325696142,0.9371334607442889,0.940099675832964,0.9368503655730771,0.9407782884311972,0.9390966245586978,0.9337303357240965,0.9383116797078961,0.9414245277241848,0.9404727558844244,0.9346915825589535,0.9361222949570196,0.9404110485341391,0.9379271815242626,0.9381457730402087,0.9408560030823875,0.9366862594535107,0.9417941406766437,0.9427477383546093,0.939469378175999,0.9389532810723185,0.9354585875929782,0.9407891765027934,0.9357767705700298,0.9392485002025469,0.9405134070661298,0.9429216089599968,0.9387879679040005,0.002267420497297213,169
564.4826554465294,199.4550817669203,0.8719995236396789,0.8597324084293895,0.2827819835087035,6,0.5644190594945832,2,4168,0.8005679371762305,"{'learning_rate': 0.2827819835087035, 'max_depth': 6, 'max_features': 0.5644190594945832, 'min_samples_split': 2, 'n_estimators': 4168, 'subsample': 0.8005679371762305}",0.9422580865515511,0.9397908292951963,0.9365195036939128,0.9409449598461382,0.9413308205378481,0.9370139016597512,0.9425607532411926,0.9380024086971851,0.9411498428268714,0.9420762507924499,0.9404212814882681,0.9419721294958885,0.9396939566203149,0.9400741242659606,0.9386326211795221,0.9402614304762128,0.9347708792328417,0.9419379616071673,0.9429119391872406,0.9443588559633359,0.9416001271056332,0.94270164677002,0.9393562194290749,0.9394972141798625,0.9415722854463604,0.9413107570168174,0.9401514858095882,0.9373811615143621,0.9391841621098893,0.9421730161926495,0.939611480825182,0.9396690794130595,0.938565854800581,0.9445551488783253,0.9375232194901711,0.9367949202653809,0.9419371931668418,0.9431621085220013,0.9388369289926957,0.9393950969409133,0.9384832839649025,0.9424344150407878,0.9360076679649205,0.9414553935747616,0.940629547023928,0.9441047553651561,0.9391427840821164,0.9405120246358936,0.9378178314734686,0.9398440214269618,0.9415263561716448,0.9408890701671404,0.9393574978869769,0.9408573003392458,0.9427977382817366,0.937008585907155,0.9410536126426641,0.9426380612751718,0.937766820680249,0.9414045199109813,0.9413711751734113,0.9372271608136719,0.9391455549870271,0.9432411163927803,0.9400616949071684,0.9388792271443439,0.937936355733826,0.9382513704632889,0.9445927238155526,0.9420017067838735,0.9383888663636597,0.9419159462948248,0.9372703483370187,0.9427609974176159,0.9397445600178946,0.9400279789374633,0.9384405626545095,0.9436497030880843,0.9408322452002225,0.9370868289439521,0.9414127941627759,0.9430249410371917,0.9417033502613349,0.9385795485287576,0.9375079240001305,0.9424023349834868,0.9365921041093711,0.9404711791935432,0.9420736566706127,0.9356099400727133,0.941165682908812,0.9424087499080053,0.9402032900782982,0.9413055812953479,0.9376818641158394,0.9412212376780832,0.9379387939725142,0.9379588184542861,0.9406985658038765,0.9424069543549818,0.9402258636640428,0.0021602215094691153,161
814.6055685710907,206.1300600448874,1.7937874150276185,1.7761096067278317,0.023393824703871684,11,0.5102149684879131,2,4168,0.817651670984479,"{'learning_rate': 0.023393824703871684, 'max_depth': 11, 'max_features': 0.5102149684879131, 'min_samples_split': 2, 'n_estimators': 4168, 'subsample': 0.817651670984479}",0.9538669195477713,0.9496831219430574,0.946861947660765,0.9514178229577045,0.9493970288706595,0.9458757243362572,0.9525032140147918,0.9493400299012822,0.9524593366531824,0.9510337242952042,0.9525669593096343,0.9516982705134065,0.9501181251887205,0.95112819974913,0.9498664953452906,0.9505257502101752,0.9462854116085895,0.9508816308520863,0.9522826666943102,0.9524017241746718,0.9507703666516616,0.9514116034367179,0.9492031334221184,0.9490785096373503,0.950564312392743,0.9514339620300569,0.9491857231409762,0.9472971545483181,0.9533711875468132,0.9522796039661885,0.9510685206211489,0.9496502948188866,0.9488021048654123,0.9552813015719114,0.9485029872273779,0.9481952813073403,0.9511525965574108,0.953583098979036,0.9515623072596778,0.949828246516673,0.9477758909143316,0.9536194165211999,0.9474812338279549,0.9531858681401905,0.9503791671984626,0.9527305504137932,0.9504459721549452,0.9509715110767849,0.9497923872729231,0.9487179469771758,0.9489485799611479,0.9525066753314475,0.9502001928455086,0.9493767141117447,0.9534682727871421,0.9478732669553224,0.9513263127719132,0.9511888947547474,0.9483625127425364,0.951588944967507,0.9520446643079364,0.9476105146855162,0.9508084003056532,0.9525890331434881,0.9475231421643544,0.9506021219872858,0.9484050288839552,0.9485216483463264,0.9533975757911582,0.9516869994892334,0.9515027500537696,0.9541864929491157,0.9475348992144323,0.9511677616698503,0.9500177823941371,0.9494615821173512,0.9521823301114517,0.9516116487590246,0.9498867938994652,0.9480850015136383,0.9507069116346782,0.9526964738653695,0.952153952111861,0.9479263074577766,0.948275999770597,0.9529584378647606,0.9487963468861422,0.9521838118024799,0.9525617686889809,0.947679573202274,0.9512955979279517,0.9529120886444788,0.9516377105902253,0.9521533503640652,0.9473743300612312,0.9516790457700213,0.9485978192433498,0.9499759591769642,0.9508284977333392,0.9526270625296549,0.9505620392916465,0.0019730851748874867,46
677.7560211801529,185.62858401524664,0.9798454713821411,1.0129942679879334,0.008984048200827542,7,0.8453807225503804,2,4168,0.58748256714039,"{'learning_rate': 0.008984048200827542, 'max_depth': 7, 'max_features': 0.8453807225503804, 'min_samples_split': 2, 'n_estimators': 4168, 'subsample': 0.58748256714039}",0.9515895447056992,0.949010989970586,0.9452262614610184,0.9495540690302203,0.9479851765393236,0.9454020170149777,0.952068991814853,0.94707050335696,0.9510325250544424,0.9487241565978994,0.9499147060921647,0.9505825870788035,0.948745498177742,0.9492946231904701,0.9481698518321175,0.949216684811428,0.9445313706462011,0.9494497946460116,0.9504667574389403,0.9509106972112963,0.949538512332267,0.9503647285170375,0.9474269496881865,0.9481610323554158,0.9488490034711847,0.9490163897377784,0.9485656844262221,0.9459340730445068,0.9504829680119278,0.9512305752037882,0.9483549142042198,0.9485783652195221,0.9472554177564055,0.9526364718748414,0.946507906514506,0.9469655646245303,0.9500379825481511,0.9521880471584234,0.9500395603825829,0.9479135456998555,0.9470141002778174,0.9512952583398662,0.9464775939392925,0.951193084967744,0.9485687658869437,0.9509282311336492,0.9489809597309341,0.9491479700276461,0.9478453381577541,0.9475526727827911,0.9476005654853534,0.9502424858453916,0.9489018175793044,0.9477291429011001,0.9516082348620467,0.94652953017461,0.9488254679060285,0.9499595278835173,0.9472307292440421,0.9506469239554564,0.9507519954312555,0.9461669976067717,0.9491405758554089,0.9512298640771104,0.9456226354650156,0.9481265774349341,0.94660194393529,0.9473557241869265,0.9519943134012585,0.9502506316608361,0.949744142032756,0.9518389540094383,0.945633128351487,0.9482534469131585,0.9493182195714609,0.94827847645407,0.9491079834907238,0.9510614764982761,0.9489059146308062,0.9468097114432663,0.949295406509021,0.9510744661282486,0.9503766115003525,0.9466816506694344,0.9468532138677861,0.9508769004013906,0.9479497774614399,0.9497964714067888,0.9508748738623961,0.9461326523396275,0.950609525454675,0.9514474451879433,0.949467024536619,0.9494549236480133,0.9452366637302081,0.9491432118928014,0.94721563722496,0.9488586873739273,0.9497660128633896,0.9511984005798602,0.9489577516961292,0.0018452993384851144,78
616.4102926206589,207.7315893481175,1.0276825904846192,1.0230813665551497,0.003226986853355662,6,0.6686829695816052,2,4168,0.8147719386009962,"{'learning_rate': 0.003226986853355662, 'max_depth': 6, 'max_features': 0.6686829695816052, 'min_samples_split': 2, 'n_estimators': 4168, 'subsample': 0.8147719386009962}",0.9344153163278089,0.9330131687128528,0.9279760841361511,0.9326070045650446,0.9312459330964353,0.926342107122349,0.9361158140363373,0.9315259533046623,0.9348975140695122,0.9314154882006006,0.9338195136437182,0.933488789596294,0.9309265701461682,0.931260886137789,0.9311930644897475,0.9314425591836791,0.9269134992671726,0.9337977452327406,0.9336258764225064,0.9347667819802319,0.93195620975976,0.9331350954162646,0.9298146564486587,0.9312212619178966,0.9323972473855879,0.9332830599699725,0.9316002102869515,0.927081311573287,0.9344437923285167,0.933506381715056,0.9331495294662714,0.9306346332720318,0.9301281269825143,0.9373079869787502,0.9279651068083254,0.9290751777419455,0.9322421181780565,0.9361977137524391,0.9330070402644834,0.9306152710538613,0.9301756150194763,0.9343672188299477,0.9289776897320443,0.9349894503226602,0.9314383329406184,0.9347806928673631,0.9310665560443031,0.9314187617266915,0.9306715338239046,0.9295003568630359,0.9309383683676523,0.9334227198509664,0.9312090270526574,0.9310682397373178,0.9352154553899005,0.9287120230174867,0.9313516583529108,0.9346874691326914,0.9289797718565529,0.9342339461183559,0.9346585410402367,0.928683694019031,0.9315151745178488,0.9345452638557329,0.9288387188315054,0.9312096394089072,0.9303446862649626,0.9300863475904034,0.9341741607699443,0.9330221070463374,0.9332154741499252,0.9354089172096839,0.9279583642988365,0.9304145075866164,0.9326256518373501,0.9303341903524719,0.9329611310937926,0.9344788534378523,0.9307191022987669,0.9289693945845261,0.9314415179968331,0.9336092777283124,0.9334973252727226,0.9303749650760159,0.930416675844228,0.9327643765238485,0.9315918763749791,0.9334662489965156,0.9348710720522803,0.9279070559509452,0.933803182509616,0.934540257574601,0.9329635977386046,0.9330370357625022,0.9273746379239362,0.9328201533303426,0.9280770369985238,0.9310691630703992,0.9336352644485014,0.9350345513896109,0.9319321568077703,0.0023300577248528717,190
449.5544137406349,168.7378886891672,1.344180040359497,1.3277230764272352,0.058578682461386235,8,0.4635536200917778,2,4168,0.6033419927343954,"{'learning_rate': 0.058578682461386235, 'max_depth': 8, 'max_features': 0.4635536200917778, 'min_samples_split': 2, 'n_estimators': 4168, 'subsample': 0.6033419927343954}",0.9557628381278849,0.9515119049142949,0.9490638879910586,0.9524091720340142,0.9526958355810065,0.9496522868089898,0.9551265281290914,0.9507601564761339,0.9532791293018623,0.9525854276430997,0.9534782148574433,0.9535069342349833,0.952904790717941,0.9525693861996656,0.9508479649598125,0.9527532671065475,0.9482236657468363,0.9523822115842705,0.9549104085319916,0.9546325521986925,0.9527284818088706,0.9539275315143604,0.9517394650669264,0.9515226220699248,0.9531257798618016,0.9528947382577921,0.9511975264638861,0.9504716787903413,0.954474458621725,0.9546487835647439,0.9530004952847314,0.9518064119281345,0.951010827369792,0.9563763668626509,0.9505730733408073,0.9493233627935445,0.9534838213176187,0.9554005219773859,0.9529865913743752,0.9513163327060342,0.9513242440493981,0.9549600074659575,0.9500322483722742,0.9547230189503075,0.9533253916484757,0.9545677390715483,0.9522992655892029,0.9523805904373444,0.951173238834346,0.9508336788367115,0.951100618321462,0.9534852238514279,0.9522732086735386,0.952528975393171,0.9544056636567994,0.9486633142949487,0.9534101647253004,0.9539419072381582,0.9501736761513209,0.9547717148401365,0.9532246557871801,0.9499423193032219,0.9536116325555704,0.9535017068212354,0.9498070237265132,0.952464297340017,0.9512635326805863,0.95163697696338,0.9551082284882733,0.9546467884303134,0.953494805471896,0.954205672144709,0.9496233823514334,0.9525172050762294,0.9537655011195895,0.9528087451018608,0.9530569677140379,0.9534638821909887,0.9516872878610362,0.9499052962945693,0.9529903407718106,0.9538922196579555,0.953956424640052,0.9496952613998384,0.950501251711842,0.9545432972071143,0.9513467222959214,0.95285964944352,0.9551628628563191,0.9497908333650796,0.9540752426210884,0.9548905742920525,0.9519114871536222,0.9530381617125107,0.949103601186957,0.9519865450317558,0.9504351191797212,0.9516689161203531,0.9533349615570584,0.9546569187145727,0.9525101562286469,0.001788123859851653,15
1104.6462897658348,260.2436346270125,1.0129670739173888,1.0333617560966262,0.0033096865408180623,8,0.8532074692641054,2,4168,0.8779581174760334,"{'learning_rate': 0.0033096865408180623, 'max_depth': 8, 'max_features': 0.8532074692641054, 'min_samples_split': 2, 'n_estimators': 4168, 'subsample': 0.8779581174760334}",0.9460692754179297,0.942520283230218,0.9384979340447349,0.9434836228983527,0.9419150600269576,0.9390881719261231,0.9464314656363199,0.9417888086316313,0.9452074802049751,0.942438807810964,0.9445475986266876,0.9442885889809909,0.9425112864874134,0.943011141040779,0.9430378807659707,0.9429777342262675,0.9383256002971501,0.9443551616804992,0.9445921575415474,0.9454830614724712,0.9439316574535832,0.9441337396467152,0.9412712354886791,0.9418839246692703,0.9433500327763633,0.9432723616680716,0.9422150620030397,0.9397935212337251,0.9450035221440913,0.945456835183899,0.9430902259785976,0.9417452774791378,0.9412950541073418,0.9473397901517212,0.9398536326241507,0.9404258782267436,0.94302989089838,0.9467621285749894,0.9436350378080534,0.9422460581360681,0.9406399765420801,0.9463595179538239,0.9402569094374327,0.9457031671613052,0.9419829294113518,0.9449943739940154,0.9424423012087229,0.9433123679267293,0.941609002379875,0.9415902031241298,0.9405732799578788,0.9448140906447127,0.9433115389506935,0.941725463034332,0.9458637640383072,0.9397139116613181,0.9436770051780483,0.9431419214963596,0.9412948351975197,0.9450447405710825,0.944951375629628,0.9402152337223459,0.9430364315500097,0.945902082119652,0.939337202654528,0.942144382987863,0.9402275316262823,0.9412250543150428,0.9460501611596063,0.9438050782161619,0.9437685091072492,0.9462830691069288,0.938882489516121,0.9421358350465654,0.9432261238481419,0.9416646338387229,0.9435004786582123,0.945396301849641,0.9424478619768097,0.9412735945709297,0.9427258547297511,0.9448966825454664,0.9442062869931385,0.9406283371596075,0.9404631053253429,0.9442926595897204,0.9418638016422956,0.9444379536104338,0.9447476849985441,0.9400489307187954,0.9440341035786165,0.9451282917604784,0.9438715628318727,0.9435450724870689,0.9397052975190247,0.9432925431761439,0.9407983821849601,0.9421171972573983,0.9439339464922182,0.9457204395948481,0.942942888527665,0.0020567151001986152,150
251.85192730665207,107.38180297957634,0.6985790634155273,0.717065292784355,0.07659757870614843,5,0.39284964077338125,2,4168,0.6905047160758202,"{'learning_rate': 0.07659757870614843, 'max_depth': 5, 'max_features': 0.39284964077338125, 'min_samples_split': 2, 'n_estimators': 4168, 'subsample': 0.6905047160758202}",0.9524073944950772,0.9488794601428828,0.9466046335093548,0.9504267167563996,0.948898835182489,0.9471230798624508,0.9517037701437553,0.948415418696765,0.9511131951643235,0.9481279077684492,0.9502751936854636,0.9504173409001202,0.949330522705062,0.9490750961913189,0.947318434184934,0.9497670262517499,0.9444630910406491,0.951118292751285,0.952295895939965,0.9511110773739528,0.9502339584030698,0.9517121280275805,0.9481513610003366,0.9488522034614766,0.949099094676309,0.9506064856540308,0.9486094205269412,0.9468676711742601,0.9510640755207393,0.9497231650222027,0.9493154321119598,0.9494168372514231,0.9481394951285684,0.9539031383011988,0.9459009734409634,0.9487711105980388,0.9506579499857651,0.9524650807285686,0.9507722743559534,0.9481885859473032,0.9481602980187329,0.9514653846616609,0.9472342050901987,0.9516740214251569,0.9497943787611726,0.9526451141581394,0.9503066035265414,0.9509058595478228,0.9489136809485327,0.9484345672685165,0.9493339305268318,0.9513421011561131,0.949446628439964,0.949635763150012,0.95129063899181,0.9481052491595418,0.948758348039522,0.9510563638308036,0.945728904644195,0.9523557051959362,0.9519269467664104,0.945681804459306,0.9493175593118215,0.9508611775134043,0.9479986537967474,0.9481476268065534,0.9480363057344893,0.947470308184139,0.9518350996608828,0.9517122295371886,0.9501156162160209,0.9515480160225458,0.9469644527204506,0.9494557389734573,0.9492765297935845,0.9509963434102063,0.948717851034028,0.9514771994062835,0.9494962538218998,0.9468276128048487,0.9490522007120618,0.9514247262184932,0.9498369739589011,0.9465197114172538,0.9473632439450225,0.9509985928990387,0.9483776351527093,0.9504702348331495,0.9518973089261361,0.9466975934053059,0.9511567886018567,0.9516016104801314,0.949641314110541,0.9500017102527817,0.9455505118948091,0.9499915065534471,0.9465198110494722,0.9500641934162792,0.9512493265655431,0.9516348720475348,0.9495582376301909,0.001880997361407961,70
649.4516268873215,193.83190450986777,1.3362316298484802,1.3664365605232829,0.022722937137443968,10,0.42182946500629437,2,4168,0.9035360616930725,"{'learning_rate': 0.022722937137443968, 'max_depth': 10, 'max_features': 0.42182946500629437, 'min_samples_split': 2, 'n_estimators': 4168, 'subsample': 0.9035360616930725}",0.9550509597479063,0.9523603980224586,0.9487755238326802,0.9535553862559178,0.9516686273994934,0.947822602296489,0.9549452592591897,0.9512358563287144,0.9542422484883353,0.9517657009047388,0.9542931830600039,0.9535883607777996,0.952859041610367,0.9527820162730696,0.9520306399550476,0.9523859556933505,0.9490385092943986,0.9530153441981357,0.9545088002810304,0.9545580606029321,0.9534966489596408,0.9536412610796637,0.9509731577474143,0.9510619811688751,0.9523398063926432,0.9526857689739077,0.9517780938853858,0.9498775029191596,0.9546935363109709,0.9538481225145999,0.9527348454411941,0.9514130414051053,0.9506583722146664,0.9565420384284475,0.9505394118481607,0.9500326352342762,0.9527655114853393,0.9559243859666888,0.9535437516628565,0.9510244997938765,0.9498969047352058,0.955554065056287,0.9501080835280736,0.9550882268084246,0.9520624941951813,0.9545550895915699,0.9509925085364891,0.9525797498177152,0.9517711981306768,0.9507388222615463,0.9507185182229367,0.9538787690883449,0.9522652705457313,0.9521601404735598,0.9547515407809787,0.9489415503396958,0.9524989832168508,0.9529675318319324,0.9500725314058278,0.9540898048035913,0.9536815668199555,0.949827483063431,0.9528416106478025,0.9537083202058124,0.9501356468621859,0.9514838995486852,0.9498732431945973,0.9504955925850556,0.9551679374278157,0.9538139789469522,0.9526753748518252,0.9550286563461063,0.9494556236783731,0.9530484486285902,0.9519291758268655,0.9513099522981738,0.9531974799523248,0.9532951071305753,0.9522676807080772,0.9500586493553235,0.9518163199484201,0.9539317648149611,0.9540637164211644,0.949807892557377,0.9508301404748674,0.9545887972599734,0.9516132151111807,0.9546647726098465,0.9542012639752029,0.9494960830498687,0.9531839166661358,0.9547138675553049,0.9528154624308065,0.9538981968437285,0.948497298629194,0.9523201682367636,0.9506397742009819,0.9521857761183002,0.9524912714246899,0.9546826626303664,0.952394864201232,0.0018617735149324785,16
506.32942612886427,174.28679799870935,1.0981640720367432,1.1368214689992115,0.004639902315883837,8,0.4319384050811783,2,4168,0.8667480710985318,"{'learning_rate': 0.004639902315883837, 'max_depth': 8, 'max_features': 0.4319384050811783, 'min_samples_split': 2, 'n_estimators': 4168, 'subsample': 0.8667480710985318}",0.9497258182788249,0.9469100277484218,0.9434515007960459,0.9481774156042095,0.9465224663853042,0.9432288216336057,0.9503924107717036,0.9461827574544037,0.9490950956268811,0.9463859140776931,0.9486532915150492,0.9484275675110518,0.9472236997899818,0.9470044335702837,0.9466056238150647,0.9473583097040488,0.9425637912467557,0.9483528883650566,0.9489640940288168,0.9496716940543433,0.9479446491344274,0.948302207291294,0.945734538825312,0.9463675585519744,0.9468994290254051,0.9473755949504391,0.9463006127777671,0.9436867602528762,0.9496044830383463,0.9487958927123801,0.9478059276515589,0.9463208442736804,0.9451831109280201,0.9511440846509266,0.9442873174873883,0.944713720679472,0.9476764316865711,0.9506621350148439,0.9483616639737552,0.9459271835901861,0.9452315937233337,0.9500357214971489,0.9447518239330122,0.9499863782525716,0.9463543595085606,0.949315174688257,0.9462307246332132,0.9470799967830046,0.9463865349358374,0.9449957419824228,0.9456290857704027,0.9490028014699474,0.9467618946984586,0.946572509017002,0.9494634184394155,0.9441921704106123,0.9472605555886733,0.9483990680392492,0.945101543613104,0.9490555274563559,0.9484977243838272,0.9445210866480027,0.947446619312872,0.9489204521256571,0.9442665207955886,0.9461234684610351,0.9449051655451095,0.9452582617420344,0.94961504077466,0.9485382157098484,0.9481680181156241,0.9500067183799377,0.9438013859030396,0.9469676626905752,0.9471120161837419,0.9465573515395955,0.9476943935910186,0.9485508287118445,0.9467680274203323,0.9447944562049431,0.9471966313914634,0.9485672780753933,0.9484327546156739,0.9449325299221395,0.9455470089969578,0.9486794035770961,0.9466721072072886,0.9483980244049602,0.9491885972496622,0.9438659694597803,0.9484729966812209,0.9493689411659922,0.9476500711016169,0.9477916722846919,0.9433097817777812,0.947206881221858,0.9445076821929203,0.9469279575505859,0.9480919771136879,0.9493544107141816,0.94712474483859,0.0019100029539901838,117
804.3457339906693,272.2258346630069,1.1036170315742493,1.1361085471080747,0.176374803692031,10,0.6656475291350787,2,4168,0.7131667017543379,"{'learning_rate': 0.176374803692031, 'max_depth': 10, 'max_features': 0.6656475291350787, 'min_samples_split': 2, 'n_estimators': 4168, 'subsample': 0.7131667017543379}",0.9451733420009871,0.9418649915515989,0.9392415620262871,0.943044378085567,0.9413050853322957,0.9372011942203671,0.9427163037776848,0.942159898849497,0.9444279016539571,0.9427996468383688,0.9446548542340242,0.943839960200467,0.9418466784347757,0.9410292288403364,0.9406651257998832,0.9432916122719323,0.937602220397134,0.9443306620407342,0.944536391805216,0.9446442622301896,0.9419201726580212,0.9425981206297975,0.9399059538772176,0.942026141146161,0.9430848203722177,0.9408764267485269,0.9406191757970201,0.9394515990271878,0.945205849170646,0.9437775632127353,0.9432982437174843,0.9420748210652178,0.9434743687667136,0.9473742319806718,0.9404999405784659,0.9401348805584359,0.9443169818051886,0.9461519767497307,0.9424129526342397,0.9428893850233102,0.9388725068645325,0.944655631790182,0.9392359445017496,0.9452996569284614,0.9423452124586779,0.94456793846067,0.9422870285149979,0.9426952342135904,0.9412606229534266,0.9393487977269975,0.9417296002222435,0.9451765917419355,0.9425913720455369,0.9409828851626111,0.9439423847371278,0.9370210571129016,0.9430177492401681,0.9446091202122858,0.9410457848128825,0.9463192825269237,0.9458072486201067,0.9405226550563298,0.943179726387166,0.9439506532296655,0.9407662336327186,0.94063587643961,0.9406038497209652,0.9397206214166423,0.9469927524618347,0.9439036049249365,0.9421000094374719,0.9449630247264418,0.9397398854860273,0.9441534337668382,0.9416535649764418,0.9414492649163253,0.9431708556682746,0.9444996264885129,0.9406372838512336,0.9401150591233803,0.9416721987876954,0.9436311287107516,0.9447719651707561,0.9384528496149527,0.9400361184669709,0.9459522875434518,0.9395745608361366,0.9455107277343286,0.9447160377262862,0.9388508712609263,0.9446129451388307,0.9443118833577958,0.944152805842949,0.9442832469378277,0.9387814542046817,0.9429841803754655,0.9390194462735475,0.9419091033079184,0.9428077399834103,0.944935731560723,0.942450058215045,0.002265918508336586,152
1067.6418636965752,278.2107949974202,2.4015820145606996,2.4621522803620213,0.0028615430780951833,12,0.598508298635958,2,4168,0.8432089625812538,"{'learning_rate': 0.0028615430780951833, 'max_depth': 12, 'max_features': 0.598508298635958, 'min_samples_split': 2, 'n_estimators': 4168, 'subsample': 0.8432089625812538}",0.9506524299734816,0.9460854157518283,0.943024790178451,0.9478959141740526,0.9459348069790932,0.9414514732512933,0.9495239995011289,0.9466423403958337,0.9489976271093248,0.9468044738461107,0.9494983692095151,0.9480951876838692,0.9463577369174628,0.9472290616173529,0.9470912266978451,0.9468479457883664,0.9432730235109031,0.9478308345668811,0.9489861595014817,0.9499996353706996,0.9481364279177316,0.9472257465428322,0.9456709629213725,0.9456676551553491,0.947341345181392,0.9479889951971108,0.9457045288576269,0.9433999486745651,0.9496936379861747,0.9491464582553986,0.9476616308519419,0.946127658956065,0.9452362333994787,0.9517316522521234,0.944716249454251,0.9446770521984712,0.9471139028988326,0.9501669735048586,0.9480607974595423,0.9466102070533273,0.9433434297829738,0.9504108152816412,0.9440066832361126,0.9500660669533187,0.9468445171357086,0.9493680850195411,0.9463674165688853,0.9478375843604502,0.9465822464167958,0.9456083572700503,0.9451942216847757,0.9492227119036981,0.9468174734862085,0.946019984641265,0.9504143901959385,0.9433424488845695,0.9482722089982668,0.9476833414609853,0.9446727446022322,0.9489357743899751,0.9481115950553969,0.9446079467567584,0.9470896075051778,0.9492650056463418,0.9438003203886391,0.9465012618455761,0.9441886196329382,0.9456171447855962,0.9501326056480186,0.9482510330998402,0.9474326811140596,0.9509055477358638,0.9434448143238828,0.9471939496103499,0.9472354721140527,0.9459035827302997,0.948524238922969,0.9482966327340111,0.9467345670721288,0.9451160739564369,0.946061428492394,0.9492035667386843,0.9491444119272752,0.9440828933540166,0.944661147829272,0.9495470257323124,0.9456736059501485,0.9487512653670394,0.9482027336912849,0.9441117353313145,0.9476693343668072,0.9495711878782576,0.9486041143982471,0.9490892766372383,0.9439205484870961,0.947783623895929,0.9446861047751214,0.946477780210875,0.9472702172631131,0.9496354273138907,0.9470781114933545,0.002120878803286117,120
485.5961685323715,174.19472810229627,0.8166970157623291,0.8468617938117866,0.1777033847672164,12,0.5441472554619294,2,4168,0.846486102281136,"{'learning_rate': 0.1777033847672164, 'max_depth': 12, 'max_features': 0.5441472554619294, 'min_samples_split': 2, 'n_estimators': 4168, 'subsample': 0.846486102281136}",0.9425945985841484,0.9390061348078136,0.9325995760374445,0.9392149823550345,0.9374816401619829,0.9334777330446726,0.9401839912936183,0.9401525286327388,0.9411446744747152,0.9385675301064851,0.9419424406805181,0.9414943919870571,0.9390955773705472,0.9392800598001982,0.9403261376412627,0.9414271391988882,0.9356631933439356,0.9410853790875316,0.9419519217767351,0.940249839191096,0.9395792819360196,0.9387903467766693,0.9397364720412822,0.9373765243980725,0.9386871889524313,0.9407824723822447,0.9375537631556838,0.9350310596603496,0.9417270696295068,0.9383384050711548,0.9403880397632268,0.9376189614936324,0.9387093606347728,0.9430761143739598,0.9361658682826606,0.9369220909778623,0.9396686021789336,0.9417272314917511,0.9407499900748874,0.9379098993946949,0.9357493619950074,0.9436653193666803,0.9377233157473381,0.9428886651968185,0.9406117238379642,0.9421798224021342,0.9387771607887625,0.9407622131549159,0.9398753238767075,0.9362903846118374,0.9395993730672032,0.9416949770259819,0.938820575495134,0.9386426814301415,0.9410640122351841,0.9377461447714405,0.939701205061055,0.9408675591284996,0.9370865019655935,0.9413253672914412,0.9422480125265046,0.9353813663065301,0.9399112781984008,0.942632731278713,0.9342707352386411,0.9396825361987051,0.9374764698581974,0.9378057784071041,0.9435088850310803,0.943244726955196,0.9425796296282386,0.9430294625229177,0.9364540541145188,0.9403350998201963,0.9404669674128996,0.938752796425059,0.9404940849083847,0.9403358907877302,0.9409838647405764,0.9376921433675901,0.9404463717896979,0.9419510214410591,0.940717120470802,0.9369641137658655,0.9352981860651552,0.9438121724738969,0.9367011659591822,0.942086681413662,0.9414959675559083,0.936632780766739,0.9406805167197171,0.9415838794924888,0.940823797778527,0.9428509486089824,0.937359104008135,0.9394979021457901,0.9371308443494147,0.9399727038869531,0.9411787995902023,0.9416563458809627,0.9395867683858639,0.0023780552331226137,167
525.628411769867,180.09367341515278,1.0401886582374573,1.0638070541822093,0.004864734957527726,7,0.6194279323337255,2,4168,0.6850008532300484,"{'learning_rate': 0.004864734957527726, 'max_depth': 7, 'max_features': 0.6194279323337255, 'min_samples_split': 2, 'n_estimators': 4168, 'subsample': 0.6850008532300484}",0.9469771568365576,0.9443097875330257,0.9406330987013791,0.9452585380969383,0.9437301399305206,0.9400017318351336,0.9478869726800483,0.9435902882074019,0.9465688213254628,0.9434337322316398,0.9454505014439222,0.9458213708389075,0.9441622892292738,0.9439092802645541,0.9435512817902925,0.9442225988496048,0.9393997454956453,0.9456016825690892,0.9461786919741885,0.9467188943821463,0.9446231487733396,0.9456158377442455,0.9423186850618759,0.9436351576879498,0.9442308980652256,0.9443606695709692,0.9435720700280598,0.9402933161107984,0.9464781486841022,0.9463321882370767,0.9444203728837955,0.9433990269775445,0.942480120362628,0.9484755287491109,0.9413587863062585,0.9417427353369069,0.9444612930649617,0.947844713597393,0.9450801972801732,0.9428949920882733,0.9425668064753688,0.9467064360095273,0.942026563699794,0.9468461328728383,0.9435617951158289,0.9463258252959115,0.94373850159853,0.943984364331718,0.943082831015439,0.9424756444446646,0.942666416430136,0.9455724432358652,0.9438442471402966,0.9440583660793002,0.9470286559769141,0.9415712072579371,0.9442877291142708,0.9455768536237054,0.9421097766346503,0.946248148921002,0.9466917812435504,0.941246992663795,0.9443206244418955,0.9461882784548935,0.9408354559481519,0.9433163213898494,0.941940741337601,0.942479851065304,0.9471319070047066,0.9453346531351993,0.9449224636295348,0.9472300660190724,0.9408407725821056,0.9438909403707929,0.9446034833467716,0.9435141322292608,0.9445954461988247,0.9461714954113216,0.943790090619425,0.9418102787959195,0.9444124807358557,0.9455847140598637,0.9456709402679121,0.9418948091821334,0.9423629904721833,0.9458316311924877,0.9435886703414645,0.9454376648635879,0.9464831789372192,0.9406613933577896,0.9455231667577836,0.9467047527293843,0.9446102603533011,0.9448911674816204,0.9404469583077808,0.9447954975443112,0.9418082922837517,0.9436838891142815,0.9453091056465255,0.9468627514508945,0.9442272332706824,0.001989380160277755,146
454.9270273160935,165.50330347614323,0.7876949620246887,0.7924428205332661,0.005066863395249431,5,0.7961383656506613,2,4168,0.637480896168937,"{'learning_rate': 0.005066863395249431, 'max_depth': 5, 'max_features': 0.7961383656506613, 'min_samples_split': 2, 'n_estimators': 4168, 'subsample': 0.637480896168937}",0.9328922794260985,0.9320241795449349,0.9273985912074261,0.9316770898179829,0.9302966417322491,0.9257541810745008,0.9352547764567771,0.9306763194695472,0.9330656203374648,0.9305688217597818,0.9324185561227682,0.9330247402030465,0.9299551188503353,0.9304463420909457,0.9299410762402623,0.9305857820946901,0.9254710138686156,0.932278805528686,0.9326964659044142,0.9332186150822198,0.9307034792603717,0.9320452209544503,0.9286170517084409,0.9301553572902875,0.9316749163077733,0.9324170566085943,0.9305911014931221,0.9262098677468856,0.9332141302100234,0.9319645650204638,0.9316557162642185,0.9301147448376846,0.9292620495419773,0.936241691009465,0.9270862754030149,0.9282393293055478,0.931702045623724,0.9350811081323325,0.9320740448743654,0.9294248255124284,0.9292675230011401,0.9331468648703986,0.9277626348522445,0.9334098066386376,0.9308510718666246,0.9340681494336662,0.9303946150571113,0.9303803966870594,0.9296600222225053,0.9284654449371669,0.9302505466606752,0.9321100036319081,0.9295893290438836,0.9303371818127817,0.9338335845389591,0.9279812716331461,0.9301904954729602,0.934297712044508,0.9280098856782921,0.9331048386621781,0.9342122593196194,0.9276546342588311,0.930044811389316,0.932929310881877,0.9284758363150446,0.9303721147717402,0.9296607436986155,0.9288679512398016,0.9327948320544784,0.9321098191852195,0.9323498351205498,0.9338698130160196,0.9269483359251239,0.9293595331941455,0.9324699850624982,0.929772770824199,0.9317473589458178,0.9338276964227192,0.9300209957729539,0.9278243818276143,0.929883860642827,0.9329242027216449,0.9323985134293881,0.9296530263124212,0.9294744530654385,0.931857765414148,0.9305550265006227,0.9322391243054758,0.9336736602704463,0.9271572095888005,0.9327795023854255,0.9332769901417132,0.9315043030674187,0.9317574070010092,0.9264120909906391,0.931551367054825,0.9275628455625815,0.9302279579024925,0.9326577729343628,0.9337422455903666,0.9309183331677198,0.002246394808722785,194
525.4620356893539,185.14622536137506,0.6981897664070129,0.7117356763499011,0.01196174193467231,5,0.6883949150611814,2,4168,0.7914186827998569,"{'learning_rate': 0.01196174193467231, 'max_depth': 5, 'max_features': 0.6883949150611814, 'min_samples_split': 2, 'n_estimators': 4168, 'subsample': 0.7914186827998569}",0.9437739823779614,0.9424187722097347,0.93785950572258,0.9418864268787817,0.9414308085677339,0.9380182849964452,0.945556885241874,0.9408633234608144,0.9429614594567126,0.9414883378645096,0.9420149167687333,0.9434044964432936,0.9413837005792638,0.9415471832628263,0.9408120707157251,0.9416453759566442,0.9364735491674756,0.9432613984731126,0.9432250413669052,0.9439436258335455,0.9413756734533384,0.9431101890673717,0.9398375894303946,0.941094717115996,0.9417998680270354,0.9421611227259105,0.9417126107382631,0.9375951436659826,0.943504626459489,0.9433221343680989,0.9413909411646959,0.9411818922596499,0.9406727743098442,0.9462779178260147,0.9380341880548806,0.9391241639244873,0.94262371575988,0.9451297561728668,0.942466317930811,0.9403770708050972,0.9402935284974147,0.9433958651267063,0.9393514076427696,0.9438292501764511,0.9416373042747938,0.943968478747732,0.9412488425858291,0.9409449764427316,0.9401912917537928,0.9390279732069987,0.9411324301895098,0.9433760558515927,0.9404119693547157,0.9409184645566203,0.9433843358879943,0.9394630544798244,0.940895283426383,0.9437499144140669,0.9394360757551075,0.94353012500958,0.943959632423223,0.9388450225150625,0.9414168753410259,0.9433314483810967,0.9397698858300585,0.9405692029553998,0.939716361268419,0.9396781858507848,0.9442926944761597,0.9431803658138581,0.942684871686674,0.9442876096571622,0.9379645549417576,0.9405648297915148,0.9423338059759677,0.9412035227907254,0.9416474568184532,0.9439356515258913,0.9406946916208638,0.9386845981592338,0.9413538258174636,0.9429232209392712,0.943158341850182,0.9397436412323744,0.9394569077684449,0.943077812965122,0.9408959727607537,0.943380442092483,0.9442745730185644,0.9380366948254986,0.9434269146152698,0.9442235945147283,0.9412603746564961,0.9425345010125333,0.9369651897900549,0.9420073911740431,0.9389284009192563,0.9412356807823421,0.9432969799640414,0.943776992779664,0.941596669072873,0.0019890733568778164,156
775.3709372067451,209.49956350969643,0.9717346525192261,0.9947015120536837,0.11577141594597738,8,0.6960789512713625,2,4168,0.7833954070935212,"{'learning_rate': 0.11577141594597738, 'max_depth': 8, 'max_features': 0.6960789512713625, 'min_samples_split': 2, 'n_estimators': 4168, 'subsample': 0.7833954070935212}",0.9523363249395009,0.947900142446361,0.9468465582698355,0.9506695660375151,0.9486240873871122,0.9465893142897495,0.9517471662019368,0.9479555101924161,0.9512229800713518,0.9503069068598895,0.9511919992818646,0.9504580862046982,0.9485909971031957,0.9487184883211617,0.9490364520501493,0.9493738904715409,0.9453398053762322,0.951305830958566,0.9522382364985235,0.9519158206543403,0.9501889799075858,0.9509572686640114,0.9479371331489017,0.950204603399087,0.948734655237573,0.9501937744834681,0.9487550337722136,0.9445666812693586,0.9522282588422428,0.9506442147139067,0.9486818102247708,0.9485536688010535,0.9477030917233935,0.9533363001491015,0.9455745945970482,0.9467040756662042,0.9498391574871687,0.9524241462554729,0.9497789648533533,0.9489629168843929,0.9472021783076429,0.9518689994279144,0.9464138956056598,0.9533587247504649,0.9499232920301162,0.9508531071069066,0.9500068425167825,0.9499548740478055,0.9481244344086532,0.9492860340602259,0.9492327977952676,0.9522821386912805,0.950492760499842,0.9499812375708376,0.952420926441132,0.947325175878241,0.9508721475312388,0.9500547378945865,0.9476999762094795,0.9508269433975669,0.9510201880153131,0.9460692206382204,0.9495220127884806,0.9512766252328971,0.9465963670550952,0.9489823089549869,0.9486848206314233,0.9471370322202741,0.9531748178640626,0.9502132003602679,0.9491683032400403,0.9521943810335102,0.9463470636239986,0.9490707811960454,0.9498822060808458,0.948406794009296,0.9496937755011693,0.9506575424629786,0.9499812940623541,0.9472472480750783,0.9488194844653669,0.9520428089025038,0.9511812594365538,0.947139440991183,0.9473227949099684,0.9517348778160117,0.9479101704678305,0.9507292741834927,0.9515595196837345,0.9470672826225235,0.9521305577590407,0.952898652609567,0.9492964063206888,0.9512346386740943,0.9448553044023837,0.9506988097032665,0.9476129196400598,0.949180922849019,0.9500720476619018,0.9512010911612184,0.9495653296517468,0.0020046060516546687,69
791.0358979678153,202.53323477605784,1.2478526425361633,1.2435006764814367,0.0068564314564107985,8,0.6917142204161856,2,4168,0.7662163476493078,"{'learning_rate': 0.0068564314564107985, 'max_depth': 8, 'max_features': 0.6917142204161856, 'min_samples_split': 2, 'n_estimators': 4168, 'subsample': 0.7662163476493078}",0.9525724372021381,0.9493581181376641,0.9457352869085477,0.9505272627205713,0.94898347132239,0.9461341893486834,0.9529605652037166,0.9483449575614036,0.9515229014133788,0.9491036444092179,0.9511207847002103,0.9513126406482677,0.9496357529466951,0.9501461268767464,0.9499577905683383,0.9497571955953916,0.9453399141405512,0.9506257954307112,0.9513981002493694,0.9520044965793423,0.9505505081256987,0.9510184246525369,0.9482535179471174,0.9488031145990046,0.9496484773402253,0.9498936011662911,0.9486373762278096,0.9463472539055147,0.9516196901671758,0.9516767737998332,0.9499322061050872,0.9493027240635489,0.9482205435494927,0.9538969439555918,0.9471609566170562,0.9475105342065269,0.9503032953174009,0.9533423410410652,0.9505403598382937,0.9485922358684198,0.9469255629732323,0.952503119234446,0.9474371722659768,0.9522520433138678,0.9491315915582336,0.9515995958190767,0.9494582289306377,0.9499097395867262,0.9488477759255947,0.9482948882623974,0.9479589353779224,0.9514240740028994,0.9499671924757578,0.9489365411859438,0.9522372263055846,0.9470178171460956,0.9500935614525233,0.9498964950636277,0.9478727624537108,0.9516198933494664,0.9510683628987593,0.9472418406239876,0.9499698713878257,0.9518000521387497,0.9461783653950511,0.9483837597222506,0.9467834525210002,0.9477250930330967,0.9526374687903774,0.9508300148096227,0.9501877018778386,0.9527524687441857,0.9463319108892332,0.9495864151296812,0.9498063872688142,0.9488770327897371,0.9500475623614312,0.9509378208119234,0.9495064819301905,0.9472906258609076,0.9499851355325472,0.951153318993285,0.9510149605867095,0.94725254099866,0.9476163263807307,0.951617729605009,0.948689979306839,0.9512333534138868,0.9517146718842453,0.9466802605985963,0.9508427825735157,0.9519901416028589,0.9501252610761497,0.9506913142015575,0.9464223996095366,0.9498723034681279,0.9473420380068117,0.9492473273705593,0.9506608357646421,0.9518001588163033,0.9496907205591597,0.0019044940405625,64
804.213297176361,267.5870305962397,0.8814788174629211,0.8503621761380538,0.042447737358520234,6,0.8953685550856594,2,4168,0.7739021256898738,"{'learning_rate': 0.042447737358520234, 'max_depth': 6, 'max_features': 0.8953685550856594, 'min_samples_split': 2, 'n_estimators': 4168, 'subsample': 0.7739021256898738}",0.9542375028125494,0.9522423012670445,0.9481952150825677,0.9525353462098964,0.9508973957434362,0.9487539039565674,0.9545159700847746,0.9504915470594149,0.9530183858313828,0.9516225038549297,0.9525848395762634,0.9529534136046767,0.951823178334768,0.9521661041460244,0.9509615395308634,0.9520414240674494,0.947174666403865,0.952625329787456,0.9542034934509755,0.9544457903143446,0.9525299590542436,0.953894695625039,0.9501243014456832,0.9512418004354952,0.9516191653548478,0.9523557427827897,0.951167314207748,0.9486839748811211,0.9524530085583285,0.9534187259105654,0.9511516795096188,0.9510076345284167,0.9502571242410165,0.956124984654226,0.9491591243514244,0.949689699237936,0.9521380066228893,0.9549821981463329,0.95210179156052,0.9506532548326503,0.949467640488463,0.9538304498759352,0.9494124253113645,0.9536236055311675,0.9517415633669029,0.9536099989281921,0.9514262789932314,0.9516673856827169,0.9501067337850194,0.9504739350178903,0.951585583217381,0.9531209329080828,0.9513342847242826,0.951607560148416,0.9534986450578257,0.9497304529349604,0.9516170575560459,0.9521549041205217,0.9504153239996336,0.9535658462119352,0.9535638063989148,0.9492320110424133,0.9519630128821169,0.9531612121945658,0.9494608037737804,0.9508711694451636,0.9496180232340625,0.950489511865296,0.9545457366947478,0.9526001703831596,0.9526930947462648,0.9544402330931911,0.9489990681994519,0.9514796407860054,0.9521372485763737,0.9516712752561852,0.951882300607761,0.9532449492060721,0.9516653592623376,0.9484442714794519,0.9516943398582574,0.9532875545011404,0.9523682383195715,0.9494999220910019,0.9495052432683598,0.9542224436975888,0.9510160996319224,0.9519660881001195,0.9542819897587295,0.9491886087003645,0.9537957102968728,0.9545482068542589,0.9515059954491969,0.9525318627544739,0.9475056621078355,0.9526456143051447,0.9495629905439237,0.9516485574986459,0.9528168940862378,0.9542738451418241,0.951762634110129,0.0017989341368233817,30
476.97452811002734,193.8792472653412,1.0760626697540283,1.0784035276483508,0.006008116661255823,7,0.4431781364164753,2,4168,0.9350257970633646,"{'learning_rate': 0.006008116661255823, 'max_depth': 7, 'max_features': 0.4431781364164753, 'min_samples_split': 2, 'n_estimators': 4168, 'subsample': 0.9350257970633646}",0.9476520723667177,0.9454352709234753,0.9415762609748856,0.9458641738021213,0.9446946192223492,0.9410815117633876,0.9486348600981276,0.9441843577245378,0.9473228161043615,0.9446468414182272,0.9461857681175364,0.9466810954987979,0.9448287935434193,0.9453324866675051,0.9441623268544747,0.9452545047630806,0.9403896111963579,0.9464655696593111,0.9468106339403575,0.948096495965307,0.9459451090272188,0.9465620901892141,0.9439042540225513,0.9445750177937984,0.9451965234842574,0.9454748160350747,0.9444774134705319,0.9413451428314253,0.9478365555734701,0.9469736344983586,0.945683274785234,0.9441816723619574,0.943374307951064,0.9494871337991917,0.9426527276243244,0.942476846741636,0.9456037117594723,0.9491139097955208,0.9465286063393913,0.9437336023988793,0.9437140382156822,0.9476344896877754,0.9428843293745647,0.9478599561650993,0.9443619260679811,0.9471671607658412,0.9444062636334364,0.9451878893478989,0.9441239423298651,0.9433536335009942,0.9438408993250497,0.9472600295503472,0.9448522853095965,0.9450732920145928,0.9473682223446301,0.9425030121533198,0.9457948471959785,0.9468950562147274,0.9428548263198215,0.9471588856214489,0.9470170406331948,0.9425545992098988,0.9452078043746094,0.9470183414233884,0.942655216686531,0.9443284034456468,0.9430804908449845,0.9434284326692846,0.9478334600319404,0.9468551734803436,0.9463852585033031,0.9479006921995138,0.941586203901966,0.9447699306377615,0.9454691920532711,0.9444524243818022,0.9452773248462352,0.9470819496931145,0.9446208821484597,0.942674882941267,0.9451173314368372,0.9467580726624669,0.9465186152816365,0.9429355063545002,0.9436484652699464,0.9467274580787333,0.9450496804637679,0.9465688941512965,0.947358915445809,0.9416241917206825,0.9466643106042995,0.9475040259792684,0.9454138997529195,0.9456138496647117,0.941250134992591,0.9455339037115404,0.9424358968503207,0.9450064938398399,0.946452540948757,0.9477697422100883,0.945208710397521,0.00196378579261103,141
938.3839733695984,228.1067415852109,0.7923674821853638,0.8214483937846705,0.0921353795171421,7,0.8987075128788344,2,4168,0.826064957462618,"{'learning_rate': 0.0921353795171421, 'max_depth': 7, 'max_features': 0.8987075128788344, 'min_samples_split': 2, 'n_estimators': 4168, 'subsample': 0.826064957462618}",0.954952875694541,0.9502105771468221,0.9473241272623332,0.9517419914294468,0.9496293971935867,0.9481402755836383,0.953358782838205,0.9485849008582672,0.952308149936406,0.9503521089333343,0.952864156396067,0.952032026292444,0.9500907130846492,0.9510607476039078,0.9496898043261063,0.950704566263237,0.946487827879824,0.9510545742893499,0.9528380242379836,0.9532658085473604,0.9518068692849475,0.9529422842013772,0.9493925749252283,0.949023193735965,0.950839943957039,0.9515845629492109,0.9510160066704737,0.9480357849228331,0.9517953155420456,0.952317911023876,0.9506217424238097,0.9490043951418736,0.9501198493397124,0.9545710502970447,0.9486672281697633,0.948972339470338,0.9507626140376412,0.9545223380113471,0.9504173198108398,0.949190011625487,0.9478598783216544,0.9528842333251605,0.9493062322053133,0.9525165739137269,0.9511124683709504,0.9530598284002699,0.9509177040147612,0.9523347415688769,0.9497431017484099,0.9497145768752687,0.9489037994326688,0.9532650263804948,0.9520339968425264,0.9502866227960083,0.9534489527879884,0.9476479349149474,0.950994112028835,0.9520007175399401,0.9485217955554093,0.9537447435074634,0.9517649116355793,0.9474309929201613,0.9514987628160185,0.9529592113447166,0.9477241149616594,0.950957503176064,0.9486759140968232,0.948985988228946,0.9535512177730799,0.9514501191609295,0.9525189026827114,0.9539433638180242,0.9484210379856634,0.9508005740340875,0.9509943437644893,0.9502563102683852,0.9503765346604071,0.9522800200001578,0.9506280795787356,0.9480318845921558,0.9512683303869671,0.9534602848218653,0.9525743957355257,0.9486002085951809,0.9488627179242879,0.9533607873400536,0.9496076391440831,0.9510044627447238,0.9529696423870684,0.9490960703924051,0.9518574794740029,0.9531578653196671,0.9512649560540033,0.9519634550344245,0.9481447340536797,0.9509063911524479,0.9490233269822577,0.9515103799439941,0.9513269909139875,0.9527612285114164,0.9508856294627988,0.0018830961104873089,43
810.1319558787346,253.45694905936867,2.305225372314453,2.2816296652866583,0.0031108326056301064,11,0.5873960594492682,2,4168,0.6737716992635644,"{'learning_rate': 0.0031108326056301064, 'max_depth': 11, 'max_features': 0.5873960594492682, 'min_samples_split': 2, 'n_estimators': 4168, 'subsample': 0.6737716992635644}",0.9515057200940007,0.9474900731302374,0.9445492384614305,0.9493641240784034,0.9473565063603432,0.943321171957142,0.9510162504619307,0.9477334460354979,0.9500480503865388,0.9479001886916236,0.9505205424759224,0.9495212333406535,0.9479224860277761,0.9484371243309311,0.9482641311589095,0.947638709029518,0.9446657118716579,0.9491776626089503,0.9503435640726362,0.9509598046397798,0.9492009120205647,0.9488883046978225,0.9469916902166382,0.9468997241000479,0.948460013423269,0.9486698912407092,0.9470976694597336,0.9449880627329894,0.9509282848314838,0.9502527217132849,0.9486611084543356,0.9473943605368278,0.9465383273798664,0.9529546790348661,0.9456782729301096,0.9461274685480325,0.9484897509596831,0.9513034720576025,0.9493365185236036,0.9479124114039114,0.945035125240929,0.9520811738885487,0.9451444443709729,0.9512882971576329,0.9481411803741221,0.950477740568757,0.9477354352388855,0.9488655163570185,0.9478030638531553,0.9469625070278425,0.9462185926193284,0.9504258962427241,0.9478682560984633,0.9473911279291828,0.9513664526219571,0.9447895534270281,0.9494331696861456,0.9490800838294327,0.9460392189222148,0.950391204074153,0.9492999478986777,0.9461422669097121,0.948240798123975,0.9506867803432144,0.9449203809216782,0.9479470106442295,0.9456098717953797,0.9467363626124775,0.9514084502340725,0.9496244523271944,0.9489248974038493,0.951937202870866,0.9446670530565687,0.9482208155493183,0.9483925929691654,0.9469678615271957,0.9495708968239774,0.9499324106143366,0.9478847545467535,0.9462497336091562,0.9478104081090202,0.9501859563620629,0.9501114388160042,0.945518144891461,0.946190658752692,0.9508045146473596,0.9468017768064235,0.9502434615623884,0.9494490544038645,0.9453734080791123,0.9488959438538309,0.9507360570980766,0.949428085876275,0.9501702521567547,0.945244238445878,0.9489097873433915,0.946298542229213,0.9479705911723119,0.9488983422114072,0.9507516027188371,0.9483420422932592,0.0020463127961018613,96
345.4866440463066,144.47355883509655,1.374742453098297,1.3600555916155694,0.07366219007900414,8,0.4393497366621478,2,4168,0.5551923148256198,"{'learning_rate': 0.07366219007900414, 'max_depth': 8, 'max_features': 0.4393497366621478, 'min_samples_split': 2, 'n_estimators': 4168, 'subsample': 0.5551923148256198}",0.9546822259506421,0.95047573673479,0.948381276284945,0.9518924794427208,0.9498479901238442,0.9475301215894365,0.9530182325329016,0.9503123545181712,0.9524181893325572,0.9508220851325591,0.9520252136211065,0.9526546304461667,0.9507521044850393,0.9522135039917329,0.949491271083994,0.9498656016548067,0.9471602780077922,0.9503055407149964,0.9527552963004323,0.95353927768078,0.9507851917282244,0.9519616137733782,0.9507154404625047,0.9511205439883426,0.9527272386752434,0.9506797435902135,0.9501758782455563,0.949451850035347,0.9521424523174389,0.9527301731020899,0.950170578500672,0.950191845634192,0.9497082757977547,0.9562620277453597,0.949128643135178,0.9473888968744911,0.9522743764661903,0.9540919533467348,0.9508433299321466,0.951573850705679,0.949649340815345,0.9537343245480644,0.9492396949905111,0.9533002674142104,0.9508492456900067,0.9533505387142247,0.9511582936584065,0.9515367044966269,0.9500746188546676,0.9497413024503712,0.950343602654018,0.9512832186325137,0.9526612502545971,0.9527553034100413,0.9527383213711824,0.9486516987243968,0.9516636076723811,0.95270950289254,0.9489800718032823,0.9529538939820751,0.9524961645829821,0.9485156126721654,0.9523234998932724,0.9522376246763806,0.9485793235211881,0.9503677580975595,0.9483848228620422,0.9493894532306169,0.9526396050866082,0.9514891448651863,0.9508447602345679,0.953782971829111,0.9478862358993037,0.951392533755087,0.9504043806036976,0.9513643736409925,0.9521391083138107,0.9522005302174641,0.9517410196612409,0.9487462397052254,0.9522467401688922,0.9532628768781762,0.9530831055547621,0.9483317335034946,0.9496756621647418,0.952749184551724,0.9518456339493256,0.9519228210086359,0.953540870767502,0.9493004067976575,0.95148987507025,0.9536819451541133,0.9506914674788797,0.9519689111795475,0.9465164313265869,0.9507606230948414,0.9496886011957084,0.9515056723380875,0.9512011489354041,0.9538401051661097,0.9511587109634856,0.001801020572563845,39
622.3114568042755,208.4802713450122,1.0658598399162293,1.097263446729429,0.0028332686506026515,7,0.5985978666870624,2,4168,0.7666072141879023,"{'learning_rate': 0.0028332686506026515, 'max_depth': 7, 'max_features': 0.5985978666870624, 'min_samples_split': 2, 'n_estimators': 4168, 'subsample': 0.7666072141879023}",0.9400429263471635,0.9379202210155377,0.9336687154235984,0.9384534258741701,0.9368851873164296,0.932580268119615,0.9414847516860085,0.9368715903657898,0.9407134464938864,0.9366497051732869,0.9392870806117414,0.9388481446138097,0.9368372128535111,0.9367624514587192,0.937139256868594,0.9372375230061836,0.932584342589624,0.9391321100401762,0.9394064597801121,0.9399413602294866,0.937799557562459,0.9386629732685374,0.9356940529442275,0.9369300055199913,0.937589547479206,0.9380200296411183,0.9368924602915186,0.9332304836536711,0.9402263851719438,0.9394487128791614,0.9384603611491964,0.9365306746867238,0.9356543456672406,0.9425367901064143,0.9343495570943536,0.9347433673540494,0.9376826294679541,0.941611135300073,0.9389505755701392,0.9361790884288026,0.9356851434878999,0.9398839312558079,0.935156237717986,0.9404349943577065,0.9366224887712014,0.9402481911783842,0.9365587806583017,0.9376136411469385,0.9365336794665813,0.9355670555527462,0.936000593105455,0.9391853784517966,0.9369192117811266,0.9368843464321358,0.9402522639616726,0.9345892862251242,0.9378090809615204,0.9397366833167388,0.9352189632184671,0.9395806334861675,0.9398451317254022,0.9346758733585259,0.9376205675509304,0.9400044766858332,0.9340951869776608,0.9363974868076449,0.935431726933005,0.9357210622944032,0.9403451606549679,0.9386418124321427,0.9383383228888598,0.9409166324967219,0.9337918360589054,0.9364371174453454,0.938045366684363,0.9361902770284511,0.9387605827161905,0.9397380239891637,0.9363824073421758,0.9350979726878269,0.9373545519744402,0.9389368292071112,0.9391880936091812,0.9355123190166372,0.9357792165498446,0.9388052803886157,0.9368542024040066,0.9392228432238249,0.9400232697384894,0.9339396123700396,0.939248941176822,0.9400812456076921,0.9382834931993771,0.9382437018720833,0.9335512405725261,0.9382666388618482,0.9345333897054315,0.9367930585566,0.9387430866595025,0.9404207257875957,0.9375437826287818,0.00216522737839056,172
494.10311285972597,186.96071284702205,0.4536598610877991,0.44999457358617506,0.2078842538782157,5,0.5999444960895808,2,4168,0.9193506699558507,"{'learning_rate': 0.2078842538782157, 'max_depth': 5, 'max_features': 0.5999444960895808, 'min_samples_split': 2, 'n_estimators': 4168, 'subsample': 0.9193506699558507}",0.9485143369034006,0.9453886407148698,0.9414645556028267,0.9456091980561133,0.9461279265229428,0.94435510420376,0.9478234556900017,0.944633617389037,0.9469634700625581,0.945086320376502,0.9466286323023159,0.9473693194388795,0.9456337578886693,0.9439008642878941,0.9414900881952853,0.9451505480876135,0.9409616174879369,0.9487737663302476,0.9483118405713937,0.9482095362335448,0.9450327537319516,0.9468798892028409,0.9441703130750704,0.9444067753876351,0.9468237148361736,0.9460080467935944,0.9455363336337953,0.9435477083058708,0.9455269663617871,0.9485285477339083,0.9435738110961107,0.9454146334258638,0.9445560016998605,0.9489390069328043,0.943112471119118,0.9431692250143608,0.9474194713922693,0.948697979811975,0.9464461587339019,0.9430944366962876,0.9440830066530173,0.9476044460453288,0.9421517989392603,0.9477594318144693,0.9453157345694561,0.9477844271578678,0.9474970998403294,0.9457080557997256,0.9426716052000887,0.9447613391179923,0.9463892188355928,0.9472889486113415,0.9443809532322273,0.9475417332217433,0.94653138300889,0.9444624952752122,0.943570492331868,0.9460693207253386,0.9429557497965807,0.9462883563982941,0.94733469046135,0.9440043984110282,0.9458160196897343,0.9469146832056355,0.9453246856549111,0.9460434487105482,0.9439223906654244,0.9429895212546024,0.9485742881793464,0.9471461978766449,0.9464328970263125,0.947570948277943,0.9429469074346035,0.9459934848976989,0.9445704753604414,0.9458170627568522,0.9447970507157825,0.946600021284791,0.9459678749982076,0.9416639130071865,0.9469863293920123,0.9453484755841939,0.947492668318295,0.943170326302869,0.943002440552681,0.9474106249374328,0.9446442448566704,0.946047199944752,0.9489954034778811,0.9436317507106081,0.9486505503081554,0.9480341750433883,0.9453777103908693,0.9479140121539269,0.9412342278336713,0.9445135306550393,0.9422553476924624,0.9450224765380788,0.9458908532536904,0.947958168971525,0.9455810791469286,0.001978908903941034,137
1189.9378126096726,271.21260537097305,2.7996154117584227,2.791696833425975,0.00407067039939574,13,0.7756179978787981,2,4168,0.6771670832896792,"{'learning_rate': 0.00407067039939574, 'max_depth': 13, 'max_features': 0.7756179978787981, 'min_samples_split': 2, 'n_estimators': 4168, 'subsample': 0.6771670832896792}",0.9506974183548286,0.9452408638074021,0.9426363773180131,0.9469792359313465,0.9455804672632809,0.9416074670456674,0.9487237972169887,0.9458799049454633,0.948247112380286,0.9463805709479626,0.9496668036511859,0.9478685677133264,0.9455308170039207,0.9468328129817425,0.9463812350555298,0.9461627168711819,0.9433588240087409,0.9476202947640263,0.9482434839471158,0.9497755317305385,0.9476098672094623,0.9465120172589079,0.9453672204378109,0.9455288865671962,0.9471938134009389,0.9475649107670534,0.9452426206915354,0.9428863150602738,0.9488407032654973,0.948941133343731,0.9467569284954385,0.9455934260585138,0.94489605161644,0.9517519045601873,0.9442743823315594,0.9447446830189818,0.9465320187822431,0.9498623969304745,0.947288817589534,0.9463406165332686,0.9428210554536561,0.9500904293349934,0.943642750374857,0.9500170920677483,0.9464252510428689,0.9488404642683124,0.9458094167935938,0.9477685185942624,0.9459017237329838,0.9456253484083037,0.944747977469996,0.948602172373764,0.9462701474929635,0.945219791305206,0.9501313555214503,0.9428055815911681,0.947627015317777,0.9468904392340467,0.9443397852735902,0.9487404423314632,0.9480184377826626,0.9442514524037039,0.946640580571594,0.9492953506405138,0.9432277424273134,0.9465322865229346,0.9429264210494828,0.9453683967094777,0.9503251602828778,0.9481632006342238,0.9469239625137812,0.9507199667874827,0.9431678886184751,0.9464850584179965,0.9469929915472945,0.9450955731711068,0.9476381070467937,0.9482620569286199,0.9469541998921214,0.9447479751009078,0.9453914988110672,0.9491737520364153,0.9494437957942198,0.9435744702127772,0.9440706551409271,0.949099022146419,0.944274240355036,0.9487563902455867,0.9474813742250782,0.9442111863098767,0.9468191290788806,0.9488250463497486,0.9482039415602046,0.9490276322366286,0.9435856523903413,0.9477040175910487,0.9445709233932273,0.945671716794422,0.9464370494657797,0.9493025345875747,0.9466682061261522,0.0021805764355236575,127
454.80548843383787,166.6964221540399,2.2245707941055297,2.2163560415986834,0.014571905849303018,12,0.33503216233857,2,4168,0.6737982711417441,"{'learning_rate': 0.014571905849303018, 'max_depth': 12, 'max_features': 0.33503216233857, 'min_samples_split': 2, 'n_estimators': 4168, 'subsample': 0.6737982711417441}",0.9530572303826659,0.9495907932844079,0.9464255127040171,0.9508683979894031,0.9490243143197461,0.9451812858628089,0.9524581590628722,0.9499070452636722,0.9518916427858735,0.9501547013522058,0.9523721231089288,0.9507686338687604,0.9495753465934814,0.9500833892356728,0.9495645109311638,0.9502774752132154,0.9465205407541136,0.9506866940204788,0.9522569942188772,0.9525937949997368,0.9508367094385822,0.9508717416692265,0.9485072755392878,0.9485290945020927,0.9497000702710421,0.9508739573954843,0.9491170696941968,0.9469175430443182,0.9527335275137658,0.9514759821933259,0.9509658480813702,0.9491597669909969,0.9487856192235565,0.9541915505427544,0.9478437395742219,0.9472277320945994,0.9502860458137309,0.9527141454175587,0.9515431420849798,0.9494350312062214,0.9469549685786929,0.9525652383363519,0.947316729801056,0.9533145050103701,0.950694936872295,0.9525291589129813,0.9492342401975787,0.9504546512310135,0.949441697462129,0.948501237089653,0.9488026606142278,0.951440975545482,0.9496043990652032,0.9495109748906021,0.9529150579872266,0.9466959670048227,0.9507578319515458,0.9516800481070739,0.9470734672289277,0.9517429628540098,0.9515523526700352,0.9476434200936268,0.9502014023273312,0.9520173983521618,0.9478421148398786,0.9492880407395446,0.9480321173214912,0.9486500831095278,0.952930323919287,0.9509287598986607,0.9505814423943065,0.9529600895009358,0.9464494119179713,0.9500968573641915,0.9501045939291881,0.9491838212772867,0.9513940766720268,0.951414101959038,0.9501186856124156,0.9476400608306557,0.9492209220259549,0.9522002810125956,0.9515472221417638,0.9475566110331082,0.9485908439974702,0.9532473510667565,0.9486505820322152,0.9523927524870751,0.9516807819121802,0.9472363133707772,0.9507484539362646,0.9527309307047854,0.9509546834035418,0.9514417151105018,0.9471539914485071,0.9507746706257983,0.9478789858495728,0.9503387088726433,0.9505515117665645,0.952575358796801,0.950127077133091,0.0019458453936811479,54
645.4310121846199,240.4046305582776,0.7799890017509461,0.8035951710566872,0.01811151984115001,6,0.730009964172333,2,4168,0.733381595886742,"{'learning_rate': 0.01811151984115001, 'max_depth': 6, 'max_features': 0.730009964172333, 'min_samples_split': 2, 'n_estimators': 4168, 'subsample': 0.733381595886742}",0.9522756316561483,0.9500184000735921,0.9465373236520589,0.9505190140243307,0.9490693392854584,0.9465875685927092,0.9534829128857809,0.948676495825229,0.9511821589477305,0.9496321249899754,0.9504148854373965,0.9515684588513377,0.9500142129994081,0.9498962118455523,0.9490707960891148,0.9497306435863302,0.94502336975543,0.9512571558048107,0.9517273756782498,0.9521896725865677,0.9499906353861184,0.9519552263697738,0.947710645624196,0.9489162045341488,0.9499429183511379,0.9498869805950959,0.9489354577742872,0.9464126712626559,0.9509678407387679,0.9515224004263607,0.9496323666947656,0.9492957487901378,0.9487940298182429,0.9534401272201835,0.9468841534435294,0.9472486506706929,0.9502561862336869,0.9527727091648246,0.9503058468112723,0.9483146997955288,0.9482002644178247,0.9518133743104904,0.9475991403338277,0.9520806371355321,0.9500036407692295,0.9509584699128039,0.9501306722215332,0.9499582937130109,0.9484268243374294,0.9484921694967863,0.9492315884909649,0.9507438484339485,0.9494065025420424,0.9497919964386762,0.9515877999895048,0.9480885777116413,0.9494665272294495,0.9504262193601688,0.9478502614428418,0.9522056612646577,0.9512310958849026,0.9464055404321523,0.9501547970449027,0.9517171857710016,0.9476201433347454,0.948431548314991,0.9478457744457232,0.9482447451175714,0.9526416963561964,0.9508023958769736,0.9503736179436298,0.9528811326541521,0.9465505007773231,0.9494678404273097,0.9501094769525622,0.9497017495924086,0.9496396011401584,0.9512518408341305,0.9497300758493576,0.9468132878575612,0.9499493005772496,0.9512889806005201,0.9508467533051141,0.947690875706767,0.9475553976247081,0.9513135682845884,0.9492806838265211,0.9504100743351858,0.9526122765649565,0.9462826873428153,0.9516221761695828,0.9522719420864554,0.9498216067640032,0.9502560758197987,0.945601377827373,0.9506350105494121,0.9476610722664571,0.9494684746789172,0.9508541627145873,0.9520330429503757,0.9497759130842813,0.0018328746696959048,61
1218.6619562387466,337.4954194370379,1.1502883863449096,1.1589523527200962,0.024451857832937164,9,0.885422313074065,2,4168,0.8468434481960752,"{'learning_rate': 0.024451857832937164, 'max_depth': 9, 'max_features': 0.885422313074065, 'min_samples_split': 2, 'n_estimators': 4168, 'subsample': 0.8468434481960752}",0.9551623720548269,0.9502149576936253,0.9475786423490123,0.9522848973745761,0.9501491258597983,0.9474065305728502,0.9537145093877057,0.9498908469791554,0.9529341172222372,0.9514188477852172,0.9535230061585681,0.9526367839063575,0.9511028394092312,0.9515618471781621,0.9515853798646483,0.9511168026834441,0.9482698582157435,0.9523597232284731,0.9525621723917529,0.9537767037818945,0.9526409068764755,0.9525399441195443,0.9508693546263229,0.9505209552943825,0.9516747685887839,0.9521493262541583,0.9501503388937871,0.9482796925621146,0.9525150570112407,0.9538648920204993,0.9516278873812752,0.9499980416771865,0.950235375105775,0.9560145665488933,0.9486538320334722,0.9495608557826806,0.9518676263666691,0.9545084344927051,0.9524414430330799,0.9506376587678826,0.9479821139836231,0.9547114733129878,0.949059915224649,0.9542069221885171,0.9511003781805003,0.9540964351820007,0.9514920039497489,0.9523068380351135,0.9501281294392455,0.9506357238885077,0.9491902355177895,0.953448687693806,0.9526132127083534,0.9501512043287345,0.9540028320834791,0.9479703026562868,0.9520175385831152,0.9505875088492649,0.9502845730527708,0.9537984597307408,0.9527874488245343,0.9496854450340094,0.9518314237033998,0.9531169291283094,0.9474789663935158,0.9501330479563559,0.9483381292984121,0.9499004559954138,0.9545409739758267,0.9527469791756532,0.9512749321748686,0.9556217757037355,0.9481309984077674,0.9510713198521737,0.9513674042379744,0.9504489832152444,0.9520860112560137,0.9529317959869545,0.9508659626369248,0.9496377423630727,0.9515113993197734,0.9535958426052289,0.9529409899539502,0.9495071306045534,0.9497218674747651,0.9534803024667654,0.9494122022229214,0.9527099714341508,0.953583348092554,0.9491094582401345,0.952861176567388,0.9531912175850841,0.952344075174064,0.9531000779848581,0.9482055564876466,0.9519537281762753,0.949557923680177,0.9512062157591028,0.9524293768440353,0.9541622204239132,0.9514836621654094,0.0019659646961844033,37
1035.1756546258925,303.83586968189877,1.4877984929084778,1.44829460713937,0.007450666443838127,9,0.8912789471378522,2,4168,0.7398333987787269,"{'learning_rate': 0.007450666443838127, 'max_depth': 9, 'max_features': 0.8912789471378522, 'min_samples_split': 2, 'n_estimators': 4168, 'subsample': 0.7398333987787269}",0.9537292512157645,0.9494631883412271,0.946030159835779,0.950468551253261,0.9497544593878178,0.9461817850798471,0.9528016724874312,0.9488720723703578,0.9518862150171081,0.9498244384732577,0.9521675845041828,0.9517640207011444,0.9498255646143413,0.9503791615567103,0.9502313186932415,0.9499874291445909,0.9463963320180562,0.9509689540734887,0.9517969268031469,0.952740591038006,0.9515056571572166,0.9506838586673274,0.9486639213065324,0.9489492045859714,0.9501237053187528,0.9503715663150992,0.9492044783889914,0.9469336000044545,0.9519511777814492,0.9523005380588135,0.9507049161820043,0.9490992413910583,0.9487464311402475,0.9542520772963662,0.947666683421929,0.9481784354504499,0.9506161059170338,0.9532994862171216,0.9508830535546546,0.9494139232924153,0.946854914267881,0.95358249019076,0.9478413478041574,0.9529585000159824,0.9498720585022661,0.9522426912849894,0.9499300079923626,0.9508517502148158,0.9489337353726635,0.9493136472570266,0.9483598350365804,0.9523907021164583,0.9505833791698272,0.9490903756072601,0.9524526535973643,0.947151475146093,0.9508997188805138,0.9498196437360173,0.9482962137035367,0.9521485214896663,0.9515534167996244,0.9479020666375834,0.95017080455657,0.9525866036631966,0.9465733000091024,0.9495069865606861,0.9471406625071013,0.9482764479359399,0.9535135302779847,0.9512773766620092,0.950815562125842,0.9539731746577285,0.9467857807713571,0.9501042768345966,0.9506793285490697,0.949062572658966,0.9504984999785275,0.9517201941428266,0.9492752200174012,0.9483643492843379,0.9496716274741798,0.9523019449787993,0.9512921388320896,0.9478724106168712,0.9478880556894789,0.9520614303553914,0.9486251954157519,0.9515365297684536,0.9517309872749727,0.94817442031932,0.9513244725725015,0.9527848424047239,0.9511533758613627,0.9512682822404381,0.9469170310492314,0.950744044665118,0.9484994165735173,0.9496276679127931,0.9508320294332324,0.952769003757578,0.9501924646126912,0.0019454248815342422,52
905.0611413955688,277.1354122347992,2.130979561805725,2.029022902610511,0.07971189763535122,12,0.5817422573446251,2,4168,0.6995322018780352,"{'learning_rate': 0.07971189763535122, 'max_depth': 12, 'max_features': 0.5817422573446251, 'min_samples_split': 2, 'n_estimators': 4168, 'subsample': 0.6995322018780352}",0.9489086109701116,0.9449512190329886,0.9416129925524676,0.9469766420237691,0.9439716467849746,0.9407790233027464,0.9471807203000954,0.9448093883980537,0.9477115756942691,0.9445755806289353,0.9481922391202903,0.9463688591217747,0.9448057991781185,0.9439979634393858,0.9453052555508337,0.9444603104252892,0.9422050460868658,0.9463126366190919,0.946674918678217,0.948609244975577,0.9452089427978579,0.9455773809779214,0.944651016068159,0.943703783652506,0.9451919857313313,0.9476746914326121,0.9448005010253954,0.9412806440464905,0.9479146842114958,0.9467599999745104,0.9465247409797306,0.9447022251840768,0.9446386394669399,0.9499836499395241,0.9436290391373023,0.9425616750419014,0.9465246694171712,0.94950653416809,0.944806862279763,0.9453198904711675,0.9413713866117083,0.9490830529510053,0.9422116741103536,0.9502897047957871,0.9465533319284081,0.9483327068416805,0.9450956905010743,0.9473832171274087,0.9450540813103732,0.944088000334706,0.9436899472681965,0.947393881248412,0.9455140756285026,0.9436178610909157,0.9491854799829652,0.9405345321108834,0.9460516682505011,0.9463994095810953,0.9424676772882173,0.9472259783832865,0.9457925480448658,0.9434589359007112,0.9460154535812935,0.9477370301365025,0.9426703502981523,0.9443804065709702,0.942457206235293,0.9435915853546609,0.9499515874018994,0.947458623916777,0.9458692971023371,0.9489342679558841,0.9420559754815934,0.9461754024537486,0.9464244507743714,0.943458137953864,0.9465873628217719,0.9478078536024186,0.9457669261681284,0.9434137731824535,0.945415111083297,0.9482396936905747,0.9474805209388714,0.9418476110877737,0.9424678601317656,0.9483050459672622,0.9439180653805842,0.9469200847992614,0.9462393535328012,0.9430468902025434,0.9455799244779783,0.9483718339992567,0.9473230247995734,0.9479331932105911,0.9416322824191321,0.9464407257646785,0.9431352712861784,0.9461141630388828,0.9452390783915502,0.9471738797397058,0.9455374537511325,0.002269946613237481,139
1245.3777886223793,337.3240342211726,1.1255974936485291,1.150418805820957,0.022064956656423867,10,0.8042041362069554,2,4168,0.8535438211675037,"{'learning_rate': 0.022064956656423867, 'max_depth': 10, 'max_features': 0.8042041362069554, 'min_samples_split': 2, 'n_estimators': 4168, 'subsample': 0.8535438211675037}",0.9538681104294423,0.9489497535094978,0.9460980951997617,0.9509527471199388,0.9491340331443393,0.9458830258861867,0.952936308278437,0.9492795020832517,0.9517841474996604,0.9503526139976224,0.9525907329393989,0.9516609158864375,0.9503038718351812,0.9508036048831173,0.9504661625524853,0.9496897506889863,0.9469031685854215,0.9512744844542831,0.9514697834581284,0.953605102539187,0.9511692393780967,0.9511037228944789,0.949220399690322,0.9494336914579846,0.9511853364776456,0.9511652510761553,0.9495144992545141,0.9467660846462808,0.9528232496981787,0.9526649390320876,0.950555933747899,0.9493914460922793,0.9488789588257239,0.9550375195928253,0.9483797132831956,0.9476202460811896,0.9505718334051313,0.9532400102946199,0.9507325982183932,0.9502182887393515,0.9467590390801872,0.9538135419033895,0.9473325109100619,0.9532961156632417,0.9507231228096451,0.9521956371088709,0.9504596058757266,0.951492606659999,0.9498203511817356,0.9492955394603827,0.949362496184711,0.9525116135001979,0.9505052980820314,0.9496396733872522,0.9532867761229888,0.9471352520209276,0.9515187946827134,0.9502246495959266,0.9485718716653709,0.95251467405263,0.9512200844158609,0.9484680201175212,0.9509527323145953,0.9532754905751806,0.9469197076113613,0.9500335404075957,0.9475634392656987,0.9487146171651015,0.9540209910076529,0.9515230080428948,0.9506856647807467,0.9545204706833186,0.9471596704795737,0.9505373440747638,0.9507502394120593,0.9493511814669515,0.9511473337597599,0.9520628271267659,0.9500216232548255,0.9483252783040031,0.95005996194061,0.9525595507016661,0.952374016059072,0.9477766222438836,0.9484467992243236,0.9523569675403919,0.948863106931001,0.9519198830666932,0.9522169348253148,0.94824568995089,0.950892691661986,0.9526053470455716,0.9520374784163774,0.9517113933603268,0.9469586672455342,0.9508246218462819,0.9490316594451378,0.9496759463781373,0.9508558971645135,0.9528398910859943,0.9504764443720505,0.002014768015366556,47
556.8383999180794,185.5848765632918,1.0727644848823548,1.1024999389277788,0.06590153608896254,9,0.43662205597382386,2,4168,0.835947868716513,"{'learning_rate': 0.06590153608896254, 'max_depth': 9, 'max_features': 0.43662205597382386, 'min_samples_split': 2, 'n_estimators': 4168, 'subsample': 0.835947868716513}",0.953962499662915,0.9515376942828656,0.9496337826370905,0.9528644384650321,0.9512212480242808,0.9481319011129183,0.9537963587346754,0.9515667128669836,0.9534417262947352,0.9512359477489891,0.9540011676861142,0.9535936887756656,0.9517504746844967,0.9521007865145231,0.9512532021362008,0.9515887728949518,0.9470438883640387,0.9529250152850774,0.954011290146631,0.9538534022249742,0.9528422560246648,0.9534906351099888,0.9508426933889661,0.9513815697791141,0.9521233423549441,0.9511448469484793,0.9511765065092446,0.9488953500509953,0.9539583739188858,0.954378214852398,0.9520512117849407,0.9513206236206936,0.9498780965478928,0.9564627818464707,0.9494184484925442,0.9489831892945692,0.9522731740797221,0.953999550574003,0.9530600357989409,0.9508215217083829,0.9489590253588142,0.9557070884220203,0.9491272575191911,0.9546539157225363,0.9518201927266245,0.9537471850033445,0.9502639458009957,0.9513512521515923,0.9507468537932131,0.9505692479284342,0.9505066747720295,0.9536336331610394,0.9525629988022463,0.9518902012361415,0.9545900536204889,0.9482822261908043,0.9521259150225586,0.9526361859246468,0.9502733680013276,0.9533744906293634,0.9532983447189244,0.9490131760717271,0.9524465036587819,0.9538321680460774,0.949267771142245,0.9503654932332969,0.949997044835238,0.9501903143848108,0.954738968830059,0.9526860303591129,0.9523120490463561,0.9560278684926046,0.948624285780947,0.9515570293174005,0.952326470581309,0.9502323213006766,0.9512956119640776,0.9526049284280668,0.9519657206017726,0.9499230554518187,0.9527091101390681,0.9536574051247076,0.953097189844861,0.9500731299688231,0.9491347443942109,0.9538074477055344,0.9497439356871916,0.9533800550313069,0.9544315133588033,0.9492129980946906,0.9525806259391868,0.9549291395285804,0.9518568869366788,0.9527329754360421,0.9482230927400527,0.9517201383611773,0.9495658987587138,0.9526476017872442,0.9526913720073669,0.952982352157411,0.9518672090226336,0.001924195812434716,23
322.7047968888283,146.39753730480152,1.0760458731651306,1.0862259731627548,0.0220164181334109,7,0.4414855848403797,2,4168,0.6048221246088148,"{'learning_rate': 0.0220164181334109, 'max_depth': 7, 'max_features': 0.4414855848403797, 'min_samples_split': 2, 'n_estimators': 4168, 'subsample': 0.6048221246088148}",0.9556355759405968,0.9525705521228337,0.9497567853314539,0.9537560920954624,0.952388939338977,0.949424109850401,0.9554065807360291,0.9519099383772431,0.9545232927601552,0.9526070482223217,0.9541567427085949,0.954798685884497,0.9533383024323697,0.9531930910118616,0.9515639301799753,0.9535771673233161,0.9488344564518897,0.9541229946699272,0.9550578518126408,0.9551482114101801,0.9528301682313831,0.9542951901270691,0.9515616045682758,0.9526239314245216,0.9528218087432448,0.9538305028757719,0.9520002969082734,0.9504550423584204,0.9544856246821476,0.954178836929283,0.9526931251739867,0.9525892825585062,0.9508709494949467,0.9569082124806163,0.9502511929849041,0.9499867512431845,0.9540246220011787,0.9560849358522503,0.9537971814416961,0.9516901077416435,0.951314489253547,0.9556115829366538,0.9510136592845666,0.9555663388195382,0.9526052968892006,0.9550864511860415,0.9530451621261106,0.9525828183382229,0.9515705994781622,0.9516858933602201,0.9519242167522091,0.9545641822954697,0.9528698837470944,0.9532099612386431,0.9552126727868802,0.9507422596044333,0.9529387122582441,0.9541793799794771,0.9506555195068424,0.9553841364749184,0.9544834757378786,0.9505233268814997,0.9532393894325947,0.9545256667579904,0.9502253194988357,0.9518176738395037,0.9513712610719457,0.9509462114625166,0.9554951063610005,0.9544473698553221,0.9542472312962853,0.9544913468612558,0.9501483938794094,0.9531630427898927,0.9535771381197272,0.9532121341139482,0.9532447783487801,0.9543411924402919,0.9526366460467324,0.9501021526935759,0.952956970560055,0.9545595793153717,0.9542869022530039,0.9506922641860098,0.9503967412349161,0.955283559632946,0.9517877852964716,0.9541168923471821,0.9548253350226297,0.949974261826961,0.9547481278386688,0.9554978887122862,0.9532144590742991,0.953717229268293,0.949125729387361,0.9532093901536152,0.9509549320560498,0.9529672549500483,0.95414706262338,0.9546722883994028,0.9529888644442646,0.0017976413839347642,5
1600.3801648473739,321.26307050206503,1.6243564796447754,1.635968940446764,0.025047557393561622,12,0.8813909601918843,2,4168,0.8610793298222768,"{'learning_rate': 0.025047557393561622, 'max_depth': 12, 'max_features': 0.8813909601918843, 'min_samples_split': 2, 'n_estimators': 4168, 'subsample': 0.8610793298222768}",0.9499188230645091,0.9444760530825534,0.941895484851923,0.9458358039892768,0.9445156718292035,0.9408634433148277,0.9474718005592493,0.9446491664604414,0.9471517774446978,0.9450367934293253,0.9490944230120615,0.9467801167523036,0.9452122893358597,0.9461080545980379,0.9456158553414274,0.9445481106268933,0.9432678174058099,0.9469488482988739,0.94726823291698,0.9489982340062146,0.9467713487176803,0.9452484566808864,0.9446460692168878,0.9446602500601857,0.9465332143924966,0.9468628718501272,0.9442255095807799,0.942523300805027,0.9476292711468517,0.9476338734041753,0.9463017893383211,0.9448057694560418,0.9438993116218972,0.9511292353609181,0.9429925494493157,0.9446448093229568,0.9462142452103096,0.9494928767320584,0.9456974571513793,0.9455793905979245,0.941709563311971,0.9492353022735572,0.942718842510673,0.9486815699159867,0.9443910308897622,0.9478480049194672,0.9448527985719771,0.9472766178275419,0.9447254622676783,0.9453066181695586,0.9435060877516939,0.9476161316726887,0.9458166625939196,0.9443858554315184,0.9495666176044572,0.9419131587171369,0.9467533286202361,0.9450100283580484,0.943059545395539,0.948578286957598,0.9474511185458876,0.9432137891327992,0.9458416773972099,0.948654947461353,0.9421035894778587,0.9456565596232067,0.9429429992190225,0.944473187691737,0.949873766727727,0.947553355240379,0.9456520532871275,0.9502197674379484,0.9416466326321964,0.9457185534018018,0.9462416554293159,0.9439650129432672,0.9469065531917473,0.9472107241674637,0.9450424880085793,0.943601629634544,0.9454256010909562,0.9488427123045654,0.9481393493292737,0.9434611297630988,0.943759534564566,0.9481665971916241,0.9432673196160185,0.9480732675567538,0.9465178672126642,0.9431360164197494,0.9459885442707789,0.9478446239432469,0.9475243052181548,0.9483115170570725,0.9420452329771746,0.9467192519475564,0.9437443802565151,0.9452872602620257,0.9460648711821168,0.9488356040973723,0.9458122496109014,0.0022298747747957425,136
870.4335587215423,238.6148631497379,1.4896626353263855,1.5300308555934252,0.0965879569053994,11,0.4613387362619372,2,4168,0.854442074247118,"{'learning_rate': 0.0965879569053994, 'max_depth': 11, 'max_features': 0.4613387362619372, 'min_samples_split': 2, 'n_estimators': 4168, 'subsample': 0.854442074247118}",0.9500860741195544,0.9464063732107443,0.9447379955039791,0.947994007094875,0.944906041285473,0.9408433855777124,0.9490267449000865,0.9457055395932541,0.9485745043416263,0.9468675425293648,0.9482019121977706,0.948412066814885,0.9466165409043088,0.9462608299060236,0.9458809013895889,0.9468085651667859,0.9419196533610065,0.9472700569148025,0.9490680812863797,0.9485628016171708,0.9471637199301155,0.9465818309061225,0.9442864643422861,0.9455548030323553,0.9471759741140473,0.9478641957293505,0.9441409460591356,0.9443396251593257,0.9491066076903132,0.9482445163755271,0.9478425134519529,0.9452667630465479,0.9443314739507123,0.9516454066381451,0.9439422917995388,0.9444667653831649,0.9467626154553165,0.9491823334008004,0.9471237819372385,0.946104443703444,0.9445250889431176,0.9499472708831842,0.9436479391547453,0.9492097842318845,0.9465170468390731,0.947841927419245,0.946331041879073,0.946386621398839,0.9463140857707806,0.945296761561464,0.945112058395925,0.9495172926380118,0.9456472328716321,0.9445411264724416,0.9494858127201056,0.9437397481635177,0.9474388751604176,0.947388994770375,0.9443501601277702,0.9475678106060192,0.9473639642997255,0.9442785327422424,0.947535570044742,0.9478204670622381,0.9417431549214771,0.9467986647654126,0.9430462528743878,0.9443605012677164,0.9494384596245151,0.9467073426800441,0.9471841369260803,0.94972986873238,0.9421442713369083,0.9472664029036476,0.9471873580632032,0.9451749697180515,0.9476712593553778,0.9469691158914143,0.9462327293242887,0.9441666250842176,0.9448280663610323,0.9487070000351308,0.9494596433441986,0.9442240701622511,0.944644636753616,0.9487398252714094,0.9447966211094061,0.9486651865415096,0.9475207255863951,0.9448850666598417,0.9482637117413845,0.9495347292891057,0.9482645609234694,0.947906340255361,0.9413158684821837,0.9476429800906175,0.9439004673917033,0.9456090222370904,0.9461942186965396,0.9482543190955007,0.9465226007747427,0.00212896243891306,130
477.0258407640457,180.10653490665047,1.0144211554527283,1.0597508665527102,0.08846151865692825,8,0.5047377130664709,2,4168,0.6444622861050796,"{'learning_rate': 0.08846151865692825, 'max_depth': 8, 'max_features': 0.5047377130664709, 'min_samples_split': 2, 'n_estimators': 4168, 'subsample': 0.6444622861050796}",0.9536142504271566,0.9493084288971017,0.9481821493267618,0.9512974342029032,0.9489113739893752,0.9476737724804297,0.9527913915644975,0.949514679410037,0.9529350767522682,0.9514319470300273,0.9521451101620104,0.9507408943604604,0.9501437426140579,0.9492848950063822,0.9501603570511741,0.9516835820298541,0.9469902489330662,0.9511520933370509,0.9532555038945325,0.9529234363893756,0.9519508066174093,0.9523853928640829,0.9477562180529663,0.9498425557849732,0.9506772780864973,0.9505299936981343,0.9494908196113551,0.9467986466057525,0.9527589391855522,0.9531036351074362,0.9515775870991742,0.951057712497727,0.9486403989084389,0.9549839555349076,0.9481744450882859,0.948520459679292,0.9513170410801253,0.9536874736116498,0.951275389808603,0.9503375160444478,0.9488767063043796,0.9538235639643364,0.9492010982295279,0.9544357660023469,0.9509986091134252,0.9526738517802462,0.9510591038445135,0.9497960578703691,0.9498318863679097,0.9500232873307086,0.949183634563747,0.9517528733773384,0.9506682724361946,0.9509425376871355,0.9533441262310908,0.9482167268330632,0.9507335008864186,0.9519805200329149,0.9478911637946618,0.9520055091756355,0.9525262313051591,0.9483900330062189,0.9501877168794852,0.9527068671206761,0.9482747684256803,0.9496481274971258,0.9478037236208326,0.9491626482115662,0.9532012383504243,0.9513674512203303,0.9503579440327351,0.9528996478745854,0.947566585922539,0.9519261552583552,0.9512418489530478,0.9500502849841662,0.9513147950677997,0.9514876924410365,0.9506028143242616,0.9472929784839182,0.9503587088926534,0.9514396141336783,0.9518392128394209,0.9479890300786561,0.948831878107368,0.9520941993984774,0.9493868997285784,0.9517233885115212,0.9524649586207276,0.9489185300004263,0.951735311019202,0.9535389660361853,0.950819439636598,0.9519595218773782,0.9469259767699395,0.950681677472564,0.9492031072031668,0.9515377284898094,0.9518171558755524,0.952279923722031,0.9507000021004517,0.001850904439016188,44
1357.018988442421,322.5740789387936,2.065214614868164,2.091809779007863,0.003362102626007117,11,0.8750565330562627,2,4168,0.8216755337420458,"{'learning_rate': 0.003362102626007117, 'max_depth': 11, 'max_features': 0.8750565330562627, 'min_samples_split': 2, 'n_estimators': 4168, 'subsample': 0.8216755337420458}",0.9504161289623909,0.9452276010734935,0.9418784587276107,0.9467054474671684,0.9454446628649635,0.9413025604132617,0.9487986976187248,0.9454202071166525,0.947858849239603,0.94606757628714,0.9491591068574504,0.9473089323403221,0.9456043706383452,0.9460222928957397,0.9466668204478796,0.9456821986360824,0.9427348807469037,0.9475159929972258,0.9476374203575839,0.9490926137502919,0.9472885356846042,0.9459428691075062,0.9451057993234657,0.9450775933812401,0.9465705584323159,0.9471595324048786,0.9448593293897892,0.9424693421858534,0.9484005598479291,0.9485295966682434,0.9463975437026879,0.9451017373544827,0.9447141808840505,0.9509322973362831,0.9435441837427472,0.9442737140049702,0.9462747326981918,0.9498136347863511,0.9466222055078045,0.9458782740011594,0.9425091757931349,0.9499487491216638,0.9434022569325491,0.9495756294505266,0.9453667649755267,0.9481296273644673,0.9458922843813936,0.9477293144784691,0.9455716908069502,0.9453773101698795,0.9441282133380035,0.948271881713154,0.9460497953287624,0.9448769924484708,0.9495917153440734,0.9424334347072971,0.9470755963282133,0.9459212274663832,0.943833900996133,0.948811108383886,0.9479468306931673,0.9440776722385084,0.9458683283258493,0.948834350680106,0.9426990979495069,0.9460724451942092,0.942901696845604,0.9447795354668436,0.9499895427910574,0.9478367423669493,0.9465796495931116,0.9505895079451727,0.9425931135753145,0.9462350683673891,0.9463343076598837,0.9449781776245028,0.946894297014311,0.9478178031665152,0.9458918457717738,0.9442308996196721,0.9456498707988246,0.949067280339157,0.9484557451112302,0.9437200434942159,0.9440683121308594,0.9484982083727018,0.9443304911109792,0.9483493028434006,0.9471511490498579,0.9436389530428045,0.9467423869879217,0.9478082823165734,0.9478848937428511,0.9482596101968952,0.94309569990165,0.9471052492480625,0.9443921772787116,0.9455543019239544,0.9463100482290755,0.9488075659153498,0.9462803819433685,0.0021574552568648145,134
490.44691530227664,205.61025636607204,0.6854427027702331,0.6913450307792978,0.11667952049666686,5,0.743730469582262,2,4168,0.6200136858032161,"{'learning_rate': 0.11667952049666686, 'max_depth': 5, 'max_features': 0.743730469582262, 'min_samples_split': 2, 'n_estimators': 4168, 'subsample': 0.6200136858032161}",0.9498547822209709,0.948072757959588,0.9449168232207835,0.9474343795328684,0.9466878586029626,0.9453706724512052,0.9511875118876745,0.9461999488586346,0.9482594363547568,0.9482055251284076,0.9487853189446395,0.9497572709239355,0.949177915674845,0.9487113287519349,0.9464105088512942,0.948101156276408,0.9438904902258726,0.9487556453749314,0.9497046428584441,0.950217962390127,0.9476165018604792,0.9491171007864736,0.9472218619391489,0.9486184215284192,0.948752016527725,0.9482311331686852,0.9478670662037376,0.9453625764872178,0.9498585870155283,0.9502171735311007,0.9464698076648785,0.9474770071699808,0.9463962252340051,0.9516564110436341,0.9456350355283311,0.9462309485001552,0.9496498586673887,0.9512505325800159,0.9482633393352428,0.9478198949339889,0.9472909623717131,0.9490687276773575,0.9458143688735579,0.9497005879062442,0.9485341613939775,0.950456913689846,0.9484025649163245,0.9477383297430532,0.9459353603785703,0.9456110026805769,0.9480864437125003,0.9495724321126883,0.94671350362797,0.9483621449570063,0.9497158834825307,0.9470967496599274,0.9474699004987976,0.9502281817124127,0.9448725423089397,0.9504157319670187,0.9494696602680994,0.9454205485679477,0.9477973713532689,0.949021663680039,0.9459875416694083,0.9470101976185318,0.9464647453745058,0.946514182100211,0.950561496357141,0.9499649104284265,0.947612170496598,0.9503265899723742,0.946467750486528,0.9489175902699625,0.9485366428221932,0.9491837870872724,0.9460803985734756,0.9498322251511373,0.9488525599938497,0.945289045833404,0.9485839363012847,0.9502340227576439,0.9501045167899809,0.9464350984470024,0.9470658204330694,0.9497962989889748,0.947879200953725,0.9494133203767943,0.950846111604535,0.9452049714398579,0.9503645336764408,0.9517202244774956,0.9482606379824962,0.9485209939831241,0.9447270907439422,0.9478206685609565,0.9452443024575394,0.948621294298683,0.9482403007822714,0.9485733801088315,0.9481146773313647,0.0017602565292368021,102
1192.3560791373252,297.6672016260039,0.9193260645866395,0.9423999721542258,0.02841217831524539,8,0.9029246761915235,2,4168,0.906996666315752,"{'learning_rate': 0.02841217831524539, 'max_depth': 8, 'max_features': 0.9029246761915235, 'min_samples_split': 2, 'n_estimators': 4168, 'subsample': 0.906996666315752}",0.955255843654228,0.950938702392408,0.947428594218796,0.9528396133832545,0.9509206932788572,0.9482690986821004,0.9543665181272926,0.9500777408211372,0.9530805398390811,0.9519736714525706,0.9529200720742637,0.9536887704725674,0.9515034801670148,0.9520152315708269,0.9513702812846196,0.9521858233795002,0.9480867476032886,0.9530334731326134,0.9533776433399638,0.9544017810231991,0.9530585623841795,0.9529606332775128,0.9508565388299474,0.9505782130765015,0.9521575736134121,0.9526029059789449,0.9508839571250363,0.9491446139170411,0.9530967005893611,0.9539572347796607,0.9520757342152409,0.9505169566866016,0.9507775543856462,0.9554405304393042,0.9494849189416237,0.9492345858142013,0.9519649852124391,0.9547284168924821,0.9519984468143415,0.9501567584264103,0.948919565244181,0.9545464219723498,0.9495781611475331,0.9544687953633318,0.951067187744954,0.9533497178207514,0.9517666704481845,0.9518414630982743,0.9498298089891216,0.9511836154117845,0.9504478700741655,0.9530245685240467,0.9523616564314002,0.9502370004662406,0.9539407423789474,0.948920171833192,0.9526257461564597,0.9508792725026131,0.9501400323752957,0.9533314919052451,0.9535847606364236,0.9495202511815025,0.952363762227801,0.9541166677319909,0.9486178169538338,0.9511104352395873,0.949517928642857,0.9493603345415709,0.9550370424641332,0.9529354067616485,0.9518483684170023,0.9552673626919745,0.9487602913733928,0.9514850154773534,0.9517737371878877,0.9507356574927881,0.9523975683338064,0.953128779391441,0.9517642490437485,0.9493448694251141,0.9515596657492521,0.9539693974412667,0.952935053704511,0.9493661366059402,0.9493882806895838,0.9529279928062842,0.9502839917327244,0.9536357013424608,0.9534752306915838,0.9498593777885348,0.953610984186316,0.95364688947833,0.9519812381804164,0.9528738831260444,0.948928750669063,0.9519201279702519,0.9494550276399129,0.9508295413817797,0.9524184543254596,0.954037737417072,0.9517564386932817,0.0018569714078098844,31
452.0246427249908,166.85573093308207,0.7224036884307862,0.734118811375678,0.011524353055160108,5,0.4696186449797698,2,4168,0.9370686736576764,"{'learning_rate': 0.011524353055160108, 'max_depth': 5, 'max_features': 0.4696186449797698, 'min_samples_split': 2, 'n_estimators': 4168, 'subsample': 0.9370686736576764}",0.9420804216603154,0.9412319996070383,0.9358385987802476,0.9409235355035831,0.939619565291711,0.9355981882238221,0.9438610379203874,0.9394302490714492,0.9419333945933739,0.9398258173892753,0.940628536229702,0.9417585164917204,0.9398258921668006,0.9397769582651481,0.9387240346852618,0.9400477924803239,0.9344420238783282,0.9413939265558017,0.9422688651735464,0.942869095348948,0.9399299466521485,0.9415230741962302,0.9382574221301168,0.9394074035750454,0.9401256073911838,0.9404965236674996,0.9401870538982888,0.9350486605633848,0.9424657785276509,0.9409194928805134,0.9400258457067356,0.939149355323916,0.9385839126535328,0.9446422533219738,0.9365148460507284,0.937910395499597,0.940794969791205,0.9439330050271992,0.9414353390331892,0.9383866727182506,0.9388328302384311,0.9419947917403724,0.9373414381488264,0.942403075179666,0.9397056738081419,0.9419038283501866,0.9397094256446219,0.939752533707751,0.9384913797639504,0.9376409020685944,0.9390335043402991,0.9414763889953339,0.9382392914524148,0.9393794387425946,0.9419593391287501,0.9378450134662893,0.9393521443962887,0.9419775440665524,0.9377586984732266,0.9426033575109587,0.9424794068793804,0.9372831124132386,0.9397124231149037,0.9418939379196786,0.9381532635790781,0.939937882805675,0.9388354693860598,0.937687957764416,0.9425186004019301,0.9420371078822888,0.9416036857980506,0.9429232522194274,0.9361744281781859,0.9397492878226292,0.9406738379974747,0.9399063183437036,0.9402253942428354,0.9427360770127345,0.9391495231105131,0.9370312077395225,0.9399640061181647,0.9414951380798331,0.9412776755161478,0.9379306573427529,0.9381740242362634,0.9409314258696758,0.939911715493193,0.9417786049031683,0.9430912624321749,0.9361865942911107,0.9422896255303577,0.9425576765977879,0.9397744751550944,0.9408225413108451,0.9357277665543433,0.9405936575318395,0.9367166360366488,0.9398548156303452,0.9422917523601458,0.9423229947359337,0.9400362182748596,0.00211487248684159,163
658.2725422954559,246.20502917211962,0.9131076407432556,0.9495768615829151,0.2620445808292873,9,0.6174587045408059,2,4168,0.8376303859582612,"{'learning_rate': 0.2620445808292873, 'max_depth': 9, 'max_features': 0.6174587045408059, 'min_samples_split': 2, 'n_estimators': 4168, 'subsample': 0.8376303859582612}",0.9417181074012504,0.9405950741916217,0.9372324545403032,0.9394148859216132,0.9389908742155868,0.9372851175168744,0.9435596881091414,0.9372278926291643,0.9412463103034591,0.9367218932115349,0.9392793970154649,0.941564014762927,0.9396532526453767,0.9383191952029324,0.9398316958010259,0.9405334698508122,0.9344602603532783,0.9404454047103536,0.944554266340845,0.9440462594213779,0.9403351631091585,0.9408108939837552,0.940075563852392,0.9404459203323959,0.9401834231972812,0.9423806744929127,0.940257436086504,0.9339850736151327,0.9413247386296566,0.9427335718559974,0.9384798131635156,0.9389941440875532,0.9380378977801554,0.9446967513725593,0.9378916080320348,0.9367781206288732,0.9402616727348436,0.9429087969082667,0.9401859179332114,0.9368143272161429,0.9376624561197382,0.9421670648506495,0.9384213334315273,0.9414148934391474,0.9363365124630328,0.9426166794422184,0.9393516500111525,0.9385933583212105,0.9384082972933623,0.9407299728655178,0.9392384379826152,0.942897633775251,0.9398195586071058,0.9398815474416253,0.9407187045173621,0.9343253661864082,0.940093967754252,0.9409261393935758,0.9385940517096447,0.9410715894905891,0.9397439980364457,0.9359711603453212,0.9401574375418157,0.9440413009652182,0.9361202477501379,0.9369391773670904,0.9388942917901124,0.938190373829802,0.9428999343249369,0.9407550876029221,0.9385136155800621,0.9394829962241226,0.9359014144370443,0.9406671991229819,0.9402147623070657,0.9377679991530384,0.9385820434236153,0.9385702135612016,0.9382462885327121,0.9352565096856541,0.9387780961528325,0.9401541727997312,0.9426540667621989,0.9369212849297414,0.9373791781586898,0.9431052707825849,0.9381615150554845,0.9395916073902825,0.9409747156249436,0.9385883883243642,0.9426166783095722,0.9429614566965165,0.9402274239124787,0.9407220114769831,0.9367106672134486,0.9408477220221028,0.9387726761135469,0.9382072729468388,0.9383764469919937,0.9422158089816,0.9396241275048051,0.002279153174347147,166
1169.975607943535,327.64366796314476,0.9900862622261047,1.0179824238938833,0.026390412137601137,9,0.8282362056368054,2,4168,0.8001830737619373,"{'learning_rate': 0.026390412137601137, 'max_depth': 9, 'max_features': 0.8282362056368054, 'min_samples_split': 2, 'n_estimators': 4168, 'subsample': 0.8001830737619373}",0.9551708272880216,0.950782374033868,0.9474230430708369,0.952318575705997,0.9504983446985817,0.9482159079990891,0.9542679156313344,0.9501527262305508,0.9530893471127838,0.9515048443810381,0.9536299426630006,0.9532881572621936,0.9513494529870778,0.951879192598305,0.951040079990331,0.9515931579302781,0.9478404483560895,0.9521833581842511,0.9531462544593159,0.9545521858330935,0.9533428311761923,0.9529986373654333,0.9508592747059527,0.950758139075448,0.951093266628281,0.9518911212888612,0.950404828808101,0.948732742775237,0.95368174903494,0.9538853072242012,0.9523433517690653,0.9504471127105256,0.9513179311162123,0.9556801376009626,0.9493273764220639,0.9500454480718832,0.9521131181521713,0.9548978450278353,0.9515109589022768,0.9504299665240888,0.9487795822607678,0.9548990066310494,0.9490897071820983,0.9544746549927418,0.9514022550024774,0.9537895576343938,0.9514821232617491,0.9528191544449863,0.950742882768492,0.9507374990938939,0.9496990060148092,0.9537365869824702,0.9514012659886061,0.9507004164037833,0.9547067774997144,0.94920362348445,0.9524412924910173,0.950999364618653,0.9500369818942888,0.9533825085122591,0.9532900802302842,0.9496844884693801,0.951501331241399,0.9531481118209553,0.9477239276490349,0.9509152142396291,0.9486316785531893,0.9500462150637039,0.9553814467693715,0.9532085803917915,0.9521136059177582,0.955422364256577,0.9484275265965031,0.9516977182203412,0.9517851521766165,0.950765940371282,0.9520026841053716,0.9531556936205313,0.9512429610482789,0.9498191774362688,0.9516778071509483,0.9534802618350963,0.9536008774055417,0.9490703440266436,0.9493265393076722,0.9536112334943525,0.9504780676624557,0.9532710295381277,0.9534785536268962,0.9492830564781727,0.9523226262331589,0.9540515608883688,0.9524507092015562,0.9523708689577354,0.9485330273224143,0.95178723518771,0.9497891748935734,0.9514274869060875,0.9525540421594634,0.9545776527102267,0.9517131758112294,0.0019355194390651607,32
860.7587833952904,260.46795420292773,1.0333254790306092,1.0456556514055881,0.0021419154051415027,6,0.8360019806405143,2,4168,0.8673162069059576,"{'learning_rate': 0.0021419154051415027, 'max_depth': 6, 'max_features': 0.8360019806405143, 'min_samples_split': 2, 'n_estimators': 4168, 'subsample': 0.8673162069059576}",0.9265351108139063,0.9250423721651307,0.9189640050466188,0.9236729552230217,0.9230058625319895,0.9171665041220741,0.9280588861110103,0.9233042345109457,0.9267523916705585,0.9231533972421475,0.9259693307502658,0.9254272409840062,0.9216466377509683,0.9226239992941773,0.9224912351317467,0.9216776589856288,0.9191337705422447,0.9247871399373283,0.9256494771039461,0.926366901460784,0.9235133291151795,0.9242233719687837,0.9210526958850588,0.9232301338533868,0.9243927559220809,0.9255104213520733,0.9229017776514014,0.9185825691313234,0.9260762615595156,0.9252725053826686,0.924945430500056,0.9219169767294715,0.9215594087845719,0.9296063076227135,0.9194271436145631,0.9200308969901914,0.9242946264890662,0.9273922731803316,0.9247051415058639,0.9224272765043313,0.9216302977174083,0.9265134264604982,0.9200231944487635,0.9262566384110316,0.9234910830543337,0.9272678225484983,0.9226543143195809,0.9233010293791539,0.9218075694193621,0.9215376122605491,0.9222411214375847,0.9247048767094028,0.9224505149946064,0.9220426815065085,0.9275771788165849,0.9203293333395213,0.923103701370295,0.9267258175514039,0.9206303845262301,0.9261786827417504,0.9264155821888833,0.9203636606956342,0.9230019620693944,0.9270392762426598,0.9197757026990525,0.9230910572468192,0.9218477716358051,0.9223038128915435,0.9249331174519335,0.9240129951957524,0.9249005577011883,0.9273139488975024,0.9190251864975248,0.9212624835638636,0.9241613198149881,0.9221649394462881,0.9258537112827022,0.9264558623383993,0.9219685156599202,0.9204360461356386,0.9229032091134776,0.9258114416392945,0.924797425435061,0.9222007635887831,0.9221966865958529,0.9243063510716332,0.922820086123739,0.924859283897707,0.9267418765470463,0.9201577050191015,0.9256914654543108,0.9254687790057552,0.9251330969205112,0.9246245583545638,0.9183810932718481,0.9244149572425057,0.919281074415524,0.9230909207931198,0.9246288880967349,0.9266380439538319,0.9235343291233008,0.0025152562505083723,198
274.040743663311,147.72493040059405,0.5645967626571655,0.5478138500032828,0.32852088137344915,12,0.623984383354723,2,4168,0.8091021492726729,"{'learning_rate': 0.32852088137344915, 'max_depth': 12, 'max_features': 0.623984383354723, 'min_samples_split': 2, 'n_estimators': 4168, 'subsample': 0.8091021492726729}",0.9290135693676335,0.927108894592076,0.9259428792053652,0.930861694554839,0.9311839814577059,0.9238361379976103,0.9294109292154142,0.9273903233365955,0.9318796824051448,0.928889610143073,0.9288936756083999,0.926924823463677,0.9310280917739486,0.9252892247314954,0.9275288674896608,0.9271444966441894,0.9269323504316275,0.9280399180312573,0.931014757407705,0.933080345160474,0.9276348037442316,0.9294343199269516,0.9282063437805896,0.9289670742571605,0.9285139459222215,0.9299619681202551,0.9273459548315175,0.9251675401041332,0.9266612164342432,0.9271520832854515,0.928236095132841,0.9296991026002983,0.929127546478732,0.9353823711619117,0.925076378665925,0.9230729820033844,0.9298371348810669,0.9337575195229633,0.927196684691483,0.9290967968956976,0.9238051746587262,0.9325112717153117,0.9257023476850742,0.9325474285300377,0.930445614524773,0.9314397258677248,0.929018397054412,0.9267439105273642,0.9287134154364717,0.9259208228991012,0.9240615067389102,0.9286799028398613,0.9274608571329173,0.927354155004155,0.9307571961414373,0.9273378463075278,0.9286881732567979,0.9282519434696508,0.9243496108122854,0.9306741242527167,0.9272444702880058,0.9262716231814317,0.9296854720363366,0.9333718243413996,0.9214371653473721,0.9262240478282984,0.9250018008795577,0.9259294530603837,0.9300064302246576,0.9305156960797594,0.9279682527729626,0.9311580919141951,0.9247636398902993,0.9287627348212598,0.9299604542254126,0.9283677725599454,0.9294583152898678,0.9302744279207666,0.9277896755413655,0.926268290521195,0.9239750007714013,0.9302072306328921,0.933098989584749,0.9238543871538605,0.9275229446934958,0.9304222229820605,0.92823255990109,0.9314176308949069,0.9328268363752668,0.9234705911719862,0.9300648757805554,0.9286716985690548,0.9291427519747905,0.9312474723915317,0.926883397437052,0.9290511462947061,0.9262968647668982,0.9277644336997682,0.9288801770676498,0.9332098259250651,0.9284208621710746,0.002639863026403208,196
880.8389007306099,248.94803096251098,2.420093536376953,2.370630617849301,0.013491178435132414,13,0.5837980464596331,2,4168,0.6680086710632382,"{'learning_rate': 0.013491178435132414, 'max_depth': 13, 'max_features': 0.5837980464596331, 'min_samples_split': 2, 'n_estimators': 4168, 'subsample': 0.6680086710632382}",0.9513409641461936,0.9469304241904721,0.9446469916735021,0.9489604792820364,0.9465691330943229,0.9428398242323819,0.9508493120622091,0.9474196273555283,0.9500812364717468,0.9480634570512328,0.9505253144832684,0.9488975385680126,0.9480287323606089,0.948810008561747,0.9476293902090921,0.9478464119593871,0.9442760363384052,0.9487019012017536,0.9501951776017006,0.9507626269836723,0.9485914829233673,0.9478258154929261,0.9466796797507919,0.9467359163740453,0.9481777177133803,0.948828541463494,0.946647341900719,0.9447619466796574,0.9503792076397594,0.949976495024916,0.9485359086571309,0.9468567977258534,0.9463640104073474,0.9527172614415166,0.9459452549394571,0.9455415354033975,0.9482645200275314,0.9513240033622724,0.9493775270621807,0.9474835469456611,0.9449353233441788,0.9515532854236619,0.9446268241280114,0.950897649207701,0.948093302543007,0.9504745163401506,0.9474519839892525,0.9486895470767421,0.947472259414721,0.9468690039020399,0.9463083945310203,0.949915337020771,0.9475959580505101,0.9473759147020625,0.9512606940658543,0.9441750365325884,0.9489625451126509,0.9486906149588471,0.9451815008125827,0.95014292216108,0.9488460811877585,0.9455168911104074,0.9484624098759428,0.950195524952757,0.9445290834147154,0.9479831445382761,0.9454626154454707,0.9466089422804859,0.9514303128747242,0.9492615025335358,0.9484062795164334,0.951511586811407,0.9445415543740017,0.9479197833472602,0.9480493658365841,0.9467505818252993,0.9498342585285777,0.9489520382836306,0.9479406782090563,0.9452306308293708,0.9472394959680304,0.9503679157101637,0.9505194117873718,0.9444873874958387,0.9460097369017585,0.9511383366112354,0.9462630139207371,0.9504710938219493,0.9492038515047437,0.9452003419696748,0.9482799308868896,0.949668913873021,0.9493682900840504,0.950082709613356,0.9448917892195918,0.9488894657924228,0.9454345628111797,0.9472557588116751,0.9482204356045717,0.950549585571079,0.9480603700581516,0.002114922381953116,103
439.58403996229174,198.43816356880052,0.8537616086006165,0.8640276077524915,0.015968208674515427,6,0.3918476454910338,2,4168,0.9010850966951552,"{'learning_rate': 0.015968208674515427, 'max_depth': 6, 'max_features': 0.3918476454910338, 'min_samples_split': 2, 'n_estimators': 4168, 'subsample': 0.9010850966951552}",0.9514813117579027,0.9489746687497761,0.9449291052346774,0.9497924359913035,0.9486499698237352,0.9446745642235096,0.9525020424760743,0.9476092056595932,0.9503229491683263,0.9484907834048756,0.9492678971704962,0.9506835610085489,0.9487410624744677,0.9488505434412136,0.9476343789226235,0.9491894503175362,0.9439148096527081,0.9499208747821993,0.9510660802297556,0.9510454632644367,0.9487627677928621,0.949714017916852,0.947446714159937,0.9480952465159959,0.9492538635885507,0.9486468311216563,0.9481164667959671,0.9453264390531386,0.950341729276888,0.950342532098348,0.9485451516540087,0.9480067565974872,0.9472962643232492,0.9529378670177268,0.9455314343286644,0.9464627043452234,0.9493712106875187,0.9520251736497504,0.9497534429607115,0.9469378258388861,0.9476252781834575,0.9509274647639767,0.9463967144012115,0.9515000384583854,0.948807757682835,0.9506680841483295,0.9482638369883627,0.9487237083060722,0.9476622883790514,0.946921137862655,0.9477382073104283,0.9510566711992152,0.9481698068758458,0.9491510061331596,0.9504012662785684,0.9468128923180243,0.9485579133216678,0.9502818051454714,0.9460751790688021,0.9505508434330646,0.9507064320182874,0.945639731875174,0.948860542627645,0.9504108622616105,0.9466226718164966,0.9477045581459723,0.947219579233357,0.9468256835143822,0.9511455629976892,0.9504775898886315,0.9498012851845214,0.9512786133412388,0.945482007902413,0.948521820959384,0.9491272103869322,0.9484766221503219,0.948289038079002,0.9506247762223017,0.9488902099648012,0.946064403545582,0.949028742688645,0.9499001867364484,0.9498970286284545,0.9462717931569232,0.9467089306017202,0.9506071176445,0.948252302446345,0.9494349505856405,0.9514894134285445,0.9461794126850658,0.9508866144205012,0.9509735332773097,0.9484849550692633,0.9496720051780769,0.9453737372331802,0.9490906341425238,0.9457998174831839,0.9488484345030617,0.9496893512599596,0.9511953861155669,0.9487690104713643,0.0018942981689093758,82
212.20014080286026,137.084736692181,0.4698804473876953,0.4801661604784666,0.30854528362859684,13,0.574007372556042,2,4168,0.6933790952458154,"{'learning_rate': 0.30854528362859684, 'max_depth': 13, 'max_features': 0.574007372556042, 'min_samples_split': 2, 'n_estimators': 4168, 'subsample': 0.6933790952458154}",0.9260299977287181,0.9227113567979347,0.9226827942946557,0.9247633626242351,0.9221266314249228,0.9220560969094065,0.9311112399617693,0.9289609789156387,0.9263562532402022,0.9207738617628631,0.9290580683161086,0.9252864224971394,0.9241834776065778,0.9261124285437136,0.9278779642324843,0.924406831126185,0.9233862989290975,0.9276419266794349,0.9296073282878309,0.9314456919216622,0.9234960483646216,0.9262344878690916,0.924299461583021,0.9225791296058908,0.9287612786283547,0.9245986601264629,0.9256157195635466,0.9207499672254953,0.925426590194204,0.9292363083008253,0.9274801504091564,0.9261721323291937,0.9258941096817761,0.9316884281254587,0.9241668610852547,0.9246120867355462,0.9270150839097353,0.9306164437597965,0.9268572518033177,0.9274893913331903,0.9241839263197715,0.9309911344836163,0.9174373437494825,0.9289940211490059,0.9260369022117155,0.9301742489856182,0.9255414419868591,0.9268223849240426,0.9264727544966289,0.9216871852574466,0.9253757089897735,0.9283812076616192,0.9287254327053281,0.9207576979551774,0.9286667309856187,0.9201560297683535,0.9288777154654675,0.9285288785753792,0.9201957418429373,0.924915646867982,0.928514647143292,0.9198362775239065,0.9286419950464226,0.9287534065503672,0.9204358242536794,0.9258178764925613,0.9236284045215276,0.9255227284048838,0.9319425549209163,0.9282696372910356,0.9260150600155448,0.9296923850463265,0.9265304446917519,0.9269337037534248,0.9243977237760973,0.9222157426512141,0.9259339545364709,0.9289803170555567,0.9235955807625988,0.9187315075731065,0.9237594592105658,0.9284292352707,0.9310601073823612,0.9226765331282787,0.9249213583363589,0.9277458577827528,0.9233190940499538,0.9239970012253915,0.9276811646791409,0.9231891445162005,0.9259019517096795,0.9292372731116556,0.9266377452861624,0.9312194780748695,0.9222181915000328,0.9255845948252288,0.924613484772289,0.9231242492508284,0.925028143715292,0.9278965386063842,0.9258512111526117,0.0031232546204576477,197
781.1879501128196,281.52531463618163,2.0962813186645506,2.01300878135773,0.01583369549343909,11,0.571607120591422,2,4168,0.6409127007165993,"{'learning_rate': 0.01583369549343909, 'max_depth': 11, 'max_features': 0.571607120591422, 'min_samples_split': 2, 'n_estimators': 4168, 'subsample': 0.6409127007165993}",0.9540867690922025,0.950167142870225,0.9471048918654638,0.9519573465427809,0.9504448932303257,0.9463427172116609,0.9535951912211794,0.9500208773986866,0.9527884113551234,0.9510544785113239,0.9527886640077,0.9520558659801159,0.9509304317978757,0.9510866372282935,0.9509531479075851,0.9504345201705339,0.9473413112389182,0.9519589852349959,0.953173812576287,0.9539928441752937,0.9524288746928983,0.9520846109123535,0.9496313627785268,0.9501495426965723,0.9517593989313479,0.9512751781475851,0.9502762203676156,0.9474760010586388,0.9532766542869445,0.9529716113302,0.9517163895533695,0.9504130457771446,0.9496161088648176,0.9554650909511476,0.9492824205402648,0.9490259368150269,0.9518311912537626,0.9539701529685878,0.9522745055560887,0.950360921338524,0.9480501386375079,0.9545257134583478,0.9481492504166862,0.9534561389913264,0.9508380472674949,0.9535588063859648,0.9508635407448391,0.9515455780923162,0.9509331216445358,0.949906609204342,0.9494262292027144,0.9532306780459127,0.9503855497328253,0.9504201986782264,0.954042226726736,0.9475428038653786,0.952563356003958,0.9519347983946169,0.9484942121262618,0.9529316235443642,0.9521675719387696,0.9484026377814914,0.9505568973409588,0.9525942446225069,0.9479825182096051,0.9507502780913794,0.9483261183418353,0.9490692455897256,0.9542910417477405,0.952611301273317,0.9517230962400992,0.9540375134575207,0.9475638141412129,0.951866542905049,0.9513323051838319,0.9502248528758428,0.9520517912546386,0.9520755011276105,0.9506223820033548,0.9486545721864139,0.950788120903997,0.9534543732064056,0.9527832730091782,0.9481542419596155,0.9492941435881241,0.9536335812887206,0.9499237325969675,0.9525864562478755,0.9523897838949729,0.949064871809817,0.9512399852123478,0.9539816092857999,0.9520778410849619,0.9525821187043979,0.9473793486237412,0.951714499376286,0.9494980356132164,0.9502728572100142,0.9512599052428371,0.9536886298446835,0.9511303441461919,0.0019847157471392035,40
559.8547110176087,181.6512581998466,1.2662360501289367,1.2459896173653622,0.003972107248757926,7,0.7565703256063463,2,4168,0.5497195404121379,"{'learning_rate': 0.003972107248757926, 'max_depth': 7, 'max_features': 0.7565703256063463, 'min_samples_split': 2, 'n_estimators': 4168, 'subsample': 0.5497195404121379}",0.9447512204696089,0.942287972407729,0.9383388164946814,0.9427727325897556,0.9412911469494439,0.9378272379093263,0.9457463085995066,0.9409991528300695,0.9444625768874512,0.9416453459189572,0.9434491250554902,0.9436394883025856,0.9416274529900585,0.9413984679230034,0.9415667692966645,0.9419209756964898,0.9374849682910192,0.9432846618373742,0.9439972749983401,0.9440429261314567,0.9423276555722984,0.9431752245479373,0.9405014555060215,0.9414478291629023,0.9421550752909558,0.9425096222730248,0.9414656753203274,0.9384730828287338,0.9441399836705642,0.9438241837358996,0.9421455419963067,0.9408589966469907,0.9400672278340965,0.9464184377217013,0.9391524879746596,0.9396660601280252,0.9423980140862925,0.9459810252698535,0.9429447587439289,0.9408965395224754,0.939999184014845,0.9444758331258326,0.9394091800382022,0.9444504080567471,0.9416402978976347,0.9445254553185093,0.9412323163339582,0.9421353691041724,0.9410370662436782,0.9406194036113102,0.9401694488565836,0.9436611496796116,0.9414965694651573,0.9415850613576372,0.9448492135953079,0.9394428924333117,0.9422313200414416,0.9438660817966924,0.9399721826313351,0.944157220309472,0.9442164575559845,0.9391221707641974,0.9419220739962241,0.9442463731996462,0.9384602935358253,0.941310841188659,0.9396550253811337,0.9404311771193455,0.9451632691279841,0.9431108773131809,0.943082216791542,0.9449378941340577,0.9386338163126667,0.9414994787027997,0.9426134849702732,0.9406905939720043,0.9427146685864672,0.9442344996222372,0.9415634589369223,0.9398501288358317,0.9417958702838882,0.9438182340113676,0.9430065973670443,0.9399216652075214,0.9399515953283818,0.9438380766454594,0.9409313123870143,0.9436718772644644,0.944169174720888,0.9388565631847754,0.943407087225429,0.9444427026798432,0.9426856208468755,0.9428850999412339,0.9383698603117093,0.942506380204914,0.9397568818213767,0.9414839226842147,0.9429851971135915,0.9444896783649004,0.9420447135096534,0.001994742425957676,155
373.37326911449435,166.23124733545683,1.6946829080581665,1.6382929209236348,0.10819792933577056,9,0.3812023299829051,2,4168,0.5820060531405441,"{'learning_rate': 0.10819792933577056, 'max_depth': 9, 'max_features': 0.3812023299829051, 'min_samples_split': 2, 'n_estimators': 4168, 'subsample': 0.5820060531405441}",0.9511244889003048,0.9483936871755283,0.9445057911222143,0.9489953330641281,0.9474418011256007,0.9430643786097848,0.9508771538117524,0.9466650865074323,0.9500449649011417,0.9468782539844576,0.9503564760818216,0.9484404352269402,0.9468858901333014,0.9485694586492927,0.947084543364517,0.9473235149726964,0.9442316121765844,0.9485390978696459,0.9496015739584344,0.949030632197983,0.9470517061232335,0.9499367311976139,0.9466134719673943,0.9468565706324307,0.9484049498661736,0.9486068718107434,0.9473910119561756,0.9449103310980685,0.9501353283275303,0.9491502148023566,0.9478262772623848,0.948046548552167,0.9466556196813181,0.9525460427021538,0.9456296916432909,0.9448425268788533,0.9490284846248489,0.9503680186456639,0.9479530824532985,0.9463203713942742,0.9457299960200605,0.9493322723740053,0.9447103687562785,0.9506919735631835,0.947621235561455,0.9511236315937045,0.9478556360410204,0.9480862147244764,0.9467156250997002,0.9460053662797492,0.9470447628804732,0.9481903481041029,0.9474323479878952,0.94900262108662,0.9500283444872335,0.9447494756759894,0.948863439136157,0.9487069658404623,0.9448326442013617,0.9516638515340486,0.9502571770756114,0.9447377011515906,0.9490482955934405,0.9500638330554977,0.9453800841088786,0.9477149757553666,0.9462056489294348,0.9454497918881105,0.9505813674883736,0.9483076646874519,0.9476092553732052,0.9495249711264048,0.9449864969740842,0.9491816603292339,0.9479236531638054,0.9481044560892976,0.9478833344650335,0.949313074456235,0.94977386837207,0.9453728558170296,0.9490481923155745,0.9496598657449071,0.9496516874445381,0.944993513356992,0.946663029384493,0.9495117741220622,0.947627521400402,0.9481589202576548,0.950577484847277,0.9455700900475019,0.9497771225360077,0.9509906795523558,0.949231782859729,0.9480717799303824,0.9443541533574883,0.9478651229319675,0.9459855933312836,0.9482978577723157,0.9476788022505188,0.9505940655895381,0.9479644435133467,0.0019583068470890455,105
769.6344783091545,242.8226334642286,1.3412198948860168,1.3250378525580255,0.0649529409711041,9,0.5793334301411373,2,4168,0.7751933108167777,"{'learning_rate': 0.0649529409711041, 'max_depth': 9, 'max_features': 0.5793334301411373, 'min_samples_split': 2, 'n_estimators': 4168, 'subsample': 0.7751933108167777}",0.9536545272563282,0.9498984258199153,0.9478692449418217,0.951385959302564,0.9502758925034499,0.9472724883878951,0.9542335129355715,0.9496683829563156,0.9527473001340188,0.9512105371890102,0.9534885909769825,0.9528086848939451,0.9515567262475044,0.9516917316610197,0.9507282174279991,0.9519837940241705,0.9482443143897432,0.9523803958236285,0.9539151312616513,0.9539270348357842,0.9520119610174441,0.9522883388742102,0.9501559649066099,0.9501910141770745,0.9514517836783583,0.9522720148824786,0.9506791741139844,0.9485032716012755,0.953372640339768,0.9534807853333181,0.9517563518131463,0.9509855749937751,0.9503366366345797,0.9550210775204292,0.9490325725415203,0.9487164706488326,0.9525210942597835,0.9541758336986887,0.9524838852851941,0.9509565682800434,0.9485759528584526,0.9553009715793878,0.9486657839993696,0.953673272612381,0.9514042604860251,0.9528044929555931,0.951394783345483,0.9522806706673215,0.9506523247291813,0.950068995747435,0.9503207790850532,0.9537425731930878,0.952032355531172,0.9511710876195977,0.9544547985678179,0.9482716122858682,0.951564610639284,0.9516489092751392,0.9499037535131197,0.9533176621797633,0.9532808268509406,0.9488263205566776,0.9519354192601449,0.9531024647006905,0.9489778858857181,0.950868677341741,0.948962431599002,0.9494127024224355,0.9548249798655624,0.9528937740836967,0.9519346763668995,0.9550690754956916,0.9486577845272881,0.952363926566747,0.9511528620158769,0.9503420185194381,0.952353029094179,0.9517771469463516,0.9512757807812481,0.949303769543309,0.9514921549278206,0.9537264243912318,0.9527246511632361,0.9486511704783218,0.9492924070724362,0.9531098835960067,0.948820135547418,0.9530499652144269,0.9529025592006306,0.9497918683526293,0.952171416704512,0.9539789037454809,0.9530871998606056,0.9529341272120823,0.9480687326520195,0.9522397475875934,0.9495529259041104,0.9517420602971254,0.9514353899692378,0.9537983535386491,0.9515046918827957,0.0018859853135949184,35
222.66740741729737,113.26029848731564,0.8976653838157653,0.8871556524582358,0.17241707862737543,13,0.39109532330975316,2,4168,0.6507856454722762,"{'learning_rate': 0.17241707862737543, 'max_depth': 13, 'max_features': 0.39109532330975316, 'min_samples_split': 2, 'n_estimators': 4168, 'subsample': 0.6507856454722762}",0.9381049709952828,0.9375249001080969,0.9340105878064382,0.9380562896760303,0.9356746344362163,0.9293814794907239,0.9391437342658832,0.9364040232767438,0.9368620402772273,0.9357981624934694,0.9381800785930593,0.936050719138237,0.9372013154530661,0.9375500679502189,0.9368439783251312,0.9378114931092263,0.9321026992056148,0.9388115288084795,0.9397269652754537,0.9384795297664272,0.9361532761744494,0.9367774518904519,0.9358589100728707,0.9354567201991546,0.9372104268858377,0.935966941012938,0.9352993890302396,0.9325237270442441,0.939956556197077,0.9400583033156699,0.9370659356552941,0.9349727573027544,0.9363901792606593,0.9408302664872775,0.9345543478736517,0.9343547995422786,0.9364675524162472,0.9396326091482312,0.9388002693319184,0.9388317793757214,0.9330612859758276,0.9411510834432284,0.9337812282224881,0.9420666463825903,0.9363004303241643,0.9384049774236839,0.9364829962126187,0.9369602313865011,0.9352921285704483,0.9332472856167356,0.935493080827425,0.9395926702292483,0.9374262542616637,0.9350395480653333,0.9392898556925398,0.9327267943841838,0.9386921416772374,0.9367718246560404,0.9339050763079452,0.9397802208361169,0.9389883495596751,0.9357068785381888,0.9371047771655701,0.9401070323640479,0.9322193167968076,0.9348291175166965,0.9344416722754278,0.9351934348231388,0.9414083542426114,0.9388758045319009,0.9374989774665968,0.9398017417825096,0.9344769874979109,0.9359129870869669,0.9372383503598565,0.9362792236993805,0.9351026371167591,0.9398117221595514,0.9348847392988036,0.9349829654895273,0.9353730251122595,0.9372727317022965,0.9404619166335616,0.9359146620563353,0.9366842324925492,0.9375035437245663,0.9357316496800957,0.9364176714937801,0.9386776374958524,0.9345274329282454,0.9376251410685403,0.9418078279693324,0.9401870968138215,0.9392607554944905,0.9337181182304167,0.9373512068326091,0.9333161952098213,0.9348933733054038,0.9369260679064353,0.9385347337807921,0.9368339724686714,0.002370739531439872,174
764.0659562754631,275.9555414775262,2.654026415348053,2.4788423469394916,0.04289528731925299,13,0.5102288066334276,2,4168,0.6532547956359871,"{'learning_rate': 0.04289528731925299, 'max_depth': 13, 'max_features': 0.5102288066334276, 'min_samples_split': 2, 'n_estimators': 4168, 'subsample': 0.6532547956359871}",0.9493424402710927,0.9457397990551945,0.9427299443007738,0.9477361351742245,0.9452148972120135,0.9421306184820274,0.9488889150502753,0.9472253485315939,0.9483836608266465,0.9467756627704601,0.948814345684824,0.9470256597979219,0.9454285744098276,0.9462950260505164,0.9463779242850613,0.9457462765816194,0.9432175770318675,0.9474013783677482,0.948407072735224,0.947974939411888,0.9464922083727675,0.9471686150185848,0.9456223591293783,0.945387241097955,0.9470641505813926,0.9471131090350474,0.9452615972790732,0.9433457570407939,0.9485834771034544,0.9479229992757475,0.9464781321330005,0.9461324121191861,0.9438758549899223,0.9513016481619344,0.9449428810671325,0.9440552417819545,0.9465970619283997,0.9503187990713546,0.9469746302350472,0.9459623014210652,0.9437982084893585,0.9505934297164939,0.9433516911268831,0.9493078063458893,0.9470162680560262,0.9490751091257815,0.944958214425681,0.9473334500195423,0.9458459354029436,0.9452933583966171,0.9451075717094463,0.9490325165319216,0.9459793368630031,0.9458691387398188,0.9493708263924114,0.9421288575043948,0.9473858045375334,0.9474733745242945,0.9439228437957095,0.9481696496299765,0.9481567562232859,0.9429956501687766,0.9465906543850071,0.9489609887314621,0.9427876985079799,0.9460856785843375,0.943847290473777,0.9449880089429357,0.9502337724715021,0.9476905484221729,0.9473873084643096,0.9505320834237185,0.9428718363668613,0.9472578377042968,0.9468229987557737,0.9451060483410192,0.9484190180040719,0.9478239632424449,0.9468424889653785,0.9444787877101654,0.9450424487742315,0.9479805028789527,0.9490424238242808,0.9431077465672056,0.9446641177082693,0.948912208912492,0.9444193742794788,0.9478660258244471,0.9479331352777431,0.944167110646561,0.9473579075405172,0.9497698466487647,0.9472611489106807,0.949330964081402,0.9433496853607994,0.9472893565734242,0.9446533954557391,0.9465396838392404,0.9474730067918785,0.9486320878856043,0.9465714165987872,0.0021022572106668704,129
1204.1943436050415,369.4849623471448,1.8348988485336304,1.821074900864443,0.02123149663694276,12,0.5918108996388196,2,4168,0.8971382235221064,"{'learning_rate': 0.02123149663694276, 'max_depth': 12, 'max_features': 0.5918108996388196, 'min_samples_split': 2, 'n_estimators': 4168, 'subsample': 0.8971382235221064}",0.9514086883782134,0.9469435718251299,0.9437891250228034,0.948384141847792,0.946947313534403,0.9425960342384158,0.9499880904099426,0.9473220260915338,0.949379591388259,0.9473049023338833,0.9508344366135034,0.9487261518496595,0.9474101482365275,0.948239160901922,0.9479522855289362,0.9478325232978653,0.9441406900836828,0.9487873442454892,0.9500236486943279,0.9503077261170179,0.9486609436761616,0.9485192412962427,0.9466423288075088,0.9467158490156744,0.9479094891511535,0.949035212350669,0.9469036792948747,0.9441996437379025,0.950357904746927,0.9500393126019004,0.9480203765859988,0.9475348154216462,0.9459377718468234,0.9522666852402827,0.9461589915877646,0.9457636367125812,0.9482598916793215,0.9508785776275629,0.9492267540182859,0.947444952110812,0.9438443811823471,0.9516661283698612,0.9447951966742163,0.9505364553256034,0.9484459905211489,0.9499970406027239,0.947239776953803,0.948941775865939,0.9478961215068765,0.946563397255032,0.9465110056771552,0.9504574553620183,0.9479335642780443,0.9470906470135682,0.9515765090663398,0.9440647321382069,0.9490641272284139,0.949035230754149,0.9452219073204813,0.9499574486996151,0.9493319694664508,0.9448850518437422,0.9475720572837015,0.9501895459050781,0.9442085369505838,0.9470391752470403,0.9449942692759767,0.9461450540240852,0.9514703204076993,0.9487658639989203,0.9480675019186691,0.9516663795630921,0.9441870173030615,0.9480428236227911,0.9483367889780149,0.9467183923635393,0.9491347335561551,0.9491306227019856,0.9477785584668511,0.9459261160830371,0.947177917940939,0.9502665684545597,0.9496751253598118,0.9452830300155064,0.9455210557146221,0.9506041442609123,0.9461788427308937,0.949914456261039,0.949395393843181,0.9459259045438062,0.9480342910805202,0.9505271835202219,0.9494393678150269,0.9500508762270947,0.9447338672963657,0.9487598681954877,0.9458405005916666,0.9477057778445943,0.9482256340939703,0.9503288655830623,0.9479681200027871,0.0021201356700840976,104
489.66317088365554,185.9750131063986,1.0333897256851197,1.0488729577393499,0.018876445785241384,8,0.4402487087691407,2,4168,0.8706692965825922,"{'learning_rate': 0.018876445785241384, 'max_depth': 8, 'max_features': 0.4402487087691407, 'min_samples_split': 2, 'n_estimators': 4168, 'subsample': 0.8706692965825922}",0.9561746426304413,0.9532719740421602,0.9502668207668574,0.95433312151714,0.9529997917770023,0.94952755906183,0.9562147077579272,0.9525107904186638,0.9554934066441194,0.9531110676725787,0.9546521403278679,0.9554211871186259,0.9538880272091095,0.9546340023936305,0.9529161136217491,0.9534579523600054,0.9500196970427615,0.9546143330775931,0.9560613155778676,0.9558370767281268,0.9538220130702846,0.9553669082841005,0.9525735076988087,0.9533511273797648,0.9539290314383806,0.9535683693169521,0.9528855085129599,0.950875409986424,0.9561999459381996,0.9552719196676424,0.9540450568405789,0.9533301455605542,0.9520780869896207,0.9574856984110819,0.9516504259515095,0.9511947683855151,0.9542061738874155,0.9567589332854605,0.9545045521360805,0.9520532192140628,0.9516421598548946,0.9561075590754301,0.9513902122217489,0.95612708151448,0.9537822425384388,0.9556449177894547,0.9532262106752732,0.9538890190124831,0.9525872481928813,0.9521781422490818,0.9524683285585218,0.9559407866863636,0.9536653132681666,0.9534953518400218,0.9561221771650575,0.9507271038113123,0.9543772907020498,0.9548628018059621,0.9517517062636472,0.9554693895728043,0.9555349714643168,0.9511749869033881,0.9543504034105347,0.9552786141962782,0.9513601057712872,0.952678771009402,0.9516527693646039,0.9518075341116445,0.9563146319642192,0.9547027000664373,0.9540439361433352,0.9560445284811195,0.9510641828985957,0.9542394205270003,0.9537270339413164,0.9537366132595322,0.9536404417585608,0.954972981364841,0.9536650288474383,0.9517081291226915,0.9540184173807083,0.9552727681471509,0.9555773403508968,0.9511961355919467,0.9516605987906739,0.955321531427977,0.9531387094910696,0.954664515752456,0.9555590693389644,0.951414468640765,0.95545461123438,0.9565072861978103,0.9548117806382701,0.954692782845113,0.950015271446162,0.9538181501534063,0.9517386219117954,0.9534953224459322,0.9545482081757918,0.955776897310241,0.953763918443776,0.0017788862135666734,2
899.9382068037987,272.56146174033586,2.7818122911453247,2.7783645167884927,0.0026846804224504644,12,0.4550314667107316,2,4168,0.8949247081955471,"{'learning_rate': 0.0026846804224504644, 'max_depth': 12, 'max_features': 0.4550314667107316, 'min_samples_split': 2, 'n_estimators': 4168, 'subsample': 0.8949247081955471}",0.9504773171122102,0.9465204808935462,0.9434425707949972,0.9478283710818249,0.9459944038743391,0.9417084308329506,0.9496858560409198,0.9468489136693738,0.9492555656276858,0.94690039557107,0.9497490067871078,0.9480526311901308,0.9467089359759716,0.9473861655952506,0.9472469733082218,0.9472014341370458,0.9432788285003105,0.9478034792506429,0.9491618396266374,0.9497240603629515,0.9481178156729768,0.9475042237174598,0.9458415507929584,0.9456924358184594,0.9473969642419257,0.9480853494491616,0.9459242254336898,0.9433730318854896,0.9498207736182125,0.9487606418734493,0.9478735261833683,0.9461524106679631,0.945232679867453,0.95174739121347,0.9450065822721699,0.9445680463225057,0.9472338778384659,0.9504460652516521,0.9483348294062616,0.9464897944996451,0.9439921844257674,0.9506060120382877,0.9441333802725278,0.9503425757673898,0.9469802654230388,0.9492546680389884,0.9462279393357879,0.9477775449141386,0.946729474220507,0.9454980549978947,0.9452964433090978,0.9490749528503614,0.9466308874425078,0.9463953523732745,0.9501472585584964,0.9434817241511415,0.948213376098419,0.9481678588835324,0.9447481872681419,0.948823965358414,0.9482241793487677,0.9448663300045635,0.9476304223277913,0.9495741288654942,0.9439465385781429,0.9467830997082223,0.9446807783774673,0.945561969069235,0.9502777717289997,0.9486009803959405,0.9477117754743994,0.9511213657152776,0.9435178843083143,0.9471258867688853,0.9471002676831459,0.9458656241627227,0.9489714062021176,0.948404906038323,0.9469639013393845,0.9449529497355926,0.946465191827488,0.9492315315613913,0.9490150939908994,0.9442205876854386,0.9451065085412862,0.9498783027448725,0.945834794291465,0.9491249384130112,0.9484944594786721,0.944275024100738,0.9477258759566222,0.9495199391207727,0.948392050678541,0.9490825069844131,0.9440883310662376,0.948139145666044,0.9447523305933009,0.9469150520028444,0.947359476774823,0.9495774606573166,0.9472018074995663,0.0020867694682902434,115
704.3032646822929,270.2886263468664,1.0859398579597472,1.112850196304485,0.06816192225818918,8,0.676395388049102,2,4168,0.6576754457013049,"{'learning_rate': 0.06816192225818918, 'max_depth': 8, 'max_features': 0.676395388049102, 'min_samples_split': 2, 'n_estimators': 4168, 'subsample': 0.6576754457013049}",0.9544400650727747,0.9509048750431135,0.9485598963112876,0.9538464265904905,0.9517986925743713,0.9485344651852371,0.9535602106131055,0.9500461281748993,0.9531951825692301,0.9517112445132263,0.9524253533277154,0.9537081569636174,0.9517522590808652,0.9526124551883914,0.950029836979218,0.9522175830938296,0.9479674041276225,0.9524299873747244,0.9534756150860411,0.9543232549814202,0.9524166044632335,0.9541206690953093,0.9515483792346244,0.949532108441119,0.9507464992419694,0.951850984986492,0.9519654098480584,0.9493177114036956,0.9534893281002264,0.9538404965578484,0.9514689677600923,0.9508448289879841,0.9507946092346041,0.9558864808813304,0.9497814333324989,0.9495247807283894,0.9521447398819065,0.9544970524335594,0.9529113352461076,0.9512336044916131,0.9498874301797737,0.9550138206875896,0.9492445992675462,0.953965996886782,0.9517997899555927,0.9528228326188768,0.9520098894109281,0.9528016848593425,0.9508367413021781,0.9514190011433366,0.9504206527613203,0.9538582981601278,0.952150297964321,0.9510945843378216,0.9547375211755081,0.948357299189168,0.9524298352286485,0.9529861911272366,0.9497794168765057,0.9544101610417366,0.9527375261160562,0.9493002188715788,0.9509578538602762,0.9540703119867671,0.9486142526359294,0.9511500222931942,0.949732095699648,0.9493704628612377,0.9550881857428405,0.9525562138428204,0.9522616558201857,0.9545032419321828,0.9488062716016639,0.9523384548944822,0.9525804503224573,0.9514490626480322,0.9523116694997924,0.9535511066453667,0.9515600051162537,0.9501193054289035,0.9519134081997102,0.954338686073913,0.9536518819708392,0.9499112526940141,0.9498944137275834,0.9530389660280257,0.950865683831379,0.9533456564402888,0.9533446263954316,0.9493792392452749,0.9536534060939869,0.9550835192162086,0.9527174878162671,0.9525329264222525,0.9490194749747852,0.9522045761537067,0.9502682443428145,0.950985869028265,0.9529864528471466,0.955134731118826,0.9519281003181657,0.0018450150441663442,21
300.91219972372056,157.47638880484988,0.5693551588058472,0.582966140027901,0.013650592509024203,5,0.6021762684622403,2,4168,0.5634248804179491,"{'learning_rate': 0.013650592509024203, 'max_depth': 5, 'max_features': 0.6021762684622403, 'min_samples_split': 2, 'n_estimators': 4168, 'subsample': 0.5634248804179491}",0.9449964897870263,0.9430565792079458,0.9389875003948835,0.9432371626756109,0.9420601309640175,0.9380312535573888,0.9463810200474838,0.9423759786819902,0.9441397843040309,0.941743600933016,0.9432677374049211,0.9447017362354676,0.9421906248671039,0.9426349331273063,0.9413847585437021,0.9430912953866111,0.937310942008553,0.9439677719960728,0.9449612131368796,0.9448355805644226,0.9426873181465142,0.944282182151105,0.9407648593181596,0.942105826058907,0.9430975487660318,0.9431149425744323,0.9425981196661242,0.9387806609593057,0.9443931147754273,0.9440270855948081,0.9420165028648558,0.9427612705401823,0.9411180733337081,0.9468950327327726,0.9395079789807794,0.9403781720422685,0.9437669149859161,0.9462797989062184,0.9434172618232041,0.9415728081432099,0.9414898066316694,0.9445773487788224,0.9403488214961,0.944708940323489,0.942351192500336,0.9455976199831827,0.942415451727667,0.9428715026602177,0.9414449982416896,0.9407715312504131,0.9421403811032971,0.9447375810773418,0.9420794840556107,0.9429776529562749,0.9445446405999618,0.9405652566234439,0.942276132330364,0.9448334329929678,0.9403801988123737,0.9449701949666086,0.9454916300073766,0.9395150555573005,0.942817574949004,0.9447764288897296,0.9404586433930988,0.9418293381440567,0.9409467137607698,0.9400531220831595,0.9454769395078013,0.9440761963964599,0.9440504677885215,0.9447044063366541,0.9391831532645117,0.9420986323303813,0.9438533096699752,0.9423769437792391,0.942396301924025,0.9454518409128021,0.9422154392360085,0.9401690204917524,0.9427377542396854,0.943565010881242,0.9446280740596249,0.9401633458129806,0.941066398645411,0.9445099978474552,0.9421397435371018,0.9438863509105915,0.9455807844770895,0.939586122706565,0.9446572046947372,0.9446083429189503,0.9420239466917215,0.943134468756442,0.9392169070510535,0.9433473219353525,0.9400395874262539,0.9422186564951495,0.94435491208572,0.9448298715019714,0.942712396963979,0.001985980128697534,151
696.9557691144943,284.20519605574,0.8988675141334533,0.899637171928156,0.12587213119593038,7,0.6077785140010954,2,4168,0.9095589365192694,"{'learning_rate': 0.12587213119593038, 'max_depth': 7, 'max_features': 0.6077785140010954, 'min_samples_split': 2, 'n_estimators': 4168, 'subsample': 0.9095589365192694}",0.9539729863385132,0.9497648472281855,0.9468129511584504,0.9525275416063768,0.9493019375427891,0.9467188088555948,0.9507866962678548,0.9490535728886387,0.9518577370943333,0.949583037565476,0.9515334852909958,0.9515414767278834,0.9497396231525673,0.95130338925097,0.9484266550054503,0.9490357247300821,0.94640926544315,0.9514381722875076,0.9523179675904373,0.9530366825129736,0.9508981065900839,0.9516338182099254,0.9491517677725765,0.9503177663298423,0.9503369343863031,0.9504320765878465,0.949791219091596,0.9480106183982799,0.9499855040496376,0.9532729207782031,0.9510948514356724,0.9489536944242516,0.9494711530522603,0.955046982442311,0.947925535015791,0.9475886124200564,0.9507605439440854,0.9522476180903492,0.9508362624169253,0.9496579463331658,0.9481705646602898,0.9517200789656081,0.9471442420760836,0.9543641387327874,0.9510395116266906,0.9524126823749375,0.9505587665136325,0.9500801092507435,0.9479540551190043,0.9480040703909642,0.9482317292888328,0.9518413752491521,0.9507171501080606,0.9490259080380172,0.9519086950228465,0.9483064954116394,0.9496435325027348,0.95016621821025,0.9469261218513119,0.9522996728317289,0.9520864318967367,0.9472349604460474,0.9514474515630523,0.9518870741419293,0.9499784809244132,0.9490498268943409,0.9476270896449157,0.9485629996944723,0.9532712858285469,0.9510700233450964,0.9510177553633481,0.9525495489821458,0.9500004594851981,0.9497550369255928,0.9500254693712175,0.9494858539336142,0.9500950704132844,0.9520523991165397,0.9502172121298749,0.9478099250706644,0.9522031064456571,0.950656673856092,0.9518300168866946,0.9478028165399448,0.9468465331990354,0.9523135305252259,0.949588157337918,0.9509887871712965,0.9533415522137343,0.9477849764797838,0.952258305192665,0.953361309336858,0.9502914513681886,0.950220662055319,0.9470193265019899,0.9499493822467523,0.9483527673863117,0.9501557267667575,0.9514895296531333,0.9530039324221133,0.9502777450728918,0.0019055791113488838,51
661.5967453002929,234.4667274931893,0.722634243965149,0.7179577383609055,0.02509349191067395,5,0.8924307710242201,2,4168,0.8116205109603296,"{'learning_rate': 0.02509349191067395, 'max_depth': 5, 'max_features': 0.8924307710242201, 'min_samples_split': 2, 'n_estimators': 4168, 'subsample': 0.8116205109603296}",0.9490833172226978,0.9480065113945036,0.9436935063866688,0.947419935648488,0.9469917433647257,0.9434635073153846,0.9510902302952975,0.9457145754484695,0.948625878064755,0.9469066963150753,0.9477229091711981,0.9486210755675869,0.9473225494593825,0.9472719633623581,0.9455063565900486,0.947158418835241,0.9416279971032343,0.948222459975127,0.9497129841400819,0.9494379392100258,0.9468021997525394,0.9488103650798966,0.9448397253247651,0.9467573670322723,0.9476973396276029,0.9475332481283756,0.9471275922801021,0.9441185122889432,0.9482866453683416,0.9486013008102436,0.946995049257718,0.9463245997093178,0.9455154900740299,0.9515387381327303,0.9439815193785435,0.9441849762194788,0.9482412273724322,0.9498902911474691,0.9473159927331988,0.9454453100849515,0.9458893717283999,0.9494301146377324,0.9444328827703602,0.949273576902774,0.9477280942121028,0.9491689777213044,0.9473663756458897,0.9467058346080881,0.9457712883030033,0.9451056580647196,0.9465579322456239,0.9486158051818665,0.9462614568924161,0.9468239020532423,0.9482969883247905,0.9453091237663283,0.9465320755169755,0.9482947838417949,0.9453953800127753,0.9488918644032256,0.9486638995853252,0.9442901771546106,0.9464927994953062,0.9489766402709822,0.9453607998034121,0.9467674564979734,0.9448130082180412,0.9454173090977833,0.9500412453431647,0.9484047789270591,0.9477185001825981,0.9499853463251771,0.9441735444228575,0.9461021969161709,0.9475030362987304,0.9473717217609717,0.9460155434367654,0.9493518198064241,0.9471469167214523,0.9431127632912049,0.9468394577971176,0.9485527991000469,0.9485732625169286,0.9446304805067726,0.9448102889520281,0.9487092353736666,0.9464094820007957,0.948799946581846,0.9496042030654679,0.9447531693735868,0.9494927660275458,0.948923350152171,0.946754223846397,0.9474770733357475,0.9425792790023144,0.9475141564013253,0.9440847097678475,0.9468340388728397,0.9485787633370728,0.9493145029189786,0.9470640422399321,0.001934267980036001,121
541.2689693450927,195.53046093415472,1.2974044227600097,1.2816750927295257,0.0024019675067792653,7,0.6582854971984013,2,4168,0.6110251048910715,"{'learning_rate': 0.0024019675067792653, 'max_depth': 7, 'max_features': 0.6582854971984013, 'min_samples_split': 2, 'n_estimators': 4168, 'subsample': 0.6110251048910715}",0.9379588986406019,0.935744332184365,0.9310957257556932,0.9361477445326218,0.9343447029629501,0.9301704475249479,0.9392637513226547,0.9343435852401297,0.9380944334023139,0.9345844481588281,0.9375573127517135,0.9367893828100726,0.9345095688472288,0.9340829727802924,0.9349235767710526,0.9350683115990909,0.9305769966465631,0.9369123119522049,0.9372102430119948,0.9374234441915194,0.9357456959677617,0.9361255502189841,0.9333592156439223,0.9347317037452606,0.9355111609163935,0.9362520725742643,0.9341272970376481,0.931270306621896,0.9378360488719927,0.9370357053304024,0.9359927085574018,0.9343955722791989,0.9330685038906755,0.9402600211998211,0.9320887437080629,0.9323067416241022,0.9356809110217147,0.939301889690029,0.9364511266620248,0.9342432596093422,0.9332816153656136,0.9377267597936289,0.9322794469686095,0.9379935420388421,0.9348342755722938,0.938321290447581,0.9341682437320136,0.9350415642648825,0.934223613502388,0.9331839742649191,0.9335228712454159,0.9368808774635815,0.9345359457144858,0.93427271716062,0.938538540260118,0.932060792696371,0.9354206314203142,0.9378613058022193,0.9330299045061724,0.9373528198059924,0.9379050035303338,0.9322458188648697,0.9351351595934821,0.937885460658231,0.9314281577190725,0.9345071455791674,0.9330120241536777,0.933727752744689,0.9378055348346128,0.936506751323448,0.9361568108043584,0.9386813601589461,0.9310302850253146,0.9339312985721279,0.93616066549397,0.9336982106875853,0.9368561039150758,0.9376329352342538,0.9342663040454021,0.9330025149870107,0.9349632677117938,0.9372148917965366,0.9367691532408722,0.9332897273963893,0.9336397272689803,0.9369203844595873,0.934423125673944,0.9367658124321228,0.9377774703093298,0.9316849142437743,0.9367704719586022,0.9376890047734016,0.9362286569192587,0.9363390658563054,0.9311597272017522,0.9359378527089699,0.9321843978119572,0.9346913273535072,0.9362640771953974,0.9379915101338838,0.9352739702265579,0.002226746928208367,183
355.79539411067964,157.79181852019403,0.7495720624923706,0.7721458025223008,0.004212411295973444,6,0.4962833327821561,2,4168,0.5982194135375902,"{'learning_rate': 0.004212411295973444, 'max_depth': 6, 'max_features': 0.4962833327821561, 'min_samples_split': 2, 'n_estimators': 4168, 'subsample': 0.5982194135375902}",0.938481473709266,0.9368604507606684,0.9319264831226935,0.936648891711188,0.9354096739320482,0.9308311139025733,0.939694843145856,0.9353622919792784,0.9384895205608225,0.9355015042825616,0.9377604183310266,0.9379519527996697,0.9349365460074173,0.9351849558407492,0.9347758062735367,0.9357542033294081,0.9308195054422241,0.9376060013084601,0.937998141036251,0.9381884815728893,0.9359147443360728,0.937304938022115,0.9340367660368826,0.9353765470397057,0.9360878711545734,0.9370185116154159,0.9355804099567541,0.9315528818399681,0.9384907557775117,0.9375152142069872,0.9367908307931245,0.9351924575997719,0.9337666228386322,0.9409217016279546,0.9324481857785932,0.9332241399237302,0.9368415508616736,0.9396897557615892,0.9373491477061187,0.934819568805513,0.9344501535688992,0.937869696299346,0.9334827123141879,0.9388446639566367,0.9351551793363699,0.9386558787379551,0.9351724096276375,0.9360187439578131,0.9344460130395611,0.9337489897163894,0.9345665055544903,0.9372474209432281,0.9351620394933142,0.9358934495504441,0.9383086560847524,0.9333829426559607,0.9357679863935155,0.938465155508337,0.9332396533593399,0.9380259597229353,0.9386911019077439,0.9326403934980558,0.9359795119730933,0.9381389382515933,0.9329781925840255,0.935241119045842,0.9343227630874803,0.9338421663440883,0.9383444358901313,0.9373319057472842,0.9371999212372911,0.9388576216550292,0.9321401700409215,0.9348959477594829,0.9367818999680548,0.9350965485539839,0.9366368449793748,0.9384350692719253,0.9350386122320746,0.9333363378350942,0.9355423250336936,0.9378290116622682,0.9372733443233653,0.9344117689772946,0.9343531677867142,0.9371278171972481,0.9354542192352162,0.9373309959403185,0.9385137325647073,0.931884935377079,0.9375961443179311,0.9383901259352627,0.9363516535333541,0.9370461689412153,0.9319671811598325,0.9367512459039785,0.9321975884699802,0.9354262209796473,0.9374685773281042,0.9386370923950602,0.9359549188947723,0.002168927116112027,177
517.8551337695121,175.9083640524808,2.065955638885498,2.110259629218731,0.015283945568403533,12,0.4278845090100396,2,4168,0.5984472953553899,"{'learning_rate': 0.015283945568403533, 'max_depth': 12, 'max_features': 0.4278845090100396, 'min_samples_split': 2, 'n_estimators': 4168, 'subsample': 0.5984472953553899}",0.9530671263136945,0.9498357865402206,0.9464550475747212,0.9509600073452076,0.9493318136070539,0.94501060578402,0.9528748747544009,0.9502337282620886,0.9522865147739612,0.9500371625564612,0.9530677587133669,0.9509748006435834,0.9500806913313925,0.9508911308957675,0.950744794716663,0.9501931830037731,0.9467346574547315,0.9513078748783568,0.9521597447359877,0.9529853677008964,0.9512102812028538,0.9513348930000675,0.9494109325120359,0.948779663797008,0.9502489896937154,0.9506122869285225,0.949094634409734,0.9467408029743862,0.9533962989421113,0.9516987331605116,0.9511904768782062,0.9495954829660911,0.9482910458849909,0.9546101845058906,0.9487828925657558,0.94756552393774,0.9513641500908678,0.9529537386754201,0.9514842667286985,0.9496178254579895,0.9484373134331437,0.9537660559304914,0.9478161845669619,0.9529644714831299,0.9499617673440721,0.9530561397120175,0.9491027888460077,0.9501044196221852,0.9497884834948807,0.9486105823545347,0.9487477024831602,0.952289489566059,0.9498091926960452,0.9502497184832492,0.9529791975229053,0.9470394690824443,0.9510417259962236,0.9510174999576723,0.9480023916287976,0.9519895709867354,0.952008518661828,0.9484591323595044,0.9501131744204695,0.9520872620526887,0.947607807763634,0.9495334705512688,0.9485660592534533,0.9484010139860116,0.9534878369853431,0.9514581767006075,0.9511592817302331,0.9532668855497749,0.9469580055045682,0.950735300741343,0.9506102073433433,0.9492077619600753,0.9520965068642456,0.9520520669237459,0.9497281047156181,0.9480706770803815,0.9496668748858711,0.9527374547150065,0.952024010033505,0.9474737190252888,0.9485095961708517,0.9529206358736652,0.9493023867305573,0.9521373246412755,0.9521457630867509,0.947903281489254,0.9512311520362968,0.9533220110829392,0.951664405431333,0.9524593827204993,0.9473083465695602,0.9517208591897868,0.94736479825534,0.9501716022792687,0.9512753148088747,0.9526588703965494,0.9504359498166025,0.0019897153142030433,48
771.7392702651024,229.12110548142743,1.8869850254058838,1.9186241659375454,0.04009971433481413,12,0.38320658538824987,2,4168,0.8755563048502895,"{'learning_rate': 0.04009971433481413, 'max_depth': 12, 'max_features': 0.38320658538824987, 'min_samples_split': 2, 'n_estimators': 4168, 'subsample': 0.8755563048502895}",0.9508308436237709,0.9483412901394603,0.944947524654647,0.9491106147220687,0.9475115890802742,0.941362323174753,0.9501445209083602,0.9475997296141256,0.95052763326542,0.9482001360356532,0.9497242210507355,0.9487008643193474,0.9478858325888615,0.9492106323546042,0.947819968144923,0.9485338179104421,0.9448487820147612,0.9479929847966999,0.9505950653698318,0.950515118358143,0.9494368668792994,0.9490974068299034,0.9470510521698036,0.9468221799889135,0.9477907939569646,0.9489087707357441,0.9466165808644047,0.945374104173119,0.9507507312600016,0.9492094947597449,0.9487948036797204,0.946989440865838,0.9466228870779402,0.9517721210495618,0.9462694587923062,0.946172844354142,0.9488452964501451,0.9513989035301722,0.9492688284175499,0.9477761393053805,0.9447776186761984,0.9514454958810029,0.9447087440872064,0.9508866857800763,0.9479009421035373,0.9506373129545385,0.9466414666941193,0.9487038614814198,0.9473704664111731,0.945376041906057,0.9470143473832667,0.9496503495307211,0.9483022100776187,0.9476499910215826,0.9508339929883256,0.9452490034367681,0.9488190798323447,0.948876416557581,0.946091786526515,0.9496805895967468,0.9485662403827991,0.9459418787101859,0.9483928185895993,0.9493436165058111,0.9452725921153384,0.9480026699902566,0.9457718930962273,0.9468343005180287,0.9513331629180928,0.9494544804580585,0.9481390424192925,0.9509879758502623,0.945358464419469,0.9484864576514556,0.9479991912655157,0.9478603241560886,0.9500565014642537,0.9494518028123718,0.9475173119597506,0.9458171004357867,0.9472747422747958,0.9502245734976545,0.950151941076439,0.945258122588425,0.9467476428960727,0.9514089964409553,0.9464587481558513,0.94954196092463,0.9493446702716236,0.9445852431706194,0.9491350244755674,0.9514461853751393,0.9489338212791226,0.9493105846648376,0.9451220176996882,0.9490945869132602,0.9459206058866885,0.9486233556136353,0.9486864303028688,0.9504347325848661,0.9481828041200572,0.001982931719774045,100
1110.7438288736344,269.21904948822606,0.9696005725860596,1.0039772463399101,0.18787609436667907,11,0.8602497922754564,2,4168,0.8299803333389769,"{'learning_rate': 0.18787609436667907, 'max_depth': 11, 'max_features': 0.8602497922754564, 'min_samples_split': 2, 'n_estimators': 4168, 'subsample': 0.8299803333389769}",0.943020078838741,0.9371447595025791,0.9354613412095224,0.9403430397114448,0.9388786954621683,0.936459145872408,0.9406954374845161,0.9392072608587323,0.9397780416507675,0.9400599654711873,0.9450061218632634,0.9398845661092255,0.9393907742488264,0.9396409652819966,0.9394356201011164,0.9395525703677055,0.9349435424156787,0.9412418801656679,0.9436051481899523,0.9432115193248888,0.9421587313158853,0.9396873514496749,0.9369491377388911,0.9406702706292907,0.9411434376211942,0.9427842085672441,0.9391016421629911,0.9369746462796095,0.9408926649775098,0.9429712932689153,0.9398936935681297,0.9400990096528091,0.9392693498858421,0.9437757455951368,0.9366475964272267,0.9388732346574638,0.9387759384498863,0.9426777215904119,0.940136676486946,0.940234098454236,0.9368162389608878,0.9434616205012785,0.9366910684823868,0.9436720146162721,0.939373538488821,0.9426054137813966,0.9401401624564856,0.9417660917700528,0.9387645132090219,0.940292400202618,0.9397495104247132,0.9440465609533053,0.9401264235529878,0.9402263662977414,0.9423447595958075,0.9367105842779124,0.94091634895761,0.9390119689386622,0.9365709451277138,0.9425127678912223,0.9421694552189417,0.9359256153745484,0.9403721212545809,0.9416243822089465,0.935472227673752,0.9390822955886032,0.9341333631040497,0.9384443668668037,0.9428702092926723,0.9415791517486883,0.9417170741501725,0.9449056360336757,0.9354591143372715,0.939478371974011,0.9390525216583556,0.9397726395567193,0.9391158355197551,0.9428874838286968,0.9403654308843801,0.9373355753896017,0.939694978850191,0.9420422770657957,0.9417806405273271,0.937039798967487,0.939065868916104,0.942062604971744,0.9374430494299083,0.9419375990991891,0.9402555127705041,0.9360235988658454,0.9402204136272476,0.9421110189155945,0.9404764843065962,0.941792976556297,0.935947474891229,0.9413545204773383,0.9388728488042304,0.9390122820247463,0.9388433988939536,0.9434342985839307,0.9399765073960608,0.0023813945523640944,164
898.2358448982238,247.00126618247054,1.8918696928024292,1.838338506656413,0.07492362316610363,11,0.7511378652206688,2,4168,0.5561794907129796,"{'learning_rate': 0.07492362316610363, 'max_depth': 11, 'max_features': 0.7511378652206688, 'min_samples_split': 2, 'n_estimators': 4168, 'subsample': 0.5561794907129796}",0.9511183813456544,0.9464044465561743,0.9428963503838138,0.9472281102581402,0.9462846660700144,0.9420784954422289,0.9484649591957763,0.9455071290552169,0.9475730337027651,0.9471028061237363,0.9500447868670966,0.9483996493686767,0.9464678108514833,0.946561928777315,0.9472466190504846,0.9467736583365148,0.9439984279136778,0.9477698299169486,0.9488850830707298,0.9493464599701172,0.9470689706894664,0.9470567143344013,0.9457741394722863,0.9443831573095331,0.9456806997440491,0.9456128875365167,0.9447885951637137,0.9441009674456745,0.9489346282117544,0.9486720546569973,0.946064296222454,0.9459808127769488,0.9444578133940458,0.9520399191965931,0.9440926603292957,0.9439249484643846,0.948069542989002,0.949594919721092,0.946887697871575,0.9469648774356646,0.9441615371438313,0.9500119837344444,0.9432571782679483,0.9492290470543374,0.9465392015534624,0.9496845101973268,0.9461587739235654,0.9477384043839621,0.9461226550454482,0.9460662538611052,0.9450477645971089,0.9489622919626801,0.9459680430893528,0.9453496110390646,0.9499437723178715,0.9413242057384674,0.9469030566548586,0.9465041956838773,0.943665437119475,0.948606646792389,0.9476806268285878,0.9448800351444244,0.9475286813612409,0.9490976657487948,0.9438020740448112,0.9463001366555062,0.9438630609334127,0.9446875933899206,0.9510230789320805,0.9463892090997871,0.9469095085776602,0.9507865409094325,0.9433838088765198,0.9461806768546936,0.9471252092896195,0.9463162202833939,0.948498850927289,0.9492706833737613,0.9460896535459654,0.9444876940548769,0.9460974139034102,0.9482407162821969,0.948931725006822,0.9439670261862163,0.9436937972278684,0.9486443434430482,0.9448844405418553,0.947558408010563,0.9474922751622222,0.9442107332567402,0.9471782753744471,0.9492930120397973,0.9479442303568242,0.9486175404521783,0.9429090577551522,0.9465778340024994,0.9453946374798684,0.9467402110973722,0.9477136153847632,0.949059461907404,0.9467099726908563,0.002144570028179864,125
615.0760019588471,198.32662979444675,1.4856993103027343,1.4951755760749603,0.08832582271700674,13,0.428273055863934,2,4168,0.873909678975658,"{'learning_rate': 0.08832582271700674, 'max_depth': 13, 'max_features': 0.428273055863934, 'min_samples_split': 2, 'n_estimators': 4168, 'subsample': 0.873909678975658}",0.9473851657401218,0.9420663672335022,0.9408091175567096,0.9450551533669954,0.9427464558653196,0.9374734916085483,0.9457882958822781,0.9440190548054154,0.9455232789458392,0.9428798502498732,0.9476543771781295,0.9442257190287636,0.9433834112176093,0.943765250388881,0.9435948622417797,0.9431653293731405,0.9398573995665969,0.9435418053801417,0.9459154086824741,0.9466551870121855,0.943765941987528,0.9438729237864373,0.942931357951116,0.942443144768431,0.9439967612117421,0.9441911426226871,0.9433941106450413,0.9406217673630473,0.9451980965473699,0.9444326307398431,0.9435649104658492,0.9448967303343143,0.9414648826161641,0.9480034576859486,0.9418380969492429,0.9404035817968607,0.9439964922133334,0.946738931501121,0.9450303576107928,0.9437904318992139,0.9397848655607376,0.9471623322370268,0.9415253641697222,0.945706039126143,0.9432150339545093,0.9462840441615977,0.9436233368936552,0.9433113065941492,0.9429550725100448,0.9420984710758326,0.9416308304567512,0.9454176933986332,0.9432025663961874,0.9424515476112247,0.9468594554588298,0.9384062748232628,0.945020841536368,0.9445734643042363,0.9412309055123038,0.9452688985404213,0.9462100516254752,0.9417124001720741,0.9439725883277256,0.9461545501454254,0.9411345901597732,0.9425674164185105,0.9417044314856075,0.9426105941406767,0.9468189521261262,0.9447335237118644,0.9443338087434338,0.9482734593279563,0.9405405211615412,0.9436593637805194,0.9444369639855986,0.9420784725357891,0.9444493920769008,0.9463022117037504,0.9431615763420429,0.9413014960322598,0.9413230064317799,0.9455688169757926,0.945456290306158,0.9400906745638019,0.9422248454145761,0.9461429037642296,0.9420185619525095,0.9450373448984587,0.9454448880330962,0.9410017817490651,0.9442420782261817,0.9457488647514362,0.944064190730818,0.945557510048296,0.9400364648718242,0.9449283683000995,0.9413327487542635,0.9433045050598403,0.9436974298139734,0.9471751339005356,0.9437036184889182,0.002159141053127755,148
508.9185870552063,159.17121848538142,0.7244389867782592,0.7082540781736507,0.28733328872112207,11,0.6274913356331124,2,4168,0.9388869302141626,"{'learning_rate': 0.28733328872112207, 'max_depth': 11, 'max_features': 0.6274913356331124, 'min_samples_split': 2, 'n_estimators': 4168, 'subsample': 0.9388869302141626}",0.9381390397272142,0.9351682159893376,0.9331356017028097,0.9360351657933055,0.9346042274817392,0.9304168888541382,0.9374341580085812,0.9361793313179262,0.9385187355256718,0.935401959456723,0.9376498505565507,0.9375763271982908,0.9347475888333471,0.9362528988342412,0.9356409871229955,0.9338199791024087,0.9340043008094746,0.9340849608508269,0.9384867961326008,0.9384629123915532,0.9351532946796851,0.9378536323307121,0.932683933674132,0.9334434946880051,0.9340252628876922,0.9389196460537437,0.9358074088076958,0.9312714722890142,0.9359307375287469,0.936631184619307,0.9372026739847329,0.9337219775573683,0.9346682073198195,0.9374930757312416,0.9335674792792487,0.9338977490707552,0.9350707830047262,0.9402570074016477,0.9374797102327252,0.9354556096846118,0.9352726013808267,0.9404163153163323,0.9327220536253207,0.9404187787182459,0.9349543708344035,0.9369572089956756,0.9353425725145467,0.9329328571102942,0.9342814853341093,0.9343483312419935,0.9345916398763061,0.9348009291205452,0.9343716710122049,0.9337404947916421,0.938441590789868,0.9333482208012844,0.9378311401555395,0.9386939057630873,0.9322743850714943,0.9357744954063929,0.9375053680250517,0.9328766796311057,0.9352353874176053,0.9357474619928626,0.9325752997335399,0.9361260520864851,0.9342402254862666,0.9345336920330638,0.9393681660041672,0.9353999497140723,0.9363612658566626,0.93963612422554,0.9329199337173224,0.9362917918880951,0.9325954947412972,0.9328684289925104,0.9363540541343046,0.9364376479167691,0.9355708717650697,0.9331228182617671,0.935209972124244,0.9365911935771615,0.9361896295138606,0.9336234323798756,0.9344446376599397,0.9403628667496499,0.93362665244735,0.936031728423625,0.938403780179236,0.9346246602579121,0.9350377063612001,0.9382318507885251,0.9394005913295098,0.9379715180703947,0.9359086490441834,0.9380648951109976,0.9330945765040307,0.9363517635891436,0.9376181987782459,0.9376972747533594,0.9357206160564147,0.0021695068466855544,180
1254.257787156105,255.08582430712568,1.0837049412727355,1.1137554346152898,0.03594663627942926,10,0.8880390710398196,2,4168,0.7827852299245324,"{'learning_rate': 0.03594663627942926, 'max_depth': 10, 'max_features': 0.8880390710398196, 'min_samples_split': 2, 'n_estimators': 4168, 'subsample': 0.7827852299245324}",0.9531420821288722,0.9488718531144879,0.9456463792623798,0.9498022466101015,0.9496595744526288,0.9459850693427417,0.9521837574240467,0.9481834903938845,0.9510371434298758,0.9493176733922697,0.9524874321743596,0.9511488330231205,0.9497135603973568,0.9502468206536538,0.9501862202755826,0.9488345171762195,0.9462995236180646,0.951118068937229,0.951231677062193,0.9527303448732038,0.9518590222487082,0.9507005356672977,0.948151397718939,0.9491229567435969,0.9494611593242615,0.9504391596626145,0.9481725832785304,0.9468930982765081,0.9510866659526316,0.9519485591202335,0.9503160102856729,0.9491143283526227,0.9485009448376563,0.954091790236984,0.9476876097809573,0.9485782902183562,0.950055507787777,0.9531950921213214,0.9501481662523991,0.9487450798393741,0.9466982758395447,0.9532172151214713,0.9478635976771482,0.9533830325694765,0.9492262674991233,0.9521883053723527,0.9493648976424975,0.9511070471955141,0.948982754629404,0.9493952548759724,0.9486692206425803,0.9511909460010138,0.9494719793608707,0.9480646988065963,0.953165732229406,0.9463979659418587,0.9502552878785068,0.9494242382934849,0.948383681988293,0.9515466556960207,0.9506376085419502,0.9475932101013583,0.9495477501768489,0.9527913264697413,0.9453136181203662,0.9496829284979655,0.9470095337059156,0.9481615287703611,0.9535372867528419,0.950430656620244,0.9502238989015761,0.9543072468853121,0.9469019578576291,0.9499078683387645,0.9507904107934495,0.949126096176954,0.9502251929971557,0.9513927702683329,0.9496860333507832,0.9480378026317382,0.948971357694461,0.9527559248852236,0.9521364775906929,0.9475843160767626,0.9479810766270823,0.9522682103824706,0.9481618378786627,0.9511584061142767,0.9507463655019173,0.9471666697445063,0.9504670042752165,0.9514903200637315,0.9514579567148753,0.9515880516446747,0.9465884319255977,0.9502420563241807,0.9475132038724254,0.9495002985207956,0.9502177186405177,0.9523406280703018,0.9498973231921752,0.002009859632238612,59
733.4963562488556,213.97942277574592,0.9227976608276367,0.9467956413593126,0.14031304686898666,7,0.9116015530289661,2,4168,0.5801054408836229,"{'learning_rate': 0.14031304686898666, 'max_depth': 7, 'max_features': 0.9116015530289661, 'min_samples_split': 2, 'n_estimators': 4168, 'subsample': 0.5801054408836229}",0.9495630076696845,0.9458000783557418,0.9450555896522334,0.9476350011850501,0.9463870404436594,0.9445263135432567,0.9493137275351241,0.9462170803694926,0.9478367865555185,0.9478416726109176,0.9482470444441563,0.947642883566905,0.9456715165829227,0.948025006017377,0.9459990867679596,0.9475071249473976,0.9434757267633755,0.9478355616575108,0.9482122152849269,0.9487886217409142,0.9477450077416912,0.9492834340104019,0.9461993267105906,0.9467451143775117,0.9462131106064925,0.9466744448288734,0.947034664295655,0.9446868005004909,0.9481169231209454,0.9481148134632994,0.9472106051718087,0.9464337698302868,0.9452869983335906,0.9521946996785395,0.9441575541869388,0.945035945491442,0.9477726187829061,0.9513403590588001,0.9466359332157517,0.9462877140810466,0.9458786527038173,0.9503182611525567,0.9429999363028285,0.9506016363572461,0.9457641085936811,0.9501926540609564,0.9460210679334162,0.9468033939255538,0.9463467804357204,0.9451166166040869,0.9474388386755049,0.9494239821045654,0.947771098771024,0.9479626613821217,0.9480983448706347,0.9447988027728412,0.9485266608826676,0.9478305910474653,0.9452427578558971,0.9491005824479024,0.947922213605485,0.943617812949366,0.946925935574481,0.9488979865772935,0.9435820353566305,0.9460995437137574,0.9445629302236449,0.9439034448597571,0.949661287014333,0.9464792737216755,0.9489503135127283,0.950616142568879,0.9443287809837371,0.9480040962297154,0.9463295733891315,0.94644698817477,0.9443913289701327,0.9479233221256791,0.9475149463475007,0.9447605050553792,0.947105982314306,0.9485128862075879,0.9500762351162991,0.9450808460887913,0.9444154926823526,0.9478937399363909,0.9475072098442913,0.94768200893462,0.9490943187422296,0.9446213427648199,0.9482400098711953,0.9490072143450654,0.9496232090644499,0.9472738074994709,0.9429740776573915,0.9476836088973805,0.945008762262756,0.9467370048166903,0.948712042217227,0.9497242869296255,0.9470888089920869,0.0019385661517446733,118
552.4325067973136,210.18819089695396,1.4503943276405336,1.5007229338088686,0.0032620046892131676,9,0.5664903042580324,2,4168,0.5709004491856419,"{'learning_rate': 0.0032620046892131676, 'max_depth': 9, 'max_features': 0.5664903042580324, 'min_samples_split': 2, 'n_estimators': 4168, 'subsample': 0.5709004491856419}",0.9497384330076282,0.9464619596688241,0.9433057750754245,0.9477968559213048,0.9461310963424278,0.9423658388857015,0.9501524411386272,0.9459193502181764,0.948807826024404,0.9463253032577974,0.9488551088502737,0.9484173605879003,0.9466817590872867,0.9471188975795354,0.9467422344778891,0.9469511572701177,0.9424060963919341,0.9479311611776156,0.9488033546114256,0.9491651993396937,0.9473867817361818,0.9477828213796374,0.9455792980137653,0.9455934074630896,0.9469915522041115,0.9471049486032609,0.9457341149098626,0.9433664857458732,0.9494371375790142,0.9488624812564562,0.947321829868995,0.9459972442257003,0.9449474673288307,0.9513195116569909,0.9446509557486685,0.9445935930703487,0.9472717549760634,0.9503216329490808,0.9478590408195424,0.9457849946006459,0.9442433132041201,0.9500557494513973,0.9443539122663013,0.9494264460170813,0.9463499686142044,0.9492128121281727,0.9461691334087992,0.9471636646870388,0.9463490023663174,0.945531894405774,0.9448870038048028,0.9487329587861488,0.9468804095258078,0.9465947559254748,0.9497248024050186,0.9440698896308851,0.9475098513681082,0.9477193342514888,0.944725304145273,0.9489901513072104,0.9485271314450591,0.9443648410847632,0.9467726925281796,0.9491676641069561,0.9433647700064512,0.945986061857212,0.9446705098840953,0.9451929300450079,0.9498276362523835,0.9482856943663435,0.9477136040205969,0.950137525947224,0.9431209262324982,0.9467502543735209,0.9472196087002299,0.9458476328007571,0.948001168752388,0.9485714217814719,0.9462271027058786,0.9449822995586253,0.9469064582486122,0.9485110657409005,0.9484348379427907,0.9443614773024726,0.945073452631582,0.9488160011948752,0.9456428953701288,0.9482901479394982,0.9487630523088617,0.9437262160881041,0.9480353118556578,0.9495944422284457,0.9475639780300317,0.9479570861331864,0.9435216983425402,0.9473846950974503,0.9446808382929313,0.9463107226206808,0.9475666085517512,0.9493506156774567,0.9469189769879713,0.00198456957588262,123
889.3031592226029,223.37402553096504,0.708062961101532,0.7280174564892535,0.017978880263594194,7,0.7577915753594879,2,4168,0.851544284885785,"{'learning_rate': 0.017978880263594194, 'max_depth': 7, 'max_features': 0.7577915753594879, 'min_samples_split': 2, 'n_estimators': 4168, 'subsample': 0.851544284885785}",0.9540423509898414,0.9511547395489871,0.9480597671477493,0.9521920386305064,0.9509825973395203,0.9484642511806319,0.9543810621718702,0.9497261812847341,0.9535198763316299,0.9509128003263397,0.952181913079264,0.9530424114759134,0.9512363201070801,0.952521178747681,0.9508157534564391,0.9515813081051603,0.9469147582134901,0.9527109887697771,0.953280199530749,0.9537814422314194,0.9521006245978437,0.953550320384437,0.9502252796221974,0.9498776063906142,0.9517500321370982,0.9512371229614284,0.9506885497671872,0.9485898470655958,0.952675697061011,0.9532794107022431,0.9515347049114186,0.9508527641739289,0.9501358736188972,0.9553487862373612,0.948555703839375,0.9489503492568342,0.9520784808951682,0.9546633747072962,0.9520677561309323,0.9505578267902407,0.9492507175358632,0.9532922287012298,0.9488974309058053,0.9538248446555333,0.9515782405601602,0.9534535757891863,0.9518434620780101,0.9517371424888429,0.9501543862082849,0.9507609245390383,0.9503680593291783,0.9528879279179304,0.9515586107286769,0.9507091597339549,0.9535111719598893,0.9487068809328675,0.9521439149622615,0.9518651491313561,0.9501392157505306,0.9530888973575872,0.9532267775639769,0.9486373748128858,0.9514886235253209,0.9537242427304652,0.9485389934396758,0.9506426184363457,0.9490419380154274,0.9493544012209668,0.954992935286187,0.9523514167971431,0.9519458573791294,0.954911684332958,0.9488889675937244,0.9519377107231305,0.9513297211429355,0.9508377050055784,0.9516373745591445,0.9530698099595784,0.9516715908820003,0.9492945368375663,0.9521182423888372,0.9533823302619295,0.9525777896805461,0.9492754609240586,0.9489447845905306,0.9528389929004546,0.9505072543726502,0.9525377189453659,0.9535950173358866,0.9490632624405908,0.9536812753950189,0.9538493154594686,0.951964264075341,0.9523522111357221,0.9478257097910929,0.9516024989744528,0.9490534363986066,0.9515567367960499,0.9520635714695957,0.9538070746759625,0.9515011521944237,0.0018341165570740442,36
806.3212827539444,295.48940953826553,2.4199348068237305,2.435101630262261,0.009806240235313657,13,0.5414693009621911,2,4168,0.6923199457362502,"{'learning_rate': 0.009806240235313657, 'max_depth': 13, 'max_features': 0.5414693009621911, 'min_samples_split': 2, 'n_estimators': 4168, 'subsample': 0.6923199457362502}",0.9515241100679319,0.947495897615521,0.9450497254768921,0.9492595833736768,0.9469890330983501,0.9433176066574069,0.9507443451493424,0.9482633780107753,0.9503509774666672,0.9485206436484868,0.9508955510127312,0.9497774867191859,0.947122302810472,0.94908189033222,0.9481899424604141,0.9478507562044289,0.9449244415620979,0.9486355140552257,0.9509475173144815,0.9508965884396677,0.9486158886695378,0.9484092263879257,0.9469450545022401,0.9475802536844821,0.9483952469719344,0.9489821988635838,0.9474396129135756,0.9450609810532082,0.9504383391229957,0.950061419528051,0.9492157583930103,0.9477742810484864,0.9462796276484244,0.9533024141804358,0.9464356114180167,0.9463231506677323,0.9484084169393149,0.9513487945741665,0.9495376870005738,0.9482375463706416,0.9451780918526107,0.9516147541627845,0.9449659565786874,0.9516015978799529,0.9483615057784386,0.950872024976596,0.947676668990731,0.9493747698931255,0.947652153739842,0.9467341425419511,0.9468839354542707,0.9502445164119863,0.9481687831094991,0.9472217854309132,0.9514673004012688,0.9443743015326658,0.9499118399584892,0.949591765853611,0.9455718858081507,0.9503155534358064,0.9491691640693041,0.9461880813876521,0.9486353440534788,0.9510679311604332,0.9450544142983539,0.9482127250321396,0.9457745693941398,0.946692782540475,0.9515085626036482,0.9493820064675033,0.948854236944784,0.9520434889085082,0.944342664965711,0.9485357799235505,0.9485185350562847,0.9473472412985029,0.9497723986994878,0.9500963210334494,0.9481963920642141,0.9462566748425721,0.9478956494944871,0.9505450146945026,0.9503377587009979,0.9454974313173721,0.9459234892442864,0.9511422917158111,0.9467394803275891,0.9506847659170248,0.949935751000885,0.9458644430042803,0.9489559983154708,0.9509378748746684,0.9500647173337126,0.9498890725574959,0.9453189420606507,0.9493792640556649,0.9460029363095988,0.9481202797390108,0.9489838291152282,0.9511226019284345,0.9484540304165705,0.002084704592342994,93
1500.058302438259,338.17278402514944,3.104660768508911,3.1897303788883553,0.002176486797469943,13,0.8261528131375593,2,4168,0.7664813868239325,"{'learning_rate': 0.002176486797469943, 'max_depth': 13, 'max_features': 0.8261528131375593, 'min_samples_split': 2, 'n_estimators': 4168, 'subsample': 0.7664813868239325}",0.9485527946490485,0.9430617760532568,0.9396812566591924,0.9441432745109254,0.943409736309154,0.9388591342479454,0.9464424927683129,0.9436881468591602,0.945806451446522,0.9438811494765185,0.9475579800763947,0.9453949747974678,0.9432700903176323,0.9442067103728469,0.9443231381869936,0.9436097388137514,0.9407656244913833,0.9454935089964769,0.9457007380700138,0.947167980587415,0.945050756013041,0.9433205688436483,0.9426712638468892,0.9431128752314742,0.9446532143500669,0.9452793891396765,0.942842553153774,0.9403937004262026,0.9465280322493874,0.9464693994543284,0.9443328786277009,0.9433890598315979,0.9422665772733173,0.9495100360054954,0.9416952011127417,0.94245494426978,0.9446229432415255,0.9477717909656158,0.9448231785754764,0.9439987322465342,0.9398306627578017,0.9475225477619494,0.9411958274045115,0.9477203938491786,0.943102117115528,0.9465154064011697,0.943551519408594,0.9455852149466296,0.9434095290928295,0.9432167467904061,0.9419976711443436,0.9459111972375541,0.9440492716424735,0.942802014029597,0.947939006293631,0.9400660370875126,0.9449801124227364,0.9439888455230702,0.9414994929695412,0.9470817678224841,0.9459194093119652,0.9417346386972535,0.943872728162248,0.9470749771335113,0.9407681615894968,0.9444042889888387,0.9403363266612014,0.9428448873007474,0.9479436088353963,0.9457217391930445,0.9442546601217097,0.948744337051144,0.940648074065889,0.9441604757776836,0.9443649970247714,0.9427595783004596,0.9450202616914232,0.9459868045892202,0.9441902903653843,0.9420474195365707,0.9431135668375048,0.9472586074149245,0.947054325968162,0.9413166676378969,0.9416624925847619,0.9463978118553379,0.9415897926177096,0.9466485011462368,0.9450028448800697,0.9420388439142541,0.944216080815867,0.9460943817194656,0.9464019705427874,0.9465744238158234,0.9407968649109351,0.9454197861340131,0.9421774319028186,0.9437029035046296,0.9437948669881346,0.9467298174046839,0.9442295882124421,0.002290183738393229,145
357.4694014501572,124.72907624159407,1.0729352450370788,1.0940218174503755,0.06777858563396964,8,0.3922157199544671,2,4168,0.5830073928577384,"{'learning_rate': 0.06777858563396964, 'max_depth': 8, 'max_features': 0.3922157199544671, 'min_samples_split': 2, 'n_estimators': 4168, 'subsample': 0.5830073928577384}",0.9545809931674548,0.9521196916621039,0.9485591248672091,0.9522240812983129,0.9507266758355973,0.9480121525882177,0.9544460138019838,0.9509399929446398,0.9527381375289404,0.9525976516001164,0.9532631225422534,0.9528978892264732,0.9523149588900521,0.952596931013945,0.9503224265808294,0.9527560215946079,0.9471144479158626,0.9523298515223192,0.9538103055586198,0.9534408660179727,0.9527255058283257,0.9533968308432292,0.9514040678075093,0.951333605886367,0.951828337602064,0.9524817883963936,0.9514606229049007,0.9489619638756556,0.9534702291569889,0.9524329676700946,0.9516258163211369,0.9511807540787957,0.9492487252910603,0.9567883891715635,0.9495294302547678,0.9492561778767505,0.9520061267262102,0.9540161715138867,0.9527560769818059,0.9512755496692774,0.9508422839215607,0.9545484430921531,0.9477607726176265,0.9548911175382429,0.9521802560037772,0.9541743256853051,0.9509503746676672,0.952085641433118,0.9508166794514631,0.9510199792573976,0.950012355532213,0.9529832136794701,0.9517037042676489,0.9522942827655174,0.9532357946392256,0.9491117366068528,0.9522835529513458,0.9521421083718234,0.9482704700717317,0.9536578677484464,0.9526498814577185,0.9488340400930916,0.9514271876113708,0.9534517944096156,0.9492651211935884,0.9514311185378344,0.9498778583756612,0.9488629587570524,0.9549133684470094,0.9525224355537633,0.9520941024753427,0.9538331664893756,0.949090903198905,0.9523895608531716,0.9511689013906245,0.9519464474274985,0.951673548028457,0.95265228691534,0.9514188107188933,0.9495374853189282,0.9516576546740864,0.9529884087720941,0.954272824326095,0.9493238723521077,0.9503722540595467,0.9528475972227151,0.9505713735567559,0.9530244609694949,0.9534974231564011,0.950110425301175,0.9536255970327863,0.9540785274854896,0.9514541080950047,0.9517569759334207,0.9470431046782035,0.9519625106769675,0.9495060915098498,0.9520506348406687,0.9526250902677096,0.9548343553316831,0.951765797018124,0.0018693443005385576,29
780.0100288152695,257.6543266608587,2.4050461983680727,2.394226490335683,0.0026724417314984536,11,0.47022433911113204,2,4168,0.7987739237749492,"{'learning_rate': 0.0026724417314984536, 'max_depth': 11, 'max_features': 0.47022433911113204, 'min_samples_split': 2, 'n_estimators': 4168, 'subsample': 0.7987739237749492}",0.9509352418827153,0.9470303903077288,0.9438622426856954,0.9486249358585342,0.9467889287763829,0.9424612556692932,0.9502133736768195,0.9471047023843723,0.9498028231054151,0.9475123456406385,0.9499379089881729,0.9487156785247808,0.9474433894567345,0.9479790384121168,0.947845237711641,0.9477043896596575,0.9436738122952173,0.9485700689336788,0.9498775778336974,0.9501939217479614,0.9485052095529801,0.9481892530402691,0.9462196658009624,0.9462144161824467,0.9477235390002937,0.9483891994857734,0.9465444597637797,0.9440164069670153,0.9504340598937066,0.949501505618138,0.9484834104809989,0.9469183575795567,0.9459303941897736,0.9522157376788184,0.9454915472573123,0.9452709732251826,0.94796255750529,0.9506940113011996,0.948922331246077,0.9471132280223571,0.944749904100538,0.9512430684176006,0.9449163912611369,0.9504646828138569,0.9473797095044426,0.9497977976980663,0.9467912370021605,0.9483975477783639,0.9472016230900752,0.9460736678289082,0.9461203206562089,0.9496427425334603,0.947551273010218,0.9469767922747571,0.9507431823759744,0.9443400177549357,0.9485952902158536,0.9484456414888539,0.9453849695757585,0.9494635407594361,0.9488062790452362,0.9452516140416046,0.9478164064538375,0.9498193393431291,0.9445274004804702,0.947062848244703,0.9454569741797467,0.9461573730962274,0.9505644830325435,0.9489138702144854,0.948517709407028,0.9512212244563906,0.9439226212575567,0.9477620899452025,0.9475530203244789,0.9465214055941529,0.9492215433933495,0.9490995961321789,0.9474683012286413,0.945664156513984,0.9473783940485335,0.9497084475954402,0.9494763818467808,0.9449149473990128,0.9457215310714782,0.9502886408942006,0.9464268578884381,0.9496915949074736,0.9491397220173481,0.9446182934480101,0.9487099191228189,0.9502135178471114,0.9485191198052693,0.9494304890780098,0.9444587995319593,0.9484729993134846,0.9453125748344509,0.9475221750462642,0.9482060369848943,0.9499760591330477,0.9477481168568275,0.00203160115776174,108
1023.8070518922806,299.08333554915157,2.5162084126472473,2.499044768109544,0.002373675310108523,11,0.7125523766171264,2,4168,0.7699160323593887,"{'learning_rate': 0.002373675310108523, 'max_depth': 11, 'max_features': 0.7125523766171264, 'min_samples_split': 2, 'n_estimators': 4168, 'subsample': 0.7699160323593887}",0.9499838587583578,0.9458292353321833,0.942238670636065,0.9470405873053681,0.9452972339499154,0.9409675611682617,0.9490542096222608,0.9455455561111833,0.9482207835979112,0.9461816276285566,0.948793237749509,0.9474826229527784,0.9457713533024968,0.9463013776555721,0.9466033715920449,0.9458344326699718,0.9427969785411859,0.9473823471572688,0.9481172003459675,0.9490824370227229,0.947332058327827,0.9463351939269594,0.944950631770514,0.9448977647195738,0.9468322482721322,0.9470297848860061,0.945042074499379,0.9427597492908263,0.9487455329361569,0.9484070548047168,0.9469416982948365,0.9453803174408443,0.944564012874675,0.9511424843585474,0.9439857336435209,0.9440966660048018,0.9464388427900192,0.9496595213767757,0.9470279543285647,0.945962855126426,0.9429359015246683,0.9498782585049529,0.9434177138652727,0.9493255664078688,0.9459233057943179,0.9483065871276096,0.9457755530688942,0.947433799945658,0.9456931682176928,0.9450932984937062,0.9444350051976367,0.9484311354454347,0.9461719766705515,0.9452181710847265,0.9496456557524269,0.9428535477366357,0.9474134154479802,0.9468506329816588,0.944275108065112,0.9482234007863436,0.9473426340456071,0.9440452687599783,0.9463748004463897,0.9486068537325087,0.9427935262895454,0.9458535139588404,0.9434531599303313,0.9448242839082353,0.9496123356651767,0.9477582538735994,0.9468222551443836,0.9503576364152188,0.9424278493771014,0.9462466755822652,0.9465832994716051,0.9447803832370631,0.947583373413447,0.9478330538310672,0.9460409557065378,0.9444872175447641,0.9456826329831437,0.9487097790374388,0.9482560331560281,0.9434703564245005,0.9443046142077693,0.9487455773031603,0.944769603362492,0.9483753079965151,0.9474392919416992,0.9434618934799116,0.946959979067002,0.9485441136070478,0.9476819674856714,0.9481060401758736,0.9431522673766287,0.946960384481054,0.9441254108976823,0.9455661360711987,0.9465357318859389,0.9488592370646557,0.9463689175323091,0.0020997236207717217,133
589.7026353597641,196.48274297201428,2.831942822933197,2.7106093286063113,0.002366196923256197,11,0.48210408355297696,2,4168,0.5991258104919015,"{'learning_rate': 0.002366196923256197, 'max_depth': 11, 'max_features': 0.48210408355297696, 'min_samples_split': 2, 'n_estimators': 4168, 'subsample': 0.5991258104919015}",0.9505435143759341,0.9465218047452139,0.9435828457012202,0.9480828315392297,0.9462881009413049,0.941733900096027,0.9498633842021553,0.9466580998097842,0.9492809163962205,0.9468270708792266,0.9495047079807101,0.9482256327596548,0.9468285417887654,0.9471061938665857,0.9470218636457867,0.9467816977728675,0.9432985959976741,0.9482496014330258,0.9494311041483587,0.9498457854347713,0.9479682871064989,0.9479925740388673,0.9460517427549356,0.9458811870586312,0.9474333243880559,0.9477601275136548,0.9456392612715708,0.9438558177242766,0.9496774250837626,0.9489408190298697,0.9480847551283003,0.9464427490495143,0.9452346274035682,0.9517923377085264,0.9450062600111216,0.9448861148607791,0.947535139583285,0.9501974743357042,0.948348699905303,0.9465006024487124,0.9443060971478487,0.9504936528884815,0.9444848486603097,0.9499780718600228,0.9468112875635983,0.949612494796381,0.9464482349955158,0.9474712375141814,0.9467174092801073,0.9457418825461915,0.9455580828924555,0.9490826967510367,0.9466990379071711,0.9466939346473665,0.9501083053838524,0.9440731284995838,0.9482099411826092,0.9482486779119557,0.9448625187355528,0.949074697509277,0.9486215269329807,0.9447854839151141,0.9471307213522356,0.9494526139524206,0.9439871164217697,0.946733058101964,0.9447469261041989,0.945381412245638,0.9503915871453299,0.9485008414610946,0.9479138314121676,0.9505527296523426,0.9433502236655735,0.9469911711273881,0.9475199043332927,0.9460540822868376,0.9486031272380472,0.9486476079156697,0.9466800594380476,0.9451102537940753,0.9467520723051203,0.9491543648232178,0.9489277169710771,0.9445368921116322,0.9454857435985677,0.9498243774035547,0.9459282047791168,0.9490584493143559,0.9487818638945159,0.9442895289605469,0.9481167854932666,0.949963648960859,0.9482043141902724,0.9487075858067027,0.9441385468951208,0.9478961303195392,0.9447365332050572,0.9468319037485615,0.9479215165818299,0.9495607149331203,0.9472555293138515,0.0020303723855970577,114
926.2901230740547,207.51869477491218,1.2851466631889343,1.336337510333539,0.0021286381843707647,8,0.6943370307769066,2,4168,0.9473678158938548,"{'learning_rate': 0.0021286381843707647, 'max_depth': 8, 'max_features': 0.6943370307769066, 'min_samples_split': 2, 'n_estimators': 4168, 'subsample': 0.9473678158938548}",0.9415660280142446,0.9385837021607029,0.9337935477718231,0.9389537279831012,0.9372375725499853,0.9334078008010095,0.9419739513364203,0.9374778599975327,0.940998039134098,0.9374833646922518,0.9405191672281606,0.9394200837903562,0.9376584831442657,0.9377428685443691,0.9383519117782624,0.9380340189792673,0.9332071410252659,0.9397665227026183,0.939852023868336,0.9410399674463056,0.9391297436978551,0.9389205482201107,0.9363013548517309,0.9373569141489431,0.9386101833951748,0.9387905763029845,0.9371311194609167,0.9346522823258474,0.9409023648022297,0.9408412258004193,0.9392620950709268,0.9368718898364612,0.9364028532294435,0.943057065663594,0.9353030140504321,0.9353141269881889,0.9381494337520977,0.9420946955546913,0.9390690538288078,0.9372560887050505,0.9357845560148919,0.9416873572019417,0.9353069017022908,0.9407131226129097,0.9373189820162949,0.9408063794629369,0.9373705340463209,0.938597550970029,0.9372553152477946,0.9365249300122479,0.9363240546203818,0.9404874901023234,0.9380302280049004,0.936968477573263,0.9413999948576381,0.9352155480397712,0.9385490996281916,0.9395757642007886,0.9361788988765757,0.9404751582300406,0.9401935968163593,0.9355551051677253,0.9384082475566953,0.9410365516835413,0.9343545762198094,0.9375836617792048,0.9358153201607597,0.9365691184030241,0.9404425645805515,0.9390344454503192,0.9389491658331514,0.9421002843669394,0.9341603494013676,0.9374608705125996,0.9385801076689179,0.9367982972427894,0.9396432914176918,0.9401315898048614,0.9373336414561474,0.9366924260091927,0.9380962949360365,0.9399330016652806,0.9399705190660153,0.9359085815508468,0.9365203540352098,0.9396911963782147,0.9369689635713361,0.9398591094612219,0.9405322590990627,0.9346463675406755,0.9396608019627998,0.9404171890928927,0.9392464403505968,0.9392550778751796,0.9347624276820629,0.9386917697535444,0.9352483670624056,0.9378285643678764,0.9393620199141114,0.9410733127315146,0.9382557058568435,0.0021844329868481883,170
373.7870467615128,141.79747324925913,0.649519727230072,0.6618030053173976,0.33768544846210125,10,0.5151492988219598,2,4168,0.8884175121471927,"{'learning_rate': 0.33768544846210125, 'max_depth': 10, 'max_features': 0.5151492988219598, 'min_samples_split': 2, 'n_estimators': 4168, 'subsample': 0.8884175121471927}",0.9341434645198652,0.9325147978312374,0.9261812000108257,0.9333158193824679,0.9316868768341645,0.9299900738956672,0.9360775273581091,0.934037971456459,0.9332313858506389,0.9309537002470979,0.9366666295197035,0.9341903106006205,0.9317658702039088,0.9323971905653942,0.9302706942426736,0.9333466388992055,0.9275010898071592,0.9346712374058199,0.935336992428733,0.936485886395197,0.9345475060362624,0.9355313492465617,0.9339970659275216,0.9315096330395032,0.9311131921791546,0.9329148786527744,0.9299062379313865,0.9286627426068731,0.9356838110623101,0.9351910453419141,0.9331013808149022,0.9311082285214384,0.9317742396366595,0.9372729196707204,0.9270225095898758,0.9274150660513437,0.9361583862526716,0.9337433390759025,0.9325341337701849,0.9327748649603572,0.9325263161437705,0.9369776381429409,0.9270099079909853,0.9371961045397704,0.9321679450160927,0.9361503201236004,0.9342330822963996,0.9333007436975912,0.9335368457946328,0.9343903640808149,0.933826897490373,0.934055684227649,0.9321941195985965,0.9347463370190273,0.9358321674678386,0.9279793546215576,0.9325988372253879,0.9326429158886269,0.9304830533701904,0.9369089955198631,0.9351788635005976,0.9302495107368628,0.9342369223677613,0.9334010781208499,0.926890201070478,0.9317058885934186,0.9324765419093756,0.9295782811564091,0.9335623413677608,0.9334981776944964,0.9338087912834352,0.9338666102820956,0.9305806513678762,0.9336959713576669,0.9343584900486299,0.9297719008813464,0.932838203830425,0.9365607323861874,0.9318031633424335,0.9297594072741456,0.9345442257580632,0.934478578414972,0.9370581131469438,0.9311740066672061,0.9309598531332293,0.9361260135532229,0.9316950961733741,0.932651639880977,0.9358825063911114,0.9279904082346073,0.9347819592142019,0.9326457997454043,0.9347265574782857,0.93468262435031,0.9341018496645164,0.9332762667994066,0.9301063117064501,0.9333208779701592,0.9324396759996768,0.93840590958685,0.932943555205202,0.0026118231767762656,188
473.90530321359637,168.5472649536313,0.9759750652313233,0.9361846797706329,0.13067257002449995,6,0.5488674955512713,2,4168,0.6741671111544656,"{'learning_rate': 0.13067257002449995, 'max_depth': 6, 'max_features': 0.5488674955512713, 'min_samples_split': 2, 'n_estimators': 4168, 'subsample': 0.6741671111544656}",0.9507795804207668,0.9495534578735187,0.9450895293234599,0.949717552051502,0.9484130185516009,0.9469221220245403,0.952764014864134,0.946885973043922,0.950543926530096,0.9497199492238532,0.949640518976945,0.9498742479776563,0.9492158548744826,0.948316362744575,0.9476719902017313,0.9486682601256401,0.9451926998471946,0.9497015062944396,0.9526615549134836,0.9502311630934824,0.9498057649304937,0.9507516237522473,0.9478575542124308,0.948509111107006,0.9497952152572143,0.9490017230882667,0.9476460031409397,0.9458230804311203,0.9495349835285406,0.9499803197413527,0.94727803074841,0.9489882854677119,0.9479428552407785,0.9525085961317479,0.9457535141188416,0.9458088521067574,0.9502588613772331,0.9516426417418523,0.9496785197710776,0.9479328690985688,0.9473224941627639,0.9515404127691655,0.9463402288308308,0.9510690413242676,0.9495529480440675,0.9514256754289407,0.9499053434398966,0.9481703390296826,0.9460583725442872,0.9474589150277373,0.948150803568806,0.9496384409166008,0.94810589225995,0.9490046894007322,0.950152861650326,0.9470241586838186,0.9488613754654804,0.9493753123303057,0.946791886517974,0.951414737856996,0.9508782034508397,0.9455355059019112,0.9482569723141595,0.9494104932600284,0.9457441812172888,0.9467488084588573,0.9466599066847646,0.9467509927368485,0.9519491745634165,0.9499812810717196,0.949117859003173,0.9502442328885206,0.9478780239371769,0.949721483475777,0.9493596425835609,0.9490068991171536,0.9485557671725304,0.951662532976552,0.9478389179078067,0.9458155881051271,0.9495136538375684,0.950468703821192,0.9501984096068711,0.9484245683965973,0.9465780385038708,0.9515374387451576,0.94838795463132,0.9491895388770281,0.9509053782205469,0.9460266690708646,0.9507898323285295,0.9521197493014083,0.9487365114970439,0.9502716746986446,0.9454132384246432,0.9487130393126094,0.9470028314909444,0.9486140996182323,0.9493606140390278,0.9499534219115794,0.9488874745036313,0.0018382000005624517,80
735.2619261193275,184.11553110079785,1.4576229381561279,1.4509834567626676,0.1272092075710441,11,0.4752642182644895,2,4168,0.8186143880429952,"{'learning_rate': 0.1272092075710441, 'max_depth': 11, 'max_features': 0.4752642182644895, 'min_samples_split': 2, 'n_estimators': 4168, 'subsample': 0.8186143880429952}",0.9469773703372449,0.9424870077522955,0.9409083685001932,0.9466177834793379,0.9435692721655898,0.9397169352956702,0.9471569084453781,0.9439919067441727,0.9455606498225658,0.9438131968206748,0.9467261365248872,0.9460416258360719,0.943226071086582,0.945984594705603,0.9450771856883433,0.9448387986020533,0.9412341550196515,0.9449982814804503,0.945374927268824,0.9469849382899875,0.9447374736097315,0.9455228024063906,0.9450513572842781,0.9433186388449248,0.9450248535717574,0.946426493732002,0.9429939836661878,0.9428392216879966,0.9464218555004936,0.9469568848395897,0.9457018769604254,0.9443487010332133,0.9433181000604902,0.9477174319126306,0.9424607755305228,0.941362858842393,0.9460604989281418,0.9476030988042882,0.9448822477436444,0.9445750564553143,0.9418698098721741,0.9494644057839503,0.9427802121960258,0.9479557377126097,0.9432345178261472,0.9484129005192876,0.9453593055563447,0.9444971645889049,0.9453049198115222,0.9438378456798895,0.9427360250861248,0.9470139801096478,0.943193613034284,0.9422623838294626,0.9463253310795113,0.9421926469229984,0.945802959621878,0.9457748553003038,0.9419026173223082,0.9466718459850945,0.9463402846823346,0.9409786701125321,0.944457672851056,0.9465255982870565,0.9414369174193244,0.9453602848865609,0.9411641125759246,0.9440604386778546,0.9466801087310331,0.9456710107317449,0.9450793395991222,0.9477474864233686,0.9402971469976634,0.9452214386280302,0.9455220347047901,0.9431056269710931,0.9450507208858948,0.9463488873851341,0.9441761829412496,0.9423249267226026,0.9442106162963261,0.9466006564541232,0.9463925681960841,0.9419695821682128,0.9426126066265546,0.9480487137797405,0.9423221387477785,0.9469807781905447,0.9462519815341449,0.941416544207467,0.946441978549977,0.9464233972227802,0.9471878369250272,0.9465921088550517,0.9429500339171698,0.9459062286410824,0.9420745788602506,0.9435912891014165,0.943982738158401,0.9468990921784449,0.944716077619434,0.0020716093941860365,143
685.2611914753913,187.17234693487512,1.3314521431922912,1.312039112492179,0.0071527806525984805,8,0.5813957022812284,2,4168,0.774086064977166,"{'learning_rate': 0.0071527806525984805, 'max_depth': 8, 'max_features': 0.5813957022812284, 'min_samples_split': 2, 'n_estimators': 4168, 'subsample': 0.774086064977166}",0.9531455382801721,0.9500114900376266,0.9462263312786058,0.9512435060325931,0.9495313650597891,0.946438404570277,0.9531602711850967,0.9486614413027179,0.9524888060451582,0.9496508918412798,0.9518135234567556,0.9514043374910237,0.9502721985727725,0.9503010645499522,0.9498102914957687,0.9502798751605727,0.9460104826396958,0.951001201421168,0.9521269868422321,0.9527793980679938,0.950889201014071,0.9515366677998707,0.9489076799406998,0.9492735953290673,0.9502855716686461,0.9501380238424476,0.9494934945970498,0.9468074100772761,0.952058955945687,0.9522651271680691,0.950725877100765,0.9495488494409317,0.9487571605946732,0.9541705840610235,0.9474402124862982,0.9478587144692807,0.9504570912919038,0.9534066770930544,0.9511828306642895,0.9489871004487034,0.9477942054083064,0.9530891529761516,0.9477507675856598,0.9527731228075745,0.9498154217612689,0.9522057664695506,0.9495897479607647,0.95036320788159,0.9490853969131456,0.9489538314147008,0.9485656548751618,0.9522095462139867,0.9501524341385023,0.9496926612991541,0.9525935180091716,0.9475163556938356,0.9507252356357547,0.9507703740917438,0.9482523443820592,0.9518581089247269,0.9517313698826482,0.9475497992174399,0.9505931719092431,0.9523158628329751,0.9468520165774843,0.949064614839699,0.9473006795055945,0.948303574438841,0.9531595431104768,0.9515825600633055,0.9505706713893768,0.9532028356283154,0.9467317614332286,0.9501373601207812,0.9501629640885579,0.9493040513132543,0.9507733696705731,0.9517321653174807,0.9494359942482666,0.9478376088411065,0.9505103299321391,0.9516722521417926,0.9516851056710416,0.947769946847086,0.9478302947043288,0.9524488016149865,0.9493686097890408,0.9513041236054767,0.9520244296539241,0.9474239419705089,0.951364757310424,0.9523551041094469,0.9504533701583482,0.9511305157340985,0.9464622102468688,0.9503957934848343,0.9482281137876696,0.9497531202677555,0.9513003978606024,0.952599556122872,0.9501872783424977,0.0019124562523182764,53
751.4195486688614,198.60412689031588,1.0944374990463257,1.0713522784152147,0.008844347597902088,7,0.5947905713280809,2,4168,0.9451569559740671,"{'learning_rate': 0.008844347597902088, 'max_depth': 7, 'max_features': 0.5947905713280809, 'min_samples_split': 2, 'n_estimators': 4168, 'subsample': 0.9451569559740671}",0.9508823843022779,0.9479226630025004,0.9446035149866203,0.9486540739173581,0.9476548688720836,0.9447041373538676,0.9509798919022184,0.946312594216672,0.9500996578238686,0.9477950804377137,0.9493266593039,0.9496118776307683,0.947900487272426,0.9485932688611924,0.9477162889446595,0.9480258021277012,0.943693307324028,0.9494084517110982,0.9501240787956506,0.9505089652618653,0.9488074382593117,0.9498519160403979,0.9464895018308075,0.9474959198234921,0.9481056684294258,0.9483575369190026,0.9473718865475164,0.9451059473251312,0.9499616830845306,0.9504824387296539,0.9481227584014987,0.9474904442919865,0.9467187944609575,0.9518267677932636,0.9451371000633548,0.9451723692418598,0.9478415908151416,0.9518784430777838,0.9493629332068447,0.9467648290414208,0.9462373473474708,0.950877333494737,0.9461358731225473,0.9510579325988121,0.9478291883575352,0.9496815705201018,0.9476028665904387,0.948109248513271,0.9464710505733308,0.9465560191179079,0.9467979612324637,0.9497440318014767,0.9485630991320677,0.9473845098246191,0.9502456687681629,0.9461884516694657,0.9484502608288323,0.9490970789719126,0.9460968597673036,0.9501247159512382,0.9497191804650654,0.9451226617510232,0.9486552543739137,0.9498545761392786,0.9456257803084973,0.9476706203369544,0.9459313519568241,0.946389923301274,0.9509057497486746,0.9494498005763317,0.9486456806085755,0.9511337806873387,0.9448249863290672,0.948553856671323,0.9482760270027266,0.9478957731689092,0.9483664500998706,0.949869739526524,0.9481309794422892,0.9454372364611484,0.9484690418090804,0.9494039141604617,0.9492204802643857,0.9459989363164869,0.9458826823358393,0.9496466291595238,0.9474687739953589,0.9490789778277626,0.9500964942263647,0.9447343885116127,0.9501234081838644,0.9506333940569808,0.9486932598030108,0.9487192725478595,0.9445190753735007,0.948412729205674,0.9455887517990075,0.9478053687127337,0.9489556659220195,0.9504865419782672,0.9481451228476095,0.0018739701963939538,101
1350.9031044960022,324.75092060728844,1.7998776483535766,1.8178212646966965,0.013117518949995733,13,0.7641746250030121,2,4168,0.7304714556406326,"{'learning_rate': 0.013117518949995733, 'max_depth': 13, 'max_features': 0.7641746250030121, 'min_samples_split': 2, 'n_estimators': 4168, 'subsample': 0.7304714556406326}",0.9502662631464456,0.9450695020077569,0.9421493676235734,0.946550447664115,0.9456121976237917,0.941682487797511,0.9486451580755919,0.9457434066240393,0.9481667798475201,0.9457380770750258,0.9496322725967242,0.947621439957917,0.9455678987281603,0.9467025554043365,0.9461314811626278,0.9459894118492935,0.9427001589029527,0.9473203918287473,0.948322890794103,0.9493906960543702,0.9471515335586301,0.9458073238184227,0.945215683221781,0.9454312828448748,0.946632981663013,0.9475193977286326,0.9448738259916026,0.9424468037053308,0.9481547461251629,0.9488978710817969,0.9470960132323454,0.9453539255556013,0.9442907049158337,0.9518355794627162,0.9444745343405438,0.9448923907863839,0.9467646393380585,0.9499079517883978,0.9469643393228667,0.9463024695024294,0.9421776249497363,0.9498044249298768,0.9430983297445013,0.9498297231588408,0.9462180832265893,0.948775816845191,0.9457745211092373,0.9475596009445226,0.9456557496515208,0.9448496724012745,0.9445000182337584,0.9483676973517711,0.9460243570831333,0.9452409798666452,0.9495751409594825,0.9430290117184916,0.9475961240474077,0.9463302685827558,0.9438012856195725,0.9488344679319687,0.9481860172315293,0.9443869217318466,0.9463551974997905,0.9489588434773543,0.9434092807296172,0.9464560760436189,0.9429791102440487,0.9454298587761911,0.9502950603473364,0.9482295012276991,0.9466274273731159,0.9508085283662169,0.9432489926803299,0.9464995992150467,0.9470677034878714,0.94532338828346,0.9471461588293967,0.9478087259598094,0.9465274186791339,0.9438154869053906,0.9452072914528019,0.9491678912345309,0.9493016188659278,0.9435780288242042,0.9439666996246666,0.9489653112076795,0.9444581335153799,0.9490168430254263,0.9471268772098419,0.944042863679665,0.9463826346082056,0.9490584635030295,0.9482864193094558,0.948773895802503,0.9433002221020133,0.9472768024801125,0.9448234487391391,0.9458606763657496,0.9459094975959041,0.9488407559639283,0.9464896345330428,0.0021992026730459986,131
863.1230680799484,203.3819916736539,0.6472757267951965,0.6401455425913717,0.2565478901666342,12,0.907570519460756,2,4168,0.9451853140288553,"{'learning_rate': 0.2565478901666342, 'max_depth': 12, 'max_features': 0.907570519460756, 'min_samples_split': 2, 'n_estimators': 4168, 'subsample': 0.9451853140288553}",0.9371865888477924,0.9348313101512153,0.9317280550728052,0.9347380805016906,0.9359555380577045,0.9291974310814756,0.9359122988975681,0.9342215375542697,0.9336901320088954,0.9314947228978785,0.9387372216742044,0.9370539782249786,0.9327087494724053,0.9349248017630052,0.9357064400651203,0.9342409258121026,0.9326026276035806,0.9356688531955224,0.933826232085422,0.937280392810966,0.935331425622526,0.9321378566572573,0.9334228012678722,0.933601424470081,0.9329302566606844,0.9370750363686272,0.9326015442252059,0.9312941383179231,0.9372529357088428,0.9359793970398497,0.936023907806522,0.9355334303029159,0.9316073865743254,0.9400542293595432,0.9339456985651885,0.934537271923301,0.9354350070523488,0.9377942077359617,0.9343319499520781,0.9347175783525863,0.9296273411652666,0.938740409687786,0.9321133752011114,0.9367429928973448,0.9338142211943784,0.9382701219919606,0.9366741102331022,0.9357457875900302,0.933271956892616,0.9320172649939906,0.9314614485994506,0.9374066523465682,0.935328635705986,0.9348186441285319,0.9371490281142446,0.9308850131017095,0.934550874436733,0.9312021090512642,0.9341875710192025,0.9391380791885686,0.9374135957132295,0.9318537801621142,0.9335764414369614,0.9372796181991696,0.9303232614796828,0.9336619784586204,0.9305927448954774,0.9306483570238454,0.9380350888029282,0.9356264500643142,0.9353691111082973,0.9392259482305029,0.9280851071751309,0.9347035122980365,0.9336259341112438,0.9342096809734985,0.9338449452326114,0.937937056192413,0.9342575163014966,0.9308392901792019,0.9353890893799842,0.9381478289573383,0.9378520539526498,0.9313030703820799,0.9315139104063306,0.937546781748195,0.9328231219693143,0.9364510987643768,0.9316400479885598,0.9357055791198687,0.9350926862712428,0.934764579075,0.9364257115056588,0.9374098119762712,0.9301157814334665,0.935031893945589,0.9319188719314465,0.9351789951538293,0.936184134718505,0.9385003580743532,0.9346056386407491,0.0025520618847887947,185
210.04394520044326,100.98430163010384,0.6723186850547791,0.693777155107837,0.21698930459598872,12,0.40533579004823067,2,4168,0.6447583685220069,"{'learning_rate': 0.21698930459598872, 'max_depth': 12, 'max_features': 0.40533579004823067, 'min_samples_split': 2, 'n_estimators': 4168, 'subsample': 0.6447583685220069}",0.9377761736940232,0.9353110539334525,0.9321177825800105,0.9353943620601012,0.9328912378370233,0.9274617729419553,0.9386736327028088,0.9354877558150279,0.9342437905180457,0.9329942379123558,0.936672325846881,0.9350803707016182,0.9354966544283793,0.9328894496927171,0.935625331237548,0.9315370811828372,0.9322639312313805,0.9343056642387254,0.9377377090057206,0.9383548411108766,0.9359596883732009,0.9345366849311123,0.9344295277194853,0.9354719010619126,0.9335786132047158,0.9338432877575292,0.93259958902523,0.9319732799357182,0.9405600050491627,0.9345743780086827,0.9336516919211633,0.9357696075851005,0.9335107536499443,0.9389702546377598,0.9317645118988249,0.9296033419072547,0.9336340849636097,0.9385789946140585,0.9346403831410299,0.9350236989746618,0.9311652155521988,0.9372248863260926,0.9327932338586752,0.9385443927833577,0.9365389044010712,0.9361871606393466,0.9342535290462372,0.9327491541179093,0.9346470013439199,0.9341615566553265,0.932169411458142,0.936892124272762,0.93362524877736,0.9352209126999012,0.936959309421449,0.9307746271644106,0.9391526658082063,0.9363103617820248,0.9317613403095816,0.9359338503810997,0.934701705839919,0.9306682809426955,0.9343043383301204,0.9367406398895798,0.9312497553362287,0.9358767718216804,0.9318562676611282,0.9315736206683874,0.9384965269016985,0.9350145454113244,0.9349831518613421,0.935883577586309,0.929088074914156,0.9360935219022936,0.9337135822823026,0.9300787072288961,0.931447738831015,0.9368647325935299,0.9346103423743852,0.9350887580898722,0.9298786076612107,0.9349447818564969,0.9381869229013163,0.9309929418015359,0.9319952762683466,0.9371072985363478,0.9338147873746855,0.935109969168223,0.9360069177400248,0.9297582892363792,0.9348282487709787,0.9380016590464961,0.9359537810234668,0.9355092587496265,0.9328275862781641,0.9326135442831669,0.9316011813543792,0.9337372618662559,0.9325861516052381,0.9382672188401733,0.9344411064866008,0.0025419361576345255,186
638.3797624635696,156.44789472589534,0.8831437754631043,0.8999511532164246,0.006522891161423848,6,0.8875034670231838,2,4168,0.6414025655083238,"{'learning_rate': 0.006522891161423848, 'max_depth': 6, 'max_features': 0.8875034670231838, 'min_samples_split': 2, 'n_estimators': 4168, 'subsample': 0.6414025655083238}",0.9446005085383742,0.9427807889014526,0.9384218415280439,0.9432301594484085,0.9413099483400813,0.9383613306391424,0.9460022565267657,0.9408725598426025,0.9443370018401616,0.9418686922036485,0.9431741990228053,0.9440131238879884,0.9416306803586286,0.9423348766349187,0.9418222200623549,0.9421666237297021,0.9375444985009875,0.9432756673385073,0.9441831499055253,0.9443493537373182,0.9422098888393345,0.9438627100680501,0.9404549673946321,0.9416981676408728,0.9422326469947273,0.9429481846080608,0.9418872524908454,0.9383897867378691,0.9440660877000469,0.9440636619690652,0.941497806190691,0.9410217711778746,0.9404490962683945,0.9465213985067443,0.9391374158609167,0.9398016291837263,0.9424281826431447,0.9464318989920205,0.9433302615206279,0.9408468988161558,0.9406259709308477,0.9443358431629896,0.9403526606893504,0.9444737796534257,0.94179473824209,0.9440722162426237,0.9416701602046398,0.9422445198596436,0.9409244568124897,0.9405438719436829,0.9411006918803542,0.9435631175650426,0.9414297382190803,0.9416925608403124,0.944947488029276,0.9400109842137238,0.942036615907955,0.9438173518965416,0.9404013659090401,0.9442669938755799,0.9443826688160754,0.9393172655760664,0.942412758605365,0.944307128950779,0.9392375570759159,0.9415587263297869,0.9398816043353699,0.9407835482408514,0.9452512635820849,0.9434943522174299,0.9430842413378372,0.9449513713991555,0.9388121042334487,0.9410264460419611,0.9428948067854724,0.9413397809461005,0.9424289420037734,0.9445238942572096,0.9418234671946635,0.9390696029582591,0.9425607293005592,0.9438687856275549,0.94329583675442,0.9402510661985789,0.9403847551455153,0.9437451898653251,0.9414789274925672,0.9434101129935386,0.9447869694132209,0.9386822362044558,0.9441812734773762,0.9446658297075163,0.9425766099994993,0.9427381072538534,0.9379129738923131,0.9427884043078066,0.9398403081045889,0.9416537773663641,0.9432265682396392,0.944732441240726,0.9422122675414295,0.0019809064568777897,154
484.355495326519,160.32433690040307,0.5890317749977112,0.6032395190174683,0.07119600820859484,5,0.8676183982308356,2,4168,0.5920062724810127,"{'learning_rate': 0.07119600820859484, 'max_depth': 5, 'max_features': 0.8676183982308356, 'min_samples_split': 2, 'n_estimators': 4168, 'subsample': 0.5920062724810127}",0.9522731124420147,0.9493569982757625,0.9459357520725824,0.9497592455828876,0.949468766344296,0.9463411615293909,0.9520765703470918,0.948287081481693,0.950406586994041,0.9499339993665055,0.9503281540421489,0.9517609179035046,0.9500022802418336,0.949846590958565,0.9474676351682398,0.9498766430740129,0.9454898223718412,0.949926823450442,0.9517923040759767,0.9524970778110003,0.9494821207396203,0.9515752094703671,0.9475713393668809,0.9492319869297376,0.950247910038623,0.9503446012689305,0.9478782347716534,0.9465540417698826,0.9506573214071241,0.9517067659307263,0.9502147331471482,0.9493750064477372,0.9477663324464348,0.9535492570427088,0.9469723277856061,0.9468576027575913,0.9521113726279193,0.9540048452436278,0.9507306236966083,0.9487298892772325,0.9494705069345435,0.9510901353669342,0.9461393119012269,0.9505983532620437,0.9512271144942288,0.9525882657510675,0.9499860259044584,0.9496089569344386,0.9483377471358823,0.9480496054837649,0.9491458518185105,0.9512932760497961,0.9481403252969305,0.9500445718908854,0.9513088575534736,0.9486222953648217,0.9492112613429672,0.9510520771132714,0.9470215858377986,0.9521169706573854,0.9509337789990369,0.9467497895964707,0.9495165687957323,0.9496823877637789,0.9476079405823535,0.9483266961866342,0.9486568690153957,0.9467289537642671,0.9525283141495189,0.9497934628433208,0.9502668074221129,0.952214307138612,0.9469143343305985,0.949807505755335,0.9497315996894024,0.9491942062183147,0.9480240769399119,0.9519052069144281,0.9494837334442504,0.9462769233158836,0.9497768287629578,0.9506518153597624,0.9512947607515709,0.9482218757938008,0.9466833530024743,0.9520361183605233,0.9494966774943094,0.9504919019275218,0.9522088700237313,0.9465781827976972,0.9515525840724148,0.9515181936592075,0.9492168864309957,0.9508240021826913,0.9449823458787635,0.9502094887798227,0.9468516665273901,0.950344020485875,0.9513635686869333,0.9511641763837551,0.9496325292202197,0.0019298073032460114,65
548.4766796255112,159.29745491676897,1.0119643354415893,1.0173091912370869,0.05254804063459852,7,0.555232056620986,2,4168,0.6995843237115383,"{'learning_rate': 0.05254804063459852, 'max_depth': 7, 'max_features': 0.555232056620986, 'min_samples_split': 2, 'n_estimators': 4168, 'subsample': 0.6995843237115383}",0.9556045969278433,0.9526831665560966,0.9497834045183613,0.9534734942570816,0.9528781914031913,0.9497729135409207,0.9552518728184307,0.9515837125845366,0.9546568950638944,0.9535314838396014,0.9544935412602749,0.9535338259455827,0.9538823115115243,0.9537852256757438,0.9519996673626745,0.9536392255499604,0.9489429821939168,0.9547228611074224,0.9556298239894069,0.955166953092822,0.9538139744204205,0.9558404675972327,0.9512772597315557,0.952607800271517,0.9531842399920342,0.9531735920474937,0.9526861080661783,0.9505010296951366,0.9547197768074288,0.9547823827780766,0.953000720337203,0.9516137862897899,0.9518531979475742,0.9570431832745289,0.9513187503707289,0.9512328809774104,0.953643380666271,0.9556200825647513,0.9543130751178732,0.9526978643830959,0.9509067133947084,0.9553849533621888,0.9513820894230676,0.9558073744554885,0.9524871555268334,0.9544557415449694,0.9529144530581771,0.9532704176919573,0.9519592393653783,0.9518335321438569,0.9525308817898265,0.9543252814459834,0.9534351348049581,0.9529874717739226,0.95500399979636,0.9506849224315177,0.9533921234958457,0.9537847787580885,0.9518028116330817,0.954871949386195,0.9547899892874182,0.9502045101078931,0.9530530157267598,0.954748757397534,0.9504304617745173,0.9509793472133967,0.950276589831673,0.9518723298504085,0.9558117417950919,0.9538391895576992,0.9538379078880321,0.9553662091633396,0.9513146076786944,0.9537868257631673,0.9533608893941404,0.9530865476252391,0.9531212317207107,0.9544778754901049,0.9531128058116698,0.9506354524385551,0.9535909657558502,0.9543853986946009,0.9550000286839189,0.9503187037493903,0.9513569556229784,0.9548911329596271,0.9529327955742515,0.9540573818377619,0.9560236428635912,0.9502978202319861,0.9542669404624837,0.9550271654472463,0.9533816255810983,0.9529336092739283,0.9488418026183424,0.9530078959126342,0.9511800163525098,0.9534176443277361,0.9544689112723321,0.9555659871378142,0.9531621343769413,0.0017490423190219906,4
1171.0915876269341,270.4438387321201,1.319782395362854,1.3553744481806842,0.09665032406866822,11,0.7972056875068445,2,4168,0.7531245817062069,"{'learning_rate': 0.09665032406866822, 'max_depth': 11, 'max_features': 0.7972056875068445, 'min_samples_split': 2, 'n_estimators': 4168, 'subsample': 0.7531245817062069}",0.948947679988582,0.944935625921241,0.9433538666289241,0.9463169621676402,0.9449801113796028,0.9402265455451957,0.9485280607659765,0.9443283817183243,0.9471159478227174,0.9453659824543963,0.9494830505437075,0.9469986745341976,0.9452637320581736,0.9463938970421015,0.9452882483360459,0.9441584581816065,0.9417282982640277,0.9466277593295799,0.9470088890776728,0.9479445818037089,0.9462056280469977,0.9455814318295445,0.9442187116416351,0.9439549313316777,0.9462278942429937,0.94579871167281,0.9439777179229406,0.9418993022782539,0.9479526626528076,0.947623008640093,0.9466172967053857,0.9452835353426006,0.943497445486932,0.9507947720886044,0.94401128805466,0.9429993891755869,0.9456965084881896,0.9488750094430023,0.9458535728719125,0.9449661971652953,0.9411568400142643,0.948898632958261,0.9422255217381946,0.9493496514044683,0.9454500969145359,0.9469772665813904,0.9444825655055213,0.9469383086380763,0.9454126178873224,0.9436363057219638,0.9440762722983552,0.947453621794343,0.9461507697531889,0.944178377153418,0.9482258584267693,0.9423179543280485,0.9463817018231562,0.9454673445490732,0.9437824061560174,0.947663321878231,0.9465723580694508,0.9422271701337782,0.9450652294798899,0.947926013609206,0.9409113281829884,0.9447429862461917,0.9416851110886217,0.9445493416166881,0.9488862559943959,0.9469591156412475,0.9451593730894166,0.9481938730259182,0.9421865925117721,0.9463663374211453,0.9457012865978011,0.9422675470203448,0.945134122775215,0.9473936830032312,0.946067247933104,0.9436825079213408,0.9447566024526174,0.9481343337932971,0.9471849544632274,0.9438689437343429,0.942879066640678,0.9501588308328726,0.9426656308013077,0.9479156382198454,0.9456332587860723,0.9431560222543349,0.9448819712646498,0.9485322668993273,0.9477762830452345,0.9469227150646234,0.9424346931047343,0.9458736836249865,0.9430008000803908,0.9459793793833194,0.9466013475616827,0.9477032841456757,0.945549923916849,0.0022174583389947483,138
788.7300476646424,223.6567897194315,1.6726876878738404,1.6641061767161829,0.00927551194363054,10,0.5394367958987355,2,4168,0.8499552094674621,"{'learning_rate': 0.00927551194363054, 'max_depth': 10, 'max_features': 0.5394367958987355, 'min_samples_split': 2, 'n_estimators': 4168, 'subsample': 0.8499552094674621}",0.9553789201824235,0.9511544491564865,0.9484118239821524,0.9528069535910529,0.9508986514608441,0.9472937609658258,0.9544337027899754,0.9505161502560637,0.9534291339003952,0.9515830628941272,0.9536482356119675,0.9529829655263137,0.951435830923076,0.9518671145204177,0.951762233548815,0.9517045134559395,0.9482827001213234,0.9522030554299182,0.953749295441257,0.9539709458161382,0.9526180906250673,0.9525453173449455,0.9504779460523729,0.9507014510681296,0.9519146957736636,0.9522285225166346,0.9505963594478256,0.9483457971636792,0.9541842374201007,0.9536819685208483,0.952443673956418,0.9512400349296685,0.9503452494951854,0.9559936466259014,0.9495798650599587,0.9492434884143186,0.9522145235509475,0.95492713882545,0.9525353955551791,0.9511424205820563,0.9489997618341645,0.9548625646966173,0.9493630286804203,0.9544172459815535,0.9518580036827142,0.9540874182863465,0.9510697732693403,0.9523925975023417,0.9512585684080263,0.9505334271595464,0.9503722525064154,0.9534088061514321,0.9513721948509367,0.9517771751734367,0.9543373499932016,0.9483630001770738,0.9530127084710607,0.9521462043730404,0.9500159648423894,0.9533532515105793,0.9525736660023613,0.9491659380683963,0.9519396509292515,0.9535082397695441,0.9488777179205423,0.9512013638564887,0.9493853758637147,0.9502018217818718,0.954560847974051,0.9528672902857773,0.9525708669864418,0.9549815056002848,0.9484990403945895,0.951762419492231,0.9514829782641625,0.9510650676593828,0.9533505232240352,0.9530480080013839,0.9514714138324767,0.9497028230668132,0.9514882294045336,0.9534323173721495,0.953203877517764,0.9491332144684134,0.949690647475971,0.9543348399067579,0.9503723704265836,0.9534997009547588,0.9537435614442779,0.9492631605438311,0.9525256968820148,0.9542496619921615,0.9524660540286685,0.9532849611873432,0.9481458181629903,0.9521666029210896,0.9495183218089894,0.9512285754140126,0.9522599502764063,0.9539942775919908,0.9518169301880799,0.0018986937036780443,27
729.3158030128479,205.4610115131707,0.7107356739044189,0.7285829378934958,0.03549340267615612,6,0.7033526623896479,2,4168,0.903190524455998,"{'learning_rate': 0.03549340267615612, 'max_depth': 6, 'max_features': 0.7033526623896479, 'min_samples_split': 2, 'n_estimators': 4168, 'subsample': 0.903190524455998}",0.9541780183403159,0.9517564433122548,0.9482043089286223,0.9530187087861149,0.9517348415296601,0.9490796808580578,0.9545449397059336,0.9501789193577468,0.9529169738620266,0.9519833926767352,0.9526425856081447,0.9535544230058492,0.9517863194814267,0.9523383584369839,0.9513253618496211,0.9515082388735105,0.9473225092092927,0.9533714297593652,0.9539062324474308,0.9543986386771491,0.9519950136477315,0.9533038349106273,0.9501601417231164,0.9515015572476491,0.9519001498265947,0.9520182669451527,0.9509930357344265,0.9483455459935336,0.9531561328987406,0.9535962750908912,0.9514135344800918,0.9513220515979078,0.9508068920091809,0.955664557612125,0.9484413443503329,0.9491654388206117,0.9529409762700546,0.9545958980364628,0.9526826450126787,0.9502392240887713,0.9491172554543813,0.953902951159977,0.9502805147381941,0.9540725983179911,0.9517237573908858,0.953691738691061,0.9518148910825389,0.9516733965902567,0.9502762658577655,0.9501019000143207,0.9511659018289408,0.9530029888945234,0.95125636812185,0.9519462333704855,0.9538781051736155,0.9495695935875786,0.9516400864070529,0.9520662909063756,0.9497092631174677,0.9531919429532438,0.9527080240112282,0.9490090225584364,0.9518352064713194,0.9534821970571803,0.9502404608758218,0.9514639213130959,0.9484537426813598,0.9498719157769936,0.954621405982007,0.9527634529206509,0.9521648522580992,0.954275630141302,0.949309991235614,0.952040922024107,0.9525061573238435,0.9517757408701638,0.9510588051695452,0.9537941715201533,0.9517530647702596,0.9485796290586036,0.9518260541640762,0.9534106728023312,0.9533594718009665,0.9493255384262109,0.9495519803465674,0.9534182050067662,0.951135026199039,0.9526628612170248,0.9547522703460068,0.9489323604190865,0.9537673828835193,0.9540201500000841,0.9524695086261117,0.9523581545305159,0.9479109418664512,0.9518985440412114,0.9495681019580521,0.9525591324046513,0.9527153133539985,0.9536735189887892,0.9517909838806267,0.0018156794036812405,28
1263.5700151252747,275.036393147662,0.9614040565490722,0.9808393847437394,0.26046422714545997,9,0.7414531099905806,2,4168,0.9447697790075458,"{'learning_rate': 0.26046422714545997, 'max_depth': 9, 'max_features': 0.7414531099905806, 'min_samples_split': 2, 'n_estimators': 4168, 'subsample': 0.9447697790075458}",0.9452051893981845,0.9409657921952186,0.9366915348692001,0.9407480800009279,0.939901691182006,0.9367678937016439,0.9429045016745888,0.9405974192688986,0.941637176366836,0.9405241888744339,0.9431205209936442,0.942411346575458,0.9431736809431731,0.9423681434659481,0.9401367504596254,0.9406840352950008,0.9376178101203213,0.9428045986205035,0.9447259960572797,0.9424297782317408,0.9414894295732634,0.9420540047582916,0.9412139560434797,0.9399746171758081,0.9416044742298715,0.9422371145863909,0.9410111239240804,0.9383729031885173,0.9416082060214064,0.9432612771464494,0.9411209555718127,0.9420439935433963,0.9391373775590912,0.9444740581070886,0.9374689926322886,0.9399037636436038,0.9438934852955626,0.9449392521025222,0.9414784787055981,0.9397560801306686,0.9346420462688576,0.9450564253382645,0.9361714182637892,0.9431959119929623,0.940208465079027,0.9438528857217536,0.942854888529878,0.9418171102477028,0.9402496429926156,0.9398007730304235,0.9386672868830119,0.9429093742153176,0.9411394238120591,0.9398254963960533,0.9443416412709157,0.9389496104951568,0.9412570263108684,0.9404151244072705,0.942276603036609,0.9434682962222473,0.9408617593416065,0.9416985258149538,0.9403175164452543,0.9428130425889696,0.9360636699724882,0.9392004444760934,0.9391981432752006,0.9381803853635722,0.9436474664881342,0.9416456726387314,0.9400569817852087,0.9440163729298446,0.9360355294444167,0.9426047095462394,0.9439672219913275,0.9386527621115227,0.9412704841883849,0.9429481938285226,0.9412258209751629,0.9404854409325858,0.9394459782063296,0.941621148676588,0.9447166569788856,0.9383279790915344,0.9387131014349631,0.9426910350829021,0.9395872053269966,0.9416055718993831,0.9436996993485178,0.940474696614486,0.9426881626747446,0.9422656138864107,0.9421087566242633,0.9427947753692439,0.936827141437367,0.9409212210610424,0.9374136321020661,0.9420588985295171,0.942134473584385,0.9438306176929923,0.9411237563250946,0.002251725535897945,159
818.2880683231353,210.45843174283084,0.959878089427948,0.9618120462749752,0.3448534842958974,7,0.7469708979813408,2,4168,0.7976520951608117,"{'learning_rate': 0.3448534842958974, 'max_depth': 7, 'max_features': 0.7469708979813408, 'min_samples_split': 2, 'n_estimators': 4168, 'subsample': 0.7976520951608117}",0.937977289726925,0.9336849028543817,0.9286709628863705,0.9350302984450132,0.9369272580801429,0.9313269290876374,0.9395191405796699,0.9347058140465401,0.9329505425305831,0.9351987558285642,0.937129698428444,0.9378627620264589,0.9348371634589944,0.9349740214264911,0.933332031227817,0.9337468541167726,0.9287799523044815,0.9380533616004633,0.9360669690051646,0.9383932108255456,0.9361707981090671,0.9368249080661706,0.9332286365352337,0.9358761057796409,0.9348778201329959,0.9351392580222854,0.9371700587058794,0.930946588928808,0.9366324659249787,0.9392267916650489,0.9337028144086702,0.9363933512224993,0.9352194535011591,0.9389629351591946,0.9319007073275217,0.9315450310702424,0.9363999122373609,0.9366959822957599,0.9360579918204167,0.9353916259601744,0.9326289543779961,0.9391128660549736,0.9327864731124448,0.9389138236827063,0.9359910393955764,0.9385676436702709,0.9368798185689206,0.9362595040754528,0.9350384657638545,0.9337667856560562,0.9344098819731248,0.9367797351206394,0.9341909120911979,0.9339830595330162,0.9353730437004764,0.930146612197673,0.9358523044633029,0.9360546733347088,0.9324542596054849,0.9375425723413903,0.9398975745971636,0.9322781007190089,0.935664614435732,0.9387743438012209,0.9338777867835024,0.9354888586029593,0.9342657774150851,0.9328249218726238,0.9391108943527138,0.9341505117865128,0.9361427885345165,0.9382768100254945,0.9339044769038036,0.9355455973127528,0.9384201194653737,0.9333789706076713,0.9356725906090614,0.9363780888154142,0.9346138563973235,0.93409752747157,0.9342109099864914,0.9362133179586013,0.940022126390644,0.9340050268828529,0.9326043553394682,0.9379904962763149,0.9356517540448135,0.9364394864165049,0.9375219711110323,0.9316033374989159,0.9346474369241026,0.9374011988535984,0.9389940737288546,0.9359592121432078,0.932046109885708,0.9357494565096819,0.9336289583897373,0.9356858546473773,0.9361027836216318,0.9395106616892134,0.935430163228871,0.002402094769919259,181
727.0382138466834,214.94919148710656,1.8285607886314392,1.8135068748829253,0.06490559761248617,11,0.5775595837564829,2,4168,0.5992224926594548,"{'learning_rate': 0.06490559761248617, 'max_depth': 11, 'max_features': 0.5775595837564829, 'min_samples_split': 2, 'n_estimators': 4168, 'subsample': 0.5992224926594548}",0.951413617890998,0.9475838040654974,0.945302273636825,0.9495625515723592,0.9468960124148128,0.9432951101392945,0.9507456377527467,0.9473503550037027,0.9500606833442227,0.9481730456181113,0.9501847318288459,0.9494220016032222,0.9473658527207965,0.9482329960102799,0.9477447809042537,0.9471594982853391,0.9447628224999425,0.948958905419571,0.9501060265129531,0.9500232842165524,0.9491871388676966,0.9486588423238157,0.9468220399386994,0.9465984972822261,0.9488295787063851,0.9490305463460497,0.9477124803564084,0.9455980108895697,0.9495840072059042,0.9504949237237232,0.9483135685811253,0.9471741660115679,0.9475672858780294,0.9531980095260597,0.9463203323396457,0.9447004208103942,0.9486865248922022,0.9512785950390166,0.9480593725825949,0.9476839834388644,0.9454834503399316,0.9505083146947921,0.9451470515495266,0.9508141606256063,0.9483366736954694,0.9506305109531252,0.9483815770847991,0.9493946935680143,0.9472208281542542,0.9465580154057371,0.9465518946006987,0.9502100806225867,0.9463217329753228,0.9478382032707003,0.9508582091860251,0.9440123275011143,0.9488085449300391,0.9488255539308211,0.945491517134259,0.9504427942273213,0.9494483031809066,0.9449460707154875,0.949191458295064,0.950971498662828,0.9447083310711321,0.9487043689706093,0.9461954959555904,0.9460842328816215,0.9517775564820417,0.9494025837924503,0.9489034494602473,0.9513242428381098,0.9447240068514997,0.9489237346489026,0.9484692883401808,0.9480423186543534,0.9489919988108769,0.9500349656412036,0.9474485912797361,0.9466519571485562,0.9473202659868305,0.9506000786304449,0.9500619727572337,0.9457938587274051,0.9473907473756301,0.9503911055700442,0.9471406674471761,0.9503454523611519,0.9493250859124861,0.9453094699066117,0.9483181998053689,0.9515714636342385,0.9490885016742469,0.9500882262200856,0.9427540703560426,0.949235177354476,0.9460050814014113,0.9479509648444439,0.9479337262391934,0.9499966487608239,0.948232436692772,0.002055221327592478,99
1532.0028189349175,370.54019418186357,1.202727072238922,1.2055287653653606,0.0456889069406599,10,0.8552191987714499,2,4168,0.9446991994527814,"{'learning_rate': 0.0456889069406599, 'max_depth': 10, 'max_features': 0.8552191987714499, 'min_samples_split': 2, 'n_estimators': 4168, 'subsample': 0.9446991994527814}",0.9529510897269033,0.9480601220205211,0.9435773588860696,0.9484465599727505,0.9480859758224858,0.9440288523599547,0.9501815965585215,0.947354035453775,0.9495987610093976,0.9488139334841329,0.9506148611708453,0.9497071987216544,0.9480365288682198,0.9485422274495825,0.9486217212203462,0.9477508542194579,0.9445088450203676,0.9499550530279238,0.9499028192821404,0.9514006148097581,0.9498321702484528,0.948560429805945,0.9478899337319124,0.9476058763712895,0.9482210070540263,0.9493149993445997,0.9471898575010788,0.945291971937491,0.9496493328303086,0.9510379680722771,0.9484241241408468,0.9472667803368222,0.9469749483451884,0.9531270720608066,0.9460483654803671,0.9470866509902626,0.9491045780685857,0.9515249021556467,0.9480789031856514,0.9481409805614938,0.9461303153829436,0.951742170948522,0.9456780798686293,0.9511223565297524,0.9480052993179743,0.9505097732264409,0.9473143906267155,0.9497048852940242,0.9475903715831864,0.947396667471641,0.9466458392311754,0.949573853963313,0.9487874465723891,0.9465517289180754,0.9512108102619201,0.9451979772517749,0.9486848005071796,0.9475304525422857,0.9463908810827213,0.9505992030900808,0.9503809067257772,0.9457478290705847,0.9484058921610202,0.9507876384530011,0.944477437519762,0.9486311050216908,0.9447378547873294,0.9462339704819447,0.9524655417756697,0.9492997337763989,0.9493131717050771,0.9533237471583138,0.943930987179742,0.9478742985449768,0.9481135109776926,0.9480652803534744,0.9483769885090438,0.9500560767672452,0.9487455848185875,0.9464081119766303,0.9481814350065805,0.9513591852196303,0.9504550022074044,0.9462625444323604,0.9464170609964897,0.9500696115673433,0.9470432887212527,0.9500329624875741,0.9498267480371175,0.9466095540999567,0.9496124597902746,0.9504528981682239,0.9500867777349681,0.9500324414544266,0.9450937606057055,0.9489010405961624,0.9466164838326286,0.9480942367933127,0.9493661946416071,0.9507909702238821,0.9484755748935946,0.002083071822693655,92
631.726008374691,222.96459729169533,2.772216160297394,2.6540513913484065,0.03396898874829706,13,0.42126576896820866,2,4168,0.65184405901553,"{'learning_rate': 0.03396898874829706, 'max_depth': 13, 'max_features': 0.42126576896820866, 'min_samples_split': 2, 'n_estimators': 4168, 'subsample': 0.65184405901553}",0.9508986834705407,0.9462905391321363,0.9439242864038873,0.9481466903302653,0.9459743157862239,0.9420794658723122,0.950225574679333,0.9481100512676023,0.9494887414925259,0.9475246650532168,0.9499161462700151,0.9483371177396152,0.9471225939423458,0.948052612970642,0.9461965056857369,0.9477901353558851,0.9429713768990322,0.9491710347008216,0.9499350303231875,0.9505444057019998,0.9485105856098446,0.9476196224119328,0.9461424455771604,0.9467731569704763,0.9468564615639593,0.9487120649228559,0.9462335188878862,0.9442154597274994,0.9512537678525422,0.9493971681155025,0.9484341825177524,0.9470393765911858,0.9465183189609524,0.9516839500777696,0.9456900675655263,0.9441956551601153,0.9491550705490513,0.9497791236739055,0.9491478021860775,0.946625680626269,0.9452334151384691,0.9512350991001103,0.9446691287864182,0.9513731479286344,0.9478179645047704,0.9499842645906922,0.9462801043171498,0.9489196744792779,0.9473026914446151,0.9449268831319088,0.9457731696891569,0.9490345547757072,0.9465851539397513,0.9479308585955659,0.950354482940919,0.9444979828723871,0.9491684668198919,0.9489248830025355,0.9455038918922061,0.9492004832358765,0.9486089253304536,0.945036086314932,0.948020475506043,0.9498290528990655,0.9452798963317255,0.9472303811429927,0.9446935612213959,0.945307920775665,0.9507799677982621,0.9479456098573351,0.9482141440835,0.9509197321362608,0.9436068561999708,0.9476277675175603,0.9476805393990662,0.946260243909905,0.9487259148422457,0.9492717319036937,0.9480589293148355,0.9452775221899374,0.9461971020702281,0.9499575397122734,0.9502686102985284,0.9449479919104005,0.9460843922590969,0.9505731720990103,0.9459841939671455,0.949295419848545,0.9489220271108559,0.944204141547748,0.94737038659935,0.9504540306063877,0.948000303008492,0.9495519037348878,0.9443441999870016,0.948434753533009,0.9449983820129024,0.9470481687748283,0.9486589060925537,0.950372946572159,0.9476544358423188,0.002147539058022485,110
845.6839966487885,236.1368724503583,0.9632835412025451,0.9710269267766529,0.0061065658491761335,8,0.9019117290662992,2,4168,0.6577526762343826,"{'learning_rate': 0.0061065658491761335, 'max_depth': 8, 'max_features': 0.9019117290662992, 'min_samples_split': 2, 'n_estimators': 4168, 'subsample': 0.6577526762343826}",0.9517499739116173,0.9484898786367386,0.9446512740503533,0.9490791260203864,0.9479842663851928,0.9449689727696317,0.9516598082745854,0.9472359122807994,0.9506427734575885,0.9479544441586727,0.9503863726514984,0.950232661382155,0.9483990248309463,0.9490202730778545,0.9484160562303351,0.948849263920374,0.9443867327008592,0.9495087870954245,0.950482805764471,0.9512486549412288,0.9495667921073944,0.9496249713938075,0.9475068949274997,0.9477025388431941,0.948929071974814,0.9487187825074002,0.9478704416756563,0.9455815065996229,0.9502295901253817,0.9507658724351358,0.9487887501061543,0.9478772627485155,0.9475219853981669,0.9527309579879044,0.9460805002283383,0.9466590483195679,0.9491466297845479,0.9517334300908791,0.9494227058857747,0.9474085067540311,0.9459445646222492,0.9515997703006687,0.9461634442310414,0.9515513246609612,0.9483288218239605,0.950942665589316,0.9484682499179071,0.9488857597632978,0.9473247113755282,0.9478321505714915,0.9469479265003762,0.9504154533288813,0.9490385955739333,0.9479228618924038,0.9516049992479172,0.9459529159635754,0.9493595895904798,0.9488698386031128,0.9469803853547596,0.9508093760511135,0.9503919513861872,0.946065366492223,0.9487727066462941,0.9509887688620127,0.9449586549868003,0.9480196094286014,0.9458098759750073,0.946687085867347,0.9519645231899676,0.9497957675243344,0.9495240488529691,0.9519982343654975,0.9453488657810933,0.9484410955402715,0.948948598284344,0.9475785622367797,0.9492043694791003,0.9502889633221495,0.948153766723611,0.9468975205864624,0.9485026529258653,0.9507088482081865,0.9499246362591649,0.9466115286838012,0.9465834076293178,0.9506306028285084,0.9474232072146036,0.9501808038730613,0.9505661729373183,0.9460494216985915,0.9499619021719613,0.9512299893059385,0.9492215710571767,0.9498242444770477,0.9451422815336614,0.9488680775989041,0.9466492191462982,0.9480095949024578,0.9495539877239589,0.9510545973253953,0.9487069179042975,0.001926066542511365,84
443.58093291282654,171.08772178821084,0.37644119501113893,0.39192674537925426,0.3040333734528999,13,0.8509533928476898,2,4168,0.8376554501964695,"{'learning_rate': 0.3040333734528999, 'max_depth': 13, 'max_features': 0.8509533928476898, 'min_samples_split': 2, 'n_estimators': 4168, 'subsample': 0.8376554501964695}",0.9341159399754666,0.9294355653648162,0.9234566221110667,0.9277156481752189,0.9275668148328752,0.9256426985345378,0.9313508629892074,0.9264944027227806,0.9315394644107512,0.928263047183891,0.9321802007414605,0.9310476546774349,0.9273544773194882,0.925610221368373,0.9305932285384432,0.930347520937241,0.9256023945210713,0.9281321156645419,0.9331563782934453,0.9289124945318543,0.9309443376099111,0.9285961412603525,0.9278449611557005,0.9256052442442739,0.92665600677039,0.9304129268011742,0.9276194625254909,0.9259714718321683,0.9324624577302788,0.9282116634156466,0.9262022937150501,0.9291572549194781,0.9262238663342701,0.9336526170476838,0.9279992693766244,0.9272486664645735,0.9296338273643092,0.9313484301237913,0.9306602174399108,0.9286934318967586,0.9243120884902851,0.9321334735365603,0.9237069591542612,0.9317161457818932,0.9272046524127983,0.9325452757303883,0.9296716766252543,0.9296696565948238,0.9258296978774542,0.9268547395434109,0.9269679420257874,0.931049228954126,0.9295330894109533,0.9282819133017967,0.9309763239687175,0.9235700438210545,0.9293037406243728,0.9291151915125786,0.9287952574450914,0.9334558238616935,0.930694781043753,0.9253561939032454,0.928146917268398,0.9311206349882029,0.9242976179443546,0.9276936734652144,0.9252107126099312,0.9278565953106525,0.9332237675476328,0.9280242522117355,0.930015995922161,0.9337034608005256,0.9220744040611553,0.9292232003517482,0.9287464455328738,0.9278388858087466,0.9293836976674112,0.9310374584380607,0.9273377016938302,0.9253082557910831,0.927844451066399,0.9319086150494594,0.9325380360998833,0.9255885768889702,0.9282567181310712,0.9342514044499378,0.9282940734612689,0.9310216410668807,0.9307399408423571,0.9284659207297172,0.9293136310776577,0.9310941419451981,0.9325869547159379,0.9297137498022757,0.926308909011537,0.9308812280863814,0.9226386553523002,0.9288513082678569,0.928171793442997,0.9313485660737196,0.9288446818951762,0.0026985166598679903,195
593.7551262283325,198.95362694421087,2.5373562383651733,2.5256544857459096,0.008429427624238468,13,0.3504096030600049,2,4168,0.8033879229630425,"{'learning_rate': 0.008429427624238468, 'max_depth': 13, 'max_features': 0.3504096030600049, 'min_samples_split': 2, 'n_estimators': 4168, 'subsample': 0.8033879229630425}",0.9512078961273678,0.9479368938647653,0.9447921350481882,0.9491981131894298,0.9473417150055359,0.9428916616450864,0.9505467602459938,0.9481009482570719,0.9498738883244603,0.9481358470867383,0.9507161363149876,0.9493034542829901,0.947784486178177,0.9484944483317591,0.948510533714827,0.9481577938433664,0.9444729481801643,0.9485251788695874,0.9506536234128561,0.9504277238886321,0.9490469995953015,0.9488935312696629,0.9470012990435814,0.9467270003166781,0.9480031578401157,0.9491014670033997,0.9473035238382596,0.9445224707915421,0.9511119664767967,0.949329798933252,0.9489832783692704,0.9473625890744324,0.9465479131786713,0.9527147709732422,0.9463076025549093,0.9459006372523794,0.9490411629265602,0.951197676716675,0.9499943971841897,0.9479909402034444,0.9453354645823825,0.9512196458979553,0.9457766435525886,0.95161813606616,0.9482297705102528,0.9507476821062353,0.9471557795697262,0.9485269658401392,0.9486001918040928,0.9466863016897887,0.9467236993077557,0.949755764697075,0.9473767758494636,0.9478320650713659,0.9511487401797875,0.9445908590476166,0.9493355838713964,0.9496854741713743,0.9453464859556099,0.9490428492463185,0.9496525427985082,0.9456626717387648,0.9481379939489847,0.9497650668396859,0.9452697024169204,0.9476855927796146,0.946397213918449,0.9466798611576103,0.9511553360401257,0.9492358721664376,0.9491128193409683,0.9511137512391441,0.9444885422402152,0.9481957012800355,0.9482905193502214,0.9473895492348743,0.950192456602253,0.9492849767350854,0.9475838865477137,0.9460696965213258,0.9469609174246817,0.950418541004567,0.9495823714315031,0.9454085180667255,0.9464661705457862,0.9509933169913288,0.9469461847017613,0.9500308551373681,0.9499668822518699,0.9459975448145016,0.9488931562473063,0.9508976712246192,0.9494158186709488,0.949982622181963,0.9449082070166044,0.9485918514438676,0.9457284995992578,0.9482074682267899,0.9489930198731789,0.9503006500033555,0.9482894326812635,0.0019874981673657526,97
466.49118769168854,162.90206145841705,0.5676988124847412,0.5847633115039633,0.011021403932878348,5,0.8360070757116593,2,4168,0.5651090922378933,"{'learning_rate': 0.011021403932878348, 'max_depth': 5, 'max_features': 0.8360070757116593, 'min_samples_split': 2, 'n_estimators': 4168, 'subsample': 0.5651090922378933}",0.9434097438352375,0.9415861343062377,0.9373315035307815,0.942013418179126,0.9408703835610475,0.9372653884493324,0.9449250115804264,0.9405971627767437,0.9427229956109123,0.9410060878167164,0.9417066691032661,0.9435378804588694,0.9408234442186165,0.941532438987446,0.9405368871525804,0.9413270014470076,0.9360982406738153,0.9426485885599472,0.9434125629538762,0.9430705992659261,0.9408431086381435,0.9429381282687063,0.9397993209072281,0.9407907590248158,0.9419414776976969,0.9421334381031912,0.9410343365204511,0.9376340297713218,0.9433851774888621,0.942713953972252,0.9411332771636499,0.9407676277455591,0.9398547412800771,0.945579442058992,0.9378173135895131,0.9390954543740037,0.9424671997738527,0.9452335439906104,0.9421750022147249,0.9396040565939865,0.9397403444414616,0.9428853138707717,0.9389255932497786,0.9433929513248629,0.9415289799409606,0.9437311803124198,0.9411544067162402,0.9415350882371147,0.9399836224168688,0.9396125864818686,0.940594637494456,0.942535815653496,0.9399642636680751,0.9413659615678432,0.9435061740638624,0.9396272825539707,0.9408233405034315,0.9434702895616747,0.9389160844688054,0.9433954589407824,0.9438946478622111,0.9382803730156579,0.9408629328323871,0.9428436317688217,0.939198698432301,0.9406014295212344,0.9394969489916634,0.9394920040451056,0.9440257681819957,0.942849988432455,0.9421733839818232,0.9433933066532458,0.9377807404667089,0.9403696068738824,0.9419993054409318,0.9408501695259545,0.9410134041544584,0.943642325554046,0.9407505926123224,0.9380197946216172,0.9413341298214057,0.9428117212170055,0.9429119318241543,0.9394512552189459,0.9393992821938297,0.9427335256037653,0.9407223012585065,0.9427007922662413,0.9436896696484275,0.9378776624977598,0.943078610891277,0.9433800529065112,0.9414197822629574,0.9418148454031994,0.9370690277883142,0.9419913978855047,0.9384190974961504,0.9406377702115715,0.9429868712388386,0.9432996832362568,0.9412932137095374,0.0019568977332668764,158
1275.9300781607628,301.15384846046953,1.7112348413467406,1.7464573458608381,0.0074391333649686,11,0.8516445599257112,2,4168,0.756642535067503,"{'learning_rate': 0.0074391333649686, 'max_depth': 11, 'max_features': 0.8516445599257112, 'min_samples_split': 2, 'n_estimators': 4168, 'subsample': 0.756642535067503}",0.9524838272338584,0.9476584495378122,0.9442551757344633,0.9489360487067666,0.9478732644669658,0.9439846772825554,0.9507055298075954,0.9474210021384745,0.9499983202300868,0.948661699309639,0.9512025326573902,0.9499425829737004,0.9481573640082246,0.9484427301077728,0.948568997793712,0.9478626597165872,0.9451283248361414,0.9496115845694122,0.9500185344219864,0.9513837660535268,0.9495701536185263,0.9481441425146385,0.9472782182773065,0.9478141685581554,0.9487934940688849,0.9494222407791746,0.9473146109171625,0.9447533637421125,0.9502796974206169,0.950579754051658,0.9491262156702917,0.9475991861605492,0.9472312041178226,0.9532734464724658,0.9460517814158652,0.9468134904336059,0.9488442852988183,0.9520743697788799,0.9487373121137048,0.9481193597413656,0.9446080800738959,0.9519282064945946,0.9457008846292635,0.9518139596274898,0.9479987566033854,0.9506164711517162,0.9481989595633524,0.949741019914647,0.9474023955098845,0.9475389190961713,0.9465809720305969,0.9502802440699717,0.9483655587998089,0.9468150771877314,0.9516309774670012,0.9446112856031893,0.9495034213014821,0.9479358744124473,0.9459937443338472,0.9508513095652252,0.9499684406764255,0.9461406725008719,0.9481583914535416,0.9514446263277306,0.9451591502552199,0.9483441291081155,0.9452935436120664,0.9470611461953528,0.9519635144617609,0.9497346478213806,0.948631986348619,0.9524772962042237,0.945149402428707,0.9485359824897548,0.9486883846766456,0.9472857815979935,0.9492381822776691,0.9500329364636333,0.948495797972347,0.9465835898372879,0.9478391285404867,0.9513891214376294,0.9508278067239526,0.9460731317386593,0.9458061380835804,0.9508751770878193,0.9465303727453314,0.950275024344559,0.9495742507390563,0.9461807430333425,0.9488082384435429,0.950441509261305,0.950126781408286,0.9506642969496637,0.9453092489524924,0.9493180414898712,0.9465864808502631,0.9475798978275879,0.9486263892228364,0.950844173850581,0.9485429723961418,0.002099450364802316,90
1282.3764244389533,307.4283467183147,1.529751124382019,1.5262554378008792,0.02815371399170348,11,0.6429816717923086,2,4168,0.9351641896102445,"{'learning_rate': 0.02815371399170348, 'max_depth': 11, 'max_features': 0.6429816717923086, 'min_samples_split': 2, 'n_estimators': 4168, 'subsample': 0.9351641896102445}",0.9518508036790051,0.9479427579827876,0.9442504238088965,0.9496226163294872,0.948109062299014,0.9437852750561245,0.9515253066533177,0.9482123995862292,0.9507295328868183,0.9485295128046813,0.9506008664777561,0.9494778279493264,0.94829319502743,0.948049677906853,0.9487155183736082,0.947936149926389,0.9446103292202431,0.9493512442223286,0.9505259529288884,0.9510506801791463,0.9496397463583947,0.9492497378423091,0.9468814567170806,0.9475674983340485,0.9492491423895043,0.9497449847264565,0.9477122839217579,0.944813379128395,0.9513500840461124,0.9512945593215194,0.9493987048888922,0.9479618779590296,0.9472493268316869,0.9531944293922464,0.9467703319586137,0.9458269172518758,0.9491658643545464,0.9516013657363941,0.9491560575726509,0.947659030231552,0.9449453839670707,0.9522957387548293,0.9461972530493965,0.9515747821235218,0.9487262099726586,0.950411587071459,0.9485211867581423,0.950063658591836,0.9481594130943158,0.9470586477984525,0.9465515707816647,0.9504731385011426,0.9490922872004215,0.9479024957953323,0.9516431585044748,0.945088127489932,0.9496463768342441,0.9488888903374058,0.9466817770786445,0.950945218250018,0.9501731021322781,0.9467757122407852,0.9491908936250594,0.951026943138003,0.9453649579289973,0.948121503084342,0.945291070299419,0.9471223435375431,0.9511789400596187,0.9505171643882859,0.948899801287603,0.9531585075881999,0.9450868931841309,0.9487719410266041,0.9484211559441027,0.9478743490599199,0.9495469329933668,0.9503661008189926,0.9483511940979283,0.9469004119627704,0.9477808653746091,0.9514191306027566,0.950278420437211,0.9462490751540457,0.9475008146617957,0.9503880134676476,0.9472137834855118,0.9506497910891629,0.9503411716251496,0.945822589402625,0.9495860713325236,0.9510054244701095,0.9500789334166395,0.9510485474473418,0.9458443259353632,0.9491573317117791,0.9465895118102157,0.9479173698445941,0.9478822650870898,0.9513227966125757,0.9487373896558305,0.002075649803748887,83
1009.1663962841034,220.94473057045192,0.9651640009880066,0.9868859463399751,0.20382351878154142,11,0.7278968822032059,2,4168,0.9081239571319382,"{'learning_rate': 0.20382351878154142, 'max_depth': 11, 'max_features': 0.7278968822032059, 'min_samples_split': 2, 'n_estimators': 4168, 'subsample': 0.9081239571319382}",0.9433455155620326,0.9371881371103441,0.9364196553911468,0.9402639798320902,0.9383158200892994,0.9333863397501724,0.9411188924058299,0.9411475104031856,0.9423373401054737,0.9399760627200691,0.9424706080242553,0.9420803204576311,0.9397444583691525,0.9400078414616748,0.9393054189140606,0.9387703714686817,0.9366049537558446,0.9408112752536066,0.9425623250280332,0.9429369963287064,0.9407100208964443,0.9416196682924327,0.9366646075641994,0.9387915491780945,0.9425548588617345,0.9415040286859075,0.9394264268984573,0.9363814493712715,0.9425491827348687,0.9427468877294958,0.9400230697384394,0.939249791201317,0.9362136426549985,0.944597671305741,0.9347982894370097,0.9364974444653337,0.9402337385715304,0.9422674161948185,0.9420543867181265,0.9399886567039343,0.9360542212802059,0.9432641644846224,0.9358366689919553,0.9425517241844623,0.9385991877393779,0.942130429898575,0.9395682677650397,0.9417951356598036,0.9379598684439555,0.9377251795901607,0.9380526467320118,0.9428016951423488,0.9403909496178767,0.9399890517351341,0.9414870212406481,0.9355296559109587,0.940545826460964,0.9404736586402405,0.9380361109766959,0.943381479210666,0.9422380452452842,0.938237163312162,0.9409869525927176,0.9421875961469592,0.9365441803146002,0.9397251856005008,0.9367608235683327,0.9386503210687386,0.9435145186264344,0.9416852644222033,0.9411966323306218,0.9424545953104921,0.9362465886407328,0.9418289281202824,0.9405133179330997,0.9390653391080086,0.9412263193946929,0.9413692567992593,0.9407154719312281,0.9382831543585061,0.9405018339952317,0.9430101380146634,0.9437439194434776,0.9381129562847063,0.9375081213082537,0.9435084907309579,0.9391828843397341,0.9407027277624487,0.9419568608300599,0.9377534235084372,0.9403476166735699,0.9438306676259808,0.9422776459540164,0.943633174291355,0.9347899209995733,0.9395829333258422,0.936301793315802,0.9378102541140348,0.9406295327554635,0.9437489303654709,0.940062030338051,0.002484118556356048,162
514.0537825250626,170.74690511696437,1.7680637288093566,1.8180705185066883,0.033409485011516145,11,0.3525666849014759,2,4168,0.8383691103663502,"{'learning_rate': 0.033409485011516145, 'max_depth': 11, 'max_features': 0.3525666849014759, 'min_samples_split': 2, 'n_estimators': 4168, 'subsample': 0.8383691103663502}",0.9531942680041323,0.9497248099130151,0.9476511818556812,0.9522449743189256,0.94919148856011,0.9451375906500364,0.9529091068146375,0.9501437972821352,0.9518368504400833,0.9507168664387519,0.9524417316522167,0.9512132335369231,0.9496572324695605,0.9501825822983044,0.9500341692333683,0.9508003678994399,0.9464308130987663,0.9512643042490773,0.9529833096641138,0.9528239495581141,0.9511869012564733,0.9518235274904286,0.9498724681308569,0.9485620183224502,0.950289927810864,0.9509424130721296,0.9495072360108456,0.9478070921185365,0.9527813477097803,0.9517542713103392,0.951111207625581,0.9495175068178457,0.948281182545496,0.9538204069654236,0.9487712658606186,0.9481800767893211,0.9511965320805211,0.9537067246784788,0.952022400899328,0.9491871409003682,0.9480188970267953,0.9536338638271674,0.9479092236618146,0.9532345808115087,0.950282890429693,0.9517734740828357,0.9501249771396588,0.950371942264384,0.9502781774007334,0.9483422892645852,0.9492124051683566,0.9512582861457843,0.9504343991459308,0.9506462519998313,0.952595251673476,0.9472352325872895,0.9515321607085934,0.9518261917498829,0.9480552002158827,0.9523219123890239,0.9512663341994279,0.9479153744971428,0.9510339248024189,0.951709666360481,0.9474057813537131,0.9496316755577362,0.9480611314258788,0.9488588764996575,0.9535311909376997,0.9500896479643572,0.9513359842587354,0.9535999744010287,0.9469284806692982,0.9505340195911381,0.9498448934862236,0.9495163843937653,0.9510008899766151,0.9519681474629698,0.9496394024712472,0.9486418698043537,0.9501698051355447,0.9524763152736231,0.9518467829781141,0.9477631362298617,0.9486218764229017,0.9528393253179434,0.9485939798452795,0.9521771769625667,0.9516581269793232,0.9473584071656844,0.9518488724500279,0.953150248018395,0.9510917054132395,0.9517357994871505,0.9461385028510315,0.9507200129182573,0.9484596775278943,0.949524265864199,0.9513940924791416,0.9529355168437359,0.9504300916030413,0.0019212237836676775,49
427.77804247140887,161.7481872342969,2.024030327796936,2.0587101192047097,0.0020833532205690964,10,0.3492504177931109,2,4168,0.7754808866816165,"{'learning_rate': 0.0020833532205690964, 'max_depth': 10, 'max_features': 0.3492504177931109, 'min_samples_split': 2, 'n_estimators': 4168, 'subsample': 0.7754808866816165}",0.9471576095084862,0.9443649258542991,0.940462933823533,0.9452664241924256,0.9431259358895129,0.9391828178097764,0.9474270669704469,0.9439935024258687,0.9466581430608122,0.9437277570454231,0.9467903609438257,0.9455129836492876,0.9441610162339955,0.943813529339946,0.9436957736131504,0.9440196805577881,0.9400565325641131,0.9452238099592319,0.9462453257872455,0.9466826203536476,0.9451365612709767,0.944811868089773,0.9428747751655298,0.9429058098161518,0.9443527586902528,0.9448225377316017,0.9431004311021746,0.9406207111943615,0.9472274255727295,0.9459385856497871,0.9454117332384477,0.943594191838107,0.9417998657768265,0.9487339811747688,0.9420019396986339,0.9414578087962884,0.9446986538119516,0.9475306522624235,0.9457416250248651,0.9431685910026633,0.9418843919395667,0.9469367078020721,0.941791154578148,0.9471269279275829,0.9437345021148252,0.9468643473292075,0.9429413305888976,0.9443507426967935,0.9438894654328327,0.9424608694872967,0.9426948801083153,0.9457035726066083,0.9437059282627853,0.9440911671503064,0.9467814086693921,0.9414715465575302,0.9449216895123573,0.9459461561033484,0.9415459107240525,0.945932873857258,0.9455692582296438,0.9418068536421123,0.9441783183749364,0.9459600572120732,0.9413653182300805,0.9434422645532781,0.9424849032861832,0.9426171931043359,0.9467618709849478,0.9450687563566827,0.9451642044919897,0.947366701765167,0.9401383013400522,0.9436759219080395,0.9442905993173626,0.9431682480171737,0.945703737737597,0.94570277268569,0.9433319569618099,0.9421914689729791,0.9434327450901284,0.9459938601643112,0.945749914561462,0.9418514961022068,0.942778771051394,0.9464452771332102,0.9433248034447543,0.9460625282738265,0.9459486869307191,0.9410585167081827,0.9456864163273603,0.9463896605969736,0.9451307231413622,0.9453397254920888,0.9408091425964817,0.9448709979511368,0.9415548316678286,0.9440688806484538,0.9457983111917847,0.9463751458772238,0.9442693397206334,0.002009448305973111,144
327.6470626997948,152.80203738331127,1.2514271187782287,1.248269201447993,0.012981694801923469,8,0.3491259690316017,2,4168,0.6864983365330768,"{'learning_rate': 0.012981694801923469, 'max_depth': 8, 'max_features': 0.3491259690316017, 'min_samples_split': 2, 'n_estimators': 4168, 'subsample': 0.6864983365330768}",0.9549792714911616,0.9526028221564249,0.9492433425296425,0.9535099241955611,0.9517094297242107,0.9490230762681027,0.9554584829289258,0.9517308103148457,0.9542973870194508,0.9524703627134906,0.9541819869462873,0.9539993578100774,0.9525385564850244,0.9529991928877031,0.9516315290961777,0.9531058420073426,0.9481869246716514,0.9533662189449073,0.954391804918507,0.9548090226771507,0.9533892253393308,0.9537969061435971,0.9515256790348884,0.9522299794399919,0.9526033599125051,0.9530584771418499,0.9521279791763093,0.9498348034076676,0.9548088753661872,0.9544178236832678,0.952744457588024,0.9518343417459881,0.9508953560655092,0.9565181281910135,0.9504652961716736,0.9502705102375741,0.9533106198012856,0.95575556638282,0.953616816096762,0.9512733051653562,0.9506247425120283,0.9542507343998009,0.9508189996258768,0.9546764809289803,0.9524277380407551,0.9550312490056014,0.9518021108776913,0.952411238761866,0.9519704631267525,0.9509413973942595,0.9514122201013048,0.9532428727114232,0.9521587113052492,0.9528313409120496,0.9545924947104595,0.9503406359963292,0.9531997585243039,0.9537647622836715,0.9505379417123933,0.9538571943256148,0.9539566631456804,0.94986960464188,0.952672620384822,0.953997081508185,0.949977399196386,0.9518386724452518,0.9505893147340447,0.9507388205427441,0.954977637084339,0.9535544769865257,0.9533988615826453,0.9545855512803267,0.9493876314051206,0.9534151840040558,0.9522492472821202,0.9525583723404247,0.952819521869873,0.9537173577401724,0.9520007707959823,0.9500551651672062,0.9526327188791369,0.9539739787981856,0.9538190867563135,0.9502156571073742,0.9512705664870085,0.9545928657425132,0.9511378120015744,0.9535580200336543,0.9546234241038055,0.9496108571533133,0.9547651749705443,0.9551457095075422,0.9529079229899803,0.9530266438691013,0.9491989352355271,0.9528664859152086,0.9503601688835625,0.9525270874598817,0.9533007632998866,0.9546742115011384,0.9526017398396772,0.0017372530394824518,10
716.9625652408599,228.4206976865967,1.6383901643753052,1.6189152301019656,0.05018235878175852,10,0.5033597839098564,2,4168,0.767637374814736,"{'learning_rate': 0.05018235878175852, 'max_depth': 10, 'max_features': 0.5033597839098564, 'min_samples_split': 2, 'n_estimators': 4168, 'subsample': 0.767637374814736}",0.9540860736881125,0.9498430318891777,0.9469723539997629,0.9518204252063359,0.9498070978115509,0.9466732140012406,0.953683928978587,0.9499614201306762,0.9523435413322604,0.9506157909585871,0.9532387234616129,0.9533353098173862,0.9510119961285867,0.9513719730188381,0.9500025527422492,0.950799648529622,0.9475024163286208,0.9514563605612186,0.9523690728985962,0.952660467735753,0.9519645381756451,0.9523986589266427,0.9491664462756499,0.9499847753016744,0.951133386741025,0.9517552450951378,0.9496822461475406,0.9472780032970826,0.952466617061086,0.9538461690282576,0.9509560910843206,0.9491946808768563,0.9493689256543278,0.9546334005596311,0.9485421027672565,0.9484124955318447,0.9519659930604186,0.9541782584752372,0.9517463785976281,0.9493091900873127,0.9480301947086596,0.9535013418386018,0.9478549201515758,0.9536119595378494,0.9510364241972059,0.9535858379643496,0.9494540850736871,0.9522273376944156,0.9497853462556729,0.9502715997880333,0.9491733528550858,0.9529522890935657,0.9507670839751093,0.9510079983110931,0.9536015696722555,0.9481677076848103,0.950761811452571,0.9514596916706644,0.9495542808102186,0.9526704019811463,0.9520681588004112,0.9485711581951151,0.951076447724549,0.9527055950168809,0.9476029827799001,0.9506880876076435,0.9497359583959453,0.9498359268741473,0.9539204187936038,0.951748695102878,0.9518528397086595,0.954239002207061,0.9474518215112785,0.9519438885432671,0.9508642180315952,0.9500741750176892,0.9520463712972246,0.9520497722543675,0.9509395526769674,0.9489102626931221,0.9496433231743233,0.9530692079797003,0.9531271623831323,0.9474039759257803,0.9483759671511729,0.9536966487805834,0.9496909658500671,0.9528433508070758,0.9530247795003386,0.9487354163263927,0.9523033773774368,0.9538209285524006,0.9522989568782304,0.9528788322006516,0.9474772301119,0.9517395626873277,0.9484564153876177,0.9501007797040893,0.9505027659517081,0.9530973440967991,0.9509762656073895,0.0019898215780916957,42
993.7202842068672,251.53747744209753,1.1444037008285521,1.1803444423572569,0.08507111927040711,10,0.7110212559124349,2,4168,0.7929619939213252,"{'learning_rate': 0.08507111927040711, 'max_depth': 10, 'max_features': 0.7110212559124349, 'min_samples_split': 2, 'n_estimators': 4168, 'subsample': 0.7929619939213252}",0.9510015751826918,0.9480523261728361,0.9451692990909675,0.9501755419459648,0.9469131190884112,0.9445001855233516,0.9501602919246283,0.9473946895472836,0.9485075818058618,0.9486130758519306,0.9504854179552854,0.9501174896411714,0.9485480651987113,0.9483360928627791,0.9476969661203225,0.947913565073098,0.9447503097595077,0.9492046607967769,0.9505198054837272,0.9502551278007617,0.948767814849662,0.9482546422352893,0.948439178540819,0.9479390247111705,0.9477261325285538,0.9485332734070782,0.9477964536236282,0.9439867297958371,0.950876816203005,0.9518150069875688,0.948256291846649,0.9468794746183757,0.9461906116292783,0.9526593180719971,0.9467880761378066,0.9460874213235396,0.9488070325328825,0.9510893645718144,0.9482681814414986,0.9470096698480936,0.9440113790120492,0.9520890200222594,0.9453488971448769,0.9514804665076906,0.9492545815586723,0.9502996353863014,0.9480004234838282,0.9492172933308579,0.9483238617796473,0.9464310240873547,0.9467020242541725,0.949829160859536,0.9483255327732061,0.9473771481750412,0.9516704917775564,0.9451144425312182,0.9483162122573441,0.9479720319251962,0.9460848606992492,0.9500759080715556,0.9488880478985825,0.9466117949540287,0.9471989245512714,0.9510063450787396,0.9456361167119183,0.9476246030058435,0.9455781608003738,0.9475873607534873,0.949959231503989,0.9504468877648818,0.949728017600534,0.9509610090644831,0.9450940712544186,0.9502838781997698,0.9491309974409743,0.9470606998267408,0.9487686145259958,0.9504446897411235,0.9476846558490635,0.9462580095105432,0.9485221990134671,0.9509864733493892,0.9514235991053553,0.9465077279771793,0.9470078968885762,0.9507605460910067,0.9466405280075371,0.9501861849927792,0.9495860679603206,0.9454499504290069,0.9490144730639626,0.9500674958506228,0.9501799138324032,0.9506833150058435,0.9450773154536062,0.9476420528723373,0.9468794946165311,0.9470578812370841,0.9489628950464782,0.9504834208398739,0.9483948164503835,0.001986592790040221,95
1364.926813480854,244.70090543666203,1.4750595378875733,1.4835390661041399,0.042191227357192974,10,0.8664933736160578,2,4168,0.8205886405903641,"{'learning_rate': 0.042191227357192974, 'max_depth': 10, 'max_features': 0.8664933736160578, 'min_samples_split': 2, 'n_estimators': 4168, 'subsample': 0.8205886405903641}",0.9524986761767675,0.9483004349409955,0.9456982313332448,0.9484963451804268,0.9483031495805305,0.9446219970515428,0.9508581100044602,0.9482720723645718,0.9510807919415474,0.9491109370712462,0.9524348486184937,0.9501244917027162,0.9489382974819345,0.949713877823499,0.949587093945078,0.9488818518551612,0.9462554880415248,0.9497242593505208,0.9507821719444562,0.9518392818459326,0.9513071477994421,0.9491659881599759,0.9482199179553166,0.9486048513438596,0.9495860348211439,0.94998234311753,0.9477968400979514,0.9462658705129838,0.9513059366997357,0.9513419190917066,0.9505776627115075,0.947240465459981,0.9477272893102369,0.9534648029102882,0.9472447789286167,0.9486560729708827,0.9498589835921623,0.952255159657322,0.9496563000177431,0.9484378140798465,0.9459777895408203,0.9526137689545611,0.9471136460283076,0.951601075025144,0.9488099939449446,0.9517591828888592,0.9490391082978131,0.9505547470294604,0.9479098915327522,0.9481544286333226,0.9470339520009419,0.9521940733497333,0.9502639709777638,0.9478693425755295,0.9527318320992892,0.945653777457855,0.9501879910435341,0.9490726192128675,0.9468163965314037,0.9526905836279218,0.9505140779838929,0.9470155577792013,0.9490073433213128,0.9515548220783899,0.9453582480359837,0.94897917730574,0.9465260793959883,0.9474002381332377,0.953120673791924,0.9499859848575687,0.9495680130660356,0.9537439887060015,0.9468951010310588,0.9495193322946743,0.9497191351809317,0.948187681784604,0.9497696527711447,0.9496083998438891,0.9492418786626221,0.9480511912187014,0.949561029775735,0.9514537031522787,0.9517468756880163,0.9466530377857519,0.9475579746495216,0.9510762160853861,0.9471805446969036,0.9513470465487669,0.9505311170342744,0.946882430402107,0.9498286044149782,0.9512337945080668,0.9507087647693282,0.950781329646088,0.9460596292324525,0.9500567915318845,0.9475891795277128,0.9477018218186368,0.9493205659254665,0.9517148778150167,0.9493501867049698,0.0020152994203916324,75
354.1688224077225,141.69795293860216,0.7732979369163513,0.7720923364233355,0.019596361764174793,5,0.7118356171625375,2,4168,0.5570183058650567,"{'learning_rate': 0.019596361764174793, 'max_depth': 5, 'max_features': 0.7118356171625375, 'min_samples_split': 2, 'n_estimators': 4168, 'subsample': 0.5570183058650567}",0.9476048814181167,0.9457277669632244,0.9424342405786201,0.9467667073835725,0.9453895519958885,0.9421703914048208,0.949709491898852,0.9452092042145237,0.9469181616730353,0.9456456508977839,0.9467433034064802,0.9478471619414895,0.9458643130307971,0.945823290369684,0.9449690776643841,0.946512608415135,0.9404884016742827,0.9469282506188007,0.9481294918648356,0.9481018246093964,0.9456406026962114,0.9468130845868874,0.9440729513559644,0.9462453898381045,0.9460824775657786,0.9462097656500271,0.9451213469279798,0.9427845833212358,0.9472713319353541,0.9473081866857043,0.9458176559753851,0.9451039908710662,0.9449533608469083,0.9503272588258589,0.9434114396166555,0.943094746163027,0.9472454791536251,0.9493637110873245,0.9466026230005451,0.9449278092253104,0.9446738221114012,0.9476376231607971,0.9435668763343626,0.947799247908101,0.9458245081353283,0.948639050419361,0.94629623626543,0.9460178830435537,0.9443723208329531,0.9440725067398826,0.9453781056692523,0.9470769585275369,0.9450730451632232,0.9463061350248156,0.9479177520014379,0.9439278088131058,0.9451892215808009,0.9476011996631966,0.9443131083652258,0.9479173995508491,0.9480236596629719,0.9429624089329154,0.945403484646827,0.9470954371120862,0.9437636102468902,0.9452007948601687,0.9436508815352537,0.9433331776261599,0.9484630462507411,0.9474724505146342,0.9472372881515073,0.9483756138813704,0.9432123345345961,0.9455267625534728,0.9459206528972292,0.9455344528562637,0.945153741505669,0.9485059001420656,0.94553160120354,0.9430352720992862,0.9459767446554965,0.9466277248266906,0.9475909068511389,0.9437886503795433,0.9439386330377781,0.947236964709667,0.9453468870063539,0.9475316048735414,0.9486047689752147,0.9428536694874285,0.9479265751417886,0.9479920583223761,0.9453829751684839,0.946762197742276,0.9414198291469422,0.9463056481412385,0.9436144118405297,0.9457051923952626,0.9477031947443558,0.9477422267397926,0.9459043581206282,0.0018833776126928514,135
665.0648757743835,246.37737326203725,0.6227015709877014,0.649440978853036,0.2340122487288133,5,0.9108532992161238,2,4168,0.7032214942097962,"{'learning_rate': 0.2340122487288133, 'max_depth': 5, 'max_features': 0.9108532992161238, 'min_samples_split': 2, 'n_estimators': 4168, 'subsample': 0.7032214942097962}",0.9448022801986412,0.9411513996288187,0.9399956668974133,0.9421294225575106,0.9417380010413572,0.939333863906313,0.9449400932495577,0.9413591264889802,0.9418765641476747,0.9419670275663286,0.9449511807635317,0.9430345255853195,0.9424942515553759,0.9415448583726106,0.9397274581538809,0.9420270014622668,0.9364730690273225,0.9431123371044913,0.9448048967703087,0.9441538804536813,0.9425595475936959,0.9426976905522229,0.940283703611186,0.9429996621337776,0.9414614668650692,0.9415326633483757,0.9411582202140855,0.9403828147771983,0.9439359820172925,0.9421918110970269,0.9435499780438041,0.9434475541366666,0.9403868124225225,0.9467342829069859,0.9380702391412776,0.9391179474035394,0.9448823469613866,0.9444598350867085,0.9420438035345993,0.940381029836941,0.9415025281268472,0.9445509197212445,0.9395886952782748,0.9437296279901027,0.9437234876479588,0.9445879391079128,0.9433094386268334,0.9421085200692227,0.9417778063525395,0.9421697903435454,0.9430244769756557,0.9426037941857387,0.9413066933779994,0.9435461694608819,0.9430521485293063,0.938166405894961,0.9433610273164653,0.9434096132585889,0.9418299530623218,0.9450236594596226,0.9438157927480884,0.9380275816553213,0.9440482993326625,0.9416822460848326,0.9411521997112297,0.9423240799079408,0.941580415783978,0.9414247875436085,0.9442872754036759,0.9454868972241517,0.9425726296945369,0.9449791247439964,0.941616622685892,0.9418047674986415,0.9428903735794212,0.9409752495427434,0.9409135189095866,0.9446272042320636,0.9426237983522773,0.9372349326271476,0.9427152373378347,0.9443069464076578,0.9425735502120667,0.9399677797793108,0.9386511206177708,0.9449018363991447,0.9429656052627139,0.9437231939165823,0.9435570921859457,0.9392633249056258,0.943711332577981,0.94445782327408,0.9437135877317626,0.9439887727053065,0.9382738187903943,0.9422994197690293,0.9411168789148473,0.9432768657114664,0.9446561558072982,0.944109237397608,0.9423256436836799,0.001981600292501867,153
598.9849499893188,222.07647191851467,1.2728351402282714,1.3064806541459055,0.13043355075604016,9,0.4673282703934972,2,4168,0.7144545453910219,"{'learning_rate': 0.13043355075604016, 'max_depth': 9, 'max_features': 0.4673282703934972, 'min_samples_split': 2, 'n_estimators': 4168, 'subsample': 0.7144545453910219}",0.9505085995148533,0.9461684686055012,0.942854950537943,0.9467122374008524,0.9458500463532378,0.9421517569681253,0.9500635632224946,0.9459744444090891,0.9475771343091712,0.9476904936316819,0.9489061709454211,0.9471568462486293,0.9472850878009956,0.9468755865904748,0.9456793542217069,0.947256881089085,0.9440968623836555,0.9484736876432208,0.9492153629687149,0.9495068783677945,0.9479320845707693,0.9482017697050942,0.9462677669578822,0.9458964904957756,0.9474129468460772,0.9475084908232377,0.9463989969543904,0.9439054655488879,0.9493346333164503,0.9495015866569387,0.9462742875789563,0.9472803650318004,0.944845036672175,0.9511806435493378,0.9442556754274722,0.9452572851642451,0.9492649736325038,0.9506966837952955,0.948299741251192,0.9458157822197665,0.9460333489284862,0.9498423190359271,0.9441009048065433,0.9500359123653966,0.9473051810893938,0.9492234712767715,0.9480857324992553,0.9480771819993168,0.9460996142001503,0.9436377439861656,0.9462939415498065,0.9495505116499354,0.9466858867946087,0.9471168280568009,0.9487258727850265,0.9449953720963702,0.948458164934195,0.949213937578981,0.9443931036761652,0.9489081620065741,0.9496722763787155,0.9451414563876539,0.9488393459643281,0.9489991225843212,0.9440245430230237,0.9468615076773966,0.9451280894765545,0.9454527444106247,0.9496968532178363,0.9474876314384516,0.94699270016751,0.949374076751962,0.9437112167846032,0.9473603545235306,0.9474580001038476,0.9485128178779906,0.9480655899218245,0.9481445539120684,0.9461487308639552,0.9446978443126736,0.9470540774974086,0.9501819513690497,0.949732769868052,0.9449669641714141,0.9458731431036761,0.950475368824643,0.9451369341610674,0.9493942753546172,0.9501457624290749,0.9445613651311332,0.9484177467816193,0.9497407969114912,0.948090270954341,0.9491139503009585,0.9440703978449156,0.9467561810814116,0.9457983085324355,0.9473747387037461,0.9480079980770602,0.9498536816241334,0.9472883444922789,0.0020171963916906376,113
468.76384818792343,190.70089947591475,0.7079829144477844,0.7372138962324297,0.05045954735624511,6,0.6945380037482397,2,4168,0.6001195874961279,"{'learning_rate': 0.05045954735624511, 'max_depth': 6, 'max_features': 0.6945380037482397, 'min_samples_split': 2, 'n_estimators': 4168, 'subsample': 0.6001195874961279}",0.9534771253011851,0.951460319343691,0.9493200659922492,0.9522550940547155,0.9514202517875288,0.9491925174510447,0.9550488670443645,0.9507626186845215,0.9528305670849562,0.951850978770585,0.9535720948941514,0.9536037972594235,0.9520744527168207,0.9528239459941508,0.9505558824686564,0.9525221098771158,0.9481038543757595,0.9535214329310956,0.9533600641187688,0.9547939406402082,0.9523127041518112,0.9539255716314089,0.9500901087067569,0.9514331284987836,0.9524967295598401,0.9532634771989413,0.9516940118097186,0.9493604199554418,0.9539007888619998,0.9543986331794138,0.9520885021851692,0.9520288142811281,0.950515742663153,0.9564345343160418,0.9495377296754122,0.9495781933949412,0.953050110598523,0.9548655844317404,0.9522473623924427,0.950264796128497,0.9508445132510024,0.9540078604971259,0.9501729232088256,0.9542662843323504,0.9524010502524797,0.9549273744979973,0.9523605599890547,0.9524921881118958,0.9504090572556475,0.9509991433413186,0.9510649774204947,0.9542027153012475,0.951523162058428,0.9520901499005112,0.9541784290763895,0.9498046425808075,0.9522370993787033,0.9532695618561741,0.950254213183565,0.9549997116425843,0.9544486978844171,0.9497417123759387,0.9523589310051183,0.9538236723300689,0.9492146309979522,0.9509286552462141,0.9497856016553754,0.9513376904501945,0.9545274473423989,0.9543330015709034,0.9528460082917238,0.9545088977402628,0.9498698091930441,0.9521190033579149,0.9525061040031414,0.9521193373278656,0.9525276665985971,0.9543372732283665,0.9516625762609892,0.9493479289321533,0.9522591703085285,0.9534254221597663,0.9537616427198579,0.9498635898418542,0.9510132926611184,0.9536707220238962,0.9515364993009576,0.9527020913410961,0.9546997191669735,0.9496125988153514,0.9539766340243431,0.9554268388984588,0.9520709421021333,0.9526820386564475,0.9479227334963233,0.9535160478314125,0.9493588727767645,0.9525058645965327,0.9532238624219215,0.9545472854969849,0.9522266305598214,0.0018176100817967565,19
532.65696672678,161.70583358053833,0.671300802230835,0.6773867671310969,0.3210326617493179,5,0.6270807622254333,2,4168,0.9259297164820095,"{'learning_rate': 0.3210326617493179, 'max_depth': 5, 'max_features': 0.6270807622254333, 'min_samples_split': 2, 'n_estimators': 4168, 'subsample': 0.9259297164820095}",0.9394936147478553,0.9420229466021802,0.9377102184393823,0.941003414557105,0.939814743423133,0.9378123955198989,0.94320954973923,0.9404665700476335,0.9419334568279876,0.9384993174742106,0.9410999551450389,0.942913797188105,0.9405108190376079,0.9406445524038624,0.9360125857885687,0.938830727440692,0.9331569746089835,0.9409165167144327,0.9428413851532017,0.9401463315190095,0.940556498697239,0.938172946252577,0.9373402684070282,0.9386925822947016,0.9403605208828023,0.9399047534746299,0.9398733230012144,0.9366083251696675,0.9395415775577554,0.9395806921566106,0.9381340072480432,0.9379797369417939,0.9384546335265214,0.9438365771140409,0.9387515539672799,0.9342277058115389,0.9406659759920815,0.9417507189860455,0.9403650530803972,0.9386983036017971,0.9377884874124222,0.9433799767836895,0.9357804462428287,0.9415901888371037,0.9383476194523885,0.9419368490112019,0.9393814400631717,0.9401924272443253,0.9384671533378646,0.9362113576411661,0.9383702261855911,0.9384822125331861,0.9365454574487534,0.9389404801807822,0.9409126713807753,0.9372567125623573,0.9386202465456328,0.9406252970612402,0.9376059263820087,0.9420783423128989,0.9408220971261757,0.9348875107311315,0.9390730444189125,0.9423495647466743,0.9403735195370093,0.940080708741035,0.9402964478334839,0.939767808949703,0.9439093652460521,0.9413146225813853,0.9417750802475531,0.9426470582976928,0.9389558412628507,0.9404431359820186,0.9415543317017733,0.9393706314761596,0.9382574546424014,0.9434747054158337,0.9374498587268342,0.9367990069918212,0.941607695459572,0.9410437589560882,0.9431273315116122,0.938091608784161,0.9374239195436214,0.9414118533056026,0.9370244019480023,0.9417391671060021,0.943301579257193,0.936314800604525,0.9407183879731198,0.9411434620655197,0.9400012739735789,0.9408785568910454,0.9372150029277293,0.9393090874565935,0.9354149060314777,0.9423393076798829,0.9389495699878692,0.9410098160645304,0.9396671642734552,0.002215246138709235,165
823.2904958844185,239.14068719645314,1.1493801832199098,1.1524433458527261,0.033014352780711444,8,0.7304850956661282,2,4168,0.6635802550755612,"{'learning_rate': 0.033014352780711444, 'max_depth': 8, 'max_features': 0.7304850956661282, 'min_samples_split': 2, 'n_estimators': 4168, 'subsample': 0.6635802550755612}",0.9558630264087311,0.9523383886868261,0.9490985391230444,0.9536968905677716,0.952697943171518,0.9497572545199625,0.9552827924983976,0.9517937964699814,0.9549700736654894,0.9532099891055622,0.9553360828738875,0.9546403557055134,0.9531492738875119,0.9540525354059826,0.9527529087479916,0.9536455839380021,0.9491948237409167,0.9541724480990168,0.9548712416993321,0.9557204952396803,0.9535424694087768,0.9543571082881774,0.9523233026071931,0.9528007364158982,0.9528121202007975,0.9534819562078946,0.9520546861198277,0.9501881142760307,0.9545765667208866,0.9550354016658079,0.9533851068439938,0.9521569453032871,0.9526862061603752,0.957469845626581,0.950684501131388,0.9506472226540943,0.9534467848006879,0.9560310006651315,0.9539720151827867,0.9520939385144995,0.9501553112615329,0.9557849491226529,0.951257372496941,0.9555025510381814,0.952710308848864,0.9551015191151705,0.953216822956438,0.9532997498318736,0.9520174764489603,0.952198076993378,0.952071659755183,0.9547483305610854,0.953690870522269,0.9532121233232059,0.9553841044574207,0.9504868223850405,0.9531391676569595,0.9534525480100549,0.951987837491548,0.9552123705339176,0.9546869530149701,0.9508958976002874,0.9529904433555105,0.955266017267019,0.9496345507196933,0.9519651627471711,0.950551355832007,0.9515569656946421,0.9567529299533799,0.9536855249207279,0.9532685736544866,0.9563945569087868,0.9501356964934843,0.9525292576571882,0.9535149683261895,0.9526620112003756,0.9542623482886534,0.9546014507382574,0.9521940877986637,0.9518118816881732,0.9535612882218631,0.9549141451790208,0.9542861090988409,0.951538900542331,0.950972843496674,0.9556476435576463,0.9517145509333754,0.9534680588223392,0.954684540690645,0.9506724976562264,0.9548878807644501,0.9552121303118838,0.9538607269507658,0.9540468046935301,0.9496173873236112,0.953109356281814,0.9517151427381205,0.9527493108259631,0.9537383239958288,0.9551617731324541,0.9531954049423698,0.0018035500531929452,3
629.8170309114456,225.45945131119083,3.2984375047683714,3.2233345171786847,0.0024985754202840617,13,0.3968354853581081,2,4168,0.6757095104285525,"{'learning_rate': 0.0024985754202840617, 'max_depth': 13, 'max_features': 0.3968354853581081, 'min_samples_split': 2, 'n_estimators': 4168, 'subsample': 0.6757095104285525}",0.950552086569868,0.9468688634641473,0.9439006413735862,0.9486251534530186,0.9463881659747995,0.9419367895809568,0.9500642395855847,0.9474417967526874,0.9494931225507858,0.9472880841927352,0.9494858309829451,0.9485872253706349,0.9469397936463829,0.9479260818702213,0.9470556192243581,0.947070898347856,0.943716629593853,0.9482244251938262,0.9498348764865199,0.949922794743264,0.9481961368402269,0.9477142322976633,0.9463436730467154,0.9458010661062094,0.9476210111412647,0.948227504213414,0.9461221964351846,0.9439487725053178,0.9501751597317636,0.9489661005335641,0.9480748138494776,0.9464700415522417,0.9455017567048474,0.9520960893803078,0.9453899511850393,0.9447888538070013,0.9476409649090778,0.9503892592880795,0.948788719023251,0.9469285514087433,0.9445616729278626,0.9505755092914688,0.9445973757062232,0.9504771695470476,0.9470016339223328,0.9500698117015731,0.946269562417782,0.9480301462323716,0.9470409618007397,0.9456269826865815,0.9456149671921553,0.9491308874562072,0.9470472428992381,0.9470266494132578,0.9506187760780168,0.943975129508243,0.9487643661024422,0.9487630758074118,0.9449082645680452,0.9488056543391215,0.9485900302416053,0.9448401611025854,0.9476083525387081,0.9494168388230682,0.9445633665357293,0.9471103145213311,0.9451732360074359,0.9455250070291525,0.9504182995356076,0.9486372897847392,0.9480819058581565,0.9507231129946593,0.9435561651647961,0.9473866179903435,0.9474600121612067,0.9460137327335845,0.9488791285570047,0.9487126275382688,0.9471480438534626,0.9454688208922225,0.9463061445163351,0.9494025645969048,0.9493964568263448,0.9447587236647303,0.945952884760308,0.9502043008463064,0.9459460893056518,0.9493820284253767,0.9489900928726872,0.944379574150908,0.9478793312177567,0.9497782070917027,0.9485131320133872,0.9494487706623788,0.9444155464863415,0.948101686570516,0.9447734432985777,0.9472355189314321,0.9479165849949955,0.9496918609060474,0.947471998185179,0.0020420716179709586,112
1301.1182125926018,325.5309081034271,1.8163466596603393,1.8416826374005528,0.007170272316391664,11,0.8499430109962913,2,4168,0.7293608935945628,"{'learning_rate': 0.007170272316391664, 'max_depth': 11, 'max_features': 0.8499430109962913, 'min_samples_split': 2, 'n_estimators': 4168, 'subsample': 0.7293608935945628}",0.9526962701083975,0.9477096610210702,0.944563651836208,0.9487227545308891,0.9477780431727364,0.944393899471295,0.951044284205206,0.9479222224951069,0.9503006422667327,0.9484082910139252,0.9511917911279925,0.9499701737791535,0.9481778745115221,0.9487798033628506,0.9485942920265666,0.9481226121657835,0.9453148620530738,0.9494196322738058,0.9502676321064883,0.9517344828132199,0.9498628651520359,0.9483972786696186,0.9471138449682107,0.9475660550575978,0.9489751363131503,0.949354074384764,0.9472938044978292,0.9450165528869687,0.9507518765422148,0.9509883506574647,0.9488370158012823,0.9474908590611981,0.9469510331379645,0.9536704064651497,0.9457966867460889,0.9467088868345912,0.9487285604745198,0.9519801909415331,0.9488963488611815,0.9482134931685304,0.9447797158254752,0.9522766584523853,0.9459255387019376,0.9521124809175505,0.9479751618426009,0.9508462715678352,0.9481512074125107,0.9499634914936645,0.9476176268806559,0.947799756505003,0.9471986288674954,0.9504987306921975,0.9488617322689614,0.9474579865753223,0.9516683503283931,0.9448546413485766,0.9498730262095202,0.9484138261846653,0.9462533124192325,0.9512470210552004,0.9501551021659274,0.9465048890103664,0.9484952081268984,0.9514777640784012,0.9449970468606873,0.9482632153161981,0.9453199910851233,0.9471258402260179,0.9525528178880985,0.9502294694339091,0.949168246354472,0.9528150192945276,0.9453460347348018,0.9487351758292217,0.9488891307662627,0.9472706037526742,0.9489279322910906,0.9501780850848132,0.948387851434356,0.9467605580563969,0.9477674155659421,0.9513378738083407,0.950942879392381,0.946283294580066,0.9463170937090103,0.9510609550395176,0.9467624844902789,0.9502235972318773,0.9494066531170103,0.946206128669085,0.9489890517396957,0.950630824810159,0.9504091947412859,0.950948213490646,0.9452066393542609,0.9496984359884175,0.9467289905386186,0.9481703862339057,0.9489884782402465,0.9511632328989893,0.9487032316794309,0.0021286516875774725,85
451.5794386005402,177.15290463758592,0.6789408636093139,0.7022795098649522,0.22030395364157684,12,0.7191092741862057,2,4168,0.7268289299185802,"{'learning_rate': 0.22030395364157684, 'max_depth': 12, 'max_features': 0.7191092741862057, 'min_samples_split': 2, 'n_estimators': 4168, 'subsample': 0.7268289299185802}",0.9377704898642619,0.9336919440929481,0.9334171443767583,0.9349386012444211,0.9352232372661619,0.9315198649914627,0.9394711976021966,0.9355333718483844,0.9372433673729023,0.9360443838352102,0.9374980344500004,0.9347426804253226,0.9338630996284347,0.938169648466244,0.9359592400881085,0.9306173112094929,0.930153674558731,0.9338743454004501,0.9379056166865115,0.9392870284682535,0.9373942497789668,0.936642344967256,0.9336820854834594,0.9353906332098471,0.9348374634439865,0.9383552586931192,0.9344115279585068,0.9326800064387781,0.9385876579299821,0.9382070258633544,0.9337510666437816,0.935027782496617,0.932940003093363,0.9392884439156741,0.93453211322863,0.9344388493560198,0.9368742466866729,0.9391390805623772,0.9373545885658165,0.9370975346342788,0.9330393335410709,0.9391175253067492,0.9318140586842689,0.9390236357823524,0.9340532169436621,0.9391043965092948,0.9356056946297495,0.9373908312062219,0.9376421271711105,0.9352813935329962,0.9332130471154352,0.9364170830488096,0.9339688886250579,0.9333514081418949,0.9388323235254661,0.9316536548639818,0.9386799227036386,0.9372121527383688,0.9340468938341016,0.9413601585640062,0.9371137593492362,0.93430189488357,0.9368912656094747,0.936524558788258,0.9300267410097038,0.9354061519132837,0.9327696263857366,0.9344746369023097,0.9388876908514704,0.9376329085559656,0.9354486856789485,0.9366043139198438,0.9336562219026061,0.9371263616840991,0.9362417615531903,0.934159806356316,0.9359570020708232,0.9362098345237889,0.9340381837788962,0.9327086595240368,0.933435191340618,0.9389472837929642,0.9387825558250577,0.9326984966010214,0.9317896477961332,0.9407062493295707,0.9354799945333158,0.9381208221912153,0.9377245299312316,0.934736920737378,0.9336886503368049,0.9365127271283946,0.9403396524694696,0.9391268729171163,0.9314314203629063,0.9366025611632397,0.9338694850344831,0.9361926296668523,0.9343506083774338,0.9388701857622376,0.9357795054183399,0.0024928089006582203,178
552.215028758049,199.8610637777365,2.4883326435089113,2.433835291280995,0.002972103375337846,11,0.47873867696824834,2,4168,0.5613612108253409,"{'learning_rate': 0.002972103375337846, 'max_depth': 11, 'max_features': 0.47873867696824834, 'min_samples_split': 2, 'n_estimators': 4168, 'subsample': 0.5613612108253409}",0.9516027237579614,0.9478027290345533,0.9449355905477318,0.9492647562593679,0.947281598777343,0.9433466639802783,0.9511580482069665,0.9479405537904614,0.9505154421867862,0.9480940272078846,0.9505290362303715,0.9495831669772753,0.9483136104231329,0.9486691129616371,0.9480430987206544,0.9481568932516542,0.9444893498685439,0.9493027036421482,0.9506635665550569,0.9509660839310184,0.9492296987495016,0.9490638867778098,0.9472759709911198,0.9472907303605157,0.9486848609606732,0.9489982117374606,0.9473991073859412,0.9449129640616112,0.9511251508458384,0.9502505260251115,0.9488305716359483,0.9476951056121233,0.9467857442504131,0.9528108612193625,0.9462620681554793,0.9462171880348305,0.9489139229003997,0.9513826864962676,0.9497523075039377,0.9477459259897032,0.9459109095842657,0.9516629489326229,0.945673444944194,0.9511902595910473,0.9480358375730638,0.9508387999757802,0.9479346569700318,0.9489639321292854,0.9480496661869,0.9470990917186657,0.9466195863264709,0.9502698565056487,0.9481984844215102,0.9481379772602032,0.9513274212533132,0.9451888155421981,0.9494566973519033,0.9495960011233294,0.9460765550178422,0.9501519843140824,0.9499862201536823,0.946021449020479,0.9485309425880066,0.9504240647233128,0.9453484642390415,0.9480951763824211,0.9462430612637454,0.9469673574429615,0.9513568630931009,0.9498541690891822,0.9493090981117311,0.9517787545491321,0.9445594361908578,0.948425105564507,0.9484320611396415,0.9471717025871584,0.9494916250586333,0.9498879238210771,0.9480176614980528,0.9464831736561975,0.9480382176000135,0.9502845582888012,0.9501855960586584,0.9458181983084318,0.9465448244617868,0.951049687332745,0.9471805136585856,0.9503407739044942,0.9499865647597779,0.9455614501857963,0.9490313117457233,0.9511907695053813,0.9492907620692079,0.9498445885200213,0.9452059722121346,0.9490848087977981,0.9463443131839235,0.9483051122219565,0.9491383208940267,0.9509068649870815,0.9485138669159651,0.0019788999469134926,91
796.881029651165,204.4463459703713,2.856381893157959,2.834572234569287,0.0027280769290078575,12,0.6107821010454956,2,4168,0.6211417520759408,"{'learning_rate': 0.0027280769290078575, 'max_depth': 12, 'max_features': 0.6107821010454956, 'min_samples_split': 2, 'n_estimators': 4168, 'subsample': 0.6211417520759408}",0.9511075179973241,0.9468014710872932,0.9439950729339559,0.9483017414040978,0.9465531939927727,0.9426010656915792,0.9503614876020559,0.9473845386064055,0.9495999202338615,0.9474896243888778,0.9501479291458116,0.948961824126625,0.9472029229056581,0.9479404404398473,0.9475143388856935,0.947427223710577,0.9440969977724389,0.9484409691263808,0.9498043866801934,0.9503037772318284,0.9485713013243136,0.9481072537949563,0.946463609605842,0.9462789687208238,0.9482833772415601,0.9482164688214765,0.9465604604149991,0.9441679492952023,0.9503526349984445,0.9495962503531236,0.9480259315044552,0.9468871988258756,0.945860957698071,0.9525933910926279,0.9456863355575933,0.9456776886599589,0.9476830478311086,0.9507347739542895,0.9486353786276208,0.9472134931303599,0.9442330775567648,0.9511961842030288,0.9446162365633572,0.950676535112398,0.947463047822404,0.9498997703458808,0.9470399228652588,0.9482658634106009,0.9471566608711394,0.9464661344317918,0.945781925109043,0.9496212473651642,0.9472841370547034,0.9470456419124353,0.9508408659825475,0.9440891326849735,0.9489771177632105,0.9486829506285748,0.945622492299914,0.9496926086012429,0.9488862578373449,0.945284194843891,0.9475524336805394,0.9499308404964998,0.9445892180914064,0.9473398704462352,0.944987731266453,0.9461269874471674,0.9508954296782226,0.9490249477194908,0.948221273674562,0.9512205189510857,0.9438936238107193,0.9477445905879821,0.9476933144282921,0.9464711573046638,0.9491436467575735,0.9492188572585472,0.9473437537163429,0.9454493842181021,0.9472218061313745,0.9498904725714603,0.949670658270464,0.9448194035978144,0.9455271890722933,0.9504978156510387,0.9460047247275354,0.9497713956822248,0.9491200518682189,0.9448873224285016,0.9482092297079476,0.9500098159153547,0.9490995246626132,0.9496980411024682,0.9444591319780865,0.9486003577980379,0.9456389279261135,0.9474939832881601,0.9481161956528201,0.9501721581219298,0.9477621070636998,0.0020670628765468747,107
606.9563459730148,218.64567422530436,0.732996027469635,0.7572159581522708,0.01900609617765293,6,0.7257703228632789,2,4168,0.7634521906897548,"{'learning_rate': 0.01900609617765293, 'max_depth': 6, 'max_features': 0.7257703228632789, 'min_samples_split': 2, 'n_estimators': 4168, 'subsample': 0.7634521906897548}",0.9525462240336732,0.9503488247417862,0.9472089409171945,0.950500031598383,0.9490718620945572,0.9465745576937251,0.9535712671679972,0.9486786477285655,0.95131556521058,0.9495718597805697,0.9507957140715204,0.9518154244432153,0.9498380859090955,0.950460485854848,0.9493656059982294,0.950388333673174,0.9451132728850897,0.9513277550268119,0.9523820156073464,0.9521064166715747,0.9500302372650558,0.9514363807818722,0.9487202851978935,0.9494134619017942,0.9504411566699429,0.9502440432454952,0.9495897248658889,0.9464398944078989,0.950892237833272,0.9520548004213258,0.950065227184125,0.9496549716070378,0.9487999059530164,0.9536937990301373,0.9473791271592883,0.948006518413845,0.9508398507320573,0.9533209813151602,0.9514200292615348,0.948990366831575,0.9482816283881708,0.9519208568808628,0.948093662130893,0.9521672430363963,0.9500194810481762,0.9517523729947303,0.9498513131268235,0.9502662507980177,0.9484583878938319,0.9487313928877265,0.9495631612599219,0.9516001747046337,0.9497651601926064,0.9499234803471798,0.9516139082120637,0.9478223355698296,0.9501612302845772,0.9509645961895038,0.9480341068583262,0.9518687928693108,0.9517333718885407,0.9479362734062367,0.9510574084452249,0.951415079237283,0.9476286155876282,0.9492857547002904,0.9484406269020955,0.9486721696875609,0.9524273015309468,0.9511536299732234,0.9500477159876822,0.9525357687692424,0.9472133167127698,0.9499196254673488,0.9505962485888685,0.9504824453826397,0.9498493770072547,0.9521421445317948,0.9499302051718216,0.9472463808745962,0.950281525861812,0.9515347789765802,0.9513345096819996,0.9479585559739176,0.9478352316578371,0.9516486173655132,0.9490894028456022,0.9514920679858975,0.9526413670259339,0.946725722291389,0.9523669256792042,0.9525102081474809,0.9500816938717683,0.9509383776784721,0.9459968789177087,0.9502564516159439,0.9478200605703283,0.950350835187442,0.9515221141854674,0.9520696454297704,0.9500944185766285,0.0017850472021994066,55
410.24574218273165,170.17758135408457,1.3049334859848023,1.345478032054994,0.009678103411289605,9,0.33680083337002875,2,4168,0.7916861140234621,"{'learning_rate': 0.009678103411289605, 'max_depth': 9, 'max_features': 0.33680083337002875, 'min_samples_split': 2, 'n_estimators': 4168, 'subsample': 0.7916861140234621}",0.954936719231226,0.9524129362116768,0.9490534342935598,0.9538816814002486,0.9516967717029775,0.9487006662779696,0.9549222483786137,0.9516051046824674,0.9541648708784399,0.9524051669338305,0.9539714336862118,0.9539999879305903,0.952478776007032,0.9528217433361488,0.9516410741869116,0.9520876479671955,0.9485574137513144,0.9532555452523429,0.954754462269037,0.9550316695734875,0.9530996364940807,0.9535222919481718,0.9512144914231464,0.9519362126398867,0.9524534521581085,0.9528434357804443,0.9509131702417732,0.9495587106213066,0.954945677840168,0.9540673769983464,0.9529962734892322,0.9518511163167546,0.9509322345193957,0.956561149336544,0.9503905553310018,0.9502737732587094,0.9532864130729795,0.9552628331368993,0.9539576008263223,0.9511341165530068,0.950409137424609,0.9551507036514395,0.9503008106238744,0.9551275224974856,0.9523929097002533,0.9547344208991994,0.9519673489009185,0.9528485012504314,0.9523135824655747,0.951063539223821,0.9514599405279263,0.9541428299208059,0.9522961407144238,0.9529012607551652,0.9547999951722163,0.9496740999046082,0.9532099639471946,0.9541886251400096,0.950239715652503,0.9540895291326592,0.9536434895415767,0.9501771869098281,0.9530839921915942,0.9539471075195917,0.9497156981783277,0.9518308029575197,0.9500904895586781,0.9508615861474827,0.9552999699666123,0.9534318830927354,0.9530346335420291,0.9551208432348419,0.9492889905208847,0.9526161929224467,0.9526695056093987,0.9521376012310209,0.953076753680597,0.9538607905462579,0.9522543190921863,0.9501001633571396,0.9525236674887442,0.9540920925833576,0.9533590782590929,0.9501470302109882,0.9510431757460936,0.9548001735750427,0.9519453837230645,0.9538030318407175,0.9543943666487499,0.9500545515133467,0.9543480721666462,0.9550211595291281,0.9530312634247454,0.9535558135164672,0.9488866466264224,0.9530388569373595,0.9507655681439672,0.9523872772547778,0.9536293221690656,0.9546296066095434,0.9525858859121074,0.0017920533667353429,12
529.3386882925033,177.23171194023257,0.6216571950912475,0.6422520489904668,0.05766813678495467,5,0.9041051459439013,2,4168,0.6171339131681375,"{'learning_rate': 0.05766813678495467, 'max_depth': 5, 'max_features': 0.9041051459439013, 'min_samples_split': 2, 'n_estimators': 4168, 'subsample': 0.6171339131681375}",0.952424304487085,0.9492941843628725,0.9470821330405602,0.9504015059971882,0.9501813972147989,0.9472770062935734,0.9527687525536598,0.9485812492803535,0.9508748228585413,0.9491601051838403,0.9511113085099636,0.9511936947475119,0.9504471698876772,0.9504543463855185,0.9489562741535809,0.9494903899592839,0.9444395639556563,0.9512039816417204,0.9519874103359105,0.9523192243263018,0.9501108456812951,0.9515235353198541,0.9479555810165584,0.9492332660889832,0.950535356259485,0.9505677134163394,0.9493618602135439,0.9471878552563691,0.95107293500669,0.9514298999827006,0.9490339714067572,0.9497163696986834,0.9477428173910528,0.9541110332879411,0.946792712160104,0.9474165291740229,0.9511356688406372,0.9526036892736378,0.950485761516721,0.9481363007528859,0.948799975107689,0.9518546944867897,0.946668961685985,0.9509020107231766,0.9506010636135352,0.9530977537519597,0.9505183200015545,0.95038466127025,0.9483216277676532,0.9478575333630794,0.9496926834850223,0.9512052994851642,0.9486128423352745,0.949977352702612,0.9510812495973634,0.9477957271052893,0.9500169626827646,0.9507588833821503,0.9468948589530577,0.9525124645481338,0.9515050755890302,0.9457158615745979,0.9491590646088567,0.9512893233887244,0.9481081790906833,0.9488014353080895,0.9477949826785418,0.9480999979566838,0.9529818639333001,0.9510606540976599,0.9499701007089275,0.9516985120742915,0.9470147029665725,0.9499983303448326,0.9506100314904765,0.9495593804148486,0.9489376321899403,0.9515241558720291,0.9495610634446001,0.9455081365583411,0.9500635798586805,0.9516139701591079,0.9513219807399486,0.9470429823698975,0.9479195514505898,0.9517927736130486,0.9491662016336573,0.9500135994065245,0.9513561844283867,0.9469257995861144,0.9516785837618761,0.9523034924979804,0.9487600305248183,0.9503849583399117,0.9450035111197196,0.9507199068161044,0.946731238277056,0.9501893426327152,0.9515250664682586,0.9515770224756475,0.9497834571341943,0.0019307339843004508,60
605.1707557916641,213.9189688718082,1.375244698524475,1.4235958653042335,0.010933018136631901,10,0.3717236262547444,2,4168,0.7957939914667664,"{'learning_rate': 0.010933018136631901, 'max_depth': 10, 'max_features': 0.3717236262547444, 'min_samples_split': 2, 'n_estimators': 4168, 'subsample': 0.7957939914667664}",0.9551640111191525,0.9522178646773176,0.9487333199072748,0.9534519039494926,0.9517469349266047,0.9481518834429448,0.9550471775231375,0.9516668453861502,0.9545148900210765,0.9521254103774394,0.9544037855058285,0.953693179673203,0.9522917059928684,0.9536352047193701,0.9522334749639133,0.9525219738091447,0.9488823895439676,0.9528972872765933,0.954742041697695,0.954584209732829,0.9533423584264898,0.9534292047859664,0.9515864688714136,0.951631011330043,0.9520650867631719,0.9525974620533284,0.9513044795899218,0.94931293407892,0.9550425337597124,0.9539718188959726,0.9528681639948365,0.9514263214519563,0.9508248087667568,0.9565431026162635,0.9502734386085899,0.9501438506819665,0.9530647254681555,0.955440036314321,0.9534181123490371,0.9516837204667903,0.9497131614326055,0.9552971758403804,0.9502312790111165,0.955510256310621,0.9521487713830564,0.9543409613727829,0.9518076790300014,0.9527535744457757,0.9517869717020259,0.9507004423418167,0.9510220952696012,0.9542574439613766,0.9523023083104767,0.9523199223147604,0.9549578495502691,0.9492527874785379,0.9537800306632952,0.9531067662760976,0.9503097492655165,0.9541852660312112,0.953619706318015,0.9501081419643892,0.9528238681101204,0.9545987980224264,0.9489836321021111,0.9519811599891904,0.9503979101408316,0.9502974818898181,0.9552924252004473,0.9537838741536756,0.953237317196521,0.9552196881216879,0.9493661423534652,0.952822011550987,0.9527394667581461,0.9519233373656688,0.9533118300351959,0.9535644963337198,0.9524664274711623,0.9506287779231561,0.9522576598231752,0.9541453579516672,0.9536733478996952,0.9498737082253715,0.9506254931279025,0.9549780124135656,0.951291309473653,0.9537000939395957,0.9543025837827408,0.9499203845490167,0.953462383001594,0.9551024244289155,0.9534435302161541,0.9537035057177006,0.9493642137200563,0.9529412726106257,0.9505386189237852,0.9519222913075018,0.9529906650551144,0.9547764396057989,0.9525263941428528,0.0018597132454376863,14
565.0372492694855,207.78942339919163,1.124088158607483,1.163766196059589,0.023732950058719497,8,0.47351811621687767,2,4168,0.7574937629823866,"{'learning_rate': 0.023732950058719497, 'max_depth': 8, 'max_features': 0.47351811621687767, 'min_samples_split': 2, 'n_estimators': 4168, 'subsample': 0.7574937629823866}",0.9561707267653204,0.9532915908960515,0.9499298827319645,0.9541820631736537,0.9533370232512377,0.9507890822421645,0.9562757517311152,0.9526251709595057,0.9556940637124902,0.9536500522418605,0.9555470549559788,0.9548316639457816,0.9539611779636373,0.9552264156668324,0.9529097414345817,0.9541673683545382,0.9496527189707373,0.9539411860752354,0.9558800354753271,0.9562656907023896,0.9547100067767329,0.9555067454485329,0.9526298866669711,0.9531303895982949,0.9540896572262301,0.9544722042370766,0.9526205499033487,0.9504371877696155,0.956048687248402,0.9554161168600488,0.9542870736767459,0.9533826499970894,0.9518581375949331,0.9579997710459611,0.9511645070585703,0.9521137657136034,0.9548509609042374,0.9568930523831686,0.9550625218628355,0.9526843789147184,0.9513695061427675,0.9564339453956994,0.9519002168158308,0.956364010621849,0.954076627247174,0.9556545328302111,0.953567044378289,0.9543722850817953,0.9525586086425204,0.952273133453701,0.9525317028322388,0.9558624785447263,0.9536683998040419,0.9537539260979288,0.9559500673229142,0.9510896176895152,0.9541160997177772,0.9546294367765175,0.9511465955770091,0.95551577287551,0.9551307518057773,0.9516294688958619,0.9541870715411018,0.9554843998613943,0.9510895861035614,0.952815647031013,0.9514832544980636,0.9518143534944643,0.9566168836466091,0.9554103569740751,0.9538906361371983,0.9569350186367808,0.9509339022209375,0.9540329371495683,0.9538491411279082,0.9542440574804977,0.9542693174584043,0.9553903698078696,0.9538572606659735,0.951217652339512,0.9545650084093154,0.9556345526849711,0.9550517401361293,0.9512748833090986,0.9515906687996221,0.9556796270005626,0.9528762619534421,0.9546814402029629,0.9559638047607345,0.9515212466042848,0.9555404739010483,0.9560434571028377,0.9538903638661064,0.9548459730371953,0.9500573165157965,0.9544106706291798,0.9519186130527714,0.9541552768044239,0.9548037307082288,0.9562124649394746,0.9538952036128029,0.0018369275220899615,1
994.0587409687042,292.71920112513357,1.6412824296951294,1.683185152636423,0.013445349798407289,11,0.6789988650163588,2,4168,0.723327175109192,"{'learning_rate': 0.013445349798407289, 'max_depth': 11, 'max_features': 0.6789988650163588, 'min_samples_split': 2, 'n_estimators': 4168, 'subsample': 0.723327175109192}",0.9535198810256089,0.9491923422151644,0.9462214298127781,0.951147321310066,0.9493058149434882,0.9458019633561101,0.9524177065272401,0.9494766929224852,0.9517241045440666,0.9499525987580916,0.9528427062838902,0.9513758144315663,0.9502538808366886,0.9503803298748766,0.9501476177758861,0.9499450855031752,0.9465729319696399,0.950770106805567,0.9521012126674803,0.9531091881342311,0.9512233231050296,0.9503505595258203,0.949235691650731,0.9492776487033494,0.9504392991063673,0.9511029682034262,0.9488931254312621,0.9465818759187625,0.9522747729402135,0.952141744263048,0.9504177843264401,0.94946455935526,0.9483414243647528,0.9550478072810982,0.9478107363469817,0.9479605944697702,0.9508164517452964,0.9529233783128981,0.9507972150773694,0.9499825580405731,0.9466976437261266,0.953390566195229,0.9473471351299055,0.9534760062960415,0.9501496004308077,0.9521019779300183,0.9497673754280016,0.9515712721754953,0.9496722749855556,0.9490986281011038,0.9485770665774287,0.9522156170445909,0.9501931199561864,0.9496947004101736,0.9534789036652587,0.9464367259296939,0.9516533428000682,0.9502132141145261,0.9479011641642654,0.952460604545057,0.9512450488513371,0.9475476766036904,0.9504857494811776,0.9526481689938193,0.9466696736408754,0.9492165545409403,0.9473479531290127,0.9485589753003753,0.9533696496251328,0.95159191145906,0.9506143856292417,0.9541082533329589,0.947002242360306,0.9503540271436008,0.9499277874883242,0.9490079680133918,0.9516529300271919,0.9513607238443764,0.9503008250146601,0.9482719014004408,0.9495730762372655,0.9522550829938037,0.9524152958772767,0.9472329000406834,0.9486976062532834,0.9526808269463198,0.9490267235062715,0.9521628782176688,0.9515478381269785,0.9473935681478113,0.9505874180526881,0.9528136806004893,0.9516112143734239,0.95225263254695,0.9471554751402357,0.9508849809809677,0.9485617057271944,0.9493318477441265,0.9507219317557823,0.9528223394681953,0.9502845061608943,0.002039540797330144,50
635.4945921111107,230.5632353549259,0.8042350196838379,0.8203994081080106,0.04308344342080995,6,0.716728488806714,2,4168,0.8144035974822499,"{'learning_rate': 0.04308344342080995, 'max_depth': 6, 'max_features': 0.716728488806714, 'min_samples_split': 2, 'n_estimators': 4168, 'subsample': 0.8144035974822499}",0.9549135178398312,0.9517324741056051,0.9489389447946147,0.9523412942143046,0.9520524457019531,0.9497145582477524,0.9549778101697569,0.9509745793885743,0.9530807492277608,0.9527403795292311,0.9531144818453383,0.9542954930546579,0.9522839667449243,0.9524657404848546,0.9504847898021335,0.9521105887349339,0.9485929006784068,0.9536737558316953,0.9541297372367432,0.9550337257218103,0.9522974422602989,0.9539596668834056,0.9509871183702526,0.9518457111154207,0.9521991261201268,0.952984678191562,0.9516264764705448,0.9493048935366052,0.9535744737621369,0.9539331394110743,0.9518128642328961,0.9505749790522386,0.9504426451179451,0.9558892235539944,0.9505007206953786,0.9495216759728355,0.9533241558932838,0.95497898172507,0.9527524369962643,0.9507172652280388,0.9507648777585682,0.953644059970016,0.9501041551767045,0.9536521258574319,0.9531242717166875,0.9537533726356018,0.9521015877944231,0.9522263671552094,0.9509437590510883,0.952092671347879,0.9522636198113075,0.9542370949559948,0.9518874830157753,0.9523233349013638,0.9545271242666175,0.950586455335503,0.9519294823129435,0.9532336588226458,0.950888170312949,0.9539118568276583,0.9532537913871358,0.9484829511300015,0.9517135094910614,0.9532417926163882,0.9504982418747595,0.9512658810200735,0.9504026304701063,0.950217651171742,0.9558296241609676,0.9533788405966785,0.952464998503983,0.9548102174355282,0.9490322195654082,0.9525048745678545,0.9520749977881947,0.9518517015765876,0.9519788430057052,0.9535366339554892,0.9520786698470761,0.9493735756590328,0.9526484460916936,0.9534485922692487,0.9529482724519007,0.9503726177149464,0.9498946175034367,0.953901528527583,0.9518695905088992,0.9530509302981661,0.9548023187960549,0.9487661233629656,0.9539108957706233,0.9555415456735026,0.9524124501480942,0.9534216807009832,0.9478025686988673,0.9523090885147955,0.9495727172731824,0.9522473206474558,0.9529591287855393,0.9546666127402599,0.9522361382927258,0.0017716567214154132,18
646.8176335668563,228.53872443770695,0.6155207490921021,0.6321772231377446,0.14100614488070173,6,0.5658061701046324,2,4168,0.9577018114898567,"{'learning_rate': 0.14100614488070173, 'max_depth': 6, 'max_features': 0.5658061701046324, 'min_samples_split': 2, 'n_estimators': 4168, 'subsample': 0.9577018114898567}",0.9520462314603025,0.949999842886758,0.9454924038423135,0.9499657847342501,0.9487864451480423,0.946477353144192,0.9517509709800162,0.9483303332767682,0.9504339518191236,0.9495906245120933,0.9504832409518098,0.9506989295034166,0.949687856721037,0.9489908263623715,0.9482762989536395,0.9503878868414444,0.945548689084895,0.9511884003808928,0.9513958370617216,0.9510675305576428,0.9487393203597019,0.9510451933081973,0.948154171296871,0.9485343994586652,0.9502024464404328,0.9480822993136944,0.9491381366793769,0.9456065946414627,0.9505192155900708,0.9515026136563554,0.9489702460928938,0.9484628277483685,0.9482009777949876,0.9540056250323112,0.9465145173217999,0.9462294212336793,0.9509734411523229,0.952751297543479,0.9500844172034424,0.9478985707395315,0.9472890124290416,0.9512550792035017,0.9480294028726477,0.9523747365548256,0.9504251752943599,0.9509385168898256,0.9481653448748413,0.9487302089716154,0.948907146780857,0.9478991690990342,0.9495851986347706,0.9517573146856337,0.9479946769577272,0.9488784444992578,0.9519017482242247,0.9477094776693668,0.949371195521701,0.9493798730716384,0.9475734038390179,0.9521267685071036,0.9513418122554832,0.9458896108520529,0.9486299681052016,0.951460000421517,0.9467646128324371,0.9491663216402247,0.9479392217429246,0.9469343523423471,0.9530793583226572,0.9512985929226428,0.9493638974842754,0.9509287007847178,0.9477535879123831,0.9511263021033249,0.9499561002741694,0.949731948644697,0.9495739536825435,0.9519232658928357,0.9512584038148064,0.9466504619237118,0.9500048805416603,0.9511425383274605,0.9507964484292077,0.9463227919654551,0.9466523410652073,0.9508920695462116,0.9490858854444785,0.9502545753613416,0.9524744460698303,0.9470047908736127,0.9523054224839523,0.951844420366905,0.9505404443922683,0.9507081866899013,0.9469842894421046,0.9503534858026575,0.9474476760706607,0.9498168406797873,0.95154378695087,0.9521942557946234,0.9495564711566451,0.0019193297796732322,71
1065.2489132499695,257.91707487160244,1.172348747253418,1.168063476612285,0.012373915463819782,8,0.8797660659211541,2,4168,0.8225529566019121,"{'learning_rate': 0.012373915463819782, 'max_depth': 8, 'max_features': 0.8797660659211541, 'min_samples_split': 2, 'n_estimators': 4168, 'subsample': 0.8225529566019121}",0.9540325329203775,0.9502294457450461,0.9470053038982922,0.9518000958034057,0.950308667378567,0.9477677383603663,0.953952635142212,0.9494858165322818,0.9529950691142002,0.9508746840981885,0.9522439238434487,0.9530090751972954,0.95113834562897,0.9514661210265124,0.9507311547712746,0.9509868593929378,0.9465584467076832,0.9523764755567706,0.9528201231467729,0.9535419104618051,0.9523571386709399,0.9525302410970664,0.9498665809017953,0.9502084921950954,0.9513833853334959,0.9512418479424365,0.9503373810584238,0.9481728408114143,0.9525685945925237,0.9531686580408427,0.9514570191079013,0.9501835119981262,0.9495234366241645,0.9549774716760717,0.9484625882257945,0.9490617251893431,0.9516400248371942,0.9543898327548498,0.9512373164152178,0.9504569924504295,0.9484950653384282,0.9542787365663227,0.948633536218029,0.9533693780634013,0.9503877124273687,0.9530410112988968,0.9511489380899388,0.951786997141429,0.9494154212639476,0.9500387680625534,0.9499006662551792,0.9526583788853408,0.9517907542094108,0.9503518555351569,0.9534761873532956,0.9483591997422806,0.9520472797421198,0.9511791797294542,0.9497366166041258,0.9527583016432812,0.9528118083782203,0.9485281850306412,0.9507959828296594,0.9532394824152483,0.9477845899788497,0.9506817231449679,0.9482527734246164,0.9494500038847297,0.9542162423926218,0.951951619155107,0.9518304130041911,0.9544790684573821,0.9478227153855864,0.9508206355275816,0.9509732786143621,0.9504360155002686,0.9515382128164246,0.9529157704109231,0.9507935249877134,0.9490702642589127,0.9511491177901505,0.9533488020034311,0.952486711438848,0.9488420010752343,0.9487627285568332,0.9525426466014196,0.9498811077049694,0.9525096243197485,0.9530713069390753,0.9486584066486425,0.9523328993088642,0.9538443083674495,0.951515576759717,0.9523906949882474,0.9475708419136202,0.9511930170688428,0.9490771431583479,0.9507605473200481,0.9515294981868819,0.953320440449579,0.9511258321901743,0.001885363596034642,41
740.373305170536,211.40474737730955,0.7892103385925293,0.7856576262064638,0.007959470449050965,5,0.8519701143948588,2,4168,0.8607640954097336,"{'learning_rate': 0.007959470449050965, 'max_depth': 5, 'max_features': 0.8519701143948588, 'min_samples_split': 2, 'n_estimators': 4168, 'subsample': 0.8607640954097336}",0.9387020130739904,0.9375002912958694,0.932611196314166,0.9371045029285039,0.9363236504480396,0.9320352123905151,0.9404903903850275,0.9362279932139741,0.938523737302867,0.936768049417693,0.9370380744547168,0.9377662360198099,0.9361392649314179,0.9364258323932578,0.9357497706468806,0.9359122882044018,0.9315754273527935,0.9382179013917392,0.9386098343918816,0.9390880106944888,0.9363343039765761,0.9379173505761614,0.9344967760203735,0.9356380057467537,0.9370101416399289,0.9374097476764283,0.9367349087000484,0.9322996529186237,0.9386239988100696,0.938203317891369,0.9366665087722094,0.935823678125746,0.9352333263868454,0.941335991601855,0.9325979806822442,0.9339511154896413,0.9373930028991813,0.9406406331526997,0.9376140960166941,0.9351777302634277,0.9353057439156887,0.9386824489536989,0.9337177525683793,0.938585943642041,0.9365769538028966,0.9392579685691219,0.9361628031777599,0.9361677463749001,0.9354560781594212,0.9345992917723751,0.9365730665339493,0.9375738955051343,0.9350601364898057,0.936008858682361,0.9390027138723699,0.9340621128352857,0.9361232750637677,0.9390448241005827,0.9342792129359682,0.9393134046213779,0.9389422804238499,0.9336422614953406,0.935752253387937,0.9385652090106867,0.9348196961883223,0.9362123906885957,0.9345168522832972,0.934715843472931,0.9388610026286373,0.9375661202622809,0.9381120205027886,0.9398077498934131,0.9328820960990925,0.9354449508877191,0.9375252728932627,0.9359253409037701,0.936647966048504,0.9390825379244235,0.9360608282948593,0.9334535024622437,0.9358952250215072,0.9380580310898953,0.9380364323011876,0.935317620019539,0.9347908684136982,0.9370692005710739,0.9365811277844321,0.938110640153637,0.9394728357787818,0.9328697595018421,0.9385165850163119,0.9388073364145556,0.9372691906038024,0.937409257279546,0.9316820261080794,0.9371192051489806,0.9334119233843728,0.9361949141956222,0.9388282261539441,0.9387066197991236,0.9365814937666768,0.002094982999034024,176
460.0045151758194,147.29898945925936,2.3572142195701598,2.249512594673862,0.0743925293548933,11,0.42080532093809697,2,4168,0.5708686692637015,"{'learning_rate': 0.0743925293548933, 'max_depth': 11, 'max_features': 0.42080532093809697, 'min_samples_split': 2, 'n_estimators': 4168, 'subsample': 0.5708686692637015}",0.9500960538775027,0.9466254281493421,0.9448265336112416,0.9482875524385718,0.9465938294983618,0.9429722477033604,0.9494604125268072,0.9471940806593531,0.9488996519355924,0.9479975091212007,0.9499570499016985,0.9496863358650093,0.9474562970493506,0.948696777703891,0.9473340399714871,0.948583584866005,0.9430689609007372,0.9483037573683625,0.9500180527061914,0.9494765678463492,0.9482826054286484,0.9486079841426196,0.9462178267562856,0.9466937191251925,0.9472816894346667,0.9476108380445036,0.9461689367677931,0.9442875743036968,0.9496309901347678,0.9491373187897324,0.9468184984511488,0.9475995513485346,0.9464117887417169,0.9519146998092307,0.945846128831964,0.9448502285221078,0.9477464595776438,0.9495668622299913,0.9495740772757321,0.9470572869397363,0.9441635979466569,0.9494035448868379,0.9437655976085758,0.9503457457366771,0.9474560917386138,0.9512811829625132,0.9479795997444511,0.948523452180322,0.9476057371069541,0.9464415116841267,0.9469397021801489,0.9501546256097078,0.9474044470368467,0.9472533140502816,0.9509284435822805,0.9440627439485847,0.9487339399583242,0.9489617482956525,0.945392837468189,0.9499178458117284,0.9472764116688507,0.9457703316569481,0.9467291081273501,0.9488445752252612,0.9450777489701664,0.9473346164189749,0.9452684549171034,0.9455129123081584,0.9512416181515324,0.9495130449605682,0.9474152414866891,0.9497958111017342,0.9451467580969937,0.9473179463718071,0.948074609495067,0.9468391777452155,0.9497022613852324,0.9487216025248912,0.9482165833796509,0.9463795778926526,0.946366616523361,0.9497331829302335,0.9501655871146453,0.9450368878159123,0.9453443501828922,0.9503109977800849,0.9466692186083147,0.9490748870573766,0.9489418337185823,0.945639277514745,0.9492608946646297,0.9505032115373095,0.948164833439791,0.9484183069817956,0.9447096437595862,0.9475673251639142,0.9457405635046238,0.9489895385647475,0.9483869304833521,0.9489356355304075,0.9477169361265476,0.0019282496842261483,109
427.441607260704,143.14579990126572,0.7082971549034118,0.7362974924375572,0.007000271939956904,5,0.4864252554646121,2,4168,0.904757102417078,"{'learning_rate': 0.007000271939956904, 'max_depth': 5, 'max_features': 0.4864252554646121, 'min_samples_split': 2, 'n_estimators': 4168, 'subsample': 0.904757102417078}",0.9356286216260751,0.9349206790621759,0.9297195150299558,0.934399517260822,0.9336122439774281,0.928388457182852,0.9378205465079709,0.9337099997129314,0.9360225889961137,0.9334779737327963,0.9351180682946497,0.9356733459399424,0.9335976647668197,0.933220304428678,0.9326388420347432,0.933545993711358,0.9286511578729315,0.9354717418342847,0.9358822421338211,0.936688716677201,0.9330175144335898,0.9351699039799213,0.9322334311764572,0.933141931158459,0.9338079824337103,0.934942139317305,0.9338504461680993,0.9288727137113739,0.9366297913126673,0.9348744129414037,0.9348429980130387,0.9329030425799423,0.9321060301785669,0.9391695039705954,0.9296844452435616,0.930788989862786,0.9346337265388732,0.9379653561287171,0.9350608768835367,0.9321617945695518,0.9325714223207492,0.9362091974091065,0.9310302111423391,0.9363518672481544,0.9330215529323924,0.9364564800879933,0.9336392240940672,0.9334904905476202,0.9327022985269541,0.9308412078952302,0.9333609268365894,0.9353405559742036,0.9322242353690788,0.9334560643860178,0.9363649159735256,0.9308124704478448,0.9331759365600905,0.9369231804736943,0.9310730343824783,0.9363740325004739,0.9366403059979925,0.930676060176091,0.9331724318781179,0.9360840841064207,0.9310076046985533,0.9330961578839133,0.932235973722503,0.931879630406004,0.9361741528964482,0.9353173160960733,0.9354535045072974,0.9368382306202001,0.9300801776055903,0.9331558404866442,0.934464406415244,0.9330639717431116,0.9340535955882707,0.93706759410069,0.9323856340269374,0.9305938543292109,0.9326801848251098,0.9353592205159306,0.935325617224026,0.9325142867240933,0.9322695821416802,0.9343447850946984,0.9336186298965262,0.9360059651670729,0.9365262260888607,0.9298492135871496,0.935761078740478,0.936028801581579,0.9339505112367081,0.9349066864373289,0.9295514200356758,0.934041716536578,0.929635459068582,0.9335784116074252,0.9361041799351574,0.9364152934217284,0.9338137235364602,0.0022787894781007858,187
756.8979457259178,210.02061685523427,2.038543300628662,2.074019226372826,0.005064759528005534,11,0.5238935052541599,2,4168,0.785945929553687,"{'learning_rate': 0.005064759528005534, 'max_depth': 11, 'max_features': 0.5238935052541599, 'min_samples_split': 2, 'n_estimators': 4168, 'subsample': 0.785945929553687}",0.9535179813650028,0.9494638162891085,0.9464058223897011,0.9510296177107578,0.9488341830336283,0.9454784286363793,0.9525803960549016,0.9495531484539366,0.9518136692974491,0.9497939778493675,0.9519324960624271,0.9511956497220927,0.9496770530133404,0.9504899758579567,0.9496970030354973,0.949761602789746,0.9459620411361437,0.9505100188540845,0.9521754650660168,0.9524189334682016,0.9511140328027831,0.9504119549430649,0.9484393946736217,0.9486718887798049,0.9501005856137574,0.9505695332690476,0.9488533428854682,0.9466001886031564,0.9526113664264921,0.9518568334069079,0.9508302342314537,0.9489412160051898,0.9485128308495936,0.9544707358502812,0.9480376901444187,0.9476400776977157,0.9504135267751707,0.952853621487138,0.951040697581171,0.9494630737785742,0.9470533259116155,0.9534721643314218,0.947488090824024,0.9527825296904475,0.9498551803177826,0.9522228167463401,0.9492772346097654,0.9506507481192945,0.949286734722974,0.9480146705888991,0.9481010273334244,0.951548468476802,0.9496386980442202,0.9493039338395062,0.9528127051625377,0.9468011890708676,0.9509710982710531,0.9504619194914147,0.9479100730595579,0.9515839770291269,0.9510490774813567,0.9476586285838491,0.9502607324165117,0.9520550756040028,0.9466468241152444,0.9492357265459327,0.9474040984055011,0.9480981372879304,0.9530677431848792,0.9509391033193408,0.9505829803727339,0.9533626449264325,0.9462282133485603,0.9501346164582383,0.9497079395425797,0.9487603618652235,0.9515786961217487,0.9513136509095844,0.9498820336245956,0.9476748736816322,0.9494244852552703,0.9523590359567644,0.9516025539953095,0.9471271679668439,0.9480341348720013,0.9527051139280118,0.9485942224895236,0.9518326047379498,0.9517220474052666,0.9468712438122235,0.9506535914888319,0.9523400029834226,0.9509156958009071,0.9514743772864998,0.9465422952934139,0.9506838737620151,0.9476041902202782,0.9500075473937989,0.9505923098056487,0.952460556304654,0.9500214890008614,0.0020037855495960524,56
319.8333923768997,130.5463735014054,0.8458986806869507,0.8187604242955987,0.2554656472004627,5,0.36550724528520134,2,4168,0.7912351927098262,"{'learning_rate': 0.2554656472004627, 'max_depth': 5, 'max_features': 0.36550724528520134, 'min_samples_split': 2, 'n_estimators': 4168, 'subsample': 0.7912351927098262}",0.9439421540610087,0.9407468054699494,0.9381866564654244,0.9447362007271346,0.940491393976478,0.9388090334734822,0.94406542269966,0.9399367829204379,0.9413754640717823,0.9394175902565038,0.9417992934234601,0.9434427462607726,0.9426983115935247,0.9419470937608693,0.9373486995987066,0.9407098655237225,0.9352759347036904,0.941961126653865,0.9462880479963635,0.9429099068083341,0.9406093166030542,0.9432248832776982,0.9411120156873511,0.9428606240443486,0.9411584456484934,0.9423442969089292,0.9389437228181943,0.9395483370113237,0.9421051755530526,0.9437568435809193,0.9396617761717435,0.9402486100691663,0.9375483938361832,0.9459372372828971,0.9388718589114428,0.9381572552574209,0.9430422159162911,0.9438774972652471,0.9418027056485795,0.9412539903333933,0.9392192879198153,0.9409768732175045,0.9391748941640454,0.9425054320049527,0.9406863210595918,0.9449760498648463,0.9414575746670852,0.9412179325206844,0.9412133512512352,0.9400239750129764,0.9411136195055082,0.942491487504571,0.9392011997780688,0.9433863007092316,0.9434040529876129,0.9402230426144541,0.941374247572625,0.9423723393294453,0.9384938483168404,0.9446722306766187,0.9417911863457985,0.9382276355646385,0.9422661320499429,0.9443342615555986,0.9392765987789673,0.9414961915611775,0.9390087134820859,0.9376801208029043,0.9468033637763257,0.9423457955207751,0.9418891650789698,0.9445411330078736,0.9398340738841727,0.9395147365425549,0.9435238840879535,0.9430053836461583,0.9388790839694974,0.9440963059489256,0.9408934762308505,0.937646643079154,0.9415588392102413,0.9434858952405384,0.9441355196704865,0.9396723645998699,0.9400381306328885,0.9443271928588992,0.9405137172861467,0.9417284190623654,0.9445040373899178,0.939930598379354,0.942621894235462,0.9432708540170118,0.941448231094592,0.9408475953318854,0.9367734540947127,0.940382656191495,0.9391368461896088,0.9425894486254698,0.9429976474987964,0.9448726649741613,0.9414222768444683,0.0022320781109835567,157
344.23308253765106,117.25494316451122,0.8323449683189392,0.8487387622409055,0.20270630725893457,12,0.55597474162952,2,4168,0.6060449834759736,"{'learning_rate': 0.20270630725893457, 'max_depth': 12, 'max_features': 0.55597474162952, 'min_samples_split': 2, 'n_estimators': 4168, 'subsample': 0.6060449834759736}",0.9394324333560276,0.9369063865436459,0.9330269198890186,0.9360846247909209,0.9355780375844998,0.9296420056646981,0.9372706436947086,0.9356708750841335,0.9360267621348013,0.9358619961053385,0.9383925600400006,0.9372490386609453,0.9344107687237925,0.9352613642021548,0.9347424788101969,0.9325793894436379,0.9324453808041948,0.9384043987991577,0.940625801776984,0.9387319688090001,0.9362482256157884,0.9349030980991547,0.9329691259768622,0.9347469630077213,0.933528118199188,0.9340085296874534,0.9332210578008174,0.9325628291069455,0.9375021181957177,0.9377267078543751,0.9346349973768567,0.9342976399547358,0.9344516905183359,0.9390993230718772,0.9322713883973505,0.9327283400001618,0.9373592603686769,0.9384302828421182,0.93742769242721,0.9373314191042174,0.9340215705440789,0.9388757978730249,0.9312482081668327,0.9396964368299593,0.9378832515343369,0.9385613885214097,0.9361845985356229,0.935637096184343,0.9376382152075514,0.9370658069975872,0.9333802962093458,0.9406433018331168,0.9349161425461747,0.93645357572988,0.9378979722541867,0.9302263698655477,0.9366745271155771,0.93631808792794,0.9315312465205702,0.9380703174190158,0.935337514438177,0.9346642869164142,0.9388389683354804,0.9366927730808042,0.9314289803764834,0.9372938464119659,0.9348725373076012,0.9346558124972735,0.9395598635354183,0.9367569883988982,0.9354397344689511,0.937848565722071,0.9314869788964478,0.9359588760708913,0.9370549065508493,0.934519744487721,0.936364201699353,0.9380265522541357,0.9351188994641043,0.9351127857264014,0.9343124585531579,0.9375538650106194,0.9386636915096982,0.9321361808582458,0.9328084788020237,0.9366589833448673,0.9354594851402682,0.9363850108643933,0.935329517803945,0.9325430290996529,0.9323611854848268,0.9389280172436114,0.9380897390337359,0.937534960138139,0.931917031757673,0.9366682785310376,0.9321213124628914,0.9350970364221289,0.9352041358298577,0.9398480980574044,0.9357337016292717,0.0024332355719667636,179
960.9997940444946,253.4973196333896,1.4501595044136046,1.5097491997192876,0.06943579464540373,11,0.8571793203790363,2,4168,0.5486886124474373,"{'learning_rate': 0.06943579464540373, 'max_depth': 11, 'max_features': 0.8571793203790363, 'min_samples_split': 2, 'n_estimators': 4168, 'subsample': 0.5486886124474373}",0.9508420903016684,0.9456590465250353,0.9432719103897234,0.9475169967435954,0.9473997706884225,0.9433939601811059,0.9490958920168489,0.9455269840648685,0.9474232537946384,0.9458426257550205,0.9506991957457591,0.9488167676018064,0.94553928230974,0.9463670682679464,0.9462155248873496,0.9457095035188264,0.9441644980990981,0.9472451914278454,0.9491182762211856,0.9483837378809428,0.9468785682693397,0.9465272032361312,0.9460435018892944,0.9461744865794093,0.9470760746868462,0.9477118837452905,0.9445222583831125,0.9432475729392512,0.9491959706370561,0.9492443814787273,0.9467898726069905,0.9447979368544648,0.9465918881380493,0.9507930792620759,0.9440794269260798,0.9446431927316867,0.9458847239127222,0.9489775257922071,0.9463106434063404,0.9457972757143951,0.9432118452269763,0.9505149993106947,0.9434955159415176,0.9495547314032807,0.9458132149343449,0.9495778090377343,0.9452641506095474,0.9482115431683955,0.9458110448860348,0.9457478325591293,0.9457178982626467,0.9486415861725311,0.9450757699386968,0.9462701452749681,0.9492354042759714,0.9440224177435371,0.9475362148608579,0.9473893618901736,0.94475625224668,0.9493772148679048,0.9474990710072223,0.9422873476818663,0.946052801841717,0.9481680889044645,0.9428243228605958,0.9469901210944178,0.9441817772061337,0.9444535498529157,0.9508957202869469,0.9476311724006327,0.9470747186878624,0.9493140383795369,0.9440805512916647,0.9472244849115711,0.9470352184813908,0.9467124050875517,0.9468873231660271,0.9487038154338143,0.9479861722177854,0.9438819114016361,0.9460026522597602,0.948606870367167,0.9483056188924887,0.9429253597891782,0.9443712437371294,0.9498606816174773,0.9450657619068042,0.9477451697775658,0.9469540378702577,0.9442276123627389,0.9474921409214704,0.9490922300840235,0.9478974800646752,0.9483648777444019,0.9421719486391218,0.9476130512624489,0.9460139226913316,0.9453649263653545,0.9463503854124837,0.9492920830579883,0.9466834666324213,0.002085480558466988,126
812.8714611148835,215.6206910916197,1.9534112119674683,1.9755189846323944,0.003191404586995293,10,0.6726086011394686,2,4168,0.6447630575364863,"{'learning_rate': 0.003191404586995293, 'max_depth': 10, 'max_features': 0.6726086011394686, 'min_samples_split': 2, 'n_estimators': 4168, 'subsample': 0.6447630575364863}",0.9512615171719901,0.9469693457721076,0.9440396625805151,0.9485725837129809,0.9469438274077366,0.9431197804447327,0.9507930738909133,0.9467001047603367,0.9494867037213752,0.9474109647123221,0.9498210548977277,0.9489548869469336,0.9474438264629177,0.9480049786016616,0.9477532591715725,0.9475859506495455,0.9440900328488315,0.948936951586562,0.9494844434472713,0.9508026249835433,0.9485564946430805,0.9484986436088761,0.9467041441780908,0.9463715354650505,0.9478527798938757,0.9478432440182912,0.9464355308120515,0.9443229324041812,0.9501098519031117,0.9499821426541988,0.94817680099953,0.9466919494870483,0.9461534377138439,0.9521522727449245,0.9454237081091921,0.9457802562985057,0.9477926365790091,0.9512720902679358,0.9489034594750194,0.9471368452506024,0.9447015226266845,0.9511246682717966,0.9451670842753634,0.9504210782082833,0.9475551017964653,0.9498851926244488,0.9472226123082856,0.9483310555774691,0.9470078856906289,0.9464566072039933,0.9459829560554596,0.9497673804780733,0.9476203958103174,0.9470308108757436,0.9509605100496704,0.9444671165307567,0.9488232612550779,0.9483317638196967,0.9458909337840297,0.9497344052710648,0.9491715532953328,0.945115955487398,0.9478841597462275,0.9499965683989138,0.9443215204998251,0.947221766733491,0.9451706622620183,0.9460160036690162,0.9508179993564075,0.9490430597527042,0.9482973989026067,0.9515647115744184,0.9439394570174012,0.9476874919599212,0.9477365201776172,0.9463022217090999,0.9488770741061235,0.9495235412242586,0.9472767825241701,0.945880934468877,0.9476221354672165,0.9499468835094511,0.9494896945857114,0.9452991764611892,0.9458073513457159,0.9502016050147615,0.9462183987111226,0.9495623857700206,0.9494572800620112,0.9450503592806986,0.9485211474189026,0.9500172252940451,0.9488543643109231,0.9494966854264131,0.9446239461601862,0.9484625479002419,0.9460100764458902,0.9469568243989593,0.9485346077497405,0.9502981315528755,0.9478309488252319,0.002016983940232193,106
922.982172191143,201.75696279397792,1.4301956582069397,1.4668914749229183,0.004799562611044572,9,0.8559137093499958,2,4168,0.6569698307914021,"{'learning_rate': 0.004799562611044572, 'max_depth': 9, 'max_features': 0.8559137093499958, 'min_samples_split': 2, 'n_estimators': 4168, 'subsample': 0.6569698307914021}",0.9521560071753616,0.9479727022552045,0.9446388561083148,0.9493095456982039,0.9476497101470783,0.9445324785764891,0.9514300304817038,0.9473150324823518,0.950239398667479,0.9482057810590049,0.9503059067325906,0.9503307906221419,0.948228840076098,0.9488348090630854,0.9488121295292424,0.9483840000704901,0.9445284825864152,0.9496064294078916,0.9503587951109145,0.9514341729115836,0.9496535710446278,0.9494404661803864,0.9471339052516479,0.9474294970510183,0.9487620864777557,0.9487218008058592,0.9475815254476588,0.9452060317296999,0.9506959464261517,0.9508540470490162,0.9488136835775319,0.9478902317839899,0.9473374687087149,0.9526998103437929,0.9462635466597359,0.9463769264308214,0.9488522181580121,0.9515995817088689,0.9490600352860845,0.9479209171205193,0.9455151774485363,0.9522304649796708,0.9460140247137383,0.9512162402293529,0.9482232439873273,0.9506408576707677,0.9483580252227215,0.949237041800017,0.9473672291340629,0.9473632326399647,0.9468663741821194,0.9507138232720411,0.9487085474831969,0.94782222799984,0.9515213594016421,0.9454274058090371,0.9491594557168632,0.9486714623329074,0.9468171262450168,0.9507628839249589,0.9499951238809008,0.9461776699889318,0.9483942906314297,0.9509832015383932,0.9445476245157359,0.9482683436175356,0.9456119474935057,0.9467134771714677,0.951974673563861,0.9498748753450588,0.9493211638571929,0.9519598194342543,0.9447805399570465,0.9482779966551095,0.9487835297855145,0.9474289028195919,0.9491436728011349,0.9502330649645832,0.9483312112622811,0.9466914800776495,0.9485796398882029,0.950611144137679,0.9498292699594155,0.9463541010867581,0.946366711085118,0.9506477604566356,0.9469933671531625,0.9501854725238135,0.9502083358907235,0.9461628564600393,0.949739147316449,0.9511130194466195,0.9496035222332566,0.9498107162141277,0.9452706250245623,0.9491902949375265,0.9466841362162767,0.9478163547055807,0.9492527335189594,0.9510626324563227,0.9486217785026975,0.001988213226004775,88
760.6148296952248,215.5845862400778,0.8880648779869079,0.9147723504027022,0.02319146980125873,7,0.6303748161446907,2,4168,0.9444780933334733,"{'learning_rate': 0.02319146980125873, 'max_depth': 7, 'max_features': 0.6303748161446907, 'min_samples_split': 2, 'n_estimators': 4168, 'subsample': 0.9444780933334733}",0.9552418544156179,0.952207984048974,0.9488301611562662,0.9530026561657701,0.9519057071793706,0.949385403605399,0.9549753216663913,0.9514002809400166,0.9542450329088041,0.9519997496270955,0.9531353235264759,0.9534407330465676,0.9526680790648876,0.9530048059281642,0.9515162654078307,0.9531904024875189,0.9481659273789801,0.9539209980012713,0.9543642803147853,0.9551935712677594,0.9536544218447701,0.9543237233765902,0.9511178927937686,0.9515749061716918,0.9528019021245966,0.9522472385323197,0.9517489805439449,0.9496040718573108,0.9538338079434273,0.9550265476317735,0.9523510643768563,0.9514128404645312,0.9507041833018844,0.9565219808182284,0.9501262235137767,0.950426652395636,0.9532285832788743,0.9557250260537982,0.9532464215554374,0.9508856501338351,0.9501480786603707,0.9547268998898963,0.9501062118578969,0.9549403829681453,0.952734611833021,0.9544652153991086,0.9525108941743725,0.9525712850069612,0.9509366480296197,0.9515411704183261,0.9512781311278948,0.9544508284189914,0.9531533547280199,0.9524705365487615,0.9545769357002313,0.949268053566354,0.9525520548636096,0.9533681319114479,0.9505863571220103,0.9544861303158619,0.9538824714942616,0.9497359183487435,0.9531005127300745,0.9539756608037299,0.9501531276279556,0.9519710674767313,0.9500503139797845,0.9510165303819369,0.9555620236873799,0.953314675438736,0.9531550714392819,0.9550806344936758,0.9499021883331265,0.9530866255022314,0.9530944976697497,0.9525019502126049,0.9523452708401218,0.9539869001724991,0.9526717240526464,0.9496917033055081,0.9530987185039876,0.9539103960534532,0.9531596066371567,0.9505267580321032,0.9504675965112397,0.9543179734531119,0.9519347926295676,0.9533658494719137,0.9544484590699948,0.949594346506828,0.9542499002220532,0.9548481348369994,0.9527123387074747,0.9536519588584581,0.9490649487392654,0.9520825622257901,0.9504108518756075,0.9528145476497039,0.9532853510859911,0.954630712664235,0.9525408324111762,0.001799436210418498,13
307.74806586503985,122.19986845469796,1.008258774280548,1.0241250150308,0.003356267169447912,6,0.40316034279043567,2,4168,0.6570271077026499,"{'learning_rate': 0.003356267169447912, 'max_depth': 6, 'max_features': 0.40316034279043567, 'min_samples_split': 2, 'n_estimators': 4168, 'subsample': 0.6570271077026499}",0.9333629923340576,0.9324814197751307,0.9275379557393335,0.9314787513943895,0.9307431559833907,0.9252783829315913,0.9350287995604584,0.9312343354239678,0.9341032976826262,0.9311251118229202,0.9336923406327228,0.9330178283582709,0.9303405130650305,0.9303742492610984,0.9297227114213628,0.9302188374904824,0.926364478705057,0.9327166900707065,0.9332311884566477,0.9332567822161353,0.931385981287855,0.9324340366763585,0.9293399266633137,0.930610666086571,0.9318796909693701,0.9324895785757313,0.9308679623861729,0.9265177557224047,0.9343638396544589,0.9321290189578026,0.9327688111959787,0.9300784252931792,0.9282593137123766,0.9365464565574964,0.9273755403541918,0.9282115936286877,0.9321511559085982,0.9350776509659823,0.932545430889846,0.9300945537875828,0.9297726373426233,0.9334030486433953,0.9284391474383189,0.934156923671672,0.9304992386104758,0.9346356929750027,0.9303061957061292,0.9310097916083907,0.9302832152369049,0.9284538696034977,0.9300729504589286,0.9329017297819873,0.9300236392555703,0.9309254268813426,0.9339436454881367,0.9282417299635559,0.9306908490343421,0.9345342315260122,0.928113324944171,0.9335847327959644,0.9341786064786529,0.9281291609867424,0.9308116960181815,0.9339428615016424,0.9278741945969142,0.930244738801268,0.9299551334197358,0.9294681108122064,0.9328617927140858,0.9325809274313144,0.9327059158172327,0.9339154528493206,0.9271047295755158,0.9299162638076064,0.9322825670504208,0.9302657879172154,0.9324168183040984,0.9339527514823408,0.9294900496822505,0.9283755547237493,0.9302537692768746,0.9330395007806837,0.9325314203150038,0.929526112833582,0.9301816653965511,0.9319459809499365,0.9306861345944667,0.9325984705276236,0.933858124331619,0.9276021774381299,0.9331774085490545,0.9336583379432478,0.9314397946899982,0.9320849666388071,0.9273609096727525,0.9320781038776126,0.9273749243196286,0.9308662159434267,0.9331095135513712,0.9340041868680435,0.9312228006503466,0.002293150986068323,191
483.10112514734266,159.37601471953582,0.860144739151001,0.8694928337946939,0.016189743372400367,6,0.53528123200517,2,4168,0.8397857166533368,"{'learning_rate': 0.016189743372400367, 'max_depth': 6, 'max_features': 0.53528123200517, 'min_samples_split': 2, 'n_estimators': 4168, 'subsample': 0.8397857166533368}",0.9515692908410122,0.9492357210525522,0.9458518936454341,0.9495209954142232,0.9485461682449985,0.9453352576969754,0.9527377739916542,0.9481863957002277,0.9508135063723686,0.9484400832938046,0.9498371852987847,0.9509364193959703,0.9485662951171875,0.948983721931654,0.9480047510410115,0.9489745431246791,0.9443127750061107,0.9504195371421209,0.9515110146656128,0.9512160703366102,0.949750995965622,0.9502967404079229,0.9477368105284277,0.9486459071109129,0.949016436970554,0.949896391702397,0.9487682142186251,0.9453325321039806,0.9507320144690463,0.9505717192325716,0.9491886275521825,0.9483903502129487,0.9479950705871463,0.9531195334919448,0.9456108213898194,0.946882697070167,0.9501366746232441,0.9523746422727444,0.9502348131623852,0.9477327968569491,0.9478993787001649,0.9511988349385608,0.9471834518784581,0.9513862966785684,0.9488114824167291,0.9510885102237624,0.9490329937067833,0.9493156693388884,0.9476489597195896,0.9474213347449525,0.9486392487416161,0.9503364045594307,0.9483247357476355,0.9491264521981433,0.9510275904428064,0.9468042459396798,0.9488133277394146,0.9505709050057325,0.9471756577436077,0.9509343476860946,0.951255629695034,0.9460302752796752,0.9497789364736406,0.950355222702982,0.9470302040456622,0.9483182921455869,0.9472436618509912,0.947229710632459,0.9521094339129887,0.9507126690740698,0.949887655829683,0.9512200108594329,0.9462267189497287,0.9493046673565867,0.9494555584805937,0.9497480140708542,0.9485948215725548,0.9511318686957408,0.9484199701401215,0.9461190640778344,0.9496477983718734,0.9508082649232992,0.950326284082567,0.9463121736979018,0.9470199736388141,0.9507432994078442,0.948418676015328,0.9500835651698009,0.9517507184725167,0.9459873565593628,0.9511762190020461,0.95133221554986,0.948832346927607,0.9499636834793084,0.9450739075555867,0.9499997507511242,0.9461324866056297,0.9491691607992361,0.9499088861364449,0.9514984349116055,0.9491251060529716,0.0018826019499641234,77
376.2513246107101,152.1214847599863,1.4152251529693602,1.4555436458960207,0.054788337132392936,9,0.34776668222138757,2,4168,0.6997728671267625,"{'learning_rate': 0.054788337132392936, 'max_depth': 9, 'max_features': 0.34776668222138757, 'min_samples_split': 2, 'n_estimators': 4168, 'subsample': 0.6997728671267625}",0.9543503530388969,0.9520782245782163,0.948354260323508,0.9529626037715485,0.9507731192403809,0.9470052846723169,0.9547401011907084,0.9506327714997466,0.9527580601705926,0.9518751543440781,0.9534260901264603,0.9529502645411769,0.9526166205443691,0.9525257297219304,0.9503363562207696,0.9512740290865377,0.9470908547445869,0.9527175092047533,0.9533178914902778,0.9539595714242117,0.9528978551688689,0.9538905064612034,0.9503884106785246,0.9508697430830041,0.9522071438337715,0.9519690714289037,0.9504763336197458,0.9489276325783709,0.9532109546414591,0.9530480599738245,0.9512395072513244,0.9511787960374046,0.9507036487337511,0.9551994075586728,0.9504175562105689,0.9497901354894297,0.9520640894520092,0.9547767427847615,0.9530757054375237,0.9513785482527891,0.9498741500998203,0.9536005108221045,0.9490645236697709,0.9544845771837887,0.9523120028928879,0.9543075552215475,0.9508400648698002,0.952559878651186,0.9514899302519626,0.950793217263214,0.9512151598246386,0.9525528139141739,0.9517027965734705,0.9522152928499759,0.9537993241992403,0.9482077426180984,0.9532434201587775,0.9524639185629913,0.949702032305561,0.9535137434807862,0.9541304918273443,0.9497626350225384,0.9524039728738813,0.9533811127361914,0.9498624921914145,0.9514782925094374,0.9498841420826347,0.949427148523865,0.9548668862879225,0.9532055312854313,0.9521090283378056,0.9537638674278188,0.9496506321534688,0.9524541871388659,0.9525227639882283,0.9515835527426749,0.9518176598796583,0.9524216048853128,0.9503533367403677,0.9496926342397114,0.9520462287490888,0.9540490759809965,0.953152238198128,0.9501609166093945,0.951025016428952,0.9539123304076503,0.9500743531576316,0.9530487350821915,0.9533952724090496,0.949591037900446,0.9523310740240851,0.9544777669332654,0.9520250270217128,0.9522799169423855,0.9485220159094132,0.9524805307054101,0.948990510226902,0.9520339055869674,0.9528852790514536,0.954049826765524,0.9518670038499002,0.0017780267664378906,24
971.1771359610558,219.99701841134709,1.1420756459236145,1.1319661711567295,0.06153412392775783,8,0.8128183149846561,2,4168,0.814862939539932,"{'learning_rate': 0.06153412392775783, 'max_depth': 8, 'max_features': 0.8128183149846561, 'min_samples_split': 2, 'n_estimators': 4168, 'subsample': 0.814862939539932}",0.9556331784928814,0.9508572772903409,0.9482636198776966,0.9523970885389499,0.9509213606018726,0.9481274513994273,0.9540432784949213,0.9497838624978445,0.9529576862437854,0.9509832911392792,0.9536377218638633,0.9532027928695388,0.9519373067556584,0.952114948353394,0.9513470544370287,0.9528444342896639,0.9475754585891881,0.9532828574260964,0.953665978725567,0.9545205331593813,0.9536991184515957,0.952589891848327,0.9506011327445604,0.951433109290312,0.9516376827420611,0.9514793540933981,0.9508063492224508,0.949037638917477,0.9528106887263628,0.9545333620142342,0.9519329819431629,0.9514111221639312,0.9506840009723411,0.9558044894260634,0.9491310562043959,0.9489888231286613,0.95194060211039,0.9546291001711203,0.9517385388884276,0.9501144373400437,0.949094508733994,0.9552491874968011,0.9493229051559913,0.9551906587814928,0.9523461477499593,0.9537330860099287,0.9514605555030196,0.9518722876751827,0.950780894143123,0.951594539485324,0.9510610283643434,0.953027705890564,0.9520659462714457,0.9501870196842279,0.954215683634529,0.9502230938067221,0.9516236695658404,0.9511802687933569,0.949937020308054,0.9540845320040044,0.953171124445593,0.9499577283477554,0.9514049293696518,0.954277173248767,0.948551144845037,0.9501319814640049,0.9501483098264489,0.9500742774480118,0.9557641740148848,0.9525606849097786,0.9528053004393212,0.9545262026157715,0.9488068633967286,0.9521714812826141,0.9522935045315232,0.9512750350595153,0.9521257698793056,0.9523071439121477,0.9512828607444416,0.9495991509376649,0.9514542047085467,0.9537632817970575,0.9535431204332452,0.9499041662021269,0.9498399388519564,0.9539102727492615,0.9490177968391031,0.9533425141230151,0.9542101149596371,0.9494747989285122,0.9535823352597219,0.9545540204979409,0.9524745463865956,0.9527382242219068,0.9489989111965776,0.9519354677539792,0.9496845850011638,0.9513971812951627,0.9521920062235231,0.9541270410667284,0.9518473076971833,0.0019045701061663279,26
591.8722079968452,205.69508294500756,2.0610230946540833,2.011827667553132,0.08604354073824311,11,0.3991872014862037,2,4168,0.7122797082916403,"{'learning_rate': 0.08604354073824311, 'max_depth': 11, 'max_features': 0.3991872014862037, 'min_samples_split': 2, 'n_estimators': 4168, 'subsample': 0.7122797082916403}",0.9499486166357081,0.9469084901124346,0.9435722092451228,0.9471805142294166,0.9455796240754287,0.9429091969717288,0.9489296642291832,0.9471433720197834,0.9484094295255328,0.9463722497068174,0.9475878367541598,0.9489216444227564,0.9483796017299128,0.9460032839322181,0.9475190886952024,0.9467489352628361,0.9443276105291845,0.948015829981233,0.949650076532148,0.9493804225888305,0.9466776644853475,0.9478191723907438,0.9449318302449129,0.9453961244264839,0.9467838502262764,0.9474991472986042,0.9462900364108613,0.9458272055471287,0.9495772037565954,0.9479846187894264,0.9487444939278975,0.9471148000895244,0.9449114708794026,0.9509098976437145,0.9453000326172425,0.944453971937072,0.9485095569001668,0.9503287878516758,0.9491001699702037,0.9467335101568376,0.9439254443948002,0.9498836069826557,0.9436489805437743,0.9491665558562041,0.9467831696097052,0.94856163003689,0.9462043562704512,0.947689876151635,0.9468288417241624,0.9450797463440807,0.9447778376286845,0.9505752810737556,0.9471915132703442,0.9475295815379959,0.9506908320916371,0.9438313381745875,0.9484505290347597,0.947280995907383,0.9439195087416201,0.950015315594065,0.9481149180392405,0.9445930288131064,0.9469311579419516,0.950175701909029,0.942870911150238,0.9473735060351657,0.945257181312686,0.9453629602369163,0.949622914055813,0.9490228072334905,0.9472832983074627,0.9501928509139516,0.9439510823287418,0.9476566838135219,0.9463828422933517,0.946410013855122,0.9480033818012079,0.949228292222002,0.9467747077097302,0.9445597560397477,0.9446523321148724,0.9495874926522715,0.9477665508974223,0.9444091509329952,0.9452699423622285,0.949843928758762,0.9460983937845364,0.9481071274074593,0.949154613348319,0.9454657847159686,0.9478930638477172,0.9499695407981967,0.947436894850734,0.9490122480432366,0.9447228779255699,0.9479932552947348,0.9443206047018564,0.9462165249563054,0.9477803752492806,0.9491989193720123,0.947150838017259,0.001996534846179684,116
1356.015317237377,267.0061710348671,2.0943639135360717,1.9988021048112687,0.016322835066573,12,0.7497917001202787,2,4168,0.7769314170068949,"{'learning_rate': 0.016322835066573, 'max_depth': 12, 'max_features': 0.7497917001202787, 'min_samples_split': 2, 'n_estimators': 4168, 'subsample': 0.7769314170068949}",0.9511315951038791,0.9467557314984888,0.9434882751543818,0.9475276308951881,0.9466936933771235,0.9428419182888158,0.9499858485902534,0.9464248165480342,0.9492296861029335,0.947043764970976,0.9505558524758028,0.9485727090203663,0.9465375290981404,0.9475891835613296,0.9476928883592917,0.9467988396875567,0.9439432192726085,0.9481565895680454,0.9493660750083064,0.9503222457000075,0.9481650991458208,0.9476925556224561,0.9466211305794903,0.9464927224659919,0.9476427129553124,0.9482013046666278,0.9461667163242458,0.9439712593798082,0.9493095940883577,0.9500015562785087,0.948071473065888,0.9463780589293812,0.9459198283194276,0.9525146477521265,0.9456696522598709,0.9459021064177844,0.9479188869193513,0.9504069612128048,0.9483215450154084,0.9472265562140619,0.943931445048415,0.9511093914751247,0.945032081570282,0.9506688329692577,0.9471651272265262,0.9495049362015786,0.9469548165355417,0.9489195925676851,0.9471193894396027,0.9459946456761,0.945492895198994,0.9496552448881843,0.9473574205738791,0.9462451734872136,0.9508788238990499,0.9437919310464055,0.9483316025302366,0.9472447380876924,0.9455195925484137,0.9501161419348209,0.9491203111580943,0.945695870284854,0.9472430406903098,0.9504002653981714,0.9435157967216323,0.9472620600158226,0.9442698902962067,0.9462692458038165,0.9505872733873402,0.9486405601585772,0.9481531131494572,0.9513724775281241,0.9444786191374719,0.9479995087912225,0.9477082236670857,0.9459232866435093,0.9487975538273143,0.9492739646831462,0.947465530404362,0.9450199735156566,0.9469491628265088,0.9502596429816539,0.949759706022545,0.944745924678652,0.9454396704097862,0.9502361028576791,0.9453453034188549,0.9493490771260584,0.9486520699378299,0.9452421152504198,0.9475803649565409,0.9498280754354832,0.9497315776211755,0.949527795090772,0.9441991730354503,0.9485324617760393,0.9456043756112613,0.9468264423775036,0.9475925807691927,0.9506145034078975,0.9475949897365274,0.002110689203359821,111
764.1350922894478,192.85259960858667,0.987274923324585,0.9908349609275806,0.01584691190537599,7,0.6872650252991945,2,4168,0.8354288260409601,"{'learning_rate': 0.01584691190537599, 'max_depth': 7, 'max_features': 0.6872650252991945, 'min_samples_split': 2, 'n_estimators': 4168, 'subsample': 0.8354288260409601}",0.9541323880518541,0.9513234795399118,0.94801520627866,0.9523366613322765,0.9510963377518967,0.9485535018840218,0.9547969417792845,0.9498015448033776,0.9535880333089791,0.9514391565394094,0.9528232965873308,0.9532541211306631,0.951478446338603,0.9518606230170317,0.9509044807892265,0.952072003085656,0.9473300653028326,0.9526658824299048,0.9537227184837201,0.9537011924862229,0.9520671254016217,0.9535627480324594,0.9502558507059206,0.9507150525997345,0.9514291737631335,0.9514176496994805,0.9501721733689432,0.9482307525344216,0.9533398810675818,0.9539514682377873,0.951152213544556,0.9511475240055455,0.9502116695867298,0.9556162461879792,0.949089392972097,0.9494024729862858,0.9518710955276813,0.9549705412745253,0.9524953170256554,0.950334406167745,0.9489916013572564,0.9536568532845473,0.9493235834097036,0.954112126687215,0.95155749970702,0.9532084127385999,0.9515239453946267,0.9519779611866189,0.950333696961563,0.950173155095508,0.9504673279849343,0.953221859595179,0.9513823500689007,0.9510390884834063,0.9535895743103847,0.949255695764718,0.9522679961308455,0.9523652475790777,0.9499848708082971,0.953606471204715,0.9528128318861402,0.9492406339930024,0.9515686396321541,0.9536735760196531,0.9484969995459092,0.9507652226404977,0.9492474956603962,0.9497971861508508,0.9548692550610751,0.9528789975343166,0.9519832821467944,0.9542465716056882,0.9489601191078125,0.9514481061104771,0.9518155251110311,0.9512859288242563,0.9515423653305227,0.9529857394992352,0.9519406193761754,0.9494775648368159,0.952262018496568,0.952850564971647,0.9529261769570225,0.9490077447792041,0.949543398368586,0.9532041942838524,0.9504673956620087,0.9528053878266981,0.9543536340263608,0.948470234734445,0.9528617300719434,0.9540609233837883,0.9521486001530913,0.9525709454151775,0.9475971433898381,0.9518263853912536,0.9498607051927688,0.9516351576858264,0.9523987188284594,0.9535262939468687,0.9516178216700208,0.0018326914331815163,33
1251.6181442809104,292.49390567233144,1.3028757381439209,1.2595814098786955,0.05355380716983466,9,0.8516759306417123,2,4168,0.8267151299576464,"{'learning_rate': 0.05355380716983466, 'max_depth': 9, 'max_features': 0.8516759306417123, 'min_samples_split': 2, 'n_estimators': 4168, 'subsample': 0.8267151299576464}",0.954049716571663,0.9504157311589627,0.9463175530380175,0.9504613477176949,0.9498141930733295,0.946893085800024,0.9527870288689331,0.9489948520953395,0.9519641590803045,0.9501625783589703,0.9527805009569443,0.9511270982153087,0.9494946761526388,0.9513352505923022,0.9504832249273607,0.9508270808578281,0.9476685776064367,0.9509884920724839,0.9522547131343262,0.9531475080789963,0.9518303474883163,0.9513182651594889,0.9494456585798645,0.9499457782342164,0.9502911716150451,0.9511188849563589,0.9506462803248287,0.9480549281105655,0.9519930383262811,0.9524866195305534,0.9516936432238872,0.9492312211160782,0.9488597108473624,0.9546446992432627,0.9481149754700087,0.947610586666004,0.9513172952730937,0.9531551545298144,0.9505835824848621,0.9507073059938747,0.9477663726738956,0.9531792101421293,0.9480687798716788,0.9535165974266094,0.9507258000680865,0.9529745263851527,0.9503617519442903,0.9519918228161116,0.9494053130914105,0.9504912925836401,0.948684772535213,0.9515129555566255,0.9513471323641305,0.9494845830577935,0.9529413626785366,0.9478626554128264,0.9509308833440497,0.9502683399239331,0.9482625518044976,0.9524998080212743,0.952308972697575,0.9478905040713316,0.9507859628249078,0.9530361442749478,0.94579495487378,0.9497155667882133,0.9474717025495267,0.9490667097709455,0.953575511912147,0.9519584606307329,0.951258400565308,0.9550842120828081,0.9470457257179771,0.9500725536382092,0.9506790670165483,0.9508081811509018,0.9509690004674998,0.951447839616295,0.9493346809835819,0.9489569205445584,0.9507429314783441,0.9525578401619851,0.952239157436415,0.9482860158561435,0.9478668828321635,0.9523425020823285,0.9483141052761475,0.9523008907904101,0.9521454028613542,0.9488875190025952,0.9521972383695724,0.9529453224506216,0.9512121685396939,0.9519034502546293,0.9477767795922033,0.9507858298030271,0.9486323408272813,0.9497042678324276,0.9503496005707481,0.9528299443509076,0.9505857428978034,0.0019291579705009272,45
751.1812192702293,205.77110701979876,1.014058072566986,1.04372345998102,0.20219609705389646,8,0.6457866927126358,2,4168,0.7119526142089139,"{'learning_rate': 0.20219609705389646, 'max_depth': 8, 'max_features': 0.6457866927126358, 'min_samples_split': 2, 'n_estimators': 4168, 'subsample': 0.7119526142089139}",0.9467771818833317,0.9420467496873609,0.9414844698731861,0.9450833674432564,0.942568976155207,0.937902848791512,0.945459615018948,0.9423151558415566,0.9451958247027907,0.9437119859088681,0.9450328116334732,0.9437792354002201,0.9434043048490793,0.9431004375653352,0.9412587675311022,0.9443648818589432,0.9396193954342826,0.9432123108685465,0.9457747783639296,0.9470428752831027,0.9442195165500222,0.9460925714254931,0.944183729621448,0.9446127995922117,0.9448290201127125,0.9443283095624212,0.9437571081672093,0.9404372442692536,0.9454751457848624,0.9453246283518644,0.9425383243762413,0.9416443915107383,0.9415215412344579,0.9456738485035079,0.9443052450073534,0.940936647568065,0.9440461267147022,0.9460365995745392,0.9435740664437854,0.943436087745203,0.9410140386945006,0.9469035194482688,0.941235951897162,0.9465676013066191,0.9446042664469038,0.9467237406609236,0.9418699620968429,0.9442385702333562,0.9411519950695537,0.9416683703955177,0.9436684498393376,0.944205747536193,0.9445993751781387,0.9400536124397048,0.9460029697450434,0.9404333123979564,0.9437381174412911,0.9445283727660218,0.9416062934437431,0.945414422349034,0.9446778089463789,0.9427948230671392,0.9441522183630793,0.9462710026788952,0.9415493049190881,0.9440720404969,0.9394183423301334,0.9426016940653172,0.9469035465749379,0.9451350863599798,0.9452446266945916,0.9469117854599438,0.9409841362791672,0.9444374117477079,0.9453123891459694,0.9424994051319191,0.943456256812305,0.9438367217282935,0.9446103361681534,0.9423610987362713,0.9434575327419875,0.9466510530297404,0.9464003361307473,0.9409570191149433,0.9420652460768314,0.9458365187675348,0.9413597740653189,0.9465577634722854,0.9455220743224577,0.9420392931355116,0.9463121187158393,0.9450046551589312,0.9446303775776184,0.9452047139607946,0.9388987317595908,0.9430923977767162,0.9388873931675011,0.9435679396385024,0.9442880293010576,0.9461812975295221,0.9437048191674584,0.002091481053444532,147
483.35271822690964,178.47600751297148,2.262414495944977,2.3184892147117964,0.030201149519229455,12,0.44571937758017954,2,4168,0.5528977566463089,"{'learning_rate': 0.030201149519229455, 'max_depth': 12, 'max_features': 0.44571937758017954, 'min_samples_split': 2, 'n_estimators': 4168, 'subsample': 0.5528977566463089}",0.9521499704455076,0.9488867297595877,0.9463620660688647,0.9511880284634477,0.9484613462452247,0.944655495256645,0.9525279298151972,0.9492125710325667,0.951391931833047,0.9499588326926275,0.9514166967314273,0.9500992158795388,0.9493087184651938,0.9495535573940911,0.9490736534743148,0.9496944625270722,0.94588351498402,0.9501166537286705,0.9515823639567896,0.9521018082144328,0.9500010548378385,0.9507094437100937,0.9484108945582171,0.9481832515199727,0.9497593809683167,0.9504657067551494,0.9481159588146141,0.945941870020259,0.952005327278747,0.9507223235603839,0.9504421610262849,0.9493758469501492,0.9474831344592082,0.9551209011139122,0.9476766835662325,0.9473708269795285,0.9497927511794585,0.9521934598292879,0.9507025902108797,0.949188227485566,0.946458390214837,0.9524544633190756,0.9465865566559633,0.9524341523907732,0.9496907782927,0.9518036331873535,0.9487805429649863,0.9498591170434608,0.9479077329490959,0.9476965908864542,0.9481502405276687,0.9513298674672186,0.948046922485085,0.9495557660162914,0.9525442690431773,0.9459653620819374,0.9505955168721067,0.9509801913690537,0.9470143130486616,0.950932756551711,0.9505870280312312,0.9467641693549305,0.9495259614783388,0.9514103499472414,0.9459627005514597,0.9488084446316775,0.947035476177259,0.9485317468707261,0.9531138120550918,0.9507375273854999,0.9499023820033008,0.9525518746028832,0.9456293938056881,0.9512320665450206,0.9497446411760448,0.9489778931535152,0.9506577925420855,0.9510206237156005,0.9496952492855647,0.9478532943014624,0.9490385883871684,0.9515772352658505,0.9515484030586343,0.9467139677618223,0.9476966080118717,0.9518298841307757,0.9476937809708788,0.9515619474726792,0.9507506333219016,0.9467913544192144,0.9504641760488044,0.9521490308667736,0.9507373795476529,0.9502315695010304,0.9459452746386028,0.9506286432291887,0.9472334014665845,0.9488868840418042,0.949891149127869,0.9515737673863186,0.9495876061143,0.002027700913098427,67
924.9536643338204,252.1044667726565,0.8828090810775757,0.9093452580828137,0.029271953442410396,8,0.7536264877232794,2,4168,0.8066003212782946,"{'learning_rate': 0.029271953442410396, 'max_depth': 8, 'max_features': 0.7536264877232794, 'min_samples_split': 2, 'n_estimators': 4168, 'subsample': 0.8066003212782946}",0.9560118472383148,0.9517817187521866,0.9490313482810094,0.9535825854261877,0.9518669963401105,0.9496148254972876,0.9551983657642478,0.951610421580959,0.9545914615153189,0.9526121541680428,0.9541446812156817,0.9538299972718686,0.9532122400904055,0.9537433043918506,0.9521063564692416,0.9530047168592048,0.9492521311768812,0.9535233487145185,0.9551277524154482,0.9556466873599703,0.9543218881720973,0.9549468164363346,0.951239006892704,0.9517103852434353,0.9535367036814215,0.9524775460487878,0.9515035705606726,0.9502634957404033,0.9538797840842438,0.9550026539015672,0.9527277759440472,0.9519809846970415,0.951919967134974,0.95672635378542,0.9508662826202633,0.9500099820840896,0.9533615978669304,0.955952089241647,0.9529783675574482,0.9519279135254871,0.9499467918666451,0.9559871737086232,0.9502718358323754,0.9550906633293297,0.9529669428771714,0.9546311976887525,0.9527688942249902,0.9528139640252273,0.951135550277031,0.9516216411794738,0.9516587662471166,0.9543340231182325,0.9535806955110546,0.9521191569128622,0.9557879666876796,0.9502099955650101,0.9537777127959706,0.9527105939424024,0.9512675799875598,0.9543636383583579,0.9545374631252324,0.9505671096813268,0.9528590242650955,0.9544389516992683,0.9502816718395731,0.9514791937399761,0.949748171536444,0.9513274979122679,0.9563849089710644,0.9538992668417031,0.9529970683951667,0.9560180986100966,0.9496497547570432,0.9529906424277951,0.953095454227209,0.9523572179880859,0.9528415905156029,0.9542733534280561,0.9526460302765464,0.9514645614931644,0.952795133521633,0.9557430885515517,0.954135275140034,0.9507983192127889,0.9504708285494116,0.9545949626026388,0.9509703280100881,0.9534899143313135,0.9544891996329149,0.9506918755839038,0.9539878628398819,0.9554199603262175,0.9531645855725103,0.9543471734165835,0.9490936598856728,0.9531600916881439,0.9506839826433349,0.9523634843072316,0.9534589422456977,0.9553664113806692,0.9528695300105656,0.0018603143111698406,8
363.6330428957939,157.2538674702389,1.090631992816925,1.1197458681055172,0.009826069993112911,7,0.38456564633196666,2,4168,0.636436732318915,"{'learning_rate': 0.009826069993112911, 'max_depth': 7, 'max_features': 0.38456564633196666, 'min_samples_split': 2, 'n_estimators': 4168, 'subsample': 0.636436732318915}",0.9521669836217708,0.9492306664955968,0.9461967157923168,0.9500161778535466,0.9487506673507551,0.9459118771760524,0.9529534032251078,0.9480471394384928,0.9513032543341379,0.9488763679513594,0.9507110132051452,0.9514158538643279,0.9501477831179058,0.9498289845239251,0.9482895143741586,0.9495407670034504,0.9444581921538426,0.9506912376547043,0.951435720245231,0.9521362955305634,0.9497591788204106,0.9512140049863913,0.9479093869225098,0.9488947722359515,0.9494394844706276,0.9499768737847174,0.9487005086738519,0.9462894414046367,0.9514987441380087,0.9515605668769113,0.9495943680273979,0.9489472043105271,0.9478229630519703,0.9536729530526471,0.9467633776752101,0.9467399911852715,0.9501220412975185,0.9530340437649609,0.9502059013902887,0.9479795453249253,0.9481083062111872,0.951818043526387,0.9476091860421487,0.9519246347438206,0.949107760545958,0.9518416827489912,0.9487665049332555,0.9495503549797488,0.9486793579715462,0.9484479196234014,0.9481909924882886,0.9511692303826527,0.9491808274104246,0.9497024702342262,0.9515327078115734,0.9472461493050783,0.9497967397110048,0.9511485715626041,0.9477362788081318,0.9511188555373034,0.9509554639356291,0.9471105773970598,0.9495468156173971,0.951111793337816,0.9469941168091868,0.948378986489981,0.9476997895490152,0.9475311822381257,0.9524260195307476,0.9509556715107675,0.9504072458156919,0.9519913697544745,0.9461640174194099,0.9495300934398496,0.9499522304736442,0.9491115227944307,0.9498873389921402,0.9513002718362188,0.9493233688795405,0.9469015788032437,0.9497772334899577,0.9505543473758854,0.9512837850250621,0.9472711839115572,0.9478239758011087,0.9512295968866772,0.9489836775893261,0.9502572200546471,0.9516712523519966,0.9463955597000638,0.9511759307772979,0.9519969252866989,0.9494183662493736,0.9501343177921859,0.9456550330988813,0.9498950421765987,0.9476884408353401,0.949454083780107,0.9505894886939573,0.9521437578850037,0.9495558921427094,0.0018661027941772497,72
347.5119841337204,140.58333181242574,0.7643150901794433,0.791298370696512,0.0033572327977361665,5,0.46436425893378597,2,4168,0.6975992433574473,"{'learning_rate': 0.0033572327977361665, 'max_depth': 5, 'max_features': 0.46436425893378597, 'min_samples_split': 2, 'n_estimators': 4168, 'subsample': 0.6975992433574473}",0.9228758045715155,0.9227118127792314,0.9177400687525941,0.9204849802063455,0.9208295468009281,0.9143403791599812,0.9247767533061858,0.9216040864924913,0.923775104215123,0.9210029890716226,0.9239837925942292,0.9235902891855613,0.9193119041204566,0.9194972735523245,0.9192117878901203,0.9193098825670707,0.9164382704227808,0.9225841416706186,0.9229221847079223,0.9234069909309258,0.9208198490515483,0.9216311827903483,0.9189079617912644,0.9200605556094231,0.9220114073984687,0.9232330466495404,0.9209569730941134,0.915301492440351,0.9242000856523657,0.9215344070695756,0.9229321598128405,0.9202368763742882,0.9185652446750934,0.9266925022181527,0.9163119285231967,0.9171153420805136,0.9222786848969315,0.9245225392909486,0.9221842742325682,0.920018028274708,0.9198746483667536,0.9235364502634772,0.9170806167160105,0.9239347117446858,0.9208845311288253,0.9252509351259498,0.9204223435963346,0.9202224394297737,0.9199990130272753,0.9174789012673091,0.919970981807691,0.9224011894230087,0.919662441431576,0.9199712981815745,0.9242343344892878,0.917222254986293,0.9202434904025778,0.9252646777840097,0.9173503914070545,0.923538636663767,0.9240392916413482,0.9178413079754475,0.9199355473020663,0.9245330711147136,0.9175753259185807,0.9204708467269884,0.9202393939161525,0.9191714123418457,0.9224445916029274,0.9223554252538866,0.9223579524479756,0.9238438420009075,0.916792333274969,0.9188808146949342,0.9221128575853862,0.9198392206708612,0.9225566331141701,0.924366566454278,0.9194000185524932,0.9178043492110679,0.9194745702548643,0.9233409910460451,0.9225656521978299,0.9198732909928723,0.9195905524572388,0.9215841808649158,0.9195103706950717,0.9225152121399564,0.9242199967409571,0.917585808990299,0.9231336547658187,0.922999496678,0.9212725076306233,0.9220684011469995,0.9165532145072111,0.9216769906019797,0.9161157717874867,0.9206224481504085,0.9232093417281203,0.9240589423205073,0.9209698906966572,0.0025498020844414893,199
752.7371819972992,200.49100913492106,1.2326907324790954,1.2359834634712972,0.00266058533728436,7,0.7843776713248867,2,4168,0.7334971504850345,"{'learning_rate': 0.00266058533728436, 'max_depth': 7, 'max_features': 0.7843776713248867, 'min_samples_split': 2, 'n_estimators': 4168, 'subsample': 0.7334971504850345}",0.9394296321168701,0.9371399441964959,0.9325499759343181,0.9375067161236003,0.9356490006374397,0.9321273108007215,0.9406289056423762,0.9358349661437394,0.9396227326172847,0.9359498778779863,0.9388081732577921,0.938102440254631,0.93601195883559,0.9362240062634538,0.9366180239077494,0.9362725495830262,0.9318940686996987,0.9382927606850768,0.9384983622349642,0.9391893797487032,0.9371784449438261,0.9381996641552921,0.9346494860078034,0.9360242793354357,0.9369177047120669,0.9375117343585415,0.936272948593082,0.9327904597341943,0.93896976718544,0.9386235480743939,0.9371791677119099,0.9358356811627935,0.9348249491867086,0.9416898105992821,0.9336127564257046,0.9339929574129222,0.9369621732876005,0.9408438386972149,0.9376969926931847,0.9356695722538354,0.9343951181377013,0.9393469196366591,0.9339422093177097,0.9397277077094766,0.9360468769195518,0.9392017925330287,0.9359228397034419,0.9366592637845408,0.9354124852616919,0.9347976893247913,0.935112541835381,0.9385194848677265,0.9366362397087982,0.9358039837512309,0.9400809671242162,0.9339222437017332,0.9367635884916365,0.9386041695087499,0.9343388665339597,0.9389588906138472,0.9391411120818343,0.9338772333555827,0.9364708652508696,0.9395375982779229,0.932782411209754,0.9359254323765113,0.9343822899906312,0.9352134168173475,0.9393924534619587,0.937444884294714,0.9375240917820401,0.9401281239883197,0.9329639804922697,0.9356034227684578,0.9374452360612656,0.9351818164200968,0.9380073284350093,0.9389053561366416,0.9358384588948873,0.9345212102139638,0.9367602444434294,0.9384003692001646,0.9381117329623493,0.9346279127850285,0.9347591721811251,0.9382532857323295,0.9359806160665465,0.9384436019045387,0.9390447645882232,0.933406998694209,0.9383393149616103,0.9389056382129569,0.9374452657566269,0.9376462417783114,0.9327094613287155,0.9373151251504133,0.9334912674161107,0.9360700859973723,0.9378223610853732,0.9399005562831428,0.9367371133939728,0.0021752028708221893,175
1296.4827871227264,274.1210669102075,2.815007894039154,2.7657104347421684,0.0044257514856917415,13,0.7492105015632795,2,4168,0.7213276284945062,"{'learning_rate': 0.0044257514856917415, 'max_depth': 13, 'max_features': 0.7492105015632795, 'min_samples_split': 2, 'n_estimators': 4168, 'subsample': 0.7213276284945062}",0.9502745208740131,0.9452072192723765,0.9423694115955292,0.9463152607558163,0.9453462612886012,0.9411398191469971,0.9484277308397324,0.9458639801678685,0.9483408737673225,0.9461776018167414,0.9494495251704734,0.947596929341364,0.9452016794159539,0.9465934278638912,0.9463588236241731,0.9455225974212724,0.9427431943842205,0.947577016948662,0.9480784307254572,0.9494394679470155,0.9472459817415204,0.946201946688732,0.9449664173984826,0.9451319224959788,0.9464246337024306,0.9472733406258051,0.944962115267869,0.9424905347872198,0.948459591493093,0.9483965300424488,0.946596746657356,0.9452702700475119,0.9444093383944575,0.9517048975314162,0.9440545323734859,0.9445457452883206,0.9464522490730791,0.9497712647084584,0.946890129417278,0.9461242639446632,0.9420183603906381,0.9499487301630519,0.943240564919546,0.949669841078507,0.9458337937372587,0.9488018094355615,0.9459739235198218,0.9476188553396792,0.945659626399016,0.9457601655936528,0.9443102591241717,0.9482776967371743,0.9458090656566338,0.9451391030455154,0.9497623585984953,0.9421282809058369,0.9474557781147268,0.9466215505452913,0.9439954604535424,0.9486585969482463,0.9477922011375259,0.9437937933690135,0.9461269675633995,0.9490886374267108,0.9430129807119034,0.9462842045087161,0.9426252145698375,0.9449057142793174,0.9499783462209596,0.9478729248808163,0.946648174598492,0.9506071145266516,0.9427028117412102,0.9466063062557505,0.9465464257436885,0.9448080823749604,0.9476431483786394,0.9479940757200898,0.9463673881380354,0.9441701194082602,0.9456104419301999,0.9490916581691347,0.9490779126679435,0.943339851002831,0.9440290684991536,0.9488932289380027,0.9440601372762512,0.948629817667858,0.9473693007948003,0.9437762135840359,0.9465214596569281,0.9487637153565013,0.9484262110970476,0.9486214500191514,0.9430704694470703,0.9476139006148266,0.9441813277829315,0.9455660619814573,0.9461610659294111,0.9489439991631866,0.9463940196788616,0.0022423440384185173,132
1457.131061141491,296.1081366108237,2.3483213996887207,2.1952688975939223,0.009541050504959124,12,0.7890396477363382,2,4168,0.8551719409776926,"{'learning_rate': 0.009541050504959124, 'max_depth': 12, 'max_features': 0.7890396477363382, 'min_samples_split': 2, 'n_estimators': 4168, 'subsample': 0.8551719409776926}",0.9512341613069053,0.9457311330396896,0.9429972681698937,0.947172426045153,0.9463316276921654,0.9420110005141676,0.9493665048670876,0.9460962584855447,0.9489083658121037,0.9467548560323653,0.950186038274654,0.9480080241568538,0.9462932041673935,0.9474167506502604,0.947039513156233,0.9464535740609487,0.9434996281548913,0.9474158462508666,0.9487615138906368,0.9498062121801939,0.9479703497459521,0.9472559667148723,0.9457274369937276,0.945345915136954,0.947534830473121,0.9482473129839255,0.9456387187286724,0.9434723544483685,0.9494061806835106,0.949304775214153,0.9471250938525879,0.9459284154556199,0.945224226787553,0.9523195787162404,0.9446695499018574,0.9452857056281257,0.9474919594789226,0.950598065171362,0.9476212427847484,0.9470256874437661,0.9429228064659597,0.9509031325663506,0.9443062150011788,0.9502453577110822,0.9466084568246259,0.9488253687748492,0.946587150268868,0.9483004690371291,0.946728975640075,0.9457609036686726,0.9446763460005098,0.9487777230792318,0.9467575958375818,0.9459054512937811,0.9506456928682264,0.9431326769925549,0.9481364535363087,0.9468378032861394,0.9445318606395999,0.9495109488269923,0.9479380982972238,0.9448841917830082,0.9468952129286926,0.9496359235994214,0.9435230619380784,0.9466976578416932,0.9437585766118013,0.945693364312582,0.9503592986472138,0.9483541324506266,0.9468178129423142,0.9512369284845777,0.9432482426336662,0.9473754552460001,0.9472409168531568,0.9456289953626821,0.9478379856589406,0.9485523867870029,0.9470913619163367,0.9453745229213635,0.9463121366335818,0.9498493304283551,0.9491545644822557,0.9443126316325637,0.9448648453168682,0.9495091863340965,0.9453546346257647,0.949230112093573,0.9478660973308806,0.9446926106500334,0.9474888487501245,0.9496860186129559,0.9485969541638773,0.9491475138058192,0.9440415935035849,0.9477350449809729,0.9448455416419176,0.9462910836179029,0.9467495422055093,0.9494033024491624,0.9470805438204795,0.0021706489936199366,119
777.6635973119736,216.1144891125815,0.9637338042259216,0.9657968857477203,0.24350802020929316,10,0.8553966401931281,2,4168,0.7071309096348684,"{'learning_rate': 0.24350802020929316, 'max_depth': 10, 'max_features': 0.8553966401931281, 'min_samples_split': 2, 'n_estimators': 4168, 'subsample': 0.7071309096348684}",0.9386110225869415,0.9366902508806836,0.9321332605331069,0.9387659550132984,0.9366410569531969,0.9344334823927395,0.9379994660914659,0.9380948913970653,0.9382697111278263,0.937479895724588,0.9381551585725016,0.9387104939109213,0.9346025077333587,0.934476592876834,0.9361855961926142,0.9347300029051291,0.9316517067893596,0.9380810556370389,0.9391846793059113,0.9403659994793536,0.9362436902357295,0.9339114259832313,0.9377073615738263,0.9366244993957835,0.9374574571299672,0.93856243202276,0.9354360895132227,0.9309636299586258,0.9377534059636892,0.9377858487650338,0.9374321485778209,0.9383179692942051,0.9354357927272062,0.9419871129306123,0.9347417733954289,0.9351163800961512,0.9354972818618952,0.9395012776099515,0.9368453985167239,0.9384320197662622,0.9334052440766263,0.9403313993273243,0.9343255738646055,0.9391826844728188,0.936345061294634,0.9405802796293973,0.9349247825247369,0.9366713393870759,0.937593610412156,0.9360038927828286,0.9334476301313117,0.9403169797924762,0.9369073383586071,0.9363729663590286,0.9380273726190836,0.9333132767459149,0.9372927063259762,0.9370378175356854,0.9340380752537364,0.9401346659043894,0.9399274870773271,0.9357975976826756,0.938837890453628,0.93985231458248,0.9325229438818338,0.9370520639445596,0.9344639508704716,0.9365396850928751,0.9408488836067341,0.9396139893148144,0.935861493207222,0.9402362047997374,0.9326043696476563,0.9387741566071556,0.9385816933886026,0.937925509432887,0.9366832695962107,0.9399360373212845,0.9336646072862662,0.9341570249113911,0.9371265290161803,0.939704232321175,0.9391104818099871,0.9362184731991903,0.9337253819873947,0.9413333283989807,0.9342904178538489,0.9383035728468505,0.9392859959783587,0.9336188853993108,0.9380040241312053,0.9405570932481561,0.9401127137620028,0.937643745455749,0.9323134888536879,0.9381446006619377,0.9350888415048121,0.9369127357828818,0.938482361519373,0.9394614645533914,0.9370058801921075,0.002417654675117586,173
388.9146266078949,161.18526407974977,0.8768868041038513,0.8726260037850084,0.18908800050097183,12,0.44696914450563213,2,4168,0.9241719757660005,"{'learning_rate': 0.18908800050097183, 'max_depth': 12, 'max_features': 0.44696914450563213, 'min_samples_split': 2, 'n_estimators': 4168, 'subsample': 0.9241719757660005}",0.9403473151623378,0.9412926046488242,0.9367986861695565,0.939889818934332,0.9391455822985814,0.9348954654431366,0.9427655110963779,0.9412106681156173,0.9400744818799248,0.9410110367043669,0.9416485389247947,0.9404556060657969,0.93909830527355,0.9404091713889486,0.9403117460525071,0.936939410320867,0.9364579544789629,0.9422386917459689,0.9433385273753915,0.9439871743785793,0.9390186765949486,0.9407427953241905,0.9379649834986246,0.9402185560726615,0.9396191557789145,0.9404522927521406,0.9397243713405355,0.9359737980693656,0.9397809037258442,0.9406532744210269,0.9391682995089704,0.9386177543599176,0.938247366278987,0.9432535906813851,0.9364751244079483,0.9362082013640634,0.9416067298270839,0.9403947929510019,0.9407129036977462,0.9380837164788906,0.9368311860429687,0.9445092256977442,0.9358075452642458,0.9426472802473654,0.9398668886930955,0.9421057359549718,0.9382327660359223,0.9396588963773768,0.9412483173636388,0.9389003837632596,0.9393073299316357,0.940111596231383,0.94038450562713,0.9377474784261823,0.9432427399210247,0.9371254295767534,0.9407566287755108,0.9412433514721475,0.9368317819734578,0.941578215732482,0.9400989903507779,0.9371813659122168,0.9393974089063265,0.9413623548410772,0.9337267558298036,0.9382443745467902,0.9381668594633238,0.9385297677344396,0.9426995695402259,0.9413091504879469,0.9388930442734779,0.9437651452947523,0.9340106530476098,0.9416802858222142,0.939674407517209,0.9368018480457821,0.940093308214171,0.9408139230579949,0.9394473062061656,0.9380515767962223,0.938549033162466,0.9426141720566888,0.9409999839104859,0.9362448273824574,0.9377810125984829,0.9420553036908668,0.9376353154492624,0.9404101754788224,0.9399922523755215,0.9367413758063845,0.940695325415547,0.9416504205982308,0.939250298205702,0.9399154748427216,0.9371499961528967,0.9387856510483346,0.9358296736394556,0.9391289562102789,0.9393549317993755,0.9424033970840506,0.9395850653949753,0.002215191326845933,168
404.2837416434288,148.10040902905664,0.7702230501174927,0.7648047083529732,0.040257546850620746,5,0.6261177034169909,2,4168,0.7004487210952671,"{'learning_rate': 0.040257546850620746, 'max_depth': 5, 'max_features': 0.6261177034169909, 'min_samples_split': 2, 'n_estimators': 4168, 'subsample': 0.7004487210952671}",0.9516361085946405,0.9495118412146518,0.9467218616498368,0.9495989797769738,0.9487729494620433,0.9463538857077167,0.9527865087575083,0.9483957471890121,0.9501917851132959,0.9491426897300151,0.9498474559315109,0.9504474396823437,0.9500253859966209,0.9495839892496529,0.9479641385495414,0.9496339512380251,0.9443579269715766,0.9506536739693797,0.9517262221776001,0.9511308405676416,0.9488155422346789,0.9503254424826291,0.9470788913963765,0.9496352528785527,0.9500509725825733,0.9498911155080092,0.949049681818596,0.9461782023435933,0.9506988792690412,0.9507146386276457,0.9493448437694079,0.9488327899534054,0.9479984361196233,0.9533732466104615,0.946635175000524,0.9470899293019625,0.9510415591656228,0.9525402012127688,0.949527841226361,0.9477194219634275,0.9479903894811958,0.9515274235343848,0.9473361105952702,0.9510302760686152,0.9487683932402191,0.951593918369453,0.9504537340297882,0.9497540963257981,0.947950149339449,0.9476701650939064,0.9488100284677186,0.9509977589265396,0.9490094328193452,0.9498038812887651,0.9508066480201629,0.9477319460398496,0.9493913231689229,0.9510737140665726,0.9475435926942973,0.9517075598854285,0.9511645567133891,0.9470937337418004,0.9489424523945529,0.9508161258545305,0.9478840100996387,0.9488888325304601,0.9471491490692124,0.9473046737329198,0.9525757487311121,0.9507748717248966,0.9505573545637175,0.9507893953716643,0.9466596431514646,0.9486605662186944,0.9492693975442571,0.9499990463326639,0.9486117150642556,0.9508665804763888,0.9495854191763964,0.9466603605798118,0.9492755534431344,0.9504815088791317,0.95092793429662,0.9477034699354139,0.9471056837628244,0.9510591223936378,0.9485906413242224,0.949941309432274,0.9518411932162518,0.9462479337629591,0.9515238157706669,0.9519545676560066,0.9495591781799497,0.9507407654874973,0.9447286530317122,0.949509322613842,0.9467988153300732,0.950671462907125,0.9508074259944602,0.951302620894673,0.9494100059783483,0.0017974535578811628,74
583.3569451141358,197.43026338479686,2.1326822686195372,2.110370747124591,0.013236985643524067,13,0.41163578809916035,2,4168,0.6278131133359567,"{'learning_rate': 0.013236985643524067, 'max_depth': 13, 'max_features': 0.41163578809916035, 'min_samples_split': 2, 'n_estimators': 4168, 'subsample': 0.6278131133359567}",0.9514709418177739,0.9478578207778149,0.9457659267101789,0.9501480513445436,0.9479612365503186,0.9437576824041939,0.951722019916556,0.9486948635475214,0.9513330138007821,0.9483942556518322,0.9515381729019039,0.949690894912829,0.9482140354282774,0.9491212988848859,0.948321453989071,0.9486951260441926,0.945141705000249,0.9489359587899259,0.9517127369088549,0.9512745409800506,0.9496224070879719,0.9499743215433981,0.9479533253907865,0.9474228322881956,0.9484073864485951,0.9493120469352507,0.9477735451945181,0.9454080317465064,0.9513536101391291,0.9505678934921711,0.9493478212489457,0.9478806399850929,0.9472179197153396,0.9537057393453564,0.9467955403246944,0.9464928372573814,0.9493762286266607,0.952000276971802,0.9503271485750641,0.9481442877416694,0.9458427976435491,0.9523020642439235,0.9452342130921857,0.951724425448184,0.9487442273987091,0.9509096887996434,0.9477050917296752,0.9488041344818019,0.9481115511260333,0.9469121705126958,0.9474899301624857,0.9512885406323839,0.9481452522165547,0.9485358154971845,0.9525838269242191,0.9447483834202557,0.9499753679468717,0.9501799587148424,0.9462628759468525,0.9505778034683747,0.9500804103704783,0.9463411377894441,0.9484642651256943,0.9507454905155811,0.9462495100657747,0.9486703734928096,0.9468867369228383,0.9471008036588345,0.9521418965817346,0.94997806769766,0.9494192261463491,0.9518775360851104,0.945664161704025,0.9489994602208405,0.9492269971012031,0.9483108652086174,0.9504225837678187,0.9507657037409509,0.9489407369861548,0.946645508982012,0.9482879545758138,0.9508099705383776,0.9507741477703255,0.945955949630583,0.9466391785458166,0.9515300802543182,0.9472110030845441,0.9506848791688757,0.9506236101281468,0.9460347478386099,0.9494321822576818,0.9515432067664558,0.9499652228684362,0.9510174570725964,0.9460456062990981,0.9495981374759458,0.9470866449354776,0.9484996843814965,0.9496397610517323,0.9509908945324409,0.9489421548716741,0.002053956605489733,79
903.3040583920479,217.13869000188615,1.9953541088104247,2.0172120593466136,0.028657643074216935,12,0.6396646702358648,2,4168,0.5934780614924402,"{'learning_rate': 0.028657643074216935, 'max_depth': 12, 'max_features': 0.6396646702358648, 'min_samples_split': 2, 'n_estimators': 4168, 'subsample': 0.5934780614924402}",0.951639344108997,0.9477460143202646,0.944907318117233,0.9483487701885422,0.9480790476592827,0.943540892365626,0.9510045242793332,0.9478248121772617,0.9510821701365169,0.9481080403827623,0.9514761253557901,0.9493117061867838,0.9480219227233228,0.9496719438249829,0.9482660140688322,0.9478480414124885,0.9449613541098992,0.9492576435763591,0.950147056758078,0.9516594563606802,0.9491497375192053,0.9489652699567465,0.9475450156577008,0.9472666526806306,0.9489205715003475,0.9489131077866783,0.9474171342347979,0.9450596322411006,0.9512001787947699,0.9507998135229716,0.9484141962574687,0.9483319648541928,0.9461853848146095,0.9537878157248986,0.9458401268982922,0.9468588000232769,0.9487177436843827,0.9517446257743205,0.9493967106502226,0.9481315714580454,0.9454610903804901,0.9519087005793407,0.9454128458559993,0.9515182912472473,0.9487468768520426,0.9506078384707539,0.9476007643413482,0.9500134137870667,0.9482800415784233,0.9471045840122241,0.9467638489589446,0.950422618913684,0.9476956243613561,0.9486576056243061,0.9516719546529647,0.9451709176995672,0.9500127516061265,0.9499921772401096,0.9470996146608381,0.9506095690518143,0.9499553092960522,0.9459728749139612,0.9489649786420344,0.950348377441981,0.9461748303850943,0.9486993101746406,0.9468909835636439,0.9466697013068176,0.9520850634994521,0.9498256318141866,0.9497452524091227,0.952473793830882,0.9449337080946391,0.9488047307165904,0.9493933166049299,0.9474771579897378,0.9496212457019235,0.9499586043448212,0.9487819200507617,0.9462333724473151,0.9480863634780803,0.9512583762725924,0.9505140528635935,0.9458686757959665,0.9459303857489456,0.9508621751866737,0.9475790001687787,0.9503193568779208,0.9505394923934665,0.9454963922122357,0.947799743035536,0.9511277896255004,0.949526006863893,0.9512924994831784,0.9455151086808202,0.9496713416630393,0.9465324795098458,0.9479605126305171,0.9487051508426698,0.9512419313962069,0.9486913637998039,0.0020805204596762625,86
665.0446255612374,201.64111242852218,1.2960605645179748,1.3027019292108215,0.004576713770144064,8,0.8989949682497376,2,4168,0.5465943251737378,"{'learning_rate': 0.004576713770144064, 'max_depth': 8, 'max_features': 0.8989949682497376, 'min_samples_split': 2, 'n_estimators': 4168, 'subsample': 0.5465943251737378}",0.9498156945660531,0.9465387794668519,0.9429376508500793,0.9475269378627472,0.9461128843504276,0.9431907885865679,0.9497935841559972,0.9453399627314522,0.9487100401307071,0.9463722559053896,0.9483184713791051,0.9486425576761665,0.9466714786274568,0.9464867534117943,0.9470766220630068,0.9466131669682696,0.9425741777322272,0.9477480328112935,0.9488625176554049,0.9491891385663346,0.9474365738087457,0.9480627010975935,0.945550917279506,0.9456693071450297,0.9469259618820531,0.9468329664794789,0.9458715328125973,0.9430806021257221,0.9486972276210655,0.9489897198686083,0.9469013181962563,0.9460338882656294,0.9448178419663886,0.9510109751651132,0.9446554606140686,0.9448356090209319,0.947266476600606,0.9504015784142694,0.9470764150099387,0.9457318938114778,0.9441434002945874,0.9495653088771498,0.9441330958728915,0.9494561653461694,0.9464330564766805,0.9490320829714264,0.9465848233023372,0.9471983797559538,0.9462001182271261,0.9454557513806938,0.9452141899301022,0.948451704403584,0.9468102090691544,0.9463062753714439,0.9497007340088894,0.9440330273010874,0.9471669478649345,0.9476075174486244,0.9450469383862808,0.9486608756235734,0.9487199560803566,0.9442750964222844,0.9468565536722601,0.9491388654621722,0.9430578464267182,0.9461085646791458,0.9440333802787847,0.9451241379806042,0.950083494174341,0.9481062991127391,0.9473316745689221,0.9499479063511075,0.9432958299610663,0.946208886711816,0.9472711231463138,0.9456686464536137,0.947368033976367,0.9485930249821051,0.9466990451819733,0.9448314400227895,0.9466840367883308,0.9487295556653738,0.9482471130222778,0.944632860319072,0.9446463770300771,0.9488549009634852,0.9455479610565926,0.9483715474984462,0.9487050552430888,0.9442193223804034,0.9479206551548451,0.9492020541877033,0.9477652809927968,0.9476579110835456,0.9431033648073411,0.947247468300907,0.9448351251134443,0.9460644082607276,0.9475102365368535,0.9491908648199899,0.9468342696946589,0.0019428765391664156,124
573.8077535390854,225.8557802136854,1.5499492573738098,1.558862638613605,0.005043032494055014,9,0.4338278902640621,2,4168,0.828467526482219,"{'learning_rate': 0.005043032494055014, 'max_depth': 9, 'max_features': 0.4338278902640621, 'min_samples_split': 2, 'n_estimators': 4168, 'subsample': 0.828467526482219}",0.9525701757395683,0.9498641859572059,0.9463934231624285,0.9507780164739286,0.9491622357293842,0.9457860766050161,0.9527754319763952,0.9491121685629061,0.9518629110518687,0.9494669145425436,0.9514066754767345,0.9512055363331673,0.9504368370016026,0.9500937475203859,0.9495007671065075,0.9497948984887582,0.945730775987301,0.9509019656213349,0.9519714318677535,0.9524707186509659,0.9506142271386847,0.9509278348101022,0.9488615874942714,0.9488866943389358,0.9500043890108752,0.9505526270295278,0.9487749302616162,0.9465436211448259,0.9526981878347709,0.9518001004322971,0.9503897143065139,0.9490690551053701,0.9482171931026278,0.9541397685772182,0.9477612993383964,0.9470849732540929,0.9503077689265653,0.9532469776342466,0.9514293836123309,0.9489950655159056,0.9474282581966359,0.9529822008268057,0.9475025936064269,0.9526141130945891,0.9494563332613652,0.9521871585354512,0.9489114305785296,0.9503983022121497,0.9491986963128507,0.9483200467498722,0.9486565240989677,0.951750058220404,0.9499073216649656,0.9493985788045518,0.9525803605909244,0.947093842878512,0.9508517573418938,0.9508235703420537,0.9478527270172473,0.9513767894770717,0.9514055415497515,0.9474279767523829,0.9502831934600424,0.9518440525964359,0.9467514191371252,0.9489245388623688,0.9478232752348794,0.9481896899888067,0.9527581060659148,0.9511454873947339,0.9509687697911136,0.9528745111034669,0.9464648363143274,0.9499511791911468,0.9496985424276536,0.9489337612559273,0.9508260390464647,0.9514188485689429,0.9495903683151681,0.9480086709779122,0.9498358759932333,0.9515359508880495,0.9512788578487372,0.9477341744550125,0.9484510577651599,0.951833162528705,0.9489618299291784,0.9513931343146927,0.951643470795482,0.9466274356656024,0.9511938081044888,0.9522859170620207,0.9508389434264761,0.9511276028072994,0.946726386336676,0.9504962267503999,0.9479041178707863,0.9499409779690133,0.9506766333399129,0.9522309304391141,0.9499888625886079,0.0018949517293702853,57
622.9073121571541,196.12698679238295,0.5973487448692322,0.6162606914706832,0.3148118030349409,5,0.896472573405416,2,4168,0.754653481010436,"{'learning_rate': 0.3148118030349409, 'max_depth': 5, 'max_features': 0.896472573405416, 'min_samples_split': 2, 'n_estimators': 4168, 'subsample': 0.754653481010436}",0.9386839806337963,0.9385171911068052,0.933853476192751,0.9378411372587535,0.9394051600196528,0.9357858070310768,0.9423547052417908,0.9371032919018651,0.9391340181913445,0.9363642489129372,0.9396176581909818,0.939845860279224,0.9390791572216668,0.9377042903216504,0.9345660362751241,0.9381696170285456,0.9344131603370095,0.939002287072713,0.9403423232021575,0.9424032342390782,0.9382683078445802,0.9390437216994622,0.9366033347494211,0.9350752895256722,0.9375960731139267,0.9362856474600545,0.93743664641939,0.9377215217226936,0.9407957927743753,0.9368046368712094,0.9385311194988887,0.9355277043868032,0.9385042833312626,0.9415296623825391,0.935171874980561,0.9339312168622713,0.9392681068842265,0.9404383103558988,0.9365153728018273,0.9386084511359954,0.9372813956901901,0.9404392183086774,0.933207614710572,0.9386020459975759,0.9396428756309038,0.93849495993291,0.9378185909390524,0.9390829715624216,0.9350588606176342,0.9377117436914155,0.9385237018213927,0.9381534037963996,0.9364259381766121,0.9380863939434836,0.9401029400100709,0.938288965349556,0.9363231081689364,0.9383288689698588,0.9342762031627434,0.9404914856940213,0.9387426567983754,0.9344073342619119,0.9390301344603054,0.9396707987026562,0.9375337764406683,0.937966189451023,0.9354889720803666,0.9347343296260925,0.9411932404257356,0.9388391633149423,0.9387440335622994,0.9419189193392438,0.9353145583013307,0.9366519455473669,0.9389827150165463,0.9385687038722357,0.9350429089100655,0.9397812482442868,0.9387655642269408,0.9313305635172757,0.9384559188196974,0.9390278182461306,0.9394278761479735,0.9370714134881035,0.9370178947249012,0.9399254029688291,0.9371270473606484,0.9383373481163746,0.9398107605692575,0.9328119413970934,0.9397406118776986,0.9386999161544346,0.9390938511352979,0.9367464851844918,0.9322872109138379,0.940820919493592,0.9358864899951393,0.9383887314297386,0.9377761167529906,0.9398007182495528,0.9378514723075986,0.00218785136581928,171
576.5444496488572,200.68089174491442,1.2059914708137511,1.1763121892027713,0.009477580161406974,7,0.5762776490360921,2,4168,0.7166462117662614,"{'learning_rate': 0.009477580161406974, 'max_depth': 7, 'max_features': 0.5762776490360921, 'min_samples_split': 2, 'n_estimators': 4168, 'subsample': 0.7166462117662614}",0.9520502085285767,0.9493105366711224,0.9459197497167018,0.9501948249016913,0.9490908395521054,0.9460094529037214,0.9529646311591622,0.9480719477111783,0.951200963977758,0.949146267241455,0.950729238437289,0.9509887500632633,0.9494812752483821,0.9497331797959251,0.9489338322480176,0.9497892473465647,0.9450621091434418,0.9512940844055454,0.9514420185572032,0.9518509294084232,0.9502452380634903,0.9511290855884316,0.9481783716346711,0.9485652536970962,0.9493677984899387,0.9496654177107705,0.9487652659049072,0.9466878377304192,0.9513520040395033,0.9519117186438365,0.9495365287216273,0.9488600881626855,0.9480782741822329,0.9536919007661556,0.9471495100680061,0.9471633014703837,0.9501654895199712,0.9529110191834235,0.9504710533177786,0.9484320538107,0.947709683279078,0.9520393701714973,0.9472603035144878,0.9521155390887553,0.9495455764038302,0.9515701457194818,0.9490362613911881,0.9495899872110045,0.9483681724372,0.9480501058670445,0.9481219380130502,0.9512948825095863,0.9493330456974904,0.9493283231917466,0.9520216669775698,0.9474797933356987,0.9496321898042543,0.9506366498867551,0.947274167840665,0.9512876572115659,0.951425185153474,0.9461779625177638,0.949571631178514,0.9517503621982257,0.9465480144632807,0.9487871390466136,0.9472349788062263,0.947702166592885,0.9523003449463338,0.9509277451512707,0.9501993081022115,0.952331752518639,0.9463888395085371,0.949546825461564,0.9498360548163463,0.9489358927614983,0.9495628423170523,0.951326768473106,0.9492119858824426,0.9470808901950672,0.9499291930906145,0.9509247556123887,0.9509327174697922,0.9473248989208,0.9473466971779754,0.9512959973072078,0.948614648543773,0.9504743027348197,0.9520521581135895,0.9462339156568735,0.9512526816647037,0.9520962207280634,0.9496870600016288,0.9503820951668833,0.9461061010973044,0.9497948182749452,0.9473618264498566,0.9491662772552976,0.9506132661453275,0.9520108719334802,0.9495773395071189,0.0018805864966186469,68
508.38375987291334,195.55160727228375,0.668772029876709,0.6869882687632062,0.25566286825132806,12,0.8447686965101635,2,4168,0.6986024431356466,"{'learning_rate': 0.25566286825132806, 'max_depth': 12, 'max_features': 0.8447686965101635, 'min_samples_split': 2, 'n_estimators': 4168, 'subsample': 0.6986024431356466}",0.9364598057627704,0.9344974335073687,0.9282157522093473,0.9315804007407938,0.9304339280087863,0.9301689098505137,0.9343582485659063,0.9310851292307086,0.9325025404745984,0.9302497128106462,0.9357040117923734,0.935082664390799,0.9311659783895526,0.9323506219227954,0.9317942575057838,0.9318117999554404,0.9278170781476405,0.9339117626635091,0.9316031994230408,0.9340006809190149,0.931893198522595,0.9325947239541246,0.9312392455059988,0.9283096664312002,0.930982411881349,0.9342455214938349,0.9322860178772783,0.9272133860769547,0.9345567772264306,0.9329855792786357,0.931731131340233,0.9336416404528464,0.9310950318947652,0.9399578889734113,0.9285915227422314,0.9288877489835952,0.9327991300084286,0.9353792872110367,0.933147242982043,0.9292819442852169,0.9292221945770851,0.9378676417810773,0.9285750824805877,0.9352705950175988,0.9309965425541175,0.934900342108145,0.9299783275936767,0.9336035487823942,0.930750310157629,0.9287237478612541,0.9318032279138009,0.9356941263179608,0.9320699441248147,0.9305979828086288,0.9353127202563809,0.9269128134984497,0.9326236898565387,0.9317048713626487,0.9282785034679937,0.9372542846355062,0.9351291720259852,0.931020528921236,0.93247106959353,0.9356950743000587,0.9292864301015633,0.9295938444604301,0.9279878383682739,0.9302465175603738,0.9366536684845816,0.9322468268006077,0.9327728541781147,0.9361141834394726,0.9283168589911207,0.9305634092835974,0.9334395601205239,0.9328049240230942,0.9347270411374795,0.9351032336896834,0.9323645996540071,0.9290180660413474,0.9313607559734987,0.9333699190445373,0.9353709924095318,0.9306424745988091,0.9303702585291531,0.9359078154347691,0.929995371868268,0.9320296439132203,0.9306911835039922,0.9304156033282909,0.93165322257513,0.9363442616696289,0.9345441375574793,0.9330839856771526,0.9302188589926788,0.935020720937696,0.9278625562993343,0.9294572528630598,0.9302704423002284,0.9349722504901379,0.9321689091969156,0.0026587115243529896,189
602.261949737072,204.97096712357492,1.4604289579391478,1.399055007960763,0.0020143801083789686,7,0.5198936688318733,2,4168,0.8996750943797756,"{'learning_rate': 0.0020143801083789686, 'max_depth': 7, 'max_features': 0.5198936688318733, 'min_samples_split': 2, 'n_estimators': 4168, 'subsample': 0.8996750943797756}",0.9336110770743942,0.9319335585242589,0.9267648122639449,0.9316694063786145,0.9303059818866464,0.9249224412467101,0.9348456089503263,0.9304135837012376,0.9342577881573783,0.9303260133857915,0.9336775970774135,0.9328304436536983,0.9300742318975886,0.9297784558923141,0.9300002990086209,0.9301067194890997,0.9256922280774715,0.932727036120478,0.9329764253422117,0.933678148125088,0.9315641442230803,0.9317874052422165,0.9286918225262556,0.9305123735236371,0.9314826309896228,0.9323900820414165,0.9300815373889026,0.9265284350469507,0.9339687047145018,0.9328099311134894,0.9329662629942489,0.9297126068697562,0.9283222578679851,0.9363643071301275,0.9274302378400499,0.927483865104449,0.931520177298732,0.9347811281933697,0.9325894524637176,0.9301015309550229,0.9292028561443046,0.9334611560438739,0.9278930473898268,0.9340211486171847,0.9304209868670621,0.9346988600429529,0.9299733238514479,0.9309231223176218,0.9299965191026404,0.9284665668323945,0.929922149978999,0.9327144831079174,0.930134394960766,0.9301364326051497,0.9344248926368843,0.9277232437190064,0.9308649598765187,0.9338920093275461,0.9278123573535664,0.9334337322896937,0.9336801140932856,0.928210196900252,0.9311612068392325,0.933787611820001,0.9274360328251886,0.9300538807818132,0.9291628215754283,0.9295510802268596,0.9328850613945945,0.9319947962264714,0.9320565728308827,0.9344993439015561,0.9268476018379048,0.9296432545301466,0.9313329842173169,0.9295257845377248,0.9331610347787532,0.9332340062884873,0.9295373524235896,0.928656926581195,0.9304561613408189,0.9324186656559696,0.9326642594634778,0.9293931701016053,0.9294896435809429,0.9319672286718913,0.9301253026599924,0.9326897460584002,0.933946303739441,0.9273213939010859,0.9328723336767537,0.9331724481539077,0.932110288237077,0.9318937667812547,0.9268974936550656,0.9316937682530841,0.9270631069025286,0.9303767237670241,0.9327215171856431,0.9340091358284047,0.9310149711507123,0.002379757590619451,193
808.6520415043831,249.96983419475563,1.4235179042816162,1.4061307932155254,0.021492877622786812,10,0.5302754167783346,2,4168,0.9087200648184439,"{'learning_rate': 0.021492877622786812, 'max_depth': 10, 'max_features': 0.5302754167783346, 'min_samples_split': 2, 'n_estimators': 4168, 'subsample': 0.9087200648184439}",0.9547639224949582,0.9510420502488773,0.9485969552449798,0.9523568612369049,0.9504169536138303,0.9478619958684558,0.953844735911209,0.9508357785177818,0.953488567432827,0.951699153421659,0.9534793077829014,0.9528590080052557,0.9522018244486373,0.952013914333037,0.952099390269588,0.9522867663108038,0.9482696885926086,0.9523198952625909,0.9538678671917771,0.9544777390206131,0.952764165861888,0.9531664676328307,0.9510170344075409,0.950787298499311,0.9518650328125026,0.9522922176493792,0.9504853380334326,0.9484147286180208,0.9547078145548585,0.9535437864851127,0.9524750316206229,0.9512571410459486,0.950510066744404,0.9560069857506176,0.9495636162993443,0.9494842118741105,0.9520808680237564,0.9549808922987277,0.9528169208252116,0.9511352286920217,0.9486201114628576,0.9549701872151666,0.9488272872808167,0.9547972791800361,0.9518717185365132,0.9534996721719894,0.9517869153342161,0.9526248700531649,0.950919045606679,0.9503128846206317,0.950194141193481,0.9537408508827565,0.9518885956996772,0.951075473909226,0.9545005294959578,0.9486361480931474,0.952849726336948,0.9524695582360371,0.9499577977031409,0.9536295452947559,0.9528582707821059,0.9498161228779711,0.9524817787676323,0.9543894409029706,0.9485246750885408,0.9508819891533717,0.9491682298799398,0.950412617118305,0.9547324694450632,0.9533630361114532,0.9530688539105464,0.9547181924685381,0.9482911035757339,0.9521057070350805,0.9512646622683498,0.9518295200577567,0.9526358967220954,0.9532052959442231,0.9514254487291132,0.9501659016657096,0.9510258048254112,0.9537077425454578,0.9530466526562189,0.9493155207600515,0.9502480077927351,0.9540681056615874,0.9505113325915,0.9534115551022562,0.9538483536388955,0.9486987020925393,0.9532520747472373,0.9539453995935999,0.9523574469361344,0.9532212363697108,0.9488561869387413,0.9528966571173934,0.9498666424847989,0.9514356580186834,0.9523550505010955,0.9541442477807436,0.9519086115190543,0.0018960463536591774,22
