mean_fit_time,std_fit_time,mean_score_time,std_score_time,param_learning_rate,param_max_depth,param_max_features,param_min_samples_split,param_n_estimators,param_subsample,params,split0_test_score,split1_test_score,split2_test_score,split3_test_score,split4_test_score,split5_test_score,split6_test_score,split7_test_score,split8_test_score,split9_test_score,split10_test_score,split11_test_score,split12_test_score,split13_test_score,split14_test_score,split15_test_score,split16_test_score,split17_test_score,split18_test_score,split19_test_score,split20_test_score,split21_test_score,split22_test_score,split23_test_score,split24_test_score,split25_test_score,split26_test_score,split27_test_score,split28_test_score,split29_test_score,split30_test_score,split31_test_score,split32_test_score,split33_test_score,split34_test_score,split35_test_score,split36_test_score,split37_test_score,split38_test_score,split39_test_score,split40_test_score,split41_test_score,split42_test_score,split43_test_score,split44_test_score,split45_test_score,split46_test_score,split47_test_score,split48_test_score,split49_test_score,split50_test_score,split51_test_score,split52_test_score,split53_test_score,split54_test_score,split55_test_score,split56_test_score,split57_test_score,split58_test_score,split59_test_score,split60_test_score,split61_test_score,split62_test_score,split63_test_score,split64_test_score,split65_test_score,split66_test_score,split67_test_score,split68_test_score,split69_test_score,split70_test_score,split71_test_score,split72_test_score,split73_test_score,split74_test_score,split75_test_score,split76_test_score,split77_test_score,split78_test_score,split79_test_score,split80_test_score,split81_test_score,split82_test_score,split83_test_score,split84_test_score,split85_test_score,split86_test_score,split87_test_score,split88_test_score,split89_test_score,split90_test_score,split91_test_score,split92_test_score,split93_test_score,split94_test_score,split95_test_score,split96_test_score,split97_test_score,split98_test_score,split99_test_score,mean_test_score,std_test_score,rank_test_score
2258.88624581337,624.6867828086862,1.9516883754730225,2.64606629224735,0.034309977022776265,10,0.8255183999255711,2,4168,0.8993315400781986,"{'learning_rate': 0.034309977022776265, 'max_depth': 10, 'max_features': 0.8255183999255711, 'min_samples_split': 2, 'n_estimators': 4168, 'subsample': 0.8993315400781986}",0.9356105601422162,0.934554925812255,0.9334894425369112,0.9305085861194689,0.9312461592349093,0.9328378867470153,0.9331466848071261,0.9351104930805562,0.9343011850670829,0.9309148020608169,0.9344521525495033,0.9336095096470641,0.9345523627761544,0.931189004551988,0.9333238299499197,0.9332249281594617,0.9274845448113544,0.9350004964509564,0.9308898018088638,0.9329109146772719,0.9332669654687071,0.9301793368110317,0.934041684049835,0.9326029964440986,0.9332832117048129,0.9304319587971833,0.934748024358955,0.9321664232987432,0.9307423208547329,0.9339485039135874,0.9337291153229128,0.9366705182698203,0.9351785462064209,0.9345414776834359,0.9263807064563571,0.9333765126038657,0.9352790773137316,0.9334335220227518,0.9338240842953671,0.9310943783014707,0.9327460125672821,0.935495367771714,0.929870218423053,0.9314425579023363,0.9333181185704097,0.9337597043610385,0.9322937908248475,0.93205341215776,0.931331042058002,0.9339727557898517,0.931423110124681,0.931712679679329,0.9327430174609705,0.9353047291080485,0.9339255396415834,0.9343115517729085,0.9341851652878018,0.9336550427050815,0.9306701414885632,0.9336867832267967,0.9361963721283192,0.9321380105680568,0.9370728729304145,0.9322271745793238,0.9302309485327894,0.9310883178192324,0.9295547039080012,0.9366619202959324,0.9361214558165001,0.9321605383065643,0.9330338973532241,0.9363625768952796,0.9307059162341771,0.9320563584416851,0.9359480758035448,0.9322131287468792,0.9293998194401047,0.9367364503650402,0.9326909820942971,0.9341100145961022,0.9323341462701261,0.9342054664953562,0.9361358085333855,0.9301530351555598,0.9302650205925123,0.9372803879281487,0.9296842013693063,0.9316563370322887,0.9361797113743011,0.9301345588590624,0.9343313025012109,0.9335080487238665,0.9340703856266833,0.9352464453183589,0.9299343713028212,0.9339651702997842,0.928651093926886,0.931080860244058,0.9336260796042538,0.9337935328404594,0.9329812387494465,0.0021684896649928425,62
1133.4909244894982,582.7353305994916,1.4462994599342347,1.9774645812772567,0.16094119246640926,8,0.7102644796917272,2,4168,0.7257235182514921,"{'learning_rate': 0.16094119246640926, 'max_depth': 8, 'max_features': 0.7102644796917272, 'min_samples_split': 2, 'n_estimators': 4168, 'subsample': 0.7257235182514921}",0.9335684018490541,0.9296708189354043,0.9274022936216146,0.9272792526469413,0.9245290350978959,0.9292449179707639,0.9292398612407896,0.9300517379399673,0.9309430394290074,0.9260873579668035,0.9295839088558941,0.9298744523740392,0.9308188768981797,0.9315481509238779,0.929792182810672,0.9286267574184125,0.9233916482324015,0.932114063705034,0.9276172537243139,0.9308385777348464,0.9272082250168294,0.9280419531306385,0.9323820092556302,0.9271756108749034,0.9304697537417684,0.9269914343306561,0.9311744515494507,0.9275142726278331,0.9280470584421248,0.9303887707055113,0.9286454531216937,0.9325807438420285,0.9314491111164536,0.930606912284528,0.9237448056142611,0.9303373991437027,0.931876398925618,0.9315828861067424,0.9289155907886155,0.9298645188469569,0.9274783230345305,0.9326522359835111,0.9238682750863636,0.9275446747100389,0.9283119600880307,0.9310845455438245,0.9264593647163708,0.9276661132301994,0.9290948435564033,0.9306725957734837,0.9253483314394689,0.9293228896778095,0.9294926421963325,0.9294779439106422,0.9299874574915749,0.9331994550677228,0.9315761893040284,0.9303582433284684,0.9262400889241634,0.92977209110231,0.933200887779415,0.9281458038316144,0.9308685735325778,0.9285906134073127,0.9267743196750021,0.9273035158328244,0.9242105914539746,0.9317527023040133,0.9305177565962319,0.9289254562174729,0.9287456544930429,0.928148517223263,0.9268158761757311,0.9281579884640164,0.9345104498199273,0.9259276827138365,0.925034824359048,0.9320035170219286,0.9324903448427035,0.9296461031964136,0.9274763574267822,0.9305945765394641,0.932969830545623,0.9245964666100719,0.9263759900238797,0.9319786018027852,0.9258595604764108,0.9286045833176055,0.9304708673584412,0.9269657195350856,0.931106504520914,0.9290736771197715,0.9303964114941676,0.9288216412210296,0.9274157229981158,0.9309407521914052,0.9259384048956683,0.9264166359703696,0.9295169979990557,0.931914613747416,0.9291003330774156,0.0024162075074108187,126
689.175367205143,416.30538553997854,1.0351644349098206,1.3746663486372344,0.20267695188333315,13,0.4934133071510458,2,4168,0.7422756934537176,"{'learning_rate': 0.20267695188333315, 'max_depth': 13, 'max_features': 0.4934133071510458, 'min_samples_split': 2, 'n_estimators': 4168, 'subsample': 0.7422756934537176}",0.920059199582352,0.918301724759109,0.9162510762789118,0.9134979269663932,0.9135579258458577,0.9137967495876034,0.9187065218622309,0.9212132646985766,0.9183831436613016,0.9150240823029993,0.9210435090007324,0.9168284839124162,0.9167451299779192,0.9148637829388522,0.9163738369322006,0.9178290076662565,0.910821244318981,0.9173625687929243,0.9134761571571444,0.9140968613046129,0.9193753027107329,0.9101777178593337,0.915490511053902,0.9176166500628827,0.9184007564336167,0.9119334598754161,0.9192861111021273,0.9192203280774539,0.9138443541543936,0.9161923350060137,0.9170307335709493,0.9225735498512422,0.9164165891298626,0.9179560032639674,0.9141547890810205,0.9149041496203414,0.9167523985351216,0.9189891682631175,0.9177084829177368,0.9140614574253636,0.9170749211258101,0.9198839234405636,0.9123963194801566,0.914856058481161,0.9144057467943832,0.9173287204022473,0.9168367413836097,0.9150324564909763,0.9149120691268084,0.9207630080947378,0.9137987912803978,0.9166402229152041,0.9175945978704537,0.9174700912789661,0.918181903383718,0.9185240098127059,0.9175700145442635,0.9191653512234816,0.9157471673472434,0.9159404255955298,0.9194377673103123,0.9150170354736054,0.9192618358368553,0.9162928558079914,0.9173304200528608,0.9149274543242422,0.912488265591852,0.920728668938797,0.9185141002579152,0.9193093817778644,0.9148209975995432,0.9174803129362445,0.9129744408704935,0.9133936523787811,0.9235981488978712,0.9161327249856105,0.9110414403832091,0.9186063327144414,0.9174148178072067,0.9198435637751328,0.9163620508948234,0.917195601379967,0.9220245468534457,0.9139185252002054,0.9141215875828845,0.9214636232535666,0.9120189355486141,0.9168178651176127,0.9212729841348516,0.9113684504439584,0.9209809591892056,0.915201082271515,0.9201052896209309,0.9192896953517049,0.9145515028886144,0.9194448382632286,0.9133108938092536,0.9125088903005222,0.9143453519203641,0.9150570153010706,0.9166441349266158,0.002834349928193051,179
1110.2695357942582,591.1599602031235,1.2886044812202453,1.8729613055970977,0.13420186966472852,13,0.563207966534582,2,4168,0.890300529340937,"{'learning_rate': 0.13420186966472852, 'max_depth': 13, 'max_features': 0.563207966534582, 'min_samples_split': 2, 'n_estimators': 4168, 'subsample': 0.890300529340937}",0.9240219643743712,0.9241053861020263,0.9216438801997253,0.9187759457256225,0.9162162616214683,0.9214580866414448,0.9224468133454096,0.9253301155591823,0.923268124258447,0.9196317410721974,0.9233991167592961,0.9242931418288916,0.9221494364590248,0.9194074723774465,0.9201061219711223,0.9239085750172549,0.9171975527535842,0.924065927126972,0.9177736728475842,0.9213794846915913,0.9213571505118993,0.9172948217783721,0.9223693543733171,0.9215496832430565,0.9233767278978433,0.9191745953625908,0.9235969663762607,0.9225482874231794,0.9185311945167569,0.924754437336805,0.9196876213661808,0.9251586434046237,0.9245085056502641,0.9238427027571641,0.9157040568810997,0.9215023114668978,0.9231014601195815,0.9220496312417005,0.9225788405182415,0.918766290887497,0.9224354908855822,0.9237327977341341,0.9196238686764093,0.9190577881311187,0.9220776693764253,0.9206817383141738,0.92008683111731,0.9197445223201679,0.9214082591410548,0.9242028097514555,0.9181597868427046,0.9206961645940227,0.9201644727087256,0.923532795473788,0.9236520485683166,0.9225957104352862,0.9202347555126693,0.9218447523347888,0.9186616935214567,0.9215619308620386,0.924239969179304,0.9216359664590714,0.9249692715756959,0.9207905452587959,0.9187906106326094,0.9179504048231214,0.9175748989251422,0.9260215978562302,0.9232121150090999,0.9221369510504837,0.918314035920127,0.9254234907698953,0.9181193980176637,0.9202762717559718,0.9255334059591834,0.9196046734130792,0.9172583803769969,0.9245870058659547,0.9202323688136598,0.9215441058803854,0.9201105517476575,0.9218618254955959,0.9242852295770123,0.9180420013228143,0.9162674872267658,0.9249330041486055,0.9173060632487279,0.9207001965089849,0.9241448433545449,0.9171568795799513,0.9218390446118575,0.9216472969161581,0.923220674309288,0.9259738629891605,0.9187575613374039,0.9224833784369392,0.9168372408613032,0.9175838249694059,0.9220192926428629,0.9210540617550111,0.9213062777873015,0.0025717450877788682,163
864.5190466737747,440.71159215509687,1.951246964931488,2.7158104277064155,0.011478916201752568,9,0.3467468889128293,2,4168,0.8888719962112984,"{'learning_rate': 0.011478916201752568, 'max_depth': 9, 'max_features': 0.3467468889128293, 'min_samples_split': 2, 'n_estimators': 4168, 'subsample': 0.8888719962112984}",0.9414014852405914,0.9382341469330017,0.9368494918468222,0.9343874597084871,0.9344948900742032,0.9360664624007181,0.9379851674611998,0.94040427796257,0.9389801035480352,0.9354285846846697,0.937598136954229,0.9379035631558864,0.9385883632397376,0.9368204795148664,0.9363191671527034,0.9377011222201326,0.9334542317600971,0.9396871849512304,0.9356455377843214,0.937314863578344,0.9364091817157755,0.9350102791991828,0.9390574456878149,0.9371750094572161,0.9383331805186305,0.9345475285228524,0.9397441707656431,0.9370562020314743,0.9358260337864931,0.9384925722399624,0.9368610305463718,0.9412873050847109,0.9383651150408615,0.9387729600980582,0.9324200862160162,0.9372827639482122,0.9392116984767547,0.9383041387746087,0.9374516454676481,0.9356631208256943,0.93785234851381,0.9409108414076236,0.9344331601750593,0.936479793841271,0.9374261818790458,0.9381335720430902,0.9367770694186566,0.9367007765715799,0.9370757827622432,0.9388859743135555,0.9350773694374319,0.9367495382948179,0.9376448436440982,0.9390604819750645,0.9383048152427018,0.9403225058864046,0.9376749311321432,0.9387110856610791,0.9346069120190955,0.9382325229336916,0.9392069018032891,0.936269627853193,0.9412253520530101,0.9364177791917448,0.935171308248954,0.9348752789798487,0.9339471914098771,0.9411351043937614,0.9392754817036547,0.9364904107107697,0.9356928403662504,0.9397710988975403,0.9341860598111145,0.9357103869210434,0.9422150285765636,0.9359416023929006,0.9337533101850878,0.9396213515914806,0.9379363930539921,0.9394391781012175,0.9354692446877676,0.9386993494707463,0.9402840481736758,0.9342345882371573,0.9355945939758228,0.9416290158748248,0.9337847327776231,0.9377711568950785,0.9402545183056144,0.9330779667259953,0.9392618368021897,0.9377147730644211,0.9375043690071658,0.939511732238874,0.9352963034929598,0.9379487804066443,0.9345985123228666,0.9357671398578699,0.9383571828267213,0.938824947160671,0.9373746317427828,0.0021304211519424985,4
1240.683295340538,522.0405947546203,0.9140521430969238,1.2440497136868907,0.11252755476052344,5,0.9035772568372358,2,4168,0.8750524870215068,"{'learning_rate': 0.11252755476052344, 'max_depth': 5, 'max_features': 0.9035772568372358, 'min_samples_split': 2, 'n_estimators': 4168, 'subsample': 0.8750524870215068}",0.9346238803039946,0.9309342415365027,0.9308759178127121,0.9292478499319308,0.9279022120525012,0.929474342567298,0.9313845851811369,0.9327302319157134,0.9303055262308279,0.9275805791326445,0.9321172825080078,0.9291375580261505,0.932909258320914,0.9314677066655885,0.9284556619561971,0.9291210271898523,0.9239832424130472,0.9335998408996017,0.928672719973637,0.9297988740779178,0.9305932253786946,0.9294388941216046,0.9326009401658342,0.9300447717963951,0.9321156372043539,0.9282589247938431,0.9328538257587629,0.9296662060929884,0.9280359352878059,0.9319170093440219,0.9299041572318851,0.9345204679966703,0.9326424097415275,0.932223164167239,0.9264134201438887,0.928405157182627,0.9322458794674402,0.9307173293705028,0.9307552630802036,0.9304718112093837,0.9320203343643354,0.9329178255578222,0.9267808822129704,0.9271320293990608,0.9308798636356752,0.9328509244543135,0.9294728333594234,0.9294652654535146,0.9294777581639283,0.932010510561581,0.9290683845904574,0.9302378128237374,0.9296955975565151,0.9341766801195025,0.9318923417964416,0.9332947409642971,0.9291540468096398,0.9319922053110941,0.9273348399300994,0.931986759104602,0.9320917785907034,0.9297093449107499,0.9353534278081986,0.9278778956354267,0.928616048159185,0.93017691691725,0.9269812391995488,0.9342426566349614,0.9337721195768467,0.9301523707357934,0.9306811617791274,0.929414970735815,0.928212567736709,0.9284232795844928,0.9357112934490843,0.9288976422228745,0.9273562693498524,0.9325354764492474,0.9322341401017302,0.9325086221410335,0.9279627598075404,0.9321644824577252,0.9338663672140688,0.9258610807514485,0.9283707610357886,0.933902043304706,0.9264684224866159,0.9331584748412154,0.9323503584212864,0.9269496079211927,0.9318169102850132,0.9306455960895322,0.9317119951619725,0.9317992592732511,0.9304541842341854,0.9306885462047234,0.9287355298428996,0.9296038841367179,0.9321416371823443,0.9316301419552883,0.9305521986872701,0.002287145594777314,110
1520.8202642846109,700.009893754243,1.3264875936508178,1.9011534948920688,0.02182672713652882,8,0.729429006999116,2,4168,0.8426212864018037,"{'learning_rate': 0.02182672713652882, 'max_depth': 8, 'max_features': 0.729429006999116, 'min_samples_split': 2, 'n_estimators': 4168, 'subsample': 0.8426212864018037}",0.9398113129614447,0.9379853313907713,0.9360895018175863,0.9336580378202135,0.9339631283967714,0.9358376740009534,0.9375089990159715,0.939480822567777,0.9382527948082302,0.934452835358736,0.9373281292208904,0.9372893846843722,0.9383887630830785,0.9364847248222515,0.9360795790962573,0.9355457952023636,0.9325545689925395,0.9384408728912357,0.9340467014793531,0.9359649653877278,0.9360623282895352,0.9343149668994478,0.9381633339864167,0.9364824337686084,0.936870831981124,0.9343895414420913,0.9391166291008085,0.9352983742973026,0.9350141994788771,0.9375711445829388,0.9354103689440421,0.9406191263109753,0.9385897956376786,0.9373975963883493,0.9311415140671537,0.936456541704018,0.9389145996193116,0.9365126442528118,0.9359785922276856,0.934148863786422,0.9368346662896019,0.9396411609089117,0.9336127345594543,0.9342551599519852,0.9364220478162595,0.9375976093251283,0.9353068466793827,0.9363313513712377,0.93510689778989,0.9386140034635304,0.933297162868685,0.9358890915620137,0.9363293894506878,0.9381141208100708,0.937083181379865,0.9390544145971647,0.9375821758625842,0.9371919466316467,0.9332664798761159,0.937521111308757,0.9390715193365076,0.9359526365463064,0.9405543474856346,0.9365084984737344,0.9331440593145948,0.9343024727153036,0.9339518827740317,0.9403586555773593,0.9388383577953939,0.9352237918808229,0.9358064967572605,0.9384806006324704,0.9339696371824234,0.9349955877035399,0.9405632737863929,0.9355759379902521,0.9337234038299075,0.9394441307519378,0.9376353001902213,0.9380878962906893,0.9344853694567589,0.9378472098337616,0.9399282534633824,0.9331312034123134,0.9348181058485984,0.939915216654285,0.9337515627562782,0.9360472765198302,0.9396010923033268,0.9328216654853829,0.9381253411815499,0.936168526020873,0.9374409772829388,0.938457725823366,0.9348623401103321,0.9371030368862319,0.9330716145321645,0.9352271899789424,0.9372043706184721,0.9372969849353282,0.9365016245238601,0.0021174145728750904,18
752.0352196645737,469.6558570315542,1.0710272979736328,1.4108539726138065,0.04074815560860463,5,0.6381938749367917,2,4168,0.7162553812160863,"{'learning_rate': 0.04074815560860463, 'max_depth': 5, 'max_features': 0.6381938749367917, 'min_samples_split': 2, 'n_estimators': 4168, 'subsample': 0.7162553812160863}",0.9353846885497747,0.932460856775006,0.9321440294011201,0.9297931645778215,0.9284043785785369,0.930211610812875,0.9327478645034862,0.9348973842378887,0.9312582390877184,0.9296417561791177,0.93198824701569,0.931297769135096,0.9339797793351456,0.9329092386881506,0.9300541960971729,0.932121056459198,0.9277426144794076,0.9348400133086967,0.9298092792007017,0.9325989712005615,0.9309515987640071,0.9300933126051857,0.9343690414255803,0.9310514411794086,0.9332889213325499,0.9292779011128047,0.9356158500307494,0.9309966517054311,0.9303651337814087,0.9338079240775972,0.9294534228053166,0.937362581129049,0.9329095950488882,0.9331746649124955,0.926729666539919,0.9306961809186677,0.9337532153336507,0.9321630689014913,0.9320081966886288,0.9302574590258559,0.9328729453018021,0.9349172447870139,0.9285084194611553,0.9306044323712825,0.9320204735069876,0.9337921601939955,0.9306077222647239,0.9304284406202868,0.9315451774892533,0.9333394349490007,0.9295189503517277,0.9305202458193562,0.9306656099538431,0.9351513326429108,0.9344138079567524,0.9351454469278047,0.9313018328998153,0.9321516724260713,0.9277935379172855,0.9331290785127121,0.9328830957457847,0.9313732218245244,0.9367053722796711,0.9299128741458672,0.9287228584902308,0.9291610846116556,0.9284256289447198,0.9360262847170713,0.9363083991999325,0.930515643909949,0.9308096424957806,0.9320836777435931,0.9279432473548727,0.9297638855356073,0.9371638016300649,0.9307602024074396,0.9290120541897551,0.9342965098793913,0.9333649859860351,0.9347723648402114,0.9287625466216296,0.9339223151006238,0.9348519579375085,0.9281777922128105,0.9299453657844297,0.9348811410389536,0.9285459978309446,0.9326831892424992,0.934241590121848,0.9278798241494723,0.9338523905808519,0.9313131660978494,0.9310376133466036,0.9334491891259715,0.9320006647750775,0.9318771067962175,0.9288765629667315,0.9311453735364394,0.932556824860053,0.9329833137555896,0.9318402769310992,0.002368300719564301,87
1125.4450919365884,573.4536327878287,1.6707079648971557,2.164990045469772,0.00787169111132696,7,0.6000233430178148,2,4168,0.7797632208827519,"{'learning_rate': 0.00787169111132696, 'max_depth': 7, 'max_features': 0.6000233430178148, 'min_samples_split': 2, 'n_estimators': 4168, 'subsample': 0.7797632208827519}",0.9343931268475005,0.9315589126292625,0.9301050410515762,0.9275018569741257,0.9271664101965691,0.928366948036653,0.9323358038416634,0.9340447086906827,0.9313664019238465,0.9277105458781005,0.9306172557355151,0.9310806015577257,0.9322508854265364,0.930467068634385,0.9293263460841232,0.9308542899622656,0.9267554302796941,0.9331301990614653,0.92832247647519,0.930713424119734,0.9297348390790356,0.9286276081819702,0.9329580701357224,0.9302663852391235,0.9315013837952247,0.9271420175295487,0.9340723159770592,0.9298601863355894,0.9284361681963639,0.9321807608354279,0.9289882735448157,0.9346701217805333,0.9321045739247986,0.9310799063564101,0.9249499158944456,0.9304628185993769,0.9328966150127105,0.9312501122466342,0.9299405669289214,0.9279090747581493,0.9306423487053495,0.9337691334394012,0.927042973686585,0.9297021032164792,0.930561574260249,0.9330136922571031,0.9294986894792544,0.9294552851016089,0.9295265734401654,0.9322836547942287,0.9277668298151763,0.9292767435098519,0.9298258028228282,0.9334302444801351,0.9312133147557843,0.933911086892577,0.931429285863975,0.9311948555955678,0.9265514483414808,0.9313695122513023,0.9316644655784021,0.9303971790244172,0.9350404688939601,0.9297425061516481,0.9270460627134871,0.9285943473700639,0.9266226673041051,0.9347737066273056,0.9337713106005411,0.9290932350475558,0.9298423346949863,0.9328839511031064,0.9269995655568712,0.9284383444069508,0.9354354411495998,0.9291811358001308,0.9265620008556463,0.9331711236315494,0.9320491106789146,0.9325710619375669,0.9279614618829981,0.9327336958291566,0.9338436300035974,0.9267775256230913,0.9284308349822272,0.9349627189185638,0.9266744229286215,0.9299436096380839,0.9334389294638062,0.9264009426604328,0.9316736042469179,0.9302775433552982,0.9311005319990484,0.9320534308889717,0.928962650481642,0.93091007614294,0.9273777977406018,0.9297516499064196,0.931202830060446,0.9316402874946677,0.9304856279384193,0.002390275331981521,111
847.5127431988716,427.6808517955195,2.96375440120697,3.912884048567911,0.002204408027866876,10,0.42196109783371993,2,4168,0.6368187333479057,"{'learning_rate': 0.002204408027866876, 'max_depth': 10, 'max_features': 0.42196109783371993, 'min_samples_split': 2, 'n_estimators': 4168, 'subsample': 0.6368187333479057}",0.9321233446776558,0.9288542312209176,0.9285298965988226,0.9252304320749204,0.9243924336202901,0.9260092637276025,0.9292227293691278,0.9319784741895611,0.9295643158079767,0.9254111863624026,0.9291977103996594,0.9288595269801002,0.9290314319185715,0.927617171996967,0.926388927421514,0.9290580203375703,0.924575202159839,0.9303496308253136,0.9256076811548444,0.9283277719769542,0.9270056418696462,0.9251366383837228,0.9304690982086092,0.9280979732096355,0.9289749130133145,0.9240256060934953,0.931237680105322,0.9276323153683351,0.9266899648744534,0.9301871381368645,0.9271580820559677,0.9323688723879767,0.9299033145873992,0.9288696169262511,0.922717978450194,0.9278465072101595,0.9301442567306791,0.9295943877910816,0.9271680666324336,0.925600756324768,0.9281958970352877,0.9318041119269745,0.9250809324224447,0.9275554434013829,0.9274725872307583,0.9287097787066493,0.9273188502154619,0.9266935320429194,0.9276007886242864,0.9292969460721292,0.9253830895818267,0.9273826520052662,0.927393408130509,0.9300854448254243,0.929302018038391,0.9309061447111241,0.9289570952223775,0.9286598432314334,0.9246855236500534,0.9282141693687308,0.9293158184007488,0.9272781087738474,0.9318773961446701,0.9264717863763261,0.9254847348182405,0.9256358467167447,0.9241324944736431,0.9330843433517301,0.9306642823438988,0.9268696512579471,0.9264049540703059,0.9308012291867084,0.9234149007670688,0.925732816158843,0.9324990181187515,0.9262676005777772,0.9232720776116378,0.9312996746434077,0.9288080481577685,0.930448605553679,0.9260069849507679,0.9302445057216822,0.9308953773392383,0.9252933808174132,0.92541982886927,0.9325887660141836,0.9235903624164628,0.9279372256563292,0.9312157610451174,0.9235836950980053,0.9295335604837284,0.928412187886243,0.9286173259883415,0.9303936674924248,0.9258460055604774,0.9291167819030073,0.9248560320891289,0.9264475299693118,0.9288324129166051,0.929109979672496,0.9279956120701831,0.002423883553265855,137
1574.4429923176765,613.4921974187154,2.316775548458099,2.8558137773320023,0.01480199922593233,9,0.7311375937791238,2,4168,0.6934767629369737,"{'learning_rate': 0.01480199922593233, 'max_depth': 9, 'max_features': 0.7311375937791238, 'min_samples_split': 2, 'n_estimators': 4168, 'subsample': 0.6934767629369737}",0.9399814739128959,0.9383135898770193,0.9371357659298768,0.9343420529660542,0.9343462210464883,0.935224787555212,0.9375258649336323,0.9390254126286398,0.9385429880922729,0.9350960315477588,0.9374164920079737,0.9375722354836611,0.9384267160466767,0.9353411008893504,0.9362031895881809,0.9360666080431631,0.9327229986094175,0.9393775229789534,0.9342679803932958,0.9360316776883101,0.9361558153508485,0.9346099956206946,0.9378628749292802,0.9364569811303215,0.9372309275829032,0.9343888109978646,0.9391109571073324,0.9366522844157816,0.9347330945725421,0.9378312211285457,0.9360298573770042,0.9405454621919961,0.9383376375938125,0.9382602833344333,0.9309528487903664,0.9361970759335416,0.9388712344452446,0.9374279233841005,0.9361168427542021,0.9347037996907479,0.936931945854194,0.9397059086467684,0.9343226867364715,0.9349939544751673,0.9365120325093331,0.9376876845450252,0.9362880637608688,0.9356829089982783,0.9353645696215032,0.938630812985526,0.9337319723651969,0.9353379046985554,0.9374017507850775,0.9389649113720422,0.9376332138229936,0.9383113905063032,0.9369522882444943,0.937965148009524,0.9342424237501522,0.9372051818194718,0.9389848889123087,0.9358742587640528,0.9405317254965596,0.9368849571429131,0.9339742105142324,0.9344999426106615,0.9334116775407701,0.9408946739344723,0.9393476504061492,0.9353782371058513,0.9362546587021735,0.9383289853776875,0.9340921173295788,0.9351319980021462,0.9411435673185666,0.9359212071847666,0.9330385424020792,0.9397286244535469,0.937290276667111,0.9378874457982768,0.9355108830636489,0.9387910433325409,0.9402947499737471,0.9328062068642349,0.9346134717624272,0.9405751769802977,0.9337547831641024,0.9360925493896346,0.9397845998169337,0.9332417744874362,0.9380209064122088,0.937116685099104,0.9371339137138891,0.9387352715671944,0.9344571398397308,0.9375780993223842,0.9333877452830993,0.9351942087361986,0.9376133460274684,0.9379047980606486,0.9367051039061818,0.002126354683054871,13
875.9731242108345,476.52083521236926,0.9802245688438416,1.4204583018030867,0.019230985848199402,6,0.3926818835585638,2,4168,0.9455311449794073,"{'learning_rate': 0.019230985848199402, 'max_depth': 6, 'max_features': 0.3926818835585638, 'min_samples_split': 2, 'n_estimators': 4168, 'subsample': 0.9455311449794073}",0.9369470620638954,0.9329168697495693,0.9320845040499468,0.9302466393789376,0.9290046953780704,0.9299032400033075,0.9340743773069526,0.9358528265560916,0.933660609166422,0.9302387597949905,0.9332360554875235,0.932440454428658,0.9339507644587024,0.9326675632318729,0.9304087581158689,0.9324341892028374,0.9279709654158098,0.9352479154371303,0.9301052653940725,0.9330426692964824,0.9318945318203458,0.930436309105533,0.9350577126818423,0.9313024362955398,0.9336502644297593,0.9293858763563672,0.9357893172309206,0.9313980091422351,0.9305071321163823,0.933714898563084,0.9307438507127196,0.9371019220271359,0.9341837594677539,0.933927508777318,0.9272349661761706,0.9313167229644939,0.9340649198393542,0.9330020488635125,0.9319470575867822,0.9306231811669459,0.9330227541168286,0.9358624073884889,0.9281281945694322,0.9311376406927122,0.9320717583799928,0.9345735903847316,0.9310156200229786,0.9306545235710336,0.9318187768042883,0.9336783142252801,0.9304605454534302,0.9314309175884006,0.9309254965784994,0.9350883903188629,0.9334747195054122,0.9358734262049576,0.9313928042199693,0.9328941722370453,0.928478489245829,0.9335345932682235,0.9333693393847894,0.9315760239051921,0.9364591807686858,0.9317824687019605,0.9293999710077483,0.9305585331647579,0.9291371922114335,0.9368484497436322,0.9361228415496124,0.930557914478892,0.9306664994423351,0.9341149430989136,0.9286436156546635,0.9301659187508978,0.9381728439184672,0.930553151189749,0.9279176046060525,0.9348555770509758,0.9340235831192818,0.934617493137873,0.9294333890571225,0.934118224844372,0.9353428009576666,0.9295696499482717,0.9307586665742581,0.936241835620676,0.9291476419157296,0.9332609744608011,0.9348033874990994,0.9282531061720163,0.9340377968212779,0.9322509577168497,0.9321194487385438,0.9335618863738555,0.9314447616536028,0.9329705610231438,0.9296115845136361,0.9323170652395565,0.933179829402377,0.9338885017265258,0.9323508895916305,0.002386782045290411,70
768.1559481024742,448.9740595837084,1.2623294067382813,1.8244035988011216,0.058894059575253024,7,0.4099061789374698,2,4168,0.675271908931688,"{'learning_rate': 0.058894059575253024, 'max_depth': 7, 'max_features': 0.4099061789374698, 'min_samples_split': 2, 'n_estimators': 4168, 'subsample': 0.675271908931688}",0.9409148714852751,0.9380146164640335,0.9360200609793838,0.9341335797056574,0.9340350850812823,0.9355473277788111,0.9372168857503319,0.9392388430818699,0.9381788680102245,0.9340255124057717,0.936201366789754,0.9374107043781312,0.9387397915400574,0.9368544993066071,0.9354624001040932,0.9357751826137675,0.9329084376949257,0.9388902897613931,0.9372665297034743,0.9368759105013917,0.9354002191482816,0.9360573965067298,0.9384540998184769,0.9370364852493951,0.9381870662519578,0.9349995431491301,0.9391929017935735,0.9365853535724519,0.9358265835138677,0.9372485282312346,0.9353605550619645,0.9409411974233538,0.9372255126477352,0.9399149784383632,0.9327378419539887,0.9359361065033734,0.9384846782427607,0.9376479046685059,0.9367092788918588,0.9357594342513134,0.9376352507821333,0.9394015968375382,0.9333455720670178,0.9345954893714201,0.9362010524686573,0.9382326172129914,0.9357560912449623,0.9358768881558428,0.9366556720896461,0.9386408685185504,0.9342779607468471,0.9351128291023224,0.9365833906280607,0.9383028092752947,0.9379212779000847,0.939976847982631,0.9367661553803133,0.9388160250395535,0.9328463549094325,0.9383965191370137,0.938370496584697,0.9359969870553209,0.941414504666607,0.9362882052158216,0.933490278720508,0.9349165434828535,0.9338259347266693,0.9395552306897588,0.9389203967227171,0.9357465142356894,0.9356071692539616,0.9375123566458439,0.9333369133856502,0.9356683950030339,0.9420168024943656,0.9347785592348107,0.9331284917111237,0.939914503914986,0.9389808680496465,0.9386064755651502,0.9354082928012124,0.9373234331086554,0.939718402424699,0.9326443851237696,0.9346853517412033,0.9398074993366458,0.9328199428187218,0.9377476759580937,0.939585052903999,0.9322631645918993,0.9389766964740648,0.9366454087701158,0.9374891450073422,0.9394780950978106,0.9339463211565205,0.936377699316655,0.9345923763251369,0.9372823581066577,0.9382408620397122,0.9380159933915705,0.9367988148115856,0.0021875853851578107,11
1790.8383266711235,768.2473275351664,1.5570157051086426,2.196825637469708,0.013154903428519675,9,0.7035132276732117,2,4168,0.9410460479419269,"{'learning_rate': 0.013154903428519675, 'max_depth': 9, 'max_features': 0.7035132276732117, 'min_samples_split': 2, 'n_estimators': 4168, 'subsample': 0.9410460479419269}",0.9391999496688082,0.9369808184282076,0.9356900214410864,0.932980196584308,0.9332624855561792,0.9343047939031137,0.9368781661942945,0.938536701419701,0.9371242896470645,0.933548456744173,0.9363037100905873,0.9361566701936938,0.9372318116321854,0.934413803836956,0.935180956752059,0.9358222331708146,0.9310211837184801,0.9373485390714555,0.9330904787793014,0.9352008688986277,0.9353275968279061,0.9331678895856983,0.9370390111656001,0.935510856457015,0.9369215726860644,0.9326868610055845,0.9389073167084351,0.9352726305807288,0.9341441893819166,0.9369827176602221,0.9352494095675755,0.9391520818971503,0.937567074903433,0.9371966386076154,0.9303528898340866,0.9353154962666915,0.9378818054043556,0.9359515781287466,0.9350703557630488,0.9340669276087037,0.9357888595926054,0.9383227399175811,0.9330650002423618,0.9346461055680653,0.9352245351746548,0.9366218374334788,0.933953505000446,0.9350171719207018,0.9339418049091761,0.9372508522646097,0.9321107445120052,0.9348634548208506,0.9363036108903995,0.9374225230409935,0.9362067409815902,0.9376341714689831,0.9363842191288352,0.9367164350991962,0.932669683804607,0.9363169032930472,0.93736714075936,0.9340765974780303,0.9391780868566919,0.935764792209567,0.9325734755653885,0.9330017806398513,0.9320629141553007,0.9397483835906276,0.937850128754447,0.9343804583790492,0.9346158678372678,0.9386659254772785,0.932745753645253,0.9341997191382632,0.9393415815596211,0.934249327736889,0.9325362178168479,0.937925194105757,0.9362483141688624,0.9373117179776079,0.9330963987828329,0.9374847007982955,0.9386649362047629,0.9322628057467333,0.9328998018743404,0.9392405344815166,0.932622127319596,0.9353029720403925,0.938623099664102,0.9319368539441006,0.9372163814532868,0.9355806590033664,0.936197556524215,0.9379036451489119,0.9334343543817528,0.9363257238222611,0.9319201191444958,0.934324744134888,0.9364543190691613,0.9370127680805,0.9355684981430733,0.0021551170371165783,29
1018.6827510786056,465.75774142957613,2.053745834827423,2.698853748521229,0.058787488174591576,9,0.4287208298911828,2,4168,0.8147337384172095,"{'learning_rate': 0.058787488174591576, 'max_depth': 9, 'max_features': 0.4287208298911828, 'min_samples_split': 2, 'n_estimators': 4168, 'subsample': 0.8147337384172095}",0.939763598617168,0.9377725139655818,0.9365299500713475,0.9332939215334124,0.9350422104695368,0.9351787494266506,0.9364398014520879,0.9404773232014135,0.9385246559171669,0.934374443579102,0.937347255125663,0.9363877687692066,0.9384763274677815,0.9367521049650054,0.9351376152385654,0.9365819694101004,0.9318862024191372,0.937825208194604,0.9342039450868289,0.9369118987494218,0.9360558237057269,0.934202221034297,0.9384522118716098,0.9369501900157604,0.9373610323382627,0.9333725558070232,0.9388788148990892,0.9370514558698722,0.9350202027378385,0.9375234347467718,0.9350708198554892,0.9411796294114407,0.938406225325283,0.9384899428182483,0.9315496629612752,0.9359826958537216,0.9383133089162724,0.9390820521795151,0.935813813269531,0.9347276059688386,0.9374520240866822,0.9395352379615272,0.9338736930998826,0.9358697822778123,0.9361839596824655,0.9369915641558026,0.9352191378427329,0.9358356954269815,0.93646100067971,0.9382156598581523,0.9327311205069377,0.9357977518999155,0.9365621556836656,0.9369239417164218,0.9380018027898666,0.9399767377799811,0.9365908199746457,0.9361759049783314,0.9342769673452488,0.937550086607948,0.9393728209599223,0.9363154130874418,0.9402091053448042,0.9354514473016013,0.9340024605651999,0.9344588100004717,0.9340268161121331,0.9393721239773275,0.9379815513233453,0.9355784834350055,0.9356046708670678,0.9387253785937801,0.9341618515226247,0.9350952937094565,0.9404169729463107,0.9359116431544375,0.9340439467716373,0.939306651569769,0.9380382568986747,0.9390864424461268,0.9350894238220526,0.938321196802046,0.9392776341230848,0.9335218208851445,0.9353365129259791,0.9401151094720311,0.9326614050912857,0.9369224629921089,0.9390452175612599,0.9319153495677864,0.9391919998924521,0.9366756971545959,0.9364447560214069,0.9399814613985976,0.9353268489364958,0.9368597709527258,0.9337325452768022,0.936492656880339,0.9375346695835313,0.9389111671037078,0.9366313405463091,0.0021410697006495148,15
840.2192697381973,439.9265670916359,2.3867060112953187,3.0800513627857455,0.0074256256636144845,9,0.4770112689529312,2,4168,0.6106544380455997,"{'learning_rate': 0.0074256256636144845, 'max_depth': 9, 'max_features': 0.4770112689529312, 'min_samples_split': 2, 'n_estimators': 4168, 'subsample': 0.6106544380455997}",0.9395432983247496,0.9365292802934475,0.9356998988977314,0.9332517095472943,0.9330717027067088,0.9343718186417784,0.9371206689680531,0.9389142783254284,0.9372335523998842,0.9339082349081479,0.9364916734876684,0.9366626101978409,0.937449568288719,0.9356396164408912,0.9348143564875367,0.9360888494481682,0.9326384918807132,0.9384927203150214,0.93391087172327,0.9362518654970595,0.9348672287791664,0.9333231325826958,0.9379225419530632,0.9358900849719035,0.9368525210350839,0.9328827999884223,0.9385731514711549,0.935924697507713,0.9347029422528742,0.9372133085520649,0.9353935221866423,0.9395519139658263,0.9368775514051922,0.9369532784889619,0.9302675118080203,0.9356252755882694,0.9375654418049464,0.9368449392650064,0.9354796355406386,0.9336551931452876,0.9364061818878229,0.9387844111942378,0.933140494088883,0.9348546398351651,0.9354951539826476,0.9372758164495139,0.9346940158030563,0.934925083050457,0.935193104101488,0.9374196073295805,0.933322189930476,0.9349665286461158,0.9355860718791065,0.937814466208664,0.9366466648446342,0.9390503731203412,0.9361386880416169,0.9368088916701226,0.9329218854399993,0.9366003580457728,0.9381265859978022,0.9348890625281525,0.939923625392852,0.9348023505456845,0.9327771704155081,0.9336165999548678,0.9321680597330203,0.9398837281250669,0.9385398651138144,0.9349045861206249,0.9342100361635097,0.937829604304411,0.9327967396431924,0.9341356280776293,0.9402266827561094,0.9350320500147051,0.9312482503019754,0.9381639380415042,0.936910754352702,0.9377174229660943,0.9341829859276828,0.9373354757631829,0.9394678626554048,0.933001902113083,0.934041111117879,0.9396962210009332,0.9326539206086057,0.9361998778488922,0.938854531920079,0.9324300913075744,0.9381558812782116,0.9357506376671675,0.936517137715158,0.9381211038511247,0.9341093410299469,0.9367723393169853,0.9330509345880855,0.9349078851825666,0.9366206471845454,0.9371654608573045,0.9358943445410638,0.0021574096998143604,23
992.2653423428535,392.9459268548047,2.2214228200912474,2.7058304967922004,0.003542301979862929,10,0.519294212142261,2,4168,0.8664566840767005,"{'learning_rate': 0.003542301979862929, 'max_depth': 10, 'max_features': 0.519294212142261, 'min_samples_split': 2, 'n_estimators': 4168, 'subsample': 0.8664566840767005}",0.9354421897548055,0.9327898707458608,0.9321615738919641,0.9292421418669942,0.9292660257987438,0.9303543607444352,0.932523971047656,0.9352097152760751,0.9335593289250761,0.9296342221130878,0.9328865157401175,0.9324441271153631,0.9331280872002483,0.9308308535996053,0.9310031772804471,0.9326013966831099,0.9278824204138507,0.9334657624039208,0.9292071010904789,0.9319544421828827,0.9310560289394902,0.9288646555354978,0.9340801829002754,0.9317031556805841,0.9324588419278882,0.9280914288023352,0.9343335119241107,0.9312844915189645,0.9300666113024736,0.9338199775830283,0.9314543110558804,0.9356242231948803,0.9333448698943444,0.9325847945043821,0.9267056068547889,0.9314710972043491,0.9337183130730178,0.9329508453689788,0.9313476402490356,0.9296314057793651,0.9317014068649194,0.9352108487849404,0.9296481967830298,0.9312380918523063,0.9310984763301495,0.9322786695334417,0.9304593350263564,0.9308019407402176,0.9311823877074443,0.9332692678081902,0.9289562576783341,0.9315840122942679,0.9314949724238715,0.9336430386946779,0.9326200277054245,0.9345933180646888,0.9326350873543985,0.9325266889764622,0.9288185281478373,0.9323175406582023,0.9335393859846421,0.9312276448497689,0.9353300783603974,0.930640517883787,0.9293749097277025,0.9290314928609366,0.9277729739728923,0.9363652100767704,0.934302255888052,0.9311785838934904,0.9305459666665377,0.9344229803945328,0.927771548885931,0.9302136701749185,0.9363133198657891,0.930122734436962,0.9275635976386755,0.9345539029956635,0.9326375896590618,0.9339753614315927,0.9302596052440808,0.9336357838482309,0.9348367650818921,0.9289507902468962,0.9289826156491684,0.9359242266500082,0.9278393116769854,0.931501327381698,0.9347240111191004,0.9277597611796475,0.9332955492184428,0.932153245020991,0.9324445599734222,0.9339668590633512,0.9297323670488395,0.9325088333804173,0.9287943354268157,0.929704285677594,0.9325833195663451,0.9329184689511869,0.9317565711765077,0.0022378063677830854,90
308.59570945501326,137.8227378326061,0.8485146808624268,0.8401324500840033,0.2734032352073796,10,0.34288512029063584,2,4168,0.8022354374607745,"{'learning_rate': 0.2734032352073796, 'max_depth': 10, 'max_features': 0.34288512029063584, 'min_samples_split': 2, 'n_estimators': 4168, 'subsample': 0.8022354374607745}",0.9220988460728718,0.9191814951214872,0.9179918700059009,0.9154205165789537,0.9155511640210895,0.9187094326208423,0.9171726226494377,0.9213656764536752,0.9217582304681393,0.9133404861493462,0.9197900738485588,0.9184171520471585,0.9171698805977655,0.9200229696216904,0.9158693214630398,0.917149226055735,0.9133494254021128,0.920914182367868,0.9133061623433512,0.9182707901208184,0.917713957707448,0.9158720557796116,0.9200423328111293,0.9175389690135278,0.9208176601587492,0.9150856970376847,0.9171033167044084,0.9191005696926428,0.9154374938934046,0.9196529698087422,0.9167872135269527,0.9217727757847126,0.9207446121857538,0.9185948287247333,0.912610703436963,0.9163594719877902,0.923191024841054,0.91789918542598,0.9186271579972313,0.9152313941987134,0.9185416704465953,0.9207847306271084,0.9132610843693646,0.9175702114695385,0.9162295927684148,0.9142402144170637,0.9156808340637408,0.9136997142680867,0.9161786707547116,0.9189593728227659,0.9154760556423818,0.9169619834821859,0.918239883890768,0.9166497316923454,0.9173830041403284,0.9191080459752841,0.9162746207699832,0.9208125022554958,0.9143451616128375,0.9194227134169154,0.9222909543661122,0.9181105358626463,0.9226932755392394,0.9154182037496202,0.9137359294255848,0.9132939034959271,0.9159295782289729,0.9222140837199687,0.9201583376489909,0.916639463965406,0.9162668269342004,0.9201546123083253,0.9145907841287284,0.918593279659518,0.9214384746322056,0.9179490752347732,0.914825912461151,0.9175147704717511,0.9210392997386405,0.9220925488926941,0.9184086415052185,0.9188344598547933,0.9220941562097976,0.9133013142225761,0.9149096594930823,0.9229418419984161,0.9135739684695223,0.9186013506389837,0.9189723937638419,0.9162910630042971,0.9189869602825479,0.9199462660459408,0.9165536324844435,0.9216656014822532,0.9181879221681699,0.9179139921116741,0.9112074996623031,0.9184581977589066,0.9215841405460086,0.9204748254402746,0.9178471045122049,0.00273816853837258,173
689.7745314097405,265.71422370671235,0.6492183828353881,0.644691528084721,0.06549741060235847,5,0.9023229491727829,2,4168,0.7385529462805007,"{'learning_rate': 0.06549741060235847, 'max_depth': 5, 'max_features': 0.9023229491727829, 'min_samples_split': 2, 'n_estimators': 4168, 'subsample': 0.7385529462805007}",0.936225034033749,0.9330814691122932,0.9314477362619256,0.9294030378510347,0.9276521169169593,0.9320284016877957,0.9331627724529652,0.9347322486390574,0.931811873477742,0.9295771159353733,0.9322938572526324,0.9305763844410341,0.9335843045889815,0.9328747003548851,0.930938054417606,0.9322343289004571,0.928195887057339,0.9358907490334882,0.9301349913464766,0.9313272377603221,0.9305586969150454,0.9322069640954738,0.9344445057653459,0.9304344091604225,0.9339961178340732,0.9293852717705017,0.9349177946364498,0.931212706441666,0.930378687083271,0.9325101958433809,0.9299231534635936,0.937696818077195,0.9326893390849256,0.9341801185398331,0.9277108281342383,0.9306676303433201,0.9339305279996111,0.9322398829409277,0.9330719856538889,0.9299581029221963,0.9337445883168689,0.9354298421618471,0.9278716950722248,0.9286348760672437,0.9322074318359809,0.9336227663097737,0.9311464040414622,0.9300010821202594,0.9321083353202387,0.9341826233333989,0.930839279683174,0.9304674072200623,0.9314319385566615,0.9357793307937466,0.9330630212992495,0.935682719664947,0.9324608189192637,0.9340772289414517,0.9273391038083539,0.9328274899385155,0.9343804435543538,0.9312194149941083,0.9367193658512661,0.9301417888298246,0.9285984058961435,0.9309837297449169,0.9277890180144843,0.9361456677688553,0.9354605099884693,0.9311348386627432,0.9316073559667215,0.9331944971584304,0.9293894676438887,0.9292243586456551,0.9371989326566518,0.9300704060073801,0.9301459907448149,0.9344415655644256,0.9340853448394599,0.9332922298040154,0.9292840562854552,0.9335413001786971,0.9346236516228208,0.9266597834650656,0.9310679242896827,0.9340756409592087,0.9290044231901032,0.9319316947468665,0.9340315183888579,0.9281534606798607,0.9331367633835224,0.9313509156247493,0.9317228865484953,0.9332780823165007,0.9302026337960538,0.9330509792524283,0.9288486596969503,0.9314234147293607,0.9326641409671804,0.9339361119061725,0.9319941539599685,0.0023973052203645276,82
313.66325575590133,165.09942453587442,0.6350725507736206,0.6403438952694793,0.3147454283856185,12,0.5971235036366592,2,4168,0.5532549058138174,"{'learning_rate': 0.3147454283856185, 'max_depth': 12, 'max_features': 0.5971235036366592, 'min_samples_split': 2, 'n_estimators': 4168, 'subsample': 0.5532549058138174}",0.9000608509311373,0.8990136091884675,0.8940132147298588,0.8956371664872587,0.8893197262952899,0.9005346504931688,0.8996591351612243,0.8992276898858771,0.9010449049371355,0.8998650105244266,0.9028072752999681,0.8937015562691998,0.9038888884249233,0.8976323326259281,0.8907270956626002,0.898988891793922,0.8947580242263939,0.8983496700812145,0.895940479996131,0.8990191940435153,0.8954522831066525,0.893553884757361,0.9015541898283824,0.8990205024806057,0.8995273795629593,0.895498623637471,0.9041331290990883,0.9000178899856479,0.8961419268272046,0.9026055371919484,0.8994535690217961,0.8977673422743645,0.9024858103003073,0.900717666576348,0.897117473420984,0.8964983413550769,0.9016533869741639,0.8964335844249864,0.8963927470845688,0.8949591718524793,0.9006502181365801,0.9030408351567047,0.8942031040721868,0.8949223429798188,0.8994871703724152,0.90213158363384,0.8925970133758243,0.8994009528350176,0.8978640589042036,0.8997289949103365,0.897072332573198,0.9006680976963808,0.8971918702105209,0.8998911165579085,0.8979830578632233,0.8981158226378957,0.8991578334992792,0.9024620142084229,0.896046202814814,0.8991510099374334,0.9038933031867076,0.8944109797398303,0.9062126185621839,0.9002375360789903,0.8942303408407624,0.8926536887477707,0.893271589424234,0.9017644227446721,0.9006141401260785,0.9020819373061946,0.8949753942462366,0.9062726937960832,0.8969332189103097,0.8973496741753771,0.9030561580589332,0.8958885338059683,0.8910809844959384,0.902078553534771,0.900747301123649,0.8996922943051389,0.8978625804171791,0.8984177195780138,0.9063559491735156,0.8947453096640269,0.9002201638085277,0.9057755372512615,0.8930956643161279,0.8998088287448787,0.8993011224521718,0.8966315021198655,0.900258940157885,0.9015672972107591,0.8998728654460136,0.9044067567274376,0.8936899013174546,0.9006722804603862,0.8906369638751399,0.8975375557887509,0.8982767760122179,0.900195657388837,0.8985371417431631,0.003602425478382543,200
1158.6590152549743,346.72809481384087,2.1684393382072447,2.037224464362154,0.01970268772826537,12,0.6143991414158105,2,4168,0.8294170684987832,"{'learning_rate': 0.01970268772826537, 'max_depth': 12, 'max_features': 0.6143991414158105, 'min_samples_split': 2, 'n_estimators': 4168, 'subsample': 0.8294170684987832}",0.935334416593221,0.9318314256379376,0.9325977027864422,0.9295885572872692,0.9294832931418859,0.9301893544174454,0.9319494661047752,0.9353323025949973,0.932826438415882,0.929658436002299,0.9339001713327408,0.9334532183362372,0.9335409446156566,0.9304394270003631,0.9314503074379741,0.9331879626447044,0.9269388110030203,0.9322673428199887,0.9290436766323048,0.9316503470497539,0.9312381564885542,0.9284213282829659,0.9338306341205815,0.9318679578364425,0.9321817808177133,0.9289365916326461,0.9345551813025258,0.9317517396211663,0.9288853388364164,0.9331329509469987,0.9313491349130255,0.9363193224148398,0.9329763343842836,0.9336341981040959,0.9264548014095461,0.931366499885294,0.9340935089275147,0.9332952818868021,0.9313770082265732,0.9288669530554384,0.9311233486002609,0.9345980438432676,0.9293419444269662,0.9302865953065405,0.9312138614776837,0.9322178212361371,0.9312654213043792,0.9302889386159808,0.9310360764350065,0.9340519668358529,0.9287838160076537,0.9320493741297625,0.9320605749473188,0.9331160669673655,0.9331979370924366,0.9339345378738267,0.9330024633834019,0.9327998127670121,0.9297144140226572,0.9322011648081592,0.9348683519736924,0.9310562630413279,0.9346030417025155,0.9316819400985349,0.9298674455993853,0.9282235198223996,0.927877808971393,0.9360570265318494,0.9334518593805378,0.9313054840446174,0.930265248120896,0.9343758002004728,0.9285272190115852,0.9297461265258581,0.9368318492997528,0.9309048961582225,0.9283613597742493,0.93450146738987,0.9319337506496825,0.933664782507218,0.931310366184304,0.9331279035879291,0.9352274412282647,0.9288579920794438,0.9279577659487404,0.9361109393358322,0.9279173983641117,0.9319993729816174,0.9349273680319232,0.9282398770124392,0.9332422104985518,0.932025058030129,0.9323413285687795,0.9345426422642332,0.9289962224185101,0.9321653530932266,0.928774483945947,0.9285012991023741,0.9319916181959738,0.9334537324428344,0.9317529809914922,0.0023006168953307376,91
879.9078024220466,314.24584857829836,1.0015151762962342,0.9995103626370321,0.19115907462495102,8,0.7373263013539815,2,4168,0.7790064005873156,"{'learning_rate': 0.19115907462495102, 'max_depth': 8, 'max_features': 0.7373263013539815, 'min_samples_split': 2, 'n_estimators': 4168, 'subsample': 0.7790064005873156}",0.9314163499233509,0.929440258561067,0.9258148715256295,0.9254836972619683,0.9266543712547901,0.9270984965203898,0.9277348684690994,0.9287594880098627,0.9292288337997494,0.9272562182795453,0.927950316161779,0.9280878485223403,0.9301134592927612,0.9271862246130231,0.924601190037595,0.9267907736210503,0.9239336640226566,0.9295597275096241,0.9275874072024022,0.9267666203749431,0.9265682353447228,0.9253380955651253,0.9305973783220483,0.9273137611359275,0.927116011508604,0.9248440451457676,0.9286926569408367,0.9262084346462097,0.9263401774171696,0.9301732594379003,0.9265965582153772,0.9317501460851799,0.9287698555205532,0.9275840107635435,0.9208533743975357,0.9267144816336559,0.9312876325709626,0.9261793636856428,0.925825494252138,0.9241047863242956,0.927030236261613,0.9308971443983369,0.9236658401710656,0.9265560684457457,0.926381398534857,0.9292548744933662,0.9254705721669081,0.9247507528053902,0.9266840451879517,0.9307022064708386,0.9256374340320735,0.9279260198411081,0.9288986714222072,0.9298268498769612,0.9286669173447265,0.9284192488662163,0.9283754796797461,0.9260754365730132,0.9255094935017908,0.9267495402111171,0.9296538962741724,0.9271825735315946,0.9291554490444625,0.9265149125303587,0.9224144966192495,0.9255184372324243,0.9236853384107897,0.9302687543971209,0.9303073865321781,0.9268228462569057,0.9260110302109904,0.9283152488006253,0.9248388969978647,0.9251442266896166,0.9297076062265552,0.927343827710149,0.9247030368413698,0.9301210719681943,0.9307518851160076,0.9280700159086591,0.9254826505488303,0.928546544333962,0.9324006461210803,0.9226869196122605,0.9273095005208425,0.931597011942438,0.9233485174144455,0.9278623678280945,0.931132553832708,0.9248802841552853,0.9281163109679211,0.9256980077114567,0.9292093796905984,0.9300230693294641,0.9249795534883112,0.9283343246124545,0.9229482470307226,0.9268818051495353,0.9296170128319658,0.9305527249097358,0.9273993904349325,0.0023349736810177398,141
351.6599423956871,149.79822470215427,0.8851518750190734,0.888271191963051,0.007905759575680264,6,0.38328835821838003,2,4168,0.6596977658090665,"{'learning_rate': 0.007905759575680264, 'max_depth': 6, 'max_features': 0.38328835821838003, 'min_samples_split': 2, 'n_estimators': 4168, 'subsample': 0.6596977658090665}",0.9295504880816889,0.9255671464549915,0.924285341187577,0.9224369672361578,0.9203348786622931,0.9217398715686196,0.9266034199124568,0.9287644771763637,0.9257600714877406,0.9219212137128521,0.9249179624819972,0.9248629296078537,0.9263992370788083,0.9251319132529989,0.9228124214193324,0.9254035550577919,0.9212771080642925,0.9280480441397116,0.9222837746180377,0.9255177453226702,0.9234092773354187,0.9230489068090544,0.9268749130515415,0.9239918668696185,0.9265015887320602,0.9210805715456126,0.9287154630154996,0.9244726945908277,0.9232130243213764,0.9264261472338636,0.9224313016721605,0.9303383033618263,0.9265074820613933,0.9259848909240136,0.9193114838034648,0.9239610873154236,0.9272736547910264,0.925827979117292,0.924315087640067,0.9227535643067452,0.9253193179422748,0.9282832292028047,0.9207665803253388,0.9244366140798506,0.9250577942991036,0.9269301213861478,0.9236185071629982,0.9231692951769461,0.9244824448396048,0.9259907967070512,0.923233739333189,0.9233694450985945,0.9229301629080012,0.9276679843666169,0.9260983052884499,0.9285032302901315,0.9253638786553229,0.9253391047642109,0.9207706859657463,0.9254825263586761,0.9250049920198444,0.9243462320771691,0.9290811810832361,0.9238342983403929,0.9211317336375706,0.9225191423081323,0.920438882677983,0.9294661643650413,0.9285754741466461,0.9228940261784206,0.9239355031694666,0.9267866552145042,0.9206117123943093,0.9225641073306342,0.9296339727081778,0.9232145988517283,0.920728619284027,0.9271818250562706,0.9261053504646555,0.9270245462061231,0.9219154072029093,0.9272990883088115,0.9286041876374611,0.9215414848979137,0.9224915811038286,0.9295669562663088,0.9203633050627971,0.9254806902811108,0.9279509287642476,0.9201626500791427,0.9258657884141555,0.9244070833816158,0.9249426063026875,0.9263427155702854,0.9239804488188811,0.9249842801352407,0.9219192492089262,0.9241341629642527,0.9259854069804815,0.9258540546203544,0.9247574271268933,0.0025595892809164764,149
453.64542108535767,143.7916400879896,1.1349534678459168,1.1416257837644592,0.002099302779853093,7,0.41157455805695187,2,4168,0.8408431353009675,"{'learning_rate': 0.002099302779853093, 'max_depth': 7, 'max_features': 0.41157455805695187, 'min_samples_split': 2, 'n_estimators': 4168, 'subsample': 0.8408431353009675}",0.9180139264009424,0.9145383274625171,0.9128452566126893,0.9111658276031578,0.9074759246198173,0.9096711852104847,0.9154002322342847,0.9177905162228295,0.9143040903330876,0.9089649958231507,0.9135297292620639,0.9142154648341138,0.914474030115002,0.9137241257900875,0.9095325974987518,0.913937893875049,0.9099275162827747,0.9150697869469292,0.9103732224659729,0.9141509860048624,0.9112021226296391,0.9109525470178029,0.9151815211566938,0.9134084481347619,0.9144590429236975,0.9073354251560971,0.9178441278784272,0.9124411555799992,0.9111798502472356,0.9152711000924655,0.9109287977036842,0.9192467010792752,0.915743896475274,0.9137447215168595,0.9065402139950567,0.9129867504913204,0.9159780794865664,0.9143991246709507,0.9114981433922693,0.9111970664181606,0.9134764985291868,0.9168413117057309,0.9088409009183133,0.913325916109272,0.9130579498094368,0.9145198742665688,0.912474330055649,0.9111182832134292,0.9126110928016261,0.9136486918661056,0.9112582580836767,0.9117562082434677,0.9111797342577761,0.9155583124577058,0.9144050159239758,0.916135794196838,0.9145854217555568,0.9136186463760999,0.9079443471841832,0.9130517003922987,0.9123057088672936,0.9135215898909593,0.9181254502586357,0.9120766832202555,0.9093099532081895,0.9107090242782203,0.9085528484291072,0.918372830862815,0.9155941835893192,0.9122365241279171,0.9118528993434648,0.9163566039736196,0.90833637055386,0.910411773825068,0.91717772560828,0.9109012551917477,0.9083462281925256,0.9164094045236928,0.9143796905348586,0.9153414377009639,0.9102259727547761,0.9166015954501243,0.9165510178284924,0.9099683664846467,0.9104732327756144,0.9188566521651242,0.907874889428233,0.9129098915831655,0.9159755952491614,0.9084220045379708,0.9135901687085776,0.9131478847042613,0.9131934099643009,0.9151363152302141,0.9116705170085129,0.9144268975743804,0.9088549209080554,0.9115581203352698,0.9143275149977224,0.9145324916350834,0.9129866840529618,0.002860382620604184,189
726.5738779091835,210.08896981214886,1.1410765624046326,1.1493992760264033,0.008952858170585108,8,0.5661338573527634,2,4168,0.773315271193567,"{'learning_rate': 0.008952858170585108, 'max_depth': 8, 'max_features': 0.5661338573527634, 'min_samples_split': 2, 'n_estimators': 4168, 'subsample': 0.773315271193567}",0.9384669553992933,0.9357997665405546,0.9349145824024497,0.9321141427608477,0.932128479059091,0.9327419860685182,0.9358474704641355,0.9377660425984847,0.9365659610055008,0.932266893161548,0.9346507398054827,0.9353467501177444,0.936099353886579,0.9346607807668321,0.9335517418664582,0.9350167410655477,0.9313786522323411,0.9370935628844397,0.9325890095554723,0.9344559139154961,0.9341865865501369,0.9325213031369042,0.9369920593060197,0.9348218355978979,0.935215792082094,0.931783439229119,0.9370767335127471,0.9343846526055524,0.9333092635835993,0.9360687900270511,0.93354203057759,0.9387669182222312,0.9369043913160293,0.935933900324591,0.9296314004558173,0.9345748934354868,0.9369091909477517,0.9354969271932283,0.9347373919639309,0.933420004075199,0.9352701844854407,0.9376891545024506,0.9317856437307241,0.933628666259,0.9344843198862485,0.9363902508414708,0.9338936280737549,0.9338241036558395,0.9333761561053442,0.9363529276213677,0.9318565252603973,0.9339095485103618,0.9345262531738622,0.9366660446861954,0.9357877135110423,0.9373212372653417,0.9352289122102734,0.9355047230790186,0.9316735499412122,0.9353296168288815,0.9367987189212619,0.9340043729044412,0.9391245351783947,0.9345196088495561,0.9317535954597238,0.9326583121732304,0.9309983147520196,0.9386791675267079,0.9373680037735804,0.9334398776899777,0.93374594617667,0.9370140589338173,0.9318805313763194,0.9330483519026891,0.9395376587487212,0.9336440502583927,0.9307619832060833,0.9371068101045642,0.9359508761099242,0.9366455305676978,0.932955946051814,0.9361780897983856,0.9381245189131404,0.9315711157767276,0.9334778875193711,0.9384710360336772,0.9312616262930455,0.9345773975738317,0.9375743688343243,0.9308086192375562,0.9359646029885575,0.9346867418095017,0.9351630424629193,0.9367924999391815,0.932988991412847,0.9352972590422931,0.9317934162995398,0.9335772054825873,0.9357014887623147,0.9355766857644915,0.9347545503393792,0.0021550293183581802,41
1189.804766216278,279.94132663990183,2.8296218085289,2.722768483111625,0.004699090486003942,13,0.7288114078786097,2,4168,0.6565132929283641,"{'learning_rate': 0.004699090486003942, 'max_depth': 13, 'max_features': 0.7288114078786097, 'min_samples_split': 2, 'n_estimators': 4168, 'subsample': 0.6565132929283641}",0.9323287556359751,0.9298091958153526,0.9293597943479062,0.9262246068116662,0.9274234501400884,0.9282247999533793,0.9301091572451086,0.9321523367223763,0.9311486622208252,0.9268892139134677,0.9310674830104195,0.9306972785616566,0.9303130440587394,0.9270011442940417,0.9278618814731621,0.9300504419859094,0.924621048863032,0.9306836107083714,0.92661960954799,0.928952664486095,0.9282242841404751,0.9256578612078952,0.9307652731616143,0.9292228645536108,0.9300292858577547,0.9252422033414952,0.9306436490349773,0.9294869010852781,0.9266878808941207,0.9313259219950597,0.9296460828357521,0.9329692787309717,0.9308427565658763,0.9311523355982141,0.9230774398492952,0.9290708254690141,0.9320922403944302,0.9311516338265561,0.9286350814900781,0.9265102852732268,0.9288818043719633,0.932412783560808,0.9264138528181678,0.927230148203342,0.9285107897438951,0.930218836046126,0.9285090191305478,0.9277959751157602,0.9286555021550456,0.9302332258496325,0.9256980121214459,0.9293322574336411,0.9289612549536297,0.9309145421108526,0.9307232392993907,0.9310577338614358,0.9306004658799488,0.9304781031861546,0.9266912852804743,0.9294258461093464,0.9322394455220997,0.9283346027983486,0.9327085551526952,0.9283051744526268,0.9269145179723495,0.9262082361419431,0.9248593394642652,0.9335279856114471,0.9314196026334383,0.9278951082174666,0.9278957504339156,0.9321832138861332,0.9250239234480476,0.9273683185823773,0.9329496108974851,0.9285525033998461,0.9249846665428816,0.932301546966189,0.9292633390924653,0.9300544701203026,0.9279024402239863,0.9308077563861434,0.9327863877928604,0.926103804684473,0.9255033416160658,0.933341932035189,0.925147513273862,0.9289657538248055,0.9325227077357996,0.9265269294280357,0.9299958849297785,0.9295056318972691,0.9303514200841078,0.9309856396028454,0.9262336756289609,0.9310086796119377,0.925645733336799,0.9257571874891114,0.929623573489154,0.9297986122189165,0.9290822145895927,0.0023589740055563646,127
446.68208093881606,186.75635368185223,0.6320760369300842,0.6497103902871294,0.09007975215349343,5,0.47952557638509563,2,4168,0.7829529791145666,"{'learning_rate': 0.09007975215349343, 'max_depth': 5, 'max_features': 0.47952557638509563, 'min_samples_split': 2, 'n_estimators': 4168, 'subsample': 0.7829529791145666}",0.9373752403151696,0.9316121842768936,0.9312021509037604,0.9314955595083312,0.9292153120856024,0.9308935575312565,0.9339899052733149,0.9354583978752112,0.9317923917339656,0.9305962947872463,0.9334182960512727,0.9311303290970461,0.9349785297081155,0.9329509393268725,0.9321065773867764,0.9308834916634947,0.9289849334294267,0.9359918380612372,0.9308106245063991,0.9343446199189607,0.9323117728805412,0.9317039096515451,0.9351784517664706,0.9323455795250216,0.9348509177878787,0.9303074625965613,0.9357509006543734,0.9318031490711809,0.9301646171381959,0.932692448470742,0.9315150672808452,0.9376681318189023,0.9348116211160789,0.9343265211510247,0.926713528193375,0.9312194893022552,0.9338208305457909,0.9330972936684814,0.9326556089823961,0.9306081641926066,0.9334256978959661,0.9362330600562667,0.9270093740830954,0.9306942080233774,0.9329900457179935,0.9342400316190359,0.9317551111662902,0.9312326645601684,0.932248001899852,0.9333570210918666,0.929792306352282,0.9313895194240618,0.9313642190464212,0.9350418614514149,0.9339980037063409,0.9362840939864594,0.9322794472906095,0.9327442934880985,0.9283673761630893,0.9336039538809506,0.9341774161078507,0.9317402898642506,0.9377519044561776,0.931898904393831,0.9287059699463356,0.9296399219645166,0.9287067179439732,0.9362813002041288,0.938059746564599,0.9315011893354891,0.932281019028167,0.9330338247537117,0.9286246893058483,0.9305459961982259,0.9371887567900752,0.9304992852539,0.9283636199484148,0.9347089581200597,0.9341550376993344,0.933674237106025,0.9301733835279948,0.9336723226246714,0.9347906692517097,0.9274522044730544,0.9312004190060832,0.9350090022427576,0.9275499979192766,0.9329905428427894,0.9345881219362333,0.9286751841102137,0.9345524497782466,0.9337846711616249,0.9326733492263766,0.9339472889157043,0.9326412310992741,0.9341388988037236,0.9290737492524646,0.9330251774760864,0.9326116898165002,0.9332727358671847,0.9324818880445516,0.002478478782009114,67
831.4054587316513,310.3418885331896,0.7922933197021484,0.7984137608161487,0.04291901388569427,7,0.7062131452903928,2,4168,0.9132119825742047,"{'learning_rate': 0.04291901388569427, 'max_depth': 7, 'max_features': 0.7062131452903928, 'min_samples_split': 2, 'n_estimators': 4168, 'subsample': 0.9132119825742047}",0.9402265785597245,0.9379428034081357,0.936213869535877,0.9338519335529928,0.9337014790775099,0.9356667326428543,0.9369769745612557,0.9387167098797657,0.9372011159963886,0.9339502754222592,0.9370335009907619,0.9366015602797688,0.9391187553069522,0.9362685915252591,0.9354199877824949,0.9363915675491242,0.9324263896519133,0.9392738949228792,0.9339196024482144,0.9362402674044062,0.9358258755177564,0.9345477240317022,0.9372646257771668,0.9356507277194664,0.9384032897122038,0.9344435731090326,0.9396036243785826,0.9361055009064893,0.9343006674529638,0.9378157231112819,0.9347293014479225,0.9397941925558495,0.938135361115339,0.9379226812119226,0.9307354080453459,0.9358541278886737,0.9380270176368539,0.9371627400343482,0.936273994383573,0.9345336643185138,0.9369886938071958,0.9393486523293865,0.9332146083382535,0.9343947284384496,0.936769626445266,0.9381298019397604,0.9348772515145323,0.9356610012768679,0.9363773302336751,0.9382006989606493,0.9340181386375527,0.9351395926943188,0.936468598240119,0.9378009399958415,0.9371860038011539,0.9385327296470336,0.9368972584465153,0.936857962035226,0.9332857696053405,0.9366577354226311,0.9384810735067048,0.9351860771820896,0.9408939007840601,0.9354245528843049,0.9329361977294339,0.9339552201244222,0.9338949263528764,0.9400598941597833,0.9391303579788102,0.935353504517034,0.9356113864632112,0.937976476952265,0.9343498690181196,0.9342946893430684,0.9416202604132387,0.9349057566156704,0.9330013022241969,0.9394675472694672,0.9385814762385922,0.9383104583719197,0.9343412804016221,0.9375849927721852,0.9386896150603952,0.9323631281586957,0.9347682981777302,0.9400564012751964,0.932702002913755,0.9373931848067274,0.9390671541877929,0.9318353417719393,0.9384180175730842,0.9361331004935486,0.936812933482215,0.9382733469383808,0.9345642526632649,0.937046130583036,0.9332625525460363,0.9368262609887933,0.9369425982494732,0.9372641945662912,0.9363885924840274,0.0021919682461975934,19
759.9669551706314,245.32422262476916,0.5942561936378479,0.6017637158123506,0.06770330433633677,5,0.8267634387057252,2,4168,0.8338849407061293,"{'learning_rate': 0.06770330433633677, 'max_depth': 5, 'max_features': 0.8267634387057252, 'min_samples_split': 2, 'n_estimators': 4168, 'subsample': 0.8338849407061293}",0.9354077497728589,0.931644253269537,0.9324470587694956,0.9302790569070607,0.9292375440388152,0.9304262636589158,0.9325238403881569,0.9327590178012857,0.9320409895080498,0.9292139187679687,0.9313090013947573,0.9315334607904616,0.933991652605431,0.933443865511731,0.9309253739125132,0.9313537460011765,0.9270902621742344,0.9348922315087169,0.9295068288527998,0.930515537175579,0.9313328373131414,0.930153463604636,0.9342602444618685,0.9305691592620289,0.9333758678628697,0.9295108243481927,0.9347466371974487,0.9319697884068883,0.9286544144625958,0.9336618132482406,0.9298911137736546,0.937075058399353,0.9329211990615138,0.9335119231968596,0.9254202883601865,0.93058392785645,0.9334081773087259,0.9328109699592041,0.9325631230853987,0.92996581018052,0.9320698353630703,0.9350067425839146,0.9275774633420593,0.9286939574020568,0.9322418303678285,0.9341680764510852,0.9304145539326807,0.9307047622832961,0.9314263666391092,0.9335944470239284,0.9303404027078641,0.9302907346029452,0.9300593030552825,0.9350251219773281,0.932705045077475,0.9354971897690258,0.9315310274547333,0.9327240542501901,0.9279952964059035,0.9324706649816348,0.9332687713289342,0.9307873522722657,0.9362402396756423,0.9310238995312801,0.9287227747466402,0.9298338713008278,0.9278098930181605,0.9353264871317857,0.9347930534139405,0.9306357306409427,0.9313290113618397,0.9322740747388264,0.9284564102145474,0.9298118754877875,0.9364631313004329,0.9294576061489265,0.9287548912741747,0.9342902361478189,0.9335221809954297,0.9331928999406524,0.9280545500011804,0.9329366360257805,0.9359053930118821,0.9278531714869495,0.929277868344473,0.9351745326754781,0.9271609331600722,0.9330155453971312,0.9339907813192677,0.9260256108168493,0.9322527179851052,0.9313648993146073,0.9317796223765223,0.9335428881827799,0.9310473813768154,0.932487326038862,0.9284320528170418,0.9304434465242554,0.932249663172482,0.9318115841537873,0.9316226616468292,0.0024163622985715633,94
832.2996667456626,225.7419844938622,2.599470367431641,2.5616378186769664,0.009333073735289197,13,0.4801316361555423,2,4168,0.6743591710936778,"{'learning_rate': 0.009333073735289197, 'max_depth': 13, 'max_features': 0.4801316361555423, 'min_samples_split': 2, 'n_estimators': 4168, 'subsample': 0.6743591710936778}",0.9361798825937859,0.9328554230107606,0.9330796599025206,0.928822548838237,0.9295563990865936,0.9314695936306076,0.9325223117469706,0.9352215420083597,0.9341762781023862,0.9301717732084512,0.9338277450393462,0.9335594398860039,0.9335669574483847,0.9309392258770878,0.9310788725614267,0.933838129984921,0.9277796340406346,0.933924100842072,0.930305179658365,0.931632861287446,0.9313939832892509,0.9281486071264913,0.934202422391196,0.9319644584706658,0.9331469685190984,0.9299001529835698,0.9347087969305519,0.9322700050905691,0.9305065550709815,0.9334022549208255,0.9331018709248994,0.9357608658124952,0.9339150482105256,0.9337188631853245,0.9267329840423342,0.932347297542401,0.9340494041640035,0.9340117219090217,0.9319575725661281,0.9300184667541846,0.9322555370240079,0.9360717831069527,0.9295375890075007,0.9311474519589548,0.9317810867309253,0.9329735098179257,0.9308860008019249,0.9316871088851313,0.9324726302503119,0.9338845803936646,0.9293464871134288,0.9326397287550644,0.932497814354119,0.9335396067494875,0.9335766479422075,0.9343900840826505,0.9329975906874661,0.9334384428372797,0.9305147963996447,0.9329998132170259,0.9353088348095127,0.930784694997518,0.9357919775536906,0.9308895080190542,0.9305378635739889,0.9294523732526413,0.9283990162746713,0.9363498974682318,0.9347553510604655,0.9312454811664933,0.9312259663576274,0.9347722595654602,0.9283946246988504,0.9306507267708609,0.936950133317186,0.9308411954970035,0.9283145892036846,0.9349660065335362,0.9327557905748989,0.9337536000821671,0.9315061062863571,0.9333533067153531,0.9350072307423286,0.9298725173704531,0.9288933926522773,0.9368310487783512,0.927867090237518,0.9325000755311691,0.9350513167174648,0.9279932156513857,0.9342878196256926,0.9329311856075557,0.9330568575610738,0.9343606954174537,0.9288391382525338,0.933176038069711,0.9293293600622482,0.9302005827556523,0.9325975073406814,0.9335648882466973,0.9322576341317405,0.002279821226127051,73
634.5823019647598,227.47725605203487,0.7243946623802185,0.7202663167663514,0.2967854276883806,5,0.7563727365752111,2,4168,0.752046969735728,"{'learning_rate': 0.2967854276883806, 'max_depth': 5, 'max_features': 0.7563727365752111, 'min_samples_split': 2, 'n_estimators': 4168, 'subsample': 0.752046969735728}",0.9245102722890566,0.9183858193896264,0.9204374771504532,0.9166611773240441,0.9144581195771193,0.9163758614083122,0.9177116259956394,0.9182833568020982,0.9200594786450262,0.9141738094086979,0.9199773416567256,0.9190594417489149,0.922222683000324,0.9187331257748684,0.9177870230374411,0.9182045893551635,0.9167229284638587,0.9207958381233808,0.9185095427438853,0.9169398142357517,0.9191571688208023,0.9143686326669667,0.9201138125553443,0.9160407748295665,0.9183651387970554,0.9168146099394349,0.920444783440416,0.9159834210932245,0.9154347146438581,0.9216497467852994,0.9185918386449881,0.9235797208038825,0.9204538960752063,0.9227724443873514,0.9151752097504036,0.9191231864249975,0.9200601741738361,0.9170669385434395,0.9205668217963903,0.9203950601211456,0.9208917452762352,0.9229350046852824,0.9123939773402481,0.9164376982443854,0.9192407736322206,0.9202886833052987,0.9155274809389361,0.915211265437307,0.921117226683824,0.9206063504780615,0.9143593711656292,0.919881177927151,0.9173097065329008,0.9210505977018896,0.9202184213724518,0.9222861432560292,0.9174975630106209,0.9203342044619107,0.9165893965676749,0.91860230237152,0.9227107193392586,0.9164022971492464,0.9238965668324419,0.9167868557185673,0.9170187200680723,0.9135220584558468,0.9160690516382944,0.9202759116139603,0.922208100852745,0.9151011616316863,0.919322306307309,0.9185392999997173,0.9152729735955135,0.9153860219240917,0.9241957108309512,0.9166844475853402,0.9152797896404001,0.9197063190909905,0.9200836482728554,0.9191751200321867,0.9156225143546571,0.9175808618663261,0.9237372524790253,0.9170540953414156,0.9160612402799482,0.9223489576717978,0.9151311506907039,0.9161880961455934,0.9237869302085727,0.9147260956013088,0.9208962673513452,0.9200236972848397,0.9197573769735137,0.9215588823678196,0.9167852598337405,0.9201807194521623,0.9161112510788086,0.9158784373552072,0.9179090112162277,0.9206606568578715,0.9185858234580391,0.0027287214254299932,171
643.474497601986,228.35423278810538,0.8955485320091248,0.8533307985570844,0.2827819835087035,6,0.5644190594945832,2,4168,0.8005679371762305,"{'learning_rate': 0.2827819835087035, 'max_depth': 6, 'max_features': 0.5644190594945832, 'min_samples_split': 2, 'n_estimators': 4168, 'subsample': 0.8005679371762305}",0.9264431519429925,0.9218417795175373,0.9222130188860655,0.9171088187158516,0.9195009698830418,0.9208121196218333,0.92053933271991,0.9253306992082947,0.9242060359973314,0.9183216933714156,0.9205019808941484,0.9190188521136802,0.922056392642701,0.9217427624145291,0.9217518845681233,0.9201661771009474,0.9182069862873088,0.9246136046974656,0.9177312381474032,0.9208515687969441,0.922675998911755,0.9182851542801928,0.9235836529825349,0.9216272721970119,0.9244764097507314,0.918806708827335,0.9258966496249996,0.9199064854911798,0.9222633425476363,0.9224543765562502,0.918687042300403,0.9249118053333352,0.9226207519896649,0.924030521753042,0.9148712300445654,0.918817627103109,0.9246653562313493,0.9225632074425485,0.9197708715179128,0.9215583131010038,0.9198137761150079,0.9227811722837664,0.9142483962440451,0.9180808281309908,0.9224626173361967,0.9215700289131856,0.9201891218302825,0.9205209210426447,0.9222072596636504,0.9227291336110386,0.9174506205490317,0.9224279128471795,0.9206867009661424,0.9186941337256194,0.9226949749004253,0.9246728470128439,0.9245751750450756,0.9224992707048488,0.9166063358876896,0.9235629317336885,0.9216592764821887,0.9202715267727593,0.9255480814843648,0.922122709250021,0.9166500363984719,0.9205108869523672,0.9181300288636604,0.9247645340781278,0.9246848987300643,0.9229859733866819,0.9223074283575969,0.9201304535549604,0.9192653079653266,0.9196920662845047,0.9251994459411165,0.9201120577440645,0.9196091117528045,0.9230301527154857,0.9203650643663895,0.921887630370726,0.9180748560082511,0.9211778760674116,0.9274194247785742,0.917126872041212,0.9189606310617873,0.9249511316542881,0.9191031998346609,0.9192101781919806,0.9240490646364474,0.913691367958993,0.9215311068219059,0.9222265027186449,0.9208922559431727,0.9248429792393831,0.9205949785911951,0.9193611672903945,0.9177268352015778,0.9194866013540856,0.9202567512904443,0.921628498178094,0.9211514495437162,0.002690079024248298,165
851.4480653595924,290.6295041049429,1.549461236000061,1.5711516051339933,0.023393824703871684,11,0.5102149684879131,2,4168,0.817651670984479,"{'learning_rate': 0.023393824703871684, 'max_depth': 11, 'max_features': 0.5102149684879131, 'min_samples_split': 2, 'n_estimators': 4168, 'subsample': 0.817651670984479}",0.9392023901590406,0.9352493331319078,0.9356197028002546,0.9317684829963132,0.9326456088347389,0.9345630311196358,0.935119975564452,0.9386010702857033,0.9363885219165615,0.9317357227881855,0.9360479021613002,0.9356845810699432,0.9364084219565417,0.9336542398602723,0.9341426907949119,0.9362256656454916,0.9298373169017662,0.9357985230572751,0.9325676088317864,0.9346515591039462,0.934100821234131,0.931622051065909,0.9372360428807657,0.9345849738271224,0.9353023283508051,0.932818933675028,0.9367079042066631,0.9344027834706372,0.9333415306485882,0.9364981957199197,0.9355631906655145,0.9396649361010008,0.9365433289151329,0.9359294646455679,0.929594144139193,0.9350907889444203,0.9369730047254295,0.9361983860636749,0.934113906681145,0.9324900475296406,0.9356021917445426,0.9381807168925782,0.9328109980412924,0.9329737275212595,0.9339695210163491,0.9357435918858051,0.9339702687579631,0.934641332173546,0.9348678645417365,0.936795365986457,0.9325949468135988,0.9342746731790963,0.9345680472896124,0.9359779893918028,0.9365007205705006,0.937876647216255,0.9358558678846923,0.9354863309038658,0.9332958798743975,0.9354170636564808,0.9375633612873754,0.9332416604218061,0.9381500676604592,0.9341300546101414,0.9334069014989895,0.9327232157148562,0.9313528923775884,0.9384593403036297,0.9372318517940007,0.9344535760868296,0.9336889614240534,0.9378136298917014,0.93090356487429,0.9335146651837806,0.9398484054210245,0.9337457470391716,0.931561018711226,0.9374406647772755,0.9352035876984262,0.9370465758436095,0.9338764773990068,0.9369172165337089,0.9372022830618812,0.9320130525434566,0.9328004486854006,0.9397184194560876,0.9308012630621507,0.9347697332970886,0.9382104977543851,0.931387801686508,0.9371047314507734,0.9349772534090994,0.9357461858527374,0.9377192343083877,0.9322779202901945,0.9361657506624003,0.9326680663000826,0.93182199690166,0.9350599207864423,0.9356107553427713,0.934944216092166,0.0022441800149920754,40
690.1255292582512,262.4168862122826,0.9033371996879578,0.9102929991981672,0.008984048200827542,7,0.8453807225503804,2,4168,0.58748256714039,"{'learning_rate': 0.008984048200827542, 'max_depth': 7, 'max_features': 0.8453807225503804, 'min_samples_split': 2, 'n_estimators': 4168, 'subsample': 0.58748256714039}",0.9347103941374263,0.9322911343423672,0.9310505650623604,0.9288212393512115,0.928388861636407,0.9295965093660972,0.9334658930805148,0.9341656759732303,0.932154949966135,0.9286871196229347,0.9320192881420252,0.9314754172531294,0.9334356903494336,0.9308148108529494,0.9296950411812871,0.9308421592866387,0.9278655747367949,0.9345896837247484,0.9288632587830667,0.9311622715747754,0.930716566968769,0.9295671104833338,0.9327206367249594,0.9310664233661248,0.932047758654981,0.9288153465829293,0.9343215704126214,0.9307880620635428,0.929726694120948,0.9329249948868287,0.9299944744583082,0.9356621427415301,0.9333386059681871,0.932254026027908,0.9251048076295362,0.9314727358406155,0.9338091716868719,0.9319786995412006,0.930811993983983,0.929232484859448,0.9315980281516046,0.9348717422450298,0.9287655117453374,0.9297798394995407,0.9314040099883836,0.9331270974039791,0.9293367874503784,0.9293774051885687,0.9298893163824327,0.9330759416719031,0.9289986497017851,0.930342841608561,0.9306192181246014,0.9344603175612315,0.9322823146736848,0.9346341848561583,0.9322861430634709,0.932642468861633,0.9277259729181602,0.9312771988204902,0.9328874970441138,0.9310883343204425,0.9359411373097809,0.930564506900706,0.9278020256850179,0.9294100730630181,0.927940116964913,0.9352579184395179,0.9348964847989847,0.9294681219815086,0.9303397925310001,0.9337199856708228,0.9279544273445742,0.9293339656681058,0.9354538418375526,0.9305867912218784,0.9275487954920261,0.9335886851160574,0.9328896139596481,0.9323724414379824,0.9290274814038506,0.9339890089240389,0.9353604136234932,0.9271668686813943,0.9292417939870621,0.9352470594850133,0.928349474726387,0.9309297989102896,0.9341358408416631,0.9275662681779236,0.9332180548441916,0.9309919024610396,0.9318365039436802,0.9330051570110081,0.9299867646116627,0.9324434110797718,0.9281924567092235,0.9300895087795785,0.9321301353351056,0.9321538278782551,0.9313105112354536,0.0023169710910565106,100
695.660584244728,248.42233282577783,0.8961173868179322,0.9011121610468156,0.003226986853355662,6,0.6686829695816052,2,4168,0.8147719386009962,"{'learning_rate': 0.003226986853355662, 'max_depth': 6, 'max_features': 0.6686829695816052, 'min_samples_split': 2, 'n_estimators': 4168, 'subsample': 0.8147719386009962}",0.9174179016112671,0.91457041734166,0.912474004016347,0.9111186261749721,0.9077418810725514,0.9097009456466127,0.9152310058095477,0.9173001031594149,0.9139134129332399,0.9090814128594118,0.9128325581763694,0.9138896651961393,0.9153355693219348,0.9135462552976716,0.9096325962637503,0.9137166527984789,0.9091565198972849,0.9156027736568338,0.9103094078411399,0.913334690023305,0.9107210263037053,0.9109439423036841,0.9152569603118117,0.913484588070704,0.9140062791566931,0.9076299034616275,0.9182288911234447,0.9118206179125535,0.9109392494352816,0.9153182254580151,0.9097619317015482,0.9188714829999721,0.9152905969679643,0.9136958217412304,0.9063103352817653,0.9128221997473255,0.9157315495255229,0.9134491899818903,0.911613140074354,0.9106661744892139,0.9128942469627006,0.9159807797772093,0.9091900904359586,0.9121768984049189,0.913089053430329,0.915194433207562,0.9117496696999117,0.9106621793741552,0.9117986190656087,0.9131303945611395,0.9107122333046782,0.9108326571920017,0.9109272389486225,0.9160690433491533,0.9145510479748535,0.9160747201752639,0.914717269488047,0.9136332897324067,0.9070970521593408,0.9129680679675772,0.9123807399093,0.9133372757591928,0.9185881923691616,0.9122796586768431,0.9086240237895025,0.9103076200906131,0.9084126346543901,0.9177744436002503,0.9160063990791139,0.911460546877572,0.9120304156459831,0.9163194124599672,0.9086161958743323,0.9097255857313373,0.9167165253818997,0.9104578170612561,0.9085433594869451,0.9157177078780635,0.9147355227813269,0.9152895738227519,0.9095382193198216,0.9167145778026203,0.9169140411849371,0.9095490158474502,0.9097289372265608,0.9180942496971913,0.9083556115907556,0.91200132519255,0.9158994953639721,0.9085482488347616,0.9131588435262434,0.9131311023696932,0.913594851400577,0.9150769090739852,0.9112236818803551,0.9138573626160713,0.9090379073421444,0.9116962937510776,0.9144288789513909,0.9143718403308074,0.9127816253459043,0.0028862617281894907,190
510.4102513194084,204.85567072642465,1.2968692374229431,1.2677404788006958,0.058578682461386235,8,0.4635536200917778,2,4168,0.6033419927343954,"{'learning_rate': 0.058578682461386235, 'max_depth': 8, 'max_features': 0.4635536200917778, 'min_samples_split': 2, 'n_estimators': 4168, 'subsample': 0.6033419927343954}",0.9406123591091311,0.9381949430932152,0.9358430912571055,0.9343157915660985,0.9345154451677271,0.9368707478020599,0.9369510755636764,0.9395058778481663,0.9379904761138992,0.9350023651834231,0.9370271676596138,0.9356503291826289,0.9386878269420738,0.9369846282593169,0.9355986689006549,0.9367062730049155,0.9328956502601511,0.9391553915071628,0.9347262081619414,0.9365765827769279,0.9368216263446305,0.9342272787383001,0.938827866892338,0.93622051833293,0.9376095997765577,0.934192523042271,0.9382367857642945,0.9365217430927272,0.934482884108192,0.9384020993976385,0.9362570520641957,0.9400758127476109,0.9384091444790434,0.937703610257484,0.9317683731823145,0.9362307823224424,0.9391246543779375,0.9365533503731159,0.9358264749064777,0.9332013600984121,0.9367606532236487,0.9392839369296666,0.9312901606037084,0.9354159080885207,0.9366073437757465,0.9377732276917482,0.9363949644432225,0.9345776084961932,0.9357116485167549,0.9376984027133699,0.9341530795739779,0.9357029738124565,0.9371908352267808,0.9376212839688804,0.9378938331498315,0.9406217373603728,0.9366755196819216,0.9388922856828755,0.9340779736829395,0.9380656260706145,0.9384940257668277,0.9357727347008481,0.9401106863678801,0.9357802218326025,0.9327363724095713,0.9355399736878665,0.934041665784283,0.940906666167649,0.9390020642622929,0.9368247499631455,0.9345000623997142,0.9385200370398291,0.9346302553020438,0.9351223597336379,0.9413051679228891,0.9355547839359791,0.9326301621713912,0.9385325258558456,0.9375380608391678,0.9379924703124187,0.9336256804971509,0.9384818839605055,0.940166872007794,0.9330135635559746,0.9332915645799302,0.940504474406405,0.9335574979528211,0.9367417297437832,0.9401186494809636,0.9336254300411204,0.9391901693446156,0.9367484674285105,0.9364788105783128,0.9389230671090931,0.9349775732122968,0.9378978059659222,0.9350264872588773,0.936386181754892,0.9373103403936633,0.9376833030543181,0.9366619804113487,0.0021954484463990454,14
1231.8178106951714,406.62320252866255,1.2787668681144715,1.286403506553587,0.0033096865408180623,8,0.8532074692641054,2,4168,0.8779581174760334,"{'learning_rate': 0.0033096865408180623, 'max_depth': 8, 'max_features': 0.8532074692641054, 'min_samples_split': 2, 'n_estimators': 4168, 'subsample': 0.8779581174760334}",0.9282273688025509,0.9261173983018824,0.9242185880166747,0.9221064375243637,0.9208048275861473,0.923086313896438,0.9263779613502648,0.9278001320217468,0.9262378816861357,0.9212826566259251,0.9252313374235175,0.925161968987403,0.9258501495645481,0.9239532362300187,0.9228719754679595,0.9245194568799117,0.9209275094087044,0.9269851417310135,0.9212677322095711,0.9240433075915823,0.9233840428534428,0.922027620751332,0.9254969309114272,0.9251565608553751,0.925457256148831,0.9202141132597147,0.9275127651997802,0.9233944239971832,0.922975265105818,0.9267957766898659,0.9231019451882662,0.9291655284780653,0.9266059603421167,0.925200465347947,0.9177140969036411,0.9248126311462609,0.9274138633490745,0.9244888724380081,0.9232833490950291,0.9221084385250132,0.9244602088229932,0.9278716594341045,0.921439972696276,0.9233930885000793,0.9242571589854,0.9258676254508066,0.9232423695990659,0.9232945421505112,0.9227651564435214,0.9256687509018694,0.9212968011318761,0.9232972213798433,0.9240603076114826,0.9273244677527133,0.9257023737767262,0.9266129583476141,0.9257630613072426,0.9259321917951923,0.9202561517860506,0.9243822735546152,0.9255868536598019,0.9238255594144189,0.9289074183921057,0.9243018173353431,0.9203549831410616,0.9222245735869249,0.9202770848283266,0.9290047040578205,0.9271585533630939,0.9225016813192534,0.9239617179765491,0.92747199453045,0.9208638208044412,0.9222316152021915,0.9269480871830849,0.9228455348760325,0.9207136203458668,0.927533303074977,0.9253797543017482,0.9257011457550971,0.9220868356663688,0.9274164030891658,0.9277502167721303,0.9204799153625227,0.9220943148313343,0.929168504014684,0.9203800004081766,0.9232084770098273,0.9276806119848593,0.9204476682240731,0.9254479327173692,0.9242145187496265,0.925477864409281,0.9263173699708156,0.9227410768827392,0.9254231814263172,0.9204006230760609,0.9226356438738507,0.9258470163283166,0.925664895427151,0.9243294652269379,0.002478850842642168,150
351.20409716844557,144.80731196638183,0.6939128160476684,0.7001736433314795,0.07659757870614843,5,0.39284964077338125,2,4168,0.6905047160758202,"{'learning_rate': 0.07659757870614843, 'max_depth': 5, 'max_features': 0.39284964077338125, 'min_samples_split': 2, 'n_estimators': 4168, 'subsample': 0.6905047160758202}",0.9360850938899098,0.9328479888423741,0.9329911155126106,0.9307537708337339,0.9296951214114,0.9308144374528886,0.9323551626777302,0.9347367636484001,0.9331717336177687,0.9299803857414454,0.9333429051835046,0.9314675957456501,0.9339644944954801,0.9337534295063125,0.9315698324652015,0.932607354163847,0.9293459992165778,0.9356538035587766,0.9312973518264535,0.933609255846565,0.9315112226027558,0.9316546445625078,0.9346511746220993,0.9316181193240506,0.9351757387391151,0.9298811563767513,0.9351783400676122,0.9319212302140183,0.931179796829319,0.9328366501863833,0.9303157964305075,0.9375424081157206,0.9344196250230311,0.933815753560633,0.9276325870945236,0.9318938761042632,0.9345722079376407,0.93347258233016,0.9320033524947097,0.9308973047254071,0.9327178834633125,0.9353162612246549,0.9276312923511955,0.9304552321269527,0.9328962741756109,0.934086448986154,0.9318091638791667,0.9319883004840621,0.9318925569480898,0.9335761589564889,0.9298436805357813,0.9316141015241617,0.932420429418933,0.9353922256780857,0.9337573724257162,0.9345370341532696,0.9321834821817464,0.9329331940135989,0.9297708437821843,0.9342347976166289,0.9335301834171694,0.9323162422883757,0.9356280848244815,0.9315100702532682,0.9295250457816453,0.9309972422184527,0.9299904122645957,0.9358057203464343,0.9350725822005312,0.9312940203683182,0.9310484383328144,0.9336830173014922,0.9305468306209328,0.930142097081309,0.9365240273346928,0.930230458759023,0.9288653624705003,0.935050366658369,0.9330204599123004,0.9338875325442331,0.9298023093137904,0.9340147016757148,0.9358711343983738,0.9282125899230513,0.9310408208479836,0.935103474695757,0.9305354679786286,0.9325960334075661,0.9355382992648116,0.9289087659351344,0.9345748735302779,0.9334997997576745,0.9316396079372843,0.9340943112438428,0.9315000953551833,0.932887843123457,0.9291030190729468,0.9323018661854399,0.9337919659504914,0.9330355365865847,0.9324799460806656,0.002100698210496603,68
692.6775906777382,250.06125347583753,1.4184940123558045,1.415700258109888,0.022722937137443968,10,0.42182946500629437,2,4168,0.9035360616930725,"{'learning_rate': 0.022722937137443968, 'max_depth': 10, 'max_features': 0.42182946500629437, 'min_samples_split': 2, 'n_estimators': 4168, 'subsample': 0.9035360616930725}",0.9406397523541576,0.9375062051078544,0.9369735945881467,0.9331856915027414,0.9339553330279149,0.9359350725667761,0.9378892426084926,0.9396309293481717,0.938471507308344,0.9346206834579609,0.9382825318940119,0.9377902125933147,0.9387521245624914,0.9364414529467222,0.9363764630737483,0.9374821105341172,0.933158817753821,0.9380133825631138,0.9353938956723697,0.9368880779894627,0.9364981893624985,0.9344756852758209,0.938676266217425,0.9362003655955872,0.9382739577486561,0.9346917208574503,0.9394669199661045,0.9368674078132535,0.935303695181212,0.9384265807126833,0.9369089049549766,0.9408180367816659,0.9388802116114159,0.9382407343589079,0.932192192201757,0.9373934483800263,0.9386697440629352,0.9386176413529823,0.9374080639408832,0.9356494373080239,0.9377085207753924,0.9401803523705496,0.934450533142794,0.9362196427725872,0.9369238036627618,0.9379956473489426,0.9363629573436175,0.9364534961149159,0.9362678032840629,0.9388148589024301,0.9350213996722291,0.9375614980723948,0.9368690633229106,0.938737423571106,0.9377249211755111,0.9398550317006109,0.9377204128094367,0.938078906410287,0.9352933787826379,0.9379512344048136,0.9391984429186624,0.9363981221752267,0.9411609130115524,0.9360217660722147,0.9345655264646427,0.9340910279973209,0.9340149075673333,0.940885181388292,0.9392517156908641,0.9363189409298486,0.9359387220688715,0.9396749619915677,0.9328877916908059,0.935448947962934,0.9422144093801665,0.935630835485503,0.9327750554310186,0.9397746837945098,0.9377927299097902,0.9396915092719136,0.9363930853299401,0.9389873446963264,0.9401905839015101,0.9340362986478965,0.9341647097971972,0.9410832765204099,0.93303838140548,0.9373192340850262,0.9400555825815823,0.9331076399976295,0.938888869822763,0.9378924962910319,0.9368100466768293,0.9398511246879386,0.9348188954225428,0.9379400897002577,0.934154266819244,0.9357337161673878,0.9381570999792318,0.9382721493656253,0.937118682538769,0.0021837670299428625,6
535.5141392064095,233.4247699662783,1.2096906542778014,1.2365751691445517,0.004639902315883837,8,0.4319384050811783,2,4168,0.8667480710985318,"{'learning_rate': 0.004639902315883837, 'max_depth': 8, 'max_features': 0.4319384050811783, 'min_samples_split': 2, 'n_estimators': 4168, 'subsample': 0.8667480710985318}",0.9335414781554643,0.9302965296692092,0.929111103667195,0.9268587789894396,0.9260119230349102,0.9268335638610478,0.9313541632129053,0.9332915923064182,0.9308563180168227,0.9267054116931364,0.9298834067640829,0.929591786042259,0.9307567084797078,0.9293184482091877,0.9279060353471118,0.9301834490376757,0.9259664365939955,0.9321309566225146,0.9271367940248564,0.9300117426560066,0.9283221297947328,0.9273913866614746,0.931933390931465,0.9291501243733664,0.9307447802025182,0.9258904703369086,0.9328095623486548,0.9287444646872807,0.9276894975708652,0.9311615985083157,0.9282502871845754,0.9339752676158961,0.931408332544027,0.9303571069239247,0.9241779078997785,0.9293277661874751,0.9317229607793917,0.9308465716447182,0.9287577109646736,0.9275545501374824,0.9300253000910041,0.9327487658032633,0.9261652892897436,0.9289605009340814,0.9294116205329741,0.9305014616550185,0.9282754565149146,0.9282955313472786,0.9289799761582922,0.9312136166417889,0.9268583416125055,0.9287644554028104,0.9286224349992285,0.9316080832630353,0.9302517729530919,0.9326054472647547,0.9299189441760709,0.9299114283915344,0.9256209527862642,0.9297649808474319,0.9303560993727535,0.9288704559215432,0.9338547840099745,0.9284965581353638,0.926597355792213,0.9272606558574843,0.9255059131955664,0.9338122512580109,0.9319101770205901,0.9282514292402186,0.9280762615901709,0.9317595637486336,0.9251115445984515,0.9271717745966929,0.9342020625932137,0.927651973835431,0.9249799931951984,0.9322227983443686,0.9308377659245427,0.9320292805565858,0.927346956328607,0.9316439196723794,0.9325379879521016,0.9267764582128419,0.9269180711986863,0.933846887686723,0.9253441349034739,0.9293966565242882,0.9326253353702705,0.9246793254387458,0.9308159410280359,0.9294769567849281,0.929326463739672,0.9313827690455567,0.9280867517701812,0.9298247735453397,0.9265160695676209,0.9280068621427869,0.9306961673106081,0.9306091491428323,0.9294128319049926,0.002387690737358456,122
830.6576108837128,269.0193542918946,1.2014569401741029,1.2197578341099016,0.176374803692031,10,0.6656475291350787,2,4168,0.7131667017543379,"{'learning_rate': 0.176374803692031, 'max_depth': 10, 'max_features': 0.6656475291350787, 'min_samples_split': 2, 'n_estimators': 4168, 'subsample': 0.7131667017543379}",0.9292702463952007,0.924048601399963,0.9241848634664515,0.9207335380529305,0.9228369805793769,0.9232863806448735,0.9267180877963016,0.9260657231519374,0.9241703794771515,0.9231662310873917,0.9267661269611603,0.9270385063278446,0.9276475732389007,0.9243969079789288,0.9241353070432333,0.9256189931713985,0.9196161069502166,0.9263882884319201,0.9231468143483207,0.9250896114475924,0.9228876277345177,0.9221536404809916,0.9265687135551426,0.927610420569446,0.9283650919323412,0.9215706691845615,0.9265624326325987,0.9252149661648008,0.922277311067089,0.9261347545532707,0.9219336155216217,0.9292361778420987,0.9261223225763013,0.924674066201023,0.9187897415122489,0.9244242893845092,0.9270916160969673,0.9285624606996578,0.9247189162691393,0.922979339537248,0.9258510239843325,0.9295909678224645,0.9214163420310553,0.9216679008334318,0.924633106617815,0.9276444843686747,0.9232382292903639,0.9237487712138965,0.9243612119457819,0.9261786188860505,0.9209978379438295,0.9257699626251623,0.9257287379613612,0.9259327940230034,0.9240723703911846,0.9282759159061231,0.9253341975372243,0.9264962289411021,0.9213096046181588,0.9242159365857227,0.9274480734655397,0.9234262642987159,0.9285940546545477,0.9246299249842668,0.9220809695014814,0.923019743873581,0.9212528284169421,0.9270357073721119,0.9263978798651914,0.9238151335206483,0.9253926728553687,0.9304041154300458,0.9209686634298909,0.9226140558165393,0.9291946903538741,0.9229076915213346,0.9206882931668946,0.9287409656758191,0.9250604468231197,0.925515441258261,0.9209142215564875,0.9270583441259067,0.9294866711388715,0.9226913875082333,0.9234859327485134,0.92997970049793,0.9212499609452235,0.9254723671793575,0.928689815687697,0.9238973739898821,0.925803300578959,0.9231663724793457,0.9242496330902396,0.9275850828913439,0.9218236030036903,0.9270625402819412,0.9202534753169962,0.9221434816643737,0.9251796527636389,0.9268098600002008,0.9248485807872643,0.0025998362043247636,148
1095.6092186808587,327.4730675571759,2.320811846256256,2.3135978054091884,0.0028615430780951833,12,0.598508298635958,2,4168,0.8432089625812538,"{'learning_rate': 0.0028615430780951833, 'max_depth': 12, 'max_features': 0.598508298635958, 'min_samples_split': 2, 'n_estimators': 4168, 'subsample': 0.8432089625812538}",0.9327525915014716,0.9300970826171243,0.9301829402952381,0.9265404340510129,0.926605944486797,0.9282249781817968,0.9301646749584503,0.9327234139037074,0.931464875768133,0.927032141991109,0.931208572652327,0.9305326596711347,0.930507719823924,0.927930171549143,0.9285095086667615,0.9309723464928845,0.9247149647659734,0.9308898876299565,0.9269832467175902,0.929040072799721,0.9284030850775022,0.9262889592567144,0.931925491045153,0.9291208179871906,0.9298445917744028,0.9258165550549139,0.9318317280408044,0.929531938542685,0.9273283766549335,0.9317483607731123,0.9297340035035242,0.9337177810299633,0.930942260449603,0.9310263654980374,0.9242010983504603,0.9292696547516182,0.9317829865986691,0.9310247540388121,0.9287093297792163,0.9267918635384698,0.9288256453637609,0.9326117527568616,0.9277056913777206,0.9284432030470094,0.9286191402731092,0.9300699166002033,0.928609609585604,0.9285518599992703,0.9290443211460362,0.9305791395083842,0.9263378477236303,0.9293295449644053,0.9291623763742719,0.9310658855747331,0.9307676463365104,0.9315224849703289,0.9306323852006555,0.9301263471492999,0.926986774428016,0.9297886951349521,0.931799963364637,0.9287126447218665,0.9328901441101904,0.9284045320857686,0.9274531273506248,0.9262880678856467,0.9252465798654205,0.9340945126820525,0.9318528903587088,0.9286330997236114,0.9280874058084901,0.932484443575133,0.9253595595884354,0.9274292257741288,0.9339857688790357,0.9283584041831123,0.9253303212886415,0.9328430024370218,0.9292515911587712,0.931180166156186,0.9282306690237737,0.9311971631248948,0.9328737190145775,0.9268350616730251,0.9260537828938546,0.9337531352265753,0.9251035117544265,0.9291979954591347,0.9327031990244758,0.9259576535086431,0.9303212336006246,0.929941166657689,0.9304401979053435,0.9319651193596223,0.9265549987843877,0.930290061259978,0.926375467599589,0.9263254211581394,0.9294923600208651,0.9304116927565962,0.9293860755858848,0.002336089535752954,124
530.1667995977401,197.79379635577067,0.7024973726272583,0.706141006464801,0.1777033847672164,12,0.5441472554619294,2,4168,0.846486102281136,"{'learning_rate': 0.1777033847672164, 'max_depth': 12, 'max_features': 0.5441472554619294, 'min_samples_split': 2, 'n_estimators': 4168, 'subsample': 0.846486102281136}",0.9255471837895166,0.9243687788209949,0.9214072258056276,0.919208665855817,0.9196497182171313,0.9208384425946771,0.9209428271432152,0.9270321177905175,0.9239104555668469,0.9184473490189721,0.923540478661689,0.9230892386832413,0.9234622701603282,0.9211684003685989,0.9211101123135763,0.9239623649010071,0.9173783568186901,0.9229511980368513,0.9209997320417794,0.9238813332306082,0.9221798866170123,0.91805761200348,0.9248197625937331,0.9217340815644525,0.9240185649530752,0.9203755806484294,0.9248394091648959,0.9216738690575119,0.9198434744227965,0.9256696631472373,0.9219252687825265,0.9257868445172435,0.9225128589158301,0.9256155538439643,0.9144951151427585,0.9238465467800487,0.9252711441403094,0.9246651791846096,0.9224605357566378,0.9195941725819265,0.923598648606816,0.9249699741484131,0.9193427023033875,0.9206212878640343,0.9230347745547591,0.9231107313184337,0.9192939154888794,0.9202813417109929,0.9226822653657039,0.9251154905193731,0.9184840478047168,0.9212264659317947,0.9209666142136647,0.9214641707358013,0.9222480019584958,0.9247183188872341,0.9175877206995617,0.9237034153502524,0.9205426224544366,0.9216135026063523,0.9245060241286726,0.9207929550406766,0.9252493407559059,0.9221313307210721,0.9183943117542616,0.9185006038217799,0.9191683413006331,0.925937401469649,0.92498208691041,0.9233914421088365,0.9201606575375988,0.9234623117747337,0.9173467528281004,0.9207389235892395,0.926246674041764,0.9217309444642408,0.9170754032675497,0.9256018057280835,0.9221701564303407,0.9243812582794184,0.921456535009019,0.9211708655437015,0.9244819398686753,0.9184938852553797,0.9181159481700732,0.9275884319721238,0.9195787457320906,0.9228519699037168,0.9267757467655902,0.9188075052922509,0.9250935992672952,0.9196933214890625,0.9235024862927361,0.9238188987246886,0.9179353820735253,0.9242265146352936,0.9191705864148263,0.9189481386988995,0.9241939069757289,0.9228713915569189,0.9220763191175584,0.0026615052022643643,160
580.7427675485611,209.0550537219335,1.173856954574585,1.1418261181233702,0.004864734957527726,7,0.6194279323337255,2,4168,0.6850008532300484,"{'learning_rate': 0.004864734957527726, 'max_depth': 7, 'max_features': 0.6194279323337255, 'min_samples_split': 2, 'n_estimators': 4168, 'subsample': 0.6850008532300484}",0.9297112643580048,0.9268189402029595,0.9256340005620687,0.922973488108586,0.9220354582795832,0.923352870840916,0.9274814689566124,0.9296464880028971,0.9265664625633223,0.9225361902502189,0.9262637666339252,0.9261696011533246,0.9272347813801762,0.9260093528991553,0.923798954861258,0.9257576649710021,0.9224091260692379,0.9286583349834705,0.9229696566017918,0.9261324151675719,0.9244672017165371,0.9237712783975922,0.9277238141085535,0.925981059587958,0.9268255597655946,0.9219718202291822,0.9301122487347548,0.9252776716423591,0.9240536821360423,0.9277895364191885,0.9240861580017219,0.9308809437137064,0.9278700901600808,0.9264093379683984,0.9199181000696109,0.9256392816457132,0.9286365701573822,0.9266218045980443,0.9248927527607508,0.9238238350096831,0.9260360721649473,0.9292737380811925,0.9222898057212479,0.9252328668778992,0.9256881731637527,0.927359994883058,0.9243345700904106,0.9238231104425246,0.9247664200243704,0.92758217907314,0.9228130008876874,0.9240977534434854,0.9244621021907339,0.9285299139770289,0.9267410904212594,0.9287837146975916,0.9268103644234157,0.9265566894239506,0.9213478532217453,0.9258744713537251,0.926389566790471,0.9257955378767369,0.9302991079380082,0.9246683867270608,0.9224824127831208,0.9232257596332724,0.9217813308954236,0.9305274723022512,0.9287604526387672,0.9241768380173158,0.9247512957397892,0.9281920526656314,0.9217607690591036,0.9235040065755605,0.9303611573850943,0.9237614757376833,0.9213786769508153,0.9284362877093025,0.927368670197034,0.9276907637188239,0.9231492472095003,0.9285558916350445,0.9295361845170769,0.9222816284470331,0.9232349351052603,0.9305226674688978,0.9215297276026915,0.9254008186346465,0.928644084597045,0.9213921099204023,0.9269240663876723,0.9257433427168876,0.9260627215507374,0.9271670953264933,0.9245539888111123,0.9262751769338298,0.9228209008888169,0.9249979848493569,0.9269790578614218,0.9268031878520042,0.925692037578893,0.002523668168284116,147
525.9301609110832,174.50762062349963,0.7156478762626648,0.7420411721708708,0.005066863395249431,5,0.7961383656506613,2,4168,0.637480896168937,"{'learning_rate': 0.005066863395249431, 'max_depth': 5, 'max_features': 0.7961383656506613, 'min_samples_split': 2, 'n_estimators': 4168, 'subsample': 0.637480896168937}",0.9162692102504475,0.9120211519176833,0.9115284936789818,0.910404962081145,0.9064660878191793,0.9086120768542143,0.9137330901667848,0.9160760928107037,0.9121437828601097,0.907647487341661,0.9111006854254633,0.9126806371078128,0.9140099444780886,0.9121795984597204,0.9077720853581461,0.9125264100513766,0.9079107194155013,0.9149025625310785,0.9090733219572756,0.9120511266441019,0.9089488035652722,0.9102612244304655,0.9133812637584814,0.9120593188032368,0.9131244681621935,0.9065372350431083,0.9168577746765174,0.9106582966831782,0.9093952843457586,0.9144443939191379,0.9078889633690694,0.9185036728937364,0.9141423765179096,0.9123244187744274,0.9049162369730617,0.9110929083836864,0.9144659993142241,0.9124318795668734,0.9097936567567901,0.9095282467983707,0.9117385065043218,0.9151012598933048,0.9076113869814106,0.9106395843429772,0.9118636013860222,0.9148187728034083,0.9101893102598112,0.9087369345668254,0.910680584864002,0.9120490741424421,0.9100273500646547,0.9095376551788674,0.909038882361538,0.9148221217315703,0.9134980391588101,0.9153093817120334,0.9133820114528699,0.912290659202431,0.9055350236339967,0.9112944276639846,0.9112432579889909,0.9127332459179998,0.9174193931242279,0.9108951594937928,0.9067554453396718,0.9092605525962514,0.907449625588051,0.9160192008225403,0.9150111731888934,0.909955015121089,0.910846212300846,0.9143678892492756,0.9070996067709186,0.9088868143724708,0.9156849821828755,0.9090963493321258,0.9070101795927925,0.9135303857289716,0.9135858173306749,0.9141451156772408,0.9080861000232805,0.9158850900824962,0.9153068629750816,0.9085396561690703,0.9086658696609664,0.9169978300564418,0.9071628588735043,0.910641166515991,0.9144992076361927,0.907301792483849,0.9118812925150069,0.9116344892272545,0.9119295357885389,0.9137486201861985,0.9102501242060494,0.9122474874799725,0.9082377518912429,0.9103682519653098,0.9134199693193592,0.9134335364611467,0.9114926343308691,0.002952003466874541,193
558.7698905110359,216.28001749989326,0.7317002868652344,0.7319598629506935,0.01196174193467231,5,0.6883949150611814,2,4168,0.7914186827998569,"{'learning_rate': 0.01196174193467231, 'max_depth': 5, 'max_features': 0.6883949150611814, 'min_samples_split': 2, 'n_estimators': 4168, 'subsample': 0.7914186827998569}",0.9272429804384279,0.9227379799675106,0.9217638475322175,0.9213132511494795,0.9183473843997854,0.9198941327120072,0.9242281263948942,0.9261881610696898,0.922681535697435,0.9193041241440337,0.9219631797267945,0.9225400182860297,0.9244717754785361,0.9232193772977637,0.9199577073844845,0.9233838974072868,0.9180438811935117,0.9259374409569079,0.9202842035825278,0.9227197501617238,0.9208469456514768,0.9213888891164626,0.9245718724216753,0.922135631243423,0.9243235177522939,0.918538091263578,0.9268284653272723,0.9218400960006748,0.9198998303961888,0.9247603834073196,0.9195527323490975,0.9283964020904331,0.9240727897033834,0.9243759928705406,0.9164895909759693,0.9224040752644147,0.9248904251435406,0.9235445016556587,0.9214686245946972,0.920826259256994,0.9230686073298717,0.9256914937383506,0.918346605535182,0.9209108361105193,0.9226181307432642,0.9252376553504035,0.9208144625652382,0.9200692640586816,0.9214445687427805,0.9238526100907267,0.9209574581702208,0.9209565739809584,0.9203582206725965,0.9259763523752667,0.9241654879451922,0.9261486668172239,0.9229216824160096,0.9226580155887307,0.9172903081147644,0.9230387152482029,0.923113215811446,0.9222385175825847,0.9278098312381521,0.9215531080900616,0.9181480878447694,0.9202789637644923,0.9184150539230286,0.9266378512408928,0.9263661181219089,0.9208209966083268,0.9217383924469553,0.9240722419808882,0.9180924073330177,0.9202037284539771,0.9266487343412023,0.9206382751255059,0.9187690727425668,0.9249471685531429,0.9242253369107359,0.9248974257558672,0.9191253769453933,0.9254933153583783,0.9262579500701709,0.9186923926243513,0.919804796960895,0.9266643457685378,0.9187700546828661,0.9220612899278998,0.925567829346673,0.917884868686956,0.9230903088311402,0.922503871639644,0.9230004085488416,0.9236735368864736,0.9217432976502901,0.9222543813162001,0.9196096539269151,0.9213026993499651,0.9235474786834823,0.9237392884352317,0.9223830526057015,0.0026596781618008943,159
844.1727169728279,291.70723589859654,1.1900196766853333,1.1575445020481856,0.11577141594597738,8,0.6960789512713625,2,4168,0.7833954070935212,"{'learning_rate': 0.11577141594597738, 'max_depth': 8, 'max_features': 0.6960789512713625, 'min_samples_split': 2, 'n_estimators': 4168, 'subsample': 0.7833954070935212}",0.9369553531036255,0.9340516071665683,0.9334042988842901,0.92990563176532,0.9313254151462471,0.9320688512520471,0.9333170129728308,0.9348364672750715,0.9343442649884695,0.9301286498739592,0.9336672122439815,0.9335614947496422,0.9359248186849474,0.9326201600347099,0.930793997289532,0.930536008312508,0.9293682731322063,0.9345284834269585,0.9315732771393559,0.9323916255681224,0.9316112955903284,0.931495030635553,0.9343712074459046,0.932941801098626,0.9347275873035836,0.9295090786979674,0.9351296721221658,0.9319695078581718,0.929896181692097,0.9334314052155774,0.9322005046675255,0.9364858359879223,0.9356660967097851,0.9340214412173925,0.9271746297697261,0.9314544586756459,0.9346929095716842,0.9326996650236177,0.9331500335616374,0.9326556108225044,0.9334749307756056,0.9346253718674621,0.9299706923718077,0.9299556643846271,0.9320937468178913,0.9343553894789476,0.9311948257539084,0.9348154036280669,0.9315297695791703,0.9349739434036519,0.9295362769304373,0.9320288845908058,0.9343373451874812,0.9348159070470805,0.9344263445684483,0.9347348350071233,0.933011396625474,0.9345452878823459,0.9306332138173738,0.9335475265545962,0.9362843096668086,0.9311818326898164,0.9370819072535356,0.9322273402467744,0.928005554374533,0.9309123126860104,0.9302826969371804,0.9346423555549251,0.9361612259272074,0.9317373546683906,0.931278386260875,0.933680108590178,0.9296591686662624,0.9298665545588731,0.9374640288048272,0.9306826662765675,0.929794298500471,0.9355942458450354,0.9355807144549966,0.9331826104392187,0.9316133195184862,0.9337649543039455,0.9349876121142137,0.928908128220165,0.9299898709950721,0.9358242916308339,0.9288821247184359,0.9331566316879097,0.9373154184448083,0.9280664151379767,0.934453867046815,0.9327421604903057,0.9329021175816306,0.9355909204567018,0.9318414003612608,0.9333973601868623,0.9296253296457488,0.9326241595043518,0.9338890491943783,0.9343749075311603,0.9327844332412367,0.002286617176927134,63
802.5479528450966,303.87511205909897,1.249983675479889,1.2500140044241654,0.0068564314564107985,8,0.6917142204161856,2,4168,0.7662163476493078,"{'learning_rate': 0.0068564314564107985, 'max_depth': 8, 'max_features': 0.6917142204161856, 'min_samples_split': 2, 'n_estimators': 4168, 'subsample': 0.7662163476493078}",0.9365757854578035,0.9339097675273382,0.9327312062920428,0.9296916415624461,0.9297448119461861,0.9310391789665273,0.9339479395837376,0.9355444448502179,0.9340593921319009,0.9301040303627724,0.9330583777620248,0.9334625020381299,0.9339735341520197,0.9324607351682912,0.9314022416966989,0.932990575955255,0.9293286013951372,0.9350835580267295,0.9303010286421707,0.9327955746628366,0.9315992101596167,0.9305090975629443,0.9347091852605851,0.9327187132907937,0.933580089774985,0.9295046366403914,0.9357836559240009,0.9318465611844464,0.9311879802037935,0.9342655252271845,0.9317044731076042,0.9370792667113058,0.9345013041115741,0.9333948231271214,0.9268530509089455,0.932579623934595,0.9348371547877651,0.9331013098120855,0.9318095431497134,0.9305214058212097,0.9326599771114218,0.9360109201008772,0.9296579750516469,0.9314706555787661,0.9327666253518261,0.9344524442933456,0.9312447748223948,0.9316332871274244,0.9308927882625302,0.9343423505601107,0.9298110170911338,0.931825909619046,0.9325521314559397,0.9349432342916231,0.9331739574265824,0.9352298293184902,0.9335106769884743,0.9334294838412499,0.9291808973016712,0.9331809974454635,0.934170900888613,0.9322347228318678,0.9370406809263919,0.93195816691676,0.9294994170075299,0.9302900325726792,0.9288227802355045,0.9370183899935214,0.9354651226987845,0.9310749864956722,0.9318026620206178,0.9346932653553699,0.9290475835177839,0.9308162411630396,0.9365244714956495,0.9312501666066644,0.9287854592851276,0.9353098052723334,0.9338895507009688,0.9345906405933503,0.9305783875690756,0.9348547109521688,0.9360866421525891,0.9290837067672804,0.93039535418792,0.9368502486854215,0.9288907716252749,0.9325378248818905,0.9354681576999387,0.9287425017616279,0.9341348208312312,0.9327212127937972,0.9333670280233427,0.9345817325454622,0.931146952847024,0.9334116243068392,0.929614031243177,0.9312933361624871,0.9336476462526956,0.933518921868268,0.9326147213165669,0.0022758060398666577,64
824.0602859449386,343.66913148780407,0.7768440461158752,0.7768456446857721,0.042447737358520234,6,0.8953685550856594,2,4168,0.7739021256898738,"{'learning_rate': 0.042447737358520234, 'max_depth': 6, 'max_features': 0.8953685550856594, 'min_samples_split': 2, 'n_estimators': 4168, 'subsample': 0.7739021256898738}",0.9384433538586656,0.9350495671970797,0.9355051387990773,0.9319777624080243,0.9322284027808084,0.9330767464300892,0.9351832447657601,0.9367705721973076,0.9346029874853422,0.932034543834706,0.935080570335574,0.9346760039487731,0.9365724726015641,0.9352521947604432,0.9332811547283383,0.933744859528281,0.930855022949699,0.9378297525006011,0.9326025538113251,0.9336944607848661,0.9332448582653494,0.933104213980921,0.9355772313443188,0.93395941252958,0.9354920744464694,0.9324944779436068,0.9371304958210065,0.9329915700125628,0.9326579739642343,0.9349891449213465,0.932643006389632,0.9380807552064705,0.9356718456686703,0.936012895176042,0.9291962720488607,0.9335237594313818,0.9369179758432862,0.9346546165515885,0.9347987263174031,0.9332910070100456,0.9349962272751118,0.9372391290163531,0.9310233980574899,0.9329213001872667,0.935315107217946,0.9360977984716472,0.9336128814882101,0.933563691243451,0.9328465267017252,0.9363009851607184,0.9326460193804239,0.9328402931184542,0.9337569217761106,0.9369325434851197,0.9362594037162169,0.9381201944739338,0.9349027309413955,0.9356265132169966,0.9301536389447489,0.9352756171780471,0.9368160734438421,0.9335893284868878,0.938984689553583,0.9332481991647169,0.9311925702265512,0.9334286324229646,0.9305324488379776,0.9382497926679481,0.9371860986759686,0.9321370127191326,0.9338580021528575,0.9357434270684744,0.9316479180278621,0.9318829855511833,0.9392415627760807,0.9326501967818275,0.9314336610804089,0.9362883577233219,0.9363194293922821,0.9358847675440466,0.9322729657097925,0.9368760280940974,0.9374877944399517,0.9301552776500001,0.932267957323086,0.9391086279223926,0.9310184801181984,0.9340904840181851,0.9372343435413681,0.9301503535814474,0.9365271640377422,0.9339270662727065,0.9349742293698909,0.9356381578514625,0.9326177024219509,0.9353604261650412,0.9313478119654716,0.9341913287428826,0.9347452951742974,0.9354564932685293,0.9344108774159687,0.0022522238889566394,50
480.9807168149948,193.90442387874597,1.1644050216674804,1.1429480719148286,0.006008116661255823,7,0.4431781364164753,2,4168,0.9350257970633646,"{'learning_rate': 0.006008116661255823, 'max_depth': 7, 'max_features': 0.4431781364164753, 'min_samples_split': 2, 'n_estimators': 4168, 'subsample': 0.9350257970633646}",0.9316347794808228,0.9282650010778009,0.9263477864086285,0.924765432608465,0.9231305874195267,0.9243161584478599,0.9292559134659178,0.9308242462276602,0.9283259069215931,0.9244000591170928,0.9272424904711006,0.9272813558323048,0.9283864980516511,0.9272938460739596,0.9253371268328815,0.9272571098122173,0.9236296073074479,0.9295649099138892,0.9243328885193398,0.9275998166028783,0.9258769073743719,0.9246864373072285,0.9293578901487742,0.9265673588295144,0.9289638998785463,0.9231939211057121,0.9310169609531542,0.9267185963033465,0.925593629654582,0.9285674393748715,0.9253440807658333,0.9319892654217409,0.9290214582471361,0.9277710425507846,0.9212111008052267,0.9267200918242433,0.9298962178020573,0.9283351256258899,0.9262858844323615,0.9252106307990364,0.9275005186791041,0.9305441131473822,0.9231251309182917,0.9264793735325236,0.9271755510622929,0.9285548971744841,0.92590402153345,0.925453721713526,0.9261577624566045,0.9283166293232338,0.9244622561343883,0.9261673562647574,0.925644295468935,0.9296083642819939,0.928202581961615,0.930346969870772,0.9278005959851852,0.927637473631529,0.9230715310464119,0.9275561757052305,0.9274526077287815,0.9268793806221951,0.9318702304511428,0.9264378012824305,0.9241202462759507,0.9250066029729637,0.9227313038292928,0.9314792720639886,0.9302303371515454,0.9254553319552541,0.9258316478728053,0.9295753932999601,0.9230758355656175,0.9249503379543852,0.9323289143778963,0.925255429649897,0.9227417272215221,0.929560209569514,0.928697100658044,0.9296231749374899,0.9245035212401295,0.9297877468013548,0.930599854690187,0.9242906676472544,0.9245604232181504,0.9320577585111591,0.9232630169346762,0.9272704568028891,0.9301431475927849,0.9221313791437777,0.9282388153249691,0.9266927969474311,0.9272456587041144,0.9288946809439981,0.9258078234938046,0.9277599776714811,0.924420592056896,0.9258411403560798,0.9279550149244529,0.9285536072171134,0.9270454974535254,0.002520311464097361,143
965.6475635123253,339.41995800194445,0.8225074982643128,0.8302734411132657,0.0921353795171421,7,0.8987075128788344,2,4168,0.826064957462618,"{'learning_rate': 0.0921353795171421, 'max_depth': 7, 'max_features': 0.8987075128788344, 'min_samples_split': 2, 'n_estimators': 4168, 'subsample': 0.826064957462618}",0.9383328706948387,0.9345613383971647,0.9326012318773829,0.9314210414100772,0.930665133620341,0.9325299894005636,0.9350431196354154,0.9365613280770739,0.9355195054822473,0.9323710396297397,0.9350868661971165,0.9342080044768574,0.9360835407369105,0.9342654715057823,0.9333270110591674,0.9315994042666516,0.9304565752956789,0.936450594324173,0.9318378688497517,0.9347509632471719,0.933588312748501,0.931493166562221,0.9339711677374187,0.9332080239637954,0.934679494313894,0.9310923481837463,0.9345534437984938,0.9335418752396692,0.9329209193639291,0.9348636722422621,0.9334279331195329,0.9385407056041329,0.9364345325757621,0.9348963606782901,0.9265843573737608,0.9339889543244885,0.9356209790999152,0.9344622731607809,0.9340803876611116,0.9327409046120102,0.9347815186707292,0.9374565033617117,0.9294462766848631,0.9309182900289054,0.9347082709850245,0.9350982673744153,0.9322713340349849,0.9322311790070377,0.9327951706995105,0.9369153872181766,0.9310397164074112,0.9333151459752235,0.9347316218227912,0.9353225923108556,0.9346052362488966,0.9378880529869758,0.9333037590370027,0.935819021979471,0.9303250166094209,0.9349466015379183,0.937517340498842,0.9323964562508071,0.9379305016282662,0.9338242039305006,0.9299186091309809,0.9331462902806962,0.9314435374088986,0.9361146723408017,0.9374884824181862,0.9325393827841597,0.9331340284386287,0.9355582200803981,0.9320125724366595,0.9315563301198432,0.9374627433495469,0.9337661257542688,0.9301320910795465,0.937152823016729,0.9358354178848853,0.9362456383510612,0.9318565828590734,0.933138374339487,0.9382926522379145,0.9295434435593743,0.9314437677508621,0.9377786063254325,0.93027824263977,0.9339146362983597,0.9370864946101097,0.9292128138678232,0.9354448496119732,0.9332335649368522,0.9339467863815261,0.9360578701320706,0.9311251543827831,0.9340994383545398,0.9310226082276796,0.9333185111528024,0.9345612108439744,0.9355753416214836,0.9338638809084675,0.0023839161056382363,53
809.5302695536614,259.4900383677791,2.3815228581428527,2.31154871306489,0.0031108326056301064,11,0.5873960594492682,2,4168,0.6737716992635644,"{'learning_rate': 0.0031108326056301064, 'max_depth': 11, 'max_features': 0.5873960594492682, 'min_samples_split': 2, 'n_estimators': 4168, 'subsample': 0.6737716992635644}",0.935075920857578,0.9323527856850485,0.9321365395949907,0.9285486696455404,0.9291309957930259,0.930150108030828,0.9325653654351558,0.9347349337948102,0.9329756633974768,0.9289855455741656,0.9327749786994147,0.9324736098397033,0.9327371218371869,0.9303360453378252,0.930844840711641,0.9327715575722793,0.9272758579847433,0.9332449396469439,0.9293143848917096,0.9315973043858556,0.9303909931762993,0.9284688156497959,0.9336820915078052,0.9314357995738641,0.9323329902369075,0.9279698297698702,0.9342944233208165,0.9312365974642296,0.9296769173552409,0.9337503450545157,0.9315079894617941,0.9355290299459741,0.9331266274804513,0.9332624343706598,0.9262347152258106,0.9313387919391765,0.9338067110234357,0.9331366225320838,0.9313704710917394,0.9291766994670926,0.9313422588603048,0.934911127333261,0.9290391691652861,0.9303948001131921,0.9310031799931648,0.9323611930269172,0.930640069130457,0.9305785961281006,0.9307811137697535,0.9333263493021443,0.9285614363895194,0.9312255435166241,0.9311030794301176,0.9335561852745196,0.9327916402718961,0.9340925160698953,0.9324385081446167,0.9321798917817734,0.9291569853914035,0.9317113484013511,0.9339051058188875,0.9311542961249687,0.9352481263152597,0.9306458136149427,0.929159051621751,0.928822739661662,0.9273130979987704,0.9358839246840215,0.9345544171288245,0.9307715134502206,0.9299123613912514,0.9343687971944074,0.927563551521982,0.9296797573779269,0.935963658672434,0.930506020349252,0.9274303270794322,0.9346572605980236,0.9320046083018366,0.9333143733939767,0.9300774423591813,0.9333225303173993,0.9348492177532987,0.9283633822711004,0.9285045229281583,0.9357396007965149,0.9273727214578857,0.9313392634076505,0.9347967350825297,0.9280819259007412,0.9327174835347497,0.9319056598853133,0.9322617426987841,0.9340318427369568,0.9292940127594829,0.9321469506043092,0.928582465788673,0.9293325403846515,0.9322259462966715,0.9323181138132134,0.9315307395893488,0.002294578906116266,97
361.8119157314301,153.4957497524603,1.0115302586555481,1.0338684333210078,0.07366219007900414,8,0.4393497366621478,2,4168,0.5551923148256198,"{'learning_rate': 0.07366219007900414, 'max_depth': 8, 'max_features': 0.4393497366621478, 'min_samples_split': 2, 'n_estimators': 4168, 'subsample': 0.5551923148256198}",0.9374103222228689,0.936449446024651,0.9344401926962348,0.9313733656960035,0.9339072635710496,0.9338330464668623,0.9349061705819294,0.9372716697272305,0.93700235034072,0.932426707114816,0.9340167122162408,0.9348166153747395,0.9378358307679187,0.9344090923331065,0.9345207055927129,0.9354382957595352,0.9303076800599045,0.9393613067149101,0.9340194357772462,0.934917241603175,0.934876886609162,0.9317408467346684,0.9381875045599128,0.9358581182331877,0.9366127985129277,0.9336186315188272,0.937163878460681,0.9348898252304196,0.9340458657539774,0.9360421195320696,0.9344163058595275,0.9396942822167623,0.9368383870975541,0.9363465298214828,0.9301736292036027,0.9338141494958494,0.9361701170365845,0.9358099012685926,0.9350098855948284,0.9314456522693513,0.9366878575187855,0.9380537372859737,0.9318544826873313,0.9346155835578697,0.9355302986263712,0.9377225990919137,0.9341424750498278,0.9328640403962853,0.934910840347956,0.9369827144495655,0.9310985148617678,0.934018679547575,0.9357995825506175,0.9373501969084346,0.9348552652630341,0.9393099346199496,0.9349396686612865,0.936698671567939,0.9312104256038328,0.9367431372008788,0.9382189187258565,0.934712586436829,0.9393875134951571,0.933189264141128,0.931373150556186,0.9340036742879626,0.9315584965870293,0.9397586578918142,0.9388202472117086,0.9345571941863295,0.9339485007515739,0.936175165526322,0.9324567982242484,0.9343199998362519,0.9394708206633828,0.9341780401307844,0.9330614113370261,0.9359945662079415,0.9366143665174341,0.9373373451920595,0.9341917866436708,0.9358671147783204,0.9393608858152832,0.9313247526967863,0.932995524887987,0.9387949209197847,0.9315623739191268,0.9362397459012587,0.9376750871296263,0.9298162223774642,0.9371869053437842,0.9340211721163564,0.933903515166101,0.9373021675666195,0.9323553363974206,0.9356664303574214,0.9337012585858586,0.9354023691998813,0.9352001493792131,0.9360273838964391,0.9351453929243445,0.0023476244631361167,38
662.8561745548249,231.60050013967816,1.2312709498405456,1.2039405572590645,0.0028332686506026515,7,0.5985978666870624,2,4168,0.7666072141879023,"{'learning_rate': 0.0028332686506026515, 'max_depth': 7, 'max_features': 0.5985978666870624, 'min_samples_split': 2, 'n_estimators': 4168, 'subsample': 0.7666072141879023}",0.9231680395311358,0.9198735223434973,0.9183115789804797,0.916671801810499,0.9138491405955014,0.9158067878384692,0.9204927937455558,0.9231413162859824,0.919755514824951,0.915011081706866,0.9194166476160541,0.9191379443113764,0.9202417273129648,0.9192544894213627,0.915773828263071,0.9193067837549865,0.9153970033140802,0.9210846357761914,0.9159289174834292,0.9192135336704984,0.9165280955000666,0.9165741519266277,0.9203450752779054,0.9191920886051523,0.9199553248995015,0.914074135448996,0.9231083195813021,0.9178185914754228,0.9168998051100551,0.9206470499036395,0.9162182901218907,0.9242018118092711,0.9208392927335779,0.9192985203687571,0.912395223066421,0.9186362875133773,0.9214173559866544,0.9193430159363024,0.9172547260263554,0.9161671118355003,0.9186914183885768,0.9221057221017569,0.914786357193789,0.9184093669464984,0.9185808338044719,0.9204424502719732,0.917468186546521,0.9169928186089603,0.9175716974378514,0.9193581773058579,0.9161180922443092,0.9170693358690989,0.9172780444802601,0.9211249133999222,0.9196919828116248,0.9219808255449791,0.919900952349747,0.919696808634721,0.9138451826753589,0.9187377601775061,0.9185984574416239,0.9189248790098691,0.9234568694015577,0.9178175828062781,0.9146679623113068,0.9163114672123893,0.914040903830939,0.9236093753001524,0.9212979376959196,0.9170867650826104,0.91751609562572,0.9212908444478654,0.9143073588596434,0.9157445860438167,0.9226688639038216,0.9164124448995572,0.9142193278861658,0.9215965347792971,0.9198513382570909,0.9208386475710626,0.9159147105524088,0.9218189825682914,0.9220161266435823,0.9155366962815494,0.915831988428695,0.9239796514455295,0.9137698767002695,0.9180490079381025,0.9219029762499857,0.9143400773560386,0.9192664598491248,0.9186186016643234,0.918781087938988,0.9204805773377838,0.9169610224979721,0.9197759102575244,0.914892097771004,0.9171926746331808,0.9199482322460443,0.9198576953990996,0.918507949846337,0.0026969600647423755,172
563.4733128976821,211.68161805033554,0.5021081852912903,0.504918628374755,0.2078842538782157,5,0.5999444960895808,2,4168,0.9193506699558507,"{'learning_rate': 0.2078842538782157, 'max_depth': 5, 'max_features': 0.5999444960895808, 'min_samples_split': 2, 'n_estimators': 4168, 'subsample': 0.9193506699558507}",0.9294159687334953,0.9274797965837449,0.9289604116031706,0.9260677877265812,0.9242225096977497,0.9252724444612193,0.9284433478814172,0.9298544051373806,0.9268422014479496,0.9241393254662257,0.926900056320017,0.9267172475006812,0.9296340716298646,0.9293193951758605,0.9265645898074191,0.9251370391608905,0.9227440274449205,0.9291436139413771,0.9255815155612128,0.9264178397541597,0.9265358124502481,0.9249992604179498,0.9312458229833794,0.9284764543190612,0.9286624644693526,0.9255689140186975,0.930349330484482,0.9279008386485381,0.925927229551404,0.9270031884011589,0.9237550823469212,0.931985015437376,0.9295382103959204,0.9276930609058607,0.9214985710621335,0.9280927875147436,0.929874709206615,0.9282204254683908,0.9249172125975222,0.9280378354048048,0.9259046228976017,0.9320760016673899,0.9213356803859795,0.9265950444777846,0.9272175521889874,0.928647205145953,0.923350222290693,0.9275149744190146,0.92784558665986,0.9291929861858668,0.9237123729338885,0.9238274885018074,0.9275495337535397,0.9312989546761908,0.9280307714057643,0.9305813325663862,0.9268951922856573,0.9283157373583866,0.9233910982907592,0.9283691242192762,0.9292840491774736,0.9252556586287424,0.9333654007935097,0.9244811338252,0.92419932281301,0.9259547324414068,0.9220572309987851,0.9298757087476948,0.9285217767870506,0.9292280415856156,0.9257716390810251,0.9270670826716109,0.9248123355912892,0.9255859196535444,0.93350139473616,0.926103614490417,0.9245493767481638,0.9313302593817555,0.9288968284131157,0.9279042470584807,0.9247549388857602,0.9287949615927082,0.9299152369406635,0.9239506928592115,0.9272854908043388,0.9303036632908427,0.9230087086088123,0.9271427584100862,0.9268389810911242,0.9225409720397058,0.9294079047886374,0.9257905616187182,0.9273513464824151,0.9283572238381954,0.9268330042401787,0.9251280161332143,0.9235306705992403,0.9263903753780234,0.9284228954664786,0.9281445489202571,0.9271243000904335,0.002545814222335788,142
1295.503841216564,389.98332845759495,3.0436092734336855,2.8435682651408696,0.00407067039939574,13,0.7756179978787981,2,4168,0.6771670832896792,"{'learning_rate': 0.00407067039939574, 'max_depth': 13, 'max_features': 0.7756179978787981, 'min_samples_split': 2, 'n_estimators': 4168, 'subsample': 0.6771670832896792}",0.931634881785841,0.9291844290732567,0.9287135730455373,0.9255186668346971,0.926798073462576,0.9277850422530366,0.9298858782270796,0.9316832093460018,0.9306421581973183,0.92623926083696,0.930532264245849,0.930099369643856,0.9293498929955288,0.925817690439367,0.9273779536645221,0.9299422828414822,0.9237842308599329,0.9300432518043131,0.9260306957982517,0.9284203266162846,0.9271135783865226,0.9254345942090695,0.9302412320225847,0.9280671950630632,0.9290073004510068,0.9247135487751569,0.9304884581588972,0.9284640142162089,0.9263416362108784,0.9309577588568658,0.9291122165224257,0.9325042527766574,0.9302544513714042,0.9305384193257166,0.9227698701921597,0.928314366900467,0.9313189749151227,0.9302978634095653,0.9277615574883211,0.9258866031021874,0.9282645263532017,0.9318504090861117,0.9260084804468246,0.9268073279055005,0.9286255403622845,0.9296609524349646,0.9278115134977304,0.927269870017591,0.9281329223667752,0.9299131464600827,0.9249362689684186,0.928264401260066,0.9285662384967248,0.930304088351026,0.9300689783040664,0.9306662168577409,0.9301252308143588,0.9300834458598494,0.926241303063709,0.9285537816027002,0.931563532094581,0.9278827301595836,0.9321950608339703,0.927619754598427,0.9261990040244424,0.9258871038863973,0.9243041488005386,0.9327882078775188,0.9312718163677642,0.9271430828697357,0.9277997274710577,0.9313446377716026,0.9246465358098039,0.9265712289845509,0.9322097242656515,0.9275793820888023,0.9247685221065771,0.9315516780004838,0.92805952237086,0.9290273582969047,0.9272729101494057,0.9302601416244582,0.9323949562665459,0.9252645487006538,0.9247572026122362,0.9329899128569542,0.9244616845041417,0.9280904694992917,0.9318943884165538,0.9256811930832134,0.9290162868128777,0.9288069320707693,0.9297253646845056,0.9305959569169661,0.9258704326560262,0.9300015510418045,0.9250943616601894,0.9255975987183347,0.9288144503431505,0.9292989671975438,0.9284752773533057,0.0023557393830764364,132
527.5677885460854,213.9326290935868,2.3720227885246277,2.3483649870545316,0.014571905849303018,12,0.33503216233857,2,4168,0.6737982711417441,"{'learning_rate': 0.014571905849303018, 'max_depth': 12, 'max_features': 0.33503216233857, 'min_samples_split': 2, 'n_estimators': 4168, 'subsample': 0.6737982711417441}",0.9389359544506809,0.9356056680293375,0.9358680957637728,0.9321138768518107,0.9328338776963239,0.933928638616782,0.9363488101372182,0.938264131631363,0.9374512006629666,0.9334969217518163,0.9356728337626983,0.9362179284905366,0.9368349052342947,0.9341127908303963,0.9338847366602393,0.9353053130337757,0.9307030170779305,0.9375367236210276,0.9331691520712235,0.9359441316552392,0.934897337854103,0.9320938385046479,0.9369355732231852,0.9356601533881335,0.9362927239730174,0.9327719621792535,0.9377857732659001,0.9350783950475903,0.9336115502110334,0.9373786200153162,0.9357328290998346,0.940015032123094,0.937009335153999,0.9371448797341448,0.9304495746944578,0.9346506697859162,0.9372004242561688,0.9364633995552263,0.9344769371960069,0.9335822311221132,0.9357964885683244,0.938331627835845,0.9327510709341083,0.9340634480970353,0.9349002947462315,0.9361672283975274,0.9347239843330707,0.9349557809862064,0.9355117870629458,0.9368119720874757,0.9333069935462734,0.9353113830573325,0.9362207077788216,0.9369043318552589,0.9363577440197939,0.9376063300953659,0.935615676894914,0.9359887347774715,0.9331998641019654,0.935926689639659,0.938733180704754,0.9344432859187339,0.9390907797571431,0.9348401477221359,0.9335061479691584,0.9325607870250067,0.9314356073568387,0.9395126596249325,0.9379173272080018,0.9340442673850538,0.9339072290244419,0.9374479449404374,0.9318011705677214,0.9335408828310098,0.9402329171579047,0.9342636484542917,0.9314079167289381,0.9378640075983943,0.9364308482043994,0.9373891458712853,0.9341796151849299,0.9367272113624678,0.9381640971236526,0.9327481868442689,0.9333888657866637,0.939197041378261,0.9315473856728623,0.9356806696727299,0.9384363221498653,0.9311920774954155,0.9363411751833737,0.9361440877509228,0.9361682017651842,0.9375333653700688,0.9324074451857433,0.9363332308194887,0.9324794359270723,0.9339406094222433,0.9364610756021906,0.9363295464518249,0.9353968163542803,0.0021969415150634086,34
719.02440731287,247.42091238345233,0.7715088987350464,0.7703639847593389,0.01811151984115001,6,0.730009964172333,2,4168,0.733381595886742,"{'learning_rate': 0.01811151984115001, 'max_depth': 6, 'max_features': 0.730009964172333, 'min_samples_split': 2, 'n_estimators': 4168, 'subsample': 0.733381595886742}",0.9360634408300108,0.9329920157752507,0.9318634584874933,0.9296576889417039,0.9288954323573955,0.9299638105689108,0.9333684195368099,0.9346730025937113,0.9332771302953264,0.9292733621731604,0.9322619363648419,0.9322042342891949,0.9344792793978755,0.9325676283996909,0.9303105141878791,0.9322843577361357,0.9276910849576747,0.9359077655519425,0.9300603754214869,0.9325844702412667,0.9315195126188954,0.9312188338679049,0.9345163642031824,0.9318637554618828,0.933227463382417,0.9295868782940941,0.935727787541978,0.9310407315052002,0.9304941075599305,0.93373645679797,0.9299454781587777,0.9365124585342234,0.9335190496290431,0.9331156490335054,0.9265445161638831,0.9314650397533253,0.9341961705202999,0.932559896432826,0.9313852681010569,0.9297484257708044,0.9322964147229991,0.9354491580008242,0.9291686182125103,0.9298343761656063,0.932140008502757,0.934045032907558,0.9304244032045499,0.9305674059304678,0.9309061744263954,0.93391068159218,0.9291750364157637,0.9306980600731682,0.9307145221030997,0.9354245024880554,0.9324769231549985,0.9357644096247211,0.9327126402225964,0.933272060289402,0.9282227379905141,0.9321739067566706,0.9334571166320171,0.9308108605598989,0.9359598584861418,0.9313704726414036,0.9289569846943928,0.9300063164358108,0.9281950169150552,0.9364024483496645,0.9353566159705252,0.930236816293802,0.9314407728539004,0.9336478662118097,0.9286512925505943,0.9298526835269147,0.9375047986980133,0.930535834881354,0.9286158261199879,0.9345123445002471,0.9335558100772181,0.9338080804029844,0.9293393116756942,0.9343990377866727,0.9356413595270181,0.9284274644499786,0.93013810767838,0.9364606950106855,0.9288265666252644,0.9318802461030005,0.9347362810490092,0.9284326424569329,0.9334880944262235,0.9320117677239848,0.9327792915946499,0.9336954951438524,0.9308373064557149,0.9328292301433001,0.9289499523579229,0.9312256538416356,0.9330940162907195,0.9334109611770318,0.932051616225432,0.0023807200493198848,78
1196.674934990406,366.19774338746146,1.2205457925796508,1.2056618004108068,0.024451857832937164,9,0.885422313074065,2,4168,0.8468434481960752,"{'learning_rate': 0.024451857832937164, 'max_depth': 9, 'max_features': 0.885422313074065, 'min_samples_split': 2, 'n_estimators': 4168, 'subsample': 0.8468434481960752}",0.9378576808338239,0.93731318168742,0.9354419417322651,0.9328262239271687,0.9331542553810327,0.9350625517786076,0.9371069949838224,0.9374754696798081,0.9377840273738803,0.93348331217744,0.9366535631184703,0.9367684173111925,0.9373601557094342,0.9339627781181846,0.9353931446024806,0.9355367593363283,0.9323152937970011,0.9380616436726301,0.9322931810393323,0.9351532012637611,0.9359309444367312,0.9334503947679386,0.9366574996431821,0.9360162001385444,0.9374474414532932,0.9327678372543274,0.9375706783560237,0.9356554225932396,0.9339041151860975,0.9367594271207115,0.9347965321180286,0.9397703170474278,0.9383044643457439,0.9363986655479934,0.9290528502991348,0.9350878218076984,0.9376632753413529,0.9358478747231334,0.9355452244259129,0.9334941808037905,0.9358396150696371,0.9390300660169467,0.9325020342209549,0.9337225942122169,0.9356961565032543,0.9363939757055382,0.934431703395554,0.9346694498569397,0.933556084028549,0.937108087244722,0.9320535254295015,0.9345650185727614,0.9361373722159088,0.9376176034157796,0.9353041378017449,0.9370913573673961,0.9371779100617436,0.9374136418972254,0.9339183691707872,0.9364655595946851,0.937775190088314,0.9349245216344937,0.9389289389888194,0.9355449426853014,0.9324022348574101,0.9337317994101753,0.9321751033515062,0.939382307507186,0.9380774805348072,0.934288864231006,0.9351949299746793,0.9387404552773677,0.9330704858156474,0.9341546806551857,0.9384493584842306,0.934526715499784,0.9317918853231982,0.9385331544492738,0.9363576260830953,0.9363114968910011,0.9342155622571354,0.9367813657971257,0.9387736676017503,0.9313926133872801,0.9335086357842721,0.9397050749169892,0.9324044906953084,0.9343357473525049,0.9384834402613069,0.9324393344169786,0.9373620521656023,0.9351502300226158,0.9363475719469192,0.9370898024245633,0.9332950114012217,0.9364796300755034,0.93150196556454,0.9332217602816021,0.9363976015994713,0.9368075650076848,0.9355387450141908,0.0021802329450985127,31
1087.3340370202066,315.30993482216843,1.4392998385429383,1.4277807852104276,0.007450666443838127,9,0.8912789471378522,2,4168,0.7398333987787269,"{'learning_rate': 0.007450666443838127, 'max_depth': 9, 'max_features': 0.8912789471378522, 'min_samples_split': 2, 'n_estimators': 4168, 'subsample': 0.7398333987787269}",0.936462308746922,0.9348214075991887,0.9338856913662756,0.9310127339381642,0.9312783413491138,0.9328946730843414,0.9351667214414846,0.9359601261215504,0.9356250055174578,0.9318010335785063,0.9346637841228755,0.9345564525870799,0.9352987591444157,0.9326909065646495,0.9331124774727273,0.9336778764935235,0.9296061640833208,0.936134299563476,0.9314639884249561,0.9327824769220244,0.9334780361098325,0.9313949038061258,0.9349104524672754,0.9337932320761865,0.9346121782030856,0.9310193900685598,0.935968345186434,0.9334946043586769,0.9318834232272761,0.9356330480437346,0.933225307111758,0.9376606072766366,0.9356414906367155,0.934898780806122,0.9273914189540103,0.9337370007709849,0.9359060083416431,0.9340529890200789,0.933176438487396,0.9316004351238619,0.933959352018527,0.9370520623465572,0.9304349865941497,0.9322210716324872,0.9337794650079956,0.9350058561450573,0.9325691082884159,0.9324340421703199,0.9323402873442612,0.9351109577372254,0.930555812915888,0.9329503430246362,0.9339865126031485,0.9363503980389501,0.9343883111308453,0.9360884918097048,0.9352044686328571,0.9350454625971187,0.9314844575506418,0.9336679276939196,0.9361454073708002,0.9331322992487139,0.9380646900201388,0.9336855381660354,0.9301053733898684,0.9317310549655499,0.9300395335251903,0.9378873035443173,0.9367396038447512,0.9317391982506315,0.9329471083474817,0.9360585112513718,0.9304958392051352,0.9317255869809556,0.9366340234035457,0.9323184082060603,0.9300634411040979,0.9372156931531483,0.9344145533138777,0.9351230084479928,0.9320615697586365,0.935717824859167,0.9367423488958706,0.9301278336581192,0.9320960995086759,0.937889926948409,0.9303375619943114,0.9329397552119356,0.93703219929466,0.9306971560094908,0.9353774393506663,0.9339110594557939,0.9349076211327569,0.93508532966167,0.931345585898912,0.935077912764929,0.9302765379107895,0.9314145585502549,0.9348638491010974,0.9349892135203443,0.9337016025270729,0.002222496732995041,55
876.4019249796868,321.1321116012905,1.860606710910797,1.872596011616673,0.07971189763535122,12,0.5817422573446251,2,4168,0.6995322018780352,"{'learning_rate': 0.07971189763535122, 'max_depth': 12, 'max_features': 0.5817422573446251, 'min_samples_split': 2, 'n_estimators': 4168, 'subsample': 0.6995322018780352}",0.9319095612528752,0.9293820761867457,0.9289799226974268,0.9269937873439674,0.9279552447399187,0.9262837254769561,0.9305286791614071,0.9331974217181139,0.9290451703951907,0.9269885160529994,0.9312860326121317,0.9295988586091419,0.9289731682713012,0.9268653610878742,0.9267715149917657,0.9300807323982568,0.9245547474893822,0.9292662323454581,0.9271093413563968,0.9284675973921978,0.9268398034609966,0.9244862721159477,0.9292285946096703,0.9283685346191529,0.9284918953508643,0.9258613140576417,0.9308423246705503,0.9286533378768168,0.9266985364808067,0.9310860416235416,0.929716060506102,0.9320965206667144,0.9315798786789525,0.9309806015869678,0.9219497999037577,0.9284048369092964,0.9313263615789242,0.9303654843246152,0.9271266565114255,0.9272183222848449,0.9264278914510067,0.9316994118429045,0.9266052291296951,0.9277267666474457,0.9292765506010671,0.9303615723354699,0.9272685904988842,0.9281551883307418,0.928571444101829,0.9297811149462014,0.924809992775049,0.9285423179952899,0.9279098440710505,0.9313780020665412,0.9302436286628524,0.9297484985571584,0.9299140582427963,0.9303630732901342,0.9264822304954128,0.9286680418498282,0.9302430455774626,0.9261072548492666,0.9322570846780623,0.9276126757828529,0.9263090294022523,0.9245866904598019,0.9248570412260129,0.9329908340487825,0.9325160634728166,0.9293964273237062,0.926829465796265,0.9311598928667613,0.9254523462492389,0.9291200655037318,0.933317171916141,0.9273807870706121,0.9241150303743375,0.9317048832974583,0.9287864918002551,0.9293693969180099,0.9262659358862144,0.9313205753359075,0.9311240199650176,0.9260461009901427,0.9263585706019892,0.9330473177443901,0.9244000594402493,0.9288353401243072,0.9315386179834502,0.9255540694376536,0.9296182638275708,0.9290579957374283,0.9277600738794499,0.9344126993809636,0.9248553928239567,0.9285466368397179,0.9259438055617342,0.9257451407809059,0.9293919691585355,0.928935250028188,0.9286236183143004,0.002439169483816808,129
1216.1425851631166,377.5085472464106,1.5075838565826416,1.4560754089612078,0.022064956656423867,10,0.8042041362069554,2,4168,0.8535438211675037,"{'learning_rate': 0.022064956656423867, 'max_depth': 10, 'max_features': 0.8042041362069554, 'min_samples_split': 2, 'n_estimators': 4168, 'subsample': 0.8535438211675037}",0.9375707862469143,0.9357141418773988,0.9351863486552221,0.9324055414735196,0.9324141644999491,0.9341417213985408,0.9352045639363599,0.9374513296280025,0.936419988549964,0.933005987102036,0.9355691162257919,0.9354557019256213,0.9364847680689049,0.9333735398299833,0.9344875332587185,0.9352735768074762,0.9302496170192414,0.9369209643502122,0.9318988346194238,0.9342513433821649,0.9344751117651694,0.9326829484553759,0.9364731169623599,0.9342426592253122,0.9346937839920754,0.9318472408797711,0.9368193646937235,0.9338416045493302,0.932514580697484,0.936380701999664,0.9345470207426231,0.938218594086883,0.9366120397961519,0.936052371139367,0.928861267622644,0.9345592009862415,0.9365928742396653,0.9347187087655954,0.9344879198585619,0.9319095820384359,0.9338570491087865,0.937099132473769,0.93198204377438,0.9331829748545253,0.9337249943238047,0.9359140403647014,0.9341014734965389,0.9340839346101054,0.933739261240393,0.9359896445427592,0.9314919872852551,0.9337213181302814,0.934576988953221,0.9366013647397458,0.9349198064534675,0.936952121437742,0.9356580644830763,0.9350007695380642,0.9325885796409819,0.9345154055262085,0.9373794253185698,0.933726009896453,0.9385789326272753,0.9343723822055624,0.931738597498153,0.9316041124106625,0.9319818657697121,0.9382216277436742,0.9367638137175183,0.9343328961220508,0.933267265900719,0.9377573069518514,0.9315942767682381,0.9326690111738778,0.9383607109249221,0.9330277783264198,0.9318081329303125,0.9375537820243379,0.9351785147350898,0.9360267867004625,0.9330750933590423,0.9361564541190056,0.9381030434608534,0.9315080638367962,0.931679982492384,0.9386075903476261,0.9323184728614307,0.9338384698329643,0.9382834344006673,0.9314358493072667,0.9368076029212873,0.9343188221867861,0.9353684651672252,0.9375214129948101,0.9324429750348115,0.9355883614026391,0.9314031322198414,0.9319344488216958,0.9348095934822909,0.9360619841122141,0.9346091769843717,0.002139161739243028,44
528.0788984084129,219.34480017495974,0.9418779730796814,0.9327679155085106,0.06590153608896254,9,0.43662205597382386,2,4168,0.835947868716513,"{'learning_rate': 0.06590153608896254, 'max_depth': 9, 'max_features': 0.43662205597382386, 'min_samples_split': 2, 'n_estimators': 4168, 'subsample': 0.835947868716513}",0.9390086034592597,0.9367353349237721,0.935975171108771,0.9330040878759364,0.934517958032484,0.9349511064419354,0.9372752179869219,0.9382999387417821,0.9390864088401417,0.9331674794646477,0.9355236245310891,0.9364717949487978,0.9374162609154227,0.9356377532332585,0.9355551049065552,0.9362880757965071,0.9320204501126655,0.9378549839071175,0.9350171196449761,0.9349297664760965,0.9349994988510826,0.9338630601742239,0.9388889766329795,0.935821790399993,0.9374641592242928,0.9321468754996951,0.9372475501886464,0.9359849465023197,0.9346952583815873,0.9377279969959724,0.9363372782203263,0.9405148541923773,0.9376416372135306,0.9372333720858541,0.9306845593294995,0.9367452296284632,0.937811232992267,0.9375363627373218,0.9364711259270851,0.9345757385546472,0.937332624168596,0.9386749445784046,0.9330544753640655,0.9353069837865986,0.9358702948863433,0.9368135450412631,0.9346514966899044,0.9354432516983463,0.9362143289508804,0.9389329269099502,0.9330153028295618,0.9360792606475283,0.9358839566525563,0.9374745499404878,0.9375555929501069,0.9390578487281043,0.9357013084734938,0.9350926423239851,0.9340061612592605,0.9370110310541073,0.9383341909550418,0.9357844653989464,0.9408629497514743,0.9357913307160004,0.9324296408826985,0.9339577857498864,0.9324716244408576,0.939185280753879,0.9385058553987963,0.9359265498720138,0.9340618607533432,0.9371434358932498,0.9338169499115204,0.9351422633703416,0.9416098454019164,0.9351623976461532,0.9325569362090895,0.9382852015994637,0.9363241008864535,0.9390613555062219,0.9346930931230973,0.9376334146199912,0.939994649082107,0.9339463601289882,0.9340890088951551,0.940012702906378,0.9328429208974609,0.936544692160945,0.938996112331547,0.9316254257341989,0.9373703079905114,0.9351156822749024,0.9365976192707344,0.9386711784446603,0.9343941626178883,0.9365682733869579,0.9334011549818502,0.9348828903042407,0.9371691305780627,0.9373584792864688,0.9361462155212733,0.0021831069011763716,21
366.7486289072037,193.37409123460054,1.1836893391609191,1.1571967873019606,0.0220164181334109,7,0.4414855848403797,2,4168,0.6048221246088148,"{'learning_rate': 0.0220164181334109, 'max_depth': 7, 'max_features': 0.4414855848403797, 'min_samples_split': 2, 'n_estimators': 4168, 'subsample': 0.6048221246088148}",0.9401311502187293,0.9379647931111712,0.9367706701670296,0.934331163087533,0.934348909656586,0.9351396153302916,0.9379787776574701,0.9396268625429992,0.9377401890568057,0.9347785003306941,0.9370831837447602,0.9370698631988207,0.9388524354910542,0.9373664804234355,0.9353983771803747,0.936599879434691,0.9336195523726384,0.9396475661767868,0.9348349648023205,0.9373352008689279,0.9355496436806823,0.9357005941375717,0.9391733258154961,0.9365965752803717,0.9382616382680845,0.9337333938850249,0.9396459919818952,0.9362810521486278,0.9357273827946474,0.9374735923770127,0.9354471497006677,0.9410868051477663,0.9382582057623203,0.9379578787821744,0.9314461641741145,0.9365043796277283,0.9393367863336796,0.93783718915334,0.9367110811619805,0.9346732991735217,0.9374875844000823,0.9406008185653045,0.93365072003057,0.9360776767179309,0.9376071011916561,0.93825375511293,0.9364978164240352,0.9352419615988782,0.9362798968214269,0.9389988212415799,0.9345488183218221,0.9357824755200522,0.93660104240914,0.9387023856650981,0.9377342813240437,0.9398838914954705,0.9368162211085677,0.9374189755203058,0.9339188754668823,0.9381891158819536,0.9381381764633832,0.9356461334742698,0.9406352698265668,0.9353179741517199,0.9338157344921346,0.9346249789569909,0.9333073936939913,0.9402374149039279,0.9401971525736501,0.9355435200682516,0.9356708463205793,0.9382114966531371,0.9337431177546269,0.9352259323755108,0.9425014964280275,0.9351806881062671,0.9326996680224741,0.9388924506501513,0.9388063745817958,0.9389076455912486,0.9354123091787218,0.9386857904198717,0.9399616196066733,0.9334752707100571,0.9346216201742511,0.9400292170901922,0.9333096621442738,0.9373468255016139,0.9394806620184543,0.9332492424782062,0.9389089501586527,0.9368280515155079,0.9365610275322495,0.9388080128197877,0.9361050273507844,0.9376643388606768,0.9347894712418907,0.9367238348668032,0.9375649772013793,0.9378054366318304,0.9368894731164812,0.0021700870709353355,10
1651.6808582544327,452.7049225823166,1.711956241130829,1.6767459899019677,0.025047557393561622,12,0.8813909601918843,2,4168,0.8610793298222768,"{'learning_rate': 0.025047557393561622, 'max_depth': 12, 'max_features': 0.8813909601918843, 'min_samples_split': 2, 'n_estimators': 4168, 'subsample': 0.8610793298222768}",0.9311897321259114,0.9290219895168053,0.9281330062029698,0.9251302358212418,0.9254707473711948,0.9270353194714711,0.9290261102869879,0.929871239226547,0.9300932188951272,0.9261261243088821,0.9301731710610809,0.9297071826731319,0.9297507786118061,0.9251063124939353,0.9274002727488023,0.9284766404781791,0.9219989158041012,0.9291808754519113,0.9249426616715751,0.9275739051758194,0.9266098894173034,0.9240183117528652,0.9293185396335718,0.9271687510976793,0.9275852047047508,0.9248688841102872,0.9288856110285778,0.9269929628316513,0.9252828143377095,0.929876365901528,0.9279713013704225,0.9325410360035914,0.9299563106886074,0.9292114062673411,0.9212519839546899,0.9267454436762936,0.930634762599877,0.9287976850602688,0.9276493715670345,0.9257312398220013,0.9267052055871625,0.9308092032040021,0.9255660440429415,0.9253237931732124,0.9269021577643166,0.9282917990079731,0.9266164170601271,0.9267499083493234,0.9269268435310133,0.929173528580934,0.9245126810942932,0.9276826968420867,0.9284437152901788,0.9302926443441091,0.9291938611925428,0.9291993309798179,0.9294565022799901,0.9288839400575747,0.9263555410628969,0.9286782546449208,0.9318419116550893,0.92635759257002,0.9308614096595058,0.9276050852308351,0.9261642242864061,0.9243868007618729,0.9241831285756357,0.9321703891318113,0.9296086264681935,0.9262459228188316,0.9274234396294041,0.9315283624391131,0.9239195503778811,0.9257629427194263,0.9312389257423701,0.9266972419783253,0.9245153415446195,0.9305088692919495,0.9274832527471834,0.9281716156508929,0.9269749781831305,0.9286028662588185,0.9320775400206335,0.9245275699803163,0.9246507311751946,0.932552466086921,0.9242896113408554,0.9272201998170422,0.9314472259427681,0.9252988957287799,0.9282335462612993,0.9280807718198701,0.9291604249178804,0.9305947778616309,0.9244956007072981,0.9299603972993243,0.9232395958612155,0.9242917513130937,0.928461420221623,0.9284029166204838,0.927715083040105,0.0024185753945062368,139
940.3650812768936,339.88615732698247,1.5801396560668945,1.5644366610127263,0.0965879569053994,11,0.4613387362619372,2,4168,0.854442074247118,"{'learning_rate': 0.0965879569053994, 'max_depth': 11, 'max_features': 0.4613387362619372, 'min_samples_split': 2, 'n_estimators': 4168, 'subsample': 0.854442074247118}",0.9341108968950117,0.9316858347984467,0.9312945375332845,0.926785689996261,0.9268744460926385,0.9286953147930621,0.9301662157006478,0.9332902680167786,0.9322865796429476,0.9267026212377875,0.9319451862898877,0.9293075359213897,0.9312825462295711,0.9283924826466041,0.9305818375147635,0.9299433051931915,0.9245154505471153,0.9310725634378676,0.9292887241746197,0.9302697099357664,0.9303939753625784,0.9265387320085996,0.9325921531372059,0.9311017638106822,0.9306654877995426,0.9279500263558567,0.9312194491429202,0.930125796707304,0.927815851299893,0.9313518308622377,0.9299994195392519,0.9340123168092913,0.9331076520431885,0.9317443809305186,0.9246765411983441,0.9300417731813656,0.93262453649772,0.9308313280749092,0.9308975312860903,0.9296943220210819,0.9313802386452736,0.9324697909487867,0.9281454104040855,0.9296103455994202,0.928204067817568,0.9328522566148831,0.9305745336606146,0.9292599962919119,0.9292483053740316,0.9308495714311399,0.9274312716257528,0.930287748785037,0.9322574912343139,0.931773068282423,0.9310313012762259,0.9327371019748444,0.9321040982778179,0.9307318894469668,0.9286268310568834,0.9316395262485041,0.9329376689285442,0.9288191024594533,0.934030113839648,0.9284011800742967,0.9276374332148166,0.9276413506434052,0.925904612666457,0.9328942674181688,0.9325737203147085,0.9310710957417133,0.9287580990734676,0.9316939735855025,0.9254753972374477,0.9288495604541523,0.9352280244585445,0.9293426479964783,0.9256581315156247,0.9332104377711465,0.9309897531903778,0.9335878860946417,0.9296094735260825,0.9297019713078409,0.9334785676719162,0.9278735806189902,0.9278267544032446,0.9351256823145775,0.9268077922571745,0.9293708265080469,0.9332037347195038,0.9274715748227719,0.932851133807149,0.9292353516732433,0.9315600389310834,0.9332901658782975,0.9278084484670699,0.9321414078632008,0.9284195772076461,0.9274463705684881,0.9299189113605283,0.9300129917429736,0.9302495027199114,0.0023377771663348396,114
544.593599023819,277.86297804046444,1.2089134025573731,1.2082088926681898,0.08846151865692825,8,0.5047377130664709,2,4168,0.6444622861050796,"{'learning_rate': 0.08846151865692825, 'max_depth': 8, 'max_features': 0.5047377130664709, 'min_samples_split': 2, 'n_estimators': 4168, 'subsample': 0.6444622861050796}",0.9378132453465671,0.9355001976830835,0.9349495643614641,0.9322478541731211,0.9327973957661964,0.9335317732200942,0.9350082798586555,0.9375985490381145,0.935647667347979,0.9328468688916793,0.9352285402859222,0.934462670528208,0.9372483728270595,0.93460761696772,0.934146483751556,0.9340406879078994,0.9304133764089455,0.9377560334524243,0.9321636378429665,0.9340973597202821,0.9337916174152071,0.9322000150780454,0.9363845752301563,0.9361985336069392,0.9351273759580505,0.9342982494030104,0.9362226166991194,0.9344842074729736,0.9330693761451236,0.9349876042934421,0.933501667953401,0.9359655585304907,0.9353216185132187,0.9358228544152358,0.9291204838696108,0.9334768391670045,0.935983213257824,0.9354090364168762,0.9344909083817168,0.9329145215940213,0.9356395485332778,0.9384946216085238,0.9307149727898074,0.9334750097713422,0.9346028701433946,0.9355749251785281,0.934022985640408,0.9334743210893229,0.932970833067718,0.9361220009396316,0.931696963483164,0.934354346818239,0.9350491670888055,0.9362658440526297,0.9357703962661633,0.9370158904459941,0.9352324799046938,0.9350539984814693,0.9313939554821713,0.9359834122320907,0.9361482319509676,0.9333268374224962,0.9376179719978552,0.9323521904089561,0.93104295555826,0.932623256045622,0.9310218446120998,0.9380086228968061,0.9368480402329578,0.9347166925233235,0.9343758008338934,0.9363913824773314,0.9308125164938194,0.933844712901663,0.9391154482974099,0.9340095601081063,0.9311940008333315,0.9350147290630413,0.9344121547866542,0.9360125435781504,0.9344895636811663,0.9359306159569534,0.9375232948501704,0.9315000742285233,0.9329879473807103,0.9380109166723205,0.9297141445497121,0.933998928201881,0.9369714363691031,0.9300478863506727,0.9380500365927368,0.9341239187544121,0.9354901590528529,0.9390820539468523,0.933364048491098,0.9345911049148531,0.9316557171711034,0.9339339958912088,0.9358795559182435,0.9359702554509436,0.9345599073924704,0.00213514918217449,46
1445.590916571617,459.31455661283616,2.2037332391738893,2.1503857028067945,0.003362102626007117,11,0.8750565330562627,2,4168,0.8216755337420458,"{'learning_rate': 0.003362102626007117, 'max_depth': 11, 'max_features': 0.8750565330562627, 'min_samples_split': 2, 'n_estimators': 4168, 'subsample': 0.8216755337420458}",0.9313165463799697,0.9294966957168367,0.9289175339284398,0.9256629034072859,0.9260095303175843,0.9273235027203567,0.929533041483983,0.9313323018078853,0.930253864031518,0.9260090602465196,0.9301088382329029,0.9299792530328912,0.9298224439230385,0.9260084655800833,0.9278231670567352,0.928934813852497,0.9235160309189017,0.9301447418753571,0.9259313564765335,0.9280698068958231,0.927847233032647,0.9249758043817551,0.9296502679778909,0.928521661311559,0.9288984422871465,0.9246654243762562,0.9307634319277946,0.9280598570215222,0.9265314040766435,0.9305584059733284,0.9287062415936507,0.93230001799577,0.9305696992863397,0.9301781004896368,0.9221490740526487,0.9284766328263843,0.9310340557997389,0.9296184332886789,0.9278064110817815,0.92589884675311,0.9280338981789357,0.9314909565645141,0.9255652398653708,0.9266611339611399,0.9275190562524174,0.9292661474559013,0.9274305460890453,0.9269511273704587,0.9275593898551587,0.9295651529078734,0.9250242883470319,0.9274031292730285,0.9282578591704178,0.9305038891435391,0.9295167575341264,0.9299659992583119,0.9298583915870069,0.9298153898043148,0.9262040724812357,0.9285678862617439,0.9310948745321177,0.9277142323061146,0.9318706895784655,0.9282605629567303,0.9256055248642785,0.9255761223497214,0.9246101477408086,0.932948603869624,0.9311880370920372,0.92711701912287,0.9277732894092214,0.9314500639743686,0.9246297845539816,0.9263702470970754,0.931472681612772,0.9273840988206016,0.9247529144387121,0.9320447658334955,0.9284028904711563,0.9288332430848585,0.9272605067754875,0.9299789314147979,0.9321000167114927,0.9246095587407763,0.925121767654463,0.9328166780986871,0.9249384932745431,0.9270626649324194,0.9317736981222178,0.9257844198068244,0.9292267534088114,0.928682903853239,0.9300137513954337,0.9303434248421145,0.925453146558036,0.9298425651271546,0.9247283959413239,0.9250608203974647,0.9287092218932691,0.9295662647749336,0.9283073743221351,0.0023423300896075355,134
547.6863090348244,221.19363008525366,0.7225249385833741,0.7292113801039003,0.11667952049666686,5,0.743730469582262,2,4168,0.6200136858032161,"{'learning_rate': 0.11667952049666686, 'max_depth': 5, 'max_features': 0.743730469582262, 'min_samples_split': 2, 'n_estimators': 4168, 'subsample': 0.6200136858032161}",0.9341099197958255,0.930566474996978,0.9290807382467587,0.9283006173553853,0.9279667018428996,0.9281073319466697,0.9319872666523751,0.9335409963474164,0.9312263106712247,0.9266404385842044,0.9307807834448913,0.9300901666482734,0.9323538506312028,0.9308665492371015,0.9276506150266429,0.9290371760667973,0.9265240487780183,0.9342414342586588,0.9277495133883739,0.9311189286558794,0.9284838451429566,0.9288547554899805,0.9332534008125659,0.9294047754813822,0.9317080676851797,0.9277478492959703,0.9327593440602829,0.9283998231051552,0.9292585084779661,0.9308939061538224,0.928534622392671,0.9350276020263077,0.9305849387293708,0.9317703970997246,0.9244618270242068,0.9278464655350206,0.9329025431275396,0.9308851403030958,0.9316777992519953,0.9304127837385638,0.9312339736288062,0.9340009985007809,0.9251999045933568,0.9267678505629124,0.9328788871102958,0.9327417937461515,0.9282611374490992,0.9289129187076992,0.9300669260554442,0.9321986661679683,0.9271685587295586,0.9296302083748406,0.9289967109192706,0.9309891937878784,0.9323040251624202,0.9331886519888464,0.9295592769403055,0.9315057450960884,0.9268685771902413,0.9305645710782972,0.9330598287546158,0.9290646819540173,0.9339039105976668,0.9282467585450173,0.9270876615242227,0.9306018810932755,0.9263444307455081,0.932611063750366,0.93517374725939,0.9294179227029495,0.9299648726246496,0.9304891442324623,0.9270953803877908,0.9274585907922975,0.9371255761948056,0.929730259881851,0.9278079050224318,0.9324741772717517,0.9333698202436271,0.9309307037823482,0.926613479253285,0.9329540812936554,0.932755377899099,0.9263708604994773,0.9284792133694106,0.9316612801363306,0.9270840639438895,0.9299632221705337,0.9333609828937577,0.9272080856726074,0.9325305394690667,0.9291782655497682,0.9297194615678307,0.9327456788219303,0.9289241124160775,0.9320777651763398,0.9283253759449335,0.9293878000983544,0.9297796519709669,0.9320452001994131,0.9302296964900737,0.0024575691433844486,115
1219.2208208441734,365.81191144498626,0.8898768496513366,0.9063217489039276,0.02841217831524539,8,0.9029246761915235,2,4168,0.906996666315752,"{'learning_rate': 0.02841217831524539, 'max_depth': 8, 'max_features': 0.9029246761915235, 'min_samples_split': 2, 'n_estimators': 4168, 'subsample': 0.906996666315752}",0.9392516826319754,0.9370848141117307,0.9351293468081187,0.9334769437072825,0.9330409151051117,0.9349600846381225,0.9368514730313618,0.9378257453431346,0.9372554779361519,0.9335757326138355,0.9365852223511362,0.9362527816557079,0.9373861781867749,0.9353319367397461,0.9347733293520868,0.9343453132776799,0.9313222430139843,0.9374393352345816,0.9326529848776944,0.9351548661382809,0.9356159961754247,0.9329696910962282,0.9361132687408947,0.9360610894896398,0.9360264418155261,0.9319582136891952,0.9371876519160108,0.9353689749065913,0.9340070923371261,0.936371945928972,0.934960952095732,0.9392541328967148,0.9378209132456989,0.9361787619545041,0.9295054704425072,0.9362266402897923,0.9386854898326419,0.9354274749354708,0.9355095965285218,0.933973998508252,0.9355318430361458,0.9391171051996047,0.9326342289481897,0.934296840658858,0.935771738667477,0.9372687186543318,0.9345786672661106,0.9346630042873059,0.9340830194142072,0.9368839889730124,0.9329046905631719,0.9348816419765861,0.9360540198963941,0.9378576487939725,0.9365794634686385,0.937822425577216,0.9366277466700051,0.9375856334763024,0.9327240800454082,0.9365438927723602,0.9380901756563592,0.9339135381784771,0.9393457115466873,0.9357456204630495,0.9318212457385426,0.934425600313436,0.9324983633082946,0.9398730311766174,0.9383087864585908,0.9339202887699792,0.935267774268948,0.9384490675466138,0.9328435629746601,0.9344664443441594,0.9393297358177084,0.9349108099219943,0.9318533617992026,0.9382049126846684,0.9371195886764322,0.9363798525971425,0.9332369284228517,0.9370961699462836,0.9387007644820684,0.9311384896737391,0.9337038377757655,0.9398042429341813,0.932308301414264,0.935207960840367,0.9385539746504415,0.9327157927363516,0.9369569673291188,0.9351114982781777,0.9372310680153515,0.9374414394967754,0.933863997312891,0.935985493094036,0.9314800501446381,0.9340971585365666,0.9361084674370773,0.9371712032313296,0.9355801187991909,0.002213521093078087,28
505.58971689224245,197.44889823743895,0.6732574915885925,0.68794745709094,0.011524353055160108,5,0.4696186449797698,2,4168,0.9370686736576764,"{'learning_rate': 0.011524353055160108, 'max_depth': 5, 'max_features': 0.4696186449797698, 'min_samples_split': 2, 'n_estimators': 4168, 'subsample': 0.9370686736576764}",0.926085177765339,0.9211083141941607,0.9199526798284928,0.9189961938450423,0.9164425964912477,0.9173445031678149,0.9231291549962773,0.9252111326552861,0.9213758241087129,0.9172792213510711,0.9210752971018333,0.9208562256781034,0.92289958583014,0.9221608812488173,0.9186212278420378,0.921597406698279,0.91707382732991,0.9239651716096242,0.9184299601805095,0.9217596495964994,0.9191762280551895,0.9192931653876725,0.9229990988119195,0.9204669966744363,0.9229710109016928,0.9165725099375446,0.9257220934907606,0.9201807425535933,0.9183313095330554,0.9231403327898755,0.917868476249064,0.9268797746397975,0.9224264665239787,0.9225516814662345,0.9147864254605492,0.9206920124144381,0.9235450206187925,0.9221823328763055,0.9196764458706095,0.9188470400491069,0.92109880469204,0.923950016675527,0.9161461797787045,0.9198662760793181,0.9204741647716288,0.9231755765919817,0.9192434815053631,0.9188384403229891,0.9206403632672534,0.9213127559742643,0.9190016607950836,0.9194398142151565,0.9183941122781403,0.9235053946584788,0.9222833626837263,0.9250416683170456,0.9214013529787195,0.9206788169084871,0.9158116651866997,0.9211701230398048,0.9210539379407077,0.9207516787971065,0.926295268948911,0.9201824352580207,0.9166354938624891,0.9184739451838985,0.9163754312895266,0.9257674818789282,0.9244907279696992,0.9193374680306038,0.9194835497764188,0.9228671877009178,0.9168015698081713,0.9186811399592705,0.9261123213064812,0.9193421670483188,0.9166523053946266,0.9233449874198167,0.9220904961922026,0.9235417580542145,0.9176431211301581,0.9234286039711389,0.9243275946197865,0.9175698841333656,0.9183130511584142,0.9261046194199484,0.916395463300442,0.9201999447261875,0.9238481094897728,0.916153030399259,0.9222330780131897,0.9207069253529668,0.9213610609318258,0.9225799001925591,0.9202490495428644,0.921063225443401,0.9184944802908162,0.9198997082086263,0.9218746419744351,0.9228978622929002,0.9207877193295664,0.0027700777953701522,167
758.9075699090957,264.8370759093415,0.9860943460464477,0.9819436648071322,0.2620445808292873,9,0.6174587045408059,2,4168,0.8376303859582612,"{'learning_rate': 0.2620445808292873, 'max_depth': 9, 'max_features': 0.6174587045408059, 'min_samples_split': 2, 'n_estimators': 4168, 'subsample': 0.8376303859582612}",0.923982974870952,0.922048434614328,0.9196847148757025,0.9177039635370439,0.9177570766533851,0.9204444549932684,0.9225101722844974,0.9268888433905054,0.9228929121295233,0.9178875782667818,0.9200672301901799,0.9229380968269434,0.9218254787255106,0.9203838857705864,0.9217724674327638,0.9206960624777533,0.9182270378846923,0.9227179284637156,0.9197224875819756,0.9226516228056356,0.9240775628199623,0.9177574028087594,0.9253602257745696,0.9210805311307213,0.9196757804778805,0.9199712808471655,0.9232592369094629,0.9220485791544153,0.921315953524022,0.9235931784106386,0.921005227462546,0.9267295730720824,0.9218928420132034,0.922935420230663,0.916252080131103,0.9208465299475423,0.9241642424466092,0.922137329896391,0.921551161345252,0.9195031680854322,0.9215786565681378,0.924513324462119,0.9174716968154892,0.9190370748597039,0.9199730678975354,0.9216148903640646,0.9165531846952977,0.9203835843015855,0.9210125754251448,0.9256918386968482,0.9191162218997374,0.918508823513809,0.9207949009853583,0.9259013312439526,0.9229204608289533,0.9231685171499602,0.9222579553600043,0.9210208140976012,0.9195943544521361,0.9243037267523524,0.9241481331173974,0.9202448716800297,0.9243611591554934,0.921595781128874,0.9213663282313569,0.9182047791939901,0.9178566230478314,0.9254626690172312,0.9237451836167946,0.9211192553674374,0.9215983503984808,0.9248124271909614,0.9210761108385884,0.9213736382795765,0.9244797005544947,0.9186849555852178,0.9202031356480086,0.9250605411728196,0.9238279264494746,0.9248979607155274,0.9169718437500821,0.9247193337619102,0.9232118714599717,0.9161863567574889,0.9202323321396267,0.9263345664544598,0.9186385269039928,0.9216242541383318,0.9254882861100484,0.9174184980015765,0.923776395523487,0.9204147775704103,0.9229538679215441,0.9252283664799746,0.9184593160715254,0.9227033691386745,0.918328901482419,0.9168066194923314,0.9205820701913843,0.9241554669045725,0.9215173228127737,0.002600896417201848,162
1172.0628964042664,331.1015245290497,1.2585089874267579,1.233640590758346,0.026390412137601137,9,0.8282362056368054,2,4168,0.8001830737619373,"{'learning_rate': 0.026390412137601137, 'max_depth': 9, 'max_features': 0.8282362056368054, 'min_samples_split': 2, 'n_estimators': 4168, 'subsample': 0.8001830737619373}",0.9390509321141988,0.9371394641332497,0.9360464747542974,0.9331347399043437,0.9336652644547901,0.9350522005546071,0.9360481875734583,0.9381513518433433,0.9374014057455972,0.9338279274916111,0.9371745640918198,0.9368042966017256,0.937734147883624,0.9339375556580409,0.9358472027416138,0.9348858047417001,0.9314779733287035,0.9384837602799128,0.933380464894062,0.9353761664096939,0.9356977501501658,0.9335690079095702,0.9367811704051432,0.9358290807076279,0.9364817894481633,0.9335988326271077,0.9374002793456014,0.9352484089022621,0.9333524827228051,0.9373700056248874,0.9360499126636117,0.9405554798949408,0.9372980411595649,0.9375438418052899,0.9295629364607972,0.936276066170281,0.9373955171602838,0.9358363717646954,0.9359341599879089,0.9344149139631363,0.9359220677812956,0.9395548202708668,0.9324850450011546,0.9341020678952692,0.9361846298512152,0.9368370032609266,0.9346556814848241,0.9352831684593576,0.9348733106278,0.937077595631484,0.9330274053817262,0.9355239494355866,0.9361681967863521,0.937644819118106,0.9370887397963724,0.9377260221014663,0.936885121342128,0.9371333100542736,0.9331457232020762,0.936082289823179,0.9385718678028233,0.9343134455900967,0.9391890258598,0.9359272491107115,0.9325124233949444,0.9340061961634591,0.932683691906883,0.9392150441891045,0.9382237390308649,0.9342472540491594,0.9347707972109393,0.9388184911121409,0.9332962907655614,0.9345318867689976,0.9390905779609551,0.93426903139787,0.9328983816822745,0.939005896282913,0.9369289881167298,0.9367920941070172,0.9341883743464436,0.9367562594428502,0.9392518457984925,0.930944766524493,0.9335150299032062,0.9398174961763625,0.9331052416484438,0.9342836564210693,0.938905921906353,0.9330126938919633,0.9377938713273098,0.9356262898389156,0.936295431928264,0.937551115003545,0.9341875290876155,0.9367806941761896,0.932621295129611,0.9337023598524451,0.9364721841509082,0.9365193869356374,0.9357884071737308,0.0021556128958142,25
580.7574820756912,258.3566418625631,0.6307107186317444,0.5462640364063716,0.0021419154051415027,6,0.8360019806405143,2,4168,0.8673162069059576,"{'learning_rate': 0.0021419154051415027, 'max_depth': 6, 'max_features': 0.8360019806405143, 'min_samples_split': 2, 'n_estimators': 4168, 'subsample': 0.8673162069059576}",0.9101259984019878,0.9078331940777208,0.9054169649991689,0.9040025621791761,0.8998404491507364,0.9020706796164031,0.9081739914669512,0.9103076122330644,0.906537752372375,0.9013603979691042,0.905905096654755,0.906749701274304,0.9077245677128173,0.9056328095789937,0.9010587695222565,0.9063636183199292,0.9014269755427409,0.9082358804821511,0.9029037465598687,0.9059589159727286,0.9030630464542355,0.9037412651472781,0.9070296163620426,0.9067865543976615,0.905991598836053,0.8995112066747913,0.9104790694708831,0.9046496826082551,0.9036932279360621,0.9083683702936602,0.9016840977558006,0.9119981078757314,0.9086210764109596,0.9053865614588057,0.8976118955286224,0.9055141935178613,0.9085020563088285,0.9056312044645867,0.9042085677370277,0.9034267012756527,0.9050854157201361,0.9087600116542612,0.9014827279277674,0.9046245396871389,0.9055773455487819,0.9080749933000689,0.9039674102432393,0.9030709732742942,0.9040753320786263,0.9051998428082106,0.9036529715118138,0.9029707326207683,0.9038735370908295,0.9083788964874682,0.9074729898981034,0.9085963453184195,0.9078447618887145,0.9062014518191189,0.8994414658094602,0.9043473956154554,0.9050074911617563,0.9058387998074073,0.9115627148713632,0.9054467198591858,0.900459129331415,0.9030659476616494,0.9011476064448416,0.9099334642447554,0.9084761004772197,0.9043685880473844,0.9049581165070566,0.9100308209536142,0.9014294215607059,0.9016121104634885,0.9083092095423706,0.903214195492147,0.9012589148498755,0.9084261163855525,0.9068755842265848,0.9076997906099942,0.9020066163931036,0.9100842699728424,0.9095097924765752,0.9019814519310128,0.9021396433899685,0.9112622994341413,0.9005791487800598,0.9040623438362789,0.9083903432820805,0.9010885564857821,0.9052975076852795,0.9059241172170884,0.9065397427250114,0.907189807754503,0.9037354397098352,0.9068758171248996,0.901099053888149,0.9037316503151647,0.9075777774182808,0.9070969565375758,0.905315201037607,0.0030722598758798755,196
221.42331924676895,109.3993835415518,0.44858850955963137,0.43961846619697353,0.32852088137344915,12,0.623984383354723,2,4168,0.8091021492726729,"{'learning_rate': 0.32852088137344915, 'max_depth': 12, 'max_features': 0.623984383354723, 'min_samples_split': 2, 'n_estimators': 4168, 'subsample': 0.8091021492726729}",0.9114445067740082,0.9092616420867877,0.9029347452775702,0.9042101490781307,0.9025898942188814,0.9061923193805993,0.9082410721979349,0.9116955554183738,0.9092085879334114,0.9078420921079708,0.9100985409011312,0.9067638877093932,0.9072017139856101,0.9054697800909397,0.9052756572126467,0.9056987118668398,0.9017671259449321,0.9096763651983308,0.9073571777730729,0.9094180184019693,0.9018142870937504,0.9051002125534692,0.9110520986212067,0.9072797449792664,0.9077722861399411,0.9026437646358715,0.9105295756509965,0.9076039420142508,0.9068076680838818,0.9097666357699149,0.9068882939232159,0.9130480627451535,0.9121509597856748,0.9106503735031581,0.9012970901430788,0.9088170434091777,0.9104223615123505,0.9073569279653774,0.9055281441845954,0.908368661402161,0.9070015113932107,0.9089399865736723,0.9018683636765914,0.9050966204845315,0.9091373436468069,0.9079293262335272,0.9033881152021015,0.9051562424559925,0.9093453199391851,0.908320779006462,0.90516413624553,0.9093661085865743,0.9080692984793891,0.9076569945031099,0.9103296550907614,0.9114169439167994,0.9073744026815036,0.9073754592389611,0.9039930386680064,0.910321135684812,0.9080155041742479,0.9091125395121041,0.9105050507622859,0.9054424835151111,0.9055482143457256,0.9048603166218302,0.9044795739063265,0.9125234817972492,0.9097140966481169,0.9058305586229451,0.9046131410112337,0.911565566543395,0.9047857131758977,0.9072931010020557,0.9103692956386543,0.9026633843863363,0.9028826217366296,0.9086017363121245,0.9091569040532886,0.9102360352700226,0.9046542581025878,0.9061954340132223,0.9120943726360128,0.9047020411289064,0.9038647668450505,0.912250411295483,0.9018367875374836,0.9071571356979725,0.9094015225711873,0.903118141857032,0.9045488432469353,0.9065064531138118,0.9091979401311189,0.9105832461133953,0.9051151059033598,0.9093874323011063,0.9029995970317087,0.9093700785418802,0.9061011281824516,0.9079894988771466,0.90729769973546,0.002888065763160106,195
884.7818280005455,268.74922031235803,2.503484230041504,2.3467167585461244,0.013491178435132414,13,0.5837980464596331,2,4168,0.6680086710632382,"{'learning_rate': 0.013491178435132414, 'max_depth': 13, 'max_features': 0.5837980464596331, 'min_samples_split': 2, 'n_estimators': 4168, 'subsample': 0.6680086710632382}",0.9346013387327589,0.9315565436141071,0.9315171000173371,0.9277143252173431,0.929579994904786,0.9307129060532424,0.9323488908337866,0.9346261997519228,0.9334633882048741,0.9289638952965658,0.9325958640574499,0.9325196982871407,0.932120659846621,0.9299900034259168,0.9302659591203196,0.9323189979999147,0.9260540911758717,0.9328450951967093,0.9287921435751398,0.9305975026551325,0.9292938323613386,0.9277500311907841,0.9333655232459679,0.9311888103133654,0.9317906563629419,0.9285114065670985,0.9338322303906801,0.9311883190250169,0.9292413103175075,0.9329329172140788,0.9314247036884612,0.9353424289369923,0.9317390975709664,0.9335861682690417,0.9255860527870299,0.930690985497294,0.9337956221872925,0.9331958834242173,0.9311820103839477,0.9291049228274417,0.9305685154382184,0.9345189976443844,0.9283694267492139,0.9293582523747111,0.9311320386744874,0.9319110560832082,0.9302066402875676,0.9303595851183644,0.9307866912387515,0.9333613923397008,0.9279483018057122,0.931085993871593,0.9317688301620616,0.9324308170970268,0.9326331710970518,0.9335772940548173,0.9319824811959951,0.9319986525880649,0.9291379798121234,0.9313582106762579,0.9337124259139602,0.930642419823831,0.9344626558310775,0.9301491491169047,0.9297182774137911,0.928258696329809,0.9270556207285738,0.9355359168301945,0.9341386798694653,0.929761950584408,0.9301068262134156,0.934113335562424,0.9280655071317649,0.9293747312778634,0.9356238394229561,0.9302740267256915,0.9271011630941182,0.9340737402218414,0.9311231459288063,0.9322658616223249,0.9306540218102417,0.9329570709544125,0.934936556702716,0.9281989904361833,0.9278626515216912,0.9357096273851728,0.9270479953676883,0.9315414640972292,0.934095463815287,0.927513765623662,0.932039210889294,0.9318184231083487,0.9326755350565272,0.9344451404917808,0.928231568982599,0.9321022717359979,0.9279971556168124,0.9289952958924891,0.9315912084842666,0.9318789584565307,0.9312027218490987,0.0023287616265190887,103
461.556562063694,209.1867093837609,0.891915864944458,0.8773232331403887,0.015968208674515427,6,0.3918476454910338,2,4168,0.9010850966951552,"{'learning_rate': 0.015968208674515427, 'max_depth': 6, 'max_features': 0.3918476454910338, 'min_samples_split': 2, 'n_estimators': 4168, 'subsample': 0.9010850966951552}",0.935883716612048,0.9314633920970413,0.9308382770159849,0.9295947826002648,0.9281915393232407,0.9284385241152078,0.9329577005932188,0.9346129510473145,0.9320742227004759,0.9283272434818515,0.9311729686623011,0.9313673184410163,0.933111945312354,0.9323590338018675,0.9297251046333784,0.9314344966323893,0.9275500866700134,0.9339026328664757,0.9288189852330785,0.9311093734145619,0.9307188738860422,0.9290129961990278,0.9342777084782019,0.9307630926149716,0.9328686216272526,0.9281957237443126,0.9349279754259856,0.9308520556405654,0.9294065313946498,0.9323130979799595,0.9295497470389333,0.9356836181046064,0.9330848639923922,0.9329188451987097,0.9259301784915818,0.9306295396085558,0.9335242953534723,0.9323825790185153,0.9310768767802362,0.9293734834905515,0.931749093423002,0.9347261141890325,0.9271090442502576,0.9309362565832833,0.931230251740549,0.9329247708954862,0.929823457965468,0.9293204096137747,0.9310742776576126,0.9328233739521157,0.9292677996455069,0.9302301081670316,0.9300395089846871,0.9338107511763599,0.9322986890435854,0.9349203920318299,0.9308514788390656,0.9310967508690823,0.92758506656924,0.9323547049157137,0.9319833417795954,0.9305139173993733,0.9353359299062529,0.9302620193565991,0.9285753897672746,0.9283712728952256,0.9275888533075847,0.9355156554732099,0.9348101056150099,0.9297210473601437,0.9297097758466447,0.933099486030795,0.9279142106986824,0.9294914737659861,0.9364866799508187,0.9298506299007454,0.9274569173651924,0.9339944780711071,0.9334338554419871,0.9337666448731456,0.9282371990941237,0.932938922474731,0.9343223105707446,0.9281297207690006,0.9293883500366691,0.9354205909084288,0.9280172385061247,0.9316609050713022,0.9342319690093712,0.927011023544106,0.9325928716201869,0.9316461733864846,0.9312140999472951,0.9329696584733266,0.9301029355546429,0.9315985225458926,0.9284228588343614,0.9313600614915154,0.9320903249867801,0.9322025760670507,0.9312603729753282,0.0023723035863822254,101
220.16899329423904,131.81709398794627,0.48790330171585083,0.4923735877527172,0.30854528362859684,13,0.574007372556042,2,4168,0.6933790952458154,"{'learning_rate': 0.30854528362859684, 'max_depth': 13, 'max_features': 0.574007372556042, 'min_samples_split': 2, 'n_estimators': 4168, 'subsample': 0.6933790952458154}",0.9053709280330031,0.9065438629383071,0.9040389245632379,0.8945713724896329,0.9021293713753671,0.903658288985523,0.9030935243969668,0.9084040054757877,0.9076599719670838,0.9022938774200886,0.903854895938184,0.9042085690881532,0.9059840606369289,0.9019052901766758,0.9004321765996954,0.9010180790197766,0.8969687680618407,0.907292319211904,0.9013065026276655,0.9019407426665254,0.89927786478967,0.9010843199680626,0.9049061755785598,0.904376067462764,0.9000145915685982,0.8987408979920041,0.9008875437023365,0.9048760670121454,0.8969193074083944,0.9035351177302379,0.9022268516813883,0.9075282680729713,0.905937010668049,0.9059999984146985,0.8929302643750606,0.9025417459103073,0.9067680386142567,0.9077914147606819,0.9053283766663631,0.9005530710808315,0.9006086215289029,0.9074159135133618,0.8980506087574098,0.9015533780349235,0.9028207063434053,0.906109861883441,0.9009564110290341,0.9034687006637873,0.9035855006033043,0.907629765928048,0.9012288054740356,0.9071920375875883,0.9051217325333727,0.9063396899202047,0.9034692255823551,0.9081239412945513,0.9063804480109932,0.9065098449370567,0.9020146752661742,0.9048997398735272,0.9088065752078,0.9012525468558931,0.9060695428269806,0.9016044495596366,0.9011468868751656,0.9027034531541726,0.9006770126215051,0.9088414928437925,0.9047735330021525,0.9064077398827158,0.9031562100355053,0.9051210458705039,0.8977546474635,0.9034912254307098,0.9050192964795265,0.9030408653394723,0.8995619480267907,0.9052089929596044,0.903443597802593,0.9065447038516354,0.9021954816867854,0.9059142113337127,0.9075150601213153,0.8997571256765952,0.8994705751978561,0.9092491431337025,0.9009387999265103,0.9020807411894423,0.9096559556970129,0.8968670602246885,0.9026227471469521,0.9048110345911443,0.9044554527283307,0.90668839869881,0.902944275791218,0.9053183510714938,0.8982760360748749,0.9034798043608279,0.9052704398164482,0.9047217690842932,0.9034523636353687,0.0032751615554109945,199
752.693153591156,307.345742629683,1.9172511315345764,1.857521862537682,0.01583369549343909,11,0.571607120591422,2,4168,0.6409127007165993,"{'learning_rate': 0.01583369549343909, 'max_depth': 11, 'max_features': 0.571607120591422, 'min_samples_split': 2, 'n_estimators': 4168, 'subsample': 0.6409127007165993}",0.938670949896356,0.9368555802752729,0.9359859902769032,0.9323871013076195,0.9336799230793824,0.9350697399818817,0.9358805140861116,0.9387869501470408,0.937519280340311,0.9341565295378849,0.9367565205745417,0.9358267634821538,0.9370475069267274,0.9341229045558578,0.9340973481839914,0.9356070928690766,0.9312846137492886,0.9374240808606984,0.9337795053747395,0.9353538752042583,0.934044825850196,0.9323049765578642,0.9375651920413537,0.9355433693206621,0.9361052566190198,0.9334274189965,0.9376852861342508,0.9352813761639676,0.9338062190695118,0.9372210696950272,0.9352025310453693,0.9397046340763584,0.9368466661484631,0.9366007329565047,0.9304108929517281,0.9350334183516692,0.9375001497747748,0.9367820011059858,0.9349796484491594,0.9337332639581515,0.9347142517422458,0.9388304189347171,0.9333359454573711,0.9341834239214755,0.9348372237611532,0.9360050867035207,0.9348529842714294,0.9346564576876017,0.9347339809808594,0.9376232478300044,0.9319200306403352,0.9352146383288994,0.936624821852834,0.9373028293150693,0.9370888066173635,0.9381591547289694,0.9363947697063153,0.9371301118858644,0.9337067066772179,0.9365141600150364,0.9380538041575017,0.9351499263775922,0.9387787865121013,0.9347065006312242,0.9335208930105956,0.9328719587840045,0.9318044889137281,0.9395591686153798,0.938088847960182,0.9348520473934718,0.9340452013694137,0.9386087434779457,0.9322703912631465,0.9343977290707254,0.94031293850199,0.934172235808776,0.9315130632194829,0.9382401667677462,0.9357345984564052,0.9373576895061875,0.9342316095630728,0.937015705353196,0.938627571802314,0.9327920817499381,0.9328351584954676,0.9395524426049436,0.9320013047058313,0.935307108550963,0.9385568747934647,0.931794963026822,0.9365473728189095,0.9362171332448057,0.9360589928774249,0.9385765094344869,0.9327726097817536,0.9359666430112165,0.9329605383644626,0.9336089442995181,0.9357855261807027,0.9370570393453305,0.9355620606083714,0.0021785753984923436,30
579.872007009983,233.14307729315638,1.0750407671928406,1.0767640025949217,0.003972107248757926,7,0.7565703256063463,2,4168,0.5497195404121379,"{'learning_rate': 0.003972107248757926, 'max_depth': 7, 'max_features': 0.7565703256063463, 'min_samples_split': 2, 'n_estimators': 4168, 'subsample': 0.5497195404121379}",0.9273398701035905,0.9244674947273384,0.9228458312031229,0.9211064181274091,0.9192995176756877,0.9210836262282931,0.9252466773884094,0.9270592566740086,0.9241122518803302,0.9200101506002635,0.9238927797515242,0.9238357819292253,0.9250049603763936,0.9232925048092495,0.9205793719995524,0.9234321282761606,0.9202133289139609,0.9259867412645681,0.9208476736822705,0.9228886412848948,0.9213721181661569,0.9211219266349079,0.9249998952521555,0.9234355374835914,0.9245551982954724,0.9197221963213333,0.9270112513054951,0.9226001680325965,0.9213860148045261,0.9251014260202287,0.9214648794964856,0.928699919306857,0.9255284914352093,0.9237470499662654,0.91688408390852,0.92371768349831,0.9259803920028695,0.9240335242688552,0.9218396675797573,0.9211660216480092,0.9235132515445837,0.9267507322350422,0.9199811624290029,0.9222589931644498,0.9231897001461741,0.9252489841036393,0.9215358431171784,0.9215901625100779,0.921790546667791,0.9245566156385513,0.9206243950473086,0.9214020402111355,0.9223631632195776,0.9261240558682212,0.9245333343050999,0.9262442571638024,0.9250182664952864,0.9243131218232365,0.9185718104804392,0.9232861861864792,0.9240696431806099,0.922965984104174,0.9279813954583181,0.9221920192901945,0.919498754953821,0.9210104994004932,0.9190659597584916,0.9275845770798973,0.9264672305366883,0.9214078974804784,0.9223735730889668,0.9261773767507188,0.9190450600166917,0.9208490636709935,0.9269998745358549,0.9215502119978547,0.9191357757216262,0.9257994715901517,0.9245363049599602,0.9250324115529976,0.9207134031973998,0.9260015016566384,0.9267535221253618,0.9197932137989627,0.9203837803513519,0.9282626401296904,0.9191891546335026,0.922483409667381,0.9264117783518021,0.9188700791344333,0.9246611098847327,0.9234179286447515,0.9236693399034387,0.9247341440333045,0.9214637114335148,0.9242162139605015,0.9197496447893342,0.9221094976810815,0.9247485757173869,0.9242035278353956,0.9231538833673989,0.002557363431044977,153
463.248008275032,193.95476685074084,1.411640522480011,1.4138721330480508,0.10819792933577056,9,0.3812023299829051,2,4168,0.5820060531405441,"{'learning_rate': 0.10819792933577056, 'max_depth': 9, 'max_features': 0.3812023299829051, 'min_samples_split': 2, 'n_estimators': 4168, 'subsample': 0.5820060531405441}",0.9357316202984961,0.9305729644259596,0.9291679052433839,0.9266163687034468,0.9296354036256771,0.9277957845478655,0.9325720178919612,0.9352202127986651,0.9325146535338691,0.92998653251894,0.9317031097141506,0.9316771869473358,0.9341100660049284,0.9316301421481172,0.9313935961475023,0.9312751950802654,0.9279712416116873,0.9342747558203348,0.9322234923948904,0.9312042287196894,0.9313929078730645,0.9295094546049187,0.932764040882281,0.9312415177140321,0.9329034572409509,0.9283705367905064,0.9357506439711238,0.9305151991176024,0.9304724046585381,0.9329525661308561,0.9302648176887693,0.9348037896330077,0.9311273151510928,0.9326245680097998,0.926490776097697,0.930341891520822,0.9348276689974812,0.9319755529958826,0.9296344958362306,0.9284173432131915,0.9326175683804636,0.934166722528943,0.9285511247521782,0.9319153189538809,0.932717676757614,0.9319431740168737,0.9300999139346864,0.929963387886885,0.9313308204672235,0.9334550963590926,0.9308736112585032,0.9332426122677292,0.9321820104985997,0.9326488374497522,0.9314536247696215,0.9337597116058926,0.9315115486479564,0.932577184082711,0.9274930046532388,0.9320681616509867,0.934116278071351,0.9311171770953084,0.9366698827222643,0.9315723901805317,0.927544784661915,0.9286957730562019,0.9285808948349187,0.9342694756821177,0.9345968517505783,0.9311855099346333,0.9307235803812554,0.9323193507190418,0.9296815073098492,0.9283665463127955,0.9361605048316242,0.9292528437310603,0.929391649889784,0.9337149105443863,0.9343632934744929,0.935327438840521,0.9306791941736886,0.9330478724574303,0.9337729982799504,0.9277285184699232,0.9305781941649285,0.9354803024279121,0.9267153674067703,0.9316719020527228,0.9356624947701669,0.927702573318187,0.9353477634225648,0.9322730914591913,0.9298676479562771,0.9357820913200482,0.9301907767696499,0.9318486625118096,0.9302876320396481,0.9334341295744574,0.9327521266406813,0.9332172177938987,0.9316391973826237,0.002380603483477756,93
793.4009463715553,244.21905030587808,0.9024179267883301,0.8948776278112553,0.0649529409711041,9,0.5793334301411373,2,4168,0.7751933108167777,"{'learning_rate': 0.0649529409711041, 'max_depth': 9, 'max_features': 0.5793334301411373, 'min_samples_split': 2, 'n_estimators': 4168, 'subsample': 0.7751933108167777}",0.9383397194016461,0.9365134793937562,0.9350976273885453,0.9335179750837566,0.9329159233378006,0.9339759057055774,0.9372201734942592,0.9385026035373374,0.9367251461328338,0.9328578246042055,0.9347502177757147,0.9365374526495702,0.9367966332666804,0.9352424730402563,0.9348583480581933,0.9354092367380423,0.9314273848298601,0.9389166405636149,0.9347460825810412,0.9355063211896184,0.9354377007014026,0.9318250519005173,0.9372073620901807,0.9360338382335152,0.9370015565064402,0.933383296812931,0.9378775206066079,0.935449080140358,0.9342277719539357,0.9368393557053468,0.9354802761489883,0.9399824516294701,0.9376974975030039,0.9379137953945255,0.9314274791999654,0.9344946743967969,0.9372007517898072,0.9361713671909618,0.9356239382415572,0.9330006156676959,0.935138393343228,0.939190890320288,0.9328740089890559,0.9346762616799432,0.9349896148445054,0.9369749764692251,0.9348990542996434,0.936074354185875,0.9353919172297404,0.9377932957155631,0.9324223613206497,0.9347807337480447,0.9372380559576748,0.93695851877391,0.9359526724895906,0.9386360814460474,0.9353929743128563,0.9355756787264357,0.9327333186581164,0.9353824215269825,0.9379943652882216,0.9353562494997676,0.9396589710925043,0.9363308323967702,0.9333656196411456,0.9339367023160939,0.9330155729740556,0.9403636875770514,0.9385083653242842,0.9347173258567092,0.9345688852217404,0.938244221501439,0.9337469107927618,0.935772109358941,0.9408937450925927,0.9349936101226365,0.9319002993415101,0.9387407554759557,0.9368273323649402,0.9371590340929169,0.9335062941236087,0.9378449015002782,0.9390143314079306,0.9316535191254761,0.9330176350613925,0.93888402680847,0.9319032455663763,0.9357339049950755,0.9382180563715822,0.9318303432988628,0.9382192733762924,0.9356976518758304,0.9348200289147677,0.9385432912023569,0.934237289722212,0.9362542446220753,0.9329009392334314,0.9344210215490344,0.9366704220843333,0.9360685145858857,0.93572741665381,0.0021903230759885615,27
291.66051656007767,140.72081281180036,0.5753996539115905,0.5483883616910463,0.17241707862737543,13,0.39109532330975316,2,4168,0.6507856454722762,"{'learning_rate': 0.17241707862737543, 'max_depth': 13, 'max_features': 0.39109532330975316, 'min_samples_split': 2, 'n_estimators': 4168, 'subsample': 0.6507856454722762}",0.9239758636552252,0.9225130987167278,0.9209178418504236,0.918430190160811,0.9161175359598808,0.9173821839901066,0.91979280573554,0.9217869471676546,0.9208358787880987,0.9189718846236208,0.9218930302929875,0.9214977058601762,0.9189682986972598,0.9182979954048697,0.9185127027981527,0.9171683224995661,0.9175921614874011,0.9203461047793924,0.917103198225277,0.9220421950850183,0.9183473340664134,0.9162227931682181,0.9236376942460112,0.919459919984199,0.919458007865234,0.9149285643108052,0.9202113639417518,0.9210938725258985,0.9177264086022381,0.9236815234167364,0.9183500721755697,0.922676433785905,0.9188615292412479,0.9213775448210559,0.9151301051683414,0.9182223915450941,0.9215597948337542,0.921409445706149,0.9194314547318476,0.9190233308951928,0.9184873510324603,0.9241844715101135,0.915965426897513,0.9185313592143206,0.9222650232959394,0.918957323678224,0.915604407628259,0.9189152298345228,0.9207388752408123,0.9231071715896549,0.9158928276499636,0.9225022001602117,0.9201375424995545,0.9231268579219852,0.9210008815992154,0.9194854342657539,0.9181362441047,0.9223122264992611,0.912603096705837,0.9201814278593581,0.9229602212290466,0.919675176700418,0.922999140713213,0.9171377046156258,0.915279792242333,0.9173083692173116,0.9184264901508897,0.9232159025257121,0.9218488675824822,0.9198493281911877,0.9169829212434141,0.9209381377736421,0.9180681381450194,0.9172251758277647,0.9246745508750164,0.9188842438741992,0.9169568244218121,0.9212410436723808,0.9195087278274544,0.9204250762360507,0.917218885483919,0.9193755022769478,0.9246369115764643,0.914648705192928,0.9162160031949391,0.9251158522138037,0.9165206227463699,0.9197033068944825,0.9255378180269223,0.9140752920781458,0.9216324292533262,0.9207937400615136,0.9208559360432436,0.9225717092533019,0.9158492399536102,0.9208271205392979,0.9160302175245907,0.9194662767510313,0.919211473279623,0.918983871133679,0.9195996765654063,0.0026840702302291823,169
783.0293127441406,299.57408331418446,1.9625647258758545,1.9627784195677689,0.04289528731925299,13,0.5102288066334276,2,4168,0.6532547956359871,"{'learning_rate': 0.04289528731925299, 'max_depth': 13, 'max_features': 0.5102288066334276, 'min_samples_split': 2, 'n_estimators': 4168, 'subsample': 0.6532547956359871}",0.9340449414514759,0.9314166835523257,0.9307486672423791,0.9271451056933256,0.9271902158889473,0.9295156541080749,0.9317185210764937,0.9327610756541022,0.9323283320811688,0.9274133207355453,0.9316760056988862,0.9310238861397565,0.930752559695357,0.9277679008303141,0.9296821218913998,0.9300156054815593,0.9259906750940126,0.9314732607080826,0.9292531572138688,0.9293722721376543,0.9296479932582009,0.9263133232426697,0.9309677717620704,0.9295686294790693,0.9317770489335053,0.9275712382314436,0.9329242928834623,0.9311904154807726,0.9277302689981176,0.9319150304423959,0.9289373918130239,0.9322488295348135,0.9321559753080257,0.9321017606251711,0.923909670092743,0.9296532329795106,0.9315046487348553,0.9308466872998542,0.9300768586138276,0.9269434069600794,0.9302799710326934,0.9347742307854413,0.9263589186923716,0.9287922874786877,0.9289106609323687,0.9303706604821778,0.9287871984703007,0.9283740703829436,0.9304006379868957,0.9314763313874836,0.9267684957732879,0.9305287846118176,0.9312763083539528,0.931446507262812,0.9316002634469672,0.9334061320751451,0.9309537907998392,0.9305984700254804,0.9288547880414014,0.9302809142253248,0.9324518008061081,0.9274588183699941,0.9332903509239072,0.9288648240480868,0.9284917316345327,0.9282912344906609,0.9241630199436559,0.9342487197117114,0.9311061641809235,0.9300032417691416,0.9285981050057797,0.9324599990811905,0.9266151970750541,0.9280442326297595,0.9354354547939346,0.9280977406044486,0.9272166206555281,0.9326498727530664,0.9295351871377704,0.9324519994644619,0.9291779586423574,0.9316585797194823,0.9342530867562866,0.9269633696812849,0.9268368512546944,0.9348678222685807,0.9247237411485558,0.9311185227365325,0.9328162774020077,0.9253311509744268,0.9320679674991966,0.9301477610259703,0.9309026154512756,0.9331202568058471,0.9261754950622,0.9307793502838535,0.9276736706796416,0.9282551008930451,0.9293713199646823,0.9318343835847245,0.9300106345621009,0.002443027800918285,118
1224.661052427292,392.3181880866639,1.4664293336868286,1.4749752395030686,0.02123149663694276,12,0.5918108996388196,2,4168,0.8971382235221064,"{'learning_rate': 0.02123149663694276, 'max_depth': 12, 'max_features': 0.5918108996388196, 'min_samples_split': 2, 'n_estimators': 4168, 'subsample': 0.8971382235221064}",0.9342903067007889,0.9319888514342498,0.931255356324108,0.928359799374566,0.9287295394779196,0.9304745629829757,0.9323119428651777,0.9339853622100611,0.9324826274588964,0.9297950313034374,0.9324737253640936,0.9326393242659234,0.9329639743742292,0.9299512099702933,0.9308929838685316,0.9326823270269663,0.9265752633963666,0.9329328702413444,0.9286762602544649,0.9311446451533424,0.9304083015734522,0.9265956030719984,0.9335966871750169,0.9308735446698846,0.9320173126673731,0.9278321201213493,0.9335015971659967,0.9303581780299479,0.9295366960527545,0.9334083178796216,0.9309940810454224,0.9355740243623736,0.9325469347039681,0.9317155433566094,0.9268391054891728,0.9304286415586761,0.934299808657424,0.9326396483061461,0.930761803469571,0.9286400559976838,0.9300881823189399,0.9344921596999886,0.929825224963229,0.9299487703129092,0.9304651384939485,0.9311913670299838,0.9298471122675673,0.9304882550493656,0.930804319641001,0.932680449540763,0.927754739119915,0.9315089448030255,0.9312741183897052,0.9325258935932503,0.9325810980781026,0.9331331731833387,0.9317056645804603,0.9324438755956884,0.9290364119917671,0.9316453091056673,0.9339752840727255,0.9300666265386406,0.9345900387459529,0.9307050426690842,0.9288798270202842,0.9274174627557552,0.9270474616851908,0.9353271940010476,0.9330429654810113,0.9310865544698419,0.9289970345350692,0.9335883886948482,0.926572344316754,0.9293806912691165,0.9359309668673103,0.9289256517969344,0.9271740146511732,0.9344828350033758,0.9310613893667423,0.9330194330697735,0.9294088343966604,0.9325216090732853,0.9345912125386932,0.9279767544851397,0.927700498777889,0.9351749027044298,0.9265818119992028,0.9310300436097174,0.9341370549431127,0.9272328857188598,0.932479301845756,0.9305531492196694,0.9308724514786731,0.9346790977567848,0.9283862581186335,0.932397692400366,0.9283545894047068,0.9282730991049639,0.9308471867490729,0.9327197542364021,0.9310780357273345,0.002348278430324437,104
572.3379125547409,239.3672079769429,1.1239221000671387,1.132478176686271,0.018876445785241384,8,0.4402487087691407,2,4168,0.8706692965825922,"{'learning_rate': 0.018876445785241384, 'max_depth': 8, 'max_features': 0.4402487087691407, 'min_samples_split': 2, 'n_estimators': 4168, 'subsample': 0.8706692965825922}",0.9413600905849862,0.93902033538083,0.9375834128003712,0.9348816526739161,0.9358818249106242,0.9369049437861185,0.9381092176100779,0.9413231096896886,0.9391423898327745,0.9358228088273931,0.9384457582050125,0.9384542159844148,0.9399012906869728,0.9373900521131948,0.9367545236968767,0.9371649935244893,0.9341515268367911,0.939981304775616,0.9361698623686228,0.9376948568542902,0.937104492729782,0.9363682050032125,0.9401762825051135,0.9376165721265864,0.9395897608049755,0.9355154241114262,0.9403485485510619,0.9377363265856347,0.9363110463466479,0.9385540667526886,0.9372352560848057,0.9420090644810644,0.9395305403196947,0.9386786994232774,0.9335365765472063,0.9373734019962158,0.9398334267446109,0.9390665173901397,0.9377852378406251,0.9359352837785385,0.9387479764954119,0.9409129669203379,0.9352423654404238,0.9366645079578066,0.9377990409262356,0.93906698698525,0.9365985903924804,0.9371351186140052,0.9370106669790413,0.9399857813104034,0.9359097111362843,0.937349301970928,0.9379928103552875,0.9395564641464469,0.9388905692607077,0.9407363349188665,0.937904592750548,0.9391202279234666,0.9346232925978948,0.9388892130978899,0.9397758727272698,0.9366204721871704,0.9417439075541986,0.9377674745170776,0.9347874528137781,0.9363046547041036,0.934287933315636,0.9412375674523958,0.9402482491459815,0.9373792553327616,0.9369155185410823,0.9394762148230017,0.9349242234049275,0.9358867999949175,0.9427817175310751,0.9366596983848203,0.9333213798641967,0.9404027324702847,0.9389936615567132,0.9405535230978569,0.9363684442484093,0.9394197553662177,0.9409066937158987,0.9341136265714792,0.9359656727232812,0.9421586435004123,0.9342431750228285,0.9383692006573505,0.9412116774534268,0.9341300800693437,0.9400393897112773,0.9381450864786327,0.938141027901984,0.9403910167250186,0.9358702959267253,0.9388165869168918,0.9350778235994518,0.9372979627431602,0.9385555209662132,0.9396737837290099,0.9379554319489235,0.002144326296491494,2
930.7018915247917,346.5710051120304,2.120387010574341,2.1303857026129016,0.0026846804224504644,12,0.4550314667107316,2,4168,0.8949247081955471,"{'learning_rate': 0.0026846804224504644, 'max_depth': 12, 'max_features': 0.4550314667107316, 'min_samples_split': 2, 'n_estimators': 4168, 'subsample': 0.8949247081955471}",0.9339278115849603,0.9304690306459573,0.9303504432238939,0.9269808627729597,0.9268816604416396,0.9284590021837829,0.9307124150092043,0.9331837763540283,0.9316047247935537,0.9275453350506218,0.9316413356578684,0.93094338479651,0.9308563382102396,0.928198527726787,0.9289883126446045,0.9311141712321328,0.9252742211352799,0.9313329842820213,0.9275535772840493,0.9296702604045042,0.9288231223321829,0.9263648272674353,0.9322478721382512,0.9295238333377924,0.9305855138306773,0.9265966364790295,0.9324493661618343,0.9296772862332291,0.9279799133581426,0.9322341211728848,0.9303286074414786,0.9340027844606078,0.9314156857156831,0.9311552386448197,0.9249199363223216,0.9295233396398009,0.9320643090805023,0.9315052053986311,0.9293434279544072,0.92728534698278,0.9296958135017719,0.9330410415365893,0.9280562879498586,0.9289430845788458,0.9286257266975625,0.9302392102303576,0.9289663681490627,0.928739391708829,0.9294350967558865,0.9308259248161386,0.9269323259302616,0.9295039727241942,0.9297864224869108,0.9314923623110711,0.9308928962811343,0.9322320177156244,0.9306510697266236,0.9306013198240113,0.9272674242760736,0.9302520428671366,0.9319189528638888,0.9288580018863224,0.9329218954889809,0.9287090976478938,0.9277336629562938,0.9265789318914213,0.9255502009921985,0.934269631668728,0.9323377504122151,0.9291547670808142,0.9280765545236155,0.9327450604325268,0.9255115352683815,0.9279400365790519,0.934279437515826,0.9285711983465996,0.9257164240178279,0.9326078761324426,0.9299939367480982,0.9319397595934382,0.9285782887371682,0.931596726846639,0.93270914825012,0.9273304586485981,0.9265495292918655,0.9342723497031928,0.9249739527658358,0.9298982264561407,0.9331737319677891,0.9258532021311516,0.9311149833738871,0.9299266215792066,0.9302977774153616,0.932812976387665,0.9269257086112915,0.9305222962605848,0.9264811907263762,0.9270313301077171,0.9300661628494261,0.9310507589179757,0.9297647448252959,0.0023399731213276528,120
648.9856105279922,240.4942212661092,1.1221069169044495,1.1258509253415776,0.06816192225818918,8,0.676395388049102,2,4168,0.6576754457013049,"{'learning_rate': 0.06816192225818918, 'max_depth': 8, 'max_features': 0.676395388049102, 'min_samples_split': 2, 'n_estimators': 4168, 'subsample': 0.6576754457013049}",0.9383573712486213,0.9367014493698296,0.9355874899052641,0.9335613351921511,0.9336090038727749,0.9341461539116493,0.9358433740643337,0.9372685006840278,0.9367484062668863,0.9333617757154801,0.9356233297793723,0.9357626882382468,0.9371615252778338,0.9343961247813466,0.9341804522420281,0.9356699823409393,0.9313438950352497,0.9397161482738987,0.9331598930355907,0.9359312024592438,0.934119902307041,0.9336925992428449,0.9365390050350617,0.9363478415827242,0.9369829250860718,0.9341571814161684,0.9361872568157198,0.9351173966892081,0.9340539382399763,0.9364057520455631,0.9336086645643781,0.939592257693795,0.9360080654797602,0.9367446372620307,0.9302634272496096,0.9357649730047914,0.9378470530152273,0.9349321050987803,0.9356532062336673,0.9341478810716244,0.935740953569779,0.9391346363735444,0.9320108213484135,0.9344522239319512,0.9351423472164415,0.9367855466793605,0.9335304617983139,0.9340366016075974,0.9346396272219093,0.9368136171427425,0.9318538859168463,0.9351162389767144,0.936018136169012,0.937026671696967,0.9360065257763479,0.9400877171608226,0.93605625240387,0.9364857255844495,0.9327512396959862,0.936326713492729,0.9384974951865807,0.9341191157635428,0.940241288398839,0.9355372681896943,0.9321466970625789,0.9331731627253501,0.932115165281677,0.9390207091720673,0.9376538865427679,0.9334791573965224,0.9348985250661989,0.9381915116466805,0.9328200362746462,0.9338638859058697,0.9402449515834708,0.9346588766368551,0.9327147860365841,0.9380348942906528,0.9370468768960226,0.9379589928853529,0.9338921083557117,0.9366788034151932,0.9393260054335488,0.9327252455544416,0.9338591831578631,0.9382121036025813,0.9314037350897227,0.9351368445007454,0.9381791364859039,0.9325976993088294,0.9370239412517897,0.9346413139376779,0.9356409945568512,0.9388874457615715,0.933726493294762,0.9368847636751501,0.9320129105530421,0.9351431741719278,0.9373156811226871,0.9369174110315571,0.935529343917961,0.0021956722221033367,32
302.2445483970642,159.18486022116258,0.6153770208358764,0.6315812060371845,0.013650592509024203,5,0.6021762684622403,2,4168,0.5634248804179491,"{'learning_rate': 0.013650592509024203, 'max_depth': 5, 'max_features': 0.6021762684622403, 'min_samples_split': 2, 'n_estimators': 4168, 'subsample': 0.5634248804179491}",0.9287731920707233,0.9247270030465107,0.9235933256303874,0.9222752935394974,0.9209544729310787,0.9214456953759071,0.9254932215643884,0.9274122770256819,0.9237680087508041,0.9210466709133083,0.9236933872857029,0.9240768941648145,0.9263894870590048,0.9253636967829199,0.9219457704423755,0.924520082574723,0.9201827323153043,0.9278100692484441,0.921887397488458,0.9249946431169928,0.9225742040122772,0.9226907123833844,0.9263710604796638,0.9237054462653692,0.9265241095570127,0.920868924296521,0.9281496404512828,0.9232502005807407,0.9224716092699871,0.9259278345468043,0.9214938524753831,0.930539873324455,0.9258944651749658,0.925779419432849,0.9183630884092011,0.923487846594802,0.9263157865948248,0.9250195676776234,0.9235462451770279,0.9226133614326858,0.9249983661789243,0.9275406393599115,0.9205291042332946,0.9227239508451324,0.924474483355715,0.92633044632309,0.9233721081035442,0.921751822876357,0.9233495291711239,0.9257003462455234,0.9226496678436168,0.9228188850541922,0.9219591112144423,0.9272588315515247,0.9253057753349814,0.9278100734694387,0.9240653986830595,0.9243244464982989,0.9197847358106221,0.9251439851175289,0.9243680872621745,0.9239004453683554,0.9288981631178347,0.9233522627420774,0.9200052531270789,0.9216959911150465,0.9203242596093961,0.9279724795650001,0.9287604884709959,0.9224011247079632,0.923053458542291,0.9259017068939585,0.9207130100072751,0.9227347375764886,0.9288889637472107,0.9223891255389924,0.9196531500057796,0.926244178791645,0.9257858461685697,0.926309295839255,0.9207791443026333,0.9271306359650691,0.9276822318923209,0.9206334929064273,0.9225488163438038,0.9288597412775085,0.9203971399739576,0.9248220958328419,0.9267576668405447,0.9199485444927198,0.9254390521041654,0.9248079504950332,0.9247606219988693,0.9257362840850631,0.9233490382372345,0.9244995264176727,0.9210699959829619,0.9237198834930012,0.9248230286631006,0.9247550427585882,0.9241370423899512,0.0025537610436466933,151
722.3186690926552,301.5507322489435,0.7903430461883545,0.8056615380104584,0.12587213119593038,7,0.6077785140010954,2,4168,0.9095589365192694,"{'learning_rate': 0.12587213119593038, 'max_depth': 7, 'max_features': 0.6077785140010954, 'min_samples_split': 2, 'n_estimators': 4168, 'subsample': 0.9095589365192694}",0.9357774131938984,0.9333920462849011,0.9323322929610885,0.9318577407732108,0.9327968437102248,0.9312651677271871,0.9345198115557347,0.9342013465219074,0.9356653176586581,0.9317046791035248,0.9335356403037076,0.9324975861735576,0.9354824405466713,0.9329428155310211,0.93242885274741,0.9327616180723264,0.9275847437698029,0.9358277035690956,0.93194660654856,0.934087874445436,0.9340980066845456,0.9329222032098553,0.9346777417361156,0.932963927753008,0.9340891484769596,0.932146544401254,0.9361551477696631,0.9326405214455764,0.9324583035612397,0.9344945198157965,0.9325178349244526,0.93640442559525,0.9348210440072481,0.9346982567405493,0.926979097425114,0.9312643481802974,0.9355777320245785,0.9331758491673265,0.9346204262325025,0.9317791357845819,0.9337824938103055,0.9356702485346985,0.9285440870714786,0.9324973849165128,0.9343544223864508,0.9349792242194592,0.9313422324368397,0.9320821062273801,0.9320848256750998,0.9349234753865513,0.9303168984507234,0.9322296983300891,0.9338150052344845,0.9351534386286978,0.9335661480261482,0.9362691131071841,0.933472220355028,0.9349981523263458,0.9295094763502799,0.9352952655809074,0.9345849677549822,0.9324436858103438,0.9392843123902562,0.9316412408197116,0.9304418591200653,0.9308539959064066,0.9294743541158712,0.9369348394867258,0.9342124756716967,0.9323587306061518,0.9327869461082019,0.9338700024956219,0.9318544839170289,0.9322849206971531,0.9385858501763316,0.9304586030198737,0.929546262501715,0.9347697765388812,0.9356225366532732,0.9358679271363552,0.9311431562688468,0.9333323856154733,0.9378480845232545,0.9292898009570405,0.9318095431461488,0.934615905936075,0.9304440296207539,0.933812326986072,0.9357696437709266,0.9287118378797008,0.9348461037018339,0.9329343583058911,0.933688862975737,0.9358612993372426,0.9308039826890436,0.933478264129453,0.9305312762574385,0.9332867266678296,0.934519485059234,0.934547246877946,0.933251307648211,0.0022391715632385815,58
694.1646524453163,256.7202070844203,0.5841702914237976,0.6016375010717697,0.02509349191067395,5,0.8924307710242201,2,4168,0.8116205109603296,"{'learning_rate': 0.02509349191067395, 'max_depth': 5, 'max_features': 0.8924307710242201, 'min_samples_split': 2, 'n_estimators': 4168, 'subsample': 0.8116205109603296}",0.9318123022271902,0.9293952863134493,0.928648311030766,0.9268379434735361,0.9252443141596169,0.9261941465353241,0.9308163120208401,0.9318125380685786,0.9286215850442112,0.9256357305575158,0.9282261293927883,0.927420158113566,0.9311449593005416,0.9290824953607788,0.9272240346797291,0.9291475690130275,0.923485322195876,0.9318604988428105,0.9266574359357356,0.9283006137951079,0.9271879579934804,0.927584694743909,0.9309923960059305,0.9283746631763599,0.930326107427884,0.9257101711967389,0.9325563978683612,0.9283267742336263,0.9263685377421709,0.9301236614563759,0.9266998183525142,0.9338251614233983,0.929926149326856,0.9301236451714625,0.9224975719945365,0.9275883440212195,0.931213522001632,0.9292596253298863,0.9281292499533994,0.926247114537867,0.9292952877927135,0.932010358806316,0.924017642465538,0.9261607506498187,0.9283797024523641,0.9307465421043511,0.9270085334491908,0.9266111291417701,0.9280397360005588,0.9301743705382864,0.9267426991767889,0.9265054882328584,0.9271563962370528,0.9317385740854088,0.9297758552150004,0.9326765525389532,0.9289821734652307,0.9296181668194446,0.9245471601776952,0.9296678349998378,0.9295187716358887,0.9277955159338096,0.9337102940795865,0.927709469228101,0.9250102050338807,0.9265807422635101,0.925140946110617,0.9321988646570527,0.9319534360572644,0.9270853493014385,0.9283749380933455,0.9296701408708472,0.9259686320841704,0.9268055074926231,0.933548440475165,0.9268852896213284,0.9244317368564137,0.9312444259385909,0.9295618636982396,0.9309645689468857,0.9251077190867971,0.9308180386870204,0.9323668474766899,0.9241753010173199,0.9268625990820936,0.9329584050877385,0.924685580411196,0.929166600113656,0.9313036464144979,0.9245127999785787,0.9299882648910378,0.9281555148085993,0.9288092933496412,0.9301306899967642,0.9276997001245896,0.9289188827352481,0.9253325827531755,0.9276628846922162,0.9295839324953106,0.9302789045438742,0.9285316153049256,0.002512961090841966,131
657.3642674231529,253.91821557567164,1.1288058280944824,1.1447199387728473,0.0024019675067792653,7,0.6582854971984013,2,4168,0.6110251048910715,"{'learning_rate': 0.0024019675067792653, 'max_depth': 7, 'max_features': 0.6582854971984013, 'min_samples_split': 2, 'n_estimators': 4168, 'subsample': 0.6110251048910715}",0.9207835692633115,0.9176072834503078,0.9163507218477455,0.9142038882991403,0.9116196756644614,0.9134498978091634,0.9187713473872668,0.920465339268436,0.9172291708699983,0.9125839906036828,0.917397595432965,0.9172456253599947,0.9177929587172784,0.9165862781631171,0.9133155353546016,0.917080378159427,0.9131812650619068,0.9191339308040349,0.9138394691322907,0.916808863983218,0.9146518081899424,0.9142710428667711,0.9181702291448185,0.9173909257650439,0.9172081422242464,0.9114902805404368,0.9210813191139815,0.9156574042516582,0.9147979507751514,0.9185662926400406,0.9137611019783279,0.9224388072660142,0.9189183573409876,0.9166360771403693,0.9098485911265319,0.916435155216254,0.9194601106131284,0.91709313339572,0.9148437128029523,0.914010714594891,0.9163522700606557,0.9199912485342538,0.9126339117540702,0.9161578486361288,0.9165013004282612,0.9184142392199469,0.9150374282052431,0.9141118197266112,0.9154894360029198,0.9170630678157891,0.9140539281492974,0.9149688827633794,0.9150507867405657,0.9193311212280859,0.9178990275077301,0.9194062692720164,0.9182603740523703,0.9172675814748937,0.9114409171963053,0.9159243823232129,0.9167496084345172,0.9166984683847303,0.9213963410676531,0.9155163668904465,0.9121704535396556,0.9141619700530275,0.9117772936522629,0.9214730027588135,0.9192244652233236,0.9150239407741512,0.9155326659286591,0.9193058281228017,0.911968614285598,0.9135915751505738,0.9200736811284728,0.9143024960863458,0.9116963509631291,0.9190212589349814,0.9178746279319985,0.9183315543776067,0.913556274075124,0.919876817557963,0.920162499920339,0.9127885091511307,0.9139045558696732,0.9214093148666435,0.9116369399047368,0.9153206635305787,0.9193557536048855,0.9118091919284699,0.9169270621565478,0.916473762810477,0.9167009535372314,0.9183203944712505,0.9143611331742754,0.917684530615672,0.9123912636969874,0.9149306535482681,0.9179340518414617,0.9172394008363086,0.9162620807349812,0.0027647729393736197,182
449.73990595579147,192.84413291606214,0.8284506225585937,0.853831094671248,0.004212411295973444,6,0.4962833327821561,2,4168,0.5982194135375902,"{'learning_rate': 0.004212411295973444, 'max_depth': 6, 'max_features': 0.4962833327821561, 'min_samples_split': 2, 'n_estimators': 4168, 'subsample': 0.5982194135375902}",0.9217489454040226,0.917926365917764,0.916852619086404,0.9151331483210864,0.9120388686497548,0.914122624154654,0.91947196035918,0.921358152913654,0.9174332634161156,0.9133134883018302,0.9171107128859032,0.9177909586512122,0.918417517814343,0.9175753017438059,0.913764963407497,0.9177199207926124,0.9134032366753537,0.9196540027778568,0.9144747236180604,0.9177014597664939,0.9150166275838076,0.9151582599615535,0.9196330256512973,0.9172833696147279,0.9184662167957591,0.9121582746557811,0.9219647585772539,0.9164208675023916,0.9148863464602007,0.9193736629230359,0.914078668153906,0.9230895904364259,0.9191146123949651,0.9176742351427577,0.9108222243308485,0.9169348452024263,0.919890610512904,0.9179126969965469,0.9158255720994591,0.914890369437853,0.9175006172086618,0.9211409391440941,0.9125294142739091,0.9165497752370333,0.9170120114561626,0.91931130269883,0.9163954984006647,0.9146475672480552,0.916241495398936,0.9176414476063487,0.9149263856317423,0.9156485751397706,0.9152810412223411,0.9200952987163451,0.9184105516633004,0.9206446645986134,0.9185258470550617,0.9175545474353417,0.9114994768208782,0.9170472045444235,0.9170493836993518,0.9171806175735614,0.92192277415852,0.9161007854671616,0.9128188961487104,0.9147631551119927,0.9127894529353547,0.9219891794051704,0.9204037596670894,0.9157388073112157,0.9159027693212314,0.9195146785500492,0.912253754338965,0.9146258701855194,0.9214765880502129,0.9154005307157311,0.9121506064326154,0.9194697173589783,0.9188284696464458,0.9195545322965576,0.9139168378582483,0.9202419088749142,0.9207574286579441,0.9140409917064681,0.9143217158599968,0.922279613602578,0.9118967891094549,0.9165110191823066,0.9200181334127484,0.9126947032550511,0.9179836375129182,0.9168747518802799,0.9174482462852103,0.9193083334749169,0.9155830513895648,0.917830560379578,0.9136425971915174,0.9161154872879947,0.9181031152917237,0.9181984880687354,0.9169391246924862,0.002813254441060889,177
552.9154520368576,268.3690084127691,2.2303797888755796,2.2366214132171196,0.015283945568403533,12,0.4278845090100396,2,4168,0.5984472953553899,"{'learning_rate': 0.015283945568403533, 'max_depth': 12, 'max_features': 0.4278845090100396, 'min_samples_split': 2, 'n_estimators': 4168, 'subsample': 0.5984472953553899}",0.939479207001848,0.9353327974056288,0.9353342511023037,0.9319988423996491,0.9333224716018378,0.9344064975998672,0.9361730555082723,0.93882331243027,0.9371814957603437,0.9334725542440129,0.9364331849531506,0.9356907437677877,0.9360891988497031,0.934399861206853,0.9345833004036335,0.9360939210191587,0.9311119446666598,0.937808919418351,0.9333312516581794,0.9356191242568229,0.9347935451005043,0.9326635062575019,0.9375903067000364,0.9351858560706907,0.9356503690936576,0.9325416714754214,0.9375261832368413,0.9355513064678002,0.9335017114965461,0.937336500673974,0.9350144872158028,0.9385961267947196,0.93686801272993,0.9371986415530683,0.9302144724136077,0.9343623527034859,0.9376577381873102,0.9359195115684276,0.9357922160866751,0.9328555550996014,0.9360277516598354,0.9389319021665403,0.9320625682675868,0.9347663849688168,0.935432150450508,0.9360375232323812,0.9344393893842385,0.9342415059937064,0.9350236560814535,0.9366613178437115,0.9326734138395842,0.9354234786622034,0.9357985035353356,0.9365081890902119,0.9364836377987605,0.9377235896853608,0.9356822637974684,0.9364075553391322,0.932745758267867,0.9361611337851923,0.936930505441081,0.9338745228245334,0.938724867409688,0.934459242738324,0.9330533841717386,0.9323716828799066,0.931379330068305,0.93943839774015,0.9373271751135577,0.934432988505552,0.9326290541366009,0.9373286722776671,0.9320652986268656,0.9336636582831391,0.9401481458968182,0.9347650937506288,0.9314349857798467,0.9381166938957863,0.9357569551266928,0.9369527586755061,0.9346389958357509,0.936694253464556,0.9378026427321284,0.9326593333456411,0.9318093357644751,0.9389143396363556,0.9323685388300594,0.9359293074777485,0.9372269515585031,0.931022805315777,0.9371627615638213,0.935206898959016,0.9352688790289696,0.9376009508124473,0.9329558835990097,0.9349487280320622,0.9323719798022985,0.9339709323687815,0.9355815295320637,0.9364781470900284,0.935282042881217,0.0021609502680680413,36
783.5935769200325,332.90969458877635,2.0435005402565003,1.9981020892140304,0.04009971433481413,12,0.38320658538824987,2,4168,0.8755563048502895,"{'learning_rate': 0.04009971433481413, 'max_depth': 12, 'max_features': 0.38320658538824987, 'min_samples_split': 2, 'n_estimators': 4168, 'subsample': 0.8755563048502895}",0.9356759611053963,0.932356623804749,0.9330206417952137,0.9288716479478621,0.9296982681910662,0.9312129191176951,0.9328295568440241,0.93602413345578,0.9347501888656383,0.9291411991701171,0.9329587803433611,0.9325201644131544,0.9337802505177905,0.9311458834137647,0.9313520193946777,0.9333664008867417,0.9271839709394076,0.9340792904328958,0.9313348937107239,0.9323960340600143,0.9311547945324531,0.9291803489822127,0.9351475342407554,0.9327527574155472,0.9333553449951211,0.9284333362074633,0.9342705074109351,0.9324535293463125,0.9303614052632173,0.9341224332262785,0.9327678972330572,0.935687123465189,0.9347489998515328,0.9337342898230188,0.9278196297854233,0.9319202543792067,0.9341845268982528,0.9342469779474067,0.9320037431931187,0.929669945572826,0.9323592944867484,0.9360937824700397,0.9299587850101227,0.9319212829659395,0.9310639033745095,0.9329528708712189,0.9314142952284098,0.9316933242807699,0.9320770108868273,0.9333574615134751,0.928039862004675,0.9323617570760276,0.9327265200786161,0.934054717503041,0.934759970778957,0.934060114699562,0.9332319958315225,0.9332050268233991,0.9302522893977488,0.9327404273648243,0.934886167486398,0.9311266445733226,0.9341960758230468,0.9301886362797613,0.9303058010193289,0.9287245993343477,0.9279133263449676,0.937963383706337,0.9357182557148579,0.932039653957437,0.9308117629487919,0.9358120296327228,0.9272595153680847,0.931604523918048,0.93757634408088,0.9306456011098171,0.9274272043648828,0.933795247952101,0.9327089165721779,0.9337775968848263,0.9311071476567243,0.9333770527245612,0.9349038157732864,0.9312991751272198,0.929071257887269,0.9363867931922437,0.9282799067490215,0.933063774524874,0.9356999785935297,0.9291864067050255,0.9336152505116891,0.933620071269527,0.9336579379653767,0.9347215568422584,0.9290226096111374,0.9332576814311153,0.9296411090132907,0.9306449768017983,0.9325359324043212,0.9340701767724887,0.9323168279945474,0.0023797519627161067,71
1223.0816535758972,420.5213741471772,1.0527166438102722,1.0729315129758967,0.18787609436667907,11,0.8602497922754564,2,4168,0.8299803333389769,"{'learning_rate': 0.18787609436667907, 'max_depth': 11, 'max_features': 0.8602497922754564, 'min_samples_split': 2, 'n_estimators': 4168, 'subsample': 0.8299803333389769}",0.9252186771876247,0.9203521899549499,0.9202801927822697,0.9148787066532358,0.919457731923932,0.9205567047748968,0.9223559703423213,0.922868867037224,0.923187849524181,0.9189709829407436,0.9233203735052733,0.9218441881505712,0.9248578216180399,0.9167817333207978,0.9200402047373033,0.9195136991663586,0.9160882313871344,0.9238267528648729,0.9185588698199179,0.9206674518537886,0.9196210277387119,0.9188531762597213,0.9255253523788601,0.9198818975008667,0.9222171104528241,0.9179186259573159,0.9228100521962321,0.9182218587875588,0.9176070719049089,0.9250718779188034,0.922586951334543,0.9241123499116852,0.9245743176500977,0.9237153625236825,0.913195232952152,0.9209766123275978,0.9237791711056113,0.9210770779687751,0.9216718835121733,0.9181977236181276,0.9207937898560239,0.9231885007470847,0.91722938756756,0.9193990667806932,0.9223694471684181,0.9225023714736844,0.9199464853521084,0.9171581256483688,0.9213708176497828,0.9249185059489654,0.9149367660757314,0.9207605831705019,0.9216002914922443,0.9224794143136832,0.9208597361356892,0.9210163750748854,0.9238176444183208,0.9230879905393942,0.9198802083457396,0.9208905566058859,0.9246975854000266,0.9190312860714462,0.9250581558394209,0.9232944167808484,0.9163729644562256,0.9167147621312337,0.9179366291227228,0.9245924238376406,0.9236885152910193,0.9205503249124366,0.9203315083924708,0.9252857881909677,0.9170649623517513,0.9213903366078466,0.9230501541113592,0.9197241898698314,0.9168978885970528,0.9244417504995437,0.9220350682996923,0.9198560820903328,0.919206165213841,0.9229894932552862,0.9255928198054694,0.9163400442371932,0.9154009147047139,0.9247473517491616,0.91814106407655,0.9199247104202857,0.9237839312000665,0.918403937807949,0.9203960972787513,0.9223360320634114,0.9229717621046503,0.9221679997509071,0.9170732718468387,0.922142460115322,0.9155316629578495,0.9176730992894819,0.92141659685585,0.9211112310962345,0.9208281343659412,0.0028502740122684483,166
853.4775995206833,329.93723704715785,1.7647639799118042,1.7652362717508419,0.07492362316610363,11,0.7511378652206688,2,4168,0.5561794907129796,"{'learning_rate': 0.07492362316610363, 'max_depth': 11, 'max_features': 0.7511378652206688, 'min_samples_split': 2, 'n_estimators': 4168, 'subsample': 0.5561794907129796}",0.9342235388235639,0.9321651263376132,0.9295283072539805,0.9257996191291359,0.9296429364205056,0.929455743440807,0.9321331856462973,0.9332361673426123,0.9321621223369487,0.9293165680908142,0.9302834368172602,0.9295944932033582,0.9315240757885843,0.9302924555232361,0.9291267993812835,0.9313555982610181,0.9246668008563427,0.933566855836264,0.928378165713972,0.9309236248942031,0.9295350020408041,0.9271179691058091,0.9320411303749225,0.9310629572616455,0.9315383679386324,0.9283503399516702,0.932960380048004,0.9304655676000306,0.9268241732698903,0.9318174891225398,0.9293272629080875,0.9349309272236823,0.931191095183818,0.9325119278458327,0.9234478754362654,0.9316752910229829,0.9311466018228659,0.9303122677683646,0.9300378535665236,0.927154958272766,0.9309237064563246,0.9315943873726237,0.9276174442786776,0.9282228302176436,0.9296490690337815,0.9323891177577184,0.9285415102903046,0.9286652161216542,0.9302166001355965,0.9313950075044011,0.92625453663806,0.9310482582360673,0.9287388069722168,0.9311007390199204,0.9320461309482292,0.9329914026904452,0.9298308691319755,0.930839816631381,0.9280575078554363,0.9301335888297921,0.9323207161084005,0.9297564553587812,0.9338040591946042,0.9278948258070333,0.9287331826686812,0.9287138228446638,0.9263647719161106,0.9337913102087115,0.9321516508727226,0.9293408664581568,0.9288173652447926,0.9328624421393215,0.9274367136047154,0.9274126948539818,0.9348078310535208,0.9292802385515593,0.926897815079991,0.9335851219647332,0.9312771651833621,0.9320514015456758,0.929256760122306,0.931517302399104,0.9349345394591203,0.9269470194571666,0.9276068183921979,0.9348583568797714,0.9257362777858769,0.9305485398325851,0.9327547489616621,0.9266692435460617,0.9318395675428394,0.9310056506768744,0.9307619881535453,0.9301968247439737,0.9277447924505828,0.930243971718115,0.9262777250126772,0.9286483828150683,0.9302276813766756,0.9283865179471821,0.9301454476491812,0.002374696159412358,117
615.7154349184036,253.43376019395478,1.3335312986373902,1.3880531983498046,0.08832582271700674,13,0.428273055863934,2,4168,0.873909678975658,"{'learning_rate': 0.08832582271700674, 'max_depth': 13, 'max_features': 0.428273055863934, 'min_samples_split': 2, 'n_estimators': 4168, 'subsample': 0.873909678975658}",0.9311184551622117,0.9280423154729253,0.9273051378924644,0.9241823469323066,0.9242070310150173,0.9267846602713619,0.9276225902622978,0.9311558421818015,0.9291436759225988,0.9228740130639643,0.9279889285198845,0.9305438037390865,0.9278399761937989,0.9248264148927651,0.9256346404957244,0.9273613137769896,0.9241972044819942,0.9277982960382244,0.9256466268779779,0.9255102286556589,0.9263275774962166,0.9245655310338589,0.9298747139542071,0.9273068683796797,0.9275725736450398,0.9224708315823754,0.9284705834793092,0.9274589428871804,0.9255339355665455,0.9291825869204504,0.9266987239640099,0.9309947910064876,0.9280855447826377,0.9286722760135422,0.92387641019381,0.9265996458524757,0.9295568358663997,0.9295113802403929,0.9245538720235432,0.9256675872306401,0.9270534361964986,0.9305098818570552,0.9234131957213002,0.9257216125119961,0.926502048277684,0.9274481136668574,0.9269398763125776,0.9265715407480747,0.9271250221059523,0.9283736432045531,0.9247581121773114,0.9267574290623873,0.9275457857326488,0.9287544991081944,0.9295905821180044,0.9291747281462706,0.9274527704051791,0.927607206676573,0.9251020239870342,0.9291355295828302,0.9285098971534232,0.9270183718781638,0.9308500935809629,0.9258597912356432,0.9249749109192774,0.9217323527534419,0.9224845744047275,0.930458839255953,0.9303672567263406,0.9254513652337637,0.9250348728839283,0.9286361341612536,0.9217727591711856,0.9256551565461503,0.9299829742147798,0.9261214579245789,0.9224316623146737,0.9303431248522003,0.9272809910653496,0.9295133033657489,0.926707335886912,0.9299284736852786,0.9302517840572686,0.9253036373849235,0.9237592893465006,0.9312137443739417,0.9211679854875643,0.9272538824517147,0.9299273771841173,0.9233879643443854,0.9277223471620462,0.9260120933546653,0.9274257730564552,0.9303322751709292,0.9234196292174605,0.9265249833806048,0.9238613804147364,0.9248571840070636,0.9281361801024947,0.9296438546256395,0.926996188159031,0.002438968292492976,144
539.5108436727523,292.0907629864629,0.6801523280143738,0.683392393196753,0.28733328872112207,11,0.6274913356331124,2,4168,0.9388869302141626,"{'learning_rate': 0.28733328872112207, 'max_depth': 11, 'max_features': 0.6274913356331124, 'min_samples_split': 2, 'n_estimators': 4168, 'subsample': 0.9388869302141626}",0.9191008480202745,0.9181370573613273,0.9170881271418353,0.9120670772657127,0.90951159500505,0.9138171173866868,0.9186218101816102,0.9203377139003779,0.9189231225691916,0.9156731290105123,0.9166892331706511,0.9183280287965204,0.9158523861654981,0.9152531519665631,0.9174845275208088,0.9167097678660419,0.9143740729241611,0.9197624964397221,0.9166991253735467,0.9176149829502233,0.9129203984393257,0.912922653882295,0.9177188833154152,0.9179341469168992,0.9158962990968764,0.9142355820112986,0.9168777007633566,0.9160019875417451,0.9142038093454983,0.9215603265469241,0.9148916684973927,0.9201056585325795,0.9180904674401759,0.9214819849187674,0.9119784901257434,0.913965211914006,0.9183494684070114,0.9204373441680902,0.9130339981168418,0.9122275766316338,0.9160084502925615,0.9206063486921122,0.9121800414687032,0.9128696667016386,0.9187398204410966,0.915043908379815,0.9112638408565442,0.9136537598980685,0.9145911449285986,0.9177815702529624,0.910819103515117,0.9185960427966754,0.9140013738752408,0.9177282326423524,0.917750823767128,0.9185399547118092,0.9138184134492333,0.9180131806952339,0.9157628767899003,0.9157213505259634,0.9228132535945389,0.915889483045224,0.9227793035044823,0.9186101688518171,0.9110607351793402,0.910961860613449,0.9143138634413346,0.9216186216548858,0.9171899444687557,0.9157196398367465,0.9134571232792531,0.9173017794360244,0.909661750209621,0.915497907060564,0.9192896452071162,0.9125359519325308,0.9115148214371708,0.9212237797255949,0.9193279722054336,0.9206036629594655,0.9157822111824796,0.9172972004366343,0.9218151143461936,0.9115818520324558,0.9137738117804542,0.9202921038865615,0.9128059965478885,0.9160043848872521,0.921085081339148,0.908659447146286,0.9197275928051573,0.914908611944119,0.916738643614549,0.9183163279948401,0.9150114890024219,0.9180850440625565,0.9105301891874918,0.9137935141859869,0.918347380682967,0.9159209770612124,0.9162221717407897,0.003221898906679132,183
1332.2193978595733,427.64278685422977,1.1931614589691162,1.1962750258578705,0.03594663627942926,10,0.8880390710398196,2,4168,0.7827852299245324,"{'learning_rate': 0.03594663627942926, 'max_depth': 10, 'max_features': 0.8880390710398196, 'min_samples_split': 2, 'n_estimators': 4168, 'subsample': 0.7827852299245324}",0.937262296283291,0.9341864002361633,0.9343474472323618,0.9309951244875235,0.9319741505630373,0.9326102108002415,0.9349132986062021,0.9359960928624025,0.9357071442532195,0.9314390894826107,0.9351135900994166,0.9346491924826262,0.9362702442525354,0.9314899612360868,0.9332334851163293,0.9342161502346429,0.9293425169106008,0.9372078612563626,0.9309056534694319,0.9328602878631646,0.933770949304366,0.9307535754278553,0.9346317558498207,0.9339167229592156,0.9346075975297341,0.9321139306902911,0.9359789892100233,0.9330959734849799,0.9321460273429802,0.9350195411267974,0.9336826617141983,0.9374346598518714,0.9359914379377486,0.9349739145650472,0.927455972763371,0.9343632451863033,0.9360601257443892,0.9337384581243753,0.9338632886394498,0.9314447847903693,0.9339688479343345,0.93700475545557,0.931171970468988,0.9315798811688673,0.9332891174927411,0.9350723592892143,0.9327132047042012,0.9335106166867866,0.9328316594197457,0.9356265520143873,0.931360469883104,0.9338763116607754,0.9341569057909802,0.9352637693674686,0.9339306935442883,0.9359831804329506,0.9347841403488246,0.9355063047481668,0.9326470925737308,0.9349781574669442,0.9373843955093862,0.933211246341538,0.9374055368597521,0.9336839725767007,0.93051658228604,0.9318954554507368,0.9306239203479304,0.9378142986897787,0.9366055616466399,0.9320072898445839,0.9332252413565673,0.9362655383702986,0.9301969724650309,0.9324019815154065,0.9369575262035047,0.932580789474075,0.9309788718563801,0.9369030957907376,0.933957986820718,0.9335943830328435,0.9321391455119805,0.9342653981238416,0.9378461592768527,0.9293894031927934,0.9312530684004316,0.9377353709452055,0.9311660380110791,0.9334305511930654,0.936571171973917,0.9311450870583193,0.9347858797787141,0.934082177692339,0.9342388969917866,0.9351741412739297,0.9323031673541646,0.9352257422049486,0.9302794197241805,0.9313660408128337,0.9337296890608984,0.9342563082319875,0.9337761330367543,0.00217946519016969,54
745.3789694714546,299.22259157203814,1.049964063167572,1.0293737627076796,0.14031304686898666,7,0.9116015530289661,2,4168,0.5801054408836229,"{'learning_rate': 0.14031304686898666, 'max_depth': 7, 'max_features': 0.9116015530289661, 'min_samples_split': 2, 'n_estimators': 4168, 'subsample': 0.5801054408836229}",0.934567901977154,0.9301467484730515,0.9283668211589955,0.9279597423910544,0.9272663463166952,0.9246179746655856,0.9302612189123985,0.9315934664542064,0.9299218906295326,0.9271567952629639,0.9302796161154289,0.9298186321225907,0.9321738482655529,0.9274773969973418,0.9270398372013442,0.9279064542652796,0.9245131995806267,0.9333940173160352,0.9249805624194234,0.9295548551915099,0.9266827316442392,0.9280681267849943,0.9306800752848543,0.9292438959075614,0.9298420570940324,0.9270674016676735,0.9307447773289976,0.9293950452095981,0.9277408158809989,0.929837516918867,0.9281371359807522,0.9322742755514462,0.9302780659521431,0.9331337706875013,0.9255980395036927,0.9291902446244963,0.9319862803186512,0.9302053563498537,0.9299548657548582,0.9266360545858836,0.9296935357835099,0.9312192254579404,0.9249422342958861,0.9260198345672461,0.9287201233893998,0.9312248095217955,0.9276441968880837,0.9269097811013146,0.9269415351369072,0.9305989012399936,0.9272630904073085,0.9291930806870362,0.928853853905681,0.9296673606924638,0.9307016789046055,0.9336122365678196,0.9331307152314832,0.9303663254370358,0.925639605900676,0.9307840714995224,0.9316631697193326,0.9285712007320744,0.9349013145806507,0.927878393504227,0.9250435664207676,0.9271134600695509,0.9239381968514156,0.9321532114139743,0.9316813677985946,0.9273473367813956,0.9287689531135289,0.931691645151771,0.9274014215366463,0.9284176006702543,0.9327370851711672,0.9294460154711592,0.927152402901152,0.9323881315394245,0.9298712728108087,0.9315444220125016,0.9287902784160676,0.9305209258319518,0.932527002231597,0.9261129089841643,0.9259073418727402,0.9316425386993302,0.9250813279519114,0.9301870131713705,0.9317775368479605,0.923684478187504,0.93016976808005,0.9300935061028741,0.9293047333919454,0.9308947661958306,0.9264816845775321,0.9292873425016854,0.9255298423845431,0.9275655181644127,0.9305076175121596,0.9312089329418335,0.9291580528766145,0.002470197470205366,125
540.9574075078964,230.33881195328894,1.5670821404457091,1.584902522118862,0.0032620046892131676,9,0.5664903042580324,2,4168,0.5709004491856419,"{'learning_rate': 0.0032620046892131676, 'max_depth': 9, 'max_features': 0.5664903042580324, 'min_samples_split': 2, 'n_estimators': 4168, 'subsample': 0.5709004491856419}",0.9332331407196057,0.9305093964071588,0.9298238478196171,0.9268315836055345,0.9262718080204053,0.9279127933474351,0.931064415380828,0.9327928477950014,0.9310000192712315,0.9268716033700035,0.930337467385446,0.9302274467239896,0.9310564146225632,0.9292495719246874,0.928169769292955,0.9303242944745721,0.9256778643335698,0.9319114267196792,0.9271298595891355,0.9294677810441706,0.927927236389955,0.9268672639035631,0.9317800306449296,0.9298179178401996,0.9307209573382247,0.9259770099360709,0.9326032998270636,0.9291300768449147,0.9276941813900281,0.9314333461806512,0.928733023587693,0.9339860808667716,0.9311108659504513,0.9303264538901617,0.9235062421497152,0.9292262251279955,0.9319129501085779,0.9307963020679406,0.9282155955298353,0.9273989429725805,0.9299136813428647,0.9329516568684885,0.9265776030293753,0.9292182209328018,0.9292855545199915,0.9306118091998044,0.9285643246547453,0.9282304065857971,0.9287165557892577,0.9311554073544895,0.9266476667586488,0.9287755302919514,0.9289960507328736,0.9318577271558028,0.9306397125472116,0.9324443331517877,0.9305071888940734,0.9302807669380712,0.9258966832323725,0.9297575474955908,0.9309877305062844,0.9293014449180069,0.9333948833285163,0.9284500146818886,0.9265237852405573,0.9270647367795453,0.9255273485036817,0.9340218488313998,0.9321810543392061,0.928402011112154,0.9282328306163551,0.9319190330707587,0.925801080104443,0.9275789253727037,0.9337311857708215,0.9280421129389969,0.9251464750476796,0.9321510246848457,0.9302134105669358,0.9317461948588129,0.9277200844591798,0.9315739661394273,0.9326150814584786,0.9265772557912123,0.9271832403368273,0.933988339894203,0.9255886704385763,0.9290998558630353,0.9322909698697597,0.9255841171221499,0.9312440863005741,0.9294406546085122,0.9299916305705392,0.9316540000752491,0.9276104361387179,0.9306529325293197,0.9264079331597852,0.9276960792789872,0.9305674279763633,0.9304770715857478,0.9294843674674113,0.00233987954791001,121
879.7519301223755,274.9918218698653,0.9929564833641052,0.9614970668077392,0.017978880263594194,7,0.7577915753594879,2,4168,0.851544284885785,"{'learning_rate': 0.017978880263594194, 'max_depth': 7, 'max_features': 0.7577915753594879, 'min_samples_split': 2, 'n_estimators': 4168, 'subsample': 0.851544284885785}",0.9383931219161934,0.9362404215981431,0.9339899811148491,0.9322766114247516,0.931785537846391,0.9336284350774324,0.9357332995638655,0.9370357365551856,0.9354560931258573,0.9325325312895079,0.9349369209731909,0.9347771091812865,0.9369640675850768,0.9351558020265665,0.933007650904847,0.93400912961328,0.9301924402692557,0.9376902224929791,0.9322295148539628,0.9346670269957466,0.9344141206025832,0.9331931005618778,0.9364957492468498,0.9343074487888721,0.9359474669270902,0.9329178223647229,0.938087690459779,0.934035582818245,0.9329283430292876,0.9364209591781172,0.9333118964821048,0.9386634377832775,0.9365650250777431,0.9359845734156907,0.928355891863881,0.9341216596548693,0.936908511993353,0.9349660211219042,0.9343759838202772,0.93283154960884,0.9350416426947684,0.9377632984834376,0.9310760457343844,0.9324651028088063,0.9347214308722513,0.9365927637304535,0.9330519943520232,0.9339784812490884,0.9328371860186455,0.9363685660847262,0.9318757014219067,0.93364337494522,0.9346644635905645,0.93708727125792,0.9349859337636315,0.937071684427941,0.93518912750184,0.9357040284260505,0.931037363699122,0.9352810837843001,0.936443009904526,0.9336053900482746,0.9385445685118049,0.9353051158363577,0.9311531028956861,0.9330163170434227,0.9313537448192618,0.9385685213855144,0.9376760609399482,0.9323685540632444,0.934240726920799,0.9366808266196414,0.9319455555126502,0.9330461849570272,0.9389476209544333,0.9330810976064556,0.9316150708588856,0.9374486974714922,0.935881104147243,0.9367935977954924,0.9322091619461862,0.935930972178485,0.9381795678429904,0.9299650433651399,0.9328027063182056,0.9385023852381733,0.9312449386296898,0.934272527936361,0.9371703636266653,0.9307383418846905,0.9362212474947956,0.9340460886624601,0.93504029354661,0.9365887331851342,0.9335534761637778,0.9354989792956718,0.9311972082262571,0.9338833785363762,0.9354124069728793,0.9357656398380836,0.9346190936323561,0.002267705891580669,43
802.4785812616349,262.111370483789,2.5559394693374635,2.553588191535959,0.009806240235313657,13,0.5414693009621911,2,4168,0.6923199457362502,"{'learning_rate': 0.009806240235313657, 'max_depth': 13, 'max_features': 0.5414693009621911, 'min_samples_split': 2, 'n_estimators': 4168, 'subsample': 0.6923199457362502}",0.9363195462693638,0.932383387550408,0.9330474853247197,0.9292902444788148,0.9297820760467719,0.9316295754319092,0.932702927320605,0.9348262055967071,0.9340426748541902,0.929695104530041,0.93378445649859,0.9332158024167444,0.9332070085314301,0.9303420350152533,0.9308205906943807,0.9337143782301434,0.9276169556530035,0.9339773056039078,0.9304244407292096,0.9322435253947303,0.9316181255324464,0.9283810869863688,0.9344385748651467,0.9319037163633737,0.9328818608931309,0.9296519161455306,0.9341129294503556,0.9322525394810798,0.9303122660577783,0.9338522083287811,0.932759481658677,0.9358832975312679,0.9336281840112084,0.9334996719086717,0.9273665795032845,0.9320833144429421,0.9340395362469887,0.9337453831755853,0.9319739715892691,0.9295462690054693,0.932078343197487,0.9350478290512491,0.9296590567729972,0.9305776009030136,0.9312067378049799,0.9329845207509394,0.931218076048445,0.9309404730060133,0.9315749821727498,0.9333932492168627,0.9296672955910661,0.9324353009597411,0.9315572793170318,0.9336073732198116,0.9337411087742402,0.9346751092803818,0.9326727750377699,0.9327451387299663,0.9300727664655211,0.9325044437683155,0.9346756550453553,0.9308590455639671,0.9352075304627486,0.9308296171192445,0.930278708660511,0.9294276641241159,0.9283410037688489,0.9365781901740688,0.9346547961819158,0.9311923280195197,0.9314123768707213,0.9346638985704274,0.92812497278573,0.9309914063221147,0.936576540965646,0.9318516354299656,0.9277249113651709,0.9347929039962529,0.9318760470085623,0.9329731202672573,0.9311510772168444,0.9331648711195998,0.9351239287386747,0.9291523878403741,0.9291451475203851,0.9365960451183959,0.9276648764734574,0.9322615337398912,0.9350930299608191,0.9286577231228759,0.9338392969268708,0.9324759454081732,0.9329914772390571,0.9354586523891775,0.929103306690077,0.9332161174340423,0.9291282904297125,0.9291039270143906,0.932615078169728,0.9326238502356261,0.932109550149072,0.0022387181902457642,76
1492.1624923634529,379.50783970264575,3.2512614011764525,3.1243376763065753,0.002176486797469943,13,0.8261528131375593,2,4168,0.7664813868239325,"{'learning_rate': 0.002176486797469943, 'max_depth': 13, 'max_features': 0.8261528131375593, 'min_samples_split': 2, 'n_estimators': 4168, 'subsample': 0.7664813868239325}",0.9275749510451685,0.9248776989958021,0.9243734274183222,0.9210023335797106,0.92203057979068,0.9233615195977719,0.9253244857221294,0.9270091176725125,0.926116993315652,0.9219497932335341,0.9264889738417894,0.925962328711421,0.925010794274399,0.9216390092902338,0.9230360558321531,0.9248608871740579,0.9190619978680182,0.9255883892850374,0.9212416874504968,0.9236885245131359,0.9228943156219374,0.9206433283209866,0.9256913858295391,0.9242909310629874,0.9243648579902961,0.9200091661956985,0.9261352170371222,0.9238026397562804,0.9217030346111414,0.9265830975807557,0.9246893882042144,0.9281554603646673,0.9260070693689726,0.9258795074340427,0.9170872723217296,0.9237040848809922,0.9271265416422134,0.925874159041301,0.9234100187980918,0.9215252408771304,0.9237358432096927,0.9276215645890932,0.9214013939129593,0.9220139926329709,0.9237697556413862,0.9249857387632495,0.9231288007039893,0.9223051830702372,0.9234902765631812,0.9251598665184979,0.9204336094850097,0.9235965670352798,0.923660064595441,0.9260287807493991,0.925911895544795,0.9253574748857648,0.9257622997275748,0.9258771262813046,0.9218321065474925,0.9241627475219172,0.9272674691095895,0.9234066047881601,0.92716394377516,0.9237625943924979,0.9218686238985017,0.9208833417023384,0.9196541429346157,0.9290597931332754,0.9266247469071147,0.9226868031665353,0.9234592674566515,0.9277760964290483,0.9199109403184582,0.9223378776159037,0.9274719453025106,0.9231459300536183,0.9202579959595522,0.9279049983300094,0.9234497593548964,0.9243546847572413,0.9229257011954637,0.9257709147039571,0.928241887021877,0.9210104457010566,0.9201841431850761,0.9282580357319348,0.9201478314786867,0.9231063583281934,0.9277372984857979,0.9215585877823602,0.9241852035203805,0.9248917346725756,0.92567693611234,0.9255553517633158,0.9205941313349021,0.9258921493844511,0.9199058354085934,0.9206521209597193,0.9246340364427215,0.9248615637160682,0.923982491798465,0.00248842520937566,152
361.72805958509446,198.9989916213515,1.2276249170303344,1.2421868092524417,0.06777858563396964,8,0.3922157199544671,2,4168,0.5830073928577384,"{'learning_rate': 0.06777858563396964, 'max_depth': 8, 'max_features': 0.3922157199544671, 'min_samples_split': 2, 'n_estimators': 4168, 'subsample': 0.5830073928577384}",0.938958243418699,0.9366099525885226,0.9369684822444276,0.9335109344596827,0.9330698620140492,0.9343913833937558,0.9361191942382491,0.9379785699031535,0.9382295264190821,0.9337950090730225,0.9357395250701454,0.9357856848643249,0.9384833747028258,0.9353465513957804,0.9347863924432536,0.9357883801342232,0.9328724617334929,0.9380418002218569,0.9339523209940307,0.9363335346291757,0.9342168625142326,0.9338885963436502,0.9389825640436227,0.9344282571053381,0.9366656212201324,0.9338826776346144,0.9379400267799205,0.9350765662299763,0.9349729192384513,0.9370556817957508,0.9349708690661659,0.9394578957072338,0.9370499212596423,0.9367638397868387,0.9302804058405578,0.9352722528031177,0.937132527140107,0.9351404734684998,0.935623548281964,0.9337299064487797,0.9373978034370435,0.938024451288054,0.9321088794726297,0.9349811444192422,0.9349236225227266,0.937354269993389,0.933890129303425,0.9353701480669264,0.9350270668988382,0.9380613538153744,0.9335426007832797,0.9357672955760545,0.935623337660257,0.9371078359486565,0.9365909897125978,0.9389750162884642,0.9353441020758809,0.9377301914021028,0.931462996469005,0.9367169700750745,0.9385779648455126,0.9347783130215837,0.9391281843888277,0.9358625927253125,0.9336988913526718,0.9329915700772725,0.9326253115277693,0.9391414646402976,0.9381723040023938,0.9363953013849369,0.9330794728448676,0.9366086532844536,0.9318066643664775,0.9343497263653103,0.9409012548670188,0.9350560274479367,0.9324032450105479,0.9383755966737324,0.9365501725390954,0.9364228544095181,0.9336431594386156,0.9367026979167793,0.9378152248387668,0.9315938428364432,0.934851884682966,0.9387473190998724,0.9331648545021821,0.9366563553362032,0.9387844534805864,0.9317282781153927,0.9380890517990146,0.9349133166752428,0.9360394198799127,0.9380817760040884,0.9338696406634716,0.9366310326461479,0.9327836763216213,0.9353329223145849,0.9357221624706532,0.9361723373744368,0.935735417740319,0.0021272317088494442,26
800.6284738516807,276.8520834648056,2.088568460941315,2.135677805434582,0.0026724417314984536,11,0.47022433911113204,2,4168,0.7987739237749492,"{'learning_rate': 0.0026724417314984536, 'max_depth': 11, 'max_features': 0.47022433911113204, 'min_samples_split': 2, 'n_estimators': 4168, 'subsample': 0.7987739237749492}",0.9346421076110492,0.9313948616677338,0.9313105723255423,0.9278325665789389,0.9277733071185881,0.9292415912691455,0.9315520561805399,0.9341495361612379,0.9326148499132944,0.9284789375062803,0.9319416155390182,0.9315636872066876,0.9316294942511183,0.9294507236671032,0.9294064564615904,0.9319745856874294,0.9269103162713929,0.9327405945304483,0.9284947160384963,0.930740100132268,0.9297971045635065,0.9273969930714967,0.9331635331710147,0.9304530259562386,0.9318982752736652,0.926789447870468,0.9336023818470689,0.930542729664926,0.9290679149945839,0.9328481403170378,0.930648742775272,0.9349971807165476,0.9324940958463681,0.931819912056789,0.925708578870825,0.930549976924779,0.9329805025719281,0.9323009487769216,0.9302487427716419,0.9280477929689191,0.9307609694004866,0.9340645999315124,0.9284422495201112,0.929848473437724,0.9297790805386776,0.9312008020920041,0.9301170048130946,0.929736351184925,0.9304016853426992,0.9320965556891018,0.9277849498842494,0.930581827762795,0.9304351089855905,0.9324120921834403,0.9318490166838577,0.9332915204654739,0.931626946767282,0.9314405943572807,0.9280257805383036,0.9310695065272253,0.9326419196466195,0.9299280806913719,0.933989118204743,0.9292558565803819,0.9285650453980204,0.9278112648900092,0.9265507325919373,0.9353094119439181,0.93310325856181,0.9298730743560812,0.9291661231301227,0.9335190314279889,0.9264786478995237,0.9288688372949414,0.9352877014117095,0.9293533685421302,0.9265435732796602,0.9337165538351219,0.9309451501237747,0.9327391814811198,0.9292333620095339,0.9323058748734119,0.9336773534067088,0.9280334935654403,0.9276353953938985,0.9351494226676474,0.9264882461205183,0.9305691174809844,0.9340306154827127,0.9267523450071062,0.932130808926754,0.9309681834934164,0.931555044985189,0.9329262028235547,0.928168300130321,0.9315679318857013,0.9274204312693238,0.9285128814919366,0.9311112604448974,0.9317542615961805,0.9306780027757996,0.0023173577857840354,109
1095.958594942093,352.93404256539077,1.790265712738037,1.8046277396293342,0.002373675310108523,11,0.7125523766171264,2,4168,0.7699160323593887,"{'learning_rate': 0.002373675310108523, 'max_depth': 11, 'max_features': 0.7125523766171264, 'min_samples_split': 2, 'n_estimators': 4168, 'subsample': 0.7699160323593887}",0.9319857427628863,0.9292851393441431,0.9293648736603097,0.9257162949790566,0.9258763586740071,0.9274283852381237,0.9298430148462352,0.932002677085055,0.9302270902210632,0.9261538092413406,0.9301136251771732,0.9296895819538658,0.9298248352714715,0.9270358883652751,0.9272662929106152,0.9297359047635528,0.9244147939111951,0.9304503138453181,0.9259539895042558,0.9285819204433314,0.927665182846367,0.9254799969203985,0.9307410605541199,0.9287178750486083,0.929349106613204,0.9247186652358297,0.9315621829660576,0.9281670582624674,0.9266849733705941,0.9308842049161034,0.9285018205496369,0.932879519860621,0.9305675772363075,0.9303091253839494,0.9230825663864481,0.9289132210164145,0.9311736627377376,0.9300125591903036,0.9276618487694408,0.9258670477559104,0.9280899976943834,0.9320252876914183,0.9262722644717196,0.9278522381698637,0.927985690784985,0.9291834485470821,0.9276411780328868,0.9274543509336377,0.9278861097078289,0.9300250222141008,0.9254337625214781,0.9281280181238489,0.9281423194190171,0.9305893283647355,0.9298253121927221,0.930625708540407,0.9295307608173585,0.9295539352406168,0.9261706490568699,0.9286922633551601,0.9307262864838058,0.9279157400739673,0.9321149517214116,0.9277878987088382,0.9257617657095667,0.92543480104365,0.9243111982000884,0.9333630584268681,0.9313504052258668,0.927544337840579,0.9273171129644875,0.9317169236757729,0.9245095808819365,0.9266093466242445,0.9325058338901654,0.9274032011085355,0.9244731911110299,0.9318253289160594,0.9288219049490766,0.9301155089833907,0.9271098425475246,0.9304442184090079,0.9321346235389821,0.9254501293244427,0.925230154079272,0.9328369045045837,0.9246198537833203,0.9281026239782205,0.9318410729149892,0.925081783100688,0.9298161388922587,0.9288801197009446,0.9293199825157702,0.9310574912041746,0.9260856014220619,0.9294456114646316,0.9253472043377063,0.9257103438066929,0.9291200560996722,0.9298135322117637,0.9285405309807498,0.0023631176652636012,130
586.7701278758049,253.92874056630592,2.2921444606781005,2.2860047489250066,0.002366196923256197,11,0.48210408355297696,2,4168,0.5991258104919015,"{'learning_rate': 0.002366196923256197, 'max_depth': 11, 'max_features': 0.48210408355297696, 'min_samples_split': 2, 'n_estimators': 4168, 'subsample': 0.5991258104919015}",0.9342746540518274,0.9310096885283725,0.93086610770792,0.9275930778700492,0.9274534700506352,0.9286668943456566,0.9312789635289667,0.9336201280607496,0.931927564011594,0.9275744011446105,0.9312587834569799,0.9310372767836599,0.9311390638586985,0.929322301960295,0.9289932800085348,0.931307240492275,0.9263852285208951,0.9321345973062344,0.9280287239443054,0.9302025613553121,0.9292471937416676,0.9273332289242814,0.9325440942199982,0.9302436265461639,0.9310663488634754,0.9267060343535936,0.9329822998596214,0.9300406246014885,0.9283639900395315,0.9322995232960833,0.9298690710934274,0.9344867567992013,0.9319228996110207,0.9313757122088453,0.9250301949942008,0.9303732423622427,0.932549317728139,0.9322180487165245,0.9295192567137778,0.9278285262180386,0.9305510713762672,0.9337542790830551,0.9276516379646644,0.9292124257730516,0.9296742788000616,0.9309389279250455,0.9292312189372774,0.9293040550962092,0.9297960393028737,0.9316438291726677,0.92747148586745,0.9300932784292252,0.9296047041966529,0.9322355727952625,0.9313544061728646,0.9330715986187083,0.9311329802760608,0.9309914835319253,0.9274710720247552,0.9306037302431668,0.932114425184753,0.9296384111715364,0.9339424620124326,0.9290600679615055,0.9281799856579088,0.9271990907323333,0.9261042831779998,0.9347419533127637,0.9330432839689503,0.9293703988474998,0.9286565385383716,0.9329392985555841,0.925920391411317,0.9282701055783223,0.9348393727717592,0.9290323087365636,0.9256019656167802,0.9331471468135415,0.9306696244925156,0.9322565026354186,0.9286371831754752,0.9320543463619422,0.9334262964065801,0.9272433321613416,0.927274368267184,0.9343303052071328,0.925949255942059,0.9300776383885406,0.933407221908604,0.9262936641256928,0.9315557032506342,0.9305275149985075,0.9309243600668828,0.9325454137427839,0.9278777941978539,0.9310366172054799,0.9273061243581757,0.9280159486434123,0.9308595239382397,0.931091152077629,0.9302102345506814,0.0023253372783391267,116
972.413486328125,345.2871915976302,1.3575720357894898,1.3647267653391433,0.0021286381843707647,8,0.6943370307769066,2,4168,0.9473678158938548,"{'learning_rate': 0.0021286381843707647, 'max_depth': 8, 'max_features': 0.6943370307769066, 'min_samples_split': 2, 'n_estimators': 4168, 'subsample': 0.9473678158938548}",0.923265273776673,0.9207279607226856,0.9190959675097943,0.9175056451823209,0.9149599890499528,0.9168468527433904,0.9212205866133594,0.9232304523611522,0.9210351042930494,0.9164353087364737,0.9203317957814374,0.920416312022013,0.9205666585821167,0.9196071276067765,0.9170066260959256,0.9204033806078707,0.9155757322905993,0.9215631894736193,0.9158540156364158,0.9193356070994655,0.9178725429848538,0.9167356384330767,0.920775431466082,0.9201991748839241,0.9205114915915402,0.914529243800739,0.923396936796193,0.9187160029295824,0.9180457987852496,0.9217134428661363,0.9174322973868901,0.9247140919899816,0.9217082369249581,0.9198009442419605,0.9130793626171997,0.919640725642277,0.9219163519464488,0.9198434204480099,0.9182490981955536,0.917552106098655,0.9188952390681491,0.9228666576966243,0.9166935659508285,0.9189110766769587,0.9186893795233758,0.9205744639448868,0.9181271603986562,0.917841122800303,0.9178238649828269,0.9203712454266836,0.9166117716772517,0.9183787399506276,0.9185532624134907,0.9219263300570548,0.9204892142925407,0.9218169322084674,0.9205983162940211,0.9207461124845137,0.91469608952164,0.9193694423004353,0.9198649532926646,0.9187540313804651,0.9242285364243206,0.9188008429384293,0.9158895449733866,0.9171555704241898,0.9147827725982816,0.9240508970931264,0.9217081947677919,0.9182042413713366,0.9186432354788002,0.9226683053063534,0.9154931828055851,0.9170538440186263,0.9228095369233783,0.9174414131114059,0.9152906681832932,0.9227817539043445,0.9205364954675304,0.9214052505739975,0.917353313433605,0.9224514507958846,0.9223864331034922,0.9158987074676435,0.9164123007227603,0.9242335116656022,0.9148854836456884,0.918210091181215,0.9228959096492552,0.91490629252627,0.9200855902570663,0.9189564285879546,0.9197476769950835,0.9215661382794813,0.9172721448764609,0.9203152896959279,0.9151449435010313,0.9175727670294895,0.9206526927102449,0.9205247337240501,0.9192443108476926,0.002590962685879387,170
393.9949395108223,205.46382723633144,0.6285302782058716,0.633735910608683,0.33768544846210125,10,0.5151492988219598,2,4168,0.8884175121471927,"{'learning_rate': 0.33768544846210125, 'max_depth': 10, 'max_features': 0.5151492988219598, 'min_samples_split': 2, 'n_estimators': 4168, 'subsample': 0.8884175121471927}",0.9163611798929118,0.9158393895371288,0.9135924301538408,0.9064199985602969,0.9105995127897282,0.9124224568451856,0.9127354137526265,0.9172014962430409,0.9184277908689481,0.9098000974308759,0.9149594089343958,0.9152794058188863,0.9177651451699715,0.9163075107723092,0.9100804733772512,0.9136334663512995,0.9114408021772813,0.9151891075288356,0.9130728595168368,0.9128355543441203,0.9130908326659128,0.9103548183835708,0.9169098486809499,0.9146586759931501,0.9152997627795044,0.9109114422053971,0.913628035894027,0.9132816988819317,0.914090864236605,0.916157725998936,0.9152537034887738,0.9176451094792484,0.9168526608399408,0.9168095724736787,0.9058033584609602,0.914896056479904,0.9140041790844542,0.909375338560288,0.9133791747665739,0.9123736350871667,0.9150026570019751,0.9184892831534459,0.9122964585273029,0.912471712335632,0.9114523056887026,0.9124747381772297,0.9113680317343062,0.9113550732369428,0.9145924804383095,0.916915849087512,0.9111425028629906,0.9160087932950194,0.9135385591936925,0.9137184623760217,0.914561079898846,0.9162248071915231,0.9155292187565761,0.915755271652913,0.9106319111648731,0.9150441761280416,0.9164212700386892,0.9170179098319542,0.9174723396762511,0.9100991550808861,0.9120855089524196,0.9128641740642641,0.9064272125291477,0.9175089349469776,0.9168253371467059,0.9148175486293182,0.9118905072363843,0.9171055200105407,0.9087123408751863,0.912078297125988,0.9184291531745726,0.9150103521900295,0.9070172559435408,0.9166131476946751,0.913261302825028,0.9178809383067438,0.9138200467312529,0.9132230506964766,0.9194614064731365,0.911556627143967,0.9122287630163839,0.9214155231203022,0.9061481590348056,0.915073672040306,0.9178238204556874,0.9088485953918717,0.9200057150224338,0.9109085145490066,0.9165346904226428,0.9186306942280469,0.9096682952696511,0.9153500805561721,0.9121621098562542,0.9124691844134106,0.9146854605366688,0.9136260349547876,0.9139049201660118,0.00315442403597234,187
510.4530156469345,216.01334457277233,0.8399353337287903,0.8446515133454532,0.13067257002449995,6,0.5488674955512713,2,4168,0.6741671111544656,"{'learning_rate': 0.13067257002449995, 'max_depth': 6, 'max_features': 0.5488674955512713, 'min_samples_split': 2, 'n_estimators': 4168, 'subsample': 0.6741671111544656}",0.9332013849260563,0.9332062519547984,0.929303196513137,0.9281386402913826,0.9301320764222465,0.9290788153762318,0.932174142341401,0.9341896454038199,0.9333565765482565,0.9285653936136872,0.9317093340122714,0.9302103892586842,0.9328887415259208,0.9310644631643561,0.9298287105171322,0.9290636285495639,0.928178316956857,0.9352195152801583,0.931449033640174,0.9305824623464044,0.9311990075463543,0.9308360100190206,0.9327512855180965,0.930129606929254,0.9326119707631948,0.9307699086081394,0.9351032836720794,0.9326000607506302,0.9290603051886738,0.9316866576721069,0.9297110790745422,0.9356658500486075,0.9334084533392121,0.9324025395302366,0.925662753827596,0.9309209359673545,0.9336430456057438,0.9313694554711447,0.9316244361579064,0.9296011279688527,0.9329758999469658,0.9350089833157103,0.9257179785479148,0.9303431404475621,0.9308648148213255,0.932640752963409,0.9295798865931468,0.9305273710035766,0.9291318839073394,0.9330694175374252,0.9290109186563957,0.9295874514069751,0.930335214771302,0.9326213961425465,0.9331433382408365,0.9356229806982961,0.9326162878726584,0.9325144489705618,0.9284848268897443,0.9326735515283249,0.9344902432638775,0.9300741441616004,0.9363159139603568,0.9302162140598778,0.927337743131518,0.9288181297601799,0.9269638755324873,0.9346203345090788,0.9348810635572979,0.9305203501977962,0.9310811658178485,0.9317377246523614,0.9264843948390645,0.929821029707042,0.9370725463422657,0.9295360654929329,0.9281990768792493,0.9331195070643244,0.9322919287900253,0.9328216149434932,0.9289579449816482,0.9326241248195747,0.9331938144538394,0.9284870469159933,0.9288305474154487,0.9331181259443605,0.9271377832040764,0.9315196997649049,0.9328751470101486,0.9278122300921616,0.9331665962082148,0.9307261888053113,0.9327970497015313,0.9320010128438045,0.9297213927871222,0.9305972409082682,0.9288830395731247,0.9309813549630909,0.9329700612789831,0.9343126117277013,0.9312588511662528,0.00235898694793608,102
876.3105720639229,315.2732487657994,1.4903772258758545,1.479244590207449,0.1272092075710441,11,0.4752642182644895,2,4168,0.8186143880429952,"{'learning_rate': 0.1272092075710441, 'max_depth': 11, 'max_features': 0.4752642182644895, 'min_samples_split': 2, 'n_estimators': 4168, 'subsample': 0.8186143880429952}",0.9329480501155796,0.9299734908263485,0.9271883048050382,0.9245722813093542,0.9233724574124383,0.9266834770475909,0.9280193565853503,0.930101777402288,0.9309980159300049,0.9261990128698208,0.9301081181497013,0.9298903109641979,0.9299412260348956,0.9264502912390251,0.9257877397673463,0.9299063924702085,0.9248790467415042,0.9306124702677272,0.9258997945502954,0.9302760148985505,0.9293781063145176,0.9232173617855736,0.9297974808966295,0.9269845390471895,0.9290053179283823,0.9266575914594399,0.93045306420635,0.9270050244959771,0.9257085659144223,0.9302453575110656,0.9284048459486185,0.9311345194541452,0.9294150107311662,0.9307115459287458,0.9219647797118278,0.9267863960694422,0.9317945591305,0.9289736434214251,0.9266949023485341,0.9268628027906222,0.9282900782428593,0.9299890976027465,0.9260563876782577,0.9270030384523331,0.9289383096593711,0.928490150843965,0.9248149198675697,0.9262599492367118,0.9284869445725698,0.9302559429441928,0.9255351378208534,0.9271890686364251,0.9304471910083063,0.9279271879799302,0.926777649473981,0.9318790320103599,0.9290664958425213,0.9287436813188155,0.9247105125710467,0.9271298089200708,0.9304769687524123,0.928380498829095,0.9304187443632894,0.9275208876750067,0.9251467846927468,0.926084688626373,0.9233042492541949,0.932192935076801,0.9312056308211032,0.927537454458365,0.9270256265613278,0.9314128982749693,0.924740737862911,0.9280846954981018,0.9308703195726762,0.9260783607381987,0.9252409113453389,0.9301588588502789,0.9281819458311811,0.9294635913860757,0.9253407508184615,0.9288920698992087,0.932656807083734,0.9250617808503339,0.9254360269299098,0.9327675358578076,0.9250182662098344,0.9272927124386685,0.9330316758452968,0.9249200453553219,0.9291223695946185,0.9283698688267117,0.9285926624764874,0.9317284802361513,0.9239696171512523,0.9277998595165685,0.9249118147129672,0.926076338235346,0.9295697104698801,0.9291055857598246,0.9280618439590356,0.002468220268954825,136
738.5484916615486,277.39740007608276,1.077375853061676,1.1096409858656906,0.0071527806525984805,8,0.5813957022812284,2,4168,0.774086064977166,"{'learning_rate': 0.0071527806525984805, 'max_depth': 8, 'max_features': 0.5813957022812284, 'min_samples_split': 2, 'n_estimators': 4168, 'subsample': 0.774086064977166}",0.9367294060582851,0.9343940958363202,0.9332501437053234,0.9305818178418152,0.9303930739294491,0.9316625434789517,0.9346494275434015,0.9364938638553265,0.9348196808295217,0.930433950759906,0.9338648338020525,0.9337859889876649,0.9351919233865742,0.9330715913182747,0.9323847271989705,0.9333124614441592,0.9297304630811287,0.9356603225553274,0.9308063665908133,0.9334740683911448,0.9323874201493699,0.9308058542370834,0.9352736347320616,0.9335064035342265,0.9344719833660915,0.9306395287262923,0.9362075894737475,0.9325779734172702,0.9315274206044986,0.9346705829284363,0.9317485008560373,0.9374324611441212,0.9350345013722381,0.934027221771387,0.9278935039600666,0.9333418092739258,0.9355105781357066,0.9341427521295922,0.932848410641922,0.9309185918936633,0.933573895508459,0.9364741517943705,0.9302609720951283,0.9323335196581441,0.9333820292906373,0.9347701693868566,0.9323128124008827,0.9319393627591522,0.932445752829589,0.9352563143490128,0.9303863172086024,0.9321479670319611,0.9328743764858237,0.9354179120927058,0.9341146303093903,0.9362390451582772,0.9336672897606919,0.934037491865758,0.9294841157125995,0.9335710077536705,0.9347565325390002,0.932720086944758,0.9375486829345865,0.9325428535520116,0.9304987118628317,0.9307298358971435,0.9294925094688721,0.9372121888098544,0.936007228183107,0.9322256359712244,0.9317319053038569,0.9351936633837361,0.9299579138429764,0.931327162911673,0.9376032748902393,0.9318909002714004,0.9290515714325901,0.9358091059283209,0.934285759509584,0.9353148525595018,0.9309942410355662,0.9352003680577696,0.9365861478775112,0.9297052059868897,0.9309612223899965,0.9372366217331487,0.9296180918018777,0.9329013229360806,0.9362529180251445,0.9293389503489466,0.9345217399236028,0.9337220645179771,0.934047872340698,0.9353304938762865,0.9317811725455507,0.9342232108382239,0.9299301878401097,0.9320269676519775,0.9344118494897388,0.9346324731081973,0.9332367010491641,0.0022614004212578023,59
878.7834047508239,308.81998194121746,0.9838706469535827,0.9955725565273439,0.008844347597902088,7,0.5947905713280809,2,4168,0.9451569559740671,"{'learning_rate': 0.008844347597902088, 'max_depth': 7, 'max_features': 0.5947905713280809, 'min_samples_split': 2, 'n_estimators': 4168, 'subsample': 0.9451569559740671}",0.9345173685949432,0.9316580318066306,0.9301453616019022,0.9282681323943616,0.9268045088084139,0.9281997504385295,0.9320743397740903,0.9335376244588074,0.9316440384964186,0.9276234899204582,0.9308504980320872,0.9306954295771861,0.9318075228382576,0.9306122305126241,0.9290290533587174,0.930403675872233,0.9268031616202109,0.9333058720684684,0.9277295182657382,0.9307730243932785,0.9289323059462354,0.9283438887800652,0.9323488811073838,0.9296543205364424,0.9319033014021365,0.9274062512150469,0.9338704326444822,0.9294060251293073,0.9282127321011251,0.9313443931707259,0.9289261329715106,0.9348383411910837,0.9319662453240168,0.9316107380011066,0.9239200503148658,0.9298538079467394,0.9326895156224627,0.9313413776161172,0.9300221192192826,0.9281787181564125,0.9308016039670899,0.9338732412282285,0.9267637847163267,0.9290703828547779,0.93069300679673,0.9320334330918217,0.9292173766906519,0.9289172036706821,0.9292146506784716,0.9320281416255961,0.92776702142748,0.9288506836863446,0.929570408370178,0.9324630556966376,0.9312011331312322,0.9337630299057289,0.9312866326246296,0.9309870307906106,0.9262936929961453,0.931367443350001,0.9309893939483072,0.9300910128845651,0.9350904429390323,0.9300280759414186,0.9273176113407443,0.9282225270156381,0.9265513939381509,0.9347212389826949,0.933714638154346,0.9288100584619268,0.9290451715661432,0.9330146400204037,0.9272458231233333,0.927850226368951,0.934841060743744,0.9288553556778048,0.9263754516802365,0.9330562679366537,0.9318972474376653,0.9325571165194234,0.9273227494284284,0.9327062180002229,0.9334255617959104,0.9269087441131367,0.9279715909280943,0.9346338998592041,0.926644362005467,0.9299129700687265,0.9334761520031394,0.926120642865658,0.9317768591703322,0.9304147038458901,0.9305826621408516,0.9319119797986362,0.9289873388173499,0.9305687318853528,0.927748628442933,0.9298019154916515,0.9312392238591558,0.9312950352301167,0.9303113989296071,0.0024000341950653446,113
863.3263421106338,331.66688057991286,1.1094576072692872,0.5211791125895355,0.013117518949995733,13,0.7641746250030121,2,4168,0.7304714556406326,"{'learning_rate': 0.013117518949995733, 'max_depth': 13, 'max_features': 0.7641746250030121, 'min_samples_split': 2, 'n_estimators': 4168, 'subsample': 0.7304714556406326}",0.9316565522391468,0.9291245219141404,0.9284181954307607,0.9253478767802062,0.926300158867676,0.927682397067954,0.9292451377630052,0.9314515895986408,0.930477169028517,0.9266721860660055,0.9304390308020476,0.9295638004508024,0.9292387547312276,0.9257050371428728,0.927407767059969,0.9293258913098776,0.9231353656370459,0.9302238010227276,0.9254863139446734,0.9284875213631679,0.9272473415966256,0.9249862076439426,0.9297610933637048,0.9281054419567297,0.929241667578383,0.9245997264545821,0.9302649441904445,0.9280361391243472,0.9261475139382762,0.9302069683586837,0.9287276331073411,0.9327101822708456,0.9302266961550839,0.9300564831446243,0.9225493587190227,0.9278908610047815,0.931001382625545,0.9298643362753651,0.9273105515339273,0.9261050041669809,0.928234215220591,0.931899608352502,0.9258958274917752,0.9264789979594064,0.9276134651213427,0.9295454978212868,0.9278990392705557,0.9273395003929819,0.9278901412799101,0.9296574446145459,0.9251309060265577,0.9279466111418906,0.9283317216000434,0.9299342668490627,0.9297278923637596,0.9300067503177489,0.9296131683259498,0.9298579047258551,0.926634736016429,0.9286363659177653,0.9318391930312114,0.927711243153885,0.9317500543442596,0.9274747691895993,0.9262210559685032,0.9252022844579965,0.9239032196406204,0.9324938609581211,0.9306418154160746,0.9267959115772391,0.9274848815342687,0.9316882021423065,0.9247640891051084,0.9267406520840351,0.9320694533276234,0.9274000698901499,0.9240165228770302,0.9314612178511599,0.9278157194282516,0.9281748624063763,0.9270778176155118,0.9301541923727137,0.9322721272175625,0.9255089634731426,0.9247846648486912,0.9323252729092207,0.9241437416127833,0.9274904432766117,0.9319805202627108,0.9253837159197275,0.9285294643552321,0.9292852290811204,0.9297599348066005,0.9303457978999847,0.9246208981009787,0.929573071771917,0.924127353576076,0.925845483676704,0.9288592593822566,0.9295114005940561,0.9282593109337708,0.002376563057713155,135
446.6691930246353,8.128469608543039,0.3496755051612854,0.014793426981087661,0.2565478901666342,12,0.907570519460756,2,4168,0.9451853140288553,"{'learning_rate': 0.2565478901666342, 'max_depth': 12, 'max_features': 0.907570519460756, 'min_samples_split': 2, 'n_estimators': 4168, 'subsample': 0.9451853140288553}",0.9148586728293001,0.913735239189176,0.9146020757181612,0.9087451737128356,0.9129641205369474,0.9130218582712265,0.915232157919785,0.9152195210442201,0.9138866026835111,0.9092919736682444,0.9158405206584265,0.9154081034523507,0.9143747232225633,0.9078200825200512,0.9132778430987957,0.9138533999457833,0.9095089631527848,0.9152309775639539,0.9081589484696869,0.9117419679852238,0.9148861688115443,0.9071472211369023,0.913874573035705,0.9132291790485759,0.9143560879758305,0.9087937840794328,0.9175131312333569,0.912961939677225,0.9099314331602124,0.9160278915187289,0.9148037097247459,0.9171264721814687,0.915761532865738,0.9161177089525551,0.9044885315314181,0.9145126651973239,0.9149329848439943,0.9137882218110085,0.9114529451304803,0.9116594447718428,0.9137544047427203,0.9163507962078369,0.9100903246912739,0.90939413977874,0.9140158106877244,0.9146039736772754,0.9122681655880446,0.9105540708097654,0.9140334719115082,0.913099348041359,0.9126223751248537,0.9135384730546524,0.9134295172631087,0.9130470606581439,0.9103845039202102,0.914889254785617,0.9146050987777126,0.9187790343284402,0.9099970791341907,0.9129722122365063,0.9168357496900906,0.913676754421365,0.9169689985807096,0.9135058172334454,0.909585842520097,0.9122692535549861,0.9080303875852722,0.9156760542112135,0.9135748131999972,0.9112183309574748,0.9142163749529819,0.9191284854970773,0.9084455498345445,0.9122707799136244,0.9157709274636086,0.9112746520684717,0.9088964003433108,0.9153459121656955,0.9126512910003645,0.9133069886651419,0.9124267610301555,0.915981243614501,0.9188574166754666,0.9079926056201832,0.9103985597556516,0.9176444589763947,0.9093312239479502,0.9136086062398006,0.9157000369401105,0.907413941852605,0.9171050873056633,0.9141009786540254,0.9141207116065334,0.9141337792791531,0.9105146567031212,0.9141045057604049,0.9058783938555451,0.9099039427805293,0.9141473434246675,0.9132071755585313,0.9130178846119127,0.002939991627850389,188
109.55979279518128,2.9575431311422755,0.40440908432006833,0.016001234714304622,0.21698930459598872,12,0.40533579004823067,2,4168,0.6447583685220069,"{'learning_rate': 0.21698930459598872, 'max_depth': 12, 'max_features': 0.40533579004823067, 'min_samples_split': 2, 'n_estimators': 4168, 'subsample': 0.6447583685220069}",0.9222922574176456,0.9178554474458817,0.9190822160009673,0.9170574975692372,0.9129833654368416,0.9163865892428468,0.9178451664132461,0.9206844514455299,0.9205065498531357,0.9147792358982793,0.9207860061052445,0.9165667131683826,0.918584147002282,0.9153093701570292,0.9143430274816353,0.9183034376487498,0.9114027857987338,0.9168212154089991,0.9149856119012592,0.9179795557582562,0.9147530971316398,0.9145070748982562,0.9193807681599683,0.9166798510480636,0.9175834190259581,0.9136123403851655,0.9218454215064327,0.9157872203906049,0.9136239098902668,0.9190260150936752,0.9163412639773945,0.9228498414431715,0.9179718368800736,0.9191280564822024,0.9090688906983675,0.9153828885850925,0.919204600038983,0.9192762433739445,0.9183169371338452,0.9139220213326632,0.9175874832622332,0.9214080269499253,0.9124794514801978,0.9145101396653252,0.9156918206908428,0.918628106630428,0.917469773489619,0.9184205150173327,0.9176802558017334,0.9215662288356812,0.9141434709375627,0.9185911861153727,0.9156970705672902,0.9166327081094638,0.9168320213962886,0.916476827446474,0.919081148419009,0.9171533681870689,0.9136802647964692,0.9158089859049836,0.921619139826703,0.9160944678059859,0.9178213003726456,0.9159264315060156,0.9140850264039544,0.9140123062249493,0.9121570901120761,0.9180134061247598,0.9208207741855874,0.9180308119791089,0.9168541888095533,0.9212032367683114,0.9151081554520417,0.9142511977067542,0.9228972293973385,0.9155681312822775,0.9124602580579905,0.9200182296574078,0.9204168258225006,0.9192411714713703,0.9170469334468863,0.9184561862378667,0.921331609200181,0.9125120068824965,0.9121096389211694,0.9194993284419043,0.9103482668343126,0.9192381936337353,0.9190709819171512,0.912247281219795,0.9180426589403456,0.9162009601338073,0.9180221526241181,0.920202047553125,0.9164921396728772,0.9192128518133401,0.9137179655972578,0.9160359634448832,0.9150330082171226,0.9187864944107653,0.9170256124644373,0.0028706888290402507,176
320.6772350049019,5.693333817022056,0.44611772775650027,0.017131944925002293,0.006522891161423848,6,0.8875034670231838,2,4168,0.6414025655083238,"{'learning_rate': 0.006522891161423848, 'max_depth': 6, 'max_features': 0.8875034670231838, 'min_samples_split': 2, 'n_estimators': 4168, 'subsample': 0.6414025655083238}",0.9270972982993071,0.9237295906822028,0.9226795935602741,0.9208283132236058,0.918658770050703,0.9206389378844045,0.9248572085986517,0.9266183042649999,0.9239158868800958,0.9195340710890507,0.9236711996886169,0.9231341975257413,0.9253222590185809,0.9232112672770653,0.9205023999188447,0.9235309557009357,0.9192937990317738,0.9258369773079732,0.9203983846086309,0.9228775260450308,0.9213737296297212,0.9214835498129477,0.9246570523826195,0.923152403670771,0.9239906707742103,0.9192061093688482,0.9269972548824943,0.9217649746027525,0.9209639800600051,0.9249576274944865,0.9206253485589164,0.9283663142870022,0.925003451921118,0.9235698843603467,0.9162608071670232,0.9232777719233063,0.925135523799484,0.9238865322284712,0.9217982175854218,0.9207558880850675,0.9234441264526133,0.9263107683486689,0.9194996442994884,0.9220941054095596,0.9230349512134024,0.9254400782266655,0.9209536626118086,0.9206885419627258,0.9216203670598889,0.9240891122292252,0.9208539746091557,0.9207485426780274,0.9216633202540739,0.9263827043024891,0.9240718283179961,0.9263863759943741,0.9244863972717,0.9238004023783974,0.9181991106681904,0.9227872002178831,0.9235135245430408,0.9223339588478129,0.927521608615209,0.9225288547793318,0.9187740881411997,0.9211455795029584,0.9187116016678187,0.9273393913464989,0.9265850536486054,0.9209546836617855,0.9223274644148396,0.9253285138502422,0.9188382102913859,0.9203063195184529,0.9267654409402531,0.9210758282603031,0.919559686824084,0.9251604727373157,0.9248317127522513,0.9250756638947198,0.9199842370813072,0.9263635447226369,0.9264973566068639,0.9188239847567203,0.9201856978166109,0.9275849198900904,0.9189112321045437,0.9220474133890418,0.9259604737918509,0.9187602027746657,0.9238856221534519,0.9225795886943231,0.9236449502551672,0.9243471981882424,0.9217848478261008,0.9233065165189438,0.91912463549682,0.9220127589690119,0.9245232858868073,0.9242307614905628,0.922833561344097,0.0026086699604562966,155
249.8218494439125,4.928649150480732,0.3487330222129822,0.017827194916015112,0.07119600820859484,5,0.8676183982308356,2,4168,0.5920062724810127,"{'learning_rate': 0.07119600820859484, 'max_depth': 5, 'max_features': 0.8676183982308356, 'min_samples_split': 2, 'n_estimators': 4168, 'subsample': 0.5920062724810127}",0.9363910537417105,0.9318733160726824,0.9318359000281139,0.9295407061893983,0.9280231082659723,0.930821306655556,0.9327977667239586,0.9338421057281593,0.9329250163590774,0.9303102884417871,0.9312977154764238,0.9318633037330794,0.9344984068496316,0.9341700005532818,0.9306033891259954,0.9317512757738431,0.9284749799308297,0.9352502108806484,0.9313233797400974,0.9317538309591593,0.9320313208583229,0.9315936250473619,0.9338705042601216,0.9313900051257487,0.9341439468612879,0.9291283825803055,0.9346193018090257,0.9315268684491681,0.9300076412828412,0.9328177718040945,0.9304624205328402,0.9361201048296515,0.9319245499449846,0.9335675702878361,0.9268362407211909,0.9317746465371495,0.93351304406058,0.9325861724771194,0.9297797066488949,0.9298892888731043,0.932936571616418,0.9346712015978982,0.9267726684793167,0.928840253711701,0.9333502886171048,0.9331721400509667,0.9314359038334199,0.9307581045221438,0.9306086461368704,0.9338329983061087,0.928818616780211,0.9305948385866204,0.930178531469953,0.935413177725807,0.9341687108219945,0.93475792206169,0.9311962164642603,0.9334064061700164,0.9282227512704762,0.9322730127414088,0.934213731726013,0.9301176301591817,0.9356758128559867,0.931036877309493,0.9279212946663948,0.9305334256728239,0.9295531621958166,0.935385491193204,0.9355490941439211,0.9296478653502971,0.930781418467971,0.9319436369347555,0.9279931886986985,0.9294856895462695,0.9371600625700526,0.9303174467014949,0.9282324866209427,0.9339375204476569,0.9342086182841887,0.9327946640113349,0.9293644652198334,0.9336668468389664,0.9354612167316205,0.9287020195310675,0.9296259740912252,0.935792620605161,0.9287820791729167,0.9328227061279581,0.9350868042299454,0.927858724135105,0.9331667208676042,0.9315755935311374,0.9319919563216641,0.9328529209743793,0.9312321078351564,0.9333187949743417,0.9286424294761152,0.9316631023296127,0.9325032816511196,0.9330130979792233,0.9318595171536608,0.0023411135237911647,86
274.396952650547,5.474644831087133,0.4972810626029968,0.022195970218935403,0.05254804063459852,7,0.555232056620986,2,4168,0.6995843237115383,"{'learning_rate': 0.05254804063459852, 'max_depth': 7, 'max_features': 0.555232056620986, 'min_samples_split': 2, 'n_estimators': 4168, 'subsample': 0.6995843237115383}",0.9409931487511428,0.9380151340181405,0.9359830327278451,0.9341559730461503,0.9345183579359577,0.9348434278643482,0.9379052257676314,0.9393713422987017,0.9383382015308056,0.9351445361788938,0.9364049706033025,0.9370828159625553,0.9383367036169852,0.9377692922971315,0.9357666491336125,0.9376582510425475,0.9317652068387506,0.9400084096640428,0.9350539252526898,0.9367722935267417,0.9365179356193422,0.936296112385347,0.9384622238486426,0.9359646681909748,0.9374643777386336,0.9347626292556215,0.9396687611047634,0.9371536089605972,0.9356504640859697,0.9380782002028168,0.9356761456631146,0.9403578893162333,0.9382493000932224,0.9382806173326074,0.9320746107195702,0.9359994567702877,0.9389477578959498,0.9373357937104553,0.9370445006874442,0.9351062012997207,0.9372897916690194,0.9398243571478435,0.9318127627597454,0.9350170534749874,0.9377650577988306,0.9390978606761073,0.9361119306634721,0.936663952240745,0.9377330594102423,0.9388135147898841,0.9348732786624694,0.9365191821788931,0.9367086934874692,0.9386948978939088,0.9380143576248063,0.9398618578067242,0.937664515464256,0.9378703164272775,0.9339576216981715,0.9381846247471719,0.9387538161342295,0.9360112741247391,0.9414239548686777,0.9369701983876491,0.9336488611738286,0.9343504698842755,0.9330391889512353,0.9403161575246416,0.9401619560416309,0.93576867517067,0.935875401093895,0.9393237783576653,0.9340822872204319,0.9347291933032029,0.9423303488841055,0.9356759652100449,0.9332461357555827,0.9396313515228052,0.9390228778973354,0.9389472855974357,0.9353605304326337,0.9382269263376084,0.9406398794470193,0.9333280348097255,0.9348713059855562,0.9407718817766679,0.9329178145861626,0.9364686937942266,0.9393379469365356,0.934003295617915,0.9385417894517126,0.9379050586954428,0.9359920161395546,0.9394834958359809,0.935903342009266,0.9375009242406833,0.9349839007816357,0.9365639644667304,0.9375030020445058,0.9396576576194086,0.9370072747767437,0.002243207020306044,7
597.0154826784134,8.288294039061608,0.7680873608589173,0.031710482919181646,0.09665032406866822,11,0.7972056875068445,2,4168,0.7531245817062069,"{'learning_rate': 0.09665032406866822, 'max_depth': 11, 'max_features': 0.7972056875068445, 'min_samples_split': 2, 'n_estimators': 4168, 'subsample': 0.7531245817062069}",0.9303005463599041,0.9286072089306252,0.9296051114205168,0.9259384618029302,0.9253825452944355,0.9267408210716924,0.9309148758106667,0.9314378084558814,0.9297957635301792,0.9263054328762298,0.9295452658998377,0.9280828335344293,0.9306512414037582,0.9267599058981496,0.9277044614870236,0.9278495915277177,0.9227016576134497,0.9300452414758262,0.9259190464437211,0.9290743063791065,0.9259773808392486,0.9252614806650923,0.9306529854656737,0.9275009954084579,0.9298037021603349,0.9252944918053451,0.9302556189229516,0.9288500884423019,0.9274032788504972,0.9318008033434593,0.9274426031455619,0.9331408008632316,0.931382244735041,0.930695867224237,0.9218947990096922,0.9266791724642799,0.9316634066718865,0.9289493235455633,0.9286663857918759,0.926522332397191,0.9289348657219596,0.9305712408273854,0.9262284898904507,0.9260197162921397,0.9277761775830418,0.9276386421214762,0.9290077153837837,0.9265787451175448,0.9283816034101189,0.9307952220082996,0.9250633762193697,0.928359313635172,0.9290356569381648,0.9296363072133143,0.9299203724927348,0.9307133793521114,0.9299030823291716,0.9305651166298963,0.9264941958080483,0.9284053865038017,0.929620297111521,0.9286105581288987,0.9301963574316282,0.9279412379527009,0.9240805428456477,0.9270780077590811,0.9259754204240656,0.9314493449042804,0.9324538595680204,0.9275567670621163,0.927048737814615,0.9303954044312763,0.9251526337234953,0.9259148590669823,0.9322006165039367,0.9266047775455588,0.9243224470918968,0.9318490839146598,0.9283091530284735,0.9298605882320801,0.9263964410660348,0.9287304380386375,0.9321246354545489,0.9227167661286874,0.9249626752339952,0.9325464461343734,0.9242817904273315,0.9265644128662248,0.9318945328444412,0.924638880715264,0.9292753280467114,0.9293268473514399,0.9303223312724352,0.9312389281645439,0.9259426749415544,0.929983296733263,0.9249769798133235,0.9270897401599685,0.928612180217476,0.9297705054947014,0.9283124502009188,0.0024323092551869073,133
390.56507536411283,6.8660137472656695,0.7978976440429687,0.02910792594386256,0.00927551194363054,10,0.5394367958987355,2,4168,0.8499552094674621,"{'learning_rate': 0.00927551194363054, 'max_depth': 10, 'max_features': 0.5394367958987355, 'min_samples_split': 2, 'n_estimators': 4168, 'subsample': 0.8499552094674621}",0.9399890275733064,0.9368203659035148,0.936649583732452,0.9335597533459342,0.9338426893340422,0.9353171283963948,0.9365099193088176,0.939152971589254,0.9379467931522553,0.9342657019191942,0.9370116078842164,0.936923168466529,0.9376232451282768,0.9352677350217566,0.9354405130619798,0.9367325350254101,0.9321136285006728,0.9377610849872351,0.9341380990776598,0.9363741890211892,0.9361044139722385,0.9333559110054598,0.9380598545216954,0.9364668678179306,0.9369651512112844,0.9329652731389849,0.9385865924753344,0.9360079518368197,0.9343128653752254,0.9376136174409716,0.9360405160562544,0.9401089182519009,0.9376353024828644,0.9374600479924371,0.9315599627498026,0.9359193558616297,0.9380848460083979,0.937259606480479,0.936073330639923,0.9346412376579742,0.936515921720055,0.9394921768290402,0.9341927705294444,0.9354525719017943,0.9357807961111869,0.9369159856316444,0.9350880941019368,0.9358502331356379,0.9359084628198158,0.937607835366747,0.9337703817827916,0.9359775154671404,0.9363237972121804,0.9382145936780876,0.9371614547240441,0.9385172027562758,0.9369940965082318,0.9368104249509022,0.9336642463467992,0.9367135743626148,0.9385533033269438,0.935116501947843,0.9394063897831796,0.9351821956595802,0.9339112668142835,0.9340485882010854,0.9326569276324804,0.9403828905380944,0.9386917434698823,0.9352842955766045,0.9349797983174865,0.9386200063373104,0.9328763085913383,0.9348757311517846,0.940736312267931,0.9352307547829996,0.9319204292322849,0.9387180063143512,0.936963912090194,0.9381766370383936,0.9349855881473644,0.9381528023378521,0.93880125129046,0.93296354739696,0.9337646690983263,0.9401671269478787,0.9323213390982334,0.9366466245778281,0.9391939779998364,0.9322146135558558,0.9374900891031201,0.9363082630105866,0.9361536122553678,0.938716152418845,0.9340396488484884,0.9370620721588722,0.9332457181048761,0.934685946990257,0.9364075885692134,0.937683523328538,0.9362294965365688,0.0021076316908898115,20
359.4083784556389,4.003103729279298,0.39160348415374757,0.021110719929162972,0.03549340267615612,6,0.7033526623896479,2,4168,0.903190524455998,"{'learning_rate': 0.03549340267615612, 'max_depth': 6, 'max_features': 0.7033526623896479, 'min_samples_split': 2, 'n_estimators': 4168, 'subsample': 0.903190524455998}",0.9381101353463674,0.9352510222796331,0.934768716370475,0.9326828171150529,0.9307534504258496,0.9326233579919158,0.9353399587643887,0.9378597279330718,0.9356631338541804,0.9314029419450488,0.935430926522809,0.9349262467703233,0.9371295661488317,0.9347989204278262,0.9338091098715837,0.9341453010509996,0.9294483166601274,0.938182357626895,0.9320302516957045,0.9346316681317848,0.9334258402857225,0.9336073215853454,0.9357593112355996,0.9334146792683908,0.9360347412223402,0.9313587127884791,0.9371273672827771,0.934174679540495,0.9324134049479922,0.9355672365848198,0.9331006295683999,0.9382884430717423,0.9362202933321385,0.9358589922860395,0.9290504109955278,0.9332848931161843,0.9362492529137285,0.9348221995403942,0.9353032077170624,0.9321590476504861,0.9343836393559958,0.9376283176742671,0.9311884393517494,0.9324855172125398,0.9344112657321932,0.9355692825285356,0.9334708850981388,0.9332953734925733,0.9334529874479571,0.9368734539123696,0.9315464365231703,0.9328140487254508,0.9339236091405234,0.9365215258395807,0.9352530054317575,0.9379069537285943,0.9349294404740582,0.9343635418015191,0.9306285257543554,0.9353984604598966,0.9361431227613559,0.9330535783255434,0.939096477824399,0.9340104325898613,0.9317560216893902,0.9326212917671839,0.9313550748466185,0.9387662930200165,0.9370769653395171,0.9328371234194883,0.9335665381006056,0.9362028685610337,0.931045365441772,0.9326716800659671,0.939713793214093,0.9334213017814952,0.9314498935725334,0.937120799957371,0.9356898699184224,0.9367811030050379,0.9308095559966063,0.9358979258196993,0.9378015009869397,0.9306648784339365,0.932629239798037,0.9377130325634537,0.9304910838131675,0.9350038575597814,0.9376321818881416,0.9302943891923371,0.9361221268278241,0.9342976682429599,0.9339740881870673,0.9358152649646119,0.9333418733994401,0.934975295859528,0.9318164060302093,0.9346805505118998,0.9350767790652531,0.9357013541277635,0.9344137195002211,0.002323691867170572,49
633.3382793927193,5.2072094728277625,0.5283280849456787,0.031816920899106704,0.26046422714545997,9,0.7414531099905806,2,4168,0.9447697790075458,"{'learning_rate': 0.26046422714545997, 'max_depth': 9, 'max_features': 0.7414531099905806, 'min_samples_split': 2, 'n_estimators': 4168, 'subsample': 0.9447697790075458}",0.9254787779502615,0.9253224892829234,0.9239039403809112,0.9218795797445045,0.920328574972712,0.9206597537797023,0.9234761086177483,0.9261583683462178,0.9242995995581397,0.9184504164328383,0.9242619130099466,0.923052976195855,0.9253737361847346,0.921816430841352,0.9222500414427103,0.9205179561626702,0.9194191758268946,0.9240527567108702,0.9220654893889135,0.9221172482868862,0.9199786079959031,0.9200961071352429,0.9242607567953263,0.9237818572767968,0.9221493853115299,0.9204288014072115,0.9248782414084243,0.9210808522895468,0.9208831272157375,0.9251714253646014,0.9224306424372454,0.9276998298928739,0.9236353050679801,0.9248587559085594,0.9159923029189101,0.9220016430154455,0.9277490969873219,0.9240190923816357,0.9216593667560598,0.9219805787121643,0.9206528182138731,0.9257515681628514,0.9195039388508109,0.9181518290800577,0.9237866708886123,0.9226774003027547,0.9222161286140018,0.9225322234295257,0.9208817062007081,0.9270370876338043,0.9185718534521863,0.9217800216077429,0.9236516616405376,0.924014946534795,0.9247998832419244,0.9255722168542457,0.9250770753122881,0.9239008900080186,0.9187455795673527,0.922852670749415,0.9256821057378272,0.922419326435999,0.9252648683651012,0.9228157493936434,0.9168675370783796,0.9208347185967326,0.9191664022243747,0.9247520213189311,0.9270078393891106,0.9219740291061186,0.920792792819932,0.9230953970208622,0.9213466286236399,0.919533721751381,0.9250116110682424,0.922367920763912,0.9177148566328378,0.9248303824312075,0.9239649156887934,0.9225843777889331,0.9187066189446017,0.9257617416809143,0.9244750669822445,0.917970999674264,0.921925127697827,0.9262326776414568,0.9190753732912055,0.9244908596070383,0.9270285436623782,0.9208532279444428,0.9249702880329156,0.9245286083793977,0.9242866545837989,0.92466869268438,0.9214049049390695,0.9219589350737183,0.9197598641560708,0.9193619911133027,0.9237322884105872,0.9220992367227205,0.9226309818319912,0.0025269420005492936,157
417.4026747918129,3.266045729715617,0.4620451784133911,0.02704128353484693,0.3448534842958974,7,0.7469708979813408,2,4168,0.7976520951608117,"{'learning_rate': 0.3448534842958974, 'max_depth': 7, 'max_features': 0.7469708979813408, 'min_samples_split': 2, 'n_estimators': 4168, 'subsample': 0.7976520951608117}",0.9159607340088572,0.9191617945431034,0.9123865569574838,0.9098575176339826,0.9136426153822148,0.9143248487669674,0.9151740369706067,0.9162179756136493,0.9154323325052718,0.9124538576924686,0.9156002392196391,0.9175681869436086,0.9213796155168964,0.9147415579539206,0.9124010230229136,0.9145785651597822,0.9075926339152016,0.9172984303303965,0.9154642666243086,0.9152342246119909,0.9116588682861081,0.9127056239463455,0.914826632054598,0.9153179415183053,0.9145613811024489,0.9117968244969556,0.9140163985641003,0.9186832128613298,0.9144462856754767,0.9148157409836337,0.9137522386387132,0.9190443593366787,0.916191458036871,0.9175809964671021,0.9093656972948445,0.9175091848119034,0.9182302221282252,0.914304175548617,0.9136401440228675,0.9141285564600741,0.9163787970197437,0.9191316705096665,0.911654077048863,0.909356435934006,0.9168187634264353,0.9175782873766088,0.9110298364955948,0.914248627584654,0.9141445859465839,0.9176562923127262,0.9118681076710903,0.91426831763433,0.9142420306770948,0.9168477409674961,0.9165667167994636,0.9190552509542798,0.9162469661547996,0.915380707706613,0.9135613626332395,0.9134154052429462,0.9199616573115805,0.9174280693892901,0.9206206760789609,0.9132804939960008,0.9133713615941532,0.9152024739589903,0.9120908185272687,0.9182084405705413,0.9159509392301652,0.9153898455822579,0.9145939235145393,0.9154812107664849,0.9128264780969648,0.9130610166170621,0.9204750991811177,0.9132479743054693,0.913543624983274,0.920257541461446,0.9187567386054103,0.9178637451347298,0.9149082923475576,0.9186660372093903,0.9222397235970806,0.9097156469593468,0.9122494858629702,0.9170851329590453,0.9117825139142292,0.9163031569053567,0.921287744579082,0.9086683090587576,0.9162694705118647,0.9143950100175042,0.9137100561870163,0.9200168227716155,0.9145197101581505,0.9159874806447329,0.9108216863521751,0.9129206424319232,0.9153016819386681,0.9156508826009686,0.9151660855161785,0.0029336467114881464,185
362.13502165794375,3.144829195920996,0.91371826171875,0.048129352385044885,0.06490559761248617,11,0.5775595837564829,2,4168,0.5992224926594548,"{'learning_rate': 0.06490559761248617, 'max_depth': 11, 'max_features': 0.5775595837564829, 'min_samples_split': 2, 'n_estimators': 4168, 'subsample': 0.5992224926594548}",0.9364033457129574,0.9327811286675595,0.9319180959350432,0.9297430757582252,0.9293535057690604,0.9302962251123164,0.933589530569796,0.9338928877489472,0.9334127600922537,0.9293307330364984,0.9320478494140243,0.9330667876231903,0.9338626938487676,0.9308973352740806,0.9307978785749013,0.9316833132474283,0.926685101213837,0.9345965480989604,0.9300083107005129,0.9301152060610379,0.9302585650298495,0.9301441704418322,0.9340590019808156,0.932254904751069,0.9320397062399877,0.9285747595964122,0.9342762743933525,0.9308240697017625,0.9310777342049138,0.9336408434596104,0.9319923374108228,0.9353200048448564,0.9339296873526904,0.9331558398663469,0.9261537286189859,0.9307316397250573,0.9332243586342209,0.9340779935127748,0.9338011944609004,0.9295394385193846,0.9327832003250702,0.9361446936837126,0.9299497883724236,0.9310352573761189,0.9315299915329327,0.9328499356712635,0.9320927084877655,0.931280027733586,0.9321005137809545,0.9331099703617547,0.9286124924315664,0.9329682533785963,0.9330306429345301,0.9334512554714628,0.9319543560766224,0.9353580710780885,0.9331492978905959,0.9334749553026083,0.9299261266387545,0.9316877088377209,0.9347573221098272,0.9319629908887029,0.9353696917390855,0.9304352007373553,0.9302173896317703,0.9292856165986861,0.9291776344109337,0.9352677393659209,0.9343060754668765,0.9305793858500692,0.9316059516168125,0.9347397167865632,0.9281736349035372,0.9299505599446556,0.9362201573382191,0.9305070780417333,0.9278690399955662,0.9350618109868231,0.9325480334684058,0.932381617211307,0.9305701901124649,0.9340139750537407,0.9352133463724287,0.9297889400612883,0.9299306762813718,0.9365944580709669,0.9277229527357,0.9325562776237993,0.9344402570498107,0.9292370824518417,0.9323405076512494,0.932101681909595,0.9328545231313485,0.9340269376855844,0.9300712199084239,0.9321263907584787,0.9297579800901788,0.9306159315371526,0.9325786099595925,0.932298493012205,0.9319930489112125,0.00220553449010759,83
782.5520207166671,10.795829193797525,0.5987287616729736,0.03522190557407327,0.0456889069406599,10,0.8552191987714499,2,4168,0.9446991994527814,"{'learning_rate': 0.0456889069406599, 'max_depth': 10, 'max_features': 0.8552191987714499, 'min_samples_split': 2, 'n_estimators': 4168, 'subsample': 0.9446991994527814}",0.935584632228353,0.933863790299705,0.9320604933190019,0.9286992752386136,0.930396522855183,0.9316131218289836,0.933676853530117,0.9334344724746306,0.9334618075326931,0.9292925379382007,0.9339187409671228,0.9339708940920926,0.9336053013451158,0.929136403113156,0.9326018533180155,0.9326561828903848,0.9280054377093031,0.934321723007049,0.9287812997146128,0.9312300305946469,0.9327666791899796,0.9298659631130255,0.9335491466562209,0.9326046490361187,0.9322876467619197,0.9289851331072373,0.9336830335025736,0.931246118458453,0.9298758181210677,0.9334741749435067,0.9323074616948877,0.9368617154667669,0.9338885384390925,0.9333990125817668,0.9255703358681578,0.9318945986560364,0.9342137670776125,0.9311905091542602,0.9326267070982308,0.9310413715641921,0.9312969318215061,0.934062946367161,0.9291533820227873,0.9297890843841624,0.9317430376890588,0.9323676663920861,0.9310109156549602,0.9313119458298523,0.9311369501369484,0.9337881539754256,0.929543879806619,0.9304973445947506,0.931602580378038,0.9331830133235578,0.9327566719079404,0.9333265311582624,0.9327839456220929,0.9327157887555975,0.9298132176449736,0.932299176135563,0.9350577282636596,0.9311596737150002,0.9360117365109598,0.931835387256843,0.9282105248642151,0.928993559850786,0.9282290175663667,0.9357803633679962,0.9338356975229591,0.9300473816527282,0.9316593840480688,0.9347775733521538,0.9294526712672329,0.9308983260133561,0.9345641033456693,0.9315137369072377,0.928637237435482,0.9348902196761052,0.9325695840950102,0.9321105452888074,0.9309009087936526,0.9337927667748868,0.9345151493308689,0.9277071499742073,0.9294878082020208,0.9363320198150464,0.9282216544116655,0.9299777428364386,0.9359050652121309,0.9285824637294602,0.9336133503976861,0.9316392560666364,0.933272441331161,0.9350287038838486,0.9292839106596572,0.9340182965444457,0.9263308462607394,0.9289784512573452,0.9325796531072478,0.9331200808854264,0.9318934908956465,0.002314589615140599,84
312.1906881523132,7.1077060362387945,1.2076858687400818,0.08662403028910076,0.03396898874829706,13,0.42126576896820866,2,4168,0.65184405901553,"{'learning_rate': 0.03396898874829706, 'max_depth': 13, 'max_features': 0.42126576896820866, 'min_samples_split': 2, 'n_estimators': 4168, 'subsample': 0.65184405901553}",0.935462134672816,0.9323270069561808,0.933180883471305,0.928876672208991,0.9278288585357999,0.9309506778125979,0.9325573655178725,0.9352134214411949,0.9340102750935988,0.9295500104005879,0.9328266447143083,0.9322843297244249,0.9327096645625516,0.9303283605257393,0.9302552817825425,0.9320042948061825,0.9275069611015281,0.9339017432602696,0.9311044309965113,0.931388274100055,0.9306934746860983,0.9284520698399618,0.934259231136635,0.9317181903620124,0.9317529639946964,0.9294893136818367,0.9343871126172952,0.9319602890779033,0.9304768553051285,0.9336875297303369,0.9319269632588079,0.9364165752495245,0.9334635668293987,0.9322358424355612,0.9262658246526863,0.9309325718778675,0.9338682866198719,0.933346635966608,0.9304952124252345,0.9291510545095997,0.9316341072970622,0.9344631280973228,0.9291124706059314,0.9296178655926695,0.9308943547963254,0.9327970174336793,0.9311981144755183,0.9306424517337765,0.932864785681919,0.9345623501582833,0.9284664268970211,0.9319085060467668,0.932266962281412,0.9337751618699373,0.9334802364766832,0.9337403279645959,0.9328267289847454,0.9334361248877422,0.9293068360017556,0.9320491731900373,0.9340283674898455,0.9309865376386101,0.9344617021871996,0.9298497849416368,0.9294414905035504,0.9284352336371684,0.9277072993841061,0.936162042193632,0.9330201394951281,0.9310931237023368,0.9294958326487754,0.9353094495415473,0.9272326018757445,0.9304289036863806,0.9364595667560296,0.9312172278729233,0.9277046465312606,0.9341541591356298,0.9320870211976597,0.9329584915581729,0.9309867726505527,0.9327499742063423,0.9346319694028711,0.9296369652094681,0.9298816144302672,0.9354684854914044,0.9275844748653214,0.9317237584415735,0.934645362175707,0.9274890569367169,0.9335330200607523,0.9326884080520811,0.9315583633541235,0.9348236880594001,0.9292127509527252,0.9318646786198548,0.9288256663105959,0.9303427378051892,0.9318553870596878,0.9329645773007613,0.9317299131977803,0.0022975375038447087,92
430.8004428505898,7.711351682150673,0.6168600392341613,0.026357696640930645,0.0061065658491761335,8,0.9019117290662992,2,4168,0.6577526762343826,"{'learning_rate': 0.0061065658491761335, 'max_depth': 8, 'max_features': 0.9019117290662992, 'min_samples_split': 2, 'n_estimators': 4168, 'subsample': 0.6577526762343826}",0.934997955719993,0.9325775640116335,0.9314983836379429,0.9290086040395685,0.9289177654689859,0.9303271269433147,0.9330352079094447,0.9341686270589964,0.9328448113316623,0.9287500491536472,0.9319196688867186,0.9319910183692272,0.9329067258781729,0.9304358550242079,0.930122702468247,0.9317253448435324,0.927890607485906,0.9341066085191679,0.9286303717521845,0.9306759837218472,0.9305196573758594,0.9295806334442474,0.9323046831406474,0.9320580502860101,0.9318304811498463,0.9283501052720715,0.93433151131426,0.9309033890910665,0.9296513665935863,0.9334860912137021,0.9302977777367946,0.9356098409928416,0.9332399897871753,0.9327599648471528,0.9249313720633998,0.9316465917043374,0.9336986839048641,0.9317132703368388,0.9304022547085227,0.9292781792744073,0.9318083850690677,0.9347220009740478,0.9281362520526587,0.9301532719623407,0.9312000105960506,0.9326453195961034,0.9300664765067769,0.9302787804767901,0.9299151820080666,0.9329862071043605,0.9281206329376672,0.9302168270820537,0.9312255072048701,0.9339730462934317,0.9320739307353803,0.934377584994129,0.932580638968953,0.9325461768073559,0.9282390267420624,0.9314712869532625,0.9329950575031098,0.9307058289695135,0.9356248406793878,0.9310371183214965,0.9280734630245584,0.9295365723407423,0.9276714154740138,0.9353449561406068,0.9340044899789276,0.9296660313695393,0.9305873555120324,0.9339594059362987,0.9281356600067143,0.9299559986465269,0.9349220662371752,0.9299496021642345,0.9279382177549145,0.9338953083542065,0.9325728646775341,0.9324116337399769,0.9291313924864721,0.9337586786102783,0.9347176258277752,0.9268056659624945,0.9291733415524448,0.9353702281387484,0.9280388956048693,0.9308875886930281,0.934605497495526,0.9281413353532554,0.9326229479336913,0.9312213578607824,0.9318732276182866,0.9331515969054928,0.9300941818130202,0.9324638625958257,0.9277262842758727,0.930314084047615,0.932621846078198,0.9325506745910942,0.9313411962180373,0.0022638529659183165,99
238.9601214313507,5.42068644452607,0.257213351726532,0.016824044636162043,0.3040333734528999,13,0.8509533928476898,2,4168,0.8376554501964695,"{'learning_rate': 0.3040333734528999, 'max_depth': 13, 'max_features': 0.8509533928476898, 'min_samples_split': 2, 'n_estimators': 4168, 'subsample': 0.8376554501964695}",0.909085071983614,0.9072282786659088,0.9008609779266857,0.9016519939641771,0.9051908002770664,0.9079929374704486,0.9080521505772046,0.906242787671462,0.9081558257081236,0.9033914799586569,0.9076949177500212,0.9099182637881303,0.9021275493752781,0.8985054761846082,0.8999175630045227,0.910781463947689,0.8989916966087599,0.9087945129783345,0.901234489827453,0.9039544952556648,0.9059517410683413,0.9042272425669216,0.9085393961001563,0.9033686871188977,0.9044438939856707,0.8988906686846719,0.9037758170379246,0.9062009562518744,0.9003216941405321,0.9082136797700332,0.9047611541105356,0.9084570156948277,0.9092510904182314,0.9058499754012482,0.8978595253336403,0.9045291011218409,0.9083006644320221,0.9051420690261336,0.9038740330222481,0.9046345203776008,0.9041572966253466,0.9101892171511693,0.8985733200067678,0.9010896246032682,0.9029133114598273,0.9079740954789512,0.8965698277616273,0.90102877947878,0.9009225069021498,0.905114071653308,0.9030095588524732,0.9060012367280554,0.9033080255595264,0.9075563057066008,0.906148034026746,0.9071239459882039,0.9047276623340864,0.9060203649710533,0.9028250493157037,0.904737171690429,0.906541265610552,0.9045108240112997,0.9097781083801214,0.9051776382616804,0.9004104373794586,0.9024108500862612,0.9016933724716499,0.9093149906174651,0.9070000750532369,0.9026550790507307,0.9056304006611183,0.9087713057268122,0.9028632537954328,0.9048551576507194,0.9053899043334476,0.9040838604036329,0.9021109749829143,0.9055221794566224,0.9056844264625442,0.903724946459364,0.9055158088586848,0.9041869047102957,0.9116934233031339,0.9002542704864183,0.9004420116516628,0.9107996437037984,0.9019234982454736,0.9059928516812121,0.9071998066222223,0.9032779328629114,0.904416539551502,0.9051591200804823,0.9027351691877973,0.9068104153110447,0.8948095007997776,0.9059115335213181,0.8976982802890507,0.9077278208618212,0.9030400781226983,0.9089550782850226,0.9046303380387264,0.003382710940289766,197
295.2716028046608,6.779605605936921,1.3184861826896668,0.07278276242501412,0.008429427624238468,13,0.3504096030600049,2,4168,0.8033879229630425,"{'learning_rate': 0.008429427624238468, 'max_depth': 13, 'max_features': 0.3504096030600049, 'min_samples_split': 2, 'n_estimators': 4168, 'subsample': 0.8033879229630425}",0.9374472756024471,0.933322995088215,0.9336681096324637,0.9301866838441953,0.9303848794812564,0.9324047021622677,0.9341737724886308,0.9372604794664787,0.9353098517474876,0.9309511045284924,0.9340619220500306,0.9338486773654575,0.9343744081321697,0.931317848367512,0.9318568015234144,0.9341400820850658,0.9278914689055753,0.9347065913756335,0.9312341491380665,0.933408255722276,0.9322431054762284,0.9291963483824683,0.9358079035042086,0.9331034208458895,0.9338678175936708,0.9296001986023412,0.9353720487747399,0.9329613959114075,0.9311745169628943,0.9350687344999407,0.9330050994391063,0.9366734830326228,0.9342159947641254,0.9347390083473479,0.9279918025131221,0.9328223553858279,0.935016279684053,0.9351733462180178,0.9328409765992098,0.930905448182554,0.9329589931336605,0.9366754282174485,0.9306103543225879,0.9320287675235289,0.9323162351655053,0.9336759122183774,0.9328894805215562,0.9328025701011913,0.9331321299295625,0.9342063125602216,0.930468330329854,0.9326272686167784,0.9335807904024208,0.9346642363393003,0.9344629354785299,0.9355450787478305,0.9335833106661616,0.9339176597383512,0.930789809140727,0.9335914838089707,0.9355076947877656,0.9324417511472594,0.9361308069429567,0.9327133037346554,0.9318872084889035,0.9302680867913322,0.92957807142014,0.9377636081580432,0.9353069433758444,0.9322911710192056,0.9314173172155823,0.9360384588328321,0.9289486432017932,0.9315588338295405,0.9377490019598351,0.9320029206511511,0.9294390096730025,0.9353790518417897,0.9338671305116714,0.9350018474917182,0.9320704427758166,0.93463617832167,0.9357530132248538,0.9304388331097196,0.9304730377499703,0.9374853489915073,0.9288251826133272,0.9336414550265518,0.9362926379167854,0.9294915213243475,0.9350639090039802,0.9333485850936094,0.933853571109281,0.9361126489559952,0.9301854441840445,0.9340295055515834,0.9300973232573485,0.9308103770801248,0.9337958705052559,0.9345053420525051,0.9331445751931275,0.0022876638425432306,60
239.27448837280272,5.606227353139054,0.3647103595733643,0.021576493900367453,0.011021403932878348,5,0.8360070757116593,2,4168,0.5651090922378933,"{'learning_rate': 0.011021403932878348, 'max_depth': 5, 'max_features': 0.8360070757116593, 'min_samples_split': 2, 'n_estimators': 4168, 'subsample': 0.5651090922378933}",0.9261625602869934,0.9224203889494316,0.9212091261245138,0.9201503919854286,0.9182553001996748,0.9196102127749568,0.9239787467051719,0.9259351907458281,0.9221521512687109,0.9183071487947586,0.921840980455379,0.9223433249031762,0.924220624050935,0.9232386503345206,0.9197748692257307,0.9228271122374105,0.9176922003060571,0.9259234756410984,0.9196061791301438,0.922384009351644,0.9202425500774866,0.9208018384340679,0.9239523514487036,0.9216723322022389,0.9242476374325169,0.9181031343855685,0.9262402479504868,0.9210571620012339,0.9197922604662081,0.9245286655360497,0.919248548464553,0.927833184624963,0.9238698449809304,0.9231745497722981,0.9157816528898064,0.9215384617896462,0.9248998265294758,0.9227052418393645,0.9211278560208337,0.9199948488465977,0.9225725987946175,0.9256821090433939,0.9181663637700826,0.9203707254994455,0.9230476374053326,0.9251606956253386,0.9209837686544481,0.9192555878738249,0.9213883301346038,0.9236800421970675,0.9200895560463584,0.9203510992855443,0.9203389066801336,0.9251530403736339,0.9238976575390828,0.9256988050060733,0.9228629304494739,0.922738313803356,0.9173952822276942,0.922105497424356,0.9227327656967846,0.9221553382109557,0.9271117421614785,0.9214985707716742,0.9185503402628048,0.9199309709372501,0.9179727525660237,0.9266632617580033,0.9265646359306672,0.9200804155992843,0.9210965047874049,0.9237484984252788,0.9184757013038087,0.9199077723449116,0.9262866184755956,0.9198480098729975,0.9181988139388008,0.924706856639259,0.9241631413949225,0.9244101061483275,0.9188253245293252,0.9250152479819413,0.9262420158582206,0.9184896288398645,0.9194248616285955,0.9266206281572791,0.918554151773614,0.921652843483518,0.9252734421606442,0.9179370877717249,0.9228414091150078,0.9222312475603328,0.9222841126358815,0.923623519909848,0.9211838980492772,0.9225548643261383,0.9192500627461045,0.9213903380925026,0.9235199242173451,0.9232992049436868,0.9220410041800554,0.0026677164268944266,161
668.5689602398872,9.599741934853686,0.8957217621803284,0.04528985211132205,0.0074391333649686,11,0.8516445599257112,2,4168,0.756642535067503,"{'learning_rate': 0.0074391333649686, 'max_depth': 11, 'max_features': 0.8516445599257112, 'min_samples_split': 2, 'n_estimators': 4168, 'subsample': 0.756642535067503}",0.9349061659513294,0.9330895984609562,0.9324279795910119,0.9292446557866567,0.9300707941728312,0.9311831709394106,0.9331433377189209,0.9344154616964784,0.9335153141121817,0.9298522270803026,0.9332651360155197,0.9327597860691843,0.9330737903146911,0.9296978122142187,0.9309598397944194,0.9322520312767911,0.9270509016672641,0.9340737875311831,0.9291697337133357,0.9319234346305694,0.9314190917207623,0.9287945289286195,0.9329777060645882,0.9317713544162869,0.9321671874506399,0.9284482080765014,0.9337951440011526,0.9314578484404867,0.9296165338391689,0.9335040594607515,0.9323073476502148,0.9360111857082922,0.9336125009575588,0.9336009209883681,0.9252727808424015,0.9316359276140362,0.9339744610851116,0.9332508952874045,0.9313606020517063,0.9298008522768264,0.9317783259000894,0.9352811981259121,0.9288276954915571,0.930370664738287,0.9310576542924089,0.9328925789404215,0.9307864314175958,0.9304318939795415,0.9306767997892162,0.9331254233900174,0.9286007365614446,0.9315214123356489,0.932050915234422,0.9340866158493238,0.9327964224428164,0.9337559483012061,0.9336747650492658,0.9334626577459358,0.9302841838924442,0.9323443281062846,0.934867396866349,0.9310644080731909,0.9354194610795401,0.9316733185077438,0.9288694727258885,0.9295860883611545,0.928609621924972,0.9358588987606125,0.9339405841992428,0.930575603411148,0.931094809183612,0.9349618525149835,0.9286429813687611,0.9304493145460773,0.9349360282487582,0.9309451414767899,0.928455641041771,0.9354073611102062,0.9315086061672084,0.9321209712453661,0.930241171860896,0.9332937618717361,0.9352124528934876,0.9282267309170955,0.9294652439049436,0.9358330532325569,0.9291094380423731,0.9308517508763665,0.9354286368542812,0.9295969909454602,0.9329399373061441,0.9319567181357256,0.933022388570582,0.9335691310033517,0.929076927296009,0.9333135733835097,0.9283516867838861,0.9287801350410271,0.9322768990732176,0.9332127199280489,0.9318140765591605,0.00222675395135128,89
660.6212510299682,9.945103432814781,0.7349416661262512,0.04611854115409561,0.02815371399170348,11,0.6429816717923086,2,4168,0.9351641896102445,"{'learning_rate': 0.02815371399170348, 'max_depth': 11, 'max_features': 0.6429816717923086, 'min_samples_split': 2, 'n_estimators': 4168, 'subsample': 0.9351641896102445}",0.9357203919311565,0.9327656645638798,0.932260991500053,0.929054155296141,0.9300448067352376,0.9311957428241338,0.9326151971941247,0.9352195820205362,0.9340452715244584,0.930589551029177,0.9338168981368686,0.933566872337125,0.9337827594091652,0.9308018675218178,0.9317181091992055,0.9331443773987312,0.9273171566329332,0.9337283060792034,0.9297692735031486,0.9323273201648781,0.9308346849842561,0.9294831230573632,0.9331652278095806,0.9326370694006735,0.9328068879381473,0.9294021019938705,0.9346726914463104,0.9319285177710739,0.9296873378762466,0.933844294111332,0.9324484231209873,0.936067431368281,0.9337329879743687,0.9344327979660403,0.9269009106898063,0.9322884232155723,0.934410037031624,0.9326263144480159,0.931233651437901,0.9306178352944744,0.9316274790647765,0.9349456479602295,0.9303274216247216,0.9313816230187353,0.9321493901523328,0.9318744908683886,0.932070286169557,0.9311918261037159,0.9325940699067795,0.9336891195515713,0.9288392713913374,0.9318812302629986,0.9325805140445599,0.9338724414482791,0.9329704169004982,0.9336431029836993,0.9326451316921138,0.9329908241617231,0.9299102204948918,0.9329936601143337,0.9351263899370106,0.931231009162076,0.9354520312146856,0.9323410069768696,0.9302713461562157,0.9299804751440134,0.9287723859663043,0.9356427474475624,0.9349408154628739,0.9311184859153747,0.9312370874493263,0.93530439358944,0.929208274917297,0.9311238453368783,0.9360728439798292,0.9304357762759322,0.9291434288559265,0.9354963210539933,0.9329129749311221,0.9336139249184217,0.9308662454188165,0.933919424777324,0.9359120903011008,0.9296716634567346,0.929421732855839,0.9364374466920928,0.9292855574872582,0.932348109726015,0.9365808812540566,0.9292999159584259,0.9334418097120323,0.9328462598671252,0.9335261522639355,0.9356553550584884,0.9292894576088824,0.933463422364136,0.9288695540591861,0.9289110756367728,0.9325980719909851,0.9332138067001485,0.9322586680973366,0.002180394456220168,72
536.6363236427308,9.931848103594165,0.5005735516548157,0.03220048561056166,0.20382351878154142,11,0.7278968822032059,2,4168,0.9081239571319382,"{'learning_rate': 0.20382351878154142, 'max_depth': 11, 'max_features': 0.7278968822032059, 'min_samples_split': 2, 'n_estimators': 4168, 'subsample': 0.9081239571319382}",0.9227058327367457,0.9231556285191382,0.9206566187989521,0.9176744105233895,0.9191299714896564,0.9212564444086314,0.9240761111416671,0.9248785171800752,0.9232794471838368,0.9188460429984115,0.9231874700026016,0.9224598662710672,0.922395351740673,0.9174383302815752,0.9219640996359957,0.9212789241325023,0.9176093061894066,0.9226083759526184,0.9184697162637563,0.9197407319934591,0.919565279631397,0.9188324331032854,0.9254868455113877,0.9222141988142664,0.9246787564599236,0.9176163782695623,0.9202218399801085,0.9202247962162322,0.9189403125236922,0.9235443853049522,0.9226234500999072,0.9275070114751675,0.9237018852940655,0.9247042441255952,0.9162250002187515,0.9223169210263603,0.9228839911848856,0.9235768555848942,0.918758300452907,0.9182433869682474,0.9215505556452025,0.9249283243652822,0.9154269756159975,0.9197634223026688,0.9210101380621711,0.9212554640985895,0.9199493433967738,0.9234121071935644,0.9198390043998887,0.9255175100023477,0.9195345255122652,0.9215855035771747,0.9221707237566852,0.9235478992454234,0.9212970557676701,0.9230077095155439,0.9208727538303939,0.9223248621677046,0.919914739316017,0.9241895542055991,0.9220504041576496,0.9193956211357206,0.9245244867327436,0.9206585538431388,0.9190649364577269,0.9189152706886143,0.9153429481837234,0.9235127212069623,0.9239698541161478,0.9191982796018081,0.9204250911951148,0.9244603083829751,0.920314989785375,0.9192236344277877,0.924760017736637,0.9187840645393817,0.9183408854611846,0.9237616363460516,0.9223512788688812,0.9221457285763957,0.9188228476788748,0.9230538953173651,0.9258152298135977,0.9192516475424299,0.9175200984617226,0.9255662567015659,0.9188359132706773,0.9213483168043647,0.9246913886588225,0.9164044842929203,0.9188366687767753,0.9208187814324824,0.9232888917848073,0.9264558671686703,0.9193730123296463,0.9218804662920771,0.917918773080183,0.9184230849713297,0.9226397218639558,0.9223022178201485,0.9213022391717316,0.0025966881433206125,164
264.2887614965439,7.0377020893139575,0.9389153456687928,0.055861688087358294,0.033409485011516145,11,0.3525666849014759,2,4168,0.8383691103663502,"{'learning_rate': 0.033409485011516145, 'max_depth': 11, 'max_features': 0.3525666849014759, 'min_samples_split': 2, 'n_estimators': 4168, 'subsample': 0.8383691103663502}",0.9384156104458385,0.9365878976768235,0.9358623992715494,0.9316800802569974,0.9321390833558273,0.9351187550680155,0.9364386853618248,0.9380514963189553,0.9366578193486725,0.9335395550836563,0.9363009616390567,0.9357476560108695,0.9371853521877488,0.9339323921825852,0.9344515661528049,0.9354396127365439,0.9297534494787947,0.9378364507919896,0.9341649450573644,0.9348858538667244,0.9352385701815155,0.93262354861793,0.9370492046011063,0.9351357341575043,0.9362129361033116,0.9320381813698851,0.9374580621197015,0.9353669630386774,0.9339793652821089,0.9369372702430058,0.935613273772866,0.9392999967187816,0.9367461865416593,0.9355575042198634,0.9305228396851161,0.9350990460216054,0.9368062415008367,0.9360084107576454,0.9352909820402957,0.933321561882682,0.934900624532736,0.9387283493903938,0.931860316307718,0.9346749920512362,0.9345322833525012,0.9359618158137384,0.9346189445985663,0.9349539916691993,0.9353329027208045,0.9363403359855913,0.9332709016064359,0.9356278924285014,0.9356059221460373,0.9374052628498586,0.9369387737557202,0.9378934245607917,0.9351832659193827,0.9371294079331871,0.9325532504570285,0.9363798961203539,0.9378436277772636,0.9349067512001447,0.9389646789732671,0.9344455878974885,0.9329976371005072,0.9330155612221539,0.9309383420967822,0.9391405633759218,0.9377458927264901,0.9349247377974038,0.9341044757805177,0.9382180516926809,0.9318653226153227,0.9340260388502165,0.9402111820744774,0.9340799472427059,0.9308568274676683,0.9369663476152233,0.9353770355598392,0.9376925963551042,0.933936808620764,0.9373232719558747,0.9378827576641728,0.9318137011454621,0.9334554680507088,0.939727362723253,0.9312113455781607,0.9361098245186545,0.938490368176707,0.9310776169649642,0.9372573201739005,0.9359874843156658,0.9358450886807856,0.9374061857492939,0.9334976028038356,0.9360574643658057,0.9322896027698813,0.9341788779569281,0.9363376392536947,0.9367892684128492,0.9353538432065107,0.0022317916239294865,35
223.4159067606926,5.915988172856602,1.0484111881256104,0.05591674108061789,0.0020833532205690964,10,0.3492504177931109,2,4168,0.7754808866816165,"{'learning_rate': 0.0020833532205690964, 'max_depth': 10, 'max_features': 0.3492504177931109, 'min_samples_split': 2, 'n_estimators': 4168, 'subsample': 0.7754808866816165}",0.9312707877266336,0.9278060813863648,0.9269999928913519,0.9240876361488486,0.9229501402429405,0.924693207155842,0.9284322385453976,0.930825056997795,0.9285160496190056,0.9240580700160506,0.9278290344549387,0.9276349500164937,0.9282531413984008,0.9262321176434622,0.9249320019138274,0.927920682954724,0.9234150344286165,0.9289604085705696,0.9244438517982781,0.9272226988328914,0.9258441364806125,0.9238747750676513,0.9290394027522344,0.9272657123825208,0.9278261084241455,0.9225675329615107,0.9302371815939461,0.9264418437450622,0.9256131530025682,0.9292603426540204,0.9259711131713085,0.9314140805756467,0.9287742903665263,0.9275677370397872,0.9215426161445666,0.9268427744740567,0.9290555173259677,0.9286244406236125,0.9262446082159315,0.9246860693057557,0.9272005268847194,0.9307882752524433,0.9236320446112289,0.9265790726934564,0.9262205105321173,0.9276182229372425,0.9266814778536189,0.9255727122232135,0.9264973429209233,0.9279833391853951,0.9246270491122824,0.9261620264095073,0.926046729114516,0.9290158842571657,0.9281780308031402,0.9298087818348084,0.9278294825628329,0.9276735579459806,0.9236849800004745,0.9271546770978075,0.9280277527861928,0.9267507537956167,0.930761226229731,0.9254191448956421,0.9245085854680697,0.9241882864247604,0.9227477999983256,0.9318302974567969,0.9293536614903715,0.9260855391510874,0.9255012020931666,0.9297053943040309,0.9225205902092555,0.9247590433578463,0.9314548499654866,0.9249991139323973,0.9221855847286063,0.9297656926396637,0.9277170349826044,0.9292294563011679,0.92511868654449,0.9287557114211387,0.9299715885974321,0.9240852942962092,0.9246876175499554,0.9318358012554581,0.9225078072121815,0.9270032263261907,0.929994834791809,0.9227293672013968,0.9283099950982715,0.9270339396555229,0.927165163234443,0.9295193755967999,0.9246960278242332,0.9279860301346908,0.9234804633543903,0.9251190640636648,0.9281063960267554,0.9282194340818988,0.9268796817776048,0.0024445519341115677,145
165.4714266037941,5.076514887908893,0.6510347819328308,0.034707447986720645,0.012981694801923469,8,0.3491259690316017,2,4168,0.6864983365330768,"{'learning_rate': 0.012981694801923469, 'max_depth': 8, 'max_features': 0.3491259690316017, 'min_samples_split': 2, 'n_estimators': 4168, 'subsample': 0.6864983365330768}",0.9408353711007059,0.9380560942157363,0.9371066232910196,0.9340716847826029,0.9342405935551404,0.9351347265117566,0.9376269720764474,0.9398666790083328,0.9380028010462745,0.9348664763364393,0.9364794353856576,0.9371824676300687,0.9387297743650992,0.9364662136766708,0.9360005419260279,0.9366683992839144,0.9326109348223923,0.9392698283499078,0.9351360825455168,0.9374027283310973,0.936086860103024,0.9354414460530148,0.9389654763930704,0.9361591371979127,0.9380550923576457,0.9336200868396703,0.9388401977980436,0.9360633267738009,0.9353954147710561,0.9385220267754274,0.935731260072,0.94114081110363,0.9379496157853352,0.938226455845538,0.9323013653754495,0.9362601232868509,0.9384550052639661,0.9382355256363782,0.9365494555734265,0.9355289164914353,0.937780803593006,0.93966725967533,0.9334522562853769,0.9357094232666234,0.9366965685768027,0.937923404211057,0.9357116474091145,0.935637433324759,0.9362975479279281,0.9386511177346146,0.9345982724900757,0.9359352541631918,0.9363737775057847,0.9386067430238918,0.9379940648477643,0.9399658550768567,0.9363359411997122,0.9379111308395592,0.9338678062693944,0.9376937430514487,0.9382675689036178,0.9354666511248145,0.9404132773424074,0.9360158521601516,0.9342275321494049,0.9348406553583773,0.9332815261378222,0.9408700256108644,0.9398425598925917,0.9358395862809775,0.9357588475161429,0.938571300369023,0.9333426215933286,0.934729459959306,0.9415187638011514,0.9357863109138191,0.9320860397930872,0.9388057071508326,0.9382660949890158,0.9387433709368562,0.9348431929191803,0.9384804380065419,0.939632414210386,0.9333192654851119,0.9346584978431997,0.9403498952404121,0.9333006210774148,0.9377467938205492,0.9400684763598596,0.9322318789803897,0.9387616786086274,0.9369459921270065,0.9369364822261965,0.9385787433744904,0.9346731032279626,0.9370425680247787,0.9339843750821766,0.9357212155440949,0.937164679050366,0.9377731512410554,0.9367897929264317,0.0021786070881872686,12
357.40555483818054,6.997551054549993,0.7486872744560241,0.04372315415485715,0.05018235878175852,10,0.5033597839098564,2,4168,0.767637374814736,"{'learning_rate': 0.05018235878175852, 'max_depth': 10, 'max_features': 0.5033597839098564, 'min_samples_split': 2, 'n_estimators': 4168, 'subsample': 0.767637374814736}",0.9387328538683947,0.9367328152156496,0.935562276247964,0.9323653602603024,0.933437595310231,0.9349068432554833,0.9353630395049493,0.9381452510275123,0.9368987035182315,0.9339681626340762,0.9353277771863685,0.9356235082175862,0.9376202529938615,0.9342121709700748,0.9351641136975277,0.9358020430111795,0.9314514223971004,0.937759280632863,0.9346040822526757,0.935276224322409,0.9338478934384913,0.932491176200084,0.937313642262205,0.935969068487612,0.9359726033513154,0.9339921756437727,0.9371463889097643,0.9353060841145604,0.9342746458104506,0.9372634113873008,0.9344478979064942,0.938629478260022,0.9365123233232566,0.9369413176887409,0.9314059283455357,0.9346686783470152,0.9376412604663182,0.9365375752372861,0.935489365875205,0.9331747330412082,0.935288937503788,0.938655936930232,0.9322840086508364,0.9345224632993931,0.9348563417814426,0.9362300108799722,0.934321362060074,0.9346246492982404,0.9358533619457852,0.9363601456171144,0.9326210604247238,0.9341772579449207,0.9366587248783158,0.937562235035575,0.9360333862010032,0.9389352428205999,0.9369332177872333,0.9363767937487237,0.9334517243594741,0.9368877914737941,0.9379673027159783,0.9351923063714347,0.9391503809637318,0.9340165334827268,0.9333171261184431,0.9337223544699861,0.9314525751121855,0.938831330507306,0.937523850775991,0.9342004440437869,0.9333489973493819,0.9380782539356977,0.932655463181584,0.9349709966809792,0.9396342455674637,0.9345578442008567,0.9327249429807,0.9374052998226279,0.935913373874078,0.9374756374965636,0.93374147420879,0.9372492436452098,0.9386402858677039,0.932693019763105,0.9330926913305937,0.9395627020371667,0.9323977215535151,0.9353977384190595,0.9376750301720294,0.9322598661284948,0.9375305483977243,0.9360279511341852,0.9361472101078541,0.9378706145095288,0.9333885968837353,0.9364087178864059,0.9329917772981959,0.9333060554434158,0.9355989792631858,0.9364803612703299,0.9355121392223406,0.0020269466816505103,33
508.5265403985977,10.325865302393433,0.6830238747596741,0.04007266477414379,0.08507111927040711,10,0.7110212559124349,2,4168,0.7929619939213252,"{'learning_rate': 0.08507111927040711, 'max_depth': 10, 'max_features': 0.7110212559124349, 'min_samples_split': 2, 'n_estimators': 4168, 'subsample': 0.7929619939213252}",0.9365378795917219,0.9320507825827302,0.9324524640999301,0.9303145447426502,0.9305424747253502,0.9314815513300353,0.9327649566324658,0.9347080332463309,0.9333450585413477,0.9295601665639763,0.9318275705492144,0.9332392833034894,0.9343162602737046,0.9310346588103956,0.931288891799987,0.9322239253101795,0.9289033869000476,0.9345037412114,0.9304147515236764,0.9334780855198566,0.9327333344548344,0.9308338343397257,0.9346562282348189,0.9323350387707885,0.9343217804187244,0.9287382727108657,0.9341695192639302,0.9328800088754792,0.9299641869458705,0.9334991481488122,0.9312822363652221,0.9347455442493456,0.933207540850877,0.933362726771772,0.9270637699356463,0.9319670608438081,0.9347763095506827,0.9341600874994064,0.9314686327081576,0.9300005398654957,0.9314284554185631,0.935749807841709,0.9283610278755131,0.9309360850923469,0.9321818294990201,0.9323998494631667,0.9301379590896854,0.931867770711789,0.9307925033853862,0.9344067588204582,0.9285031007482593,0.9321093046489601,0.9321534304326164,0.9344786453949724,0.9319492410090652,0.9340995751624563,0.9332806515969002,0.9333443302931658,0.929385676744766,0.9318680807671839,0.9330935220825882,0.9295611808981865,0.9361109430183948,0.9302324781627556,0.9305264790582538,0.9295023504591109,0.9304265808999256,0.9350174087039277,0.9342724781256606,0.9313022733807526,0.9314349954178455,0.9353225743066019,0.9305912602978546,0.9302375986332287,0.936210591603627,0.9289612265795936,0.929166874172046,0.9351608720504689,0.9331437353452813,0.9334018277859726,0.9324223853606602,0.9330839268391763,0.9347528200854592,0.9280317290966794,0.9292573326902418,0.9367968245815353,0.9288068644942069,0.9312289531557266,0.9355495271607902,0.9276204660957018,0.9324977860789653,0.9326843954002583,0.932852245705106,0.9343437895114124,0.928915507134227,0.934021279147301,0.9279813467183068,0.9297662711458242,0.9315107612782184,0.931790963211801,0.9320818077793241,0.0022123166473003125,77
673.5797426462174,10.368152925352035,0.6510743713378906,0.04206052338803063,0.042191227357192974,10,0.8664933736160578,2,4168,0.8205886405903641,"{'learning_rate': 0.042191227357192974, 'max_depth': 10, 'max_features': 0.8664933736160578, 'min_samples_split': 2, 'n_estimators': 4168, 'subsample': 0.8205886405903641}",0.9368887191334291,0.934547028344835,0.9333180685408731,0.9292254765887726,0.9316221861260913,0.9325075425256246,0.9340325791384709,0.9341628802434605,0.934235839796797,0.9311526378060521,0.9341420591707111,0.9347696461458556,0.9349760031364754,0.930316709989292,0.9330687775003738,0.933526648923982,0.9276675959715924,0.9358176644495377,0.9304423491997058,0.9317728785355701,0.9326997797243199,0.9305410027120471,0.9343262931117808,0.933140001811761,0.9344525645018844,0.9303325928896529,0.9355186743271546,0.9321573357417379,0.9312243636365808,0.9355767127229133,0.9328990011507716,0.9370032512489891,0.935414012049404,0.935010782758017,0.9256937104354351,0.9339864573936942,0.9359523654682199,0.9331999674664274,0.9334872971039889,0.9307007826941687,0.9329305653291572,0.9360767299257493,0.928972999264922,0.9317895729425254,0.9329853456826013,0.9346855308398464,0.9329552514648032,0.9325440866433651,0.9313681173799689,0.9345640900301895,0.9305876023270706,0.9332498657600207,0.9329925583146665,0.9357262785579232,0.9345561119013974,0.9349141252693802,0.9343050119498788,0.9340443341512314,0.9315452172526781,0.9333766868443807,0.9362487457060402,0.9319665827901361,0.9367265738159034,0.9327385733006921,0.930062494032019,0.9307605344205606,0.929030493374951,0.9366245279745202,0.9357227060706197,0.9324983162024905,0.9324997755510561,0.9361677935883582,0.9300695086933957,0.9320352100894926,0.9360159018676024,0.933355111684151,0.9303402119968707,0.9363664566828036,0.9333854495117001,0.9334820598894369,0.9313669352731445,0.9342774655514506,0.936718136840766,0.9301759915600301,0.929375275060915,0.9365693573326273,0.9295583962991865,0.9319148978942039,0.9369443337078764,0.9303005263936909,0.9346082405906325,0.9332742958759528,0.9339881217025912,0.9351752717626995,0.9301589542350103,0.9343753772765613,0.9288826903845401,0.9304475486139566,0.9334500094675416,0.9346564928398141,0.9330799566795419,0.0023354831987662254,61
187.75999636650084,4.634343638345755,0.36928707599639893,0.029949860319666007,0.019596361764174793,5,0.7118356171625375,2,4168,0.5570183058650567,"{'learning_rate': 0.019596361764174793, 'max_depth': 5, 'max_features': 0.7118356171625375, 'min_samples_split': 2, 'n_estimators': 4168, 'subsample': 0.5570183058650567}",0.931727554682817,0.9277801259304559,0.927123220775538,0.9254765984025236,0.9241842301393877,0.9256750853284373,0.9290003874673927,0.93114824758163,0.9275269817417595,0.924495207644457,0.9277396596556109,0.9282127880629585,0.9295113342789384,0.9289977212035044,0.9259902071474833,0.9281175317933539,0.9234807132141593,0.931145418254713,0.9258252953004945,0.9282118483188333,0.9261972485840435,0.9265690884701557,0.9296450605431362,0.9265542042851471,0.9296110348874655,0.9242821171209537,0.9314401447417225,0.9263247248061576,0.9254086766662785,0.9291392686393789,0.925277030169327,0.9327139976886437,0.9288457237548895,0.9288725359995739,0.9216228532302186,0.9267962315044128,0.9299574319477666,0.9284619877574051,0.927908841605668,0.9261468539726139,0.9284163429887919,0.9312387559343931,0.9234260096543646,0.9265513715898216,0.9275985328137907,0.9304802821985075,0.9263647470419946,0.925896058984315,0.9271014282980965,0.9285864485797479,0.9260462108900468,0.9265660466226641,0.9262131760271413,0.9308116955416794,0.9291496664121679,0.931338940771748,0.9273175829865153,0.9279748980901212,0.9235452526495694,0.9289575814622678,0.9288307555627697,0.9269102606253417,0.9322852709878757,0.92671775524625,0.9241382009499959,0.9249062447389874,0.9237748132851494,0.9322859124127026,0.9320644521929535,0.9253307727588111,0.9268094334606417,0.9287442833814841,0.9243339915823215,0.9255091697704265,0.9322362911490403,0.9265294723381252,0.9241996103671882,0.9297644920125785,0.9293122480471342,0.9300018782211756,0.9244397154966737,0.9301823352603604,0.9317966925722326,0.9233769248252657,0.9254472269845955,0.9311498807065727,0.9242650059981061,0.9275928593702342,0.9302175412305228,0.924059098185775,0.9294969206792871,0.9284191504658118,0.928087611319105,0.9286963926416469,0.926947214770885,0.928067367696259,0.9244186682688816,0.9274862330658696,0.928669286879212,0.9293369516003946,0.9276356462994579,0.0024846514755936834,140
329.5565336751938,6.980064268189932,0.3331941771507263,0.018244738882039417,0.2340122487288133,5,0.9108532992161238,2,4168,0.7032214942097962,"{'learning_rate': 0.2340122487288133, 'max_depth': 5, 'max_features': 0.9108532992161238, 'min_samples_split': 2, 'n_estimators': 4168, 'subsample': 0.7032214942097962}",0.9255325850494641,0.9233743856952724,0.9214369125397718,0.9204056482225013,0.9194499358031438,0.9198082721623518,0.9230614656996305,0.926284838874096,0.9218356351935533,0.9190610633243497,0.9228827025505495,0.9224313577748624,0.92666561975715,0.9223541526345556,0.9216506984989165,0.9215853772019769,0.9208128146016136,0.9260385264234693,0.919967813567961,0.9212660021306092,0.9203571433000683,0.9215570396360745,0.9237319093675934,0.9208782633618654,0.9253451818739832,0.9195415650569007,0.9265431564751129,0.9231510113749722,0.9203175271844549,0.9228437263274806,0.9221122771225895,0.9274030275244941,0.9230458389083699,0.9249964671511743,0.9182125518058312,0.9193871341860193,0.9247737105868258,0.9235637533454951,0.9236826990723142,0.9215627833608553,0.9246393636308914,0.9248395849391828,0.9198071267925295,0.9189636791687609,0.921207184580732,0.9257213805946458,0.9227724647517486,0.9208452397710204,0.9200520849950707,0.9268173392986978,0.9199220947052784,0.9215736895423864,0.9224226768862623,0.9241467245168631,0.9240471571986157,0.9252962508000753,0.9208796501032799,0.9234077676089609,0.9192338709904744,0.9211672701159853,0.9262944603482315,0.9206700961151856,0.9280075179514164,0.9203693266684349,0.9203371651773079,0.9206739810389419,0.9195292737646016,0.9262787650269276,0.9274195624804777,0.9220567361896432,0.9222342874416447,0.9222898559513545,0.9200517988064327,0.9200645308957963,0.9251860579151285,0.9201217082163881,0.9188274390468248,0.9237455102019191,0.9249790443860497,0.9218185571510893,0.9186740438487374,0.9241392794053596,0.9278809017240096,0.9189562924472332,0.9206860247078581,0.925090531347931,0.9176349379304853,0.9225446271518442,0.9238962060394605,0.9196179160075891,0.926842385733444,0.9218618507645551,0.9213094462674217,0.9235012963156279,0.9194828283207501,0.9261962653588143,0.9212254147337348,0.9228687044529535,0.9235476840263258,0.923510752971426,0.922470982400491,0.0025062925893598654,158
302.5768818163872,7.991616654778188,0.6783481264114379,0.0441510857793992,0.13043355075604016,9,0.4673282703934972,2,4168,0.7144545453910219,"{'learning_rate': 0.13043355075604016, 'max_depth': 9, 'max_features': 0.4673282703934972, 'min_samples_split': 2, 'n_estimators': 4168, 'subsample': 0.7144545453910219}",0.9353346281867081,0.9313646865147204,0.9307469114138599,0.9263112020395792,0.9263693663469632,0.930619502914623,0.9313128051393067,0.933366853778122,0.932604544034116,0.9290002449951894,0.930870942495731,0.9314355027760101,0.9317987563050344,0.9301030795244726,0.9290690388725034,0.9296873578918613,0.9279295102601706,0.9329168983260195,0.9300639810200412,0.9298206947343165,0.9313131053357179,0.9293729877614259,0.9328564322440415,0.9316682257105823,0.9314154224046658,0.9274514876073403,0.9327910389383021,0.9296869997032814,0.92772877414067,0.9330346120111102,0.9320464385090457,0.9344747820443413,0.930900190839544,0.9316271250772963,0.926018704708573,0.9302059055426589,0.9323978161425727,0.9305295670866592,0.9309221401690316,0.929468628723614,0.9323292352211121,0.9333052263047428,0.9283097012134371,0.9288324526693554,0.9287661731479581,0.9316337461648506,0.9306528533925711,0.9307049503272419,0.9303650654528899,0.9337940423980327,0.9280711087385694,0.9301009095751234,0.932059287578152,0.9319710037803384,0.9303469743300127,0.9338957580178451,0.9305578233830443,0.9324091813121325,0.9277796596226073,0.9313215457798317,0.9337736215939443,0.9283187458360018,0.9343215159735708,0.9301634044610209,0.9255090023397925,0.9277653435019266,0.9264117283006456,0.935215468328419,0.9323958757004207,0.9310726607953319,0.9296568855558951,0.9320300449312252,0.9279624244038531,0.9287275553822121,0.9355573016313081,0.9296439931629312,0.9277848757393873,0.9333145805449076,0.9316378665458701,0.9343672209982826,0.929492602694701,0.9314031707897694,0.9345033586835323,0.9264217484405426,0.929075927534424,0.9341861788751693,0.9260387102656629,0.9301485044110049,0.9345785489320002,0.9271945198254707,0.9335952383207621,0.9315214087184209,0.931147351571475,0.9338604514489106,0.9294232223679455,0.9320102410700833,0.9267406279490965,0.9303227788875656,0.9307423360226483,0.932296949822654,0.9307417758303848,0.0023571600945211674,107
238.8919262599945,5.6878856093079575,0.423638801574707,0.0185416079319128,0.05045954735624511,6,0.6945380037482397,2,4168,0.6001195874961279,"{'learning_rate': 0.05045954735624511, 'max_depth': 6, 'max_features': 0.6945380037482397, 'min_samples_split': 2, 'n_estimators': 4168, 'subsample': 0.6001195874961279}",0.9393492684000272,0.936372219931143,0.9351184634608529,0.9320651120430312,0.9321708505473175,0.9333229739039648,0.9358231763932152,0.9368021665410233,0.9357897625350862,0.9326496954505848,0.9348662207502809,0.9347163851381302,0.9377510381984051,0.9358054871952546,0.9343361373221509,0.9343545208994259,0.9310072329750816,0.9385147417082285,0.9334113442199524,0.9351715780987843,0.9344176407980784,0.9350278403642919,0.9377085248914836,0.9351152269074937,0.9377538853663017,0.9330642547145734,0.9381105174039037,0.934827974682755,0.9338475025396311,0.9354800873654378,0.9327113786064389,0.9398081994412045,0.9363161013266147,0.9365003828045524,0.9293275735060045,0.9343996527445064,0.9364222480895309,0.9349032448523622,0.9349952587196819,0.9330324435645828,0.9361230897003853,0.9382537933004077,0.9319401654482767,0.9328354562460677,0.9351450866595687,0.9367978798212234,0.9340194697813426,0.9333849147535034,0.9346370516236788,0.9364333415016579,0.932645218019161,0.933694285576644,0.9340451842969375,0.936603675273807,0.9359627758848362,0.9387938790812896,0.9336535842521149,0.9363458930720263,0.9311141926185393,0.9372102577149916,0.9364955800934224,0.9345923671317699,0.9390152684122044,0.9346528221567503,0.9325937823608883,0.9337690199659887,0.931228138814962,0.9395040225892988,0.9371036113303424,0.9333638517677031,0.9339339962335681,0.9357836985590088,0.9325606253442466,0.9329420209709837,0.9405215947892419,0.9339087673625855,0.9316230391971796,0.9372016633088924,0.9365571057885631,0.9373724489785685,0.9319988272452792,0.9367128522234487,0.9383494968838569,0.9304896047993705,0.9331610089142739,0.9391972319694728,0.932018488433459,0.9364084116524559,0.9381646812866986,0.9312991908552778,0.9370691190677944,0.9351135807734581,0.9349795300800338,0.9378652338490912,0.9340242120893144,0.9349934455134159,0.932049656841857,0.9343805973471385,0.9359152952591465,0.9361523264723562,0.9350787372574121,0.0023122136878203424,39
266.64927639484404,6.860468729084431,0.32767571926116945,0.02497248346420355,0.3210326617493179,5,0.6270807622254333,2,4168,0.9259297164820095,"{'learning_rate': 0.3210326617493179, 'max_depth': 5, 'max_features': 0.6270807622254333, 'min_samples_split': 2, 'n_estimators': 4168, 'subsample': 0.9259297164820095}",0.9231696462323301,0.9177429706432507,0.917939942300363,0.9183895376099553,0.91411414319183,0.9170455995235378,0.9212396707453772,0.9208703555614889,0.917385308845951,0.9173972572038465,0.9200129264390188,0.9180723843361789,0.9204038573982107,0.919859805176001,0.9185716717801082,0.9205040933770472,0.9135893777668032,0.9237537134285002,0.9203195178879658,0.920441680044508,0.9172707872472943,0.9159331138027759,0.9237305006260145,0.9177826919038146,0.9236501587801271,0.9167049937529916,0.9210689792309821,0.91916244373893,0.9170518512510349,0.9187649524001026,0.918740985049666,0.9250160367388356,0.923431226956922,0.923009801412153,0.9157706315225355,0.9187546870050602,0.9196619866185575,0.9215061141284977,0.919746929603808,0.9197527924674107,0.9218620309014466,0.925305586015445,0.9137565000162522,0.918055914904023,0.9222687613828882,0.9196209754941419,0.9187438059655847,0.9201374605932218,0.9208839852903479,0.9195007073493877,0.9192485132162385,0.9207023204201743,0.9184813460412481,0.9214924821670762,0.9216808213905326,0.9249489579771872,0.917952935658057,0.9203476001454274,0.9175392820738113,0.9197778088291134,0.9204615232138498,0.9169878861122956,0.9240274958115283,0.9170276332101687,0.9156928599647923,0.9183594902933148,0.9153805725518227,0.9247819045578768,0.924443879723811,0.9217880803916069,0.919412274133773,0.9165188719006145,0.9209288853488888,0.9178178753062667,0.9246225640354949,0.9180791895744163,0.9151203174567804,0.9237981459983408,0.9211815935127127,0.9194133934667159,0.9189854817658548,0.9204732285332142,0.9234253212222653,0.9134572317069867,0.9195515435871008,0.9240052561249182,0.9175533846327021,0.9187506540758238,0.921636961362562,0.9164726828931594,0.9226716455439251,0.9196345997266223,0.9188812669307469,0.9219550453649414,0.9206175695490254,0.9190103285239145,0.9193436403576084,0.9183485394478078,0.9221042830429889,0.9218210876680433,0.9197418710818667,0.002712284745964331,168
390.6926012277603,8.153300095136103,0.5636023879051208,0.029300871207617457,0.033014352780711444,8,0.7304850956661282,2,4168,0.6635802550755612,"{'learning_rate': 0.033014352780711444, 'max_depth': 8, 'max_features': 0.7304850956661282, 'min_samples_split': 2, 'n_estimators': 4168, 'subsample': 0.6635802550755612}",0.9407605717145616,0.9382539647410356,0.9378129773019098,0.934286973938962,0.9347648307703289,0.9365337158179184,0.9383837154475259,0.9400464594593415,0.9388127102643687,0.9357377922659553,0.9378381536502227,0.9384041814932019,0.939320811327507,0.9367452563192393,0.936485072383382,0.9375702551494647,0.9346999882512836,0.9405796343621516,0.9347890627158468,0.9373524610829538,0.9378058728299226,0.9352245829269361,0.9388966137815785,0.9375479974787736,0.9381473536637011,0.9354796273498891,0.9389985725015184,0.9368921570637236,0.9347806954228566,0.9387862555128155,0.9371324207759735,0.9406091605502972,0.9394523854837603,0.938792426598477,0.9315106181491861,0.9365775422035683,0.9394267348152354,0.9379524296050741,0.9378237713996951,0.935384104055783,0.9369879320447467,0.9407700421847038,0.9341805132082475,0.9355707228512755,0.9380157304032928,0.9390113042578659,0.9360458130003774,0.9362327186650811,0.9372653311221086,0.9395816455954911,0.9339196927029142,0.9374578586976129,0.9380018211162147,0.9396778216209412,0.9386889530259426,0.9403920913199506,0.937874313904073,0.9390114878490403,0.9345974084053181,0.9374635531460549,0.9403095944194584,0.9363375347277261,0.9422534233127913,0.9368509010593802,0.9351454816312637,0.9354966505520265,0.9345123489174363,0.9403748183941949,0.9396380385742884,0.9359430387848692,0.9357988769379207,0.9389391963695314,0.9346791202718574,0.9351791212487637,0.9419574589515003,0.9362041022127219,0.9349776275636935,0.9402028313557209,0.9390599135198539,0.9386078527253642,0.9347993372971302,0.9388656075603258,0.940128501339466,0.9338487835882324,0.9349240352729902,0.9407243029281868,0.9342080595393305,0.937473055690602,0.9411664439289893,0.9337266443102066,0.9389847065626958,0.9378543234103787,0.9375391688736845,0.9398287223293524,0.9362632783012598,0.9386893661101217,0.9345962277044078,0.9368260358563857,0.9380742116740906,0.9389674796153948,0.9374710288917077,0.0021482451763043964,3
322.2490579152107,8.490299139580912,1.548637454509735,0.09526696424001269,0.0024985754202840617,13,0.3968354853581081,2,4168,0.6757095104285525,"{'learning_rate': 0.0024985754202840617, 'max_depth': 13, 'max_features': 0.3968354853581081, 'min_samples_split': 2, 'n_estimators': 4168, 'subsample': 0.6757095104285525}",0.9348837411554453,0.931441361185352,0.9318397392403128,0.9279390651803001,0.9282440590615667,0.9299077023117446,0.93189664730647,0.9345804046822193,0.9328269292802247,0.9286346713778266,0.9322639994497569,0.932024624006879,0.9317082752793358,0.9295320837713955,0.9298159243732524,0.9324631279773106,0.9264882764434577,0.9327504655798414,0.9289042397085523,0.9314362047220689,0.9300312127284778,0.9275499254825668,0.9333755306118866,0.9304096946738818,0.9318848848353399,0.9275678839932568,0.9332378386221932,0.9309769203160352,0.9294276281747251,0.9332859291769563,0.9312223783738616,0.9348587550174996,0.9326293819654142,0.9324551621756105,0.9260547088441841,0.9306327601636388,0.9331580145259658,0.9330175474598581,0.9302904372930371,0.928433936339768,0.9308575323046029,0.9349846000157706,0.9284556966970958,0.929753425683997,0.9299075591800441,0.9313743257399838,0.9304831633681621,0.9300505497916355,0.9308331756072782,0.9321951061369438,0.9280877081424839,0.9309111481115366,0.9311254283727582,0.9323943102919661,0.9321756914357613,0.9333318765854988,0.9318043550738503,0.9317292851155657,0.9284874019241214,0.931587895505518,0.9330580444351873,0.9302280385662037,0.9341616021792435,0.9299491824792238,0.9292659767364676,0.9277595129221173,0.9268357125554282,0.9353862109516152,0.9335269155890914,0.9302318117992474,0.9288597518259939,0.9337681890959868,0.9267977027625166,0.9290437792429522,0.9356052429494083,0.929951043195115,0.9268137275600774,0.9337369768779435,0.931054424641051,0.9333027296982808,0.9296379876304708,0.9324518669737172,0.9334770889396257,0.9279919217944602,0.9280366290045508,0.9352731918650564,0.9262552198669637,0.9309866241870622,0.9340829236838664,0.9268624205756671,0.9324297542667734,0.9312850505181347,0.931583026587168,0.9338451915174798,0.9281681368996516,0.9316449154413868,0.9278716602729719,0.9288976436128793,0.9316327263224964,0.9322540092051615,0.9309461687318074,0.002324481803118825,105
647.9691488075256,7.351605730314323,0.9195294570922852,0.05275817896261946,0.007170272316391664,11,0.8499430109962913,2,4168,0.7293608935945628,"{'learning_rate': 0.007170272316391664, 'max_depth': 11, 'max_features': 0.8499430109962913, 'min_samples_split': 2, 'n_estimators': 4168, 'subsample': 0.7293608935945628}",0.93471622764128,0.9330030258578466,0.9321975086802508,0.9291889203835274,0.9299191046306604,0.9312433400620168,0.9332668774837944,0.9342335578883662,0.9343908663323256,0.9299520251544285,0.9337238592005486,0.933483875059706,0.9335005051901145,0.9300323982767434,0.9319457127692209,0.9323251822582654,0.9273719947358422,0.9342211839610689,0.9295894665210374,0.9318267783136244,0.9319730827355687,0.929476594462737,0.9339878164324852,0.932473593699666,0.9324105945879033,0.9287847354475167,0.9341565614396085,0.9313780554907352,0.9301423058222879,0.9343349871204182,0.9324306009889052,0.936094881470345,0.933958202365124,0.9343308671449534,0.9255000564404287,0.9318504594898409,0.9341239915723375,0.9329440853083681,0.9316475433406208,0.9296854142092155,0.9320398721622634,0.935081585380002,0.929301410389574,0.9299447771107112,0.9319332551808489,0.9329064345401747,0.9314138556549892,0.9306480080918876,0.9313527188011612,0.933312232068787,0.9286199658451837,0.9315169392614878,0.9319875300513444,0.9342290248265692,0.9334206605170097,0.9336860699058305,0.9333120866526631,0.9338177177060845,0.929870369478543,0.9324216982951865,0.9351419999768935,0.9307038511701959,0.9359223795482073,0.9318469194354125,0.9294634593664206,0.9299499083420425,0.9284615399043192,0.9361913056082662,0.9347906684155723,0.9301253960409748,0.9315348576808978,0.9345749130383739,0.9286012563048679,0.9307518520839737,0.9357201870448819,0.9310114052289132,0.9282110609534299,0.9357228449709969,0.9318273134252423,0.932469031330927,0.9308780285053634,0.9337244281774338,0.935533024442622,0.9288431077572037,0.929186822056263,0.9357477129189865,0.9290013761873775,0.9309384627381924,0.9357044523943346,0.9297623623990423,0.9328681319804215,0.9321196639174271,0.9335949261943409,0.9337678563925684,0.929528322684464,0.9340552918041681,0.928030621543563,0.9287198469260303,0.9324179265996173,0.9333127622537906,0.9320339032963405,0.002275632801776658,79
232.37174728631973,5.368610071359664,0.3874320292472839,0.016582264412274957,0.22030395364157684,12,0.7191092741862057,2,4168,0.7268289299185802,"{'learning_rate': 0.22030395364157684, 'max_depth': 12, 'max_features': 0.7191092741862057, 'min_samples_split': 2, 'n_estimators': 4168, 'subsample': 0.7268289299185802}",0.9185998042694075,0.9180456763330767,0.9170380842730321,0.9121830398124073,0.9116653869761707,0.9163454813918497,0.9187981328758756,0.9211256239681846,0.9174806007442199,0.915151704580593,0.9161851649832772,0.9162826341940965,0.9174070956989696,0.9134034560207599,0.9113965587893783,0.917362788629438,0.9083474413748125,0.9171157785564436,0.916243892640902,0.9146981476509741,0.9114113157873235,0.9130136858019076,0.9182772402081053,0.9152405644074051,0.9191726764977268,0.9132771653471391,0.9149638131699792,0.9151108522310605,0.9166666897468534,0.9161879869046815,0.9164035748496573,0.9213320390974237,0.9172446974595787,0.916941949165271,0.9107935108018846,0.9170747206790032,0.9195795235256086,0.9156078463186893,0.9171158544542055,0.9120161468084134,0.9164188811113171,0.9189517125568123,0.9108296566603373,0.9131926971465358,0.9152863905736373,0.9199189356709401,0.9143745740666436,0.9140016043753951,0.9155472270642715,0.9203495816979277,0.9107495175807165,0.9140142909673182,0.9144760029336465,0.9170695253627102,0.9154834172035191,0.9185004822840483,0.9136957230124233,0.9199200567625031,0.9164559299787324,0.9147379909038116,0.9194607454939074,0.9126861817309532,0.9214531940997142,0.9150300808950247,0.9150204753463544,0.9129191460807813,0.912521173762806,0.9195808413054443,0.9191052682888142,0.9161801331023463,0.9140832656743373,0.9176645211412939,0.911277512931646,0.9125334301220545,0.9189055109710469,0.9146274835837735,0.9150231504936029,0.9168149366401411,0.9170285540459843,0.9200763419844483,0.9152465270593466,0.914257994524027,0.9207550381544022,0.9108052736295015,0.9136400169454335,0.9192331981045607,0.911868033749193,0.913476379631436,0.9188407622264256,0.9121585817071554,0.9165379808880303,0.9153875414399053,0.9154362396843063,0.91930272003804,0.9115431569144099,0.9190330479544979,0.9135109770171039,0.9159806172178967,0.9151489076745891,0.9163100336666925,0.9157674752086045,0.0028233254584448795,184
283.61453875780103,6.956414660088378,1.149419298171997,0.07664509368642518,0.002972103375337846,11,0.47873867696824834,2,4168,0.5613612108253409,"{'learning_rate': 0.002972103375337846, 'max_depth': 11, 'max_features': 0.47873867696824834, 'min_samples_split': 2, 'n_estimators': 4168, 'subsample': 0.5613612108253409}",0.9359184623661323,0.9326995520026353,0.9327286428453421,0.9293190077706162,0.9291053775341747,0.9305353819336353,0.9330783758014011,0.9353190821339943,0.9335172829402094,0.9294510927318547,0.9331559784579395,0.9328693014292229,0.9334777185347134,0.9311423727111859,0.9310509024598524,0.93326950844083,0.9282906323732169,0.9338263917689276,0.9296089326968769,0.9321785161368531,0.9311346602517662,0.929077146947529,0.9343631518249835,0.9320266802410073,0.9332246970992213,0.9290088720885105,0.9346491009129311,0.9317357072678232,0.9300634171805353,0.933728418045723,0.9314990866050262,0.9362876349956788,0.9336386708110186,0.9331733720257321,0.9267634561654574,0.9319468441690401,0.934382007753611,0.9335163305513632,0.9315123971636036,0.9296336856557587,0.932027258131455,0.9356052242753021,0.9292530755475965,0.9311635570460376,0.9313545194326983,0.9327752027416124,0.9312088584082375,0.9308702033139674,0.9318002692849876,0.9335837415105863,0.9292514319528176,0.9314207012828262,0.9319751612733294,0.9339320151615068,0.9332153524833018,0.9348140218628561,0.9328211258871326,0.9325968590721189,0.929163963539233,0.9324446895161804,0.9341338672603542,0.9315159305319377,0.9355459114635369,0.9306929825701483,0.92961738929908,0.9293832878721074,0.9280919955962089,0.9364362464437479,0.9347404589920812,0.931278699783583,0.9303770009393946,0.9344457541847315,0.9279127244951656,0.9300557409210349,0.9364290049939155,0.9308521015639071,0.9276299432654326,0.9345684338852253,0.9326688981273537,0.9336700954236308,0.9307955563099899,0.9338885231320946,0.9350274806622008,0.929194202837226,0.9291468877939817,0.9363839938105741,0.9281156529007898,0.9320602480864287,0.9353017480438849,0.9282838907890933,0.9338408719999003,0.9322792065162264,0.9327583459082924,0.9342682037126969,0.9295308641284162,0.9330616797217159,0.928983111086905,0.9300006768675241,0.9326795201989561,0.9327004785984095,0.932015326932676,0.002277530288964378,81
399.3140257358551,8.488435256171813,1.3048765182495117,0.07656202904945462,0.0027280769290078575,12,0.6107821010454956,2,4168,0.6211417520759408,"{'learning_rate': 0.0027280769290078575, 'max_depth': 12, 'max_features': 0.6107821010454956, 'min_samples_split': 2, 'n_estimators': 4168, 'subsample': 0.6211417520759408}",0.9341902801314734,0.9311734067244968,0.931379633388325,0.9278883581970553,0.928064216276042,0.9294697380338132,0.9317184190705592,0.933833642427494,0.9327675865783545,0.9286093728956767,0.9318136926875034,0.9317425867749358,0.9319938139998312,0.9295610396491487,0.9299715071853375,0.9317759686033888,0.9266691302507944,0.9326615770735667,0.9284540145054686,0.9306356849360308,0.9298871043471124,0.9273445088509327,0.9331801109513295,0.931004400169025,0.9316061613918295,0.9272801638585835,0.9333949208849139,0.9306640730017028,0.928914785110577,0.9330436956126797,0.9306688702843409,0.9346425823744235,0.9326276991316165,0.9323323970246106,0.9253839365018227,0.9304874561396415,0.9331583634961601,0.9325387764577919,0.930098074813822,0.9279428666153662,0.9302499742143944,0.9344937197478382,0.9285473116697103,0.9297255453782196,0.9302492698152032,0.9315255345145982,0.9298754271181676,0.9296873957098366,0.9306105223233452,0.9320485032315464,0.9276381447724441,0.9304965733811439,0.9304345933463529,0.9325780337035886,0.9319916472167806,0.9332227709334044,0.9317268644262822,0.9317526579912944,0.9282664695066019,0.9311118381474687,0.933007147885285,0.9298848959472235,0.9342153571749507,0.9296758190711158,0.9285636046107444,0.9280463637703851,0.9263677870783763,0.9352911424493249,0.9331144006049381,0.9297533177191397,0.9292769668629548,0.9332726764271141,0.9266318207404048,0.9288596041666864,0.9353588454257492,0.9296438341507803,0.9262957409887739,0.9336961926681853,0.9308416913560407,0.9323616602567226,0.929581561015356,0.9327287962061087,0.9342470656595958,0.9277991253688064,0.9275676674804311,0.9347113543801493,0.9266629493154808,0.9304143200614556,0.9337037632816123,0.9271956403534423,0.9318041001601118,0.9311017241303654,0.9314023601526198,0.9331824600976523,0.9283877048662903,0.9317534997729734,0.9274904702723819,0.9283676102176046,0.931254846305287,0.931504512921963,0.9307182781493039,0.0023026967720701204,108
303.34904142856595,7.974603356803091,0.41889665126800535,0.027709449934564173,0.01900609617765293,6,0.7257703228632789,2,4168,0.7634521906897548,"{'learning_rate': 0.01900609617765293, 'max_depth': 6, 'max_features': 0.7257703228632789, 'min_samples_split': 2, 'n_estimators': 4168, 'subsample': 0.7634521906897548}",0.9364526124713753,0.9335596953048848,0.9325422013961766,0.9307465964317825,0.9289364335849964,0.9306755997850087,0.9339620001901955,0.9358723623096032,0.9328437067246694,0.9296050922209602,0.932875405690801,0.932491568269735,0.9346134066208444,0.9336830464038199,0.9309684311601154,0.9324517927203895,0.928087972611906,0.9356512163742946,0.9301405909980522,0.9321208442739797,0.9311936034418182,0.9311475761820369,0.9349959908612602,0.9317312329404162,0.9334201711243225,0.9298336742193763,0.9358145536075952,0.9315562943754371,0.9312201614969968,0.9336263978514536,0.9315215334249078,0.9371769246037199,0.9344173413536782,0.9335365422557925,0.9269411332732781,0.932038714361023,0.9343885992285696,0.9335189577091896,0.9324500270551017,0.9306602963635582,0.9323084074391108,0.9361019877141866,0.9289228779098753,0.9311404985350712,0.9328879733241822,0.9346429609423265,0.93081667574351,0.9310743507249789,0.9318081452896713,0.9345953315632615,0.9296200994584605,0.9309611781767309,0.9311655822202529,0.9347865524463379,0.9336372331121738,0.9359867867198619,0.932694357529779,0.9333908830631376,0.9287629840893289,0.93321849964478,0.9338061546670733,0.9317810852720199,0.9366693689731085,0.931924235392205,0.9293063995258917,0.9303323179658177,0.9286068367779275,0.9372815023238851,0.93560100325876,0.9311642429247919,0.9317171038657872,0.934132142611261,0.9291926376267086,0.9304290150801311,0.9374740945686246,0.930841820437625,0.9292227007419033,0.9348829428096681,0.934298552672155,0.9345774266793425,0.9294852600824091,0.9345860380053099,0.9361157104172253,0.9288912232302453,0.9304396819398698,0.9366662371967642,0.9286548330552655,0.9323007357721823,0.9352954700632867,0.928504079140294,0.9337275864312163,0.9327422438207348,0.9332039295336738,0.9347029247665547,0.9311923857645378,0.9328155331193235,0.9301788908530801,0.9318318362529808,0.9333874063734088,0.9340648218049536,0.9325002207871814,0.0023694579892440167,65
207.60322433710098,6.34030486849616,0.7588447976112366,0.03912312437591945,0.009678103411289605,9,0.33680083337002875,2,4168,0.7916861140234621,"{'learning_rate': 0.009678103411289605, 'max_depth': 9, 'max_features': 0.33680083337002875, 'min_samples_split': 2, 'n_estimators': 4168, 'subsample': 0.7916861140234621}",0.9410506843680402,0.9374619185111283,0.9368043479890555,0.9340662295172765,0.9339293042569755,0.9357111843181056,0.9379928033530408,0.9399786981263393,0.9384473854506982,0.9346483962495314,0.9373480712169463,0.9376045174023913,0.9390478138139104,0.9363880292486465,0.9356499539133392,0.9371085729150257,0.9335213406773284,0.9389818203020437,0.9351757761001515,0.937590372064194,0.9362526281918062,0.934886180998237,0.9390344085281844,0.9367452426141591,0.9378556089750468,0.9340126078366471,0.9389131531390243,0.9364367864421769,0.9358553587844282,0.9382214487999173,0.936378742900143,0.9411703026526782,0.9383700473998482,0.9379707324738465,0.9319994834423212,0.9364426058336444,0.9383554726327875,0.9379837510733634,0.9369560143219878,0.9349731507145546,0.9377772678184377,0.9402715579495592,0.9334084085821357,0.9359092822688114,0.9370100900675596,0.9375964531758401,0.9363666895650411,0.936542947312336,0.9363149405003119,0.938074964661315,0.9343464451126321,0.9361820731938443,0.9366492902157868,0.9388602995672004,0.937502026188424,0.9399436535110911,0.9369591672238579,0.9377060154018909,0.9340172899805209,0.9378215544670194,0.9388322126384613,0.9359701000917654,0.9399652146015129,0.9359972101603102,0.9343380390480699,0.9344973317972812,0.9334019900423927,0.9413146158068059,0.9389954393851323,0.9362300398050061,0.9351866210554051,0.9391949188533919,0.9335234569645905,0.9350090090170987,0.9420539149233002,0.9357986283417968,0.9332408639633212,0.9392781902324633,0.9380333014083755,0.9388235076391155,0.9353241876603873,0.9385593589047897,0.940191504637767,0.9341381495055501,0.9351775731592815,0.9409294750439984,0.9335123500788172,0.9371692220212336,0.9398502695021056,0.9333238926251378,0.9387070960860251,0.936816925066435,0.9372143808260998,0.9389755193331744,0.9349977764763093,0.9375182719317086,0.9338312570943361,0.9356998499677336,0.9374797858767923,0.9381814951007048,0.9369386431098657,0.002135693340636917,9
262.4314714193344,7.021764460533725,0.347238667011261,0.019226443696186906,0.05766813678495467,5,0.9041051459439013,2,4168,0.6171339131681375,"{'learning_rate': 0.05766813678495467, 'max_depth': 5, 'max_features': 0.9041051459439013, 'min_samples_split': 2, 'n_estimators': 4168, 'subsample': 0.6171339131681375}",0.936623597090522,0.9321843601271244,0.9320166880995656,0.9299169214286518,0.9296000293868063,0.9308355570268033,0.9331374235398783,0.9342418322869803,0.9322709117126469,0.928326234226079,0.9327376410923778,0.9311380649187361,0.9331123653222925,0.9331087791603566,0.9309099017895262,0.9318864453011649,0.9279137434761462,0.9358790946013492,0.9301359984564698,0.9326042443354853,0.9315341781744173,0.9310954366426935,0.9346960935082178,0.9317940106967153,0.9338043977499144,0.9295436617943382,0.9348816700429539,0.9321481885212866,0.9294296798675524,0.9327175403668688,0.9299430179977055,0.9373194728450909,0.9335907540794306,0.9341647142316778,0.9273027428530298,0.931445115692783,0.933608783531042,0.9328487852290709,0.9323763551701155,0.9302637150789459,0.9325423264268159,0.9349964812281367,0.9295352943245212,0.9296775183572359,0.9332053494754706,0.9341896612526618,0.9309917664134957,0.9304373202225793,0.9314419336450247,0.9340963520904806,0.9298188861382913,0.9308304025371003,0.9313781497596427,0.934956601868103,0.9331607991020104,0.9359375021237555,0.9320174361399541,0.9317086604099805,0.9287375101417339,0.9330968560196617,0.9341961910606464,0.9305621750029689,0.9361927733538552,0.9310350091236446,0.9285211037415937,0.9313996684635127,0.9296497792692446,0.9354988743271144,0.9351146881705298,0.9304395883680936,0.932379046635506,0.9322587212468887,0.9286579908520562,0.9300100464803337,0.9369629942020344,0.9317777571949248,0.9291202253149136,0.9335661482601613,0.9337687492966015,0.9342942433889487,0.9295058686075507,0.9334846477763868,0.9369302698742771,0.927482375324546,0.9309757550429392,0.9356828413747633,0.9283675181075306,0.9326653370804453,0.933931119822311,0.9279251349292877,0.9343458629249258,0.9326081354145783,0.931220142156028,0.9332296100748143,0.9315534838053584,0.932981447325884,0.9290692877634893,0.9319290308093159,0.9331295600577999,0.9332198914280835,0.9321148804858335,0.0022847210188127105,75
299.70851939201356,7.918298774318314,0.8351551556587219,0.04670860205492807,0.010933018136631901,10,0.3717236262547444,2,4168,0.7957939914667664,"{'learning_rate': 0.010933018136631901, 'max_depth': 10, 'max_features': 0.3717236262547444, 'min_samples_split': 2, 'n_estimators': 4168, 'subsample': 0.7957939914667664}",0.9408166240465262,0.937850476383872,0.9372206902674811,0.9341571366752391,0.934781395066095,0.9360817171518587,0.9375512590243325,0.9405709893940816,0.9385696835156937,0.9348641947666801,0.9378033366863462,0.9376037811007845,0.9385719719527926,0.9368989313315492,0.9362745512558416,0.9375277385407113,0.9331924203668659,0.9390035640706519,0.9358777922400024,0.9378509870665613,0.9370651481843447,0.9344084999481552,0.9396398562315005,0.9373492127061317,0.9381305110498737,0.9348122835010738,0.9396657211999483,0.9367196332299103,0.9350958579285313,0.9389728620986467,0.936589494255362,0.9407309133550199,0.9387215540154888,0.9386976256784326,0.932766933087991,0.9372057999197256,0.939254596631801,0.9384397162090894,0.937117217515686,0.9353123750966568,0.9379148880760962,0.9399550790840996,0.9343375839532927,0.9364004632655311,0.936853118996267,0.9376205067464611,0.9367376839504868,0.9368207605338891,0.9375195816440443,0.9388312189294754,0.9349556211871326,0.9368466043916658,0.9379611626849625,0.93882764378542,0.9381227028089827,0.9392541653131713,0.93832785461069,0.9379001967840934,0.9343858048129949,0.9378321357906971,0.9397681251787462,0.9365745494933069,0.9406606981117059,0.9367414772493681,0.9350982821655955,0.9347942622921119,0.9340261424222923,0.94118661951966,0.9399222940467401,0.9362987966437425,0.9357112747721867,0.9397763270136361,0.9335018155697086,0.9349571401503887,0.9425313623194091,0.9360144018027975,0.933317907873681,0.9397013743359368,0.9379898683413015,0.939214657574058,0.9357042701717306,0.9383917903087181,0.9399093905405814,0.9345413046594104,0.9348398832922759,0.9412509746653701,0.9339349093933095,0.937614562106237,0.9401332973100524,0.9337441435433464,0.9386184961412538,0.9372356907496928,0.937937114338167,0.9396544026013071,0.9351170211131603,0.9378183682609518,0.9344513829932043,0.9358324752381223,0.9382229492845288,0.9382334292095932,0.9372814306289418,0.002099314151697665,5
287.6216294670105,7.25619214615665,0.5884118342399597,0.03313028069750142,0.023732950058719497,8,0.47351811621687767,2,4168,0.7574937629823866,"{'learning_rate': 0.023732950058719497, 'max_depth': 8, 'max_features': 0.47351811621687767, 'min_samples_split': 2, 'n_estimators': 4168, 'subsample': 0.7574937629823866}",0.9422265328222357,0.9389178284184487,0.9377669351886114,0.9356589525111527,0.9357178474234334,0.937323295218161,0.9380228078504721,0.9414786213082545,0.9398537794958488,0.9362516884116402,0.9383850667799027,0.9380686715537521,0.9401477484216822,0.937433724131475,0.9373359219172889,0.938291521204414,0.933565120604054,0.9398675632193948,0.9365690814417674,0.9387955853984753,0.9385610416343324,0.9367989732191764,0.9404948129986251,0.9380081206423849,0.9393781389498247,0.9362947654869274,0.9412111557047695,0.9381807787498103,0.9368494436853834,0.9394734334613376,0.9372603065597154,0.9421286194629122,0.9402513331654239,0.9394097704447116,0.9331274874498682,0.937040384373579,0.9396879118982937,0.9391650392896999,0.9380171283511556,0.9363098290649038,0.9395948895396502,0.9413643944444582,0.935497350550268,0.9367768725567038,0.9386369985543374,0.939564900503428,0.9367950721117996,0.9372956531121455,0.9370023456105029,0.9397437370265381,0.935140410751841,0.9372492645613204,0.9381846144776573,0.9395860721658651,0.938835294403052,0.9411008084119555,0.9385401959471579,0.9386608305948129,0.9352289767400367,0.9389054714823751,0.940390954302186,0.9369358809646178,0.9420982561999494,0.9379350267447442,0.9358381307351904,0.9361780839348551,0.9348908466800776,0.9418111848518218,0.94058851400516,0.9369751752388982,0.9369754554746305,0.9400122649963889,0.9355051730032975,0.9361263900928032,0.9431454622762074,0.9371446063972466,0.9348014799891726,0.94103638964501,0.9393375535876983,0.9399402339946028,0.9364404654897786,0.9393696707089461,0.9410114020162912,0.9346136115428691,0.9364283870883214,0.9421329985317153,0.9342917049638586,0.9382214410747174,0.9411639450496757,0.9344608349784153,0.9401389040590457,0.938035930710889,0.9386713880026097,0.9402001720324843,0.9376044416470128,0.9390047158802916,0.9352723780455092,0.9372603074777888,0.9377814531624012,0.9396376703985354,0.9382243980743493,0.002126781288808362,1
506.03933264017104,9.930782281183877,0.8779701805114746,0.04859246548384699,0.013445349798407289,11,0.6789988650163588,2,4168,0.723327175109192,"{'learning_rate': 0.013445349798407289, 'max_depth': 11, 'max_features': 0.6789988650163588, 'min_samples_split': 2, 'n_estimators': 4168, 'subsample': 0.723327175109192}",0.9376247700250989,0.9356059165638684,0.9349128473912787,0.9313494504488395,0.9323393607559766,0.9336349662308243,0.9350490190044752,0.936991285629996,0.9364331690655202,0.9323412782120808,0.9357300354577307,0.935523700703597,0.9355656158347176,0.9336385809601374,0.9342727664839799,0.9349824823776846,0.9297026998173544,0.9358864270685129,0.9324583798561251,0.9340733861537911,0.9339121661562536,0.9318005198716885,0.9361376952526983,0.9342136653318072,0.9351231587196586,0.9310818479310115,0.9371594608338583,0.9344459976384363,0.9322931549649071,0.9353267606176443,0.9340000730160042,0.9386518924165534,0.9361672086427597,0.93631484203229,0.9289809290121747,0.933587223749329,0.9369133671675659,0.9347734321352005,0.9342775889247735,0.932252514459291,0.93396616260385,0.9375357405152376,0.9321512627596333,0.9335863755377546,0.9344442474587444,0.9347683562788281,0.9335533042387183,0.9334470029440793,0.9342322522412061,0.935932928507348,0.9307915591880146,0.9344552950512838,0.9344994363699124,0.9360807470060761,0.935684832934504,0.9370192346603514,0.9350758216089741,0.93530465181713,0.9318432658487671,0.9349040733311856,0.937696862878806,0.9339374502311821,0.9383646562996386,0.9335259572561633,0.9329234446664024,0.9317742692751438,0.9305990700906263,0.9383487318145112,0.9364022063758514,0.9333689791407327,0.9334883437186894,0.9371566295043219,0.9309156224997606,0.9328200731643541,0.9385106758539009,0.9335674288932713,0.9303327764866827,0.9375245622713835,0.9349011223980221,0.9352300954013731,0.9329124940681792,0.93615689422082,0.9378171303290248,0.9316449238969317,0.9316289940732956,0.9381787310018685,0.9308986585359745,0.9340560145090782,0.9375454115221555,0.9307741441856702,0.9352630765808704,0.9347737784539875,0.9353150570113581,0.936624602181436,0.9321209110291367,0.9355358395983437,0.9310452034611046,0.9321822433911291,0.9354576016848145,0.9356831053208412,0.9344180996109394,0.0021951028820159485,48
323.62851433038713,8.767724176451592,0.4008547616004944,0.025310976447396487,0.04308344342080995,6,0.716728488806714,2,4168,0.8144035974822499,"{'learning_rate': 0.04308344342080995, 'max_depth': 6, 'max_features': 0.716728488806714, 'min_samples_split': 2, 'n_estimators': 4168, 'subsample': 0.8144035974822499}",0.9395420356520524,0.9363107491451885,0.9346648252131164,0.9327815435028415,0.9321438831116498,0.9335222606443879,0.9364914327298219,0.9373262937787258,0.9366259564682836,0.9323043386041864,0.9353541088868987,0.9356942691541618,0.937698057708763,0.93641262445068,0.9343134159789446,0.9347752253166824,0.9308558460602427,0.9383264277962012,0.9331061300222144,0.9356898539154969,0.9344464217967368,0.9342817079344579,0.9370795230485369,0.9347738421380395,0.9358532819967897,0.9326715240252679,0.9375327120033348,0.934889998026462,0.9332776117651767,0.936094215625801,0.933506654621716,0.939031394003746,0.935856038269786,0.9359577513744739,0.9298936103345588,0.9344413248158603,0.9375143382486839,0.936309819476723,0.9356374158196121,0.933144207647608,0.9357106270334343,0.9378849801314056,0.9307830748024285,0.9343513349157857,0.9357838658970951,0.9374306200841589,0.9339932316747478,0.9345343998631984,0.9343653386436309,0.936959829666027,0.9317040572981405,0.9350812657031656,0.9350566615374496,0.9373313278005244,0.9356608287316839,0.938891926740167,0.9355505223883072,0.9357145303025405,0.9314100181492856,0.9362433254618971,0.936477212633923,0.9340084025622212,0.9398329763961654,0.9346458066784397,0.9317383539950346,0.9338016713564853,0.9317714774632359,0.9393722782623983,0.9379222984891338,0.9342161373239579,0.9341183239330909,0.9368953001064527,0.9319110967867553,0.932587581569026,0.9405053242790545,0.9343516714821862,0.9321713270820349,0.9366377462827623,0.9365329595242079,0.9370271693237245,0.9335460566457243,0.9373357514085322,0.9386990431380249,0.9317775994232398,0.9333287134380492,0.9386054389822599,0.9310629327217241,0.9360469031478211,0.93756227299452,0.9310144387120914,0.9369023779029504,0.9355174237983421,0.934617265032316,0.937183837701823,0.9336395580987882,0.9354350707855089,0.9319787249995816,0.9351128081146403,0.9363018878567112,0.9368541811655542,0.9351962183953748,0.002274312861678432,37
328.88385043859483,7.199459250087572,0.37693888425827027,0.027220672335765205,0.14100614488070173,6,0.5658061701046324,2,4168,0.9577018114898567,"{'learning_rate': 0.14100614488070173, 'max_depth': 6, 'max_features': 0.5658061701046324, 'min_samples_split': 2, 'n_estimators': 4168, 'subsample': 0.9577018114898567}",0.9360949813489292,0.932811696514771,0.9312000180703908,0.9291711154831764,0.9280737638781384,0.9302474245799568,0.9338084422987011,0.9347293592953327,0.932121812158296,0.9310277157904566,0.9328316001893844,0.9313939369577174,0.9334133872138459,0.9326944946666151,0.9304986202264731,0.9326097394139534,0.9268706721478873,0.9328738047023826,0.9302681643384646,0.9324785872992272,0.9304454984444612,0.9285631070535968,0.9339864173038231,0.9315546131435811,0.9321874480839092,0.9294836868953762,0.9355433664089057,0.9320434193410694,0.9297490443394938,0.9318639650684301,0.9294686036456082,0.9359112987586442,0.9349347909796099,0.9329570529766413,0.9262969065087671,0.9305125616778338,0.9336568299095729,0.9326441387215905,0.9318890296466011,0.9320672735540463,0.9325432054478675,0.9354816908352972,0.9280708149950213,0.9292791025379731,0.9327386981270331,0.9330148612099338,0.9299642208484292,0.9309534398131424,0.9309479989583118,0.9329884296994055,0.9302778996442684,0.9290948610877465,0.9310225486362682,0.933311003462327,0.9330773890297136,0.935218041118158,0.9308952860108449,0.9323032742713468,0.9290901168777299,0.9339949412652647,0.9327145358992167,0.9317449797468998,0.9370733857606153,0.9308994937935421,0.9279757770960061,0.929165574957078,0.9296281053003832,0.9351246513131746,0.9355567231068871,0.9298264594593941,0.9299611257653234,0.9338729460550643,0.9294746696305913,0.9297125914781952,0.9366584858662973,0.9297228786252321,0.9287133251720759,0.9346621589053398,0.9337094059221747,0.9319826205563833,0.9306951636414948,0.9321391804815005,0.9359628262735081,0.9274771158339613,0.9300931209986297,0.9342513824337944,0.9252685460374088,0.9323070522185037,0.93544200729761,0.9261620131490977,0.9346785058988833,0.9326795921657816,0.9340546590668943,0.9341025529268301,0.931327447172567,0.9327552842706676,0.9297590653431965,0.9326247445430302,0.9323632401659946,0.9344178655026321,0.9318198747274361,0.0024548147520759627,88
545.9385420131683,10.004799633777987,0.5598883152008056,0.03492183502083499,0.012373915463819782,8,0.8797660659211541,2,4168,0.8225529566019121,"{'learning_rate': 0.012373915463819782, 'max_depth': 8, 'max_features': 0.8797660659211541, 'min_samples_split': 2, 'n_estimators': 4168, 'subsample': 0.8225529566019121}",0.9376719982705275,0.9358989699232652,0.934972902695463,0.931711882975959,0.9322198974282593,0.9335231765904726,0.9355776689322339,0.9373693610902004,0.9358183125374457,0.9326603908219913,0.9353977974224392,0.9352559144671322,0.9367494488959451,0.9337912039870782,0.9337380110479822,0.9345313944275149,0.9309941397679747,0.9372435096896458,0.9320314847979099,0.9345897958084268,0.9344692025514645,0.9324403265959337,0.9355801773432906,0.9347308709884709,0.9356008624187439,0.931823388633455,0.9370185825468912,0.9344032792910941,0.9334285147520527,0.9360234513498601,0.934167990702483,0.9385769244064973,0.9365949294360141,0.9363540428253962,0.9287836916744998,0.9352929219673989,0.9371147345528845,0.9342606663496494,0.9343401316527197,0.9323339931644941,0.9348770473695279,0.9378060467763265,0.9313370977429403,0.933088698875098,0.9344673543634571,0.9360788877466406,0.933464945848778,0.9336269200235924,0.9332443409624126,0.9362103326685794,0.9314720760075734,0.9334773643321808,0.9348945292468573,0.9371476968423701,0.935523896928229,0.9372192847814256,0.9355823726993865,0.9360647641097893,0.9317482179716923,0.9350318197268677,0.9372848490860366,0.9336133830694299,0.9388198830343435,0.9344516734719223,0.930605520264722,0.9325860880070117,0.9310419521521498,0.9380559676658987,0.9374368565949992,0.9322981743816362,0.9338032729342374,0.9367896767794748,0.9322656574979521,0.9326837907052218,0.9379348168875684,0.9332081994712991,0.931334352462219,0.9374854408432227,0.9356923477173101,0.9352356333232819,0.9331295590949998,0.9365074940081659,0.9380164091943756,0.9304331892582938,0.9326002047191662,0.9382069617626961,0.9310932269615527,0.9336210784986426,0.9381800807567631,0.9313744234447734,0.9363184149872532,0.9343568559172633,0.9354970604784187,0.9364868812527488,0.9333230753134277,0.9356343888160069,0.9311236573303193,0.9330308134912066,0.9356321768999847,0.9359947083307059,0.9346063783667159,0.002199291805290322,45
367.11157069683077,9.376910247177523,0.36431273460388186,0.026835090792758164,0.007959470449050965,5,0.8519701143948588,2,4168,0.8607640954097336,"{'learning_rate': 0.007959470449050965, 'max_depth': 5, 'max_features': 0.8519701143948588, 'min_samples_split': 2, 'n_estimators': 4168, 'subsample': 0.8607640954097336}",0.9212868082032607,0.9178102348351852,0.9161470948115507,0.9153616968770529,0.9117405309323182,0.9135450008311905,0.9191519904749944,0.9210853041512648,0.9174344563723347,0.9128015677377248,0.9162654451861395,0.9168512189816206,0.9191965252478015,0.9179690845876558,0.913559265405285,0.9177410923203638,0.9125312494481664,0.9199191849981048,0.914200735390359,0.9165524302771527,0.9145510079920381,0.9155871423164826,0.9188113499286421,0.9167289996249087,0.9184761646379728,0.91219258166887,0.9215868449979246,0.9158465445598043,0.9139835259406777,0.9200155517268644,0.9137041048907566,0.9229293450390649,0.9187077215900848,0.9177669904478732,0.9101397700486291,0.9164967213080142,0.9195620329889791,0.9172578356966343,0.9155021991621046,0.9152575905217704,0.9166831095480434,0.920500822636872,0.9128402925489378,0.9148781700059507,0.9166706416772253,0.919290679502543,0.9154506039316043,0.9138445790530892,0.9157813844657696,0.9177962272844558,0.9147544073814767,0.9149239433398182,0.9147992170791825,0.9203420052405226,0.9187146566113862,0.9208470768013015,0.9179222183722465,0.9170807877385695,0.9112293463008093,0.9168686680914933,0.9167004030790056,0.9167162287163731,0.9222383706638161,0.9158826304957574,0.9124169624049036,0.914399783239078,0.9126360515745225,0.9211645466711286,0.9203261514632775,0.9146648288476577,0.9166156221360452,0.9187960479771355,0.9128835022443617,0.9140201169513936,0.9209002701945449,0.9147547911547497,0.9124032090500312,0.9192201203459999,0.9183680481237506,0.9198452759850256,0.9131943588544885,0.9201014398805709,0.9206079263063486,0.9134102076404541,0.9140649677798866,0.921865306624764,0.9121973820956092,0.9161314638828167,0.9194479190871996,0.9123646354468937,0.9170346645812288,0.9168452020701922,0.9170809091439677,0.9185298392438886,0.9154004978379852,0.9167596696393318,0.9131705669197814,0.9154644439064028,0.9185082574982293,0.918621435498854,0.9166322783502637,0.0028559326083524954,180
238.16524220228195,7.426076567992657,0.9952531719207763,0.0657017924609377,0.0743925293548933,11,0.42080532093809697,2,4168,0.5708686692637015,"{'learning_rate': 0.0743925293548933, 'max_depth': 11, 'max_features': 0.42080532093809697, 'min_samples_split': 2, 'n_estimators': 4168, 'subsample': 0.5708686692637015}",0.9370086022729864,0.9320326035020147,0.9323038002487455,0.9315021815328676,0.9298000629988867,0.929377643446198,0.9317221785351533,0.935166361027583,0.9332349477912201,0.9304038164481467,0.9332199729878418,0.9327666557989442,0.9332690654843188,0.930768612436209,0.931986021253735,0.9323868420579546,0.928513887391715,0.9351123222566854,0.93044769375853,0.9323138008955486,0.9319822289796568,0.9295015916139806,0.9330840651941771,0.9328627858795462,0.9317124897522671,0.9283146884276317,0.9336882124817136,0.9326994864060743,0.9296351807671177,0.9338050747057911,0.9321307056470945,0.9367913976232228,0.9328238696604138,0.9338108045503137,0.9286071768241745,0.9314808566518471,0.9342734989623004,0.933943353125778,0.9302340000737928,0.931237105315392,0.9311571829129841,0.9354140020447899,0.930369565709792,0.9309118146648991,0.932747823787931,0.932986096700355,0.9307833125012722,0.93154031403479,0.9335676109752813,0.9329727957096298,0.9297171512447724,0.9310711588347991,0.930689923212573,0.931961516805609,0.9318618769918136,0.9330764400976278,0.9318534248492152,0.9338614591363147,0.9291054791739077,0.932731997061838,0.9351976700478216,0.9299082570990651,0.9350558221996965,0.9311187323982311,0.9295750865338682,0.9293652779456644,0.9282750191239911,0.9358980584482026,0.9350568761086133,0.9319420040086265,0.9303177453971538,0.9334281266248197,0.9294497592413061,0.9293701553954572,0.9358659207581006,0.9283671422681712,0.9300454086282038,0.9341887190198801,0.9328897755627124,0.9328655484003893,0.9306328403726218,0.9333163684845786,0.9337753772712563,0.9301953401638444,0.9298438417585484,0.9371823612361299,0.9283596651997188,0.9318727284690816,0.935333079500443,0.9271757712915676,0.9344843082996266,0.9317517694372002,0.9329212733166161,0.9345559309415689,0.9300260166504681,0.9335044862737534,0.9301431825632445,0.9304111625011969,0.9321465187033304,0.9323696851115161,0.9320251940397405,0.002140443493598109,80
221.27798360824585,5.714249190525738,0.3770910334587097,0.026947554429265677,0.007000271939956904,5,0.4864252554646121,2,4168,0.904757102417078,"{'learning_rate': 0.007000271939956904, 'max_depth': 5, 'max_features': 0.4864252554646121, 'min_samples_split': 2, 'n_estimators': 4168, 'subsample': 0.904757102417078}",0.9199553724226428,0.9148651607911591,0.9139447041249139,0.9132352800610002,0.9093783913744039,0.911134453191399,0.9168970225167508,0.919174971918542,0.9155004716899883,0.9105352264155875,0.9140857107154882,0.9156831210931888,0.9162128323179037,0.9155327524164936,0.9114044446213622,0.9152691613159271,0.9109593815589596,0.9173665243893616,0.9119018650821764,0.9158745289558023,0.9126333129436859,0.9126186443154748,0.9175417626181611,0.9147478924087771,0.916218115620753,0.9098572791376687,0.9200696090463071,0.9134222183800091,0.9121356813733806,0.9170057255527589,0.911567540968346,0.9207246530310695,0.9164472564368165,0.9156968031570203,0.9081625585141604,0.914124196565185,0.9171836556606724,0.915458343719928,0.9132111885275591,0.9131632807581419,0.9150804116593593,0.9181301963405138,0.9094493996706882,0.9143310520507258,0.9146231947861408,0.9173965105283479,0.9136822857484467,0.9117383460973235,0.9142504805301681,0.9149586133368092,0.9130797032867477,0.9131839066182486,0.9119511474938826,0.917665751567098,0.9164184658247287,0.9186012700819974,0.9156586068572343,0.9146169927069245,0.9085723068410788,0.9153429410638813,0.9142712825188701,0.9150986221129083,0.920449919986383,0.9137556800019659,0.9098949062817172,0.9123103418818582,0.9099039409298125,0.9195039902950017,0.918022554626368,0.9131146304942284,0.913344442360911,0.9174711127573746,0.9103452201321636,0.912150690127819,0.9194823220817294,0.9126830915574401,0.9095961399648812,0.9173111615171525,0.9163316911815558,0.9172339302306554,0.9111747687472282,0.9179602333970754,0.9181179399610699,0.91180367371682,0.911701933259907,0.9199707120113492,0.9098759989956693,0.9140751012092562,0.9170503875608412,0.909854986960561,0.9154633485193808,0.9143925590867952,0.9146040635244955,0.9168807454275063,0.9135912487943536,0.9155202146911046,0.9109784543463438,0.913351780196544,0.9156362888533512,0.9167319501124147,0.9145064473921215,0.0029464008566395744,186
397.8609289073944,8.77446237859113,1.0265298247337342,0.06174477016857975,0.005064759528005534,11,0.5238935052541599,2,4168,0.785945929553687,"{'learning_rate': 0.005064759528005534, 'max_depth': 11, 'max_features': 0.5238935052541599, 'min_samples_split': 2, 'n_estimators': 4168, 'subsample': 0.785945929553687}",0.9377842610200126,0.9348992534035876,0.9348921686985883,0.9310024074656893,0.9317833673698367,0.9332261564208714,0.934827797703574,0.9373659042019113,0.9357671832183952,0.931595535161997,0.9351306817686232,0.9348104937291349,0.9352611929936824,0.9329565053348459,0.9333872927099744,0.935096969697886,0.9300145429517831,0.9359024524649551,0.9320757399019178,0.9338235117909165,0.9334541797317157,0.9307899421741,0.9362142123547136,0.9338264640735396,0.9347873309026579,0.931225019305098,0.936816767894552,0.9339840520210348,0.9322253466386303,0.9359749577293014,0.9340503888395071,0.9379332496029422,0.9351911974882043,0.9355731672779249,0.9289202016869802,0.933966985197273,0.9360558457783716,0.935659742292835,0.9336121571768904,0.9316238666354679,0.9338387237768966,0.9372578564769111,0.9316698174943909,0.9331873568457877,0.9334187133541223,0.9346537374273518,0.9330730106344249,0.9331997257362489,0.9337399041144179,0.93556656619694,0.931173009881767,0.9335575807302354,0.9340510999740578,0.9357138629639514,0.9354321450583698,0.9367025840639773,0.9346866230351372,0.9349304326755976,0.9319188328307845,0.9343669667046812,0.9363042416058452,0.9331862725325585,0.9375234163281151,0.9331252374227156,0.931609494693576,0.9310962465695463,0.9303067323473434,0.938489621035585,0.9364003490598568,0.9332337155627637,0.9321644989150815,0.9366119515279693,0.9299905216544329,0.9321335427668583,0.9383401454079431,0.932819594560617,0.9301588473784137,0.9365765291441923,0.9347966396341815,0.9360657957865861,0.9330873599774793,0.9354702486279929,0.9368670259417048,0.9310326183215515,0.9312219577500152,0.9382667283716475,0.9300538454690553,0.9340624425066728,0.9371739644544248,0.9305023419147568,0.9352392636468887,0.9342782738206433,0.9344144685309085,0.936895057438879,0.9315288883943598,0.9349437976738457,0.9311167510610092,0.9321785642005197,0.93461433089132,0.9352880449656555,0.9340479641067949,0.0022124897485847625,52
158.31415065288544,5.079052126935924,0.36480709791183474,0.021497119539486673,0.2554656472004627,5,0.36550724528520134,2,4168,0.7912351927098262,"{'learning_rate': 0.2554656472004627, 'max_depth': 5, 'max_features': 0.36550724528520134, 'min_samples_split': 2, 'n_estimators': 4168, 'subsample': 0.7912351927098262}",0.9275768400039438,0.9230489808247941,0.9204017950874096,0.9180249958625728,0.9216460567957838,0.9203293653716591,0.9252370303080013,0.9258642342567374,0.9226897500289122,0.9218714435435822,0.9233988132651199,0.9222719372460594,0.9259691334587282,0.9229869780615535,0.9208570552700311,0.9213856429048429,0.917118804600045,0.9245868983838552,0.9222095582375349,0.9238217396756375,0.9228759250737086,0.9243629508216326,0.9257758034118571,0.921957480742713,0.9246141229993938,0.9211390690045383,0.9260988310500421,0.9218503625062493,0.921640854239659,0.9244376456233556,0.9227429764170924,0.9268485543405294,0.9240229115486909,0.9251420633853054,0.9157755871246336,0.9233366597033197,0.9247805992909962,0.9229351928853246,0.9216199315672337,0.922484716486079,0.925044426520014,0.9255730687743545,0.9169707610937061,0.9217249012237313,0.92397891446629,0.9244241032310131,0.9223748653816572,0.9207375757882682,0.9214105293907504,0.9240903130344417,0.9193543091227137,0.9221224052987378,0.9236922324399399,0.9248835455771912,0.9251577746179654,0.9264099946391138,0.9218276666550804,0.9261715334031425,0.9177570725288202,0.9242517540974559,0.9277138257070054,0.9220906641320861,0.9282751717446878,0.9208612542380508,0.919473843210207,0.9214710453605639,0.9161696772313965,0.9252180489131064,0.9246418535143153,0.9234801023121962,0.9226371527466193,0.9257615193553322,0.9218852259949416,0.922492108302486,0.9274994921434416,0.9211949844565683,0.9183267418023611,0.9260299521539241,0.9250457642317366,0.9231723673424377,0.9215039607244584,0.92255985821723,0.9275629039442006,0.9194444990614563,0.9236670972933412,0.9259096720306453,0.9204751302598575,0.9237882238143205,0.9249034099195341,0.9180945586306903,0.9268523631474249,0.924218706253964,0.923558445554487,0.9255466991667614,0.9203202039150363,0.9241691089917006,0.922326348146931,0.9247398869065117,0.9245311642788917,0.9239689120457945,0.9230527898589023,0.0026211623243315376,154
171.5303036403656,5.61100304293921,0.4419087052345276,0.020172858289585496,0.20270630725893457,12,0.55597474162952,2,4168,0.6060449834759736,"{'learning_rate': 0.20270630725893457, 'max_depth': 12, 'max_features': 0.55597474162952, 'min_samples_split': 2, 'n_estimators': 4168, 'subsample': 0.6060449834759736}",0.9192853590759678,0.9188893393027833,0.9150861673896036,0.9129807118829851,0.9161952459860209,0.9152174762320495,0.9164898412192046,0.9191166700075581,0.9164858543090444,0.9170104352581281,0.9159439272758045,0.9168260419802112,0.9204955833658842,0.9160035775234234,0.9106665276490974,0.9196308076615394,0.9136740206256425,0.9183714067757411,0.9164651150820282,0.9139431927938567,0.9162927205222989,0.9131454783173729,0.9191539165902547,0.9150262243620436,0.9176106155127314,0.9126747054718787,0.9186019811732382,0.916933915955366,0.9151441341556944,0.9176375692127905,0.915637202066807,0.9210409598031438,0.918793245924403,0.9164774539375248,0.9097851159545007,0.9193049620563086,0.9212450931851021,0.920211073409945,0.9172334894847075,0.9147071727087688,0.9179596434854332,0.9193185006324719,0.9118685263415233,0.9138661169281083,0.9151182973716346,0.9173086587100463,0.9153491033524909,0.9167419300988113,0.9166011551639431,0.9171306209277346,0.9161172186695868,0.9164150088430079,0.9175506954898925,0.9163038142508134,0.9159902253888997,0.9206494861120469,0.9164323447784741,0.9173705199114339,0.9137399001509197,0.9164979485276518,0.9182040854765438,0.9144050301398996,0.919075599147481,0.9135314735867097,0.9100800585171396,0.9138031851887535,0.9126263323809085,0.92093567040699,0.9166802290693118,0.916053778346974,0.9148275672877931,0.9161654307031135,0.9111764269564766,0.9150112751845897,0.9205036025362442,0.9140067688529548,0.9140691730933485,0.9176377622103432,0.9169372489771178,0.9189369633476576,0.9164617671277357,0.9185613452886877,0.9200683790828842,0.9146032138571213,0.9143351639130931,0.9186361238158803,0.9149790102424157,0.914552717795214,0.9180564312319137,0.9164222829546091,0.9190883976539241,0.9157520382501886,0.9178996495125904,0.92138004287339,0.91227538739994,0.9202651496044176,0.9127398553044381,0.91505962142078,0.9129271262225379,0.9175572546141844,0.9164005266591267,0.0025624281388857257,181
487.31414840698244,9.163704614059471,0.8946754193305969,0.0574666814887117,0.06943579464540373,11,0.8571793203790363,2,4168,0.5486886124474373,"{'learning_rate': 0.06943579464540373, 'max_depth': 11, 'max_features': 0.8571793203790363, 'min_samples_split': 2, 'n_estimators': 4168, 'subsample': 0.5486886124474373}",0.9328610382536303,0.9309224038019758,0.9297588698031324,0.9267181586072852,0.9296939642736608,0.9290961577217605,0.930319277723175,0.9330957713934329,0.9311721619001749,0.9278814251693348,0.9310089460719666,0.9310085923481661,0.9317864256067145,0.9255647189064149,0.9282035707222612,0.9285731982450954,0.9251040625301661,0.9329228687934827,0.9277798964134057,0.9284302349857217,0.9277356298982368,0.9267935441131725,0.9329710753906952,0.9306994479993862,0.9303668908824093,0.9291151952197083,0.9322702253713369,0.9292426712985062,0.9289247805679441,0.9318277066964724,0.9298909127812384,0.933180188587023,0.9332221927152432,0.9328584133914489,0.9249299613962902,0.9301579153408999,0.9326773447143341,0.929618805126095,0.9306902968213733,0.9278001426882722,0.9309321162029607,0.9343883829808962,0.9249519280517553,0.9274820299931762,0.9305252738192349,0.9311634178999807,0.9295468030433217,0.928998256763325,0.9295717707013167,0.930270166304584,0.9282567816636232,0.9306374452016531,0.9297956937332355,0.9316853920465455,0.930856671067088,0.9330169451602237,0.9313147433813047,0.9318636906602147,0.9279323746420822,0.9309890252373182,0.9331161670071451,0.9286988187413711,0.934775060182286,0.9300898866684207,0.925831957565395,0.9265368119043818,0.9271567064643028,0.9336688703604948,0.9322375092895514,0.9275755387410518,0.9285603547547346,0.9333541767422475,0.9270030347692416,0.9281982294293947,0.933758149509647,0.9290840306099561,0.926407845261404,0.9330545452820553,0.9288066084571048,0.9316332543394749,0.9293512323047408,0.931563853109448,0.9353223273525997,0.9254871905213403,0.9271544900193011,0.9335779829885724,0.9251976667213915,0.9287675178724238,0.9328103838428407,0.9261662872653686,0.9317763889025131,0.9288594331004167,0.9311936404848882,0.9313426518508114,0.9270547731667288,0.931815359026193,0.9260908865793371,0.9273570479025567,0.9304898865610282,0.9314239294710933,0.9299340447794815,0.002484341013471394,119
407.92778523683546,8.508870567074293,0.9577146220207214,0.0726699816172662,0.003191404586995293,10,0.6726086011394686,2,4168,0.6447630575364863,"{'learning_rate': 0.003191404586995293, 'max_depth': 10, 'max_features': 0.6726086011394686, 'min_samples_split': 2, 'n_estimators': 4168, 'subsample': 0.6447630575364863}",0.9344145768467866,0.9317396292989366,0.9315372480261255,0.9282049065100183,0.9281905757599876,0.929585811843995,0.9320321643958803,0.9341189543692747,0.9322356398619481,0.9285788406855464,0.9320497545766051,0.9317072961427239,0.9321630839915247,0.9296894937719821,0.9299557200308965,0.9315619929106755,0.9271734274735526,0.9329638156093999,0.9285635565685256,0.9308663858321101,0.9300341045611944,0.9281212318312329,0.9326476257124395,0.9310591933351178,0.9316404878893336,0.9272918969888473,0.93364986809548,0.9305064336951081,0.9291562392360014,0.9328050550300278,0.9306214885743316,0.9350517837747917,0.9327327278600979,0.9323721317460021,0.9251334541259273,0.9308687481319873,0.9331318467765561,0.9322710437088365,0.9301352456204673,0.9283736815323812,0.930814958141216,0.9342407458667192,0.9281818071271557,0.930146705470842,0.9302114915091075,0.9318262069992143,0.9297396960180716,0.9294776515619805,0.9300601772424386,0.9322921017599074,0.9280169969020954,0.9302952211452669,0.9302991150372176,0.9330579584730538,0.932008430920697,0.9334078609117963,0.9315325288503989,0.9319223295482872,0.9281927309777179,0.9309869031682779,0.9327666313171297,0.9304599363957319,0.9344747576104842,0.9299709834509049,0.9279688603857578,0.9282298287841295,0.9270307386250473,0.9354386321622663,0.933767597149727,0.9298294069023391,0.9297987522087846,0.9335783963822473,0.9269370117497748,0.9290954556518097,0.9349490688795998,0.9293919045377431,0.9264640031386997,0.9339458624998429,0.9314322912452361,0.9325940880324624,0.9293367234344819,0.9331101224745851,0.9340914790866233,0.927583774478512,0.9278336348512832,0.9349309802173871,0.9270594205308826,0.9297722678844251,0.934098585757115,0.9274053477713392,0.9323222374349006,0.9313955894149718,0.93192625536667,0.9330154320134478,0.9285683705305514,0.9321917250757761,0.9278387556268521,0.9284453638083203,0.9316201162156951,0.9317739678821891,0.9308409313732986,0.002290063247496369,106
483.22502515077593,10.454653914495157,0.7675334143638611,0.06187726150064344,0.004799562611044572,9,0.8559137093499958,2,4168,0.6569698307914021,"{'learning_rate': 0.004799562611044572, 'max_depth': 9, 'max_features': 0.8559137093499958, 'min_samples_split': 2, 'n_estimators': 4168, 'subsample': 0.6569698307914021}",0.9348741000917231,0.9330976565267968,0.932042034445753,0.9288580480009789,0.9291466459515829,0.9302874166312047,0.9333192899919163,0.9345478186266271,0.9327564922124956,0.9291711306541036,0.9325226829685227,0.9324780015790054,0.9331118042740039,0.9302389980696467,0.9308929646850458,0.9321366219172059,0.9276803739872451,0.9341340255293666,0.9289652489630261,0.9309321447823338,0.9307224694767954,0.9293246568130324,0.9326109394409483,0.9322430306460076,0.93275212852822,0.9283725452713053,0.9344037387601466,0.9311329079869719,0.9300081171393979,0.9335489034365078,0.9310000557479875,0.9359385170246912,0.9337892063896288,0.9328855736719183,0.9252565099720882,0.9316359270156199,0.9337492323166098,0.93178253437211,0.930689321497429,0.9294784659101042,0.9320651414635952,0.934838755467921,0.9283205469143523,0.9304473847774033,0.9315076972955376,0.9331298561197945,0.9304255876785856,0.9299754497653746,0.9303179162000793,0.9330314279736969,0.9285267137617629,0.930382313214517,0.93136892300332,0.9339683470755515,0.9328153737726763,0.9339377454168669,0.9327523168920671,0.9331627809589553,0.9288775805500639,0.9319727310943312,0.9339583776188117,0.9310841565579537,0.9357713802377574,0.9313995948171151,0.9281786603950138,0.929172650945242,0.9276806246868088,0.9358463770133388,0.934606865620579,0.9297484788375842,0.9306533771070452,0.9340697704077933,0.9278059342486138,0.9297018655516063,0.9348763173041437,0.9303107153731416,0.9278760064944777,0.9343719376353182,0.9325663148127257,0.9325856682000497,0.92988888655733,0.9336125967818959,0.9349632115481552,0.9275781193600505,0.9292588987292141,0.9356602214976529,0.9281732820388169,0.9304705276773968,0.9348280211585976,0.9285700011270281,0.9332540267967169,0.931459046974033,0.932409971592776,0.9329270731398698,0.9300673023069461,0.9327818366247642,0.9281263691216923,0.9293404398498648,0.9323495112770793,0.9328908173188432,0.9315521810604642,0.0022909170155286734,96
376.55605786800385,9.454716961641491,0.4715611672401428,0.03356300120841772,0.02319146980125873,7,0.6303748161446907,2,4168,0.9444780933334733,"{'learning_rate': 0.02319146980125873, 'max_depth': 7, 'max_features': 0.6303748161446907, 'min_samples_split': 2, 'n_estimators': 4168, 'subsample': 0.9444780933334733}",0.9394324697624474,0.9369330054523851,0.9359157313725005,0.9337583176096509,0.933165111369874,0.9340464236019691,0.9376098616099586,0.9390909644853873,0.9374015336852184,0.9339626772698966,0.9362601836335072,0.9363571562798365,0.9376866056018328,0.9366683602147259,0.9351025800752657,0.9358860696602055,0.9315658558278066,0.9377469607744275,0.9339011670507937,0.9364880757691523,0.935041916218708,0.9340776831841537,0.9380235249091042,0.9347210101140296,0.93763349394939,0.933206261977425,0.9386785729478248,0.9354354732028508,0.9340011391378154,0.936896638628688,0.9349605489274738,0.9393100020775548,0.9379796935732434,0.9375844502836415,0.9298419848792886,0.9351234707201328,0.9379645854506714,0.9364163022919938,0.9356758692285532,0.9337226508431105,0.9363153172944827,0.9388530971764866,0.9319691498383126,0.9346424720123765,0.9361339777335226,0.9377038876412853,0.9349580225592855,0.9351679676508126,0.9348580649670404,0.9378748702162912,0.9332805623785193,0.9358989813039605,0.9359100801947078,0.9378889175276515,0.9372591744542697,0.9388648235942797,0.9361521117228809,0.9368460677195027,0.9319730977848301,0.9369112104203804,0.936716540379786,0.9351005085685085,0.9399554778646466,0.9354010177959784,0.9328882101293338,0.9340442013919391,0.9329463638101537,0.93972715504655,0.9386115194915705,0.9344506875955461,0.9350909693727142,0.9384932048278674,0.9332712305556096,0.9342902501741888,0.9405257843411519,0.9343713826939042,0.9323729004610972,0.9385077950932673,0.9373762741401152,0.93828833601718,0.9339718409437932,0.9376838087285375,0.9389532118619675,0.9324284044030212,0.9343303012598093,0.9389071326964076,0.9325525582122264,0.9363614129370434,0.9388425540889287,0.9317968925234474,0.9377533583051744,0.9350621280571225,0.9356380997940924,0.9376173720391686,0.933678531828057,0.9353924783062576,0.9331456461569432,0.9352745634187927,0.9363395929033675,0.9375825873784268,0.9359047852343707,0.0022002866258376223,22
156.7923847222328,6.211637138565214,0.48995683908462523,0.026380742347256434,0.003356267169447912,6,0.40316034279043567,2,4168,0.6570271077026499,"{'learning_rate': 0.003356267169447912, 'max_depth': 6, 'max_features': 0.40316034279043567, 'min_samples_split': 2, 'n_estimators': 4168, 'subsample': 0.6570271077026499}",0.9180838257646636,0.9136873975733463,0.9128241798200459,0.9113310241911033,0.9071705914169177,0.9093088899232329,0.915087704099018,0.9176899650196699,0.9137255713402956,0.9088724030556357,0.9129266067983922,0.9138977862355486,0.914795428707968,0.9136369290361609,0.9093626572551468,0.9136533599337155,0.9097711488597731,0.9151100922963407,0.9104119385406596,0.9141997515789863,0.9107230875644764,0.9104631826807237,0.9153538060396327,0.9131544435227286,0.9145293246697692,0.9072680259189357,0.9180296351379404,0.9121770374941085,0.9109030456577498,0.9154780343721771,0.9098787619637221,0.9192826724323093,0.9152233435248986,0.9133285614900767,0.9065996546273032,0.9126716434056911,0.9157956340908224,0.913979072614667,0.9112689894402,0.9109024287527803,0.913185369476421,0.9168830363151441,0.9078372922140789,0.9134418396068139,0.9127860167088915,0.9149438085115732,0.9122467738202878,0.9103367443018554,0.9120883442798573,0.9132996223693703,0.911152457982322,0.9115224223579426,0.910626387490353,0.9155912358351829,0.9144648222860756,0.916251651898042,0.9140842457779224,0.9132452378552562,0.9074160532311435,0.9129556167054058,0.9121129675484722,0.9133733938354047,0.9182526519678549,0.9118797063508777,0.908489530699025,0.9107257698465957,0.908017003608786,0.9181754796430258,0.9162535224676339,0.9118270240705458,0.9116023037115571,0.9159824342886485,0.9080791776531999,0.9100644590185366,0.9172303538784327,0.9104956306748344,0.9078624601623414,0.9159289229748067,0.9144119486733455,0.9154208157174891,0.9096916363707698,0.9164627157041966,0.9167105178995646,0.9098367805079622,0.9100930279266899,0.9185133002794502,0.9077304451188565,0.9125967335107087,0.9157958646445895,0.9083438989712103,0.9137133920088053,0.9129867683497399,0.9132303320800014,0.9152516132753359,0.9115252256526943,0.91391598359775,0.9090575299538854,0.9114924477013516,0.9140472966938352,0.9140594958060201,0.912781571787161,0.0029598185774787618,191
244.51569266557692,7.486500401652785,0.42601645946502686,0.025815728242467667,0.016189743372400367,6,0.53528123200517,2,4168,0.8397857166533368,"{'learning_rate': 0.016189743372400367, 'max_depth': 6, 'max_features': 0.53528123200517, 'min_samples_split': 2, 'n_estimators': 4168, 'subsample': 0.8397857166533368}",0.93595006481453,0.9324122774589787,0.9315953419682835,0.9291615190420095,0.9281326776312895,0.929145868246217,0.9331561449937849,0.9349945690657757,0.9323190376658645,0.928780775914932,0.9317733021103178,0.9315647251164312,0.9336108498455824,0.9316971447674935,0.9294298358479998,0.9319199339253731,0.9276966440025203,0.9343051160025823,0.9294252943556227,0.9323750721921609,0.9309042002241248,0.9304666279160845,0.933760690968498,0.9306445642802517,0.9333460131655105,0.9287252609688801,0.935246590414926,0.9310760265495761,0.929663410776665,0.9327014486728301,0.9308609481653901,0.9361680834396915,0.9334605822430212,0.9327373531871807,0.9257095664523994,0.931086595211399,0.9335573588550766,0.9322125526138478,0.9312243172070115,0.9293972825984553,0.9317534422462891,0.934525459989122,0.9279556018804185,0.9307300937301278,0.9317177687029663,0.933760162793486,0.9301776101092892,0.9303602093717676,0.9307522739086976,0.9330898564635581,0.9290114661208448,0.9303711867300795,0.9306507806008615,0.9338276235657939,0.9324503754246071,0.9354329787098649,0.9324365901619891,0.9323790700935606,0.9274336164539837,0.9327800620439392,0.9324704457597988,0.9309731335406376,0.9357833617428898,0.9306111113866038,0.9283478760124256,0.9301960451337763,0.9277615611501814,0.9361015772438298,0.9356097125089093,0.9300767721693668,0.9302221372674538,0.9329017530915062,0.9278152480786295,0.92954894562001,0.9365480274665765,0.930842394323118,0.9273058193276649,0.9340121255217015,0.9335824092325481,0.9336585513724223,0.9289640110611099,0.9336719071500852,0.9350038902505189,0.9281605846261798,0.9295271168865794,0.9357001183327034,0.9279525771125238,0.9315794308166574,0.933935517613798,0.9275466470442693,0.9328453593089523,0.9317880628914744,0.9316642066318721,0.9327182735122953,0.930368513957974,0.9317338279354338,0.9289710631697365,0.931017249500715,0.9321593558198782,0.9328314313372167,0.9315650005088985,0.0023729805504213095,95
187.07638456821442,6.83762313493721,0.7513661122322083,0.05253216221598446,0.054788337132392936,9,0.34776668222138757,2,4168,0.6997728671267625,"{'learning_rate': 0.054788337132392936, 'max_depth': 9, 'max_features': 0.34776668222138757, 'min_samples_split': 2, 'n_estimators': 4168, 'subsample': 0.6997728671267625}",0.9410998370133816,0.9371812599912989,0.9374009133051026,0.9333531384240131,0.933970318386103,0.9347181850908586,0.9369581807026944,0.9394757138015629,0.939253643745018,0.9347094775397246,0.9362167028074028,0.9365356000094752,0.9391848371202913,0.9357811207598864,0.9355462161751484,0.9361263997509276,0.9324685483635744,0.9383897156008796,0.9354369799538973,0.9367878796854234,0.9359359890518544,0.9350822690529845,0.938758584965053,0.9366276266998101,0.9369107403023582,0.9343832635304228,0.9383857362118726,0.9360022809513863,0.9342273025955429,0.9380391217123347,0.9361742304334725,0.940533800471422,0.9378777670018409,0.9377712962703936,0.930782271282204,0.9361870967719005,0.9378578198610448,0.9369843628096135,0.9367225527194994,0.9341657778923665,0.9376540629801822,0.9406280441666542,0.9322753649319262,0.9356980763124954,0.9357828153038499,0.9370027474414773,0.9359483146135896,0.9355848102171906,0.9365680883286849,0.9388543963671756,0.9335468259630686,0.9359260474425383,0.9365561705436106,0.937493201288488,0.9380631055698607,0.9391043854285818,0.9352746741106793,0.9368986866225555,0.9336705562713413,0.9381775819013392,0.9393519990689466,0.9345543302927498,0.9403813868217861,0.9348195047207284,0.9325087041124156,0.9336813580839511,0.9343634784629541,0.9403466190885226,0.9384212931679088,0.9357826024822721,0.9350415799947331,0.9390492684708246,0.9336815280204152,0.9351469592643223,0.9414166593363629,0.9360757924712622,0.9329701251509239,0.9390709588922581,0.9380004233051695,0.9386205533690167,0.9361724561609958,0.9370227081588166,0.9390467566344872,0.9341041860723751,0.9341207297590967,0.9402938956661017,0.9320284365694708,0.9367260902405354,0.9393891756461588,0.9315265950743193,0.9400295811812001,0.9373461004719152,0.9365515493443173,0.9387458821785757,0.933842567381037,0.937690685809888,0.9337342329286868,0.9352750772741433,0.9371882345839914,0.9374538348977192,0.9365228641523069,0.0022808077028394296,17
487.6252984213829,10.203347523422364,0.5149996876716614,0.03228531159075785,0.06153412392775783,8,0.8128183149846561,2,4168,0.814862939539932,"{'learning_rate': 0.06153412392775783, 'max_depth': 8, 'max_features': 0.8128183149846561, 'min_samples_split': 2, 'n_estimators': 4168, 'subsample': 0.814862939539932}",0.9395087691352212,0.9375660164476672,0.9358226287851149,0.932889461772036,0.9340801061902942,0.9356561102831351,0.9370313378187861,0.9380049309478034,0.9367182994717169,0.9333302479650962,0.936848879172411,0.9364640069050232,0.9386620642553485,0.9352989666939396,0.934459687788533,0.9347411252173908,0.9314711826475908,0.9369297561252797,0.9337988519109963,0.935523049516155,0.9352860708870704,0.9341977342695045,0.9379667869514022,0.9358318569832245,0.9369864248229144,0.9330008690800504,0.9369517578064586,0.9347361459984467,0.934357339805741,0.9374446945070791,0.9356742422670865,0.9399482061086366,0.9378742450961144,0.937587154736387,0.9301004162445436,0.93601244809497,0.9383283581024476,0.9361781164758858,0.9352219665845676,0.9345329948984676,0.9355732128911123,0.9392131603051936,0.9307991152519435,0.9346892259150482,0.9352235021934645,0.9387329359085929,0.935010316189709,0.9358629715650819,0.9352505555191559,0.9377195430804417,0.9330054982679626,0.9357005534565926,0.9364248259714513,0.9378069952814765,0.9354118152053355,0.9384097340987643,0.9369560808388961,0.9379307142931513,0.9330080382903811,0.9362901421720062,0.9377769336444545,0.9338754953194999,0.9391938467827458,0.9361434610174204,0.932712637008246,0.9338508043204679,0.93373546819862,0.9394111845692784,0.9383073817956612,0.9345013113008531,0.9349774927363631,0.9378325762580655,0.9319353757658877,0.9337754784870524,0.9397064809080762,0.9354034029706316,0.9327950931634209,0.9390959844109884,0.9375918059320538,0.9376460304966878,0.9338471221542292,0.9375686396372367,0.9390121856506546,0.9326703689465465,0.932841378349081,0.9392513692554818,0.9330688926308702,0.9350597933559732,0.9388781989629149,0.9323648592900192,0.9372420016365577,0.9358381704254611,0.936169917972589,0.9367463706333349,0.9331486167798625,0.9364562783337679,0.9316952412996351,0.9354434994670372,0.9361730784868366,0.9372906535215291,0.9358307712734237,0.0021987072071789565,24
301.0006329512596,4.702748300653509,0.9455556845664979,0.08594083952021468,0.08604354073824311,11,0.3991872014862037,2,4168,0.7122797082916403,"{'learning_rate': 0.08604354073824311, 'max_depth': 11, 'max_features': 0.3991872014862037, 'min_samples_split': 2, 'n_estimators': 4168, 'subsample': 0.7122797082916403}",0.9348787722797925,0.9331705694579454,0.9315464870389245,0.9289550185427783,0.9299677088275413,0.9323066629308949,0.9322385079448174,0.9349727778312684,0.9328469425670374,0.9292454608682627,0.9309041915641102,0.932068276825353,0.9330757180330378,0.9312265892371123,0.9299444009510504,0.9308416034884367,0.9252578375919294,0.9345129258437114,0.9301653659561938,0.9306577979243403,0.9317889420502276,0.9284835064159935,0.9350734965069657,0.9314568485081678,0.9333436742218347,0.9281633571787088,0.933472848168704,0.9304110303605589,0.9301114223868535,0.933641958927939,0.9318093785921893,0.9355341253731182,0.9337479771026282,0.9334999534346448,0.9255931446578199,0.9318943832764978,0.932159668079529,0.9328152840194154,0.9309642785732515,0.929906595061766,0.9319517301349445,0.9350100289086403,0.9274881582408437,0.9313995053839911,0.9313998969232091,0.932511249673741,0.9309391605914139,0.9305764788605452,0.9308073582121792,0.9335992919006167,0.9287826818625985,0.9314694610928409,0.9311400014602795,0.9326833248544825,0.9319724141996657,0.9329043473796216,0.9301845025295823,0.9329224179464104,0.9287901830462576,0.9317186196966941,0.9324819692208309,0.9299120016668999,0.9359457716040215,0.9312288027982115,0.9287453601110534,0.9299057765006647,0.9267231212194554,0.9355000171529595,0.9334221759955431,0.9306034194962227,0.9294539738793972,0.9331205663201391,0.927244206190615,0.9287993747693359,0.9357863700362276,0.9298007570883218,0.9282465497000658,0.9330432461786838,0.9322571283228397,0.9324713124174394,0.9307865330701475,0.9343333692979953,0.9337379707433544,0.9291870206662457,0.9286771157095289,0.9354404334880343,0.9273132981270243,0.9308133426157251,0.9362132985188565,0.9291449242734673,0.9339165004123345,0.9303166908844043,0.932496135664824,0.9337904772530681,0.9280858364038572,0.931657752270502,0.928478740142653,0.9302800838877378,0.9317300634569804,0.9336229961604892,0.9314562078521608,0.00233313308353651,98
684.5857219266892,8.082155391289582,0.9247314381599426,0.060554746191849876,0.016322835066573,12,0.7497917001202787,2,4168,0.7769314170068949,"{'learning_rate': 0.016322835066573, 'max_depth': 12, 'max_features': 0.7497917001202787, 'min_samples_split': 2, 'n_estimators': 4168, 'subsample': 0.7769314170068949}",0.9329852320117031,0.9308731830384674,0.9307882152714941,0.9281281563337925,0.9281844446261414,0.9291059886890101,0.9310162208616267,0.9329361642179181,0.9321029765242007,0.928262926883484,0.9321173902369007,0.931446126772143,0.9315530676400269,0.927791361867757,0.9298046682514689,0.9309422481122975,0.9255830764809256,0.9317445395670735,0.9279744979455689,0.9301926176643291,0.9291383235043238,0.9270568126339749,0.9321796289608146,0.9306557128085566,0.9307002138383009,0.9270525320929703,0.932681536837235,0.9303425770237259,0.9280896488779989,0.9324382441552047,0.9310810364076713,0.9342301187729202,0.9321274703282001,0.9328958115617162,0.9243910741086151,0.9295310344610668,0.9330985845584199,0.9315218585877779,0.9298507426954887,0.9278145867805075,0.9304547214741598,0.9333665210332407,0.9281001659257034,0.9287185091278575,0.9304314360006704,0.9315565945927521,0.9290187379052265,0.9295679683140583,0.9303171224484733,0.9320714766770319,0.9274439017666924,0.9303458475037015,0.9303594909594517,0.932425682415177,0.9315901264025901,0.9321598146339585,0.9319015378051041,0.9317396789781967,0.9288365495396089,0.9311144882341454,0.9337374052864217,0.9292465651852269,0.9336072730210143,0.9301272818759385,0.9289452320253289,0.9274348499519404,0.9266274008520596,0.9344457832563989,0.9327292615340947,0.9290032319530113,0.9291472028054617,0.9333949638193573,0.9259421960949641,0.929284929416097,0.9344636257603036,0.9293533396933462,0.9266395563390162,0.9335686366698168,0.930030559926403,0.9316903343803546,0.9292600156231859,0.9323394038021855,0.9340485971053865,0.9277224168196831,0.9266280024992941,0.9345912369998004,0.9267130774709245,0.9297108289813113,0.9334940809988493,0.9271579853039379,0.9315232072762378,0.9305249093827592,0.9315875306008452,0.9322413550134244,0.9271914878129738,0.9318861744012754,0.9264935159239004,0.9264987489843285,0.9302878011419522,0.9311163951049588,0.9303236742482339,0.0023044693138673756,112
389.4143750691414,5.596199665041579,0.5006480050086975,0.04374220220623744,0.01584691190537599,7,0.6872650252991945,2,4168,0.8354288260409601,"{'learning_rate': 0.01584691190537599, 'max_depth': 7, 'max_features': 0.6872650252991945, 'min_samples_split': 2, 'n_estimators': 4168, 'subsample': 0.8354288260409601}",0.938262600727747,0.9362919803115235,0.9346579458485506,0.9320779658346615,0.9310939247620345,0.9329652530081879,0.9361839672388017,0.9377027776699094,0.935577522084521,0.9318896955988539,0.9352081478795128,0.9353233740385312,0.9366110111122781,0.9350206468408454,0.9330552275536316,0.9342875183798326,0.9304627191239847,0.9375726423342448,0.9330741095917595,0.9349985374675529,0.9339568718539619,0.9324898342984664,0.9365139532043452,0.9345497732002573,0.9352635389613269,0.9317942569917013,0.9378560821615882,0.9341207274014898,0.9329958563754338,0.9359590527358522,0.9339957019335268,0.9386518008748778,0.9366904746935263,0.9361443616119545,0.9294381218775424,0.9344484098682625,0.9372302898205715,0.9354374687326245,0.9344888464676478,0.9324427981598068,0.9352561679969192,0.9380815626594429,0.9309795859125205,0.933052689865127,0.9353972336833403,0.9365421764680066,0.9329159922495908,0.9337157037349861,0.933245930276688,0.9367540100954589,0.9317053474233529,0.9331560353998828,0.9344678903952652,0.9371469580947218,0.935417366791129,0.9374178334278226,0.935055566353441,0.935282007187128,0.9310977730253223,0.9357325197284824,0.9360929880579046,0.9336781066503927,0.9387696418889592,0.9347179195682119,0.9316122564886494,0.9330352338115471,0.9312784069804076,0.9386202963778837,0.9373250364394445,0.9331627612072467,0.9334936777017234,0.9365607396228962,0.931125014586943,0.9324062398038833,0.9394076398085409,0.9330841094180231,0.9309875616171082,0.9377289804858173,0.936497002938707,0.937015112059756,0.9324031885183953,0.9368297548985567,0.9386829079165196,0.930534487564346,0.9330983893006602,0.938375096604718,0.9309539970917144,0.9347439384927337,0.9377509351254679,0.9299306303104861,0.9360473276205096,0.9344452097038646,0.9352001405825305,0.9365124138395202,0.9336206692997516,0.9346982250778382,0.9316700954059962,0.933747930647918,0.9351807778680102,0.9358934800945663,0.9346612446087849,0.0023276589680564525,42
618.9830030202866,14.090125869311256,0.56618243932724,0.027731971579484427,0.05355380716983466,9,0.8516759306417123,2,4168,0.8267151299576464,"{'learning_rate': 0.05355380716983466, 'max_depth': 9, 'max_features': 0.8516759306417123, 'min_samples_split': 2, 'n_estimators': 4168, 'subsample': 0.8267151299576464}",0.9377788612413404,0.9356369566959313,0.935193762245793,0.9314003466645067,0.931899835800746,0.9344927681916755,0.9357397479043248,0.9367242955400011,0.9358642110418554,0.9324685065160147,0.9353627010471303,0.9349628025419708,0.9362630657100559,0.9328263356641042,0.9349438659507004,0.9343834252800423,0.9307443400218781,0.9364946489218027,0.932525240609698,0.9340199238730149,0.9354510864674446,0.9326773544889885,0.935652972409625,0.9336307319044613,0.9363999641265925,0.9315106394814461,0.9370308954489188,0.9340968168218171,0.9333526986749887,0.9360768345758679,0.9341916771475517,0.9384502771726393,0.9363229290458835,0.9360406308659047,0.9282986570611017,0.9337920316291668,0.9379885395159822,0.9345118042217494,0.9345989536618386,0.9325912522321717,0.9345335382506775,0.9377090976169264,0.93141715760703,0.9316801477843861,0.9343634340041295,0.9366693257895103,0.9331481889009777,0.9348746735285326,0.9329223939826496,0.9357205318886739,0.932352991756562,0.9336303509006553,0.9347579133502513,0.9365379523759467,0.9355377018464608,0.9363451524954164,0.9346472336358608,0.935748419826415,0.9327938961009152,0.935323429619107,0.9371366179434081,0.9342714282651551,0.9385466816257424,0.9341206604939107,0.9316194790284018,0.932402563933074,0.9309744164679321,0.9371815161032379,0.9362176062744603,0.9327753559647219,0.9351672913570658,0.9371187983665441,0.9311212136402244,0.9326069816793098,0.9374656539429731,0.9330752326108819,0.9304850249873472,0.9378611958676871,0.9352292429244371,0.9349060626524633,0.9334030304915426,0.9365395238170681,0.9377245951189567,0.9309091010686146,0.9320958436291741,0.9394180026159401,0.9314475988213403,0.9322949336654608,0.9374947259232949,0.9312044115124263,0.9363228820578012,0.9352219204253353,0.9362934101812773,0.9368167880801502,0.932340042379518,0.9359073543678558,0.9303428361479533,0.9319844359803338,0.9351289311330968,0.9363149788023423,0.9345259429002627,0.0022263677621622226,47
372.76924760103225,10.592033759505176,0.560457820892334,0.04100834009178982,0.20219609705389646,8,0.6457866927126358,2,4168,0.7119526142089139,"{'learning_rate': 0.20219609705389646, 'max_depth': 8, 'max_features': 0.6457866927126358, 'min_samples_split': 2, 'n_estimators': 4168, 'subsample': 0.7119526142089139}",0.9301421203964342,0.9270483266386962,0.9255250146282431,0.9232763545700631,0.9232692117275693,0.925142901304971,0.9261284399678892,0.9287528349986416,0.9250704362217012,0.9236444198568605,0.9265175441220359,0.926970188571371,0.9290448805117715,0.9243577381164618,0.9239424487995815,0.9234597312335142,0.9201896142695194,0.9290062236332913,0.9250414334123214,0.9241685692226955,0.9235066080548943,0.9243387426944225,0.9262920124267104,0.9281604993350505,0.927568095073686,0.9234465785741482,0.929673889630387,0.9257901848913632,0.9245477952674774,0.9240815514627794,0.9248465153924708,0.930888108063243,0.9290766353903046,0.9277509373440421,0.9213359680665968,0.925032577973676,0.9269196268102498,0.927230384124229,0.9251208168541227,0.9253481116078411,0.9274613198113153,0.9320766135597569,0.9196602301372481,0.9220539232723767,0.9252722366361906,0.9278681483656813,0.92315242654979,0.9270078344873272,0.9250723851426548,0.928630858755408,0.9209126355504672,0.926393946986378,0.9251420979857933,0.9252835891803338,0.9280668489726714,0.927849422214286,0.9246807685291479,0.9265959014100686,0.9221598206391927,0.9249986084420462,0.9258183630889489,0.9238205652779139,0.9275406377198895,0.9263361964897969,0.9240578680743115,0.9242689556027537,0.9215380071451151,0.9274635023354804,0.9273084981002813,0.9250890672661254,0.9258638862631818,0.9253634859020095,0.9244882576682509,0.9243049524298386,0.9283911541253255,0.9263769512360057,0.9238514571653647,0.9281419896424175,0.9242773107067103,0.9263475423831331,0.9253121992552915,0.9282053962192697,0.9298201862083882,0.9218363062897195,0.923210769615354,0.9289072153082542,0.9224986020084134,0.9253342521300767,0.9308564640044646,0.9225702776276515,0.9272028587816045,0.9250750019653191,0.9267124176089437,0.9292648809639086,0.923486417080092,0.925730881330732,0.9220379859161174,0.9257457915581614,0.9267673959116742,0.926380070711143,0.925695977069869,0.0024180118833307266,146
250.6316627573967,8.847636020256074,1.1426295399665833,0.07976040233125711,0.030201149519229455,12,0.44571937758017954,2,4168,0.5528977566463089,"{'learning_rate': 0.030201149519229455, 'max_depth': 12, 'max_features': 0.44571937758017954, 'min_samples_split': 2, 'n_estimators': 4168, 'subsample': 0.5528977566463089}",0.9370922240777423,0.9342429237551232,0.9340059855392068,0.93073427337852,0.9320327196046213,0.9334279657522436,0.9358071242012105,0.9375639436585583,0.9363099514697906,0.9323808901160698,0.9346191855348713,0.9349481088840913,0.9364299540203864,0.9323243752638012,0.9336891688414309,0.9358589918126258,0.930372426469902,0.9361914266086944,0.933200887227518,0.9344293679390547,0.9340352618557588,0.9315907278342941,0.9361059944787717,0.934065687190248,0.9347018600467168,0.9317540658902316,0.9366151545879321,0.9349029992934295,0.9328415079364825,0.9360117737058876,0.9337337078788551,0.939266687944951,0.9357834124186837,0.9356478983107297,0.9296878756519921,0.9346442523455405,0.936104743565766,0.9350249219609913,0.9342052397808613,0.9326908981020736,0.9355744793546771,0.9379522094711037,0.931377694202735,0.933079597732597,0.9346367604684658,0.9350164508753875,0.9333231139931458,0.9336900675637052,0.9345323906097982,0.9371339288397691,0.9309967296231596,0.9350536104179324,0.9345247123181503,0.9354367153001985,0.9352298247026458,0.9363707497721152,0.9340753572343202,0.9348638472010236,0.932728994269987,0.9352228473377278,0.9376865372923776,0.9336960486203035,0.9382978935326676,0.9331295140097946,0.9317961548226796,0.9319153154560169,0.9312857885604262,0.9379382272006129,0.9371503773196489,0.9333191869334584,0.9324364345739486,0.9366619709348364,0.9292164148241535,0.9332464972763476,0.9388024606567088,0.9326106617221765,0.9305179778890764,0.9366568592967209,0.9348369660493859,0.935686684815389,0.9332567963417251,0.9351121520328883,0.9380501087804238,0.9305865826145228,0.931767124394105,0.9381388527227532,0.9304839018082957,0.9348465029680789,0.9375341972599393,0.9309081998653216,0.9360836870937739,0.9339488090959852,0.935229616744213,0.9372138654293348,0.9319226819914322,0.9345945998056188,0.9324648255435197,0.9321704360300431,0.9351125060081724,0.9349717553540966,0.9343718181989529,0.0022113130778979606,51
481.26528251886367,12.088473113383778,0.5321813821792603,0.028841375204471026,0.029271953442410396,8,0.7536264877232794,2,4168,0.8066003212782946,"{'learning_rate': 0.029271953442410396, 'max_depth': 8, 'max_features': 0.7536264877232794, 'min_samples_split': 2, 'n_estimators': 4168, 'subsample': 0.8066003212782946}",0.9399267669284903,0.9381387777250609,0.9365190880061804,0.9345741885784834,0.9351930452624923,0.9360106826873615,0.938044416166304,0.9394947640819599,0.9382829578504925,0.9351524446145711,0.9368019784874781,0.9368455319645116,0.9390976438033543,0.936276571952509,0.9362326041509312,0.9360576179976192,0.932408244400112,0.9402634987135475,0.9353066551774682,0.9369157143201925,0.9366059085398143,0.9346271310052051,0.9378726270210647,0.9374996009264496,0.9375127445947155,0.9345172363357942,0.9400157915618338,0.9364917923878994,0.9351332393589353,0.9382225837598493,0.9358604169450406,0.9399004514675696,0.9384658279169538,0.9390853484976295,0.9317413735685722,0.9366734629625604,0.9388348624633,0.9370575987304937,0.9364096132164408,0.9353923360189292,0.9372717790622725,0.9405693024373646,0.933617098609766,0.9350974515401593,0.9367058392465231,0.938038668772501,0.9355480118710555,0.9370439055035878,0.9358894022610476,0.9386029269627472,0.933746544796501,0.9363502432727313,0.9374113725390123,0.9393589963715689,0.9383404164367435,0.9392506973588187,0.9376096638859612,0.9383256294646618,0.9338340261672653,0.9373840129487001,0.9394688595600172,0.9362872868872687,0.9405510206038519,0.9369771413952321,0.9334989090414404,0.9352999790462171,0.9330393661846844,0.9406920511191331,0.9395022667250409,0.9351860797667079,0.9364126789117821,0.9393043252536933,0.9340591201642726,0.9348172097915459,0.940790760056092,0.9364503369915286,0.9339598165733398,0.9393960740369552,0.9380668516771323,0.9389805398214597,0.9351534097245668,0.9382002855577818,0.939640587168291,0.9330701191516907,0.9359519535688835,0.9407971447002834,0.9337365094878095,0.9366131774661102,0.9405062844975604,0.9333506973973056,0.9389379740106085,0.9365778837317502,0.9375074017671841,0.9387219555817523,0.9351904071038113,0.9378899805759964,0.9328035901711891,0.9364230543360612,0.9372894670172743,0.9383902845033852,0.9369495197078386,0.0021435845219830965,8
176.18275891304017,6.7255725338233106,0.5578669166564941,0.04587796447955722,0.009826069993112911,7,0.38456564633196666,2,4168,0.636436732318915,"{'learning_rate': 0.009826069993112911, 'max_depth': 7, 'max_features': 0.38456564633196666, 'min_samples_split': 2, 'n_estimators': 4168, 'subsample': 0.636436732318915}",0.9368142100417155,0.9334589824296032,0.9321413729627317,0.9295920567003997,0.9297634114488671,0.9301745022863267,0.9340810055426213,0.936075667546656,0.933469640170356,0.9301273447350784,0.93257585116697,0.9327022240841409,0.9340866599408169,0.9323521453698798,0.9311223511404545,0.9325874166701404,0.9297818902821569,0.9350602734389284,0.9304526801317591,0.9324820479945947,0.9314625202426892,0.9305513857568599,0.9352285794409941,0.9319176463095027,0.9337918461716409,0.9295161613597439,0.9356274179627914,0.9322810790001479,0.9308563337423894,0.934175691251192,0.9314155288238507,0.9371205387544191,0.9340981618420602,0.9337558933717222,0.9271643228062623,0.9322726684326914,0.9347939270305857,0.9340311756706401,0.9318270904895926,0.9301837661034843,0.9329993936564738,0.9359907228319656,0.9290004177927705,0.9318606629814858,0.9324301005874114,0.9339085438506666,0.9315763565160189,0.9310554090208193,0.9318069808312147,0.9341455820549682,0.9297615589970807,0.9313174370253338,0.9319358890651545,0.9351433180378145,0.9328415598496376,0.9358899723448717,0.9327851420974108,0.9328034700395871,0.9289399863863955,0.9328584644046701,0.9340208588824113,0.9319563014179714,0.9367079761977946,0.9318657029240793,0.9291169210866729,0.9303030535583227,0.9282588635888743,0.9365668279676532,0.9356181731979631,0.9312845083879864,0.9314777204106434,0.93411630962875,0.9287115339150723,0.9305805134868727,0.9375070931897795,0.9313920221635038,0.9279809325888535,0.9346978842671019,0.9336284479370724,0.9345848810313027,0.9301699920581941,0.9339426038140336,0.935783978142439,0.9291325979453775,0.9304970772383818,0.9365434200687281,0.9284105322545984,0.9327903643541512,0.9349141461838071,0.9284980527555963,0.9345314803338484,0.9323109077030735,0.932794189636106,0.9341216112578178,0.931236976149927,0.9333739402645331,0.9295157447047809,0.932322456989288,0.9333410192971023,0.9337719503071139,0.932484040043068,0.002318110505207411,66
172.80710394620894,6.408517530661156,0.4101917457580566,0.02515063818045515,0.0033572327977361665,5,0.46436425893378597,2,4168,0.6975992433574473,"{'learning_rate': 0.0033572327977361665, 'max_depth': 5, 'max_features': 0.46436425893378597, 'min_samples_split': 2, 'n_estimators': 4168, 'subsample': 0.6975992433574473}",0.909739562001308,0.9046196913874186,0.903908631555385,0.9027450369265042,0.8972297470293629,0.9001893640766672,0.9061055910395767,0.90887786908912,0.9047486365364197,0.8995285318717894,0.9033013616805975,0.9057989444191062,0.9058446246557327,0.9044930652755585,0.8993142093685205,0.9051519505774996,0.9003777020711452,0.9057810268714915,0.9019492455153549,0.9054573810383265,0.9019272559991705,0.901806171612394,0.9067240776723007,0.9043420200501954,0.905108605091114,0.8975645931155933,0.9096103709505184,0.9032106555033278,0.9017743960171583,0.9067044929375545,0.8997184943341769,0.9112534150380569,0.906748665834288,0.9045293683635781,0.8973569218985922,0.9038675783595561,0.9069076803898644,0.9050085652784254,0.9016547147032608,0.9019294526809322,0.9045845271835462,0.9078187786291295,0.8985614338650658,0.9041297094701918,0.9038609256423612,0.9066154896148582,0.9035751208568752,0.9007983584951315,0.9032040383646698,0.9039375368561686,0.9024876785879622,0.9027756273357244,0.9002540580890935,0.906660036157564,0.9065604614387175,0.9072311595363708,0.9060316362170913,0.9038980986581324,0.8975339560471017,0.9037367134901687,0.9025996972887587,0.9050607542519286,0.9096587456377219,0.9032004875327153,0.8987482469302537,0.901600742482672,0.8991399609911711,0.9091269959217203,0.9067575641723784,0.9033449554271383,0.9025301606083329,0.9077882971161603,0.8988931390702497,0.9007541152914758,0.9078586817770886,0.9016516927130647,0.8988910060270259,0.9070159099803551,0.9051892111066083,0.9065076453329488,0.900503677327692,0.9080303218181087,0.9078921050641541,0.9009523607353751,0.9008161912037846,0.9099680814019948,0.8982705773628709,0.903412754903195,0.906946199458624,0.8995456880008792,0.9035950839558304,0.9042872776210613,0.904331108075746,0.9065368502250154,0.9028355048263675,0.9050535206404917,0.8996606259466862,0.9023906176944884,0.9048083644977643,0.9059861076721706,0.9037930604144495,0.003206748141953723,198
380.79045312404634,10.10585644233191,0.6007710576057435,0.04051267295115055,0.00266058533728436,7,0.7843776713248867,2,4168,0.7334971504850345,"{'learning_rate': 0.00266058533728436, 'max_depth': 7, 'max_features': 0.7843776713248867, 'min_samples_split': 2, 'n_estimators': 4168, 'subsample': 0.7334971504850345}",0.9220506740739984,0.9195778101434856,0.9175470827436653,0.9153682125308193,0.9131717225163016,0.9149586104654621,0.9199667330839139,0.9216215808544351,0.9187588627261017,0.9139125592066015,0.9181120553071573,0.9184473662014333,0.9193923430733881,0.9177616483399151,0.9145865394129721,0.9181730643939329,0.9140068825979989,0.9201757589412731,0.9149057301837549,0.9179086245656879,0.9160430467206888,0.9157631203642589,0.919166418293623,0.918274829593611,0.9187738000209553,0.9128555756795157,0.9220093542442295,0.9169429300851369,0.9158153219584535,0.9199867858597925,0.9154443343879186,0.9230421642154686,0.9204144535223671,0.9184430771381887,0.9108683580995325,0.9177522685751709,0.9202538240423098,0.9182296621976548,0.9165528480335841,0.9150948446459183,0.9178009643280256,0.9211637452246406,0.9142327892531112,0.917079594733622,0.9177304198921111,0.9200606990119453,0.9164007519829399,0.9158628185438757,0.9162816626797394,0.9185253652464114,0.9152093946555937,0.9158359707235174,0.9165625713311472,0.9205164299899946,0.9189675552996833,0.9205842284313779,0.9193544374919713,0.9190455414403153,0.912666444537916,0.9173474377191695,0.9178657960943409,0.9175736682659683,0.9227459751298259,0.9171725068590361,0.9133694828570865,0.9153324238078349,0.9129983060745878,0.9224328255374473,0.9203845399879679,0.9158959095254666,0.9170036391012083,0.9209708303114627,0.9132256059155818,0.9146771039122523,0.9210631831454863,0.9154552387503507,0.913396678798062,0.920842039135213,0.9189692924468812,0.9196499897808317,0.9149378140600336,0.9211332084856532,0.9211962412140239,0.9139210313235446,0.9149483986590644,0.9229250314060874,0.9133459840956798,0.9163769490058912,0.920655508660357,0.913258303787321,0.9184792266807708,0.9176541770064891,0.9182783475219811,0.9192843587672274,0.9161216595829607,0.918971479804523,0.9136488321810508,0.916174506334106,0.9190416096911529,0.9188912475806315,0.9175362865284322,0.0027325715317101317,175
664.5137705802917,14.41737222051043,1.325768654346466,0.11320961941231478,0.0044257514856917415,13,0.7492105015632795,2,4168,0.7213276284945062,"{'learning_rate': 0.0044257514856917415, 'max_depth': 13, 'max_features': 0.7492105015632795, 'min_samples_split': 2, 'n_estimators': 4168, 'subsample': 0.7213276284945062}",0.9309906640908201,0.928708081014352,0.9282686072093533,0.9251037407488355,0.9261549382554445,0.9270629841376811,0.9290318221596272,0.9308573941202518,0.9305762546463359,0.9255921875311022,0.9298917627042462,0.9294054154664793,0.928858295087012,0.9256547978763351,0.9269049805518665,0.9292734731425096,0.9237841443285217,0.9298714440246602,0.9253803057409323,0.92754314110477,0.9268691401931876,0.9248641850352437,0.9297614058010042,0.9276449681636835,0.9281628493314538,0.9240793501743059,0.9305133371375564,0.9280257646717511,0.9257210842383838,0.930531410566395,0.9287505446712897,0.9322301966807329,0.9298911573013993,0.9302401063072996,0.9220938141671453,0.9274058952978432,0.9307082895578677,0.9296650188587674,0.9270404769570635,0.9255637597219728,0.9274887942145944,0.9315926875319736,0.9256068517334481,0.9261655730365097,0.9276343426390804,0.9291435318780444,0.9271278056234831,0.9268344322302071,0.9277445367226463,0.929389103361767,0.9245157696241921,0.9278028522022364,0.9284390105670897,0.9297601019930304,0.929649809985269,0.9298433194404325,0.9296363796116114,0.929768064124854,0.9256855166851214,0.9284684659561878,0.931251808266488,0.9270164006538939,0.9313945889680135,0.9276140834508717,0.9261366915706856,0.9250384786588118,0.9234153318172592,0.9328310508248042,0.9306625627029512,0.9266442683048568,0.9269026389891168,0.931224651934052,0.923686381900426,0.9266741155416104,0.9321468024225191,0.9267481519055428,0.9244221366392825,0.9313394113557893,0.9278077677122668,0.9290176449297074,0.9267266660441231,0.9293845940954485,0.9317006564531399,0.9250689201769456,0.9243564654965485,0.9321589561709043,0.9238719059857332,0.9277535679216822,0.9315573475304426,0.9251543958950446,0.9285848050582037,0.928422362262791,0.9292314157574159,0.930118305400722,0.9247988169257648,0.9293933424784475,0.9245627065698575,0.9248285454131736,0.9283457749021997,0.928556637569988,0.927975252945948,0.0023962662528747695,138
747.644026567936,16.27764255512588,0.963239357471466,0.07361444370790317,0.009541050504959124,12,0.7890396477363382,2,4168,0.8551719409776926,"{'learning_rate': 0.009541050504959124, 'max_depth': 12, 'max_features': 0.7890396477363382, 'min_samples_split': 2, 'n_estimators': 4168, 'subsample': 0.8551719409776926}",0.9329270026343477,0.9304534437432679,0.9296918790594041,0.9268263042594639,0.9275452996708863,0.9289424578666512,0.9300307162274319,0.9325584246556072,0.9318312870688602,0.9273082447927542,0.931317870220385,0.9309472516049098,0.9307251087737952,0.9276421819813456,0.928646915668587,0.9307350742864771,0.9245137718628014,0.9308920741324499,0.926864718348861,0.9287869853544412,0.9282335172147289,0.9259386978108493,0.9309665036343145,0.929329149764445,0.9300655389653115,0.9263902861522306,0.9319012357461054,0.9290470655547521,0.9269609314026231,0.9320739972536429,0.9300838408123184,0.9337074405784943,0.9307766994238414,0.9311635396579488,0.9238526199231578,0.9293147426191103,0.9318181520944006,0.9307703298866443,0.9286505219463629,0.9265596784461443,0.9284420843847567,0.9323659740080135,0.9270475928381839,0.9275313524091685,0.9288279194354409,0.9307426510966457,0.9287447099687051,0.9286102804939413,0.9288405163327426,0.9309520569005375,0.9269239175104383,0.929063364685371,0.9294305447827529,0.9315728953197412,0.930918178192511,0.9306471543933301,0.9307459571703028,0.9310416805277395,0.9271889008518185,0.9298450438996558,0.93292670179421,0.9285066595595243,0.9324853723429676,0.929057964991996,0.9271810541750772,0.9263432601335166,0.9255480136450622,0.9338800420925469,0.9317780485851506,0.9285986965278714,0.9285297407046464,0.9326648305285299,0.9250195995966816,0.9273810297584345,0.9335125354083944,0.9286131080825467,0.9262974938357432,0.9326809910022666,0.9291332741189409,0.9300935644327823,0.9282433501981895,0.9310167256556531,0.9331134013132646,0.9265293005474166,0.9253281639824396,0.9337027827619188,0.9256321502603404,0.9286508173027691,0.9327059181120751,0.9265184463960936,0.9301201889159151,0.9297370007130302,0.9304665333050837,0.9323004463668594,0.9262370774284931,0.9303956032221746,0.9255760147623915,0.9256781685344344,0.9298400821124706,0.9308243950019394,0.9293912282451179,0.002354112190605915,123
403.5465827512741,10.396115848647778,0.4925503587722778,0.03892253007182602,0.24350802020929316,10,0.8553966401931281,2,4168,0.7071309096348684,"{'learning_rate': 0.24350802020929316, 'max_depth': 10, 'max_features': 0.8553966401931281, 'min_samples_split': 2, 'n_estimators': 4168, 'subsample': 0.7071309096348684}",0.9180654413644335,0.9191150070341305,0.9172455891823714,0.9155039436948749,0.9143133995417208,0.916026409728957,0.9186512606074986,0.920400400635585,0.9177000379366643,0.9149030039105908,0.9213877741514519,0.9223287829264204,0.9201749550314811,0.9153672287125673,0.916935951362808,0.9195500124754349,0.912635393394206,0.9213844901994994,0.9144571283812551,0.9163852409271296,0.9177717243261108,0.9163616569738396,0.9172259834280592,0.9181722838007755,0.9191159387773248,0.9126095867792937,0.9180560267735312,0.9189176256761766,0.9153330406226738,0.9202890305415459,0.9209580218923937,0.9230224449942214,0.9189504053153783,0.9212447237979772,0.9103778835976282,0.9233244832807079,0.9195550679900665,0.917453873160099,0.9160655954295244,0.916033591363284,0.9186460510852126,0.9214509749008624,0.9153878711725992,0.9163752493713442,0.9159100686460896,0.9175679913472996,0.9187370397046677,0.9129237027206768,0.915605487308538,0.9189678407937387,0.9131110126681244,0.9171342859718877,0.9175409968119419,0.919172614986834,0.9175270718662241,0.9206524108456413,0.9181760317293697,0.9228287584072736,0.914212968514883,0.9154958826562073,0.9222735619457137,0.9150507408787691,0.9214805826522755,0.9181403202393408,0.9137173952767231,0.9178900326227406,0.9134673618942345,0.9173285247075377,0.9211790282152891,0.9150814483663935,0.9191675433422223,0.9191767409329068,0.9149146187719024,0.9168215067339598,0.9218316975830619,0.9201331034461553,0.9156525342181701,0.9200742284923962,0.9202214823000495,0.918628229721135,0.9192741787805588,0.9181848410354864,0.9232951009252937,0.9129362929805326,0.9184717764575812,0.9200645116273111,0.9139532258450156,0.916135800764472,0.9218472872255733,0.9157796552178479,0.9213066305854042,0.9185638022926068,0.9201845440164153,0.9174022010159011,0.9170301551334599,0.9179040145219413,0.9156911560968256,0.9167320464985869,0.9165140698015909,0.916365859340882,0.9178066258373337,0.0027165126099737164,174
194.77029822587966,7.1326139831419795,0.4220691704750061,0.032193747170800154,0.18908800050097183,12,0.44696914450563213,2,4168,0.9241719757660005,"{'learning_rate': 0.18908800050097183, 'max_depth': 12, 'max_features': 0.44696914450563213, 'min_samples_split': 2, 'n_estimators': 4168, 'subsample': 0.9241719757660005}",0.9258912831645868,0.9232052777777912,0.924888810769771,0.9215129893538112,0.9207305625380282,0.9203705457428928,0.9241051795171434,0.9273130985707858,0.9248869124700343,0.920852174390604,0.9228813776204828,0.9231442388996546,0.9223599693077214,0.9220024583021067,0.9208006239601682,0.9249531111292747,0.91909645951101,0.9251187097916515,0.9221042338509176,0.9217117099986054,0.9222208770837036,0.9191870625953332,0.9229962662549209,0.9243608369695898,0.9232043909489757,0.9185689622498895,0.9270230686735175,0.9222671716921158,0.9222661536134066,0.924370367214921,0.9213206307934887,0.9277207129956722,0.925250881904789,0.9260770483661434,0.9162839012426985,0.9203686978476585,0.9246378929124168,0.9257162648209016,0.9230128530264237,0.9189882974120857,0.9219476787626232,0.9268110747031318,0.9196871665890612,0.9225046478294858,0.9242162071904662,0.9234495491173955,0.9205705465618388,0.9210933089347516,0.9209755772851573,0.9261555094560032,0.917866079373933,0.925590732352814,0.9235617680487398,0.9239745330767178,0.9264014080377897,0.925614068004817,0.9226511599425922,0.9240897877538293,0.9198095691516693,0.9213463290386527,0.9237472022556619,0.921248792278559,0.9270346413853168,0.9199589273815992,0.9211486133572047,0.9180607911457142,0.9185462030895054,0.9280344289732616,0.9291832203866965,0.923208899970902,0.9194103941313058,0.9231302883756315,0.9180308186750403,0.922298632626688,0.9275882247008681,0.920535590839412,0.9179384117502329,0.9259957919550265,0.924577095391897,0.9281351622505629,0.9229315258294681,0.9250652442357639,0.9247627791021348,0.9213822698242319,0.9186684629394002,0.9272857939185644,0.9169390839897129,0.9238438520815394,0.9247326571124507,0.918271659018328,0.9235539906487301,0.9213096778325883,0.924488644100681,0.925856858177225,0.9203596522317607,0.9216811604801642,0.9177152417027099,0.9195211775844293,0.9225089714688903,0.9248606554739723,0.92275640255171,0.002860638338434236,156
205.91690283060075,6.717035470600084,0.36006520986557006,0.029993746665632842,0.040257546850620746,5,0.6261177034169909,2,4168,0.7004487210952671,"{'learning_rate': 0.040257546850620746, 'max_depth': 5, 'max_features': 0.6261177034169909, 'min_samples_split': 2, 'n_estimators': 4168, 'subsample': 0.7004487210952671}",0.9355178473532052,0.9332308258934872,0.9318368746303038,0.930073980407747,0.9284436496261085,0.9302901448285474,0.9323557377388024,0.9344134364649856,0.9323407549269496,0.9293559586382016,0.9322370804391304,0.9318534767298652,0.9330057730832998,0.9327436299424549,0.9301278636035524,0.9310900827409286,0.9280811544824351,0.9349578779411368,0.9294918716989272,0.9320236253880663,0.9311763121063623,0.9308084649552296,0.9348287889048249,0.9315329085813279,0.933526420408768,0.9291105795925705,0.9353846838347056,0.9304010339063056,0.9306996832296958,0.9337221787471928,0.9291531621589401,0.9372815790045449,0.9323087575409071,0.9333113398106248,0.9263304381525852,0.9304215703633198,0.9343477623652764,0.932302692541284,0.932091644232246,0.9303577256442694,0.9327175359848167,0.9348704705892252,0.9278789732130992,0.9310817029216791,0.9326743932479375,0.9334282129576625,0.9315569434973091,0.9298144201272525,0.9316073234904976,0.9329549419084437,0.9302615938979868,0.930804200922908,0.9304455960713952,0.9348366685958942,0.93247451801227,0.9350240609308607,0.9320469370893694,0.9333025182871786,0.9281173268729987,0.9328535741633909,0.9330003892749436,0.9310923280792305,0.9359905929093847,0.93054149891186,0.9286489294720877,0.9294459443737678,0.9284807161334812,0.9357764443731866,0.935506184501037,0.9307317875793423,0.931124324585674,0.9329852317399722,0.9283592875006887,0.9291789191616481,0.9379141539537865,0.9300741356558055,0.9282942418850724,0.9346572546677099,0.9330971226832163,0.9336251052328168,0.9286957709778709,0.9334546362943582,0.9365607196694071,0.9284503011366335,0.9298015249035226,0.9346043021489494,0.9282151287666811,0.9327119976935986,0.9342519705129435,0.9283427405113494,0.9333844202232097,0.9324872993666423,0.9321818897789982,0.9328140654579002,0.931829368422688,0.9318498626346773,0.9294260751934568,0.9320077820298478,0.9323720952801,0.9334690569808235,0.9318675688607965,0.0023362536146016325,85
305.98763297319414,9.451922045185556,1.3012336921691894,0.10676674984881267,0.013236985643524067,13,0.41163578809916035,2,4168,0.6278131133359567,"{'learning_rate': 0.013236985643524067, 'max_depth': 13, 'max_features': 0.41163578809916035, 'min_samples_split': 2, 'n_estimators': 4168, 'subsample': 0.6278131133359567}",0.9372095370287045,0.934164612599839,0.9341204612448682,0.9300086050573355,0.931467907867071,0.9329551563109122,0.9339875485819765,0.9368924703817878,0.9357228009843575,0.930829059234637,0.9337179252211328,0.9339424024295354,0.934909660211394,0.9324305815909586,0.9324516747173266,0.9343300255573692,0.9293885768972169,0.9354995220542375,0.9313305841683083,0.9332200824186658,0.9329660204097345,0.9305808551226986,0.9359866214363262,0.933029469523276,0.93425895684104,0.9307622105372957,0.9354243740110192,0.9332936497949734,0.9314270072907809,0.9351223700480572,0.9330758192314182,0.9373830168474802,0.9347124141916501,0.9353887977297555,0.9285881032888645,0.9329302007780392,0.9357287586886682,0.9352770345401938,0.9328082273067907,0.9316339087857705,0.9338789959214655,0.9373717676344536,0.9303255610710265,0.9324288213592382,0.9331932908665276,0.9335179079956117,0.9326745809696674,0.93244190073582,0.9337423764571872,0.9349244115814769,0.9305294679434097,0.932899519121871,0.933482874451558,0.9350178823815317,0.9346333953078212,0.9355671106545517,0.9335490139546084,0.9344306557541388,0.9305387075675828,0.9339840285875853,0.9359762784347061,0.9324532149101084,0.9370389731508079,0.9320401127588419,0.9313581373830728,0.9303204399394408,0.9290158183003846,0.9375126757609961,0.9354619213238757,0.932063170750741,0.9319182143728771,0.9356115696109337,0.9298058064650092,0.9310132797942221,0.9384454228447104,0.9326449153713863,0.9295339205221063,0.9356172991772751,0.933591702370969,0.935304046956315,0.9324063104572581,0.9347503386237141,0.9364933789543392,0.9313616676828967,0.9314829612641107,0.9380369504019928,0.929409303649628,0.9336127426610824,0.9361830699322791,0.9291349614450767,0.9348377395902477,0.9340006650183172,0.9337745569857392,0.9356093302068628,0.93026174775604,0.9340911808918515,0.9304683230245463,0.9320802753377574,0.9340548129900259,0.9341419193050547,0.9334100843765618,0.002237287880697197,56
453.05768602848053,12.224521142652664,1.0363532161712647,0.08847447302738957,0.028657643074216935,12,0.6396646702358648,2,4168,0.5934780614924402,"{'learning_rate': 0.028657643074216935, 'max_depth': 12, 'max_features': 0.6396646702358648, 'min_samples_split': 2, 'n_estimators': 4168, 'subsample': 0.5934780614924402}",0.9360056691699744,0.932430473301206,0.9323827587960177,0.9302170550869191,0.9311890121395971,0.9305310732170888,0.9331293065992728,0.9353451423951438,0.9343997690010262,0.93005810876994,0.9338810780323687,0.9329853056745643,0.9330436579490093,0.9309269541575932,0.9326667187124413,0.9326445977056391,0.928124208896708,0.9340515428195408,0.9305973516238742,0.9330386656714393,0.9313957535066194,0.9290686795358631,0.934075689946635,0.9326901233138561,0.933316256370068,0.928951959488536,0.9344171425491691,0.9332251344102453,0.9303307893218168,0.9349761548899336,0.9318835337124708,0.9361219558069817,0.9343456488874143,0.9336393558541252,0.9272635786298482,0.9324771454529608,0.9348726832318344,0.9333602105677723,0.9327403764607987,0.9302028140602693,0.9316729388897822,0.9354397616724812,0.9294209327304334,0.9307918470347898,0.9329233993216184,0.9332898967628334,0.9314814959705459,0.9319535010667095,0.9326480885192207,0.9338086384852469,0.929549858098416,0.9322205932960634,0.9318579225571186,0.9338305727238214,0.933790478939801,0.9353486647729935,0.9334773279320484,0.9340703414504025,0.9308163268789524,0.9327470050304014,0.935628037653215,0.9318097964840028,0.9348157891144869,0.9311109047772024,0.9305192304665371,0.9287530548489602,0.9283951125714871,0.9369814394662754,0.9355851133473817,0.9314172812307927,0.9310432592403954,0.9349173140306956,0.9293048531038853,0.9306148089855327,0.9361961435001652,0.930797160165916,0.9282274365786287,0.9357871869404807,0.9324446710992267,0.9329489741850523,0.9301050319106189,0.9339158408508113,0.9363001485702049,0.9286449948412795,0.9291330564260019,0.935501171427149,0.9283797438354641,0.9325534462602593,0.9351850852264747,0.9289757829307164,0.9337589897290448,0.932909057051969,0.9331372961714295,0.9358684655236135,0.9300803261362911,0.9345356995810993,0.92914108680595,0.9299413854369735,0.9328030256801221,0.9323958222315285,0.9323870605226758,0.0022588665562446385,69
361.5725265884399,9.865682297690327,0.6598322629928589,0.05176626312767035,0.004576713770144064,8,0.8989949682497376,2,4168,0.5465943251737378,"{'learning_rate': 0.004576713770144064, 'max_depth': 8, 'max_features': 0.8989949682497376, 'min_samples_split': 2, 'n_estimators': 4168, 'subsample': 0.5465943251737378}",0.9326556391050806,0.9300911166193156,0.9292479506127915,0.9263282525392962,0.9259808712628177,0.9275521585305141,0.9312567438017644,0.9318239440343036,0.9296815934827238,0.9263615762823104,0.9295072091609455,0.9301890931935288,0.9304594432893938,0.9282686688451518,0.9274990323597067,0.9289611956099455,0.9256286371550693,0.9317323540157813,0.9266455233080708,0.9287043828452729,0.9279684535813066,0.9271349462492411,0.9303190215710109,0.92940676578838,0.9304664854505506,0.9259411607725957,0.9320701082102869,0.9287236450562886,0.9274800131343579,0.9308981343721522,0.928198980375018,0.9335436358477602,0.9310657945891929,0.9301801138754549,0.9225856145664555,0.9293054597857165,0.9313935464173737,0.9299456980446105,0.9280588169133984,0.927011679291234,0.9297507610489419,0.9325345197375777,0.9259699402921209,0.927902997368244,0.9288608653158225,0.9305753265482583,0.9279675011956559,0.9276132018578018,0.9279450159525081,0.9307006682887209,0.9260278524160863,0.9280238542419881,0.9284037377571323,0.9314768158822706,0.9300062085425557,0.9318544773020369,0.9303783382898693,0.9301491926138811,0.9254134418540648,0.9292131958378377,0.9308609765073306,0.9284835463468819,0.9337150162104979,0.928299357296443,0.9254415270666422,0.9271788873991244,0.9254055215819466,0.933586597394806,0.9322899304628023,0.9273493179472243,0.9283028289193623,0.9319820581143654,0.925599659850336,0.927087206469051,0.9323788253129427,0.9278512908593013,0.9251408288634246,0.9317057408611256,0.9302081862663277,0.9303860583406106,0.9271861346477253,0.9315028453332211,0.933208026853535,0.9252655589004102,0.9264259332556439,0.9336368879351213,0.9254427646795853,0.9278368661654701,0.9323185637108005,0.925277578272892,0.930897016241226,0.9291574448436958,0.9299645619531429,0.9301370564236141,0.9277500286964517,0.9303713487679762,0.9255048819216861,0.9277154457835203,0.9302458693786855,0.9299320779097802,0.9290407162603427,0.002363305320274951,128
285.79207196235654,9.037946192885682,0.780628445148468,0.05645069148553753,0.005043032494055014,9,0.4338278902640621,2,4168,0.828467526482219,"{'learning_rate': 0.005043032494055014, 'max_depth': 9, 'max_features': 0.4338278902640621, 'min_samples_split': 2, 'n_estimators': 4168, 'subsample': 0.828467526482219}",0.9374950651458174,0.9343710852369702,0.933396110686895,0.9303754564930986,0.9305074554184147,0.9311419537037899,0.9345357735220785,0.9369194019769138,0.935031712703247,0.9307589171998665,0.9339912529511267,0.9339278687354619,0.9347748324586604,0.9328633289293569,0.9324298687032444,0.9335326353636874,0.929681157774654,0.935922742016671,0.9311876646370477,0.9337443148617248,0.932579880145237,0.9309363058646217,0.9355646256816931,0.9331953781843777,0.9343034562270822,0.9298201022394059,0.9360372405515742,0.9329836961107701,0.9316886777249562,0.9350059087890041,0.9330472008142274,0.937434477121892,0.9349544316960784,0.9341785949191969,0.9283809025138108,0.9333881724237896,0.9354614734214389,0.9347619564113536,0.9325446426305141,0.9313855881607264,0.933839066010082,0.9367775637171116,0.9303774910353381,0.932551996685675,0.9330123144949278,0.934091959128559,0.9322339961281624,0.9324475451058305,0.932815254741904,0.9344504001726481,0.9304880117755437,0.9328237029209289,0.9330332160732682,0.9352043776712252,0.9343537448227104,0.9364706376841414,0.9339491162031918,0.9339542281590136,0.929969751738813,0.9335551822680567,0.9348694156986429,0.9325469760522666,0.9372419452726634,0.9321230710783285,0.9307644698665015,0.9307971726403101,0.9296891217767913,0.9379351155314328,0.9361280142634867,0.9325848279467843,0.931922880554522,0.935788360822537,0.9294793240252353,0.9312418172201393,0.9381379505674786,0.9315385934004202,0.9288051812837038,0.935907968987973,0.9343721936166014,0.9356377100902002,0.9312698321524153,0.9354102933014017,0.9361706212632949,0.9302164572426824,0.9314379715941802,0.9376895738319724,0.9291691625738614,0.9334243623933268,0.93620569250908,0.9288749483827508,0.9350464504069498,0.9333255139194475,0.9341272533576943,0.9356934785282273,0.9316197213527266,0.9340404708196717,0.9304223484892314,0.9314756835864848,0.934128600094404,0.9346009380188053,0.9333250235120224,0.0023025556927245353,57
324.60202041149137,8.339878290401648,0.33402506589889525,0.022895077871240444,0.3148118030349409,5,0.896472573405416,2,4168,0.754653481010436,"{'learning_rate': 0.3148118030349409, 'max_depth': 5, 'max_features': 0.896472573405416, 'min_samples_split': 2, 'n_estimators': 4168, 'subsample': 0.754653481010436}",0.9212284256350262,0.9168986263422622,0.9144105683804761,0.916505007211817,0.9128301382086844,0.9150480596816196,0.9182493448683693,0.9172266830946662,0.9191874687104907,0.9138034597525889,0.9192142337614316,0.9139223038668357,0.9171318691822837,0.9188823306058473,0.9156433424278534,0.917223195548982,0.91465632271911,0.9212390483516859,0.9171494960857988,0.9165455898402501,0.916813506383564,0.9178339758211449,0.9189959121784985,0.915747999357689,0.9178817103221223,0.9175335584291955,0.919703092456669,0.9148298422529284,0.9162328727664087,0.9167485338393262,0.9176732199015334,0.9202353173535589,0.9186266599049571,0.9177852069268799,0.9094404302903605,0.9172668552985663,0.919612437279671,0.9173565584459897,0.9169777982518352,0.9187425691066519,0.9189008929529153,0.9217384572676075,0.9096469550320377,0.9149909028434484,0.9195296428744514,0.9167487202513698,0.9152411527288227,0.9161567813052549,0.915670978116767,0.918389015930633,0.9160070590078837,0.9185389061639839,0.9142223363403071,0.9191578207002931,0.9205297334343003,0.9179089770898157,0.9155513075758378,0.917048388842851,0.9127959570274097,0.9196828480048488,0.9191099220999159,0.9139753899794907,0.9224075029903641,0.9155324859928213,0.9148379903736682,0.9151454153542604,0.9170984892795813,0.9204147943502511,0.9188547338387096,0.916532604052255,0.91323428623814,0.9153053013078334,0.9111337004941438,0.9124598918953593,0.9223881970454965,0.9161405216744709,0.9127148536524679,0.9179543094317794,0.919947026340475,0.9165981074247163,0.916843278762637,0.9173405535356317,0.9203930224454282,0.9138816650423315,0.9138723310075219,0.9212145410024807,0.9116410594942332,0.9172964771037214,0.9185012255040605,0.9113935625480536,0.9197335138340995,0.9163459885478279,0.9166422196582068,0.9194346854037059,0.9152021497093638,0.918990246736685,0.9134589249806719,0.9162834074647078,0.9159722285504857,0.9189478056932551,0.9168666481517578,0.0026622977902382664,178
286.7935571169853,8.834607167248427,0.5348469996452332,0.04040644713023831,0.009477580161406974,7,0.5762776490360921,2,4168,0.7166462117662614,"{'learning_rate': 0.009477580161406974, 'max_depth': 7, 'max_features': 0.5762776490360921, 'min_samples_split': 2, 'n_estimators': 4168, 'subsample': 0.7166462117662614}",0.9359389123657399,0.9329865092970173,0.9318873177233105,0.9298813348556272,0.9290590970923939,0.9301247323399667,0.9334513797971058,0.9355089745639268,0.9328482327308466,0.9300896224886042,0.932367832852423,0.9329044203073127,0.9339690614740802,0.9326839710547522,0.9306066447205991,0.9325234177090511,0.9284794997166996,0.9348329451504936,0.9297737822706152,0.9322965072682223,0.9311367282899564,0.930529062937953,0.9342500878376666,0.9319731257265863,0.9330845856845732,0.929232354008828,0.9355125388495021,0.931895954861697,0.9307020509484049,0.9334845663308498,0.9309698880959552,0.9368348824483616,0.9343215891792678,0.9331901634171265,0.926497876448358,0.9319731053136979,0.9348266241333595,0.9334529399017673,0.9310992291994498,0.9304149641910928,0.9325978199840169,0.9355878752902904,0.9287706429082057,0.9312732946258069,0.9327624246768037,0.9339897270603295,0.9311492354217843,0.9312224894580019,0.9315901712343504,0.9339211659716814,0.9295622276836535,0.9310952622846099,0.9320529126449497,0.934876141834197,0.9331950863365905,0.9354320660124611,0.9325948611110815,0.9330645627877435,0.9289466188163711,0.9325476606114418,0.9335294424044691,0.9321086657329142,0.936467181003571,0.9316555350979053,0.9291418922516089,0.9295775593394151,0.92863003512421,0.9357899524757004,0.9352621660688875,0.9307994789288528,0.9310037553865671,0.9340999909118309,0.928507841173925,0.9303524716695148,0.9367834073835167,0.9306844169947648,0.9277091363760284,0.9351841857634537,0.9340270315803904,0.9342708058435742,0.9298394349044156,0.9345043752766413,0.9357313289936183,0.9286231290866446,0.9300781676926976,0.9363553474217612,0.928465077327628,0.9318467333273638,0.935459184514806,0.9276194239723262,0.9337862704251311,0.9321818643709379,0.9321865814100178,0.9341694368184762,0.9305303060745195,0.9328989730035553,0.9296200204094962,0.9314229995896965,0.9326034490651092,0.9331698164706419,0.9322050563200419,0.0023243153818992227,74
258.45119099855424,6.625427063383426,0.3529941940307617,0.025950370195177774,0.25566286825132806,12,0.8447686965101635,2,4168,0.6986024431356466,"{'learning_rate': 0.25566286825132806, 'max_depth': 12, 'max_features': 0.8447686965101635, 'min_samples_split': 2, 'n_estimators': 4168, 'subsample': 0.6986024431356466}",0.9158621478989976,0.9138673575934179,0.9106230132465243,0.9057084708330654,0.9116802565147354,0.9136679173509181,0.9085209444164314,0.9103970544342408,0.9131058341599647,0.9087647207947566,0.9134329725284375,0.9129353160715785,0.9128274967254097,0.9038963505424435,0.9106369854173759,0.9102797323553434,0.9059162296272418,0.9125645954970029,0.9083550694936882,0.9120144454963051,0.9084174791591808,0.9061662293548286,0.9087903579353495,0.9125859641750207,0.9125894663843988,0.9096118255309983,0.9127031992713304,0.9103060743250734,0.9078382244043262,0.9122395369189027,0.9080126896897054,0.9153279209761576,0.9130076738602936,0.9134348935076542,0.9036305247036669,0.9164488602995727,0.9148065763301264,0.9110642803387312,0.9081165034793365,0.9105092646403945,0.9084905252766029,0.916137685033142,0.904001298922613,0.9065938772889727,0.9098945266154166,0.9132810050534109,0.9077554059420666,0.9090486477612812,0.9092875633133222,0.9138565017703034,0.9078202563005303,0.9110108623834144,0.912864859979289,0.9152877195372175,0.9098718577518691,0.9117883035501286,0.9085089416900953,0.9137776388705248,0.9101009075231278,0.9083633274236284,0.9164257717314414,0.9132071938148141,0.9119866897956473,0.9090587103912464,0.9091730286147226,0.9047197660902193,0.9059018427254809,0.9124830079038453,0.9124711530088888,0.9072211738317564,0.9081113221701399,0.9111699068765765,0.9079544827056161,0.9097988378372939,0.9105575396818106,0.9112823782145196,0.9093487573446164,0.9111731479188014,0.911639997124496,0.9051458019672352,0.9114641022869423,0.9103829840224726,0.9147576720958744,0.906217637057509,0.9079197214934851,0.9146482116169952,0.9071688040465641,0.9084355763774845,0.912389105994264,0.9057048445361171,0.9113144721348273,0.9123898626015203,0.9093585946452324,0.9116929913620043,0.907731910737354,0.9103654165094428,0.9063382144706187,0.9063999590683787,0.9093876874583426,0.9104421950365318,0.9103174664157103,0.00297371630168939,194
301.910881652832,7.120161442171343,0.6481019973754882,0.05080919438796131,0.0020143801083789686,7,0.5198936688318733,2,4168,0.8996750943797756,"{'learning_rate': 0.0020143801083789686, 'max_depth': 7, 'max_features': 0.5198936688318733, 'min_samples_split': 2, 'n_estimators': 4168, 'subsample': 0.8996750943797756}",0.9175148716780728,0.9143566645731546,0.912458314917819,0.9109428230218967,0.9074737632630263,0.9096180316738195,0.9150750010430243,0.9175032186650364,0.9140524692119174,0.908895614385179,0.9132265833784913,0.9140422998307449,0.9142098022985201,0.913427706409814,0.9093822731623296,0.9137461797280734,0.9094716027328705,0.9150985837556473,0.9097194879319344,0.9137096083702131,0.9109098755754877,0.9106313419037189,0.91493663538491,0.9132363805920133,0.9140874479165011,0.907098395226845,0.9177838288275881,0.9123127642095122,0.9111559156372824,0.915229295671844,0.9103108955113128,0.9188234740041737,0.915199186292932,0.9132444887266534,0.9062139467923488,0.9125395843401547,0.9157726355236365,0.9139036726346736,0.9112566705960251,0.9110430881831973,0.9131341212870335,0.916150878793422,0.9088336667147667,0.9130141535578931,0.9125697517931852,0.9144653473553788,0.9119132452646848,0.9109238279917632,0.9120452079647385,0.9132497697842972,0.9110221301848245,0.9110838394672968,0.9108471275523082,0.9150347514441748,0.9142159978245876,0.9153264662730526,0.9147616700424146,0.9134144729338155,0.9075336490979953,0.9127242370410028,0.912661271210889,0.9131591029957398,0.9180923598155576,0.9122486904815141,0.9089832276014933,0.9103929634315031,0.9080104755889838,0.9178207785073811,0.9153468829932978,0.9122486755033897,0.9113587752748653,0.9163193507467683,0.9084014739798246,0.909986678736155,0.9166505812949169,0.9102953096494121,0.9078252031005447,0.9161971664962516,0.9141219056218642,0.9150863121651426,0.9100661245985591,0.9164465270120806,0.9163449842226741,0.9098252781736755,0.9102793240278646,0.9184500025401056,0.9077115666516237,0.9124446104273413,0.9160472443645384,0.9082624565590866,0.913266964682087,0.91289232624425,0.9131734649599896,0.9148538666849482,0.9112847900329498,0.9142281161338652,0.9090029119295366,0.9114503622074752,0.9141456151563352,0.9142869561549686,0.9127154941391047,0.0028437347107157333,192
430.2815381026268,11.945061384420885,0.7312300205230713,0.08008176765707398,0.021492877622786812,10,0.5302754167783346,2,4168,0.9087200648184439,"{'learning_rate': 0.021492877622786812, 'max_depth': 10, 'max_features': 0.5302754167783346, 'min_samples_split': 2, 'n_estimators': 4168, 'subsample': 0.9087200648184439}",0.9398187451623431,0.9375851280376932,0.936754167794204,0.9335056455845455,0.9339535926433317,0.9356398447697994,0.9371494666377669,0.9399590066824505,0.9383871139163174,0.9348866802327946,0.9381656708372944,0.9370972205519933,0.9381072366714163,0.934546598123257,0.9351798437640189,0.937215746867773,0.9321601475425411,0.9385319970308293,0.9358381982131876,0.9359708022239424,0.9358725524274628,0.9339828447311305,0.938457283866812,0.9364316509934681,0.9378062821274085,0.9342907695602842,0.9392607451675411,0.9362813879878571,0.9344435594588879,0.9383849453672626,0.9369493150383605,0.9405457865400492,0.9376291345179695,0.9378233014201296,0.9316504974089587,0.9365784680639522,0.9386818561146586,0.9371817206108985,0.936403842925122,0.934750233606894,0.9367536234299351,0.9403923582817579,0.9341355762399179,0.9356707012742653,0.9365218753902314,0.9374365334994876,0.9357038600467656,0.9360269759037952,0.9359756397336928,0.9377021830496018,0.9339404582255978,0.9359572226612749,0.9364816931378763,0.9382625382650812,0.9375094045859911,0.9395089879754862,0.9370420539704862,0.9374411604345045,0.9341029764521385,0.937404362051549,0.9401426110188571,0.9351526417747549,0.9402481742405061,0.9360802442459768,0.9343566991680574,0.933778235397137,0.9329954713588443,0.9403790062114493,0.9387000899836639,0.9356590829064855,0.935497284298483,0.9387594656098953,0.9327633803812219,0.9350118006347432,0.9411077138730616,0.9357622501062298,0.9323036993561903,0.93947619233819,0.9370811043954596,0.9383103257562065,0.9349420523052381,0.9382052612863182,0.9396519596925402,0.933006194199113,0.9341169559426415,0.9403844049007816,0.9330584750670818,0.9366321335879414,0.9389281165998477,0.9332254519008449,0.9382723626517475,0.9369862035899061,0.9368417606788756,0.9389674268998899,0.9338856975225301,0.9379891214996946,0.9333567593155933,0.9345495504644561,0.9374950755097307,0.9375351802454601,0.9365942483274768,0.002185746677932103,16
