mean_fit_time,std_fit_time,mean_score_time,std_score_time,param_learning_rate,param_max_depth,param_max_features,param_min_samples_split,param_n_estimators,param_subsample,params,split0_test_score,split1_test_score,split2_test_score,split3_test_score,split4_test_score,split5_test_score,split6_test_score,split7_test_score,split8_test_score,split9_test_score,split10_test_score,split11_test_score,split12_test_score,split13_test_score,split14_test_score,split15_test_score,split16_test_score,split17_test_score,split18_test_score,split19_test_score,split20_test_score,split21_test_score,split22_test_score,split23_test_score,split24_test_score,split25_test_score,split26_test_score,split27_test_score,split28_test_score,split29_test_score,split30_test_score,split31_test_score,split32_test_score,split33_test_score,split34_test_score,split35_test_score,split36_test_score,split37_test_score,split38_test_score,split39_test_score,split40_test_score,split41_test_score,split42_test_score,split43_test_score,split44_test_score,split45_test_score,split46_test_score,split47_test_score,split48_test_score,split49_test_score,split50_test_score,split51_test_score,split52_test_score,split53_test_score,split54_test_score,split55_test_score,split56_test_score,split57_test_score,split58_test_score,split59_test_score,split60_test_score,split61_test_score,split62_test_score,split63_test_score,split64_test_score,split65_test_score,split66_test_score,split67_test_score,split68_test_score,split69_test_score,split70_test_score,split71_test_score,split72_test_score,split73_test_score,split74_test_score,split75_test_score,split76_test_score,split77_test_score,split78_test_score,split79_test_score,split80_test_score,split81_test_score,split82_test_score,split83_test_score,split84_test_score,split85_test_score,split86_test_score,split87_test_score,split88_test_score,split89_test_score,split90_test_score,split91_test_score,split92_test_score,split93_test_score,split94_test_score,split95_test_score,split96_test_score,split97_test_score,split98_test_score,split99_test_score,mean_test_score,std_test_score,rank_test_score
541.4288321661949,285.54498853895956,0.504362633228302,0.7019533179379508,0.034309977022776265,10,0.8255183999255711,2,4168,0.8993315400781986,"{'learning_rate': 0.034309977022776265, 'max_depth': 10, 'max_features': 0.8255183999255711, 'min_samples_split': 2, 'n_estimators': 4168, 'subsample': 0.8993315400781986}",0.9050670945704306,0.9078456202045082,0.9287604153551954,0.910965709735532,0.920883912134577,0.9196697956147604,0.9179526883835196,0.918325686346104,0.9073045613070673,0.9177927147299128,0.9288323500000812,0.902335457881359,0.9119759038941875,0.9153884156723291,0.920749454872881,0.9186944145740066,0.9245788253044708,0.9199315893789749,0.919447163848266,0.9055714844185621,0.9114192694382712,0.9176176297050632,0.9177405211739283,0.9212647886848983,0.9132116370621258,0.9179075849920797,0.9086241921512833,0.916187009292127,0.9173236762336106,0.9026478504443146,0.9200041238634413,0.9090414523540534,0.9047637273537688,0.9239219656918505,0.9140969082027866,0.9040698630099165,0.9098182563824034,0.9198688297757466,0.9206085126955933,0.9233773157552633,0.9152071082947618,0.927271311242509,0.9141247365973538,0.9068723846694404,0.9221025716172521,0.9118551713191806,0.9077439933158855,0.9204093444569886,0.9215158758204284,0.9101745803576842,0.9173011341074224,0.9191361769654204,0.920687928193408,0.9176676389784124,0.9053044705059509,0.9095042150064176,0.9266709451591487,0.9239974229617259,0.9178700846606714,0.9142992539285918,0.9172731300425031,0.9113337240831852,0.9194832385633388,0.9157000664952272,0.9176304803672296,0.9231972008437087,0.9248057252530784,0.9146990929445913,0.9223233943170296,0.9045444634596325,0.9156962189426048,0.9114097595609542,0.9237822433721316,0.9159730431842696,0.9201793775994539,0.9154327755544348,0.9219194392906959,0.9222432957394862,0.9176559417617083,0.9148901031390959,0.9131605312291315,0.9190301439745583,0.9193376539410982,0.9176448721520765,0.9221944929728241,0.9099098503881005,0.911176159749963,0.9190582946397944,0.9226632865926995,0.9221775138107781,0.915318244111111,0.9271327984815074,0.9154872239394815,0.9243994549123958,0.9094172037170702,0.9112556190645953,0.9252503473468421,0.9185295147174872,0.9095919800135558,0.9222173821722588,0.9165043000308961,0.006229428091150257,145
176.89753456115722,147.45319129512018,0.33729033946990966,0.439461241109714,0.16094119246640926,8,0.7102644796917272,2,4168,0.7257235182514921,"{'learning_rate': 0.16094119246640926, 'max_depth': 8, 'max_features': 0.7102644796917272, 'min_samples_split': 2, 'n_estimators': 4168, 'subsample': 0.7257235182514921}",0.905612358868497,0.9065965485562961,0.9252476479318289,0.9118439578917565,0.9155052267133907,0.9200501390439935,0.9130242473226093,0.9162881499606558,0.9062533885172703,0.9209062348430658,0.9262561552089758,0.9024171007342184,0.9135070861561492,0.9119916620751135,0.9185455421673001,0.9190676307632358,0.9237701766498708,0.9155777315877515,0.918770720209321,0.9012692431960394,0.9082641043749387,0.9217695336465983,0.9115176752587353,0.920078198509075,0.9072100854154281,0.9158406458304263,0.9125025648194351,0.9195857337105169,0.9122289214754113,0.9007032241138184,0.9201020009749178,0.9119902586786522,0.9018318304642564,0.9236747417742655,0.9138228535386884,0.9080087706460601,0.912267856246518,0.9165403430387111,0.9198360117056512,0.9256641463917925,0.9156782987645726,0.92565290770078,0.9088859659720804,0.90389840139851,0.9180536197117906,0.9094623762199721,0.9023268502563562,0.91895082274484,0.9186331117657375,0.912541441051853,0.9162521926975782,0.9174685160628351,0.9166106065016707,0.9136191957903064,0.900548570775457,0.910968390752035,0.922066206285586,0.9199012969421603,0.9161231997227195,0.9118124465673687,0.9143551917862991,0.9115148688584184,0.9190451370764267,0.9133346244937521,0.9211237980321348,0.9211183677388147,0.9222144772081118,0.9119863810065327,0.9178201698841598,0.906954456872171,0.9140950693747508,0.9103184228568202,0.9239482223119555,0.9115412936075958,0.9175783489858832,0.9077668661917293,0.9216516422780872,0.9228272126303511,0.9150317457021666,0.9175453754610536,0.9137227371033835,0.9153953072197202,0.9136876408584602,0.9162574182712947,0.9220390807698534,0.9125301826398806,0.9151513821846633,0.9145602314743878,0.9205623276663282,0.9194975288336762,0.9103011594384098,0.9252593170194314,0.9169641784524405,0.9209722099788203,0.9050211649103576,0.9097857683195176,0.9169347880713248,0.9169552177631607,0.9078707405580584,0.9201350137542368,0.9149076993434005,0.006149100185282861,160
33.24924103975296,45.32868596199148,0.10789775371551513,0.16173884592490131,0.20267695188333315,13,0.4934133071510458,2,4168,0.7422756934537176,"{'learning_rate': 0.20267695188333315, 'max_depth': 13, 'max_features': 0.4934133071510458, 'min_samples_split': 2, 'n_estimators': 4168, 'subsample': 0.7422756934537176}",0.8959656061012399,0.8988715639014973,0.9175552800187919,0.8993315383717105,0.9013511223454315,0.9090355546095916,0.9025991741150217,0.9067984302870019,0.8848705989220323,0.9072412444679302,0.912209300112116,0.8838034654175514,0.9059058117667577,0.9019656135500457,0.899773137033613,0.9029430916776928,0.918821034099243,0.906699477813645,0.9077232836107287,0.8887389186245213,0.8972500039635768,0.9098926541172752,0.9082767814482746,0.9102674127404222,0.9007490496228671,0.9052791434603806,0.901111140892271,0.9015343156173932,0.9005456567775739,0.8900933984776133,0.9051893423818296,0.8933535209395993,0.8954792641910929,0.915460687998699,0.8950377811695804,0.8962954893719476,0.8910169816191135,0.9057632192337796,0.9084408623248093,0.9095961078033414,0.9041306892150694,0.9116326279056751,0.9000377178711522,0.8921517710245159,0.9075496177106634,0.896062311261166,0.8938925875306954,0.9073526257364993,0.9065186539780148,0.9024699784445508,0.9083737094596005,0.8995029016879873,0.9083797340676736,0.906711740781723,0.8836723099421873,0.8922810651792904,0.9141899437542431,0.9098486889752414,0.9040784567685661,0.896937194388975,0.9045293369598029,0.8991105823246377,0.901585828948445,0.9059266079489832,0.9024107573374066,0.8999007032078169,0.906951067590746,0.8963827242602765,0.9095351807001595,0.8925347832502138,0.9030110910028034,0.8982020674478634,0.911457423432621,0.8997162860591393,0.9080986374269473,0.8994291191594186,0.9088396745826647,0.9093070603177278,0.9005273998345428,0.9007285386784678,0.8993617596119388,0.900024676468175,0.9064785339924544,0.9065455087049811,0.9071596826572873,0.8961105532571784,0.893214779694609,0.9028697797878421,0.9078865703702121,0.9088472456023883,0.8959637182697862,0.9103241611193806,0.9013083893349737,0.9090032545292723,0.8941347744715491,0.8976437365396548,0.9136887873534613,0.9015874887344714,0.8977563506866013,0.9066441147039659,0.9025334912304197,0.0070314353740864345,186
100.00786570310592,94.10977578772403,0.23059629201889037,0.302063674489746,0.13420186966472852,13,0.563207966534582,2,4168,0.890300529340937,"{'learning_rate': 0.13420186966472852, 'max_depth': 13, 'max_features': 0.563207966534582, 'min_samples_split': 2, 'n_estimators': 4168, 'subsample': 0.890300529340937}",0.8935888114377484,0.9031955910095212,0.9193012647680932,0.8978604368421632,0.9069487028021923,0.9119832862301014,0.9090337324422639,0.9067780027094077,0.8983173738087827,0.9114510082062495,0.9146487780777647,0.8907011092112207,0.9064316270789132,0.9065183711529958,0.9126625272537012,0.9132574645966458,0.9184079560230367,0.9097894858271777,0.9104823409822103,0.897457615341755,0.896452351832064,0.9095584481773695,0.9055426491081698,0.9119586237854271,0.9008114092220433,0.9090108312566708,0.9039249489463779,0.9107845290199392,0.9100026478207346,0.8920507210881627,0.9102009393349484,0.9002394163887345,0.8968433258077041,0.9173688367359897,0.9013830504704059,0.8937694361608628,0.9009831514969495,0.9129150736024519,0.913703834355341,0.9168611461314764,0.9072718413055549,0.9189807795727944,0.9026710586642598,0.8937890239828372,0.9065666994390861,0.9019914697777669,0.90020011439843,0.9115215568457435,0.9097588637894637,0.902534504989881,0.9050715957035015,0.9068547262700896,0.9106337092082603,0.9085710393165625,0.8977007780937994,0.8983366054818602,0.9145019462833552,0.9177006889707467,0.9081167174457672,0.9028183119325935,0.9088558216523914,0.9005439741259683,0.9094584382818657,0.907785411690216,0.9141359298266641,0.9095918741289137,0.9106268785150056,0.9044104878031337,0.9133909853558544,0.8996420512142412,0.9064650179187758,0.9008224870361664,0.9170025272022492,0.9071632168406734,0.9086178576589606,0.8996113052285134,0.9153758134769527,0.9134456549484908,0.9074623697198452,0.905523310830442,0.8944337142864345,0.9045680609721969,0.9108316001934277,0.909656217521508,0.9101343106612025,0.9032951370967477,0.9017963236695122,0.912512366103959,0.9119712049568063,0.9139558074669921,0.9036722332746769,0.914553581475836,0.9040317108905913,0.912778070155049,0.898632389710402,0.9024609809325144,0.9146191664030876,0.9019844296646415,0.9001140940613707,0.9111662670646179,0.9067587196803301,0.00660597960780555,176
167.7129209971428,132.089195277543,0.4552268362045288,0.7022765877153255,0.011478916201752568,9,0.3467468889128293,2,4168,0.8888719962112984,"{'learning_rate': 0.011478916201752568, 'max_depth': 9, 'max_features': 0.3467468889128293, 'min_samples_split': 2, 'n_estimators': 4168, 'subsample': 0.8888719962112984}",0.9138454223706971,0.9229266090900489,0.9355039483877292,0.9218978435853853,0.9268702117960403,0.928439366313535,0.925795862812456,0.924121541966172,0.9157027669982616,0.9271777330235611,0.9350922042561419,0.9151791916271199,0.9232545524851961,0.9247769890310131,0.9282929750175855,0.9271169501535858,0.9308275327461877,0.9250607566020029,0.9280612380795964,0.9155991026543417,0.9214618525074636,0.9278517248130655,0.9238045064574237,0.9271542374275578,0.9229853191228993,0.9251590674093403,0.9204522168239925,0.9262338704659127,0.9269011003656997,0.9142878996771949,0.9288842444639648,0.9217405181785409,0.9159262027894496,0.9313862792529979,0.9212206037562992,0.919017661295116,0.9200833040409837,0.9257217037901191,0.9264723708925434,0.9329630151678391,0.925938101083834,0.9323986567170587,0.9189668743702004,0.9165587358880669,0.9273015193911652,0.9203983422453601,0.9173123336816402,0.9278316236789574,0.9300061481589911,0.9193078693512938,0.9242342222847061,0.9267452541518242,0.9295548936079222,0.924787471652832,0.9136222823207991,0.9185601120415658,0.9320340454200798,0.9318141516144658,0.9269684303584564,0.9222700305023062,0.925798622951323,0.9248690391253291,0.9247852692082619,0.9225097026816695,0.9286599081363065,0.9301140304049956,0.9284652851507312,0.9226136202224176,0.9299691638133831,0.9171564708915645,0.9223325096165099,0.9216438897217867,0.9303384005414412,0.9236826049642259,0.9274824379243408,0.9201688578841436,0.9296176863223081,0.9295922579231788,0.9270595658655125,0.9245338616085937,0.9205089872446244,0.9276209328888106,0.9281627320388988,0.9246437391696023,0.9290185052713276,0.9206601648714787,0.9233646675382527,0.9261106757690235,0.931036892871425,0.9281961672525645,0.9233951713636219,0.9300147756976024,0.9271985521450731,0.9331273578241256,0.919235780674083,0.9216179722287231,0.927826995097229,0.9267727971135934,0.9178470398630366,0.9318761479158844,0.924914908360136,0.0049322329817755904,42
273.2943958091736,160.5354552231825,0.26154053926467896,0.37991949661645447,0.11252755476052344,5,0.9035772568372358,2,4168,0.8750524870215068,"{'learning_rate': 0.11252755476052344, 'max_depth': 5, 'max_features': 0.9035772568372358, 'min_samples_split': 2, 'n_estimators': 4168, 'subsample': 0.8750524870215068}",0.9114555062562464,0.9149621852523101,0.9312569598722168,0.9198766037760465,0.9278511390115205,0.9247538275783491,0.9228586520267729,0.9201086913637649,0.9090009887645412,0.9212561057630448,0.9306464035688877,0.9098924443218613,0.9214034622361076,0.9170155237344887,0.9226585583781318,0.923057322998928,0.9274828482975381,0.9203090072990248,0.9242052693075157,0.9102520897342565,0.9179291663565037,0.921457076242266,0.9218770862345269,0.9227772816505156,0.9175954648949689,0.9202008127460654,0.9186370211201742,0.9253066188701906,0.9202493421949087,0.909211211475789,0.925234447012992,0.9214342911319907,0.9088124300529985,0.9269979903515589,0.91856980881475,0.9103179918571093,0.9122525977818888,0.9218912903482644,0.9235174172376868,0.9291497355816778,0.923185678893397,0.9325978234713572,0.913968804366091,0.9150164898505128,0.9254927370978094,0.9144595172912923,0.9150147699700771,0.9271026554244713,0.9259066899821237,0.9142496449228545,0.9230805823519168,0.9209538298069285,0.925241197480646,0.9200291773873522,0.9101071101768091,0.9190182219207645,0.927619857894342,0.9269482605373719,0.9232232747913668,0.9216507262262874,0.9200962040755061,0.9188146470011123,0.918495781283716,0.9196243873628158,0.919026432932248,0.9250094443616828,0.9253140841006107,0.9213304686015124,0.9270121918739629,0.9143022517282642,0.9183630409939136,0.9176195866620814,0.9266925824580254,0.9167756578130456,0.9260939934460594,0.9137895950059365,0.9251200258907114,0.9271987138985369,0.9224721249971364,0.9209401523885526,0.9161825036158889,0.9227228982896496,0.9246168859975596,0.9205551334350885,0.9282151469755401,0.9140071652950161,0.9181031168279499,0.9158400904735136,0.9300325256649254,0.9290455289246753,0.9176274286660873,0.9270965504598617,0.9209279296922374,0.9303683699508125,0.9166015602102792,0.9173160268416432,0.9259055624343528,0.9225118852373645,0.9164775050778312,0.9292241557450738,0.9209605905803293,0.005582772604288714,98
344.0763216280937,176.41103198306988,0.575438072681427,0.7616553959390863,0.02182672713652882,8,0.729429006999116,2,4168,0.8426212864018037,"{'learning_rate': 0.02182672713652882, 'max_depth': 8, 'max_features': 0.729429006999116, 'min_samples_split': 2, 'n_estimators': 4168, 'subsample': 0.8426212864018037}",0.9137267104232822,0.9174345564082522,0.9368827834262992,0.9207624887021884,0.9276082216348236,0.9279597094365617,0.924891764553398,0.9245438758594053,0.9152199588645575,0.9262390991337094,0.935707335644475,0.9126066255138418,0.9230714903274336,0.92534389032892,0.9267849196707425,0.9266165458839222,0.9310526059743758,0.9269196917505138,0.9272214442954514,0.9142131748526261,0.9195577732046124,0.9262110812820772,0.9246763130547961,0.9278472531271948,0.9201513947800237,0.9244389166083398,0.9205547475836728,0.9276574737725138,0.9254836333843244,0.9117278085659879,0.9284543241541908,0.9199728828090055,0.913554520869387,0.9318603699032448,0.920026028417896,0.9159277225954285,0.9195632122423,0.925487923699103,0.9272304760968622,0.9322359309923731,0.9240459701139977,0.9325770713570936,0.9200046604339691,0.9142178671427068,0.9287941337708758,0.9190839528793648,0.9164762600534334,0.9281681246848179,0.9281182660342211,0.9186218261560575,0.9253981912101328,0.9291459687467861,0.9293923427707781,0.9220316017300362,0.9159527129570848,0.918985141234733,0.9313812104487734,0.9329182673868374,0.9247002471369036,0.9212889174979566,0.9238370128371602,0.9200094004618036,0.924447711179359,0.9239278526372714,0.9267745711734281,0.9297745265845357,0.9297638616072349,0.9225960895364133,0.9291004963618447,0.9130218209807357,0.9228491161087341,0.9211319909459378,0.9307051715145409,0.9224099897832112,0.9283019042948718,0.9191508294410986,0.9276679282066139,0.9288582103681218,0.9241301243246365,0.9226287276281008,0.9190714248398506,0.9239805530857288,0.9263817760722519,0.9239522292398584,0.9283113652232624,0.9180510410116243,0.921128781020589,0.9231398284317117,0.9297510124672447,0.9291804293172916,0.9212389496017401,0.9320392413826799,0.9251919662923928,0.9314717195236162,0.9183358158856486,0.9207005647627758,0.9304799120532053,0.9251185157340979,0.91899262864477,0.9293477969667532,0.9241568230110743,0.005430152290916705,52
174.09237463235854,91.33665500690414,0.26705368757247927,0.3895039240384045,0.04074815560860463,5,0.6381938749367917,2,4168,0.7162553812160863,"{'learning_rate': 0.04074815560860463, 'max_depth': 5, 'max_features': 0.6381938749367917, 'min_samples_split': 2, 'n_estimators': 4168, 'subsample': 0.7162553812160863}",0.9209669622637359,0.9218410836636721,0.9369173717263588,0.9230427069915654,0.9312693731838306,0.9304034030264782,0.9256352644453338,0.925905742189141,0.917075204052472,0.926224143701521,0.9363903322358333,0.9179714031709281,0.9255975490607529,0.9231483832852319,0.930057759792742,0.930127853534339,0.9311246482225988,0.9245600978611276,0.9256963098364908,0.9181765283248244,0.9232174188081325,0.9297296514361593,0.9246144226410804,0.9270140356034864,0.9199540805520775,0.9242060105051123,0.9242294534664682,0.9275411474050284,0.9276625278110899,0.9142253278814815,0.9296351381625356,0.9251757023129121,0.9144263446311349,0.9334766741903636,0.9222981814549414,0.920251772606922,0.9178452024866957,0.9280077497947141,0.9291440686573293,0.9341932004191076,0.9261308622016517,0.9331702181573696,0.9190667775065433,0.9212318111576645,0.9299043571873119,0.9197638194065293,0.9180656287965534,0.9310002748205435,0.9322680171188941,0.9186039568244828,0.9275900420794037,0.9285253511770561,0.9302371285171687,0.9235935788584198,0.916850591100576,0.9227545792151852,0.9311706143458215,0.9329420769300218,0.9283085082641426,0.9223760007920933,0.9267725396303275,0.9262169266561644,0.9279796915387195,0.9257398771338343,0.9239826888780861,0.931090644177376,0.9290983504568797,0.9236544591255119,0.9281031944481347,0.9197356799018075,0.9242019286024223,0.9252021735760165,0.9306414217142145,0.9208570409071761,0.9309841853080757,0.9196812807472482,0.9318046190426141,0.92959270678931,0.9274685661427354,0.9243164375973718,0.9213160484644903,0.9270231936619818,0.9272461003220057,0.9244886317429105,0.9304932108080664,0.921107382839036,0.9245260013572741,0.9231028413509146,0.9313654657660853,0.929956373053674,0.9205442637832614,0.9313394824474506,0.926661159318362,0.9357568419080964,0.919338479960255,0.9226720540617604,0.9301109263419572,0.9284932187959807,0.9215236771027854,0.9337215352178452,0.925904457265314,0.00498810603530658,20
249.0314529967308,193.28438572282417,0.5283563375473023,0.6856807124767358,0.00787169111132696,7,0.6000233430178148,2,4168,0.7797632208827519,"{'learning_rate': 0.00787169111132696, 'max_depth': 7, 'max_features': 0.6000233430178148, 'min_samples_split': 2, 'n_estimators': 4168, 'subsample': 0.7797632208827519}",0.9182595892910792,0.9226422656818201,0.9374099967110996,0.9229864039208711,0.9294524585654207,0.9304381791688902,0.9281926375818537,0.9267105767382363,0.9183269493913931,0.927863839793626,0.9373074629090158,0.9170955714216362,0.9262199618595897,0.9260716272861009,0.9291376283617424,0.9299014063187825,0.9326877458230141,0.9280769722362336,0.929069068686384,0.9174568766265376,0.922422007752666,0.928835757050239,0.9262024535307612,0.9279308845651659,0.9230278038134704,0.9263489171821521,0.9243717882206378,0.9290014013547959,0.9270507751742696,0.914419834490016,0.9291380908545414,0.924998109257878,0.9172595655366435,0.9329090321340006,0.9242824337683205,0.9204586206793279,0.9206102676470065,0.9279255475146311,0.9291875745009666,0.9348286917212667,0.9265305645077753,0.9347305284719275,0.9210481007982734,0.9183644347559989,0.929672135254743,0.9204987257394042,0.9198435666671336,0.9309036090484621,0.9323825267190727,0.920886593389142,0.9266609749393023,0.9301588657404661,0.9314332944021955,0.9251239151410686,0.9163102452801054,0.9209809350575631,0.931813038148966,0.9345981778024268,0.9280189569172084,0.9237215049834392,0.9265569505042183,0.9252653676053207,0.9283220650547541,0.9251638501811646,0.9293192282934581,0.9331436239939943,0.9308227426568293,0.9262785747069971,0.9312164973466839,0.9183940916373183,0.9259520188449291,0.9250357445213689,0.9332221772847765,0.9244099144963427,0.9302451300563538,0.9222212593385893,0.9310546766013377,0.931661773297328,0.9280354627585767,0.9261780085493382,0.9227131989179006,0.9275693163291923,0.9304989381501159,0.9260249719999605,0.9318556340947894,0.9213479314147566,0.9239345412231939,0.9260940376163016,0.9314276310066788,0.9315383790413614,0.9231087670884984,0.9327000156401588,0.9273043413165375,0.9338668918135483,0.9206730740923292,0.9226435317079809,0.931042138406925,0.929265841896841,0.9216489558975389,0.9323303258543252,0.9267028509012536,0.004942152171212399,12
201.14965208292008,191.99217611141205,0.8318278455734253,1.1331086954149072,0.002204408027866876,10,0.42196109783371993,2,4168,0.6368187333479057,"{'learning_rate': 0.002204408027866876, 'max_depth': 10, 'max_features': 0.42196109783371993, 'min_samples_split': 2, 'n_estimators': 4168, 'subsample': 0.6368187333479057}",0.9122112499755434,0.9193212716917664,0.9351841202622576,0.9183492664764557,0.9244218104265589,0.9264576478844679,0.924662226222978,0.9225126650437943,0.9135610871698217,0.9259255247009541,0.9327380710595599,0.9130502466928684,0.9211142322910613,0.9218988919115949,0.9268499595493132,0.9260833163410681,0.9295458688176059,0.9231687689219495,0.9264023360241327,0.913136210627341,0.9183477885383413,0.9257123263284082,0.9219890709707573,0.9253258749787613,0.9207793991215754,0.9233474631298548,0.9197591121303768,0.9239067159750094,0.9239381086950813,0.9108968997522403,0.9271038273987614,0.919640683792962,0.9135442573720977,0.9296235800996434,0.9198430537964258,0.9157769473301044,0.9175651233266809,0.9242315089023385,0.9257532030554092,0.9309276761403071,0.9234446353753528,0.9322920762590864,0.9178263170463621,0.9139363768998319,0.9259298017714408,0.917229974543125,0.9160495709619962,0.926386306524577,0.928953980788231,0.9178144541598326,0.9228045693472503,0.9251586048193079,0.9283615044247453,0.922865340504726,0.9114921822333863,0.9155512474505484,0.9296502559656173,0.9311706159284772,0.9246139329388483,0.9190309694239374,0.9227971945611505,0.9214663713071879,0.9238459243790677,0.9209395689288649,0.9259100316434861,0.9282673711616212,0.9272655817376221,0.9206530383124731,0.9268781846201519,0.9141660129134196,0.920941227805443,0.9191282576482004,0.928212457350837,0.9217321334297887,0.9256223295933539,0.9179097469288561,0.9268481668478374,0.9280663049620543,0.9247779528458124,0.9225494657559957,0.91778526928933,0.9259759793812854,0.927222335699234,0.9232443668558867,0.9257933436196356,0.9181263660986554,0.9201790831693951,0.9253800183048305,0.9287541297058158,0.9266277305881436,0.9192245577066759,0.9299658914189671,0.9242039301339271,0.9305479210690284,0.9167047699228731,0.9196200142429392,0.9263895816935194,0.9245476283552105,0.9162449338488573,0.9286083460115151,0.9228829363014186,0.00521143515149288,64
338.7171155452728,315.5129377671962,0.6376637029647827,0.8159476252777821,0.01480199922593233,9,0.7311375937791238,2,4168,0.6934767629369737,"{'learning_rate': 0.01480199922593233, 'max_depth': 9, 'max_features': 0.7311375937791238, 'min_samples_split': 2, 'n_estimators': 4168, 'subsample': 0.6934767629369737}",0.9103674147167492,0.9176716762258005,0.9361512452157436,0.920734191272319,0.9256070782076392,0.9277382414712478,0.9244508706441901,0.9246264622918312,0.9142824483334041,0.924774038710364,0.9348499551198329,0.9139106209539809,0.923125146441764,0.921698095509804,0.9266088466696343,0.9259459829883587,0.9311137053374526,0.9256466910576939,0.9263547150256204,0.9126533926321051,0.9206792955355574,0.9271993162864628,0.9228049574991242,0.9273252578385001,0.92047056447432,0.9238864735813803,0.9180572125653437,0.9251878542381403,0.9233917176892741,0.9113207152565121,0.9273648047322083,0.9194769366735819,0.91330785628291,0.931260016019375,0.91815972144259,0.9135684359018515,0.9177376936713478,0.9245983538103767,0.926642765590531,0.9324212640268101,0.9247243570769017,0.932555527112408,0.9177249795625594,0.9142327364297044,0.9268941237375704,0.9167166569120471,0.9141362692229948,0.9267511480631053,0.9281746085709881,0.9194822433699781,0.9239848153184319,0.9269030752389953,0.928239029647555,0.92367755036053,0.9149788645395298,0.916202982278875,0.9299980495325086,0.9319374622384147,0.9253573805751367,0.9203738424195875,0.9243532076573537,0.9200851351174998,0.9250989565830706,0.920167939296318,0.9263504621953937,0.9297195396631257,0.9288676504272356,0.9216395408477325,0.9283952828821823,0.9151242903732779,0.9217681183442369,0.9202008093406908,0.9306702260437325,0.9225065333314552,0.9277935447823502,0.9203370527689679,0.927815118627157,0.9287134031007339,0.9240779363426519,0.9229731419612872,0.9194451529370006,0.9250837440001421,0.9271073683603445,0.9239584367982951,0.9273169659596389,0.9177871988941994,0.9196892232973622,0.9243875377844987,0.9292872442577184,0.9291352028931396,0.918808323827054,0.9317202621113838,0.9225858270122963,0.9313025710687698,0.9170104563702896,0.9195641680341978,0.9295528508106595,0.9247129671663976,0.9171846069682782,0.9266266810179951,0.9234514241340568,0.00553778565888896,59
159.76143409490587,171.81702089899755,0.30984221696853637,0.43537943779807775,0.019230985848199402,6,0.3926818835585638,2,4168,0.9455311449794073,"{'learning_rate': 0.019230985848199402, 'max_depth': 6, 'max_features': 0.3926818835585638, 'min_samples_split': 2, 'n_estimators': 4168, 'subsample': 0.9455311449794073}",0.9192958701209322,0.9247204063363548,0.9366392179473559,0.9243304831143104,0.9301839603375037,0.9292452113132803,0.9282527553869306,0.927659327784683,0.9181399602169334,0.9288597913509077,0.9370915077010359,0.9181548156635333,0.9252972769120574,0.9253990786438222,0.9304144079804081,0.9306313165256681,0.9335593052635249,0.9271134390612634,0.9297008270661191,0.9181408280492434,0.9219779842348695,0.9286969737757316,0.9253355008114665,0.9270497328335588,0.9244669329195204,0.9253533373965376,0.9243668294911443,0.9295228640642085,0.9272158599533715,0.9155322669917088,0.929826680132321,0.9242570150153542,0.9175434239062921,0.9348570949537826,0.9239466624856796,0.9207541609678802,0.9203642990891653,0.9281986019927405,0.9307983278977906,0.9360388417149561,0.9265757953799107,0.9339603613448678,0.9207041254589554,0.920135794673547,0.9291955963003247,0.921223101784442,0.9191334825406845,0.9320956352721154,0.9321917192593756,0.9201280062898285,0.9276655766824227,0.9293853809960471,0.9321531871915466,0.9251535215934028,0.9179781726640688,0.9234645994824898,0.9327085027156005,0.9340238632503628,0.927369492955462,0.9236647731368002,0.9273065398147617,0.9254864763839565,0.9288924539452569,0.9250358163942213,0.9271457039575305,0.9330356182288816,0.9286369476244996,0.925421334753614,0.9310739482776088,0.919530459512331,0.923958390040075,0.9242831232042,0.9328190351846581,0.9226605536598593,0.9302168607397993,0.9203540024246799,0.9326982568707529,0.9314235531588659,0.9286120106910802,0.9266479933035304,0.9234185225534358,0.9273508917923858,0.9297061184101839,0.9256339908825995,0.9315580365545765,0.9229873927767849,0.9255646931567898,0.9242152109715267,0.9327531818005331,0.9327417871350612,0.9255239135952834,0.9313249377631942,0.9289931760163096,0.9358995259064844,0.9212247523601658,0.9236692018471251,0.9307432627982101,0.9296403489661331,0.9222148387841052,0.9340324140026824,0.9269227914261994,0.004880317371305994,9
105.10076867818833,128.03128517335506,0.345737566947937,0.5098261133257979,0.058894059575253024,7,0.4099061789374698,2,4168,0.675271908931688,"{'learning_rate': 0.058894059575253024, 'max_depth': 7, 'max_features': 0.4099061789374698, 'min_samples_split': 2, 'n_estimators': 4168, 'subsample': 0.675271908931688}",0.914832149808836,0.9245698139500209,0.935568638234547,0.924411985697905,0.9292767332257121,0.9320547901441212,0.9238302693318234,0.9255963513238152,0.9164983660707222,0.9255638408115019,0.934799187607108,0.9151671661622942,0.9223023009434507,0.9230962142285839,0.9276015986161611,0.926238348961108,0.930002261483518,0.9250493143071532,0.927962613574488,0.9149052567699826,0.9213738502797978,0.926121784727251,0.9244733934947438,0.926761945073513,0.9231524791665885,0.9225334563648554,0.9222422949685579,0.9246876440469503,0.9252901152392591,0.9126580120868457,0.9293873614017338,0.9204159529767867,0.9154673636952964,0.9308455135705335,0.918872542738654,0.9196614375183932,0.9176797961708945,0.9253581879953559,0.9301334105273292,0.9333621181228166,0.9256337157138154,0.9320858098756343,0.9166828844017036,0.9197298417673941,0.9282795443327938,0.9174036100998709,0.9184146807063657,0.928782902604596,0.929929706285485,0.9196855397659444,0.9266276065000412,0.9289388159218862,0.9310383530396473,0.925622170412452,0.9140277874792532,0.9176866268127863,0.9304500054407834,0.9316470382203293,0.9231640843473806,0.9232292164966746,0.9239910339033458,0.9225782076225335,0.9276892601525922,0.9231258841075453,0.9277479318331237,0.9288384551331362,0.9264781513411502,0.9222810263349633,0.928775471037052,0.9187610123236974,0.9208282345758426,0.9200263445975132,0.9293744623011224,0.9219180758226352,0.928768646001121,0.9184600081649158,0.9286635173523472,0.9267800032015102,0.923190748764023,0.9245702833430651,0.922763447537773,0.9250290150855367,0.9287314731902295,0.9239095058158671,0.9279077628935787,0.9204874166150427,0.9232330992379345,0.9234270460193484,0.9307932016771862,0.9268843899378149,0.9239551343893848,0.930480755782359,0.9263780910426171,0.9310037768548114,0.9178015676712377,0.922839197686597,0.9289241984602116,0.9279356940983982,0.9201786798255974,0.930596989573817,0.9246497300295242,0.0049435415573900595,45
387.6705390095711,337.2114634253939,0.5067491483688354,0.6915531436950949,0.013154903428519675,9,0.7035132276732117,2,4168,0.9410460479419269,"{'learning_rate': 0.013154903428519675, 'max_depth': 9, 'max_features': 0.7035132276732117, 'min_samples_split': 2, 'n_estimators': 4168, 'subsample': 0.9410460479419269}",0.9112840838713175,0.9160408638425438,0.9337379198610624,0.9166525505726869,0.9244062294562815,0.9247923218996321,0.9236220938295215,0.9221249808656256,0.9116167628172526,0.9230787185536344,0.9327689610526614,0.9104704635906847,0.9201593211995517,0.9189702851549132,0.9245360145657072,0.9249746329917331,0.929231094343141,0.9243422996929003,0.9238416657776335,0.9101669380844827,0.9175234770319776,0.9251118187464176,0.9225999241603589,0.924925220259414,0.9194399845736252,0.9218742918020261,0.9166803994500996,0.9241335144774767,0.9243469474704552,0.9111229037537105,0.9249419199800261,0.918505817225489,0.9113184885467618,0.9283279359932565,0.9180176060218009,0.9116945131000184,0.9163826440460273,0.925518536796501,0.9245181304081834,0.9307010663990904,0.922541247154338,0.9312153184674515,0.91627738367159,0.9122079790175198,0.9267608301198613,0.9160707307410669,0.9134879069281812,0.9251640482462504,0.9261636900221747,0.9176083304535003,0.9210705072623,0.9244809584759008,0.9268645686767172,0.9217939848999976,0.9122503324150653,0.9145059077227,0.9292500748431946,0.9305775637004046,0.9241035313806057,0.9184068150811502,0.9224137079063881,0.9191598946177926,0.923402140982481,0.9212864460062131,0.9249238747770879,0.9277219321086161,0.9273407420007833,0.9195316473704024,0.9257452113025781,0.9110208512191803,0.9203055354689882,0.9172245712130835,0.9278112577473424,0.9213446269181423,0.9240641173318219,0.9185723167924106,0.9260822353739133,0.9268271395498815,0.9228879352530038,0.9207323597146682,0.9176128663192655,0.9240728381223678,0.9247004240151366,0.9226798891598955,0.9263395966928702,0.9152679974290071,0.9185792084079033,0.92363010205363,0.92744334466008,0.9276108801932046,0.9188560130404493,0.9301268130358973,0.9225147754649116,0.9294039411204964,0.9147767058595331,0.9168714979019361,0.9277829178224797,0.9234769726428382,0.9163132564426505,0.9261025642676404,0.9217786619985263,0.005532362923565077,85
177.73109660625457,188.66119007701994,0.5667323660850525,0.7599615276766477,0.058787488174591576,9,0.4287208298911828,2,4168,0.8147337384172095,"{'learning_rate': 0.058787488174591576, 'max_depth': 9, 'max_features': 0.4287208298911828, 'min_samples_split': 2, 'n_estimators': 4168, 'subsample': 0.8147337384172095}",0.9102841984098647,0.9181454685706807,0.9322529111256587,0.9175201119703551,0.9237023796051889,0.9234850200571754,0.9216699029345168,0.9192727134203258,0.9122931110007322,0.9218882976696415,0.9295271143374412,0.9096486618244574,0.9186902020618467,0.9206613476496068,0.9249520823270654,0.9246855195403955,0.9299505654758207,0.9224498797356638,0.926414288742618,0.9103538216856386,0.9201322357273146,0.9254752531291915,0.9184502763532367,0.9234472122431854,0.9205453999039122,0.9224263357076453,0.9192691247395113,0.9235013490989403,0.9237443967716308,0.9098020407124767,0.9243913851092697,0.9175763297016457,0.9113442921952137,0.9287324777931458,0.9170443955914903,0.9151655589835015,0.9170656665685388,0.922730061320977,0.9245154447275811,0.9319518945446512,0.924220714029493,0.9310072462929911,0.9181047755828584,0.9138264172389094,0.9251093663222874,0.9180557525451477,0.9141757743696495,0.9264894572932562,0.926005487138567,0.9142593199530331,0.9225951662345275,0.9240237891509735,0.9283631132356736,0.9188105188323868,0.9113084208005796,0.9147099192567973,0.9271709339333585,0.9283107918811354,0.9217914624739251,0.9189328597057939,0.9214298303493065,0.9225741788746409,0.9253766741181688,0.9199075996173169,0.9246809023334311,0.9252132591270854,0.9244008435784203,0.9197305288035452,0.9256808766942908,0.9158988428900251,0.9191072741174672,0.9187026603071151,0.9271438101869806,0.9193589098411068,0.9223076485547661,0.9189684326451468,0.9272003897785803,0.9271652564708059,0.9216412324535768,0.9226981667359428,0.9181934063661641,0.9238641108872753,0.9223427985836725,0.9186668648302159,0.9263674536814817,0.916202923728031,0.9202294072476809,0.9231755946071253,0.9275516258104757,0.9253392546747777,0.9186459938215468,0.9284443178566427,0.9236000956229795,0.9307678500076284,0.914820443094601,0.9215792958186976,0.9276562327735656,0.9245959821865122,0.9170340736009472,0.9292137206242556,0.9216990877864112,0.005196332067171821,86
164.92490017175675,187.6122937218519,0.5598934221267701,0.7947023078677237,0.0074256256636144845,9,0.4770112689529312,2,4168,0.6106544380455997,"{'learning_rate': 0.0074256256636144845, 'max_depth': 9, 'max_features': 0.4770112689529312, 'min_samples_split': 2, 'n_estimators': 4168, 'subsample': 0.6106544380455997}",0.9146649088087233,0.9228559555260221,0.9376040773941813,0.9217985473850225,0.9281782738740103,0.9294400719150876,0.9271491890818125,0.9258944269086572,0.9176380874130621,0.92815606634993,0.9357585850417697,0.9157058443058463,0.9242109488903805,0.9246015903440958,0.9292141717313404,0.9279787111523833,0.9332158330572663,0.9263628703533006,0.9291144100744433,0.916424392179443,0.9210662926484048,0.9281703700531081,0.9260268214074268,0.9284292617150494,0.9245927235581767,0.9253951835150221,0.9228960833325149,0.9276079781533858,0.9261151702120766,0.9139832391805869,0.9298318954582867,0.9224427019960919,0.916876019213065,0.9336374086930463,0.920781044856711,0.9185096826248882,0.9214336939326438,0.9281550517854276,0.9276618354566009,0.9336223122264605,0.9270659992378998,0.9347048397517908,0.9202629461807253,0.9170841811695984,0.9300139662836642,0.9199022324063415,0.9171031638128625,0.9293247641655004,0.9318278320829364,0.9207424614820449,0.9259464319763219,0.928109593884511,0.9306045271901168,0.9243769004779364,0.9153059109181881,0.917966766929568,0.9314408617258715,0.9338021215627604,0.9282245032208927,0.9236716798569753,0.9264506034787242,0.9240361478231948,0.9259522429815831,0.9232448122107482,0.9283775930616797,0.9311800180115158,0.9307402631929403,0.9224791039831378,0.9304483748564808,0.9177071875078189,0.9243833603531663,0.9221845923760968,0.9307476034853626,0.9252985411975517,0.929314992857751,0.9203218353134976,0.9305795043711106,0.9299815282445186,0.9283156974178439,0.9253030279489409,0.9225658046634253,0.9283993552701666,0.9291244512436101,0.9251239358544447,0.9305571314678431,0.9206749373674911,0.9242644527356755,0.9277326374100018,0.9320492815649587,0.929752020264915,0.9229658718096558,0.9331872575628446,0.9275993569419475,0.933706903966011,0.9201686918697121,0.9227286933323898,0.930713600047292,0.9271589993968846,0.9202499195797212,0.9303337237272232,0.9258678747287213,0.005158583757269925,21
242.84601556539536,238.11007601184488,0.75098158121109,1.0181487939659257,0.003542301979862929,10,0.519294212142261,2,4168,0.8664566840767005,"{'learning_rate': 0.003542301979862929, 'max_depth': 10, 'max_features': 0.519294212142261, 'min_samples_split': 2, 'n_estimators': 4168, 'subsample': 0.8664566840767005}",0.9105905464270392,0.9180234458873308,0.9337863627752099,0.9170475726639469,0.9239458920933724,0.9249761326939224,0.9243406615851336,0.9221636921754286,0.912374481262374,0.9247896387280912,0.9325105914332401,0.9110299393274658,0.9212909033214037,0.9205707899180752,0.925709636249596,0.9249974600805059,0.9290585002341152,0.9237184002968531,0.924825455008148,0.9109079373452288,0.9172670664447522,0.9258063686253873,0.9211573925916015,0.924587043223082,0.9198097267409384,0.9221563269170212,0.9173159321153572,0.92289487781192,0.9224053447672796,0.9107430306823354,0.9264391510583186,0.9178113013862753,0.9115371687698816,0.9285218652523436,0.9176372454023534,0.9129613650095626,0.9163776468330372,0.9234226987958526,0.9253941807365846,0.9297670671549205,0.9225846638421775,0.9305419215594484,0.9172929240821486,0.9121509518248967,0.9256115431627742,0.915708821435556,0.9147343842853918,0.9248764098648702,0.9274436136951443,0.9167616358621142,0.9215504110876201,0.9237701239523397,0.9268324135538839,0.9208060340446385,0.9117391264094388,0.9144767936712513,0.9291602880507548,0.9306502486005244,0.9233349648997363,0.9178979879417957,0.9225010299789472,0.9196842967113914,0.923026989751196,0.9194072712530968,0.9249913371495854,0.9267126833694526,0.9270419038397405,0.9187982888550112,0.9265114823631545,0.9122687964281236,0.9207786850896184,0.9168729976982082,0.9277468322324154,0.9208150596567026,0.9242135275922263,0.9173535025144632,0.9256488245277953,0.9275468264876523,0.9231564725631843,0.9214677604618804,0.9171580208501897,0.9244112654349275,0.9251821877659225,0.9222986882733601,0.9257466401522264,0.9160377218986312,0.9187817939005745,0.9247227922025795,0.9278869348653772,0.9253802621929178,0.9198180989077555,0.9292258379355322,0.922892898260794,0.9291695272370571,0.9157041312080986,0.9174595575906378,0.9266481963740449,0.9246530251946755,0.9156061686557778,0.9276369008877743,0.921815613199645,0.005394403858286132,84
21.131218135356903,29.82195400346994,0.08532624006271362,0.13133775686167828,0.2734032352073796,10,0.34288512029063584,2,4168,0.8022354374607745,"{'learning_rate': 0.2734032352073796, 'max_depth': 10, 'max_features': 0.34288512029063584, 'min_samples_split': 2, 'n_estimators': 4168, 'subsample': 0.8022354374607745}",0.8991956875719849,0.8999777595487328,0.913993944634883,0.8977760667720631,0.9076449924445096,0.9054316422958313,0.9014501511119026,0.8989396946074377,0.8966522849578562,0.9067437362392763,0.9118264998427587,0.8938121819861548,0.9010718472688263,0.9051554932296992,0.9055979884499864,0.9048129629670504,0.9073961717627843,0.9021023690563426,0.9053065840156543,0.8930791305645047,0.9006259829469081,0.9083329472784509,0.9001189407206939,0.9044027362252947,0.8964923796873884,0.9016693681901042,0.8998050332283826,0.908726525703548,0.9043542643197042,0.8904068928856225,0.9073164568025607,0.9029843145879229,0.897149462356725,0.9119509800156793,0.8999757145028884,0.8944721221209189,0.8886428297257959,0.9074641794662691,0.9070777742702366,0.9117189802535621,0.9029596274024956,0.9072812718803549,0.8959608334956896,0.893155954445121,0.8966715826364193,0.8996933436585303,0.8980496781313927,0.9044320427643635,0.9146708734661958,0.898587982903112,0.9033911759973606,0.8951036774570399,0.9088554946521767,0.8957364452008879,0.8895381300259674,0.8956322596905946,0.9090934709075511,0.9069493062123117,0.9048822063424676,0.8958705051604717,0.906346384109346,0.8988152014074986,0.905486055117798,0.9019614031158592,0.9075666891479144,0.9008375057964338,0.8968757713709518,0.9032025609133705,0.9066945640497068,0.89577837906691,0.8953637880280998,0.8993291989246055,0.9099211463477501,0.8967370964836509,0.9103150739157502,0.9006987270277652,0.9071625596356835,0.9099312279254875,0.9023927651979745,0.9021520238306159,0.904339609384369,0.903655958601149,0.9013891177294646,0.89749627551642,0.9114284328847103,0.9016081902815548,0.8960737623592321,0.9045209557370878,0.9075499064517536,0.9045547043405152,0.9038175224940062,0.9106360669919829,0.8994054685893917,0.9148974878246374,0.9047732058755518,0.8952444843843446,0.9090662375731827,0.9057834650188665,0.8951329707285391,0.9057374440213175,0.9025285032524866,0.005737251970329641,187
194.00712109804152,208.25934606199928,0.2084408187866211,0.3161773976027731,0.06549741060235847,5,0.9023229491727829,2,4168,0.7385529462805007,"{'learning_rate': 0.06549741060235847, 'max_depth': 5, 'max_features': 0.9023229491727829, 'min_samples_split': 2, 'n_estimators': 4168, 'subsample': 0.7385529462805007}",0.9167117518686745,0.9177175739486417,0.9330369210797044,0.9214257928136041,0.9256234657000681,0.9287073513785143,0.9229953734134254,0.9243443614005276,0.915539863738286,0.9215025919535076,0.9355914000182173,0.9159372462763565,0.9249569528055689,0.9216596275558067,0.9266039479179351,0.9264821588401138,0.9299536266212217,0.9218029495921172,0.9273591384404037,0.9160574535315896,0.91981530402433,0.9267019709874823,0.9228858797010409,0.9260657799287866,0.921106587291244,0.9239731696559192,0.9218823159007934,0.927590884848035,0.924390357216434,0.9106037853723228,0.9266449127085268,0.9222252656968248,0.9119998089219695,0.931720915241884,0.9216412235806297,0.9167917692470818,0.9167167770344461,0.9254109683804035,0.9274888729294088,0.9314713370558388,0.9241793116004657,0.9321442796977911,0.9188840212278646,0.9185713206914319,0.9295330708737953,0.9184537115107688,0.9166125043042768,0.9277955227470261,0.9303699616240526,0.9169446184150236,0.9255970526140809,0.9254183806768206,0.9283669895024734,0.9225167337318394,0.9143674951654354,0.9202371822580322,0.928060847108392,0.9289324077587394,0.9273563678379545,0.9221907962258875,0.9232901494044681,0.9243223847321675,0.9262375298046692,0.9224445044768681,0.9238450746792758,0.9278327298828216,0.9274315682363687,0.921642812298975,0.9277551933875218,0.9188634841134921,0.9245990918283996,0.9228228432935821,0.9296096247607454,0.9206434798567346,0.9293270548190689,0.9183909845946967,0.9287310951018368,0.9293755329474787,0.9255940669494126,0.9240175388683758,0.9183685777011418,0.9228647361269864,0.9264772161251622,0.9235219337663032,0.9293223055951837,0.9170269271205675,0.9214421683175072,0.9215455419574576,0.9300341518091855,0.9285983500926095,0.9210573854727535,0.9285621345372789,0.9240507065447674,0.9305997601118863,0.9186684885469054,0.9223925521077689,0.9294173381354494,0.9268257317779809,0.9203870012435178,0.9308435134789119,0.9239645327479612,0.004904166366485283,54
32.4805712723732,40.38325201124534,0.11014461755752564,0.16030026591280216,0.3147454283856185,12,0.5971235036366592,2,4168,0.5532549058138174,"{'learning_rate': 0.3147454283856185, 'max_depth': 12, 'max_features': 0.5971235036366592, 'min_samples_split': 2, 'n_estimators': 4168, 'subsample': 0.5532549058138174}",0.8747876071585582,0.8801078222354769,0.895034156126365,0.8747597689733606,0.8887160082602429,0.8871398226242018,0.8797979141564604,0.893903500147257,0.8663554833131065,0.8808692369561746,0.8957471560020878,0.8670136065037357,0.8857235092268441,0.8791558547609654,0.8882416548271517,0.8900864120987572,0.8854092213338511,0.8884247933851551,0.8888101084549646,0.8666983701708704,0.8832430774922939,0.8848717347066417,0.8870971962088765,0.8839431784458351,0.8807720136156286,0.8789919598575046,0.8802791260073808,0.8829796580194896,0.875241306274795,0.8646399020013537,0.8801590679828536,0.8762021099465364,0.8723498697392792,0.8970329949744942,0.880244954072275,0.8776003783642738,0.8718906113086707,0.8823759253682155,0.8908498588969741,0.8981569450151574,0.8893541459932659,0.8931571836315022,0.8849473237905816,0.8684296272312634,0.8947013554113098,0.8744042450159484,0.8679485943186342,0.8818457441845936,0.8957613158239328,0.8808431703262227,0.8911353056027572,0.8831901634820782,0.8934318560146004,0.8869331016581992,0.8702596506576405,0.8766574722515378,0.8927476611967707,0.890966548539308,0.8840969221203455,0.873106643106126,0.8791206106791992,0.8848467827086955,0.8910514228821251,0.8804051112011051,0.8904390758234618,0.883840440272676,0.891707244143304,0.886150924660764,0.8877151576992005,0.8642676148251628,0.8784820464930094,0.881566570274814,0.8952382951720539,0.8792554397412252,0.8789177378617904,0.8789112753554555,0.8930751123914187,0.8872531569944762,0.8842230817307531,0.8863816214293259,0.872594777797174,0.8893189724083957,0.886977246955414,0.8800647257183636,0.8900054477920085,0.8755303866175662,0.8719030543605393,0.8892499043093571,0.8777896509088217,0.891265904008286,0.8786628452152045,0.8908659530384608,0.8913403742505346,0.8901305710180188,0.8753193037002479,0.8802671309412216,0.8945041774105255,0.8668862722650013,0.8812009754038925,0.8876897686430384,0.8830403807047285,0.0081600229181012,200
331.9486893439293,341.5945758237969,0.7007258820533753,0.9887790355857872,0.01970268772826537,12,0.6143991414158105,2,4168,0.8294170684987832,"{'learning_rate': 0.01970268772826537, 'max_depth': 12, 'max_features': 0.6143991414158105, 'min_samples_split': 2, 'n_estimators': 4168, 'subsample': 0.8294170684987832}",0.9052771534028289,0.9110866566772002,0.9280745033255711,0.9102785813010505,0.9195304272762811,0.9209419775389592,0.9190008378402221,0.9174004522932316,0.9065420027762855,0.9198677520763839,0.9262780030038104,0.9070429390275302,0.9149821070713807,0.9158764691273436,0.9208527424512477,0.9199532196289144,0.9242179859472923,0.9195540754223639,0.921591624919366,0.90452153486384,0.9131618168474892,0.9208729009755683,0.9166222606836079,0.9203299836167577,0.9142485983895231,0.9185239143744761,0.9111351015910939,0.9181225981105494,0.9173737301700775,0.9042534226005899,0.9220821283938907,0.911268569101599,0.9076659771598362,0.9246083600598708,0.9116790976522902,0.9042525728290353,0.912007020957392,0.9174177330740451,0.9219450713197956,0.9242825542418888,0.9172589192170398,0.9264899879672434,0.9119588944274216,0.9055793855134653,0.9207220549244273,0.9118697867143574,0.9080989225789045,0.9200019521416216,0.9208493031756586,0.9120225079737538,0.9159539224468054,0.9189667629151413,0.9207051286395489,0.914864112134629,0.9057276460482112,0.9068475522155266,0.9249806386117775,0.9258412101673028,0.9187335879631495,0.9115192303826913,0.916486203453661,0.9115747935473791,0.9180506247917437,0.9166128863426664,0.9220890945954892,0.9212438642824858,0.9227559549230063,0.9115343177289355,0.9224609358044356,0.9079594756483218,0.9167622304829286,0.9115155589200685,0.924538934219578,0.9177904773795504,0.918950565359077,0.9132681545663988,0.9213102976725794,0.9229533470667141,0.9177073405827875,0.9175658178354675,0.9115550097854342,0.9193787793393206,0.9190441186260925,0.9189894059232819,0.9202546695941556,0.9109803833396013,0.9130171447170811,0.9195109818784803,0.921750058914806,0.9201443091188941,0.9144771891291922,0.925141624172095,0.9174234723136679,0.9236177670342292,0.908450891986643,0.9122488718032669,0.922949441977273,0.9194959433327764,0.9096685662172792,0.9214219335553201,0.9166636740224132,0.0058243635985062246,143
141.75725667476655,176.9619062265948,0.2216405177116394,0.31655285729579424,0.19115907462495102,8,0.7373263013539815,2,4168,0.7790064005873156,"{'learning_rate': 0.19115907462495102, 'max_depth': 8, 'max_features': 0.7373263013539815, 'min_samples_split': 2, 'n_estimators': 4168, 'subsample': 0.7790064005873156}",0.9042192631655973,0.9085229399737482,0.9223194636146643,0.9062525897108831,0.9161051638773405,0.9158121588520918,0.9137123572057029,0.9088339696869406,0.9092769753682524,0.9108228017692936,0.9260017525451697,0.8954380504541498,0.9143225846322272,0.9149597043638982,0.9117349741523448,0.9177195220278386,0.9192816985545131,0.9119041465350646,0.9154637076227296,0.9045624369550991,0.9089573741646426,0.9138789618509799,0.9165422383594438,0.9142863379490412,0.9059022195476113,0.9153317383234059,0.9109220172712239,0.9149845017145652,0.9174072505686861,0.8940592595737814,0.9174723766652562,0.9124080897568081,0.9001631482883323,0.9243733602889297,0.9119720591654299,0.9062169482294256,0.9095676534335259,0.915391638008703,0.918447466361428,0.9214913998314992,0.9125545460439878,0.92301805298338,0.9067683702091054,0.9050163459967376,0.9199073999044246,0.9083306827780186,0.8995040868550622,0.918353080031099,0.9204085477313604,0.9125223586849536,0.9146568970019516,0.9153799635627212,0.9183501495682798,0.9121204060425879,0.898815977372701,0.9076555204687429,0.9178422886397891,0.9198714467447172,0.9146731465899365,0.9068413558307402,0.9120972229914404,0.9100866867896932,0.9186253990880318,0.9104617277888852,0.9166052168816319,0.9186878689278629,0.9216286261766177,0.9121009537284731,0.9168090556532303,0.9073795925174826,0.9161136984907308,0.9043527008743423,0.9245882038094781,0.9125610251937589,0.9184961218343257,0.9109525846977871,0.9189630810672229,0.9121620519242917,0.9132344375709315,0.9112740214781476,0.9124184635940247,0.9106248381221902,0.9139429208119386,0.9111881280602323,0.9223534688496684,0.9071245443721059,0.906779191986621,0.9126924749371196,0.9201011683434246,0.9218809407487414,0.9111340725633652,0.9239241416448928,0.9084982295234814,0.9195596720977467,0.9074417724441058,0.9103693365030405,0.9172013807797412,0.9124810999935733,0.905035111580464,0.9159323072776576,0.9130749646517906,0.006245495031816685,166
93.99685249328613,115.81904774818598,0.30498764276504514,0.44404673443373804,0.007905759575680264,6,0.38328835821838003,2,4168,0.6596977658090665,"{'learning_rate': 0.007905759575680264, 'max_depth': 6, 'max_features': 0.38328835821838003, 'min_samples_split': 2, 'n_estimators': 4168, 'subsample': 0.6596977658090665}",0.9171189232759598,0.9263383218274199,0.9372340738947935,0.9228648945285253,0.9285211726029394,0.930341846301259,0.926726735513796,0.9264748275651173,0.9179963068703533,0.9291482607221532,0.9359634912823104,0.9181525323726707,0.9257608908941679,0.9254047969139262,0.9301454350634968,0.9302144733330902,0.9317700285488757,0.9254882681191144,0.9297199300103642,0.9179136581673152,0.9222838126967371,0.9283896229403302,0.9248221991492662,0.928219582720715,0.9252245147961238,0.9259273069452344,0.9253453215325917,0.9286720330493723,0.9279807757073495,0.9142886943274707,0.9291614929334092,0.924721624886122,0.9174817950577588,0.9334215163780128,0.9238975094972085,0.9215219546852925,0.9210640363124715,0.9284447307521827,0.9282389756754013,0.9341816544881809,0.925859123920092,0.9349927287218446,0.9198367456126947,0.920002308557167,0.9298434867019243,0.9204377603294427,0.9196224009155384,0.9312897273552203,0.933412221521073,0.9205334263389371,0.9268510527721356,0.9296780914851007,0.930869722396263,0.9247587008055683,0.9169928217109992,0.9207545652511381,0.9313824356174658,0.9326579913015367,0.9283099439366853,0.9239420017951114,0.9266184395294071,0.9259065726996796,0.9272253979741708,0.9252179674578694,0.9272660385451028,0.9332032654398681,0.9296589599475434,0.9256391329729179,0.9312126565679164,0.9197006837047643,0.9249456067625506,0.9241834302557455,0.9317075093063856,0.9213812244611929,0.9309041242279763,0.9205013115639075,0.9306409516752524,0.9312950340015832,0.9281232535300759,0.9261367030149755,0.9218973336084525,0.9271874914401873,0.9303733733821845,0.9257614736717046,0.93102752437058,0.9219395597649875,0.924856690330159,0.9239097553559776,0.932272956602925,0.930409883514806,0.9229286283353678,0.9318246302946519,0.9275678487730099,0.9352176334903493,0.9193410657080778,0.9232998550573415,0.9306301865987139,0.9292718226985819,0.9215027550624478,0.9331754721241752,0.926544794832084,0.004851242651599987,14
146.259846739769,180.35976330371915,0.3973843955993652,0.5916926492270246,0.002099302779853093,7,0.41157455805695187,2,4168,0.8408431353009675,"{'learning_rate': 0.002099302779853093, 'max_depth': 7, 'max_features': 0.41157455805695187, 'min_samples_split': 2, 'n_estimators': 4168, 'subsample': 0.8408431353009675}",0.9089356685365786,0.9180043571851403,0.9320519541277897,0.915210923183121,0.9229256622767763,0.9241296980884779,0.9225153869335292,0.9183714795567817,0.9098841548532248,0.9238195167746662,0.9294269024736405,0.9109402405999528,0.9185638143089078,0.9191556968582275,0.9237560367721376,0.9243049612086498,0.9260765643898248,0.9195276787764782,0.923140992636177,0.9122446301443715,0.9164303840357673,0.9225082192721173,0.9181209055826292,0.9219699720546842,0.9170777596210916,0.9200748502859806,0.9182998026840761,0.9211381082461488,0.9217635163749897,0.9064328085317263,0.9242007940545985,0.9189111381545427,0.9094977613961178,0.9252172568847989,0.9190888393359766,0.9126352418403862,0.9149932742479586,0.9213297302078061,0.9232815490742059,0.9274682500852932,0.9185215493994171,0.9307135938961303,0.9148740002395932,0.9118960702251254,0.9213383607906177,0.914440235767221,0.9125729861499438,0.9242630613715196,0.9262458295762694,0.9146559217391604,0.9201740700538863,0.9226849731664681,0.924915895306686,0.9190256001248865,0.9109669405094142,0.913486869878232,0.9259112382111298,0.9286004432966346,0.9220018917008176,0.915862071948769,0.9185285064187039,0.9195120832661902,0.9220000376695365,0.9176264409265011,0.9218561615090188,0.9262865536100565,0.9238391719470045,0.918968386957925,0.922970011766288,0.9112201129760793,0.9193883079662606,0.917178713349714,0.92519653768476,0.9166783110948244,0.9240575912625055,0.9132859727151722,0.9243078597653234,0.9260952381757027,0.9210880414849101,0.9190484632426136,0.9136693401932864,0.9220025402736773,0.9244977310082113,0.920461748303841,0.922583997198298,0.9144413498610597,0.916449839456956,0.9216126786925477,0.9253592108210797,0.9240313042717806,0.9155869394020895,0.9258430462446321,0.9211093603372565,0.9281479452767426,0.9137606642656337,0.9168946689218259,0.9230770362205636,0.923082791714973,0.9144590481596322,0.927447764402181,0.9200022959382262,0.005214755846209371,110
220.43326827526093,172.65232691348837,0.4643662428855896,0.6665341538622477,0.008952858170585108,8,0.5661338573527634,2,4168,0.773315271193567,"{'learning_rate': 0.008952858170585108, 'max_depth': 8, 'max_features': 0.5661338573527634, 'min_samples_split': 2, 'n_estimators': 4168, 'subsample': 0.773315271193567}",0.9154340569822674,0.9209343207004654,0.9367217576247315,0.9221800860985565,0.9292960118504962,0.9297044681543106,0.9270602555204824,0.9255362281875891,0.9171361486320675,0.9271595731961605,0.9367112334574162,0.9160672865097496,0.9252346479699425,0.9249285374315772,0.9288178546559822,0.9280147376161987,0.9330011988196998,0.9272736822414825,0.9297936057039966,0.9162774292733982,0.9217087531785961,0.9290785151096623,0.9256602646589285,0.9291277517302536,0.9230798368545834,0.9242769367327368,0.9220799433450247,0.928207223281091,0.9264199158903395,0.9152110778001042,0.929886108897639,0.9235427314246608,0.9153042485232663,0.9333905275299723,0.9227285538474128,0.9186966226107249,0.920674588895892,0.927468232091755,0.9286893972639111,0.934398521214908,0.9266749026100892,0.9336798139117952,0.9195791824552969,0.9170023860472885,0.9298878862198049,0.9204576240604754,0.9187352212104277,0.9296829196182118,0.9311009965940352,0.9207693147070546,0.926262545623465,0.9291402258806984,0.9309805775877423,0.9247863101203578,0.9151914956099028,0.9194521061196301,0.9311860133138705,0.9337417597768916,0.9282808541371839,0.9228988142476936,0.9264425840317894,0.9245546060276653,0.9266939855721898,0.9246144208435783,0.9292382824339006,0.9308825612670805,0.9304500614577386,0.9229295662085673,0.9307332417322591,0.9177707884950799,0.9242090735775321,0.923419521324216,0.9324552359969015,0.9241996345701772,0.9294255289513211,0.9220565274073461,0.9306708438346702,0.9307785351615665,0.9278631570230362,0.925256575199379,0.922534933755086,0.9267345207964736,0.9291320101850012,0.9252259253436264,0.9307203369567364,0.9211374750493315,0.9228043716895536,0.9254977458762261,0.9313729944702194,0.9309104873288548,0.923237007839811,0.931833049659133,0.927401555434596,0.9334499440420853,0.9206040247707448,0.9228741740239772,0.9300857792135233,0.9282164515603303,0.920752444550098,0.9324978616750504,0.9259807164669641,0.005102408449816396,16
431.40659233570096,314.64753783007865,1.2027132415771484,1.5692294784963141,0.004699090486003942,13,0.7288114078786097,2,4168,0.6565132929283641,"{'learning_rate': 0.004699090486003942, 'max_depth': 13, 'max_features': 0.7288114078786097, 'min_samples_split': 2, 'n_estimators': 4168, 'subsample': 0.6565132929283641}",0.9028822168081824,0.9115188689080903,0.9305195635698931,0.9107371661679401,0.9209382868722118,0.9208247311841594,0.9196201748172848,0.9173592855869476,0.9075011789269647,0.919803219242817,0.9276240265633554,0.9051837763934028,0.9158009170220935,0.9157239579424743,0.9227886165088529,0.920844483238638,0.925753923941917,0.920838210403868,0.920245422728754,0.9052700487017749,0.9126300439781871,0.9214298522116583,0.9176506878960999,0.9210883626518571,0.914109655668797,0.9209790431788603,0.9112802212993548,0.9192424169066378,0.9175039153587202,0.9034530845129912,0.9220551209480737,0.9118379541560601,0.9073639368959597,0.9256603562891454,0.9110318240051142,0.9065290787938222,0.9115956346034919,0.9199456490862792,0.9225196755915481,0.9257455697147946,0.9185099306672773,0.9267760788193016,0.9130433431278536,0.9066916152056518,0.9228660417106949,0.9103766481080241,0.9087279367401523,0.920770206740143,0.9222629139913252,0.9137699832615037,0.9168613364262223,0.9195276789108406,0.9228008147384211,0.9167554926503353,0.9068047090047132,0.9085815287215061,0.9256682363372507,0.9258763373403482,0.9188058067953824,0.9123756047994951,0.917888400093821,0.9136030156923338,0.9198936032541392,0.9161626902263047,0.9213261169477843,0.923419482523709,0.9238140535746282,0.9139189791117043,0.9221990496167619,0.9063123080490024,0.915765975925203,0.9119004306442532,0.9230810640476503,0.9165384011264401,0.9201028991954993,0.9150958609132844,0.9202011540668028,0.9232522089429079,0.9172693021730941,0.9166895053335594,0.9130289294780398,0.9196394038209535,0.9209375704662367,0.9194771501281498,0.9206700503613168,0.9105693377386188,0.912639454577304,0.9199155745051464,0.9235366934397943,0.9219982047775681,0.913759771540057,0.9271767103767672,0.9166456357995294,0.9248808821155976,0.9101022016585609,0.9131525944845823,0.9238112694415264,0.918429985550325,0.9092708481591271,0.9232383222318792,0.9172459749548348,0.006110720364129849,136
134.08435890197754,154.31035269666174,0.31582237720489503,0.4127847887850423,0.09007975215349343,5,0.47952557638509563,2,4168,0.7829529791145666,"{'learning_rate': 0.09007975215349343, 'max_depth': 5, 'max_features': 0.47952557638509563, 'min_samples_split': 2, 'n_estimators': 4168, 'subsample': 0.7829529791145666}",0.9160155454415309,0.9192748762379546,0.9329091815995569,0.9195845398038358,0.9262681216638522,0.9301065300793138,0.9231117353303123,0.9239606096746535,0.9113117631870432,0.9239225766231024,0.9316978153484882,0.9139164978968085,0.9235802089021694,0.9215094693944769,0.9270497778609865,0.922776034915255,0.9270510955178629,0.9219689643473473,0.926734407957423,0.9110145330025314,0.916507547217165,0.92762030376146,0.9244729370731749,0.921756516990174,0.9211448868673877,0.9213810450218595,0.922429912857278,0.9229481748081811,0.9237647499577285,0.9110964225028305,0.9271784623697641,0.9220394891415812,0.9130640760719759,0.9288591601211275,0.9215103961394626,0.9164773787833803,0.9186584792877133,0.9271124454917741,0.9246346462595966,0.932537493043591,0.9232153949833712,0.9275388234691756,0.9164579364523255,0.9130541268920179,0.9275077032148253,0.9135176122009578,0.9154170206566573,0.927546649427115,0.9321202305856824,0.9154637853789901,0.9242680105611919,0.9247325114869804,0.9268998476467103,0.9215574238008993,0.9106419347703543,0.9188549348239471,0.9281565001712033,0.9300681698055516,0.9253179014469215,0.9222703454703906,0.9267453409493682,0.922797737190712,0.9237814100820788,0.9227009748795449,0.9236376359078886,0.9287306474733639,0.924382247749081,0.9223865046126563,0.9265489504641627,0.9196347922197968,0.9240198769615235,0.9192911032925568,0.92914348705727,0.9181467244538863,0.9253253190641924,0.9148398699256598,0.9273044739448953,0.926532169718409,0.9255398102306405,0.9203233222593641,0.9212563540281731,0.9224652173447295,0.9253845600821539,0.9206624301622174,0.9260481146000618,0.9162959368361775,0.9197690727352,0.9187504750373615,0.9278901035167976,0.9276914803439632,0.9206047599240959,0.9264562686053706,0.9261639251480409,0.931686412716017,0.9143507785862176,0.9176945935913738,0.9272989603435388,0.9243387975355927,0.9175971920517394,0.9282963611727185,0.9227607986459558,0.005214199205947317,68
282.2692062664032,229.18475875343222,0.328095874786377,0.46547204661608255,0.04291901388569427,7,0.7062131452903928,2,4168,0.9132119825742047,"{'learning_rate': 0.04291901388569427, 'max_depth': 7, 'max_features': 0.7062131452903928, 'min_samples_split': 2, 'n_estimators': 4168, 'subsample': 0.9132119825742047}",0.9144236187751464,0.9210600626712608,0.9356459697088082,0.9225266684634791,0.9277161371784245,0.9280521976190438,0.9265156334266623,0.924938167926012,0.915511688937581,0.9251804086653929,0.9347303110190986,0.9152055634122915,0.9242324035096378,0.9244141045753037,0.9258659607726575,0.9256567443766435,0.9304616134990217,0.9267095155286287,0.928565444620162,0.9143958962000382,0.9188802768414024,0.9280644745374523,0.9240805887876476,0.9261755736663755,0.9198595910506787,0.922835147380961,0.9217253386074781,0.9263024277203499,0.923387657739674,0.912768248536837,0.9299968954269529,0.9231669910327004,0.9157812916602589,0.9315655074461138,0.9210749124700085,0.9158303224656139,0.9205685640832378,0.9275867390440026,0.9279739115081477,0.9332904112895264,0.9243332280763888,0.9315980001632509,0.9179635476375033,0.9171190124259613,0.9270556559484484,0.9154647575010535,0.9177394281567971,0.9287525107905877,0.930431116742987,0.9197771952752299,0.9255665475416214,0.9294987898310625,0.9297536305190904,0.9244780753119447,0.9158747150389167,0.9200433586859436,0.9290597646755674,0.9327696196401999,0.9253351930107632,0.9209193880430055,0.9246291226350662,0.9206891543131382,0.9261695704924389,0.9239226456628036,0.9271050792886321,0.9302142706773762,0.9286811570185223,0.9248693760019782,0.9300081922526812,0.9173213818921986,0.9213793243257474,0.9223510490582375,0.9318166945260462,0.9225807043166396,0.9268639227869127,0.9194107228001724,0.9302164719341228,0.9313079506537693,0.9256381259014641,0.9234602822635309,0.9199980499375338,0.9253208755108584,0.9275044606732803,0.9234668565363016,0.9303415408167381,0.9180284939916808,0.9222031726955482,0.9246904887364576,0.930318012542831,0.9310324827448293,0.920131785406417,0.9309749124822546,0.9255705463503966,0.9338390322367703,0.9181175976316975,0.9221326405850276,0.9306934045870948,0.9266001120131312,0.9220791510658886,0.9318057082977313,0.9246974104084097,0.005210906292948641,44
239.41297226905823,238.8483050697994,0.24813492298126222,0.33598888314692305,0.06770330433633677,5,0.8267634387057252,2,4168,0.8338849407061293,"{'learning_rate': 0.06770330433633677, 'max_depth': 5, 'max_features': 0.8267634387057252, 'min_samples_split': 2, 'n_estimators': 4168, 'subsample': 0.8338849407061293}",0.9150471139363947,0.9172716103153465,0.9335799714388795,0.9212191885574571,0.9283209773277545,0.9274822015122841,0.9235169789832725,0.9241392541908993,0.9135207684488815,0.9249748103063942,0.9339003343275798,0.9157501325498403,0.9253686932909877,0.9197119220552122,0.9270851030055662,0.9263609102527315,0.9303675781274349,0.9227315426396503,0.92476553721916,0.9120517811328117,0.921555907313942,0.9256096335798114,0.9231257866848073,0.9263786208843771,0.9181952338519591,0.9223655148316627,0.9217183981193797,0.9259267943192659,0.9226660602935006,0.9121814695557539,0.9269121092434369,0.9206590106334973,0.9156401359806413,0.9303482137356608,0.9207950767243587,0.9201375699698539,0.9161140669589961,0.9272854605378875,0.9265892895433955,0.9323008585884324,0.9214385569149859,0.933294707458566,0.9171031812549871,0.9184389465863677,0.9279143287214023,0.9181040455854207,0.9150905502523735,0.9288863542137301,0.928908114705936,0.9141839649976373,0.9246559813374695,0.925647932492487,0.9276167759720327,0.9231925388215205,0.9119929021540524,0.9189063662307787,0.9283454417367507,0.9287825477228869,0.9240843896566492,0.9228727727809795,0.9218849151678467,0.9199900325327222,0.9254421580076588,0.9236389502900006,0.9218000223928747,0.92729680292341,0.9281668235061876,0.922764644644915,0.9279103595387276,0.9167161939091297,0.9216657832902782,0.9207475892575955,0.9295144857960727,0.9216975051503759,0.9275700358974592,0.9184345610908062,0.9322419602648161,0.9304597131984903,0.9229745225376013,0.9220003017763594,0.9165187039048901,0.9229416413002514,0.9252649364134746,0.9220374229916756,0.9287012854912965,0.9175083377916585,0.9226874590995013,0.9170588973803984,0.9303756718162559,0.9293434082665161,0.9204221030635013,0.9271544622297149,0.9225080916371591,0.9324391900006287,0.9196205291185705,0.9190934191924118,0.9286530703810063,0.926574485420796,0.9187245288609864,0.9330876848829004,0.9234676471098311,0.005259125293969126,58
277.8045687866211,242.87279165266133,0.9925455331802369,1.365595150312042,0.009333073735289197,13,0.4801316361555423,2,4168,0.6743591710936778,"{'learning_rate': 0.009333073735289197, 'max_depth': 13, 'max_features': 0.4801316361555423, 'min_samples_split': 2, 'n_estimators': 4168, 'subsample': 0.6743591710936778}",0.906817005834766,0.916128708260998,0.9320173347195424,0.9130324743938407,0.9214918932260452,0.9229825677453674,0.9222881345269675,0.9190929084807786,0.9094230948690722,0.9233033031737328,0.9286050739622984,0.9073805048708594,0.9176510137123722,0.9177294582006658,0.9233002862313243,0.9225998300347751,0.9268444226720655,0.9206917306649102,0.9222630664062194,0.9082334907432955,0.9137534522750335,0.9238548268746143,0.9173701394520366,0.9236178076306238,0.918639659807529,0.9196712461468086,0.9139379014041149,0.9196757488403531,0.9196797799897107,0.9082557947932397,0.9246263641584088,0.9144004478973703,0.9097591217638628,0.9259316261966997,0.9143881508810875,0.9091989061969421,0.9130223121526113,0.9213019921926514,0.9225076887859299,0.9269166267667996,0.9187478437367265,0.9281149029689865,0.9151908232764273,0.9075400756764616,0.9231121939886315,0.913426410722018,0.9103580041213802,0.9216491684913579,0.9248904027203638,0.9154995854916635,0.9188599985454841,0.9204988491122359,0.9245421410748272,0.9195501678380625,0.909231241552106,0.910036794017655,0.9259629690958545,0.9274650508069151,0.9211190337734072,0.9148006877340155,0.9200011897928708,0.9168385130710632,0.9199522589560998,0.9169584135985773,0.9227340674312207,0.9242442465952198,0.9244544147557626,0.9148275776895578,0.9238245732306621,0.9092935251154579,0.9189754699951278,0.9146249759438962,0.9239458431494288,0.9189331471800009,0.9213490226171897,0.9162416030923977,0.9235492315999839,0.9252930612588108,0.9202223456765546,0.9181458441679091,0.9153657207905479,0.9216562333925952,0.9238643939888885,0.921032338235477,0.9227374368820288,0.9139633541362138,0.914489175988718,0.9229267301336849,0.9256322998438705,0.9224168575473571,0.9157041603816173,0.9274748098910753,0.9202150652785699,0.9273791561487986,0.9127815007055335,0.9161836927168717,0.9250848161841192,0.9205585479834216,0.9143322824686266,0.9254874745321727,0.9191667761382889,0.005629013395619549,121
228.79713813781737,212.0570045677053,0.3051724815368652,0.3979079744090225,0.2967854276883806,5,0.7563727365752111,2,4168,0.752046969735728,"{'learning_rate': 0.2967854276883806, 'max_depth': 5, 'max_features': 0.7563727365752111, 'min_samples_split': 2, 'n_estimators': 4168, 'subsample': 0.752046969735728}",0.8945600104141049,0.8985212996060785,0.9212697198000159,0.9007426994531337,0.9177813062301121,0.9100152967588746,0.9037112199576258,0.9090465112080253,0.8980932902804275,0.9054511655614083,0.9179466387253484,0.8962271249208709,0.9088565337368966,0.9132309971492805,0.9086206923985958,0.9086477219235533,0.912096873031617,0.9095626245462779,0.9084615489855675,0.9015042227652518,0.8983745321168439,0.9033432619225658,0.9070189843363784,0.9109371415091705,0.8947232515586082,0.9014972029419767,0.9089479602606717,0.910539684005828,0.9048716280143647,0.8914345375654883,0.9096107283316449,0.9038448210251452,0.896002318252857,0.9150149115831392,0.9065898376434541,0.8985927612121511,0.8911998064686808,0.9135913936652269,0.911744099509997,0.9153172916029295,0.908897742994526,0.9211385775102924,0.8965519303996351,0.8987769923388875,0.9090650027024431,0.90182190791108,0.8959916677437221,0.9127814367289787,0.9122444843267357,0.9019366390917456,0.9050177044580517,0.909644573673443,0.9100567140192632,0.9047710231550018,0.898726925968797,0.9014519102025697,0.914946211331911,0.9129796105657844,0.904027227026844,0.9002815120709354,0.9021047900620845,0.9037674095356465,0.9066117542945549,0.9069807661827421,0.9082200346813434,0.9114811627182053,0.9134620656416483,0.9058297188790099,0.905059993654322,0.8897899693338446,0.9028625208090421,0.9037115935807062,0.9160852842606648,0.9004543805556253,0.9104518336931221,0.902733073443815,0.9116486705356188,0.9106219980879582,0.9081760676201043,0.9085221387131359,0.8996483614339494,0.9061224746108142,0.9081578257070085,0.9093765298987829,0.9149841857710838,0.896177715978558,0.9080395493535645,0.8934381956535613,0.9157662788702688,0.9126233461514138,0.9032293468777952,0.9161970315232901,0.9071018890887445,0.9108870374680078,0.9007146187064639,0.9005124037779657,0.9143730697785564,0.9140035125639044,0.8997399128938334,0.9104877779311685,0.9062880973552278,0.006790912380614123,177
133.3858796811104,146.6406158510846,0.231044659614563,0.3410899656184323,0.2827819835087035,6,0.5644190594945832,2,4168,0.8005679371762305,"{'learning_rate': 0.2827819835087035, 'max_depth': 6, 'max_features': 0.5644190594945832, 'min_samples_split': 2, 'n_estimators': 4168, 'subsample': 0.8005679371762305}",0.9020796482318636,0.9025309842220939,0.9184004885828174,0.9070922964571249,0.9152907013924876,0.9115584484698628,0.9062232624539535,0.9073888156257335,0.897179764088984,0.9072814188204505,0.9243450571480448,0.8903616800940924,0.908159066918581,0.9100781809066542,0.9119195849096944,0.9088376364973629,0.919040371583664,0.9126925464730443,0.912225125106044,0.8969817682398097,0.9027607948557579,0.9057765259084366,0.9069236697081784,0.9106395152212835,0.9026672625337674,0.9131062215630746,0.9074529955320714,0.9131782961404206,0.9116074708639629,0.8990162012464185,0.914396321078944,0.9055708017661813,0.9000444828218024,0.9175741493477995,0.9061569770539086,0.9011403304197839,0.8999230020711915,0.907588437202241,0.9120534664814032,0.9179165156798508,0.9072024749856539,0.9156084512630851,0.9047010644977882,0.898060839134363,0.9141566945477917,0.9019871268061372,0.89705161169964,0.9145287708485474,0.9143471092033145,0.903209025845228,0.9111978781860253,0.9110800163819335,0.9124268866779494,0.9079387127116447,0.8929961239235134,0.9121271142428365,0.9167336993345921,0.9191169863417578,0.9142234202878353,0.9125322829648234,0.910020226594206,0.8993328974003036,0.9106934888301552,0.909975622264747,0.9085994159353972,0.9184583911974772,0.9127837914721206,0.9077306367976471,0.9141401827385756,0.9042279351919126,0.9062081695245819,0.9095178253920213,0.9157982991477622,0.9105826704262554,0.9062661826442684,0.9045616812350139,0.9163769548953912,0.9136743586031191,0.909615219797338,0.9092264150227867,0.9035905819456673,0.9025203519866324,0.9081959127301811,0.9054181015309744,0.9106929896546336,0.9015500430603813,0.9078229972866304,0.9054679371678779,0.9124107903367368,0.9176205821916779,0.906792425286355,0.9151220227320153,0.9097000277575839,0.9160907421499346,0.899753563660175,0.9084861116353391,0.9151184906613811,0.9094367562529063,0.9040523212262106,0.9159475441762447,0.9087996723214392,0.006203766094168173,174
264.44600145816804,257.59409319887277,0.6292559838294983,0.9042252502647001,0.023393824703871684,11,0.5102149684879131,2,4168,0.817651670984479,"{'learning_rate': 0.023393824703871684, 'max_depth': 11, 'max_features': 0.5102149684879131, 'min_samples_split': 2, 'n_estimators': 4168, 'subsample': 0.817651670984479}",0.9058464787584175,0.9173974653014814,0.9318837860522126,0.9146156201658476,0.9217931369709359,0.9247021279520226,0.9210047873597422,0.9210454120477721,0.9106880558959679,0.9216273166537902,0.9289203958861191,0.9074568086492274,0.9184953315404856,0.9190753495214447,0.924591419104847,0.9234642219224058,0.9262600603877114,0.9232197094799846,0.9218255280072128,0.9095888861348884,0.9151358938758494,0.9223179553017774,0.919417080159711,0.9230855574942157,0.9191147891610871,0.9210011198214221,0.9148397576528624,0.9195424045588815,0.920085309975571,0.9113247749068258,0.924541979567173,0.9155712008857316,0.9107300220008987,0.9279056718408307,0.9155906270723452,0.9105744699352301,0.914200704410275,0.92312945326126,0.921210352282434,0.9279377372609237,0.919738816111919,0.9280752450957969,0.9157825967252541,0.9097570571467825,0.9231006233077771,0.9130572402656161,0.9096948534305859,0.9211977150699162,0.9246589818849161,0.9148067075396753,0.9179176298628939,0.9227992805504217,0.9235774047091735,0.9183614829333915,0.9093807546742357,0.9110228592408687,0.9276154574975283,0.927404738277395,0.9210205753292755,0.9144352293326199,0.9178502298122344,0.9171431600744046,0.9217161028493114,0.9183135012092959,0.9236903885857916,0.9244791168055099,0.9255789036737695,0.9154738569321711,0.924032845021269,0.9105167190358618,0.9196011542650221,0.9142317246993381,0.9251744465371056,0.9205576834093436,0.9212290198290395,0.9149733280530368,0.923448262875908,0.924388598476277,0.9202448386464244,0.9189696191038317,0.9148082056950871,0.9231700960630538,0.9225816013663174,0.9198878486282658,0.9235125333063575,0.9142580550264287,0.9163664863014676,0.9225842032935558,0.9253479975844547,0.923083037950038,0.9172682657042511,0.9275335838015717,0.9192657840741663,0.9274230054721535,0.9133603680353741,0.9155286877618365,0.9249828882101574,0.9215010118013206,0.912406036656515,0.9242497303579174,0.919548969351891,0.005465420415958553,118
223.34370070934295,212.35564043517303,0.4197531771659851,0.5795994736686918,0.008984048200827542,7,0.8453807225503804,2,4168,0.58748256714039,"{'learning_rate': 0.008984048200827542, 'max_depth': 7, 'max_features': 0.8453807225503804, 'min_samples_split': 2, 'n_estimators': 4168, 'subsample': 0.58748256714039}",0.9175048598243026,0.9208081677034772,0.9384700412033941,0.9238213150703002,0.9287764763897821,0.9308198765585806,0.9271970084431327,0.9253602843452848,0.9190225260611427,0.9287094032392029,0.9366057973063981,0.9181601738393503,0.924920816826136,0.9256321586808732,0.9299234950663214,0.929020948480056,0.9343488278787629,0.927778420645533,0.9292492042990578,0.9176588649690764,0.9229837540032011,0.9297767795041407,0.9273780070624719,0.9298473242166683,0.923553447712963,0.9282515786791137,0.9230722395760173,0.9303987087872905,0.9273696340839913,0.9133265066854837,0.9304383936340368,0.9243501768676972,0.9149613039902328,0.9340879332833252,0.9226602459778807,0.919148928930662,0.9212989900961008,0.9278900311065494,0.9299523412327285,0.9350902036819483,0.927223769140738,0.9356401853181384,0.9208785025798212,0.9186697901097833,0.9310241369801462,0.9205676816638376,0.9200249214688501,0.9304802763213665,0.9325703195437066,0.9219707776021144,0.9270710692155834,0.9316982166406417,0.931143260472819,0.9250101679559375,0.9156921705818905,0.9211595258360178,0.9319718150157075,0.9346481343847628,0.9290155429326563,0.9245118370833406,0.926496968691002,0.9245110103200065,0.9290633986361709,0.9257449664969103,0.928936761528827,0.9310199946780353,0.9324896526365691,0.9262483876410559,0.9306680178619443,0.9175940350801337,0.9253333924976895,0.9237801465800352,0.9319212059751116,0.924232176035817,0.9313900029829777,0.9231969676447664,0.931988287274952,0.9311424412923734,0.927517361438613,0.9256299816668045,0.923517268707166,0.9274247843623518,0.9306669964466817,0.9259080150511876,0.931876683772627,0.9227920941048111,0.9232522257527781,0.9258931173048237,0.933675822208304,0.9313732925284326,0.9238622278397263,0.9349954870665219,0.9277390687502902,0.9345929107368596,0.9208026619272902,0.9242537707068939,0.9335626099177271,0.929998799704131,0.9222782628264004,0.9315518703158389,0.9268952042378118,0.0052123545390269565,10
227.68347274541856,228.50021754762057,0.3431799340248108,0.47776313210443444,0.003226986853355662,6,0.6686829695816052,2,4168,0.8147719386009962,"{'learning_rate': 0.003226986853355662, 'max_depth': 6, 'max_features': 0.6686829695816052, 'min_samples_split': 2, 'n_estimators': 4168, 'subsample': 0.8147719386009962}",0.9112345460470992,0.9178216997377107,0.933015640619629,0.9174541835451606,0.9253650199695003,0.9252430848638723,0.9240434955555084,0.9196546920466088,0.9106882416512253,0.9239116406305323,0.9305743409456473,0.9124924668061853,0.919632746520401,0.9203199538548985,0.9247928781867623,0.9254464195743677,0.9278118455575003,0.9210591671666983,0.9230698782941605,0.9133302231699679,0.9182884653102663,0.9238472769574823,0.9190882493625284,0.9231752989919005,0.9175390110146463,0.9206468765393311,0.9202526954072339,0.923159817211904,0.9232889116093567,0.9075838901522079,0.9252801410888978,0.9201990129860333,0.9102921781061918,0.9260651788604912,0.9212377145980691,0.912859476498328,0.9164706109726416,0.9229947870612278,0.9238479433624784,0.9292243838120422,0.918704900060748,0.9320585274376342,0.9162428985298152,0.9129239083374279,0.9244164240514681,0.9154315457134161,0.913715678006138,0.9259298734226792,0.9273007991030617,0.9155167396028352,0.9222325677664336,0.9247267097131954,0.9247669298579868,0.9197908007158386,0.912205464215158,0.9167080258078173,0.9264990488187953,0.929133064322564,0.9233682001615633,0.917482561493488,0.9199980305092141,0.920395899775367,0.9239774079722389,0.9192460213219692,0.9229800161854199,0.9279288005117631,0.9255843088542434,0.9214429267623836,0.9245507349431408,0.9120472327922762,0.9201499083745999,0.9195314938316629,0.9261010951054166,0.9186040951716602,0.9258642119996429,0.9159819593047587,0.9258727360401033,0.9285488887368163,0.9215150427695743,0.920385423373595,0.9154381775706131,0.9217359678871735,0.9245419291643967,0.9220342250885518,0.9248713614041282,0.9158477704470075,0.917333281616061,0.9202716508065886,0.9276625484431307,0.9272654583606773,0.9165088058612612,0.9275898503030775,0.9213250293742121,0.9297788444084756,0.9146690662622832,0.9168458370639929,0.925358810743636,0.9246112769630683,0.9153184453032098,0.9280559156620668,0.921292292388542,0.005259322031853033,93
174.2615726351738,168.3862372285699,0.6670798778533935,0.8097605527649809,0.058578682461386235,8,0.4635536200917778,2,4168,0.6033419927343954,"{'learning_rate': 0.058578682461386235, 'max_depth': 8, 'max_features': 0.4635536200917778, 'min_samples_split': 2, 'n_estimators': 4168, 'subsample': 0.6033419927343954}",0.9098192203065044,0.9189884695502317,0.9337627759318176,0.9192184679288543,0.9275801485486017,0.9273175657513895,0.9214805316718013,0.9208384913449991,0.9133178067196378,0.9239704730312729,0.9339293935175599,0.9128844838434724,0.924298020781075,0.9213629143844919,0.9283457347783685,0.9244029120675116,0.9308908447461941,0.9221983318567761,0.9274368821703255,0.9140103294608775,0.9165698980750071,0.9236704586667834,0.9240192584933278,0.9243894534304543,0.9213617079979601,0.9213455822822219,0.9231024186886013,0.9238695174073753,0.9235571869852727,0.9152043847704887,0.9303034678685012,0.9194450186005675,0.914898237649505,0.9332807045410393,0.9187733361500423,0.9182294237480023,0.9177374471394218,0.9237377178394304,0.9272298291883077,0.9334226619218265,0.9239566741341064,0.932113257520569,0.916130258598999,0.9148958005467034,0.9249232464297787,0.9171511158256829,0.9111174263914643,0.9269621248180886,0.9284141544966437,0.9221599660906884,0.9246617364012967,0.9256991631575904,0.927820134461157,0.9210987396124579,0.9113424131190123,0.9151828344282574,0.9300080454416736,0.9309654570209474,0.9249013646753482,0.9213887391613871,0.9246434714657147,0.919988795164452,0.9250791990652943,0.9191723049340081,0.924990285215527,0.9253844821713901,0.927357153496132,0.9200083350457852,0.9292055733987588,0.9159836819243596,0.9200012032012991,0.9200364220890631,0.9286250462325384,0.9205579041505092,0.9270187952219578,0.9165113665439087,0.9258992253290628,0.9278660463308799,0.9267457284383751,0.9226211597065863,0.9187068480932716,0.9238981399498135,0.924713129281161,0.9237298563393216,0.9289432263542522,0.9172742202984876,0.9190524302748059,0.9229520939251695,0.9307975751762272,0.9271911673947074,0.9206258892071315,0.9288053080237902,0.9223611822288732,0.9300624506876893,0.9203079039508281,0.9211890205159657,0.928330022715974,0.9279057123868422,0.9185748509534121,0.9302777236700251,0.9231448909272111,0.005407588196306845,61
416.45356780290604,328.31449715567,0.5780156254768372,0.7500442495325907,0.0033096865408180623,8,0.8532074692641054,2,4168,0.8779581174760334,"{'learning_rate': 0.0033096865408180623, 'max_depth': 8, 'max_features': 0.8532074692641054, 'min_samples_split': 2, 'n_estimators': 4168, 'subsample': 0.8779581174760334}",0.9116997962081073,0.9148180943820095,0.9343168859883892,0.9168723686679934,0.9250619062732622,0.926563447120133,0.9238904870548199,0.9214276103222001,0.9121270120508852,0.9237721691104076,0.933189109961291,0.9115373843439107,0.9189014365616863,0.9205493590434934,0.9251803795248232,0.9247512103295168,0.9298765679264156,0.9244658333722596,0.9233664483459848,0.9110133359274124,0.9173972284998946,0.9247789954695409,0.9220247353027372,0.9246836501051325,0.918141669846408,0.9220326247936164,0.9168262757172455,0.9237397542228972,0.9238462812403911,0.9077303188423769,0.925399199737721,0.9182407026532433,0.9104935076002169,0.9279633535675396,0.9186521296959154,0.9112752360969706,0.9165161692461793,0.9251787729060219,0.9253716302517381,0.9298915856587282,0.9206660521730992,0.9322024863101832,0.9174303795143364,0.9121792745966516,0.9249318139640808,0.9159180827731007,0.9138056382733207,0.925274413553154,0.9256575047173595,0.916984139662955,0.9222433701285369,0.9249864874375511,0.926572137770909,0.921375561299285,0.9114651488338197,0.9155283175490172,0.9283411828415764,0.9310130793954581,0.9240233529456904,0.9182158426557557,0.9220337764974605,0.918839423382547,0.9239013797860042,0.9207151885790497,0.9245539120150799,0.9280294467652871,0.9280887866981845,0.9211452681411162,0.9257252051849219,0.9093813369421735,0.9203434795032568,0.9183106828319176,0.9276134997275717,0.919233718607522,0.9259772046259144,0.9183091850042462,0.9263115225669449,0.92806563260462,0.921565274426456,0.9202097150053172,0.916667003189473,0.9235382881325925,0.9251048215017814,0.9220110743899053,0.9257962749359472,0.9152094269731684,0.9174504871205791,0.923064871905732,0.9276776049901077,0.9272691006657492,0.9175055993580538,0.9302752691571843,0.921606542631721,0.9292943590982449,0.9138048371705372,0.9168436293069839,0.9283493282857989,0.923675732874863,0.9165978610869537,0.9265261479808469,0.921690008300172,0.005717868467097115,87
62.239892904758456,77.45372998589194,0.20281265258789063,0.30180747729785906,0.07659757870614843,5,0.39284964077338125,2,4168,0.6905047160758202,"{'learning_rate': 0.07659757870614843, 'max_depth': 5, 'max_features': 0.39284964077338125, 'min_samples_split': 2, 'n_estimators': 4168, 'subsample': 0.6905047160758202}",0.9161068489198554,0.9209563823180477,0.9332113460705165,0.9185593245036106,0.9269541242359494,0.927116890360003,0.9233788342742172,0.9235751858406194,0.916661531373902,0.9237171458603941,0.9355817482383885,0.914099742411155,0.9244275273888626,0.9210957289774305,0.9272307301954654,0.9264193612500752,0.9275907321003447,0.9215880073139838,0.9283409307822464,0.9118011021947409,0.9193143974420674,0.9256837506275439,0.9241428616781485,0.925056972745982,0.9218133763906136,0.9217400411058964,0.9170184983557189,0.9251476524773532,0.9250536878704576,0.9119398318703431,0.9283207588236029,0.9218455014920883,0.9148157665454175,0.9323816113734353,0.9175380502976498,0.9172008797530997,0.9163724119807272,0.925645855682132,0.9275976899734275,0.9312734512992217,0.9258031611115491,0.9315548999587584,0.9135269612445678,0.9179589570933951,0.9264875308132169,0.9154527477828799,0.9180665661620911,0.9259006140323299,0.9300971380919038,0.9183412983018786,0.9204120015230972,0.9268077148297134,0.9272982136904541,0.9221542040679825,0.9105874694154694,0.9187263603454371,0.9269969186048711,0.929046346832679,0.9239212320318758,0.9202708127491929,0.9243389433746205,0.924557006573328,0.9213908901386721,0.9235756868476384,0.9224606202115222,0.9288234868045337,0.924874939706445,0.921998425714602,0.9256777873772962,0.9200238677047553,0.9202711366176445,0.9198346417293294,0.9278976534541094,0.9201866653807402,0.9316445514137143,0.9147383746580752,0.9283476113836623,0.9283383665356376,0.9237827498166191,0.923057628175093,0.9185985988803955,0.9267107673340144,0.9274540837674462,0.9208635243585603,0.926145667738027,0.919181974425045,0.9225768608007836,0.9197873392957583,0.9275469236851759,0.9271651132817516,0.9206168784644168,0.9261725987706928,0.9255386462932226,0.9322453238317915,0.9175424979495475,0.9228832592958055,0.9284967148326528,0.9274756684324759,0.9177705666640816,0.92938646365359,0.9232770792645133,0.005117064506420334,60
233.40314343452454,216.32523406414327,0.6159919214248657,0.8493975601028049,0.022722937137443968,10,0.42182946500629437,2,4168,0.9035360616930725,"{'learning_rate': 0.022722937137443968, 'max_depth': 10, 'max_features': 0.42182946500629437, 'min_samples_split': 2, 'n_estimators': 4168, 'subsample': 0.9035360616930725}",0.9107902000849933,0.91939009412559,0.9324817130945207,0.9171871303119931,0.9222074333843198,0.925103345782436,0.9221280249863316,0.9205805394089988,0.911796908281843,0.9231716032381371,0.9317914493702838,0.912327703519789,0.9216871885275376,0.9194515057036567,0.9254901119429533,0.9242647774959573,0.927767191762828,0.9222707194221659,0.9243361901791587,0.9108064631179179,0.9163336317036502,0.9253118285833688,0.919903017573844,0.9241410700287989,0.9192808330662975,0.9218186096303816,0.9184567445427251,0.9229350169930739,0.9224755375402266,0.9113483021360169,0.9259065618382827,0.9169862034559777,0.9125777940243993,0.9283815558383736,0.9178873618423438,0.9150661156877788,0.9145172295076971,0.9244732397239074,0.9235474377316628,0.9287152731748989,0.9214094062519596,0.9313434379785415,0.917835493648588,0.9116541709440149,0.9250779037283063,0.915958860211938,0.9138931798329604,0.925337779812449,0.9279382780813848,0.9173159247891561,0.920449517714534,0.9230876987417895,0.9261980588866869,0.9209038423479767,0.9121904075577946,0.9142435444870869,0.9293990347103944,0.9300278637753638,0.9243474602009225,0.9185883132806997,0.9210634537345502,0.9188967457942125,0.9233094889358495,0.9204417675051435,0.9241565869174652,0.9277854000755267,0.9264822672967093,0.9193591348141724,0.926437954904337,0.9127792766088648,0.9208347459291784,0.9184449373670985,0.9275119573170183,0.920470261635633,0.9240043515498105,0.9170032876512433,0.9265119947099769,0.9280436689957113,0.9233281570967167,0.9221141743266654,0.9180769785847216,0.9252583060424678,0.9258891674210878,0.9220419684173918,0.9246505322730254,0.9172941478759611,0.9201267738000903,0.924367837154384,0.9288322566395181,0.9237829184917334,0.9184350661774789,0.928575645704604,0.9229019665158961,0.9299386197183996,0.9155754599346636,0.9167999532169613,0.927320517695813,0.9240987958497242,0.9150259682004662,0.9279793423581018,0.9216824567058605,0.0052361328541228845,88
185.7888957095146,206.2267016099856,0.5313153600692749,0.7431000127417436,0.004639902315883837,8,0.4319384050811783,2,4168,0.8667480710985318,"{'learning_rate': 0.004639902315883837, 'max_depth': 8, 'max_features': 0.4319384050811783, 'min_samples_split': 2, 'n_estimators': 4168, 'subsample': 0.8667480710985318}",0.9143155022950668,0.9218333192948284,0.9366054223247808,0.921746871517401,0.9271392541987287,0.9287339083069741,0.9266029311766364,0.9245403483412045,0.915725566236424,0.9275507656054918,0.935495253690454,0.915176492302035,0.9240518258276147,0.9240444056717161,0.9281961917661998,0.9282813031915009,0.930916945194876,0.9255460360511605,0.9282805001603549,0.9164346743089383,0.9213307862635971,0.9281790914506508,0.9240778113583408,0.9271415975511361,0.9224879894312337,0.9249801811862476,0.9223749288626786,0.926931443121143,0.9264961853882429,0.912694450823779,0.9297024442045745,0.9227239099009831,0.9152971073211564,0.9312468144766233,0.9227628935534791,0.9184659906312329,0.9196088174960155,0.9270250257920682,0.9270550526394183,0.9334009316534092,0.9258500163166362,0.9340357372359683,0.9194814509527796,0.9171508923984253,0.9283986491447999,0.9196558270997,0.9171961216879417,0.9282390582422745,0.9306011208681821,0.920351234979703,0.9245980677392324,0.9278419327677723,0.9307087994847578,0.9252826905032894,0.9154720179814486,0.9188297486298201,0.9307853388081315,0.9331562907234003,0.9271036983634384,0.9223428172229531,0.9254892509601186,0.9237691264252491,0.926154379471537,0.9234041932330093,0.9282487207732744,0.9310240007146151,0.9289238325317491,0.9230792317119749,0.9291374175748492,0.9176216776179839,0.9234991694484336,0.9215094707914392,0.9311668180143043,0.9233126627161234,0.9284302429427537,0.9195618152450307,0.9300773775548682,0.9307767133439115,0.9266543896324364,0.9244756275830669,0.9209630091708554,0.9273260463000592,0.9287335749219296,0.9254288521474933,0.9292568603153265,0.9207950353792004,0.9228017426680574,0.9260901838814063,0.9308574675735782,0.9283394528546436,0.9222181247364676,0.9312109045816672,0.9261771949062254,0.9327607916908685,0.9193672484846223,0.9225947254047269,0.9286825699780111,0.9270891963256167,0.9194816198455988,0.9320223078700786,0.925207955090422,0.005031807417003675,40
71.19579575777054,85.16944761287138,0.13439671993255614,0.20912425527695158,0.176374803692031,10,0.6656475291350787,2,4168,0.7131667017543379,"{'learning_rate': 0.176374803692031, 'max_depth': 10, 'max_features': 0.6656475291350787, 'min_samples_split': 2, 'n_estimators': 4168, 'subsample': 0.7131667017543379}",0.8962022403020737,0.9018127827646188,0.9248260566226008,0.9041500089475202,0.9152238673863288,0.9133561197060919,0.907960612899385,0.9125828123664681,0.9001057690558102,0.9121936182596834,0.9213814699141079,0.8990750744930305,0.9056502637080819,0.9046626226794621,0.9112013897203619,0.909631406756074,0.9170226280593478,0.9134521268883324,0.9123935246138055,0.8954664024072883,0.9060097346962591,0.9137461305184288,0.9084529631768764,0.9158558310984307,0.9011407804951486,0.9073036621937141,0.9059697890186799,0.9094282325864611,0.9083932311174064,0.8928825663610234,0.911048064191275,0.9096742016595954,0.9020107828786319,0.9135598180417809,0.9083701342895492,0.9010193486312001,0.9024358179030382,0.9105431861186272,0.9171179161149894,0.9163452046955907,0.9160578047542792,0.9197291991584333,0.9032428141570722,0.9013662226216803,0.9128353387491247,0.9023336818102041,0.8945303224998461,0.9129644683761527,0.910135570997358,0.9141353651637896,0.9098267040272878,0.9122158158766589,0.9149050474292706,0.9133562335353311,0.9000971557304417,0.8990111776449451,0.9177799151732546,0.9139051767190571,0.9114060921426139,0.9095339543277782,0.911998896513489,0.905530592235287,0.9163996106750885,0.9090509639578779,0.9148584204208056,0.9156027995079113,0.9177298416770149,0.9082236036110932,0.9092998156815921,0.9026432662971775,0.9038328513873332,0.9058108607540525,0.9182551955777662,0.9086677648788406,0.9107410138690869,0.9070738988443099,0.9158156108422875,0.913034599992073,0.9105886349777904,0.9076554016270761,0.9109522036395451,0.9097238792074116,0.9137512114487314,0.9124594264359532,0.9130399030442835,0.9017011600628595,0.9011524119430951,0.9068480605401881,0.9179376713303408,0.9111805817475852,0.9056198643918026,0.9188577893245199,0.9082617578197343,0.9145254852126673,0.9028331432248359,0.9045965717730038,0.9135752831052087,0.9093070257251394,0.9015644540213746,0.9138788296757114,0.9093360661123369,0.0062169149034067795,172
319.91258016586306,265.36651173315255,0.9314582085609436,1.3417541886657058,0.0028615430780951833,12,0.598508298635958,2,4168,0.8432089625812538,"{'learning_rate': 0.0028615430780951833, 'max_depth': 12, 'max_features': 0.598508298635958, 'min_samples_split': 2, 'n_estimators': 4168, 'subsample': 0.8432089625812538}",0.9046994127914243,0.9126373324799659,0.9298411418137238,0.9103760654861677,0.919916126537503,0.9215852603222155,0.920301594832274,0.917563416144036,0.9068798847709654,0.9213501913439659,0.9270835776459395,0.9057948829875645,0.915933958026233,0.9143847405015209,0.9213457703061187,0.9207978115141509,0.9248308647401422,0.9200399824228358,0.9207544241905821,0.9049649407607528,0.9121411105340472,0.9211800618103996,0.9163693941651097,0.920922554278158,0.9145804248766902,0.918429088720477,0.9118450588606284,0.9183891310218597,0.9177433669936381,0.9061856607268666,0.9221922162984958,0.912468015420273,0.9068440882993282,0.9246090416223594,0.911906662491955,0.9064181352406419,0.9122272474623251,0.9200118649035847,0.9221652494198708,0.925583534353198,0.9183004266453492,0.9260918481475019,0.9136147710118199,0.9066320421734196,0.9213968505687153,0.9114829164454439,0.908712303541596,0.9199693863511903,0.9218555369045826,0.912070263645034,0.9167355220744482,0.9186631801383185,0.9215478066894786,0.917252828491275,0.9076754838512967,0.9085860761038927,0.9264301396136747,0.9257621908617494,0.9187281155013297,0.9120559120434681,0.9178076309992814,0.9137372846575607,0.9190527820496263,0.9156528092455889,0.9206597454860264,0.9221478690003065,0.9233947934982025,0.9131204441810068,0.9218202813851291,0.9069398103739048,0.9168453118883186,0.9119167349508317,0.9236942942689274,0.9167968815292374,0.9199601245226984,0.9134166210657104,0.9209512805660949,0.9233366278625925,0.9176262368930763,0.917177488589115,0.9116797877268932,0.9203068327532552,0.9206023316980999,0.9185222432670566,0.9210405909657264,0.9106436688739086,0.9127572677490849,0.9207296236051028,0.9229910638414774,0.9210325540434241,0.9143644380231236,0.9260777756746968,0.91799724181865,0.925486609141537,0.9103674843522357,0.9129483806066147,0.9234559801046809,0.9190940682071868,0.9094057351438781,0.922667068610379,0.9171508268714181,0.005847533267816681,137
39.367229087352754,50.09779125742816,0.10584633827209472,0.1713684583959548,0.1777033847672164,12,0.5441472554619294,2,4168,0.846486102281136,"{'learning_rate': 0.1777033847672164, 'max_depth': 12, 'max_features': 0.5441472554619294, 'min_samples_split': 2, 'n_estimators': 4168, 'subsample': 0.846486102281136}",0.8930869992193473,0.9016957200730036,0.9166872567834128,0.8972964339495251,0.9097164159859321,0.9075615813987048,0.9047508555410659,0.9062435997472864,0.8931214927908191,0.906355200631579,0.9165514191410058,0.8946938276094543,0.9034844557564351,0.9017132883011666,0.9139992812783357,0.9099004219427484,0.9160654049106663,0.903811571264139,0.9136070780181429,0.8972020222947713,0.9008763772372835,0.9065866609808386,0.905434327298202,0.9062560109617317,0.9054590941115407,0.9086065879610165,0.9028292386105936,0.9087742844724169,0.9068166415518643,0.9020547076717111,0.9138546738719663,0.8995056884612418,0.9021271391408804,0.9130661633294438,0.8972037487909594,0.8952202954302346,0.8954381032936917,0.9104701598638095,0.9117933335679381,0.9107184191116854,0.9078926162169221,0.9137937901591078,0.9013326044850954,0.8933297793316951,0.914503645923078,0.8974310040154343,0.9005969539175738,0.9108522514067656,0.9125585484374076,0.9052743766600353,0.9030114101298983,0.9050878856782295,0.907603157565816,0.9075154340516054,0.8943109427947666,0.8961074437876951,0.9171692182133879,0.9176031758945762,0.9067696754469552,0.9025814497875638,0.9025121335551057,0.9051036927607927,0.9104289955001678,0.9010170114813122,0.90737776596333,0.9040911932565864,0.9127620958309598,0.9024011971661292,0.9118265186978518,0.8990652702980745,0.9101401181663512,0.9016733137314349,0.9128364806816013,0.9053453207947394,0.9104777897729557,0.9024334480861591,0.9091345012874483,0.9133531483180005,0.9067606469922056,0.9087750228639597,0.9054109310228315,0.9044168016398663,0.9100113956305651,0.9083038200653963,0.9068629837711443,0.8999922749534146,0.9031763677869722,0.9102046936032157,0.9117607196393688,0.9096273779737164,0.9039570012256458,0.9163233811292212,0.9018718101014431,0.9124727017608784,0.9019167825249433,0.8988079730770553,0.9137294475711732,0.906382893529467,0.8987880789214558,0.9121042810118462,0.9059959872840498,0.006068569912492661,178
226.54049463272094,214.38411283054464,0.5912358379364013,0.7031079162723468,0.004864734957527726,7,0.6194279323337255,2,4168,0.6850008532300484,"{'learning_rate': 0.004864734957527726, 'max_depth': 7, 'max_features': 0.6194279323337255, 'min_samples_split': 2, 'n_estimators': 4168, 'subsample': 0.6850008532300484}",0.9166018909858952,0.9224993946548979,0.9378868709152747,0.9217375709707174,0.9287239916720977,0.9294897579664763,0.9275685851866933,0.9257255899442834,0.9170491561403492,0.9279407303900983,0.9366621942969465,0.916740908571417,0.9250608740022375,0.9250622150296139,0.9291580212740526,0.9285126412067385,0.9321528340432251,0.9259720935787016,0.9281874811213967,0.9172216926206431,0.9222213964454085,0.9287392513299068,0.9250376534007945,0.9277035571962176,0.9228140930374207,0.9250110332613711,0.9240782921395784,0.9279304451923335,0.9269574489002779,0.9135628827666529,0.9295782925321336,0.9233601739105975,0.9157914760227673,0.932528303598095,0.9234653877906936,0.9194041398551618,0.9208671227875012,0.9271486435701195,0.9284791597287817,0.9341493289489109,0.9253602536271311,0.9349956276403586,0.9200593064359545,0.9179399161106844,0.9291912574011711,0.9194449731311578,0.9186012182760672,0.9299239276485728,0.93200943806969,0.9210006906061594,0.9254108093063299,0.9298119491681105,0.9304368510157441,0.9245740011725327,0.9155578426346047,0.9197856722383121,0.930661314312003,0.9338446885999729,0.9280025681432579,0.9238784102551154,0.9258427134667971,0.9244690823023323,0.9274672777949443,0.924475529045618,0.9279613381357942,0.9320897577791787,0.9303237988141637,0.924678771383883,0.9300940026358755,0.9174039408930168,0.9259105513175774,0.9233367934024483,0.9314688028349776,0.922949771914124,0.9295189372840688,0.9217416134186068,0.9304296893290668,0.9307338054312145,0.9274943368153029,0.9252549830198366,0.9212498651096545,0.9264833361002807,0.9293707938674698,0.9254553479024842,0.9295595096457381,0.9212809482431968,0.9227958890709513,0.9256881807006776,0.9317625451639264,0.930471691623848,0.922279219844228,0.9325059104480324,0.9265341179038002,0.9332966297842697,0.9192994054542563,0.922307598422584,0.9302107398964464,0.9281636692972591,0.9200977646603749,0.9319588136192621,0.9259369076655698,0.00503569929339747,18
138.75268335342406,155.6184605329941,0.23275665044784546,0.35436901726850956,0.005066863395249431,5,0.7961383656506613,2,4168,0.637480896168937,"{'learning_rate': 0.005066863395249431, 'max_depth': 5, 'max_features': 0.7961383656506613, 'min_samples_split': 2, 'n_estimators': 4168, 'subsample': 0.637480896168937}",0.9130137353542152,0.9192465101452286,0.9335458917369521,0.9173278656165891,0.9256820074518713,0.92676311000535,0.9239637427834663,0.9205639904220153,0.9104943682681675,0.9239722155973424,0.9314478782942452,0.91374195875146,0.9194895901763478,0.9197263698556708,0.9250578359097336,0.9257133708347163,0.928249552619643,0.9206213427590942,0.9235350460411111,0.9144423097063641,0.919022209914779,0.9235025088912557,0.9193747416060951,0.9239375250344769,0.91799130379371,0.9208230269772518,0.9206559471634059,0.9244166068863822,0.9232853846865299,0.9089388002611665,0.9259373241218569,0.9204063990139426,0.9116997787585374,0.9268478294239948,0.9218041319856086,0.9147269403504551,0.9160328758273144,0.9241909577012202,0.9246281273982553,0.9292079812303529,0.919019357003477,0.9318268324445598,0.9175202608990972,0.9143860351421202,0.9251966214530094,0.9155706379986143,0.9144249095140176,0.9273244549189753,0.9290919925701022,0.9151511977287901,0.9229180777542029,0.9254439480841792,0.9269212805995065,0.9204201720555385,0.9128205122346489,0.916864198349078,0.9260253008247951,0.9292099454989735,0.9240473021649706,0.918371576278296,0.9211427142108735,0.9213127973302675,0.9243587565191304,0.9200841808791995,0.923002639313573,0.928393495718854,0.92579498397594,0.9227573634094616,0.925615720204583,0.9132146052578419,0.9205554407997502,0.9204272342694255,0.9263914666312354,0.9174308464088747,0.9263269430962586,0.9156559722170466,0.9258274150962184,0.9288296152376171,0.9215434920377238,0.9212128112757128,0.9162595908119056,0.9222664595584251,0.9246028032743882,0.921975664411437,0.9249590699748799,0.915638950988177,0.9182389214883995,0.9186107274052978,0.9288685884746212,0.9287054993214583,0.9166567217371916,0.9274419532582057,0.9228785141770832,0.9309297607200361,0.9152068756131639,0.9196794619851816,0.9264638977190608,0.9255533706576441,0.9159996460667442,0.9281358624744547,0.9218553454088045,0.00520713998882053,82
196.27634386539458,199.11297672841377,0.32693449974060057,0.4112716104267933,0.01196174193467231,5,0.6883949150611814,2,4168,0.7914186827998569,"{'learning_rate': 0.01196174193467231, 'max_depth': 5, 'max_features': 0.6883949150611814, 'min_samples_split': 2, 'n_estimators': 4168, 'subsample': 0.7914186827998569}",0.9169996061177091,0.9215726634774233,0.9353520084372965,0.9221838982097915,0.9291314684507446,0.9283572912386716,0.9268537083240662,0.9252558088299282,0.9164290878646508,0.9269186244200467,0.9365375850297113,0.9170970232442827,0.9248451688007505,0.9238330288467335,0.928096988799033,0.9290443074542566,0.9306112285147117,0.9241179580692107,0.9278764364976928,0.917555860460278,0.9220395510789343,0.9274113354069127,0.9240960859570104,0.9275728954670169,0.9220832422038964,0.9245221518548017,0.924386719919159,0.9275223715586165,0.9259816263637299,0.9124151851620588,0.9297348961004224,0.924372711533946,0.9156719629171655,0.9309382062352586,0.9243538546856442,0.9196147380107748,0.9198578918578736,0.9269861281486844,0.9280517382879347,0.9334953962584639,0.9239480993630551,0.9333754598931245,0.9187970068753788,0.9189523606630329,0.9284414044329348,0.9197814595241032,0.9178534325086938,0.9305651687635039,0.9322332476820953,0.9184170689238527,0.9270825626460696,0.9292195254650313,0.9310926590660493,0.9241809535355385,0.9154637473275262,0.921871408411669,0.9304008094427115,0.9321601238274015,0.9279718012796141,0.9232892021035629,0.9249011051585799,0.9245673360120757,0.9268964945713433,0.9243979755571499,0.9251051072043225,0.9317639623438729,0.9284823580591711,0.9244751125014651,0.9297136873031571,0.9174033487160792,0.923970313514407,0.9232532504603457,0.9310226196522603,0.9211358740566158,0.930401280124698,0.9199707977431338,0.9301501557548936,0.9308542481286476,0.9270241990657826,0.9248350207507358,0.9205210059609096,0.92478196873688,0.9279990987602821,0.9248589345579437,0.930612409396837,0.9200221301751424,0.9234061620928689,0.9208176202275774,0.9324579128419859,0.9316467094722236,0.9205514254558929,0.9302543256568732,0.925827762001584,0.9346232591813077,0.9190216351002014,0.9224779838736507,0.9287640614239703,0.9284021091205052,0.9194691591204469,0.9332594068489453,0.9254497526851503,0.005027061319313232,35
256.744227540493,246.24445257771217,0.4493568563461304,0.5670935268088009,0.11577141594597738,8,0.6960789512713625,2,4168,0.7833954070935212,"{'learning_rate': 0.11577141594597738, 'max_depth': 8, 'max_features': 0.6960789512713625, 'min_samples_split': 2, 'n_estimators': 4168, 'subsample': 0.7833954070935212}",0.9075349896567649,0.91111664816627,0.9306885307407025,0.9144913062341121,0.9227108927048575,0.9250575523966513,0.9198554164832105,0.9179552009132286,0.9068358995199849,0.920866877071896,0.9322265852269659,0.9044067621950828,0.9176632397985935,0.9205620277619483,0.9224575810029765,0.9206952755487017,0.9274427953505364,0.9198505027705879,0.9201807431783365,0.9053458363539165,0.9171767522889658,0.9238120262721775,0.9214884244093151,0.919722354840184,0.91640860159257,0.9205830958783596,0.9136507680403031,0.9211011969173755,0.9213511546317588,0.9114623836263375,0.9229609453994495,0.9196441738116491,0.9043316520413094,0.9243450620659142,0.91746863135566,0.9084413805834183,0.9132350441699887,0.9228713457202123,0.9206683305475609,0.9284540935607938,0.9181437779546991,0.9308863576675142,0.9130331902704051,0.9087826650281507,0.9204157064180418,0.9134350626186447,0.9131396429981476,0.9233686762339949,0.9251064879595563,0.9136561037025634,0.9177571345406962,0.9222679518132835,0.9247808056656599,0.9150225969421453,0.9109705231056933,0.9112317708050863,0.9261770343142265,0.9231823490006099,0.9166221811614219,0.912093045274596,0.9175617729929493,0.9157233010222043,0.9195767752045318,0.9172275182353802,0.9229239145347595,0.9228875169536292,0.9225973776790856,0.9207875272890065,0.9248151562836742,0.9133690155157443,0.9188989257798686,0.9186560706746487,0.925964194231658,0.9158734422511214,0.91963756526821,0.9151919746868233,0.9241424544637172,0.9249688471659796,0.9211449777365059,0.9173166621305022,0.9162462537837531,0.9210390236823776,0.9234060703538286,0.9218531625882844,0.9231032419147903,0.9149646566970755,0.9172769881656528,0.9192100335238187,0.926960693065428,0.9228817115924743,0.9174129734041788,0.9243506064336985,0.9182573219016842,0.925603462474379,0.9089941537826757,0.9121835460586779,0.9265696578287166,0.9233661287795484,0.9112360426204038,0.923070375697366,0.9189444623875259,0.005844436435265469,122
246.65268222570418,233.79236984112225,0.47110049724578856,0.6535604413766575,0.0068564314564107985,8,0.6917142204161856,2,4168,0.7662163476493078,"{'learning_rate': 0.0068564314564107985, 'max_depth': 8, 'max_features': 0.6917142204161856, 'min_samples_split': 2, 'n_estimators': 4168, 'subsample': 0.7662163476493078}",0.9150749660830814,0.9200950266575825,0.9373165884171877,0.9215690941172666,0.9286436015455843,0.9294662162145023,0.9265036726470525,0.9257115883719064,0.9166307900746621,0.9264516805819303,0.9365743916588698,0.9162709476572751,0.9243285425291272,0.9239801916384385,0.9276911494394635,0.9275965658490285,0.9321105929684376,0.9261366494676976,0.9284079371524592,0.9153488758041989,0.9218767064521944,0.9285323674873865,0.9251163352182606,0.9279506169884255,0.9225967702796158,0.9252819753252522,0.9220807605973096,0.9278054295197229,0.9254971175783134,0.9119694984385094,0.9290774739411158,0.9230803362612912,0.9146823222877292,0.9316353514055442,0.9215075858955747,0.9173143764959025,0.9187597871630024,0.9272119786944448,0.9279521145838069,0.9339695710299752,0.926015364931845,0.9337409551132857,0.9197888086397348,0.9167568349761923,0.9291766358956347,0.9200829648073192,0.91820627791872,0.9290617604020812,0.9304354421525184,0.9206283884315333,0.9249145934594891,0.9293348582739086,0.9295749425852983,0.9249345889722026,0.9148453559651253,0.9189655243153461,0.9314482926190458,0.9334145098716282,0.9274059307258637,0.92239713179307,0.9254447529634207,0.9232076489600499,0.9268673486686368,0.9234998357282552,0.928935606037739,0.9303231011332308,0.9300932058629348,0.923453400470136,0.9296229010640852,0.915790068390555,0.9237795565736873,0.921502867121469,0.9316110245799445,0.9237319885832843,0.9290020173715028,0.9220534170429384,0.9295457666420124,0.9302504104367664,0.926791346724111,0.9241011005792082,0.9214193713068267,0.9268122924429631,0.9292151640002647,0.9252356544229998,0.9294586373696017,0.920028608670037,0.9219535398494987,0.9261772960023948,0.9307741070092825,0.929830905855149,0.9225289135784188,0.9325723830477243,0.9255549572355786,0.9327182792821135,0.9185314926615424,0.9217557810756342,0.9305473156196673,0.9272351954488927,0.9206975296803658,0.9303868948301821,0.9253397839069205,0.005216513659799901,37
279.3906630849838,253.71002711666475,0.3689577150344849,0.48053737674075453,0.042447737358520234,6,0.8953685550856594,2,4168,0.7739021256898738,"{'learning_rate': 0.042447737358520234, 'max_depth': 6, 'max_features': 0.8953685550856594, 'min_samples_split': 2, 'n_estimators': 4168, 'subsample': 0.7739021256898738}",0.9175392773066565,0.9170904794500766,0.9360567152561099,0.9235627722484738,0.9279793315450489,0.9296187725456331,0.9275080238326938,0.9268318085672251,0.9177437518717823,0.9258101213163077,0.936294551902205,0.9164186885142751,0.9267755090359636,0.9236561676853982,0.9289934869991987,0.9256265928904763,0.9327184388319757,0.9275555229340201,0.928345854812212,0.9146076941375926,0.9216664072568228,0.9264080578458709,0.9251783715920978,0.9300960661025574,0.9207031787184049,0.9253082467989306,0.9228413323762856,0.9287795734541281,0.925226705779064,0.9140065953184764,0.9292244328626594,0.9239521351548396,0.9160361525127245,0.9322554947896444,0.925127216176251,0.9182834165960021,0.919947314537536,0.9294207911777307,0.9264916037081814,0.9338248608820202,0.9254622656072842,0.9336712648293062,0.9190870956376114,0.9184678911004099,0.9301671053199333,0.9184718309141642,0.9173604168508882,0.9297721658717573,0.9322893033402898,0.920700614319278,0.9254689264633859,0.9277329511569082,0.929724629011307,0.9228986349647627,0.9179128588784703,0.9220475056729527,0.9304499172474774,0.9342603781479022,0.92693864011825,0.9224923571492052,0.9237034826388493,0.9244170373208496,0.9261874487219993,0.925086931737299,0.9271600128122339,0.930960970952248,0.9302137533485436,0.9226643056654097,0.9294900400101266,0.9177041903368744,0.9234990609187846,0.9238542499538431,0.9306673949007439,0.9245988327325253,0.9305711647623005,0.9232055429100089,0.93201978179645,0.9322368280092685,0.9276065520628083,0.9244884357336824,0.9217131413588433,0.9258196089774673,0.9304205939595801,0.9247402763669124,0.9303420248971882,0.9211044087434035,0.9219378221626765,0.924565104460325,0.9310927085235206,0.9306276383212975,0.9218738110023951,0.9295200318058983,0.9249890869452615,0.9349653170121215,0.9174731913292485,0.9221955460391622,0.9319013817551186,0.9291624394818879,0.9226501438665683,0.9302793147866533,0.9256859787704548,0.005093159638939226,29
154.24768179178238,165.96575777853758,0.43568862438201905,0.5947146365203954,0.006008116661255823,7,0.4431781364164753,2,4168,0.9350257970633646,"{'learning_rate': 0.006008116661255823, 'max_depth': 7, 'max_features': 0.4431781364164753, 'min_samples_split': 2, 'n_estimators': 4168, 'subsample': 0.9350257970633646}",0.9154230937417289,0.9235592004483542,0.9369805256120325,0.9222273998112419,0.9282856461683706,0.9291158620506133,0.9272028532770508,0.9256142159090379,0.915980339848521,0.9286005422185455,0.9354952054297386,0.9158696104640716,0.92426966394963,0.9247813742395208,0.9278662561988371,0.9292597314694074,0.9305684505972671,0.9253832706317986,0.9290582909946987,0.9167253893644116,0.9214776230323098,0.9280150095891095,0.9241962832810051,0.9268718263270349,0.9223817827288376,0.925019486123988,0.9233175632335187,0.928122892883152,0.9265610269944973,0.91376443734122,0.9290209610963699,0.9236120347213064,0.9156655702295924,0.9320583799314638,0.9237456367807546,0.9192186608010536,0.9196501264336479,0.9273134759458039,0.9275560175780115,0.9335017601946103,0.9254135695014616,0.9344891547563312,0.9196263342567186,0.9181216109032665,0.9279041902814262,0.9204462418424744,0.9177933965938978,0.9296907294116452,0.931343384097395,0.9204468980960188,0.9254772048301836,0.9294161333097177,0.930266077614251,0.9244819035281638,0.9161955610992155,0.9212065282218557,0.9310954470512792,0.9334442503747381,0.9272596433844218,0.9222540346446633,0.9254434758906226,0.9252818659452176,0.9268709337875662,0.9242258878228824,0.9274284130705218,0.9310440399699637,0.9294777741833754,0.9240024889503744,0.929126141298661,0.9177854086163958,0.9247807432952795,0.9222825152527112,0.9321136260258613,0.9228755670392034,0.9296794048743763,0.9199843572727213,0.9304157303109718,0.931018239658021,0.9271650212983087,0.9248330110369164,0.9213497501648182,0.9274563095246304,0.929945533861429,0.9255179136445593,0.9288028208941099,0.9216948979739584,0.923304548122365,0.9258868207798754,0.9306043019974146,0.9300184440871829,0.9217884948309072,0.930789917366627,0.926690009334667,0.9337879598307425,0.9191980947829385,0.9224581963568232,0.9285492936916655,0.928372789383128,0.9211285083238702,0.932761851673189,0.9256565087369616,0.004943005814958752,31
297.30788895130155,275.4282569459097,0.3319751906394959,0.466299169838924,0.0921353795171421,7,0.8987075128788344,2,4168,0.826064957462618,"{'learning_rate': 0.0921353795171421, 'max_depth': 7, 'max_features': 0.8987075128788344, 'min_samples_split': 2, 'n_estimators': 4168, 'subsample': 0.826064957462618}",0.9085387607076821,0.9140746509266291,0.9322714442051143,0.9201274924751072,0.9250485130174837,0.9257923296525533,0.9248354208459696,0.9224047513370804,0.9117117599142991,0.9219696637276275,0.9331519432114435,0.9123724515679055,0.9230604262329016,0.9221748571602668,0.9255526998619544,0.923471413929037,0.9306762410852973,0.926074995424284,0.9255918907216052,0.9109266005744656,0.9185971500480005,0.9244757107448192,0.9222709884653754,0.9229019567307576,0.9181303711096386,0.9203567948653251,0.917396614359751,0.9258852058263514,0.9238736007375148,0.9087434476933863,0.9247202150807823,0.9195002265022267,0.9123399303394468,0.926793086459351,0.9160928303492841,0.9099110573884137,0.9173961433943145,0.9247038103721317,0.9235556622618305,0.9322930617233925,0.9195086859870716,0.930713609456615,0.9148651834858383,0.9099854323219592,0.9252289295539805,0.9155169639148204,0.9093997393088505,0.9249759651523672,0.9287946809992151,0.9172972176930294,0.9223208596124104,0.9225723120703966,0.9260179875141243,0.9193373103812533,0.9128572055007871,0.9163824171093764,0.9298914847966291,0.9282623626853156,0.9238751326308015,0.9177999086905978,0.9235409184333588,0.9172917529082305,0.9251276958035918,0.922477589995672,0.9269703593717146,0.9294017915256623,0.9254649181632638,0.9175914132460271,0.9267120710081079,0.9102558408425327,0.9210732820555586,0.9210619855892159,0.929920502750412,0.9202135433885292,0.9262765424050744,0.9187920971913722,0.9263071633651807,0.9255104252599651,0.9254144141023489,0.9209713050841897,0.916759398378945,0.9205053096065339,0.926476704044845,0.9220857532909412,0.9253170251741472,0.9180372667681931,0.9175348271833543,0.9215110155228582,0.9262384733752196,0.9273728233748157,0.9169586776698574,0.9295411532010314,0.9245205724756858,0.9296056758000322,0.9157309334282305,0.9180345816075809,0.9289616086440453,0.9243618286587629,0.9190311180843382,0.9278738497702048,0.9218220376844586,0.005798819209992131,83
268.21829634666443,226.726201108191,0.8581275081634522,1.180752646328287,0.0031108326056301064,11,0.5873960594492682,2,4168,0.6737716992635644,"{'learning_rate': 0.0031108326056301064, 'max_depth': 11, 'max_features': 0.5873960594492682, 'min_samples_split': 2, 'n_estimators': 4168, 'subsample': 0.6737716992635644}",0.9104898324596844,0.9162035853099207,0.9341708011328193,0.9160069216728722,0.9236240536399006,0.9251704211946012,0.9236370768048144,0.9216694630581364,0.9116242723491589,0.923493333692624,0.9312529919392869,0.91086720112902,0.9204080043313719,0.920129682847365,0.9256220701422258,0.924165904960951,0.9293757885091085,0.9224964736713865,0.9248195489364023,0.9100603137222241,0.9159980960408877,0.9239756251798771,0.920231664257622,0.923764975107832,0.9184616112307191,0.9222814232101634,0.9166452949544608,0.9222775975233347,0.9217118553302365,0.9109760319845123,0.9259751868757784,0.9167230121182776,0.9116374241234603,0.929025798840722,0.9167023874603648,0.9114927813532697,0.9153674369151561,0.9234423420624589,0.9259214011385234,0.9295068357014504,0.9223173687465972,0.9298982930192069,0.916440386614665,0.9115600035044814,0.9252118343440285,0.9155574832376749,0.9124905539553175,0.9243714193747968,0.9262970940405395,0.9165106089768714,0.9210042597788584,0.9244305061195409,0.9261947989865917,0.9205589601129287,0.9108198650330915,0.9128759257677169,0.9286588376641,0.9297723322306474,0.9232171806883667,0.9174934891171271,0.9215703060482046,0.9186654192392906,0.9227249099658495,0.9194112854372146,0.9255364576931593,0.9271559076656075,0.9265967156431566,0.9179257397939731,0.9258565228388593,0.9124508385141455,0.9200168927869303,0.9166684147782623,0.927041599245949,0.9208062006726393,0.9238862641860375,0.916944415222312,0.9256553106849648,0.9269833875997163,0.922650793705936,0.9213593284449264,0.9173271420080239,0.9239267299845004,0.9248246313082744,0.9219380816921161,0.924692823119291,0.9140326127246288,0.9173914466970592,0.9237778307786063,0.9272215718049209,0.9255295032259778,0.9179160655742585,0.929702171395118,0.922092667015844,0.9293540125166474,0.9140173775569713,0.9178365311026789,0.9265865886746482,0.9227401638752928,0.914275010746054,0.9270773031149947,0.9212525469930918,0.005567325008545815,94
96.20294425725938,100.93552822059915,0.4371692752838135,0.5666268519025899,0.07366219007900414,8,0.4393497366621478,2,4168,0.5551923148256198,"{'learning_rate': 0.07366219007900414, 'max_depth': 8, 'max_features': 0.4393497366621478, 'min_samples_split': 2, 'n_estimators': 4168, 'subsample': 0.5551923148256198}",0.9128524526760529,0.9188691571358136,0.9345115709159223,0.9209456573495027,0.924804636662415,0.9285606541181434,0.9246795291868908,0.9223360528847651,0.9164096955202904,0.92619158762271,0.9300624327013385,0.9159179734327978,0.923365449137265,0.9178435031259007,0.9246808300270976,0.9235001113165495,0.9261659913764803,0.923688809890878,0.9261567321029728,0.9162131226835806,0.9203986610849999,0.9246960191600582,0.9203933954032939,0.9216295685486859,0.9208577723574001,0.9247811169552925,0.9200600566505984,0.9244670701724269,0.9225643567085595,0.9105515683324911,0.9268814808136595,0.9186863255126206,0.9151476373074267,0.9280733438888293,0.9212421423840431,0.9160328468464671,0.9156404514166252,0.9211614984605647,0.9233773686589076,0.9282487397611113,0.9211342446057534,0.9289462221585478,0.9162710031478858,0.9148118030755805,0.9240541405132169,0.914527343071155,0.9144345533912452,0.9244302531855093,0.9259148102703533,0.9191624053120033,0.92363990723774,0.9261328705774455,0.9284107631656341,0.9201268986810834,0.9115188175965574,0.9148339107366256,0.9283117711769755,0.9288343953906414,0.9222651542194684,0.9186643836688733,0.9227263773358793,0.9202673650967503,0.9225600522164104,0.9190398631381522,0.922995113223279,0.9304698357491212,0.9275348559016376,0.9201429328237292,0.9234657899994241,0.9165309964816996,0.9204539706035144,0.914794509514571,0.9272297550052052,0.9207853809635326,0.9236664746191843,0.9152134440935913,0.9241777053936736,0.927781923920733,0.9222122761649931,0.9212507695158993,0.9175296721312518,0.9227612551953264,0.926857891782916,0.9228265440058883,0.9259395394670049,0.9220065484860863,0.9184085172045844,0.9211365678601522,0.9253774824041064,0.9262335702102082,0.9185437773003825,0.9293288395142938,0.9245957572538788,0.9315732568503394,0.9189276159097208,0.9184977026375437,0.924168541889201,0.9234255321297803,0.9152036824512187,0.9301793532129679,0.9221589406113156,0.0047869185149172185,78
189.16860219717026,190.2183065630328,0.4232464694976807,0.5963684322948621,0.0028332686506026515,7,0.5985978666870624,2,4168,0.7666072141879023,"{'learning_rate': 0.0028332686506026515, 'max_depth': 7, 'max_features': 0.5985978666870624, 'min_samples_split': 2, 'n_estimators': 4168, 'subsample': 0.7666072141879023}",0.9126820061178416,0.9196278826184561,0.935171447000349,0.918139244691357,0.9260763037429453,0.9269141723921119,0.9250808534227717,0.9217011238978599,0.9129027272415933,0.9257764897077596,0.9328458645600947,0.9136995253375992,0.9217616823230732,0.922064179222738,0.9260806310050748,0.9263009559153998,0.9294403053469347,0.9230568499613718,0.9250185484134573,0.9140397373253026,0.9190969743113827,0.9251759810927911,0.9211525486113652,0.9252191381157364,0.9194629538381383,0.9225581887051262,0.921286112178916,0.9250293169315832,0.9239352401052681,0.9096457773562966,0.9262736801801595,0.9213280558526257,0.912140305322405,0.927754238251103,0.9211796002698375,0.9151810121443648,0.9179133099782643,0.9244987304946192,0.9260031825640638,0.9304120935109503,0.9214993552211647,0.9327755237825497,0.9170958126469637,0.9147740885339731,0.9257657124852826,0.9168612806064835,0.914766842379193,0.927398885421957,0.9284150285867088,0.9179400200457448,0.9228689684440472,0.9268244783941502,0.9270361984659389,0.9218491200866444,0.9132182643176182,0.917160783559258,0.9282778130450577,0.9313935942839716,0.9248911359036478,0.9195193667966401,0.9221017928651224,0.9215553116365786,0.9248182319673555,0.9205703364891041,0.9249684375664656,0.9295153915883425,0.9269285717364084,0.9216499587450687,0.926758874682698,0.9134179309632332,0.9222340820592853,0.920152104419803,0.9281498391987555,0.9201618029988894,0.9267799132837005,0.917747257503654,0.9275074892918533,0.9286474990028185,0.9242711821940665,0.9218771128491926,0.9174875097134493,0.9244010667793701,0.9270692598839465,0.923218916554202,0.9265966342358043,0.9175121851551022,0.9190787176323667,0.9237581908605286,0.9287361137893606,0.927921268239445,0.9180994341659362,0.9294259678340101,0.9236000547501043,0.9308913708650751,0.9159896208120593,0.9194223597673674,0.9271343990145329,0.9249061370586774,0.917398710614501,0.929199108107273,0.922856193899416,0.005224051896102108,65
149.57480847597122,156.21030689132124,0.1949283027648926,0.3001613792780263,0.2078842538782157,5,0.5999444960895808,2,4168,0.9193506699558507,"{'learning_rate': 0.2078842538782157, 'max_depth': 5, 'max_features': 0.5999444960895808, 'min_samples_split': 2, 'n_estimators': 4168, 'subsample': 0.9193506699558507}",0.9040914719657124,0.9101539911244073,0.9276128760150076,0.9123177545674671,0.9164251072948256,0.9206043122163897,0.9162103260459323,0.9169088147035519,0.9074665397752596,0.9128434405476422,0.9244051073904426,0.907399983164006,0.9174676480329139,0.9178380399090232,0.9181851022656772,0.916402573929233,0.919420463526808,0.915790571376642,0.9195931099477064,0.9085408767011347,0.9159577202523637,0.9149500064470047,0.9147883234529754,0.9154497193985668,0.9123623445015038,0.912336709186009,0.9120312039720546,0.9137711491066903,0.917169579535326,0.9016244790963686,0.9192362845920685,0.9151996823486994,0.9068881271478869,0.9237179910057306,0.9105735142471132,0.9085373340721479,0.9091334083886536,0.9192260558140315,0.9187644457968452,0.925492916165316,0.9171749494901233,0.9245707868690949,0.9066284199461826,0.9099723612555374,0.9191224734755777,0.9085134836940472,0.9094745017335738,0.9191899256854552,0.9232990196868812,0.9123382010041758,0.9173018290239169,0.917056227394285,0.9205173911420764,0.9182802644658251,0.9002804956847624,0.9106404951846752,0.9186569362265306,0.9216467757001867,0.9159233996623565,0.9101185741429743,0.9141129260042319,0.9143559952887305,0.9206569902635674,0.9165962782904308,0.9170417161137067,0.9242365537934367,0.9206475264078091,0.9138037244201872,0.9213586161033089,0.9096554835485189,0.9118689536343724,0.9111446734219312,0.9233865064343453,0.9113055001343928,0.9208812914036582,0.9085861363597048,0.9214704287683428,0.9230232048980404,0.9187311188467828,0.9143478524805427,0.9073499267772631,0.9139423539310909,0.9196188799523458,0.9125185573688988,0.9203201618977938,0.9128291238065287,0.9147107204096356,0.9141109195919025,0.9206391071394984,0.922867072414545,0.9126427540962418,0.917033970383209,0.9183324945405471,0.9218007510429762,0.9128288221790386,0.9125769897201197,0.9196298142624211,0.9126722683263602,0.9053104257129174,0.9217161526791071,0.9154825835934386,0.005460660415280202,155
440.9936857032776,306.41258485395366,1.1794016790390014,1.5493842798595117,0.00407067039939574,13,0.7756179978787981,2,4168,0.6771670832896792,"{'learning_rate': 0.00407067039939574, 'max_depth': 13, 'max_features': 0.7756179978787981, 'min_samples_split': 2, 'n_estimators': 4168, 'subsample': 0.6771670832896792}",0.90450794055613,0.9103831883467081,0.9303690953031748,0.9101011839096625,0.9203226459176889,0.9205677777169,0.9197587899371079,0.9175587653023212,0.9065870731316676,0.9187549022355189,0.9271739634997807,0.9053081990662003,0.9158655121380808,0.9149924140044539,0.9225490298468326,0.9209256909912221,0.9254622201649347,0.9203231863356103,0.9199588632222302,0.9043179346294481,0.9119477616877474,0.9209338141204115,0.9178812357942034,0.9213965812104443,0.9134824342246826,0.9206564453241556,0.9112855883728411,0.9185839624559183,0.9174451922148091,0.9050315581083038,0.9217304891945831,0.9116711679546912,0.9066006718718989,0.924471242971792,0.910288979776377,0.9060374293949758,0.911702931778148,0.9195404391186545,0.9220821019800302,0.925302229967297,0.9184803350161386,0.9265747892782252,0.9128103043819494,0.905700430344249,0.9214660294175002,0.9106849259645818,0.9076869519436286,0.9211451654161456,0.9215468627194885,0.912850790747798,0.9167029502655285,0.9188008869601244,0.9213759801142044,0.9165870524530229,0.9056361630506562,0.9073248241694706,0.9251605116113513,0.9252747212950423,0.9190226277635613,0.9117025750758826,0.9174703341935678,0.9129353646894414,0.9196878077439092,0.9161092320228024,0.9210561755934077,0.9227304856857471,0.9230266427332783,0.9136539130671879,0.9225118277528389,0.9052187156968853,0.9152770638780089,0.9124037391317851,0.922786161781677,0.9155108764185775,0.9201469725504954,0.914761279952536,0.9210043625898292,0.9228965603125658,0.916712684702164,0.9165063809563869,0.9125253649173999,0.919596874770416,0.9208815149164764,0.9195411183864832,0.9206221504798701,0.9109313313300693,0.9113591393639918,0.9195434624463718,0.9234194382902918,0.921586751235313,0.912604731861623,0.9269730834518712,0.9161232340208466,0.9241986550607373,0.9096514594453203,0.9132545476084457,0.9240160803248219,0.9182294565944971,0.9092271405820671,0.9223207418607833,0.9168940837016699,0.006111020877130881,142
144.91870339393617,144.40995400215584,0.9029319143295288,1.243826558382002,0.014571905849303018,12,0.33503216233857,2,4168,0.6737982711417441,"{'learning_rate': 0.014571905849303018, 'max_depth': 12, 'max_features': 0.33503216233857, 'min_samples_split': 2, 'n_estimators': 4168, 'subsample': 0.6737982711417441}",0.9097492243498959,0.9184485141557602,0.9327502829101632,0.9179360293283723,0.9227355869645222,0.9260838776238561,0.9226924798497153,0.9215097023277813,0.9136301550631889,0.9243878817603229,0.9319212420381702,0.9106341666098652,0.919400203729472,0.9201610662499224,0.9262140895490037,0.9253676741680315,0.9276123088755812,0.9211920168588652,0.9236912864371125,0.9112711193961193,0.9169380406242635,0.9247693092029385,0.920205261300662,0.9238175401540726,0.9198619212080981,0.9225901959191717,0.9177793984153715,0.922520447689466,0.9234753713369457,0.9086656554574576,0.9246835858650924,0.9177935728683217,0.9126704647045296,0.9284284397918753,0.9179651424861812,0.9126469438972743,0.916558507300271,0.9240103700535697,0.9252895621659895,0.9296453444534637,0.9213817071291169,0.929886443748799,0.9167772666101008,0.9113319158044773,0.924018723665466,0.9155452944831489,0.9151496877360298,0.9239209464637366,0.9274591079683624,0.9149143389543528,0.9222896161240508,0.9223048210091427,0.9263831415141179,0.9220621424732001,0.9102862692052143,0.9137784943497805,0.9285028778659067,0.9296955932689706,0.9236509348175254,0.9171649081220682,0.921734691523264,0.9178018231701953,0.9215348660180949,0.9195116776904261,0.924750982292061,0.926544546611821,0.9262815291412367,0.9187003152576652,0.925649151084412,0.9132758475260525,0.919883431173167,0.9180371364621482,0.9257962882602123,0.9201235983120127,0.9236473706109681,0.9156926005484741,0.9256453413089973,0.9276853817608754,0.9232003047290551,0.9199843192737248,0.9177500369363677,0.9258903110987818,0.9249539554802312,0.9231144760368254,0.9244705039862956,0.916343591703935,0.9188362918345468,0.9238701410950922,0.9273417993038654,0.9249616879971624,0.9199426607079922,0.9284199949191047,0.9232920156159362,0.9288122064071066,0.9147413298930652,0.9181657311703953,0.9255104141876075,0.9239361483280935,0.9156148278539717,0.9290188004090922,0.9214467634217465,0.005302095479928972,91
230.4409448504448,210.45183247716707,0.3171192169189453,0.44982193384092334,0.01811151984115001,6,0.730009964172333,2,4168,0.733381595886742,"{'learning_rate': 0.01811151984115001, 'max_depth': 6, 'max_features': 0.730009964172333, 'min_samples_split': 2, 'n_estimators': 4168, 'subsample': 0.733381595886742}",0.9176506584175561,0.9219892391025624,0.9382012638326814,0.9249413658796328,0.9307647171058221,0.9316581256714713,0.9272102766618843,0.926741146091432,0.9185838224651459,0.9275105296904255,0.9379343649218947,0.9203405274238026,0.9270629155986895,0.9255951272014198,0.930897926320881,0.9293183324563927,0.9335499077410078,0.9278125072008854,0.9300831033959371,0.9181899297390038,0.924026054604902,0.9282790063736542,0.925785029689715,0.9302560415726702,0.9221960795537961,0.925560039628071,0.9250088494782814,0.9291881079408384,0.9267982830425935,0.9148889760846688,0.9302037451637846,0.9247200230595362,0.9175411725777708,0.9331219332601214,0.9240645500461898,0.9196994335172574,0.9210697259522436,0.9284442738441288,0.9294160885774079,0.9359837802382552,0.9262830780605203,0.9344449235526235,0.9207434924204427,0.9199197652086986,0.9304742252276326,0.9195575330656096,0.9200442884398264,0.9311076630978652,0.932778902481563,0.9221718989411505,0.9282565855279294,0.9304497645255189,0.930762460494162,0.9257330748652961,0.9174300680446089,0.922082047964834,0.9311257815737559,0.9342593788449854,0.9274069970885477,0.9251857074212791,0.9266118211503966,0.9241205018571044,0.9278801893768792,0.9263799869500133,0.9290767209890589,0.9332128143334883,0.9307022063540848,0.9262277246568018,0.930897378154987,0.9180695339069159,0.925329075611931,0.9250722996343099,0.932712407016164,0.9237896160927083,0.9318828929520317,0.9218591666723496,0.933379750486629,0.9317451636164055,0.9286824787841833,0.9255515201973495,0.9225639262933644,0.9280075872779543,0.9300242092953672,0.9276359303455681,0.9318715021196972,0.9217561119896099,0.9235804229847235,0.9239232928285397,0.9342223473110366,0.9320652230812825,0.9235918381031152,0.9331126663024514,0.9256290101905461,0.9347382290702223,0.9199924331336997,0.9236718599508783,0.9321857923179282,0.9304913211610975,0.9229273599563649,0.9336684905448771,0.9270134742102338,0.005031584309003316,6
393.1944863557816,278.3780691193494,0.5686574029922485,0.7336073989812347,0.024451857832937164,9,0.885422313074065,2,4168,0.8468434481960752,"{'learning_rate': 0.024451857832937164, 'max_depth': 9, 'max_features': 0.885422313074065, 'min_samples_split': 2, 'n_estimators': 4168, 'subsample': 0.8468434481960752}",0.9107513248389293,0.9139590685872193,0.9337213833976591,0.9166113812699637,0.9227170115347557,0.9258298626347303,0.9214401008739994,0.9210911623252136,0.9119470070004371,0.9229328084772537,0.9322478500870801,0.910617142620674,0.920340923907311,0.9183582361314175,0.9243978272400319,0.9230565668563797,0.9299932787460472,0.9222341611553833,0.9240123843412835,0.9097303876533496,0.9147238958769919,0.9239809791386304,0.9211614183740788,0.9247525160478256,0.9166922180070087,0.9224869763003374,0.9141191929075302,0.9226689411668637,0.9221055123594002,0.9093776491230533,0.9232853921068102,0.9158935682856346,0.9096745434201758,0.9290462396449796,0.9165070490500047,0.9109312505022429,0.9147423548485145,0.9243234505275821,0.9243397902240396,0.9299587507114442,0.9206248401177641,0.9303211147693575,0.9169498657565411,0.9103318499980675,0.9262202969975819,0.9151339568696517,0.9116273607507217,0.924018618239361,0.9259050113253722,0.9167122084125237,0.9194296980993459,0.9256256026802531,0.9243554110603228,0.9209502817954398,0.9096796312510381,0.9142264945667092,0.9285819385324781,0.9304202918110429,0.9218267726864087,0.9178734735234686,0.9223709302688665,0.9174024688071067,0.9243368843174485,0.9204368221891888,0.9245488199874741,0.9261254451367028,0.9274555147077062,0.9187147544375294,0.925966868740489,0.9096946412246536,0.9210033044046338,0.9158161460280233,0.927238040988239,0.9189417064965435,0.9249956243603401,0.9180056409536312,0.9252005921398735,0.9252919107525255,0.9225582122843087,0.919098567524183,0.9179400792636394,0.9222417340752215,0.9248305489539156,0.9225550759164007,0.9232596787700806,0.9152434215427465,0.9167575937967278,0.9218292534378136,0.9274542978699366,0.9270892818774995,0.9182001691945245,0.9290096515405809,0.9222736302469465,0.9273164781084777,0.9143343120271117,0.9155618756370403,0.928284178324181,0.9235478390373194,0.9137181627539175,0.9238629547459725,0.9208808939041525,0.0057768406583436835,100
364.0313177609444,339.135205575734,0.5356144022941589,0.7439343096382692,0.007450666443838127,9,0.8912789471378522,2,4168,0.7398333987787269,"{'learning_rate': 0.007450666443838127, 'max_depth': 9, 'max_features': 0.8912789471378522, 'min_samples_split': 2, 'n_estimators': 4168, 'subsample': 0.7398333987787269}",0.912232124096376,0.9152929271577209,0.9353807637948645,0.9174557460283131,0.9255100655186033,0.9271558853125829,0.9250173454371617,0.9237994894786518,0.9136779696451117,0.9243747850784092,0.9336570523842092,0.9114116391733418,0.9210970459341524,0.9212790552599216,0.9267845081623396,0.9252370677445327,0.931106839739045,0.9250819895436103,0.9252962477329437,0.9113236153328309,0.9180602308837148,0.9262657245971826,0.9236502731307555,0.9266081360571992,0.919735805892548,0.9241845740086557,0.9174533252201903,0.9246966748120348,0.9237733038535558,0.9109210823082007,0.9260674296665392,0.9183420981357229,0.912508117174892,0.9302751360262917,0.9190495189744925,0.9122343525779288,0.9170232678779895,0.9253978473638346,0.9275412727255586,0.9305616281366477,0.9227958304157069,0.9325883779309005,0.9185187990899245,0.9132013203777931,0.9266334181534516,0.9167132702852763,0.9128282229163327,0.9257712019864272,0.927197042812797,0.9192830046911413,0.9230797233439926,0.9263054438455778,0.9281558303781021,0.9215973912231312,0.9120833317259486,0.9165477755764759,0.9299258755584975,0.9315765223126933,0.9245567961544772,0.9197390746204902,0.923050555545895,0.9199457791854775,0.9245562029345438,0.9220209934805226,0.92648195992721,0.9287050879280856,0.9283031416694693,0.9213534895472417,0.9281310222406393,0.9118959681197079,0.921467047883596,0.9192280595916255,0.929561219719636,0.9217018785064329,0.9267919529370758,0.9213719398156428,0.9274565846123755,0.9279704112632111,0.9237547534444877,0.9211919409377235,0.91866851675046,0.9251912869006773,0.9255042792269668,0.9225937187838853,0.9281825104679113,0.9164423673158428,0.9176929410514331,0.9230763845192227,0.9295320911671088,0.9275443943420263,0.9197190455933809,0.931689677827495,0.9232255840331424,0.9301343777919583,0.9165848498207151,0.9191515566386045,0.9290856939286223,0.9245256093080334,0.9171619221742756,0.9275906659154312,0.922838576782256,0.005680464107673194,66
112.5012661600113,130.24196411114312,0.31502576351165773,0.4413975683254366,0.07971189763535122,12,0.5817422573446251,2,4168,0.6995322018780352,"{'learning_rate': 0.07971189763535122, 'max_depth': 12, 'max_features': 0.5817422573446251, 'min_samples_split': 2, 'n_estimators': 4168, 'subsample': 0.6995322018780352}",0.9015388233120745,0.9074626370364188,0.9258638333624621,0.9077266270235507,0.9152281101823198,0.9147841796686154,0.9170363141599273,0.9150891482500594,0.9036678219728115,0.9172773120096931,0.926086105288887,0.899978358274853,0.9142149896447895,0.9101387100019898,0.9183064180977257,0.9176212640225019,0.9217483927027349,0.9154789198380288,0.9175538680119393,0.9031624333512865,0.9094147003641275,0.9165127075788078,0.9140067252325856,0.9187419102182397,0.911584750036609,0.9147915874122731,0.9080695885233363,0.919694408094504,0.9175953195776703,0.9014038521740951,0.9177477563891696,0.9112490153741564,0.9053952188141968,0.9194928219348345,0.9089042972398166,0.9028691453815034,0.908449982632712,0.9174747211031806,0.9188199901293159,0.9218202084986243,0.9187753098518952,0.9236379069899555,0.9118949175658864,0.9023215058849374,0.9190807174943821,0.9087739869869251,0.9060146461851313,0.9193399293875091,0.9177849116348212,0.9100073707000926,0.9116080088635394,0.9176827918654034,0.9178676613039725,0.9117324337242475,0.9028817370727478,0.9061247019351172,0.9231356918861274,0.9246925378989905,0.9164447965809968,0.906109797114085,0.9153378349826976,0.9103017846015347,0.915609922934889,0.9134136921340252,0.9145243835732142,0.9175177582251479,0.9210458721513572,0.9113130152858032,0.9196164164926314,0.9056027908553083,0.9151619066614038,0.9084109048067874,0.9239526173589827,0.9158317217935706,0.9164776544876022,0.909885701176868,0.9185814451972568,0.92138056330942,0.9152624246900367,0.9141668564815457,0.908384159864119,0.9163108717561307,0.9141417253866001,0.9175401524091354,0.9206707392574198,0.9075634207786403,0.9053064660390672,0.9191819034434457,0.9186639389053793,0.917578770936643,0.9118949261868652,0.9255226658079261,0.9156153547693965,0.922293514387709,0.9064427906948427,0.9084634638064939,0.9171532720648057,0.9153324147191487,0.9057446949617479,0.9204450559575833,0.9140755990318238,0.006185520543797854,162
401.5575180029869,342.1691046376858,0.5376855540275574,0.7560438422130296,0.022064956656423867,10,0.8042041362069554,2,4168,0.8535438211675037,"{'learning_rate': 0.022064956656423867, 'max_depth': 10, 'max_features': 0.8042041362069554, 'min_samples_split': 2, 'n_estimators': 4168, 'subsample': 0.8535438211675037}",0.906211187054503,0.9129863008496428,0.9326604751595665,0.9134331688592421,0.9226470900216246,0.9230111200949289,0.9196217139210474,0.9189696063764661,0.9087603330780651,0.9206995990754684,0.9295340621410086,0.9068752329614359,0.9181842903458501,0.9169591694653634,0.9222756109972622,0.9226889073350475,0.9278623957984883,0.9211705115891211,0.9221088431306143,0.9064094573804912,0.9140814856834223,0.9217458640051528,0.9184618278805647,0.9229925191387034,0.9151432333676979,0.9196451577975325,0.9130983484530013,0.920621665375871,0.9185514734030731,0.9064735047361048,0.9239501312971682,0.9125985791815793,0.9079721548397168,0.9263351952458211,0.9130931251763214,0.9099897535020969,0.9119406932846401,0.9225921965819571,0.9231462781154742,0.9266491959339093,0.918399006580086,0.9286066242129993,0.914926727026445,0.9088156430715972,0.9235450708525922,0.9129636360626388,0.9084770588333669,0.9215428223828876,0.9240576858200393,0.9143358549686186,0.9179724594924524,0.9216734631517096,0.9222500381083589,0.9181382032798922,0.9110654648747712,0.9115735298083155,0.9264706083310432,0.9270135976276987,0.9207061270066541,0.9149462182558461,0.9182493971534393,0.9155235289777849,0.9215083844090313,0.9178130818749477,0.9228201110879074,0.9240165056131705,0.9255183041307871,0.917032260384943,0.9234256676383954,0.9083958981457982,0.9190758243133234,0.9136713174045235,0.9249859063275795,0.9189074217246781,0.9220515310389589,0.9161428454426541,0.9225364163910759,0.9246276597168924,0.9200879831181523,0.9182588429701493,0.9139346504408696,0.9213387172582451,0.9215198274133213,0.9196918749232225,0.9229467148502215,0.9122239302299874,0.9141415598960488,0.919944831892142,0.924387794698464,0.9228393464171162,0.9162983090264489,0.9273939672964383,0.9185773310523402,0.9262210944649536,0.9111537729863142,0.9142627650135405,0.9263486830031001,0.9206215513232645,0.911928863059589,0.9236057180249615,0.9187366148951783,0.005854121401083095,125
193.59861104011534,201.91013331085574,0.6064393472671509,0.7850599800120699,0.06590153608896254,9,0.43662205597382386,2,4168,0.835947868716513,"{'learning_rate': 0.06590153608896254, 'max_depth': 9, 'max_features': 0.43662205597382386, 'min_samples_split': 2, 'n_estimators': 4168, 'subsample': 0.835947868716513}",0.9103401223420644,0.9140788042150007,0.9324944153391973,0.9168466468245104,0.9226250579687498,0.9221623429027035,0.9244183632012678,0.9198549150347932,0.9105536301486497,0.9240451592514876,0.93507990713268,0.9108142178890685,0.917358782118901,0.9187366592023165,0.926406760107576,0.9227362886608133,0.9278187470281992,0.9234233299009784,0.9250948983958117,0.9108212822180103,0.9178664916399666,0.9241882545651856,0.920815921186271,0.925614884482479,0.919558382054219,0.9195371026968038,0.9163249939922006,0.9261861660848982,0.9217337571225048,0.9060447736517889,0.9259303457621637,0.9183352044475843,0.9124681812419191,0.9298065023089116,0.915176551069583,0.9155234340212651,0.9162538890401657,0.9231682368411117,0.9251005512259824,0.9301938288135981,0.920268647370386,0.9312079595478401,0.9134550043842574,0.9130705392490874,0.9228581618914241,0.9150418016549969,0.912118727287002,0.9249953142622541,0.9272674688760694,0.9166812614645321,0.9195117583350733,0.9222160774167262,0.92656832087193,0.9184939464316553,0.9089630971467748,0.9143841708254963,0.9272785099784756,0.9293947134907775,0.923616180504782,0.9182582711826267,0.922066006462045,0.9211684770631312,0.9220955869445766,0.9207954015375802,0.9223713651225223,0.9265141612192307,0.922903992228027,0.9184867518880864,0.9257198939050186,0.9146003771645873,0.919164941394407,0.9167808479425277,0.9278262269102204,0.9187785083225413,0.9250209598548023,0.9169999786349712,0.92618133895536,0.9250122566026102,0.9237779633447041,0.9213292706450352,0.9178199170027159,0.9220783707387622,0.9223641230614578,0.9211750125660711,0.9248785074191626,0.9151753895879509,0.9178897237959407,0.9230109508403637,0.9268856656565645,0.9247980203864767,0.9180278080459274,0.9291316922915583,0.9207154162568105,0.9307112019605039,0.9161363901123238,0.9184086909426245,0.9242420272518086,0.9235911952308726,0.9136628367649582,0.9277939844096165,0.92107278944768,0.005602997157029795,96
74.76603481531143,92.55940806571516,0.26568827390670774,0.40392715905141846,0.0220164181334109,7,0.4414855848403797,2,4168,0.6048221246088148,"{'learning_rate': 0.0220164181334109, 'max_depth': 7, 'max_features': 0.4414855848403797, 'min_samples_split': 2, 'n_estimators': 4168, 'subsample': 0.6048221246088148}",0.9171462485202398,0.925235316454875,0.9363651297410821,0.925803231450936,0.9295497092527876,0.928897376240597,0.9286054705974189,0.9254461984691265,0.9201664357980298,0.9285669952026462,0.9364334015573667,0.9177595370522982,0.9269094742950577,0.9255525345229899,0.930852216581765,0.9307660446349874,0.9330315679022404,0.9267553760448953,0.9298857688516718,0.9166430873233214,0.9228220313920757,0.9308098327572039,0.9246620490433232,0.9294763382625713,0.9251247207172838,0.9266030440422799,0.9246182869339692,0.9297894717089055,0.9280216524415821,0.9158355994323608,0.9303146985393118,0.9244496011474251,0.9212208518681145,0.9349066742709471,0.9236356032664343,0.9216812603592386,0.9220095397813429,0.9282686250490318,0.9312159216446165,0.9355850773195027,0.9269247929479201,0.9346743544550512,0.9201216500249157,0.9215320438170136,0.9318940504873694,0.9211683458383036,0.9179804954123644,0.9306323219053652,0.9344213595624326,0.9194536393122289,0.9258440914730186,0.9307035916219286,0.931686358542645,0.9272459639343247,0.9157298935891087,0.9228944686216447,0.9310739743547592,0.9347906254622101,0.9293315100679558,0.9237393998950568,0.9276644116959871,0.9258842442758207,0.9289106243392852,0.9258152920722476,0.9293531683071014,0.9341535505911058,0.9298831471648356,0.9247438194973698,0.9322616815869864,0.9193736368487524,0.9249315193142631,0.9243142068875323,0.9331754101425342,0.9252093479416701,0.9306756700884744,0.9214901178346933,0.9325072129843681,0.9296439274809901,0.9280827553073021,0.926670008424086,0.9239161665994748,0.9280680447886566,0.9308206435347717,0.927390039848447,0.9322608019848094,0.9244422876480541,0.9270598825681124,0.9273084679008998,0.9328405924439045,0.9311294446219404,0.925020751130278,0.9339749822734775,0.9284946680260149,0.9349543154158189,0.921165185120738,0.9254579818166,0.9326607448390578,0.9305550585151536,0.9230144410490618,0.9339937382389689,0.9273253692294711,0.004904833746884045,2
502.0223491597176,373.89753257068423,0.5208155655860901,0.7956639225899709,0.025047557393561622,12,0.8813909601918843,2,4168,0.8610793298222768,"{'learning_rate': 0.025047557393561622, 'max_depth': 12, 'max_features': 0.8813909601918843, 'min_samples_split': 2, 'n_estimators': 4168, 'subsample': 0.8610793298222768}",0.9003812247221027,0.9035856494989714,0.9251675223047353,0.9049890511072961,0.9167546196896624,0.9157544075425009,0.9149198007692035,0.9120831408173727,0.9015199043783301,0.9169166394312774,0.9220847333735817,0.8996541573848237,0.9113541546017901,0.9107626832685304,0.920178415633141,0.9146922392510632,0.9212975354433317,0.9166887322751782,0.9154350061154892,0.899388436944163,0.9062405025574329,0.9161468317543309,0.912203981066878,0.9163066756968643,0.9087831545803797,0.9146831449597126,0.9041480581844301,0.9126855528136322,0.9132663312782587,0.8967530556547537,0.9175022256321841,0.906332523005666,0.9034878989676663,0.9212920516171645,0.9051483426938776,0.8982285040135951,0.9049614207303177,0.9159647301768667,0.9185332241770872,0.9203863217904507,0.9122217576642138,0.9225976068846024,0.9080304282334254,0.9032550341025422,0.9180230635235691,0.9062050507243484,0.9037959566637618,0.9149749190838544,0.9168500866216096,0.9062888021842036,0.913618424931256,0.9152431458574575,0.9163935242973571,0.9127989435367795,0.9049928878414968,0.9045268228184813,0.9234122954799018,0.9210218224573103,0.9139162372892693,0.9071357707462608,0.9134308670350322,0.909274110696416,0.9146070052597343,0.911717478946935,0.9160657319400299,0.9180688331936946,0.9196905378356368,0.9105222392204471,0.9193881890046642,0.8996746700472024,0.9121383848885063,0.9069631144055724,0.9173855241069533,0.9108918355099296,0.9154654895476894,0.9093219777440111,0.9150540615836047,0.9189069734216385,0.9100713702277551,0.9112661097953731,0.9068418164086769,0.913333070531356,0.9145261754870196,0.9150985121253057,0.915294602354378,0.9061277612909296,0.9066048891313114,0.9143293145618866,0.9184160517410507,0.9189520547419592,0.9075545481120704,0.9230830732640024,0.9109996986072971,0.9201456949093874,0.9024860655343226,0.9060886005267269,0.9196591117354581,0.9141516115273153,0.9044357844540192,0.9161280411059585,0.9121612614940706,0.006463197781690626,168
100.49734337091446,117.95673973500058,0.2465897035598755,0.346073500686541,0.0965879569053994,11,0.4613387362619372,2,4168,0.854442074247118,"{'learning_rate': 0.0965879569053994, 'max_depth': 11, 'max_features': 0.4613387362619372, 'min_samples_split': 2, 'n_estimators': 4168, 'subsample': 0.854442074247118}",0.9029426462427802,0.9086918826749989,0.9262243013781948,0.9085104041041728,0.9151366712127548,0.9200491701125694,0.9146130297176038,0.9149275005038957,0.9047801271736925,0.9176846227342059,0.9244685514964901,0.9023092313149266,0.9137289386531389,0.9152250550021066,0.9189140232697022,0.9135926596059304,0.9203129919090268,0.9173843303524035,0.9199491775373669,0.9023240824691301,0.9084213252450903,0.9159924605644335,0.9130754125356825,0.9155139920530873,0.9131088383836066,0.914062198157038,0.9108409398988236,0.9132429018696377,0.9156053966478411,0.9037260823566104,0.9175392559954855,0.9081771362158734,0.9046875143300789,0.9228689790002288,0.9108599160110336,0.8992269211299941,0.9068782928466316,0.9158363184380842,0.9144058758957034,0.9219382402305218,0.914317068488697,0.9245270738377284,0.9062464714260301,0.9021771566211446,0.9181918120550304,0.9075934155693951,0.9048413885034687,0.9157201680074057,0.9204446366436181,0.910610739384171,0.9151704108829987,0.917382928335572,0.9195007640422891,0.9129141647506431,0.9053265905151386,0.9066927535974588,0.9258959399208757,0.9212029543871806,0.9151450097038651,0.9116631123508656,0.9160512556386584,0.9120295577120521,0.9157952957933189,0.9132114824269693,0.9172508890745401,0.9180327037591709,0.9171603285168166,0.9083320802279993,0.918706409115542,0.9053504528984193,0.9129857942519147,0.9110459571494957,0.9197834429263351,0.9141920316214803,0.9159711209714496,0.9079302558910377,0.916620034755471,0.9212400999606434,0.9159794103244445,0.9121807888828675,0.9088436274239075,0.9159236912057159,0.9193790397960845,0.9158916281201335,0.9186028519376761,0.9080666552113497,0.9073538112585311,0.9185995210194731,0.9220937765244156,0.9177708027925895,0.9113353847278172,0.9241280291817209,0.9178700649576339,0.918919949021257,0.9075322864917201,0.9067121970847448,0.9216068328898279,0.9176534841776571,0.9098201291730281,0.9244079590263183,0.914057030682144,0.0059943259164748595,163
180.2798930668831,171.52361490190094,0.5490148043632508,0.7083435615508011,0.08846151865692825,8,0.5047377130664709,2,4168,0.6444622861050796,"{'learning_rate': 0.08846151865692825, 'max_depth': 8, 'max_features': 0.5047377130664709, 'min_samples_split': 2, 'n_estimators': 4168, 'subsample': 0.6444622861050796}",0.9095779931061025,0.9154466873387355,0.9320181275589753,0.9179547066022684,0.925135047518473,0.9264024656069789,0.9172038249461666,0.9201034304277341,0.911196830545145,0.92344694473411,0.933780123822887,0.9082242843752949,0.9197332590883907,0.9206597526323285,0.922138446370721,0.921503858264718,0.927664538469688,0.9239373494117006,0.9260957114386255,0.9103886126612462,0.9162920018612537,0.9213474477594907,0.9178055492003269,0.9250878069266218,0.9151727620846599,0.9213911908656897,0.9158415154483698,0.9222330554713256,0.9182813539506132,0.9121449939700933,0.9251656094761379,0.9137615111205885,0.9165466734491505,0.927806846159089,0.9149390016517821,0.9186687629763285,0.9143310934152298,0.9229849015945499,0.9246029484482937,0.9286533372331707,0.9204679098478623,0.9284811203345794,0.9136528907034749,0.9103412158135145,0.9218832081491405,0.9149345501576694,0.9089241681262239,0.9224762922996106,0.9272098997626372,0.9163339712177143,0.9231235986798657,0.9233360630698311,0.925039300113405,0.9209587696576855,0.9097301070863925,0.9136945564804169,0.9272980496023016,0.9285108750455222,0.9215465752237004,0.9214939937839648,0.9222732450218962,0.9198193271541456,0.9212652224493643,0.9170057986373061,0.9213869865407243,0.9264742224469897,0.9222608687308589,0.9192539317706809,0.9222975158126744,0.9108973455501489,0.9210071616892942,0.9162860279207992,0.9293804155938837,0.9175515477370545,0.9272685239366789,0.9132933802141311,0.9246553418784613,0.9245190747822195,0.9208831799838503,0.9212167024369018,0.9151346053280393,0.9168873924775464,0.9238950086562643,0.9231866689431573,0.9277783146567931,0.9157294475495745,0.9177536547315653,0.9203626330028418,0.9273013081396817,0.9281129275870333,0.9164897451329995,0.9275098277580969,0.9199286585603172,0.9286972206819902,0.9160086875478599,0.9185638724887276,0.9258070345699243,0.9233969526358389,0.9153966291347277,0.9244850541876417,0.9205652893719727,0.005548529054535139,102
475.64268845558166,351.99699994669413,0.8051947045326233,1.1196993530101758,0.003362102626007117,11,0.8750565330562627,2,4168,0.8216755337420458,"{'learning_rate': 0.003362102626007117, 'max_depth': 11, 'max_features': 0.8750565330562627, 'min_samples_split': 2, 'n_estimators': 4168, 'subsample': 0.8216755337420458}",0.9043485512663688,0.9086540051178066,0.9294749230308186,0.9104273722417603,0.920084966297053,0.9200940506900183,0.9194214805544733,0.917130268753875,0.9059750868161909,0.9186581647532764,0.9269363368404364,0.9054356577215027,0.9148713183324245,0.9145929960640471,0.9224043051352141,0.9187353152770792,0.9258152788128584,0.9204408055956766,0.9193676251630777,0.9032672004581869,0.9117863621542805,0.9205722804262564,0.917170111617973,0.9203470249696125,0.9133321530912936,0.919926868452696,0.9096491261100559,0.9181381829865667,0.9172669660379895,0.9020502145663596,0.921264066524405,0.9101164769322775,0.9055858431543291,0.924504488390292,0.9106024774859437,0.9047328220726684,0.911008151536512,0.9193155967364953,0.9219974983065669,0.92485547034224,0.9164876411537242,0.9265588396592533,0.912325892168207,0.9061211750569164,0.9210919064215195,0.9097493519122144,0.9068811220628605,0.9193445644911444,0.9207197774353946,0.9122969109929722,0.9163525191568923,0.9184726098507742,0.9213097923504009,0.9158269767438665,0.9067066751987505,0.907643050002476,0.9257756685337432,0.9253392520832332,0.9177270956100987,0.9118951152628816,0.9168515469594785,0.9129595771525532,0.9188933355810851,0.9155931903759528,0.920672656896556,0.9219542321077798,0.9231329959935966,0.9144365393301559,0.9221755128064612,0.9032717557339841,0.9158667416267986,0.9107728252483943,0.9231766551512399,0.9154992274261411,0.9203235177696177,0.9141161743643297,0.920550603313561,0.9225290697690195,0.9154327817468199,0.9147811798631111,0.911279544016124,0.9183875344969191,0.9193156908162003,0.9175422639024039,0.9202196855020969,0.9089401565653189,0.9119050135833983,0.9179948445987816,0.922352988912054,0.9214578774538154,0.9130905394764603,0.9260223146972376,0.9154008176530642,0.9241186958771573,0.9089156568840421,0.9116521360340675,0.9249419096578876,0.9178404859003207,0.9097234307940945,0.9208146602161225,0.9163389019321846,0.006234321205001992,150
132.74321711301803,146.34158112257214,0.22559106826782227,0.32720955783077577,0.11667952049666686,5,0.743730469582262,2,4168,0.6200136858032161,"{'learning_rate': 0.11667952049666686, 'max_depth': 5, 'max_features': 0.743730469582262, 'min_samples_split': 2, 'n_estimators': 4168, 'subsample': 0.6200136858032161}",0.9137288577119932,0.9175824922355524,0.9292720073167046,0.9198594647356806,0.9290192886471867,0.9249172179238025,0.9197743235163784,0.9184057665918051,0.912561902223907,0.9228932738455357,0.9281511500075367,0.9072409934612391,0.9191090859606507,0.9210789219715755,0.9220774854820846,0.9193528431577828,0.9258451166654681,0.9174847207524751,0.9236788612530501,0.9120436454390476,0.9109740975000474,0.9215090587948891,0.9202466965485642,0.9217368854288446,0.9159019911828811,0.9202271646957402,0.9189152463634909,0.9227682923271422,0.9199757640585126,0.9081448440801482,0.9221009690254769,0.9199436952075752,0.9080704377396314,0.9268170155687244,0.9164582557665455,0.9143547386645474,0.9104050718393377,0.9243678658713299,0.9211689213904808,0.9263499878935846,0.9193099329657142,0.9273163726869738,0.9099521844217613,0.9079979132051491,0.9223876943730079,0.9156897008539248,0.9105738597888775,0.9263945455608584,0.9268726246381911,0.9095979049519209,0.9216131785750535,0.923963222655195,0.9249502019300031,0.9198850519919916,0.9106532401578498,0.9206823634909176,0.92645885915294,0.9262774902912938,0.9216831774775167,0.9149115796224755,0.9202851616541436,0.917658402722945,0.9190706852949939,0.9193721675623694,0.9216976791614061,0.923848511298535,0.9240779682596099,0.9167503476408073,0.9217190252615193,0.9126196095349293,0.9164251725970151,0.9165981462661982,0.9266001556474344,0.9138453964232587,0.923636487004403,0.915358125247101,0.9256913398484458,0.9230695112607513,0.9230949307888621,0.9194448075816263,0.9143909286956351,0.9174716605467876,0.9189639756744391,0.9185266866858652,0.9234289127147931,0.9130800076913959,0.9206703690029557,0.9157082779437707,0.9256181009025911,0.9245735789930252,0.9164290121930245,0.9278805210847628,0.9186536256146353,0.9257197762199947,0.9095657220695461,0.9160992384213985,0.9247378166173256,0.9232203115858045,0.9169697044447155,0.9246957147610023,0.9195895309055838,0.005387826781304371,117
376.538111641407,297.73185507181034,0.3346040558815002,0.4847554305546255,0.02841217831524539,8,0.9029246761915235,2,4168,0.906996666315752,"{'learning_rate': 0.02841217831524539, 'max_depth': 8, 'max_features': 0.9029246761915235, 'min_samples_split': 2, 'n_estimators': 4168, 'subsample': 0.906996666315752}",0.913583639921409,0.9163550770188701,0.9350265146320117,0.9193898865330277,0.9260087172841038,0.9270526100604605,0.9243359309276076,0.9226454018092619,0.9134899478123198,0.9219877443725879,0.9345436297534158,0.9110789217216302,0.9212062149567656,0.9218105539853985,0.9265028968661163,0.9245091808828398,0.9289349828145217,0.9271133069367007,0.9252496472969515,0.9127841808973947,0.9173952451008366,0.9254697301653576,0.9227434053817501,0.9254882686178936,0.918470929362168,0.9236569968488044,0.9168522050914986,0.9246829502376753,0.9242758187512198,0.9089426418063301,0.9252368722366691,0.9198792076132796,0.9119762195744341,0.9295101430737955,0.9199590376316351,0.912341401032704,0.9154076955115227,0.9265456561286228,0.9262376856671772,0.9309642244556718,0.9225492452389622,0.932010343383785,0.9174184109337986,0.9117446940138066,0.9278281460002243,0.9162373239125958,0.9151525663954279,0.927237169760211,0.926812306684023,0.9187225412562088,0.9226715486393565,0.9257208524842204,0.9276454656112185,0.92085059619989,0.9123624271477059,0.9170767377709163,0.9303106273723938,0.9314353707611238,0.9239751558781236,0.9193876346385375,0.923184018175434,0.9184400915313922,0.9254144202517485,0.9213331762788484,0.9266526598349837,0.9290287759519815,0.9279023199004022,0.9218908891825626,0.9276323901016392,0.9115831029876479,0.9218684482033039,0.9180860617575245,0.9287121265444284,0.9193892166496834,0.9269179033482264,0.9185728812712768,0.9262726178293734,0.9281544544155129,0.921845667774979,0.9207859203354647,0.91758588218045,0.9249924486914006,0.9257398503941798,0.9220096728653561,0.9280230402016372,0.9175128296828907,0.918723374982553,0.9227601909790636,0.9294836278765868,0.9292609164617619,0.9199905216160704,0.9302922757824695,0.9225455608795804,0.9304603755385314,0.9152193574961447,0.9158789536071802,0.9283648378683381,0.9249757864237576,0.917354204193912,0.9272855812567409,0.9225892091615999,0.005704993479599472,71
135.4142290043831,156.50476256760587,0.23241268396377562,0.339480091529472,0.011524353055160108,5,0.4696186449797698,2,4168,0.9370686736576764,"{'learning_rate': 0.011524353055160108, 'max_depth': 5, 'max_features': 0.4696186449797698, 'min_samples_split': 2, 'n_estimators': 4168, 'subsample': 0.9370686736576764}",0.9147180150189398,0.9223183885454943,0.9352068061967148,0.9210641431612772,0.9275559461026224,0.9270583088854488,0.9264868638535755,0.9234514569622625,0.9140440560514013,0.9277750578788418,0.9342905087699168,0.9168068221538453,0.9245411995611401,0.9218347497411313,0.9280495917299525,0.9283343371764928,0.9302123074003086,0.9237224049744739,0.9271762324909605,0.9163070371939355,0.9201170163867375,0.9260554897209501,0.9221244918799709,0.9260287043572081,0.9220956449107822,0.9233293501198966,0.9232543273509437,0.9281685598771965,0.926296041340732,0.9114565397735961,0.9271000652401172,0.9239103317622791,0.9148174700731998,0.9304131399176621,0.9228693339662779,0.919868314537088,0.9176288453487367,0.926849933315152,0.927038008776545,0.9324032377345934,0.9242182990424284,0.9326413920911829,0.9185962336959956,0.9181213002326124,0.9284104038274495,0.9187046435993887,0.91644898162762,0.9295350339208764,0.9317428952655954,0.917010228917218,0.9262399494778834,0.9276111830854674,0.9296632424917365,0.923828898310437,0.9150066738067898,0.9210169502628622,0.9296109956365319,0.9322731766324793,0.9259332514425789,0.9214313688638899,0.9228625004198656,0.9243667750063399,0.9258852646756182,0.9228995055926336,0.9245542075338725,0.9317991492427268,0.9262414416732015,0.9243038767381527,0.9295309205722447,0.9170141267902857,0.9242234809324961,0.9234307986737565,0.9307403655512191,0.9200468422000554,0.9297688681393472,0.9169618554816801,0.9295429315217115,0.9306514674588442,0.9263755076126587,0.9233371093015446,0.921246977295408,0.9249095666891594,0.9280728324075016,0.9240227756798934,0.928264779365417,0.9190747138727994,0.9227535737458722,0.9209376364963833,0.9309102361922745,0.9310395439752642,0.919842005372992,0.9283313319826175,0.9262765087273926,0.9354343294198776,0.9186598732883401,0.9205630427739392,0.9287081855152134,0.9275141443105203,0.9190497335836426,0.9318632560555458,0.9246283622433775,0.005141448681769621,46
86.18016452789307,96.77262507461218,0.18118149995803834,0.23966378326836887,0.2620445808292873,9,0.6174587045408059,2,4168,0.8376303859582612,"{'learning_rate': 0.2620445808292873, 'max_depth': 9, 'max_features': 0.6174587045408059, 'min_samples_split': 2, 'n_estimators': 4168, 'subsample': 0.8376303859582612}",0.8881054708528503,0.9002170125202166,0.9150877905110792,0.8982412912573002,0.9135321869598718,0.9095761210315468,0.9049912480525953,0.9092390318479852,0.8973308267758682,0.9140441588026132,0.9233714736362394,0.8931303516375335,0.9036421688392453,0.9061030425909475,0.9053991054382668,0.9072053521938137,0.9153043510488321,0.904659105486088,0.9093160027485452,0.8937605142411745,0.9036356129982803,0.9067161899030597,0.8995783394654302,0.9117487383696845,0.8996457133383622,0.9134387636093644,0.9013496290844835,0.9086783820748462,0.9092550217879333,0.891196787910169,0.9120593206744189,0.9020104179321579,0.8902451481469689,0.9121675830243285,0.905715755183357,0.8916100448586648,0.8999845277888717,0.9114079308797993,0.9147881048379323,0.9150421367084365,0.9073555389665785,0.9158036319241067,0.9004790052964127,0.8927881994641175,0.9025988933374863,0.9024107309984929,0.8917887007003678,0.9052239368476576,0.9073212081189816,0.9025766514734462,0.9090384091426558,0.9157833435880816,0.9127689278475113,0.906365197362822,0.8991596037326326,0.8992373040625785,0.9159479200738021,0.9127557335862985,0.9022945504450551,0.9025627303936683,0.9063595222246819,0.9083891651807094,0.9050268978149664,0.9020656229805131,0.910950958364945,0.9104035875494569,0.915331805075433,0.9058692657843503,0.9114047579259573,0.9000177459647705,0.8999800149946415,0.900509673140947,0.9088446058014189,0.9043507754573435,0.9107138929689499,0.8991313265090861,0.9092352596533375,0.9093823845530371,0.9153005608118239,0.9033478233452156,0.8958915326402446,0.9109516878562792,0.9061832630461476,0.9072048881610971,0.9135625482682145,0.9023271523376978,0.9053142818134856,0.8993735750255338,0.914341482945229,0.9186526052023327,0.9053788367798643,0.9165219808317026,0.9022766805635336,0.9104134680327255,0.8941158201410621,0.9079933352251155,0.9133526863869866,0.9044798050737726,0.8990189376309337,0.9085469116999426,0.9058930809817539,0.007040401387864987,180
359.7570864391327,317.5497938093825,0.3631924200057983,0.5278326538186798,0.026390412137601137,9,0.8282362056368054,2,4168,0.8001830737619373,"{'learning_rate': 0.026390412137601137, 'max_depth': 9, 'max_features': 0.8282362056368054, 'min_samples_split': 2, 'n_estimators': 4168, 'subsample': 0.8001830737619373}",0.9100823252770919,0.9129970403706416,0.9338814295136633,0.9164569769573886,0.9240117858808539,0.9256714908057164,0.9224741578185325,0.9218171726429142,0.9103753604460407,0.923034544598512,0.9330632093307893,0.9104615588091599,0.9210082136189618,0.9209672407404256,0.9245404250394638,0.9243142489759518,0.9304776057005222,0.9232779287268414,0.9244437548610013,0.909075421457,0.9155753838809976,0.9249822838464445,0.9215213967827879,0.9258947344660553,0.9178795611502422,0.9209223943874623,0.915981773205371,0.9233417648347815,0.9239835039527369,0.9112242042302006,0.9244652835441752,0.9162829663216145,0.91052631600917,0.9294046340972921,0.9182157271119741,0.9117328031478555,0.9146678713588475,0.9248319873787204,0.9248700484931536,0.9301027843703268,0.9188317769617447,0.9313073256688934,0.9171013697306305,0.912544420953931,0.9268364430851534,0.9158659408280625,0.9123993465529547,0.9230541416178963,0.9249082993653054,0.9183309301513954,0.9213093195883156,0.9249332095676142,0.9260029722898965,0.9190532178634352,0.9108595817019309,0.914613046838252,0.9286867615223366,0.930245382623916,0.9230522808903988,0.9187243534362727,0.921501831915538,0.9171424648847256,0.9234934685374443,0.9209078280631807,0.9259779981714955,0.9268002141156255,0.9266882722422266,0.9189228057065085,0.9273389316939823,0.9097708998680432,0.9205538392245364,0.9179235611649406,0.9280326078106202,0.9201896869459574,0.9254262908138451,0.9191499495226451,0.9248960290606243,0.9258180169264597,0.9214402203439123,0.9210018943077619,0.9176808854673779,0.9232110072142736,0.9239311803945301,0.9217618351365839,0.9239736920543986,0.9168205187801339,0.9165956837087875,0.9220820935805123,0.9275211108787151,0.9268420496039147,0.9179807311497618,0.9301469600159536,0.9221012516316481,0.9272304132569357,0.9137009251406246,0.9171018805685207,0.9279725712327178,0.9229306823643717,0.9140350818984587,0.9253568088278771,0.9212945360960617,0.005736507414319954,92
298.0035602426529,299.99808580252403,0.4017488408088684,0.5476038882171176,0.0021419154051415027,6,0.8360019806405143,2,4168,0.8673162069059576,"{'learning_rate': 0.0021419154051415027, 'max_depth': 6, 'max_features': 0.8360019806405143, 'min_samples_split': 2, 'n_estimators': 4168, 'subsample': 0.8673162069059576}",0.9067560156395491,0.9121667510590254,0.9294411474664532,0.9126120539522643,0.921333051581802,0.921932884934885,0.920614747464523,0.9154090355138155,0.9052644587346886,0.9203820999100671,0.926779979618082,0.9087842336630091,0.9140706215158751,0.9164416308721657,0.9209494392750883,0.9216373600131278,0.924071538450181,0.9163429791399372,0.9183027507568883,0.9086253157518724,0.9143028120703072,0.9205321004963914,0.9154676840072802,0.9202877994617337,0.9129962238848048,0.9166362971455951,0.9155343573440092,0.9192289827003293,0.9194713488256697,0.9023588196052379,0.9217273106749184,0.9151434658196048,0.9054365097139957,0.9204919716695945,0.9176403039666476,0.9080566240326856,0.9119451750349676,0.9194970522108745,0.9203718080518701,0.9245402766006472,0.9127893761946327,0.9288262500035286,0.9131324549852681,0.9085437286901543,0.9194079393113752,0.9101416848848131,0.9097162248563724,0.9221515605368245,0.9228334912107613,0.910847890384351,0.9183060842843117,0.9202536559553356,0.9209687899198076,0.9161539576762738,0.9086627059196738,0.9122744894545698,0.9228141337174259,0.9259533041478486,0.9188503652132609,0.9113850095872806,0.9147310279675683,0.9150634302264152,0.9207630778860374,0.9153890811799263,0.918592552427912,0.9235527539643253,0.9224439911913651,0.9178784594438656,0.9201140795979749,0.9049356907082204,0.9160283069406459,0.9148165337361607,0.9207969644706648,0.9137681599475831,0.922037978584937,0.9122716303694222,0.921220180915594,0.92475057303032,0.9164001483628471,0.9152737423239221,0.9095880220699504,0.918190415638854,0.920695198270394,0.9197315099025334,0.9195903441560385,0.9103966137400443,0.9122365696524528,0.9159848392905756,0.9238489988286656,0.9233891933677987,0.9112134902315928,0.9238620679364226,0.9173892554581676,0.9249075696860782,0.9101362700205236,0.9116942723605465,0.9215447319854301,0.9204970632136267,0.9114793102572324,0.9230549225432172,0.916978571374502,0.00562343974683424,140
21.137335052490233,24.936480590848515,0.05649879455566406,0.08303008024642944,0.32852088137344915,12,0.623984383354723,2,4168,0.8091021492726729,"{'learning_rate': 0.32852088137344915, 'max_depth': 12, 'max_features': 0.623984383354723, 'min_samples_split': 2, 'n_estimators': 4168, 'subsample': 0.8091021492726729}",0.8719185278378436,0.8873592792635835,0.9052741300998709,0.8875204004731607,0.8993703724416355,0.8919136448042557,0.8877614512282621,0.9021269577924285,0.884576598760268,0.8926069683700816,0.8987943785221348,0.8744996651413295,0.8967448173351744,0.8917244501702811,0.8975503052532017,0.8873874318284416,0.8986009822087059,0.9026676154822553,0.8962396526967488,0.8851111805636513,0.880711645578022,0.8991053652822606,0.8994436783272945,0.8915588667956795,0.8880231691834709,0.8912003322353148,0.8881062982307821,0.8969602277540795,0.8956113354458664,0.8816125422289594,0.8956974351767941,0.8860254012284382,0.8857149622587726,0.9028685333616266,0.8868319412646698,0.8861518162720353,0.881553110996182,0.8990299205949118,0.8947693697213056,0.9067267525075606,0.8936163173052184,0.9014838321169729,0.884044144747907,0.8836467045136287,0.8942961340764491,0.881548225502512,0.8851231290672623,0.8938370095048309,0.9024896974420672,0.8854794900115888,0.8931490862938525,0.891632618117868,0.8960256629978546,0.8914036866836386,0.8869328960392762,0.8852707203012867,0.8951786517237248,0.894359969474088,0.889283768441161,0.8809532781946111,0.887454012296766,0.8924093232620595,0.8957826487982062,0.8970723347029103,0.8981117895325269,0.904706462446004,0.9020569431447633,0.8881392995056723,0.9008556975762686,0.8780223960830185,0.882955815390431,0.8873549013585484,0.9021873541392769,0.891515658580402,0.8937918957017204,0.8844429787549142,0.8969289479589496,0.904860706615052,0.8926279966030469,0.8909456989582586,0.88709620916577,0.8985160474597568,0.8928397194755647,0.8980837236720263,0.8944205484961179,0.8869305769271474,0.8937036946279094,0.8911179727683255,0.8995583224330862,0.8956564749658985,0.8914447455801341,0.902874419469037,0.8839904475546805,0.9010199351683165,0.8875804584472403,0.889519005622138,0.8942229752708404,0.8923506247270714,0.8808072369918828,0.8929284491698443,0.8921409098667472,0.0071258430277065694,197
298.1426387476921,261.2517842471328,0.8577529621124268,1.2341579902003426,0.013491178435132414,13,0.5837980464596331,2,4168,0.6680086710632382,"{'learning_rate': 0.013491178435132414, 'max_depth': 13, 'max_features': 0.5837980464596331, 'min_samples_split': 2, 'n_estimators': 4168, 'subsample': 0.6680086710632382}",0.9061662327959458,0.9139540074777867,0.9301501362321822,0.9122553164649805,0.9194876757042372,0.9208419459912569,0.9209041186176076,0.9180094120651375,0.9087722195978936,0.9207594241950929,0.9290355634339164,0.9073884026165413,0.9170353303585277,0.916516211192777,0.9221948713182615,0.9225908488764442,0.9265890467461106,0.9204697760768874,0.9221365338353563,0.9068484985761782,0.9118015497314728,0.9219429778182315,0.917172243464857,0.921558381086901,0.9143263742294501,0.9190337712717538,0.9137144907415192,0.9194039303101876,0.9179422156195816,0.907041521783011,0.9226690507356914,0.9135221962642806,0.9075213291230463,0.9254091997525168,0.9127813976895965,0.908036931133557,0.9140401604354192,0.9209880183895833,0.9224071048402323,0.925425855419879,0.91932894027471,0.9267518194882559,0.9138655213517698,0.9067865195253766,0.9227342024099011,0.9122019267703496,0.9083967795328503,0.921943417708706,0.9235714410651917,0.9134845932899287,0.9180648582523349,0.9196165211131646,0.9246177131373182,0.9172998856280844,0.907443586662705,0.9088216649129521,0.9255024277923443,0.9266741586575076,0.9192690740340189,0.9124851964343388,0.9172015082127124,0.9137008272568946,0.9206407049606247,0.9156266016496306,0.9224558066890097,0.9252980835592604,0.923466039410103,0.915103842630153,0.9230651976659752,0.9090009624738952,0.9172451189341535,0.91343319787473,0.9237442177374326,0.9174701114527692,0.9196315066676718,0.9150116042100863,0.9223404882423824,0.9231286694372702,0.9191378752797301,0.9185981520896551,0.9135567943698629,0.9204664571137839,0.9222355853561834,0.9195488138718655,0.922185184690817,0.9126547348042477,0.9158778381210388,0.9208688506613286,0.92465135771222,0.9208181703872181,0.9139838958162949,0.9272977280138321,0.9188252259395967,0.9250248572781021,0.9115046033141291,0.9154323878492876,0.9232859860845828,0.9198536096208946,0.911503590378288,0.9236196754204236,0.9180620038329385,0.005717797480654208,130
151.25271884441375,166.58945308346748,0.36123334407806396,0.48983495391439186,0.015968208674515427,6,0.3918476454910338,2,4168,0.9010850966951552,"{'learning_rate': 0.015968208674515427, 'max_depth': 6, 'max_features': 0.3918476454910338, 'min_samples_split': 2, 'n_estimators': 4168, 'subsample': 0.9010850966951552}",0.9188998272535605,0.9254137753985566,0.9382395688100036,0.9245368544811597,0.929879526168954,0.9311559400888139,0.9270581812767175,0.9275463316499695,0.9184542785104641,0.9290168025100003,0.9365973668673134,0.9184031984460167,0.9257334129339733,0.9254579847563298,0.9295853181598954,0.9309473075604133,0.9331341533572891,0.9279868735344214,0.9303453620473185,0.9191819627656911,0.9234792182834279,0.9284919922599194,0.9257729705153119,0.9280305170588633,0.9247172977819968,0.9268440415899141,0.9260309563130862,0.9289194131293214,0.9293528350043533,0.9155370544976452,0.9305848969866524,0.9255510412954864,0.9180704132831599,0.934230681699959,0.9237208081629837,0.9212262481313431,0.9202827735269973,0.9283847768945108,0.9300914771979634,0.9356973773056598,0.9264729342499401,0.9350753560075135,0.9201877410498451,0.9204969767669499,0.929429833973988,0.921468713141053,0.9199377041819636,0.9309434905322802,0.9344551728478528,0.9204955545703303,0.9276309500729641,0.9297614605578187,0.9314209965639801,0.9264209567758476,0.9174874601664982,0.9218680176782378,0.9328034645687524,0.9342388848644011,0.9283518568909845,0.9235917871954364,0.9275721333102402,0.9276018083542028,0.9287095591274906,0.9260691698794228,0.9270286667260892,0.9333431172337251,0.9302279510511815,0.9251514921754053,0.931542428609921,0.9205653900328734,0.9247316643597497,0.9233820205178195,0.933670075079611,0.9230712209054601,0.9311944899770624,0.9219559753068771,0.9321372661519354,0.9326018980243629,0.9284881538241646,0.9279057611719332,0.9239964647570947,0.92801212162629,0.9306564930085823,0.9268271006790105,0.9327023150477288,0.922597128615783,0.9258541124571278,0.9249170008359241,0.9329228387806278,0.9325621134653918,0.9248977086353778,0.931572266642725,0.9283415143380287,0.936532844980823,0.9215962470413482,0.9228653558486533,0.9303925565147392,0.9298768687858244,0.922887921086537,0.9349858507897642,0.9272707719590895,0.0048982063801623265,4
21.462234058380126,30.110348005315384,0.06830212831497193,0.10686579991483897,0.30854528362859684,13,0.574007372556042,2,4168,0.6933790952458154,"{'learning_rate': 0.30854528362859684, 'max_depth': 13, 'max_features': 0.574007372556042, 'min_samples_split': 2, 'n_estimators': 4168, 'subsample': 0.6933790952458154}",0.8788435978361018,0.8814682786970157,0.9054476159913682,0.8863876610618805,0.8964012636532297,0.8885754031439106,0.8859420924257299,0.8911012162390336,0.8800220939436287,0.8997128490085367,0.8988286651457836,0.8729261621223259,0.8963466917995196,0.8890063755771033,0.9020467620813291,0.8946236404373685,0.8907257797307551,0.8957532525847764,0.8966768360918149,0.886003432520192,0.8808915609201595,0.8938139866056356,0.8936714475873527,0.8976603496743318,0.8892849354486665,0.8970215647128024,0.8877730197064694,0.8847352895657747,0.8892269586823301,0.8776764194686508,0.8944087040052746,0.8805145274443602,0.8819779361899783,0.8966491126810149,0.8784270923527965,0.8861717080676477,0.8860812188445018,0.8903489218116489,0.8899801914866171,0.8937449841108962,0.8877641506549309,0.9005956675847696,0.8870411348571484,0.8751704945754657,0.8915800852868471,0.8867798543061253,0.8828840907645299,0.8921039937401095,0.897973308908833,0.8895219823628164,0.8909629117019392,0.8863883914621221,0.8915254323427776,0.890458106686842,0.8762053025303228,0.8743009793157238,0.9004572148184607,0.899930711068005,0.8907009848696316,0.8821525704503683,0.8857230279642052,0.886403498083701,0.8965601788788246,0.8812650864905522,0.895685854509011,0.9020550366389823,0.8990593295765219,0.8860871954284858,0.8911221697056423,0.8734538849320037,0.8910811116003508,0.8853997193810415,0.8953871917399194,0.8888681330887322,0.8932077429787043,0.8850209399806065,0.8927982114800076,0.8948245559619601,0.8932779482583396,0.8998356099450489,0.8790396176510825,0.8921680372757177,0.8933111286347879,0.8963640350122634,0.8924699632998907,0.8820769977412908,0.8815368059681646,0.8945301624700698,0.9027270073434002,0.8940887716691355,0.88234647522774,0.8993433380835312,0.8934355887470571,0.8901877257743543,0.8769858811455287,0.8884964262581627,0.8961423245000937,0.8881347483743123,0.8829113684298848,0.8964617156550114,0.889812715136302,0.0072653891689976975,199
249.8815816640854,244.320151898173,0.7522509241104126,1.0286103082587015,0.01583369549343909,11,0.571607120591422,2,4168,0.6409127007165993,"{'learning_rate': 0.01583369549343909, 'max_depth': 11, 'max_features': 0.571607120591422, 'min_samples_split': 2, 'n_estimators': 4168, 'subsample': 0.6409127007165993}",0.910777470509134,0.9160206144912765,0.9332982543101246,0.9153991861636207,0.9233492818915904,0.9239064201142666,0.9227770731323984,0.9210289625877972,0.9111272308632323,0.9231924300541987,0.9319165849732018,0.910484824543417,0.9212527607977777,0.9197309605387094,0.925269037948952,0.9252369527621723,0.9301727347080866,0.922258956524233,0.924097450766986,0.9093735435483784,0.9175808318503147,0.9248856337400753,0.919656944855645,0.9246152334194528,0.9182241512029239,0.9232745634000631,0.9161991545183856,0.9221340709317831,0.9211082655420976,0.9104216635827211,0.92559719255746,0.9161040098956144,0.912008207835025,0.928178585547054,0.9172589510417469,0.9110787176715431,0.9165080781162783,0.9229806450732916,0.9250121940686753,0.9289823640396611,0.9232747213272237,0.9293640298065245,0.9157378973088047,0.9101300054542364,0.9266223796489278,0.9139161962166397,0.9120731396552268,0.9224161709955832,0.9265729219882813,0.9177265168527231,0.9205142620333826,0.9236132256927035,0.925516223215238,0.9200718180997969,0.9091940593191408,0.9142136862265664,0.9284442988113312,0.9295111654622888,0.9234091655657031,0.918450493320925,0.9214551760644795,0.9172113264528329,0.9231763662118262,0.919794995922505,0.9244447187768465,0.9277445328169576,0.9268321275290924,0.9180131081074469,0.9265167705663169,0.9125092656277302,0.9191934923518963,0.9159608335981724,0.9256305753800464,0.9217375467190555,0.9226938413772536,0.9174928828816435,0.9260419607527683,0.92672667779293,0.9219242323997174,0.9204340110001977,0.9175793208257416,0.9237339059889,0.9240544106940979,0.9205547550565478,0.9244079516004413,0.9151054901230793,0.918074212844957,0.9244914376116918,0.9274173304697321,0.9256699639687724,0.9169603749715479,0.9293655796906779,0.9218473466511015,0.9288302958670069,0.9138879556408367,0.9173507851360375,0.9266795501637479,0.9225966102679517,0.9152111188575714,0.9259450208116233,0.9210855042669239,0.005573167073996391,95
194.12474162578582,188.8527949101666,0.48023433446884156,0.6413434306951417,0.003972107248757926,7,0.7565703256063463,2,4168,0.5497195404121379,"{'learning_rate': 0.003972107248757926, 'max_depth': 7, 'max_features': 0.7565703256063463, 'min_samples_split': 2, 'n_estimators': 4168, 'subsample': 0.5497195404121379}",0.9154483542994569,0.9203249946091425,0.9368426302912232,0.9207942090009084,0.9277597429458053,0.9295709532638986,0.9271605242432611,0.9240505122960789,0.9165484392099552,0.9267610891360181,0.9357658989666504,0.9160191258123231,0.9234467600794649,0.9239438602011032,0.9286390603692912,0.9272566449096158,0.9318077944771059,0.92611629983429,0.9274009932257159,0.9166100733804431,0.9208622530858026,0.9273804681828828,0.9241858908901449,0.9277628194468263,0.9219599075567589,0.9258343626559529,0.9233860706020612,0.9274697039759063,0.9258239814430993,0.9114902401547154,0.9287201323219735,0.9227112478392284,0.9148685767298823,0.9321640196518278,0.9225715170564621,0.916958446713646,0.9195382524643009,0.92672119702539,0.927787765670789,0.9331522527338413,0.9236842671242739,0.9343497277499299,0.9203179226424985,0.9164773603670726,0.9284419048131375,0.9188864349765106,0.917190520434492,0.9293496713383101,0.9315029277389126,0.9207380804444685,0.9260005212976364,0.9293371453534136,0.9306188535508539,0.9229741382883543,0.9148690936262639,0.9189244100806334,0.9299411611765641,0.9331685376970295,0.9275909154359653,0.9221886761708389,0.924823777324805,0.9237812926645967,0.9271688138916163,0.9243500189104406,0.927597180574016,0.930603570135217,0.9297696928182294,0.9243990473606783,0.9292800782412631,0.9159031680279012,0.9235320173088092,0.922144714264477,0.9301560204052375,0.9222673797248967,0.9297045618697848,0.9216642899532461,0.9292481833493422,0.9311023908458005,0.9255477895468038,0.9240949472878522,0.9203779573172294,0.9259510082692777,0.9289080662874397,0.9254236887761917,0.929183949742743,0.9198008376130311,0.9220028664300349,0.9251340522901663,0.9315511192269156,0.9304085740029748,0.9214374876946364,0.9319912065195978,0.9258344277794717,0.9330666985224978,0.9188175946976256,0.9218535346885516,0.9305472414217092,0.926159714540463,0.9194290553468243,0.9307357661640946,0.9251592311889688,0.005210410609200512,41
101.32410346746445,110.36804505440927,0.4048107481002808,0.5476966619433329,0.10819792933577056,9,0.3812023299829051,2,4168,0.5820060531405441,"{'learning_rate': 0.10819792933577056, 'max_depth': 9, 'max_features': 0.3812023299829051, 'min_samples_split': 2, 'n_estimators': 4168, 'subsample': 0.5820060531405441}",0.9048773254899796,0.9127069535038486,0.9278489383427369,0.9098654754695816,0.9193099547186828,0.9203971925368736,0.9191153118119071,0.9147157567366203,0.9054066923816032,0.9193744946181284,0.9245425077315572,0.9085687173477173,0.9171570347655476,0.9185587361722473,0.9176197336507848,0.924959684379917,0.9249780569778359,0.9182778932366549,0.91972927780755,0.9113919402789707,0.9143955927445953,0.9221027086488912,0.9185344824104125,0.9169046385618006,0.9172976225261849,0.9191011533161962,0.913654549542644,0.9232689330533357,0.9166206199065449,0.9035736922625158,0.921931118077674,0.9115686588312878,0.9077151801561709,0.9254324626056003,0.9114461190351276,0.9102141083172458,0.9081323750740973,0.9190966405943971,0.9200164073082389,0.9254826362746417,0.9184207284615283,0.9236301443462078,0.9126139260511918,0.909145931799101,0.9217528356822056,0.9129469310583153,0.9089950571774598,0.9217008619869408,0.9215433645182154,0.9115437059504644,0.9201961909222763,0.9194299968746853,0.9224459948759896,0.9125341315894585,0.9057539451628815,0.9110896584067194,0.9239505853133534,0.9277456342077082,0.9215885547251167,0.9141146741092204,0.914669004926816,0.9170382763245607,0.9160766818208271,0.9156056549657802,0.9151863755744659,0.92212707345705,0.9194721225775199,0.9175764509494876,0.9225439649153059,0.9080503328463647,0.9138199260957585,0.9123655197163828,0.9244079946154682,0.9179558013236646,0.9156922463196708,0.9098730906620283,0.9183178012176807,0.9216508636118548,0.9182058581517185,0.9165046550489874,0.9141424963199889,0.9201238420856932,0.9241405477018513,0.9143224789161557,0.91681742200482,0.9104122005815038,0.9159732825948844,0.9210860023715621,0.9238941866717667,0.9174365057973729,0.913726901753581,0.9237170616811787,0.9183206314134338,0.9237741567734172,0.9116892423726456,0.917030406241881,0.9232432397549789,0.918264711887178,0.9146338215305397,0.9233877283613305,0.9171031079236255,0.005447068135850195,139
271.90926848173143,248.3007672968858,0.5557217574119568,0.7235685830330624,0.0649529409711041,9,0.5793334301411373,2,4168,0.7751933108167777,"{'learning_rate': 0.0649529409711041, 'max_depth': 9, 'max_features': 0.5793334301411373, 'min_samples_split': 2, 'n_estimators': 4168, 'subsample': 0.7751933108167777}",0.9077302193052947,0.9169400997815448,0.9313867170565966,0.9150519732187987,0.9247951508667639,0.9251129911004893,0.9218886090592225,0.9204719745911338,0.91011366244086,0.9227270047132918,0.930820610004814,0.9107689891655502,0.9195541096175582,0.9219085240997295,0.9227280134418024,0.9232817719376434,0.9288196724902238,0.92022984531092,0.9252973635002167,0.9048692624206456,0.9179492215051187,0.9262141155900783,0.918419140853876,0.9269228923240408,0.9190319145365892,0.9211072250443068,0.9165548072037103,0.9223748960168321,0.9218260505045454,0.9129589374718721,0.923366163672716,0.9190330102810605,0.9123086718156188,0.9276734117427974,0.9167606890246802,0.9104613085246946,0.9141539110324137,0.9220618825311181,0.9249391505179887,0.9286512492932796,0.9192011521902201,0.9299511320226773,0.9160012536239206,0.9099254909238351,0.9248268919767509,0.9147424688261999,0.9108825074814277,0.9229535465479479,0.9262903711426437,0.9161401028819558,0.9211443058264203,0.9221024222013142,0.9259261454227186,0.9189252634990211,0.9127593398753482,0.9115951564808462,0.9272041050977117,0.9279616024983405,0.9217548611913838,0.9175374554549888,0.9209888065770984,0.9168029998748809,0.9224297355679085,0.9216120131660474,0.9236898146352779,0.9264492262042351,0.9252611079222852,0.9164604656654306,0.9258408984404716,0.9120948255009675,0.9182336844159572,0.9177618043309603,0.9261132419026357,0.9189536559610776,0.9205473718430154,0.9141690960164041,0.9244623720288215,0.9248801870971829,0.9208547414657482,0.9199266896575564,0.9175709474894986,0.9207542501403115,0.9231984969337285,0.9222749592495619,0.9220743595202563,0.9106703282086952,0.916346523416208,0.9233296374160651,0.9257158437607796,0.9258446340205921,0.9186788485017764,0.9259565634688182,0.9209058482811887,0.9251617700774523,0.9125167864555519,0.9150515925225818,0.9258879712006348,0.9223415938122873,0.9153657531525362,0.9277183090886008,0.9203998854376723,0.005533977376995931,106
36.560543603897095,44.333375446546945,0.17446286201477051,0.24168918772812387,0.17241707862737543,13,0.39109532330975316,2,4168,0.6507856454722762,"{'learning_rate': 0.17241707862737543, 'max_depth': 13, 'max_features': 0.39109532330975316, 'min_samples_split': 2, 'n_estimators': 4168, 'subsample': 0.6507856454722762}",0.8916057680824275,0.8959768260685627,0.9192130590712256,0.8999735374030915,0.9077119640322686,0.9082435976930021,0.9046400795856264,0.9048492968468134,0.8971353667480849,0.9068372273761063,0.9092124183104666,0.8909264975087517,0.9046933995593398,0.9058688267896973,0.9087276319960068,0.9052311946712255,0.9122416242618164,0.9077322931410814,0.9041022370543765,0.8981286857015798,0.8968790303225083,0.9082997602819585,0.9067462548427188,0.9063680361507334,0.8993873413077413,0.9068523757869787,0.9035682396792181,0.9105478876518037,0.905093068861638,0.8930264141310554,0.9106486474773713,0.8948482060394628,0.8980042684878107,0.917691093779698,0.9015755051287879,0.8974903632171566,0.8969314310081837,0.9051059811453132,0.9078433781053342,0.9110790950472147,0.9033320902753598,0.9150905316390681,0.8987206201903991,0.896420966281813,0.9074770847533455,0.9033506318395459,0.9045198072197731,0.9070195020283407,0.9111492774454939,0.9008985377447262,0.9059206185894189,0.9003206546362258,0.9112920157283942,0.9074902735197902,0.8946636334538947,0.8933026309899909,0.9100330431554468,0.9092720632163509,0.9096004857130273,0.8999544482395144,0.9030633619333857,0.9053291341744664,0.9060999467818069,0.9047346103281471,0.9105334782138894,0.9073670861705999,0.912930995580943,0.9040803887357758,0.9123131480238952,0.8951525783983157,0.9006860734984832,0.9050320336174394,0.9052343848079141,0.8957818879681694,0.9078051155131682,0.8947583364906239,0.9056006997742179,0.9104940692462892,0.9064495423756966,0.9002697939960054,0.8988739637698573,0.9078249658093631,0.9162118783440403,0.904352095170394,0.9136761082906647,0.9004507996827293,0.9015325800344678,0.9102328773870584,0.9102369234928104,0.908977255686833,0.9005401842435223,0.9125617724166953,0.902404224042014,0.9121262107741823,0.9023794729947506,0.89938236385954,0.9106461438698998,0.9070764093490385,0.9014091620333855,0.9127674628876123,0.9047824634678225,0.0059739525234419714,184
132.38923784017564,149.35833956406623,0.4770473837852478,0.6906233885071894,0.04289528731925299,13,0.5102288066334276,2,4168,0.6532547956359871,"{'learning_rate': 0.04289528731925299, 'max_depth': 13, 'max_features': 0.5102288066334276, 'min_samples_split': 2, 'n_estimators': 4168, 'subsample': 0.6532547956359871}",0.9036160719083588,0.9118019969712886,0.9279400267363619,0.9120834062498568,0.9172537267330924,0.918888154865756,0.9210265736187451,0.9180367746322953,0.9044828638056797,0.9212307945599199,0.9269756392569974,0.9056212807654089,0.9156841771466839,0.9168079472390906,0.923578302760522,0.91952610152169,0.9238337911301966,0.9174602532902588,0.9200829197273982,0.9054446029970435,0.912878437844735,0.9184320189629953,0.9163463734324313,0.9215326544160276,0.9147374000086617,0.9167804209967199,0.914094700398214,0.9167579095898388,0.9191612388498702,0.906370205310371,0.9194514254855028,0.9105429862362102,0.906617066602527,0.9254357202600363,0.9101884167020983,0.9082154939312963,0.9123050107143911,0.9174670937540673,0.9202806014159554,0.9254488403398631,0.9180274468680212,0.9233717621169271,0.910869663862609,0.906592304305754,0.9230128886065546,0.9113754038949982,0.9089997928562692,0.9176409680185711,0.9206407454655452,0.9121759561307207,0.9177839423695073,0.9188618225488593,0.9211688695190675,0.9137815910773573,0.9043210793318066,0.9079492569598538,0.9252072662137755,0.9232129211570428,0.9172915941416164,0.910667604833026,0.9175524862093175,0.9162651639262731,0.9166898677499802,0.9131838518209516,0.9205963130013151,0.9227722780590161,0.9211821290438426,0.9099093469919916,0.9210385676109725,0.9069203607069298,0.9156785886848173,0.9101273316756479,0.9209509719632465,0.9131860600775815,0.9189979289289423,0.9103553392113897,0.9202543918727784,0.9233307033916678,0.9167642708826789,0.9173575115671834,0.9110501087159888,0.9187730645170757,0.9214971747152727,0.9147880790643257,0.9218662492687111,0.909397696598905,0.9113847650063946,0.9208936406847207,0.922405580991555,0.9183378037348754,0.9140853590643943,0.9256251772597014,0.9180099176399239,0.9249228500334659,0.9102156424818991,0.9126487724001977,0.9221661244120107,0.9201335843765948,0.9105855674468696,0.9233494436100262,0.9164262236684577,0.005799872698438317,148
375.64069453239443,311.9562913829943,0.5720579147338867,0.8416248642108787,0.02123149663694276,12,0.5918108996388196,2,4168,0.8971382235221064,"{'learning_rate': 0.02123149663694276, 'max_depth': 12, 'max_features': 0.5918108996388196, 'min_samples_split': 2, 'n_estimators': 4168, 'subsample': 0.8971382235221064}",0.9045561073556005,0.9118253639387947,0.9282773880228204,0.9090290734677205,0.9186866376928821,0.9178184590913788,0.919359984330784,0.9147380136696324,0.9051177278017013,0.9190887019540316,0.925409515892,0.9041802210454654,0.9138185183593748,0.9150114484299432,0.9213294150660531,0.9194639617291874,0.9239305927303252,0.9169295112694782,0.9188333929267958,0.904066329135251,0.9088599186170725,0.9193178701630975,0.9140792911402151,0.9194068900845578,0.9123078196044204,0.917999366472458,0.9113888931514157,0.916679425740406,0.9160797199659192,0.9043777986545752,0.9217911684550247,0.9112341717210364,0.9044488849991532,0.9215073978402464,0.912086325128163,0.9052070058186108,0.9111404913529763,0.9181890394905174,0.9201785166241399,0.9231943534946015,0.917039079969357,0.9256262019284762,0.9104139677996953,0.9044624391026024,0.9194247318060602,0.9095792932673361,0.9068083119800545,0.918709467753353,0.9196345865282441,0.9099376702206355,0.9153166636847236,0.9167776354182062,0.919827234739697,0.9151700627693227,0.9046612291313593,0.9061411452614239,0.925200416298849,0.924357954558832,0.91685140264951,0.9108730962208567,0.9161703154997766,0.911057294791497,0.9174896446059393,0.9142337606944024,0.9196335988404473,0.9216295425562786,0.9210065480893838,0.911625229642397,0.9202873781222497,0.9056923906675379,0.9147058040517011,0.9090461187086496,0.9229175861656813,0.9145491241554545,0.9172117183510425,0.9110595356961233,0.920662420082615,0.9225657085560846,0.9160396347325226,0.9148413247642065,0.9106360126180285,0.9198051080075751,0.9195038014236234,0.9172587266311438,0.9194176175282988,0.909172142212798,0.9115240383890657,0.918491776690797,0.9213855985744039,0.9191769930636899,0.9120302347342891,0.9252141089758785,0.9163764259516826,0.9223421145179855,0.9103658514615178,0.910213324342774,0.9210896333523529,0.9162784366522957,0.9095664862360541,0.9213605822189146,0.9155139099587357,0.005882511442894266,154
193.729523499012,172.245292766054,0.5481705904006958,0.6984303074028135,0.018876445785241384,8,0.4402487087691407,2,4168,0.8706692965825922,"{'learning_rate': 0.018876445785241384, 'max_depth': 8, 'max_features': 0.4402487087691407, 'min_samples_split': 2, 'n_estimators': 4168, 'subsample': 0.8706692965825922}",0.9164755745361494,0.9232763656222651,0.9374138452625927,0.9211153515293555,0.9276696135783379,0.929930674134472,0.9271807861887054,0.9268293396307752,0.9159971931767112,0.9274506760764138,0.9360629869847564,0.9143102539733046,0.9251135708522881,0.9255551179280825,0.9292719263311503,0.92850537399059,0.932317831585237,0.9252994331846223,0.92998139371744,0.9166621821220124,0.9215232090846228,0.9290721199832995,0.924768055386261,0.9282975118536987,0.92390283102037,0.926096539848127,0.9212193806942909,0.9278872986226613,0.925377326455489,0.9146962936716337,0.9283866846356623,0.9240733144677624,0.9164669382618726,0.9324387757371869,0.9248831531411984,0.9186108752771014,0.9194691007814718,0.9278518515005489,0.9272436168655331,0.9340477686391787,0.9268996318883196,0.9343471589943436,0.9190333007008084,0.9175889989589974,0.9294876862917031,0.9213813045453014,0.9194369398813436,0.9278702946949181,0.9311381997576159,0.9208508802726098,0.9258729026572116,0.9290349382323841,0.930187585786335,0.9244452499890995,0.9166866603546372,0.9208612785960091,0.9322665362195254,0.9333353957532576,0.9284555719243095,0.922405049342531,0.9252205849945228,0.9255063886064753,0.9260685451526111,0.9233445600753415,0.9271453318521883,0.9314979329135948,0.9293535059278649,0.9223693669176471,0.930450169478005,0.9195151253760606,0.924673332629452,0.9225108835045613,0.932584574226192,0.9233379152276495,0.9283743205737809,0.9206618416854211,0.9305808430433433,0.9307085572444881,0.9282966306660376,0.9261640591216869,0.9239700105272814,0.928614222278235,0.9296544202735735,0.9263204678956605,0.9308265381756212,0.9222484126579282,0.9240046950126956,0.9266526583765985,0.9320457884461814,0.9296319095232433,0.9234003835749541,0.9318683129891795,0.9263842122715715,0.9334258416607724,0.9194357514963145,0.9216910160343001,0.9299155120358817,0.9280951228198431,0.9214358530689447,0.9320742665411881,0.9259437756605138,0.00498029841911419,17
326.09443457126616,260.4856627610224,1.1438267040252685,1.5191202112106956,0.0026846804224504644,12,0.4550314667107316,2,4168,0.8949247081955471,"{'learning_rate': 0.0026846804224504644, 'max_depth': 12, 'max_features': 0.4550314667107316, 'min_samples_split': 2, 'n_estimators': 4168, 'subsample': 0.8949247081955471}",0.9050589179933507,0.9133862319560515,0.9300127777716126,0.9116342786984551,0.9199813995455985,0.9216018426187899,0.9206983231840358,0.9179753509522752,0.9072046448043753,0.9223727069726428,0.927312211394184,0.9066656601444909,0.9160219412514645,0.9152362190857761,0.9223913244650854,0.9213072456336004,0.925099032180272,0.9196291232765521,0.9214772836386668,0.9066325245265956,0.912268166725237,0.9220028152706506,0.916364691285497,0.9207398956083402,0.915627198753485,0.9188825890984675,0.9134055931233236,0.91808053313937,0.9182045396869051,0.9065871691626364,0.9227388946068334,0.9139047893852078,0.9077998214048365,0.9251931993679674,0.9128661393985189,0.9077676829375483,0.912306717162147,0.9200657893940574,0.9228183565951715,0.9257514991856555,0.918328756977596,0.9275520568015254,0.9145757822936235,0.9072671109302587,0.9214970328510279,0.9116052856783213,0.9091387951119978,0.9208358929618811,0.9229601620238852,0.9121032658570275,0.9170818159337604,0.9185180034342242,0.9228425343310751,0.9176329822192024,0.9084436671915022,0.9096412288554817,0.9265849659618101,0.9262324477602594,0.919010854656975,0.9135130510350646,0.9174175303012285,0.9142825316965453,0.9196986042649747,0.9160238028141673,0.9213222933819084,0.9232306886431885,0.9234137388978307,0.9139394102970964,0.9218655695358147,0.9086043824332056,0.9169974560506567,0.9124152568771993,0.9241270372952382,0.9175044345050136,0.9205067567838042,0.9126955377268684,0.9219442175265533,0.9241659965395169,0.9180869198208598,0.9182780837805314,0.9126682887408958,0.921180103512325,0.9217612893923077,0.9192910631250728,0.9211857042503185,0.9119648029324785,0.9141016614204001,0.9215144007041939,0.9237239047695825,0.9210979397374794,0.9149452819150392,0.9259631628773957,0.9183708261019204,0.9259106739205106,0.9110619726095373,0.9135722037334374,0.923128336566019,0.9199740518950018,0.9104704461590467,0.9236662800906674,0.9177251345787806,0.005714395350821224,132
179.23652092218398,132.22285221362006,0.2985164761543274,0.4143556985065905,0.06816192225818918,8,0.676395388049102,2,4168,0.6576754457013049,"{'learning_rate': 0.06816192225818918, 'max_depth': 8, 'max_features': 0.676395388049102, 'min_samples_split': 2, 'n_estimators': 4168, 'subsample': 0.6576754457013049}",0.9124565924433348,0.9185121899772363,0.9332526808722567,0.917587464398564,0.9275463181674933,0.9267027436080792,0.9233134831029505,0.922884250313482,0.9098021346927251,0.9226454100260241,0.9331236049662484,0.9114268231820798,0.9226821890679237,0.9169830957351222,0.9261558482990103,0.9235000459254284,0.9281484713212107,0.9233999735063783,0.9260328832818328,0.9133244510810203,0.918951345285677,0.9243037487722638,0.9244695902774833,0.9252035320808855,0.9160365596863247,0.9227135979654119,0.9176823124088322,0.9259866161650011,0.923136763150335,0.9096206095505065,0.9267501216710227,0.9190441170810508,0.914114869863068,0.931123721550817,0.9203892734922333,0.917532230113145,0.9144169328577186,0.923310205322809,0.9228999483302391,0.931298441602987,0.9227139001514365,0.9294904671226376,0.9149981991206138,0.9152715325029444,0.925167677597331,0.9145849683730489,0.9151592724886762,0.9259160717014678,0.9258315165033005,0.9188966675171404,0.9232519558619074,0.9272897897798618,0.9277165230239677,0.9223082191646597,0.9092472288316266,0.9153998409678009,0.9299353956816225,0.9296636470255766,0.9221338190827274,0.9173683817647685,0.9214258067857478,0.9193601779164081,0.9237495900586421,0.9214486349987461,0.9270095927262345,0.9264231125795959,0.9283091425134459,0.9197631423370403,0.9264629940532796,0.9120868355821017,0.9197688131592445,0.9181682365919303,0.9293700007293832,0.9218693508362226,0.9253362572074453,0.916658428270855,0.9268908726563573,0.929072032021467,0.9222278032400189,0.9227434485990035,0.9174566119149695,0.9218250812196678,0.9268716499064882,0.9225887204946417,0.9268809622164906,0.9158772656554869,0.9186062624716176,0.9217010949571,0.9270654267991049,0.9259203384996046,0.918504616544015,0.9294846248578564,0.9222431586100983,0.9292344622190292,0.9131241130312736,0.9172805617406959,0.9294083513629934,0.9231356493305893,0.9198544933124266,0.9284221168129171,0.9221444010027957,0.005539565675903288,79
68.71554162979126,58.336812322206505,0.19534188747406006,0.20973332905163414,0.013650592509024203,5,0.6021762684622403,2,4168,0.5634248804179491,"{'learning_rate': 0.013650592509024203, 'max_depth': 5, 'max_features': 0.6021762684622403, 'min_samples_split': 2, 'n_estimators': 4168, 'subsample': 0.5634248804179491}",0.9178024895504346,0.9254563293343525,0.93736424896881,0.9239527938514261,0.9290451616051888,0.9299278171681739,0.9265009260851702,0.9265322313243616,0.9179929202857076,0.927682408010589,0.9369311710112374,0.91916384445372,0.9254615786877658,0.925080886699777,0.928498360529091,0.9297082988763696,0.9321274709604179,0.9252542177622085,0.9287966989057459,0.9185548920550496,0.9212696848141398,0.9286280029834916,0.9251112276184733,0.9272238691095116,0.9236187468048858,0.9264358095699481,0.9237504928782478,0.9279941205409103,0.9286795116097197,0.913594664169524,0.930711686008592,0.9255700603307699,0.9185197781889761,0.9326899364393574,0.9245877027114937,0.9194317225850456,0.9207946505870086,0.9277417790689776,0.9288031167968807,0.9344327124232216,0.9256820567477977,0.9342290427682276,0.9194846976385697,0.9210837555824175,0.9303615478836325,0.9206637555049119,0.9186851149160655,0.9308849058506223,0.9335791361264508,0.9203152119911757,0.9263458578316839,0.930340477365996,0.9316169107896751,0.9245538576009493,0.9164388607041303,0.921424071742102,0.9313865008659268,0.9324020078431874,0.9291409879582366,0.923468297195836,0.9271182594041462,0.9263701117526273,0.9285576992876383,0.9255871857406118,0.9275469609899774,0.9332303755677314,0.9304207910065831,0.9258744721205479,0.9306260098415294,0.9197023659474295,0.9255320038664898,0.9248040842370595,0.9312240759071828,0.9218036819365713,0.9320889764228886,0.9208848813004908,0.9306878054307584,0.9312430494318629,0.9273092931164577,0.9246952403712669,0.9233373247778407,0.9273626729793983,0.9306576121279707,0.9252492510064704,0.9312065377950762,0.9220109506611116,0.9237004652519105,0.9240011600847481,0.9321937941826667,0.931162121787257,0.9221690481622686,0.9316308356897074,0.9288317192844918,0.9348846846402409,0.9196861073933931,0.9247068006457954,0.9308920777643609,0.9300406927008545,0.9216981188827078,0.9342224388753467,0.9265846281464581,0.004887258905036772,13
165.76740463256837,113.38465287749105,0.23916952610015868,0.24893803506604653,0.12587213119593038,7,0.6077785140010954,2,4168,0.9095589365192694,"{'learning_rate': 0.12587213119593038, 'max_depth': 7, 'max_features': 0.6077785140010954, 'min_samples_split': 2, 'n_estimators': 4168, 'subsample': 0.9095589365192694}",0.9116694288202348,0.9141439754609411,0.932007714868673,0.9141498456276282,0.9222110216600726,0.9242578671742787,0.918543484619781,0.9200142383095802,0.9137063242656591,0.9233848342135142,0.931533812348551,0.9100150887311242,0.9190091943671164,0.9201451263498185,0.9241684182188521,0.919545608991203,0.9264917813806124,0.9211184393035808,0.9225091058988729,0.9116259502949664,0.9166125466925432,0.9261338487013524,0.9187413437305137,0.9211810004928194,0.9157513119849479,0.9192262577969307,0.9183839605911023,0.9221200023433569,0.9221519563247597,0.9081808598424636,0.9257579140930523,0.91640187911202,0.9088778612930627,0.9243495241317997,0.916497126417615,0.909769298650304,0.9132263090614651,0.9267503710815717,0.9221438931723874,0.9283335226077849,0.9213651185871982,0.9314154293894437,0.9167254297783413,0.9128167600981218,0.9236711036700778,0.9109616065512977,0.9133503365905581,0.9237796173374535,0.9255338048907231,0.9148262902892499,0.9218841044360506,0.9231743405606464,0.9217070631628617,0.9158594305352628,0.9118631865984973,0.9154547899856539,0.9280008245551047,0.9251965738754446,0.9223082461223434,0.9193261097590711,0.9188871633078253,0.9153277539194737,0.9198795462256971,0.9206029182565806,0.9234385360769487,0.9237611001493681,0.9251130036200036,0.9218095795286625,0.9259358378812241,0.9093665458295853,0.9234838570782355,0.9211185258088554,0.9280338781797993,0.9180759944492681,0.9227276093587745,0.9162326427777848,0.9277068955616841,0.9244747989715522,0.9178832642229573,0.9197110762706348,0.9148550877626994,0.9187629919288159,0.9205619494005515,0.9228444445082803,0.9258753691812742,0.9200539755239974,0.9177287783642987,0.9208117919537675,0.9245182745451733,0.9243553897036205,0.9187357126974725,0.9265476842644595,0.9178162427054731,0.9271127021843002,0.913855216860128,0.9133480843133035,0.9240344481713615,0.9229688257612703,0.9155750909984487,0.9282929524360863,0.9202228775654,0.005353958616181944,107
156.4059713792801,101.64552789670236,0.18080077171325684,0.18592141035504753,0.02509349191067395,5,0.8924307710242201,2,4168,0.8116205109603296,"{'learning_rate': 0.02509349191067395, 'max_depth': 5, 'max_features': 0.8924307710242201, 'min_samples_split': 2, 'n_estimators': 4168, 'subsample': 0.8116205109603296}",0.9171325170386966,0.9205969814491043,0.9371571827222465,0.923287711320063,0.929144595300805,0.9293099020282032,0.9274869797520968,0.9251350600875099,0.916692343928911,0.9277486532313806,0.9372546393978094,0.918705273470099,0.9254563190813914,0.9234650788741379,0.9284803566358704,0.9293431771229476,0.9317588503058102,0.9250602522328317,0.9284615093013513,0.9175588553165813,0.9202164614953782,0.9273358380461321,0.9240735290434144,0.9274268025360906,0.921351353120043,0.925974294682713,0.9240501107982819,0.928395522511277,0.9258490922708251,0.9136356672589809,0.9282524995999631,0.9231212324505018,0.9155542526905905,0.9325272789820419,0.925328228808452,0.917852740597949,0.9200914167950736,0.9281753684712187,0.9275164828528876,0.9333424807710642,0.9245914192984609,0.9349283505167227,0.9200060517896709,0.9197789301369861,0.9300195157740604,0.9184840497036019,0.917301211790482,0.9310001442654152,0.9334190111649909,0.9192887636366779,0.9264720007337527,0.9282311471905935,0.9306955740129047,0.9240571171830032,0.9165148911586046,0.9220961311868766,0.9312318168770017,0.93172388016246,0.9256853194200968,0.9245987062733375,0.9252487150151116,0.9224442736066045,0.9276305802905501,0.9244298000427815,0.9247370518980473,0.9313656377574117,0.9293170084718752,0.9264610644807799,0.930668300855818,0.917533331935598,0.9247576454717072,0.9228356226816018,0.9314205272367599,0.9202899083430011,0.9308869125569776,0.919851479825558,0.9315460092994603,0.9307379167512378,0.9259139673786483,0.9252886344093161,0.9215637161292368,0.9255290503927892,0.9270105837133988,0.9248547321910398,0.9313316473930889,0.9196458865270696,0.9233951785513784,0.9207539188504451,0.9318303067796188,0.9318740491981172,0.9214465806268188,0.9301142016133133,0.926538900148717,0.9335815854131627,0.9190504386302247,0.9232492612915388,0.9299991317675222,0.9286725589263167,0.919773734014021,0.93207331639176,0.9256508409151486,0.005122000633650724,32
117.21177349805832,74.6778494783893,0.27017131090164187,0.28310700216486595,0.0024019675067792653,7,0.6582854971984013,2,4168,0.6110251048910715,"{'learning_rate': 0.0024019675067792653, 'max_depth': 7, 'max_features': 0.6582854971984013, 'min_samples_split': 2, 'n_estimators': 4168, 'subsample': 0.6110251048910715}",0.9114750702559548,0.9182417447792732,0.9342497422851075,0.9167806588645953,0.9253159848741939,0.9267678395822783,0.9241665098873635,0.9204836424842694,0.9122596207277657,0.9251050886044415,0.932609046822271,0.9128232431538145,0.920411648923629,0.9212258108841733,0.9260063756815364,0.9256727865310059,0.9293214622711851,0.9224964429873117,0.924369416220682,0.9136135036975647,0.9184646813001558,0.9250575230100573,0.9208241981350731,0.9247782700631286,0.9187756914407749,0.9222419841889635,0.9205188935119865,0.924063148796538,0.9234702370480704,0.9076362923656478,0.9261853976787708,0.9206024240884555,0.9119334776190997,0.9275449072335789,0.9203444139469323,0.9135557934783028,0.9165910874331088,0.9240136542402291,0.925194757738785,0.9299577865526061,0.920427722583613,0.9323297107971183,0.917073331707429,0.9136264230690851,0.925409976305206,0.9161102019771007,0.9147021425846746,0.9261331129871762,0.9284437852607382,0.9175883360614411,0.9226600693229405,0.925973995870107,0.9268885102879517,0.920717990713641,0.9123218487240933,0.9153473097983723,0.9273662261397021,0.9306305563190634,0.9240153298556344,0.918199427700213,0.9217385214263007,0.921023095893275,0.9243332918795821,0.9206739280273041,0.9241163519925879,0.9279613597226358,0.926697993901574,0.9217666925008472,0.9262261869235643,0.9122471909784946,0.9209100882863615,0.9194324604021484,0.927040302876043,0.918963984201914,0.926261862641853,0.9176136762255956,0.9260684881112808,0.9285316330691359,0.9225258918849106,0.9212836644991452,0.916902707783863,0.9233480634691276,0.9261686534864632,0.9219776353199204,0.9253942047115533,0.9168297526218436,0.9179398482614514,0.922419773169415,0.928162524231223,0.9280172632980821,0.9172126510310501,0.9293829972573849,0.9228123553770916,0.9302585036921223,0.9154045751288812,0.9190949523782483,0.9266691914179819,0.9246651992313878,0.9167128818191826,0.9276748733762336,0.9221358153996104,0.005348831810766787,80
70.39124115228653,53.74973170668805,0.19098893880844117,0.19117237861508143,0.004212411295973444,6,0.4962833327821561,2,4168,0.5982194135375902,"{'learning_rate': 0.004212411295973444, 'max_depth': 6, 'max_features': 0.4962833327821561, 'min_samples_split': 2, 'n_estimators': 4168, 'subsample': 0.5982194135375902}",0.9137549558097555,0.9214294109728087,0.9355341326096077,0.91919913174824,0.9269240829456192,0.9286978212435113,0.9259125497818838,0.9221627941232672,0.9142024235897779,0.9270480694734946,0.9328655285723908,0.9152493243569328,0.922878475418385,0.9220793562664986,0.9269087006421968,0.928035206438974,0.9297594502986162,0.9231062329297743,0.9261522073789479,0.915611609632759,0.9197427251222066,0.9259295802538053,0.922174954430454,0.9251242637253435,0.9218353047769533,0.9235984674428638,0.9219661388963432,0.9257179740400955,0.9248870686355325,0.9106460869042518,0.9271190439152155,0.9226696611508868,0.9137903439306695,0.9298785199466865,0.922409584915078,0.9159143147775417,0.9189511804344809,0.925060416630583,0.9262478076863014,0.9309184392670745,0.9218154124369279,0.9334252048529978,0.9177397593678059,0.916700822105701,0.9264762472089764,0.9169047363565899,0.9166707773652136,0.9278477586522969,0.9305030607125375,0.9181048495728666,0.9248270656526792,0.927990279671528,0.9286259055964653,0.9220146486642873,0.9140107245677698,0.9183003948282263,0.9281199754203318,0.9313890291633501,0.9256212626046104,0.919529925240392,0.9231015549521042,0.9234526783026957,0.9255187578466071,0.9216641244926586,0.9253217968495322,0.9294849869708929,0.9271757030345967,0.9234672867066432,0.9275517423237296,0.9146472665925821,0.9233754478768978,0.9220033505722587,0.9282073471442435,0.919390103430689,0.9283882929997758,0.9174410273819185,0.9277483547583432,0.9290526594694526,0.9243268408422587,0.9230347485073125,0.9189431365361302,0.9244773625333335,0.9275839986901342,0.9229940951048706,0.9275860320816232,0.9196572440273463,0.9199022963556238,0.9235299372567787,0.9294964550079376,0.9290387820371482,0.9186103334270243,0.9294873819683482,0.924888443963126,0.9327560132454504,0.9171956261322739,0.9204135820100047,0.9275882554887819,0.9261714062744063,0.9181220916526994,0.9301106097914157,0.9237161833579702,0.0050938536205380495,55
91.219025349617,64.53015994489331,0.4396026492118835,0.41938620723478587,0.015283945568403533,12,0.4278845090100396,2,4168,0.5984472953553899,"{'learning_rate': 0.015283945568403533, 'max_depth': 12, 'max_features': 0.4278845090100396, 'min_samples_split': 2, 'n_estimators': 4168, 'subsample': 0.5984472953553899}",0.9112345325243756,0.9189236105085836,0.9342253139153172,0.917654196282718,0.9225153853775971,0.9250981178660599,0.9225756960208309,0.9211630118913462,0.912378624714763,0.9237871505753273,0.9307775267338847,0.9110545114811315,0.9194240901964095,0.919321391463824,0.9249501309930691,0.923760801086575,0.9288309624661397,0.923215322396377,0.9251436778075391,0.9103544761095588,0.9166390675207048,0.9267030003661294,0.9203085746016061,0.9246332946645961,0.920101762360054,0.9216523978469673,0.9179555436393543,0.9218746758975305,0.9229574987816445,0.9110313146093056,0.9257273292936313,0.9173912367351462,0.9121364159369583,0.9306985965774075,0.918139725173058,0.9134615788947025,0.9174788401357048,0.9225793099088697,0.925567938512546,0.9299924252505323,0.9231815447973613,0.9288931676190053,0.917269256044752,0.9112966474934332,0.9256475651045506,0.9153303005136495,0.9141140831998735,0.9232614759996269,0.9281564023144039,0.9169991805081059,0.9213170496652457,0.9233316454177399,0.9263969211032549,0.921995416162716,0.9108053977260296,0.9132856304007531,0.9281050016312556,0.9290849902374645,0.9238608954069156,0.9190383720910907,0.9218657159354845,0.9202345888068793,0.9228754820443181,0.9194579375855825,0.9254180008146476,0.9269546107253317,0.926768873566608,0.9175286751552691,0.9255852494048561,0.9131012753590784,0.9201927063946284,0.9184658116515749,0.9263206256508716,0.922074116978769,0.92406594821291,0.9152110855292128,0.9253109454949326,0.9267539300076033,0.9233963206373091,0.9210618021930413,0.9169015095425138,0.9249919331888559,0.9257555090285964,0.922487116396566,0.925397946374686,0.915287288877855,0.9185409149016573,0.9243196655460431,0.9272344524896307,0.9238789251100034,0.9190768115892349,0.9287597345047646,0.922945799546182,0.9296009180412067,0.914661592723375,0.9171609538880477,0.9237776994020277,0.9224664526032846,0.9159302383870089,0.9276606625083363,0.9215426982735387,0.005294185779871577,89
122.1366313457489,90.30653000404833,0.334165141582489,0.3380774278271309,0.04009971433481413,12,0.38320658538824987,2,4168,0.8755563048502895,"{'learning_rate': 0.04009971433481413, 'max_depth': 12, 'max_features': 0.38320658538824987, 'min_samples_split': 2, 'n_estimators': 4168, 'subsample': 0.8755563048502895}",0.9057314847228191,0.9149820138241048,0.9284438705607635,0.9108723986734479,0.9208693427146103,0.9206869302301307,0.9188959709022481,0.9160739116427886,0.9042327170048694,0.9199085451425102,0.9276651786197812,0.905351286958884,0.917034541174282,0.915585591001251,0.9182945313546879,0.920328396549931,0.924938178387537,0.9167302009326792,0.9212646887250213,0.9065634598754646,0.9112039135516126,0.9216657558812986,0.9152285111718015,0.9191096182381631,0.9155251926141512,0.9188149396690841,0.9108802946275529,0.9180058479035531,0.9195785739966089,0.9067022502630242,0.9211969704002855,0.9119754384191564,0.906850384123324,0.9220633557810773,0.9124407478605628,0.9081665441595869,0.9109888917572617,0.920282703982289,0.9203279382281762,0.9254735292577746,0.9177138725715224,0.9247784847430848,0.9130977616767739,0.9074045961483949,0.9196880413299038,0.9118414246055198,0.9073213520893293,0.9187075820906437,0.9237562598997913,0.9138281608823565,0.9177902797099816,0.9171699235134271,0.9200033534133568,0.9171536795146921,0.9045933163272255,0.9092850875894914,0.9256538467087946,0.9247208815062589,0.9185774562003777,0.9135498719861997,0.9174226151725221,0.9155962662048247,0.9185728384707286,0.9167269686779612,0.9213927281105059,0.9237469753984341,0.9213232728031211,0.9142017101108636,0.9197270319621369,0.9099178162189672,0.9164811030158108,0.9125398405183194,0.9205935063386608,0.9165910928047932,0.9186085124418605,0.9128687712662505,0.9216717929399114,0.9239736003392016,0.9176284262031743,0.9162202580092819,0.9121133420127442,0.9196512088664955,0.9192440948600533,0.916906000957568,0.9198863494135641,0.9120985901521275,0.9129718613363826,0.9214756613738464,0.9235415602904529,0.9196550622496642,0.9135347256379446,0.9254673779354857,0.9174114207100104,0.9245838798212325,0.9126153160004391,0.9131888367364581,0.922757426810456,0.917791728432816,0.9109816619035943,0.9216951891624742,0.9169094629506241,0.0054802957408373095,141
71.52816047906876,57.10639694239384,0.09948264122009277,0.10411674392237648,0.18787609436667907,11,0.8602497922754564,2,4168,0.8299803333389769,"{'learning_rate': 0.18787609436667907, 'max_depth': 11, 'max_features': 0.8602497922754564, 'min_samples_split': 2, 'n_estimators': 4168, 'subsample': 0.8299803333389769}",0.8980846125157347,0.8946789697235792,0.9187708895145766,0.8952410236911039,0.9101385267704128,0.9085364286606705,0.9073633213372807,0.9032207607873441,0.8939524254823284,0.9042742503792034,0.9161019211109408,0.8919596344678339,0.9029222642025276,0.9005505029794737,0.9122642829895343,0.9095946373399459,0.9166032779088257,0.9109602433206323,0.9106251801231632,0.8868807764828658,0.8944168239248926,0.913130275598564,0.9074409667531601,0.9098363283114033,0.9026861419681962,0.9119291247515062,0.9023959317084402,0.9059251040715298,0.906810311060343,0.884705139363106,0.910710968026238,0.8940090391846637,0.900793637232877,0.9145169756365289,0.8977687649768655,0.89150108266068,0.897869431966337,0.9073657583786363,0.9127977615236992,0.918343170274371,0.9062447354007939,0.9183985119706819,0.9009850250570085,0.893761283012692,0.909261635910571,0.9007275179988254,0.8938496699123741,0.9118302706489613,0.9105536305630237,0.9047326053758611,0.904647102694709,0.9088535545241374,0.9077218956682644,0.9086750541772709,0.8936264298430565,0.8936238002856943,0.9182338213633074,0.9143533967840886,0.9081007491396191,0.9046305633768295,0.9027475724296364,0.9052132268594273,0.9079643003224019,0.9030363749182773,0.9116817650323887,0.9117930603778837,0.9085502947447779,0.9066819877263053,0.9145478411709969,0.8946527629332777,0.9072126928354382,0.8999612675396705,0.9138854971747957,0.9053205858826954,0.9094331629206667,0.9024973788849336,0.910823109188019,0.9119390657550274,0.9044455188096368,0.9089433986372227,0.902013304371483,0.9003634182994504,0.9099465822013482,0.9090768370684692,0.9107671841467251,0.9025967517738209,0.9004652074342211,0.9062539853132754,0.9114365707508286,0.9083206443475487,0.9027628033673095,0.9207682702703864,0.9026487374215719,0.913118090595686,0.8975500971567549,0.900791430031112,0.9090128359067828,0.907565307229689,0.9000944303182671,0.9084694958615673,0.9055584076887755,0.007280952220945887,181
94.20521414756774,74.28309578808263,0.2305427885055542,0.22707472094853468,0.07492362316610363,11,0.7511378652206688,2,4168,0.5561794907129796,"{'learning_rate': 0.07492362316610363, 'max_depth': 11, 'max_features': 0.7511378652206688, 'min_samples_split': 2, 'n_estimators': 4168, 'subsample': 0.5561794907129796}",0.9018916900054684,0.9102590996617613,0.9263071124241673,0.9131235778546269,0.9210513550801013,0.9184873184832213,0.9180885194810867,0.9160775623851979,0.9075553542275382,0.9175482232834155,0.9269550420547026,0.9062646010197827,0.9134437625651327,0.9123720960068423,0.920471409950618,0.9177478989521567,0.923585308179298,0.920592181358177,0.920122095827438,0.9037857585771215,0.910203837550092,0.9199276163035351,0.9170479273301576,0.9208360879632533,0.9157148367074835,0.9177085672218589,0.9093637470504897,0.919567438877254,0.9159864285037391,0.9005238767119164,0.9172747069007812,0.9090504344777952,0.9070960331086919,0.9241749959745342,0.9103067684874259,0.9065349491932033,0.9066333577972361,0.9191315468933988,0.918124419645232,0.9257505274555244,0.9163006501069412,0.9235198533324478,0.9131044364150579,0.9026111476391812,0.9210170287384565,0.9098201726971602,0.9092057185569407,0.9199809260050127,0.9249797402766008,0.915843922664287,0.9164694175716529,0.9180188703454099,0.9173912940156363,0.9134126377200807,0.9062242305903462,0.9061204964396414,0.9251547948987293,0.9258682139759982,0.9209902224628619,0.9098966105823715,0.9150980776667399,0.9146115611474348,0.9180685420525755,0.9130676587594565,0.9200165745310349,0.9227304280910067,0.9223388238724797,0.9130819532234744,0.9199732957380615,0.9054756861996405,0.9119460668457271,0.9084583742454271,0.9213770926292792,0.9150355594653169,0.918352849865764,0.9134823542899845,0.9181989571516977,0.9181600862416891,0.9154291628344302,0.9150104111923584,0.9097198093502163,0.9188535982339292,0.9190215433639115,0.9149802780361095,0.9191700496057341,0.9094490651414033,0.9113964206927909,0.9190142907682776,0.9217371037016443,0.9223516095540738,0.9138838977844056,0.9264320400553533,0.9139676661907477,0.9222740464106773,0.9080937597774245,0.9106165328110445,0.9241160522988037,0.9188013394542638,0.9116641910976357,0.921003873310903,0.9157907914024921,0.006082914992952812,152
43.891152107715605,34.711581712515915,0.15351873397827148,0.16182586312421063,0.08832582271700674,13,0.428273055863934,2,4168,0.873909678975658,"{'learning_rate': 0.08832582271700674, 'max_depth': 13, 'max_features': 0.428273055863934, 'min_samples_split': 2, 'n_estimators': 4168, 'subsample': 0.873909678975658}",0.9012821303750553,0.9086861056018039,0.9275964069262874,0.9053574672070446,0.9152799744741364,0.9148376109792368,0.9162923701516631,0.9118664896902721,0.9009978952711268,0.9156761469621528,0.9237163177139205,0.8978399648295348,0.9100793698230625,0.9093121676542555,0.915370583576109,0.9124413217547273,0.919238783341471,0.9117884971630067,0.9128955062768983,0.9036646871694004,0.903205561271387,0.9177637535437266,0.9109441403499072,0.9129787956143987,0.9089588553083869,0.9153205851407327,0.9075334730739627,0.9126851119367226,0.9155246912645104,0.9048132354067304,0.9168981126784974,0.909639565059627,0.9029808173397492,0.9193096981871481,0.9084043458063854,0.9033196289801614,0.9055705237486069,0.9150630722699884,0.9194384165577808,0.9221748219694378,0.9143163399417384,0.9226518309757825,0.9081004105738076,0.9031901345737056,0.9148674543723019,0.9060709006636231,0.9042960933075053,0.913547991560819,0.9177112201797809,0.9052897623455545,0.9118703529076596,0.9159086808694732,0.9175500763648294,0.9091033517105063,0.9031626662718814,0.9019337170599875,0.9204167262217212,0.9211588233390421,0.9142417328441105,0.907958919239865,0.9121315277780634,0.908973679208418,0.9118358110676011,0.9124100198105574,0.9128757103959888,0.9157951194249208,0.9212203960556639,0.9092715910259457,0.9151845174779156,0.9029519955299493,0.9096487863828446,0.9124438296265341,0.9174021854565025,0.909933260891346,0.9136353875238876,0.9092524163105415,0.9151363243684304,0.9190748224008927,0.9116328389284404,0.9107536041816635,0.9055854623559655,0.9126648163848264,0.9141468481905516,0.9136820905930818,0.9144143332248169,0.9038860506024043,0.9020927281750892,0.9152208274976295,0.9170075334026242,0.9107070476227775,0.9087727430472599,0.9208694755085337,0.9136956372033496,0.9204550308386923,0.9047631259115178,0.9078758232190158,0.9182568294767998,0.9130257305610103,0.9021052161396284,0.9165706130189953,0.9118745597459339,0.005931467051262951,170
34.316774370670316,31.749129738872515,0.07040637016296386,0.08033621041339707,0.28733328872112207,11,0.6274913356331124,2,4168,0.9388869302141626,"{'learning_rate': 0.28733328872112207, 'max_depth': 11, 'max_features': 0.6274913356331124, 'min_samples_split': 2, 'n_estimators': 4168, 'subsample': 0.9388869302141626}",0.8838382829629847,0.8953805790828193,0.9103715669068948,0.8925635364682944,0.9043792529331922,0.9040012163846985,0.9017088588124543,0.9023634692599871,0.8851639486059126,0.900799302013463,0.9097869814691685,0.8892634148487317,0.8982493709347668,0.9016888962194395,0.9055717975066496,0.9027822489549965,0.9067165688345872,0.9089420490795279,0.9059694327471551,0.8829019832862556,0.8918822209323395,0.9029771037597537,0.9022244952571811,0.9063222431148698,0.8918230812646177,0.9069347855108878,0.9000626252113947,0.9042154944548995,0.9013390833248637,0.8845291476453103,0.905491056974691,0.8884511482938899,0.8938039557194104,0.9122916561910837,0.8847419424989936,0.887878069207509,0.8956324148791642,0.9025324217825565,0.9082515710792499,0.9103636306904003,0.8994632646657048,0.9109025693820311,0.8976243931204775,0.8850229204376683,0.8973733728704403,0.8925344366177386,0.883654328472856,0.905515647993499,0.9084019006185641,0.8965847292159393,0.9006422711311874,0.904988400635421,0.9012845998945718,0.8977206097559294,0.8880438090567878,0.8868360211008764,0.9085326211866083,0.908513658505912,0.8974471725525309,0.8941819304841258,0.8918485674061402,0.8970512829293448,0.9005322381220215,0.9011994219851704,0.9026894102759576,0.9086743170052684,0.9135339893149043,0.8954178118466273,0.9049465790019748,0.8953517248741634,0.8993349931459711,0.891515812906576,0.9059970323427503,0.8932416920669787,0.9033441906898526,0.8951788954528255,0.9019903068404251,0.9043234136728288,0.9014679185166191,0.901782971037232,0.8875484945845507,0.9024167099612856,0.9087871388602137,0.8973787019315145,0.9058199055020933,0.892050627528586,0.8901786935638445,0.902036284185902,0.9025823822875146,0.9069548514610901,0.8975210303764763,0.912108970623644,0.8982218165836953,0.9096129765706327,0.8904501625872626,0.8917276940255413,0.910979239887117,0.9014274327075389,0.8929100749062049,0.905927946844112,0.8995552326721636,0.007675609593872422,193
275.7216331386566,157.33363859441005,0.35250637531280515,0.35644998961180874,0.03594663627942926,10,0.8880390710398196,2,4168,0.7827852299245324,"{'learning_rate': 0.03594663627942926, 'max_depth': 10, 'max_features': 0.8880390710398196, 'min_samples_split': 2, 'n_estimators': 4168, 'subsample': 0.7827852299245324}",0.9062322638453348,0.9094083111970017,0.9325369280768855,0.9127812094441441,0.9221227770076728,0.9216855496509802,0.9194307326542979,0.9182311987319358,0.9079056444040696,0.9205194787846457,0.9296513177086021,0.9054441957098329,0.9168772664025837,0.9161912154803014,0.9224848760063864,0.9217247524907828,0.9279226262210588,0.9218228309308948,0.921125647334597,0.9056575816440756,0.9125208941372884,0.9215203730316124,0.9196807648258312,0.9234129748968136,0.9159572722767096,0.9198176317871446,0.9105844894345136,0.9208198655586054,0.9200028010703155,0.9057207578473807,0.9225651576375802,0.9128747768068932,0.910339192319001,0.9264298497867873,0.9115685405078015,0.9061878935259866,0.9128495514220698,0.9210021200647136,0.923859451517622,0.9273619559245864,0.9165228356945206,0.9289015709119086,0.9117292172313973,0.9086033210264467,0.9235584174828482,0.9121204321162532,0.9070288224555426,0.9207931627207533,0.9235053896181904,0.9131081122613675,0.919072032370723,0.9209056593466365,0.9237268271834524,0.9162342274683009,0.9079938930664394,0.9112580669524117,0.9266944783522977,0.9268807796286911,0.9184883912557498,0.9142585678630765,0.9187850569813725,0.9149051823873278,0.9218502966689875,0.9190664382510597,0.9225022544806556,0.9246744442659197,0.9241781656266189,0.916364565192081,0.9251299613340302,0.9081994274795382,0.918980289856409,0.9145823302113669,0.926193416675985,0.9169667690952517,0.9226019395569885,0.9158778082832746,0.9226468650780167,0.9239861843151789,0.9195602318443145,0.916526222202577,0.9141515191738463,0.92119299101075,0.9210231898406824,0.9194137824690616,0.9230442492158556,0.9138842513479156,0.9132885391367561,0.921432794763734,0.9254124856769845,0.924411334741256,0.9149270876000306,0.9277747133541595,0.9195916802821038,0.9267092613424589,0.9134663247235146,0.9136349941014833,0.925747406122423,0.9214515481722886,0.9124977163339268,0.9208224358556417,0.9184367307816417,0.006196856576312852,127
139.12980036020278,94.09269734755051,0.24243571758270263,0.251844245632658,0.14031304686898666,7,0.9116015530289661,2,4168,0.5801054408836229,"{'learning_rate': 0.14031304686898666, 'max_depth': 7, 'max_features': 0.9116015530289661, 'min_samples_split': 2, 'n_estimators': 4168, 'subsample': 0.5801054408836229}",0.9127195550544274,0.9115778665825953,0.9284615975339784,0.9127911131310538,0.9219001792810854,0.920790856080197,0.9157965908557926,0.9170415334411459,0.9082115265809909,0.9178357185067976,0.9266326736773957,0.902196560743492,0.9175343891505812,0.9137251175661544,0.923874448793129,0.9180583935681647,0.9254789825031625,0.9161022404353754,0.9168546991255334,0.9048132370799845,0.9130777210511962,0.9193222204040007,0.9166855580054954,0.921211788710974,0.9081285291840635,0.9176916477217378,0.9094457774600517,0.9232219986426147,0.9157291287379112,0.899713036559706,0.9222299131447381,0.9123414723076176,0.9063596214486774,0.9231079073727098,0.9124441062268924,0.9071111730368495,0.9105145040088668,0.9183366137522769,0.9200688768373433,0.9272363069924878,0.9153677075249126,0.9224921685752162,0.916161058268394,0.9054181882925146,0.9192738070547164,0.9086849537367622,0.9036933625231155,0.9160169246150742,0.9230745746042801,0.914594802118706,0.9161259135566505,0.9199434536092542,0.9163046095228105,0.9156082970511107,0.9054232881726337,0.9114055315721503,0.9217761238539157,0.923823777661994,0.9190192849542708,0.9122388055373536,0.91478964615641,0.9128766440700034,0.9159947723549471,0.9203254472850247,0.9203282417360805,0.9210150192776211,0.9239919656329605,0.9146217133862073,0.918257608525614,0.9122144221964444,0.9111907364446852,0.9157560393790714,0.9260363497449635,0.9156370199769751,0.9230641482207024,0.9129973073248379,0.9205213049851648,0.9203877486834728,0.9190341640006219,0.9124678617580386,0.9155389479454344,0.9171667832668327,0.9248728567628396,0.9188113794418649,0.9232216302942369,0.9096152911345352,0.9164105284945642,0.9153107293563316,0.9212793311051759,0.9214212812524616,0.9152646739973656,0.9262033220804067,0.9162590700443188,0.9186837065881268,0.9086686220407082,0.910015089157674,0.9205722339885151,0.9184935422412345,0.9131064570234724,0.9222223314789959,0.9164746778293801,0.005860471160772801,146
109.03106959581375,84.68075219767006,0.322152636051178,0.30976044134098313,0.0032620046892131676,9,0.5664903042580324,2,4168,0.5709004491856419,"{'learning_rate': 0.0032620046892131676, 'max_depth': 9, 'max_features': 0.5664903042580324, 'min_samples_split': 2, 'n_estimators': 4168, 'subsample': 0.5709004491856419}",0.9138488771146209,0.9197168198790484,0.9370053851848579,0.9193974654629423,0.9264892363424486,0.9282555235526577,0.9259305011445098,0.92450587287902,0.9156897207389793,0.9270693629648705,0.9351840299004792,0.9144538340453375,0.9234460364074987,0.9232093189535149,0.9279942357613998,0.9271961901804352,0.9317710381806806,0.9258391641304643,0.9273104367037087,0.9148523521083963,0.9197704977048977,0.9276093313438241,0.9246164155889949,0.926805822358032,0.9225673771529783,0.9258892475739383,0.9213553905252283,0.925744548409066,0.9252250479596659,0.9121609694675197,0.9288658154642673,0.9213464399558389,0.9152219055627198,0.9324365314450282,0.9208093533485344,0.9160156951591291,0.9190531793415642,0.9259805854752737,0.9276656097923458,0.9326070101498575,0.925101288669004,0.9332235338254042,0.9191498532408037,0.9163487592866211,0.9291594207534075,0.919164591577286,0.9166551936483295,0.9284382136711522,0.9305658598587103,0.9203188362986722,0.9244123955774639,0.9283568558798021,0.9292596694853754,0.9235066096416673,0.9136633535681458,0.9168805770885211,0.9312179863900514,0.9327308639280104,0.9270577572840366,0.9212457691597253,0.9250362688818922,0.9226734995878818,0.9252891243608077,0.9226592396857302,0.9278191821026736,0.9305209119768197,0.9295043173995379,0.9219437971243728,0.92942226179725,0.9152351439961642,0.9229309200753246,0.9205075218403929,0.9300069281770599,0.9233836296271406,0.9273377905230624,0.9204653336877181,0.9281106119697071,0.9291844205185555,0.9255436900254226,0.9250723564524126,0.920425608155431,0.9265479770917353,0.9289043961506882,0.924894491052825,0.928336451586128,0.9191412573922185,0.9209390463650994,0.9261121034832476,0.93055593044144,0.9286520024976825,0.9210907017513164,0.9321248692068902,0.9253971776591733,0.9319483688710886,0.9188297825478623,0.9209649255234331,0.9293575835443304,0.9262616337936682,0.9185377490013732,0.9298157052785802,0.9245885427545091,0.005303084798610752,48
160.81952866315842,98.78674119412835,0.21489495992660523,0.21958385000649652,0.017978880263594194,7,0.7577915753594879,2,4168,0.851544284885785,"{'learning_rate': 0.017978880263594194, 'max_depth': 7, 'max_features': 0.7577915753594879, 'min_samples_split': 2, 'n_estimators': 4168, 'subsample': 0.851544284885785}",0.9157074150022069,0.9201126933600363,0.936614270547587,0.9230459530331606,0.9302329685158457,0.9294365483711472,0.9259582228317935,0.9261168953733272,0.9176963317930916,0.926424375729272,0.937758606863062,0.9166424548153704,0.9253611554544773,0.92545022471882,0.9293360957983501,0.9284577801241658,0.9331930268024093,0.9267961047867805,0.9288517740529825,0.914875745580138,0.9218776728027781,0.9290583585021619,0.9250302187934778,0.9285324046033255,0.9228575231698742,0.9248743732521449,0.922475471162729,0.9290355373166277,0.9264684975405433,0.9137457679937838,0.9298873960011202,0.9239079584083729,0.9156165343672088,0.9331819845701728,0.9225658276493093,0.9184256641984112,0.9199170751025626,0.928131780634424,0.927934168701658,0.9337716423596596,0.9243813586235075,0.9347593892085095,0.9211097228646569,0.9165953607004457,0.9304119997452922,0.9207029130088628,0.9187028544950814,0.92905421928167,0.9307340020144993,0.9204772525090531,0.9262949559417494,0.9298442947956032,0.9295843074637578,0.9234049428001858,0.9154425188216164,0.9202024550809268,0.9315240136521511,0.9331487581369857,0.927534837090666,0.9227194828390817,0.9259390426174007,0.9237865042155602,0.9276493344001402,0.9232185953197513,0.9289273526665898,0.9312311165692779,0.9306806580531141,0.9248812283345039,0.9299169688371004,0.9162415149202999,0.9241143071167672,0.9235015822238591,0.9314525806847069,0.9228105452115336,0.9299086354742758,0.922046128075807,0.9309757332694291,0.9318313262255304,0.9275465256977168,0.9247083301694154,0.9210573028254277,0.9264377588758682,0.9274550784408362,0.9262918219138381,0.9307935433794264,0.921288933651371,0.9220411020847694,0.9251294066682932,0.9317248636846678,0.9318562859778812,0.9214087980241061,0.9329025747352878,0.9260800388153304,0.9332108798875558,0.9189746836363646,0.9224576403530069,0.9318544154532564,0.9277103332244255,0.9208254880911223,0.9314331382686133,0.925842962378329,0.005240247933965375,23
175.7108291053772,129.23582736374263,0.6481743597984314,0.6675948684288551,0.009806240235313657,13,0.5414693009621911,2,4168,0.6923199457362502,"{'learning_rate': 0.009806240235313657, 'max_depth': 13, 'max_features': 0.5414693009621911, 'min_samples_split': 2, 'n_estimators': 4168, 'subsample': 0.6923199457362502}",0.9062292721175845,0.915004267216734,0.9310923779225622,0.912949870861681,0.9213364773695987,0.9227904264626277,0.9204876324725063,0.9197354221546057,0.9089843782755318,0.9217242404919793,0.9282730816635957,0.907933751300605,0.9168304343550945,0.9168339045418146,0.9233227007356918,0.9224623668295483,0.9256405328036715,0.9201226619111538,0.9217086846213309,0.9075856939200612,0.9136926937503889,0.9228001598866638,0.9182366842242663,0.9213508206846175,0.9186943985154687,0.9213939484797229,0.9147514147196456,0.9198105350429734,0.9200831534474777,0.9079162252597757,0.9244240993534515,0.9143932685637023,0.9085213734754193,0.9260876825198576,0.9154684890139294,0.9077573904597465,0.9124412965438315,0.9219496361176497,0.9226357036299645,0.9272848763023064,0.9197807693580818,0.9278133095975956,0.9144307061801467,0.9085895020464971,0.9221374921605079,0.9125839984379309,0.9106790640899065,0.9226622166229641,0.9243808090047997,0.9152306525029471,0.9189066680570737,0.9205810138494673,0.9239611799797953,0.9186393874236591,0.9070108615243,0.9107496275431259,0.9270292946682729,0.9275874655778675,0.9196963810257177,0.9152393091579912,0.9181876967644751,0.9170120202171671,0.9199363768069514,0.9170538279364987,0.922809669668442,0.9250665044879651,0.923583241609648,0.9159482788924186,0.9244576708022675,0.9097691397873151,0.9176018313395787,0.9148002212100046,0.9245794758509939,0.9176558185527388,0.9209062800112575,0.9136804304620652,0.9234010996520151,0.9246507681052298,0.9200512980388919,0.9188529392352285,0.9139292987565352,0.9217468222326393,0.922252434123109,0.9203483217121017,0.9222953349282588,0.9131719147835473,0.9144686095579667,0.9222846640713065,0.9250784730953526,0.9216730124556038,0.9155969004740405,0.9272012815885515,0.9196064329446524,0.926704958744228,0.9121068281002074,0.914590987049983,0.9244509063526147,0.9209535856573221,0.9118031397905051,0.9251578960444196,0.9188385812872158,0.005670294301902885,123
315.6337748003006,197.0318015339555,0.8478450012207032,0.8652705213642216,0.002176486797469943,13,0.8261528131375593,2,4168,0.7664813868239325,"{'learning_rate': 0.002176486797469943, 'max_depth': 13, 'max_features': 0.8261528131375593, 'min_samples_split': 2, 'n_estimators': 4168, 'subsample': 0.7664813868239325}",0.900684385488473,0.9070375860498757,0.927330729899541,0.9064110350502912,0.9181535852859974,0.917081712765105,0.9173437286376981,0.9143926688252547,0.9025488706108955,0.9165008187623798,0.9236149883976496,0.9023293488562965,0.9117867020102457,0.9123471451356423,0.9197347565027199,0.9163878605508111,0.9228491684300154,0.9177299745040624,0.916148411005212,0.8998764955917952,0.9086887089961324,0.9181197106688785,0.9147859979776204,0.9187664871704463,0.9098377641781066,0.9174825406323226,0.9074045811910594,0.915643719592792,0.9145076656566883,0.8987496364508856,0.918839075488868,0.9078780260115302,0.9029634716000094,0.9216619905446711,0.9066671727558594,0.9014466054131742,0.9070258589751137,0.9173610738261824,0.9194811172462478,0.9220327694150732,0.9141148923784556,0.9237965622592865,0.9095650247816418,0.9031718650016026,0.918607938275574,0.907080779649739,0.903705056000085,0.9161740652334014,0.917740949271667,0.9087985489325232,0.9136131996180422,0.9150523726011577,0.9189525627060638,0.9133603193704666,0.9037124163134634,0.9050282902431931,0.9228262709507987,0.9232060754351669,0.9150172275782475,0.9081563889289962,0.9141414408499711,0.910262310641858,0.9166868985421669,0.9126644871373947,0.9181492193779173,0.9201104707494429,0.9206359241005255,0.9112335048807509,0.919978222373721,0.9009642401593936,0.912988824587099,0.908381267838,0.9202351630192269,0.9127904116477639,0.918787417060939,0.9119310738133672,0.9176518002133078,0.9203509998752433,0.9125765201794398,0.9123715916503328,0.9095267533033592,0.9162291693960384,0.9168254139596296,0.9161451560632314,0.9178432587098069,0.9065949325882725,0.908128524188429,0.915668360742676,0.92008175305436,0.9189749705103878,0.9095391288499338,0.9247896543733903,0.9126772768564503,0.9219541131718466,0.9063268674705864,0.9095216189814389,0.9225650851923077,0.914492621438599,0.9057984070967456,0.9179545355238783,0.913658441418504,0.00646590624740226,164
77.54223229885102,63.8223801611561,0.32254619598388673,0.3332207729767694,0.06777858563396964,8,0.3922157199544671,2,4168,0.5830073928577384,"{'learning_rate': 0.06777858563396964, 'max_depth': 8, 'max_features': 0.3922157199544671, 'min_samples_split': 2, 'n_estimators': 4168, 'subsample': 0.5830073928577384}",0.9139105647669439,0.9212220408104581,0.9334128209521169,0.9181308669216243,0.922392949475483,0.9279413960887258,0.9224335753098725,0.9208441642489006,0.9168001451550775,0.9263225496927241,0.9335278046148353,0.9134353669721593,0.921595108216116,0.9227241619143038,0.9268250835509679,0.9231238293706479,0.9292879338196545,0.9256145657791555,0.9245875678767735,0.9154304118350177,0.9173579303519908,0.9221923245563889,0.9212770934347783,0.922439450623448,0.921725949987417,0.9194187881744538,0.9151626358948115,0.9239441458079656,0.9239894223022089,0.9092707163702595,0.9248865216715878,0.9177708600284291,0.9134727122395988,0.9292679602662891,0.9149551903536729,0.9190954153056482,0.915549363388687,0.9232685769672588,0.9232998767692664,0.9298871149224045,0.9232284800311293,0.9297587912129385,0.916870357563237,0.9130939674954566,0.927232188069532,0.9162752930443865,0.9163047605798222,0.925959988234222,0.9303111421128221,0.9210045111535674,0.9222665812231168,0.9263896791796619,0.926811349565011,0.9233878043214505,0.9102510412789738,0.9190115731112197,0.9271208923837276,0.9285991672303763,0.9243413172425565,0.9181135692274681,0.9232378744676272,0.9180186442513152,0.9227981741831546,0.9199325396488133,0.9238522830421871,0.9273794290114523,0.9255169640756916,0.9189829689513208,0.926639324699931,0.9152551611227974,0.9250056487288534,0.9192540544507452,0.9292090149437674,0.9212840105670933,0.9259888426717,0.9177500876863386,0.9259598585289848,0.9300073109063683,0.9232387759195999,0.9233694185130501,0.9208695682783798,0.9257171193707909,0.9273099801162459,0.9214467652086746,0.9285402976220415,0.920039941209236,0.9222067282990117,0.9225976248044581,0.9288354290220712,0.9262296291279982,0.9186467120801477,0.9290173108154796,0.9224561523292761,0.9311708507924918,0.9194100177449902,0.9181799278016335,0.9277923651192522,0.9231451682522862,0.9183861178943697,0.927824708161755,0.9225663021147018,0.005031785585284044,72
177.52479893684387,117.62623173714289,0.6262530541419983,0.6304848997571536,0.0026724417314984536,11,0.47022433911113204,2,4168,0.7987739237749492,"{'learning_rate': 0.0026724417314984536, 'max_depth': 11, 'max_features': 0.47022433911113204, 'min_samples_split': 2, 'n_estimators': 4168, 'subsample': 0.7987739237749492}",0.9086099809567776,0.9162217578341673,0.9325106992296158,0.9149706734818253,0.9228730264499254,0.9245411203485125,0.9226691317090587,0.9206861240061003,0.9101290095873058,0.9239722990943114,0.9304938454782798,0.909416067752312,0.9189767654903642,0.9185049812261088,0.9244750097090084,0.9234608125554286,0.9275807313200529,0.9222995815326356,0.9242197836886273,0.9094615149570665,0.9157461246511811,0.9237362521444126,0.9200382696515467,0.9237553790108026,0.9183970952686331,0.9223867789403817,0.9160631474849695,0.9213173006325289,0.9212541233496621,0.9093467658854761,0.9251463745571894,0.9163035369925996,0.911048127337283,0.927683177390882,0.9164138523883425,0.911319775741426,0.9148584292417836,0.9224074945700158,0.9240406820760061,0.9285655254679862,0.9207096947647948,0.9300051893935035,0.9167413274308388,0.9102155241215864,0.9246655697062556,0.9149003313958953,0.9124134145665919,0.9233011318939801,0.9258812259854993,0.9155757627403913,0.9199167405711705,0.9221907099468096,0.9256429994760647,0.9197939119379127,0.9106341730715329,0.9121168390108285,0.9285992085852292,0.9287428173645642,0.9223043056060286,0.9171400575267177,0.9205224617859686,0.9183156368837273,0.921185853984362,0.9184723501097678,0.9238985906164304,0.9260752267448212,0.9255786479745466,0.9172542051755724,0.925367657279367,0.9104518282051615,0.9195983777922778,0.9156080902839223,0.9258810160362563,0.9196557087605296,0.9232812343434338,0.9164231630897355,0.9244075709047683,0.9260475407411888,0.9212667265171622,0.9203894213779281,0.9157171700734489,0.9232838937646209,0.9241192260214487,0.9209914345368517,0.9237270565357129,0.914689386021213,0.9164124596649108,0.9238778365073779,0.9263364408387349,0.9240809591588285,0.9175475428843328,0.9286134481062319,0.9207729097689745,0.9282295559189109,0.9133078348911791,0.9161527323593437,0.9247806052849463,0.9225782881756721,0.9138334556257511,0.9258701611974884,0.9204199577022969,0.0055208022195536895,104
231.42648194789888,155.45009934641533,0.702434070110321,0.6911884948469954,0.002373675310108523,11,0.7125523766171264,2,4168,0.7699160323593887,"{'learning_rate': 0.002373675310108523, 'max_depth': 11, 'max_features': 0.7125523766171264, 'min_samples_split': 2, 'n_estimators': 4168, 'subsample': 0.7699160323593887}",0.9072121520254777,0.9133946192693976,0.9318740200358088,0.9124768397218921,0.9215634929055265,0.9225780079106988,0.9209750222658635,0.9188802878589706,0.9089640363275333,0.9213796581362977,0.9290754557639777,0.9081120097030757,0.9177508626918303,0.9165502961123129,0.923846369280294,0.9221151966376181,0.9271330443062015,0.9215705303817039,0.9222261795443306,0.9068230150496429,0.9136511145438322,0.9223668719336183,0.9190848819823285,0.9224042694129655,0.9161843488491946,0.9203387519362947,0.9126931680814728,0.919902238994097,0.9194303146340126,0.9068540773505738,0.9235889101489219,0.9137818357802707,0.9079614722900904,0.9261940900866235,0.9138389817147743,0.9074997735223227,0.9134579341936905,0.9214740920707571,0.9237899597785755,0.9270131811926836,0.9191149275097096,0.928374397069696,0.9146314338217607,0.9084004768280034,0.9232104925245692,0.9119675318464113,0.910422216478684,0.9224186180116232,0.923339677328678,0.9140410367438205,0.9184960060712707,0.9215786231615591,0.9230513256031363,0.918328218856089,0.9086003298606766,0.9106482147095744,0.9272948517301833,0.9274926032495882,0.9200104219519121,0.9149697376247758,0.9190128946355711,0.9153556412813995,0.9210952072297294,0.9168794721589362,0.922713964977756,0.9243316899663785,0.9248666734544988,0.9156371521267895,0.9239223128488627,0.9078149633055075,0.9184694972393813,0.9134543421400124,0.9251038147373046,0.918686317842412,0.9216506895162189,0.9157341450613663,0.922587197628578,0.925027420028808,0.9189826949571975,0.9182636655330887,0.9141437391735028,0.9214991655836027,0.9216040476407171,0.9202675186014363,0.9227007993309246,0.9129611902682147,0.9140737233436422,0.9212029022256555,0.9245606068975337,0.9230795854994125,0.9157247656795315,0.9283044515152995,0.9189171740800637,0.9265135575493844,0.9118046157592181,0.9149344158775498,0.9253609327466451,0.9203165825611146,0.9122655752448914,0.9239816352803011,0.918762092469357,0.005847306663278921,124
127.0601248049736,95.7625941534453,0.544034116268158,0.553293039053867,0.002366196923256197,11,0.48210408355297696,2,4168,0.5991258104919015,"{'learning_rate': 0.002366196923256197, 'max_depth': 11, 'max_features': 0.48210408355297696, 'min_samples_split': 2, 'n_estimators': 4168, 'subsample': 0.5991258104919015}",0.9106785541299329,0.9185366766838748,0.9350685797591339,0.916925464350147,0.9242332110095828,0.9263809252527414,0.9238177112348454,0.9220254937045883,0.9125728260192545,0.9251799103496876,0.9320780630360452,0.9119650138314013,0.9210702566969444,0.9210262818635071,0.9261654360349224,0.9255164456859698,0.9295331234514127,0.9235940103039448,0.9258645754932305,0.9113613197475978,0.9172249462488122,0.9260100349446749,0.9215140513511321,0.9244382296776502,0.9206071012035151,0.9232526293138676,0.9181839059831945,0.9234582362218058,0.9229525920937385,0.9106909391496736,0.927283100158304,0.9184482948671533,0.9133238211707374,0.9290361009480589,0.9188667882116098,0.9134976102173877,0.9160734587040041,0.9240606127102516,0.9259581840315891,0.9303939549331097,0.9232803736361855,0.9307426756295087,0.9177873124667011,0.9123036804781963,0.9260165244720588,0.9163649935183085,0.9138751687871234,0.925846814143826,0.927712174525134,0.9174152293364531,0.9221757668503279,0.9253399928616499,0.9273433426940906,0.9213428593578185,0.911582017305895,0.9141321505999338,0.9289267419683214,0.9302382509671346,0.9244284718229395,0.9183379652827365,0.9221798312033694,0.9203144565495458,0.9230525646277525,0.9206921570489623,0.92551723710892,0.9279063504979302,0.9270678749635429,0.9194767380138265,0.9270468889329044,0.9130264228296121,0.9209334237849026,0.917890079321258,0.9273983844116325,0.9210910442385389,0.9252483864577429,0.9177927806838247,0.925798426882849,0.9278502675199708,0.9239310215682849,0.9217951255469072,0.9183079708344843,0.9242104893191965,0.9260959111932162,0.9222096227985586,0.9257692844170808,0.9168826552959335,0.9185381104559077,0.9244886807623833,0.9280548284110282,0.9257124522073716,0.919478639888287,0.9302806851316598,0.9233063799615479,0.9301067840699268,0.9159158881738532,0.9182643365919557,0.9262937026205247,0.9235234536530047,0.9160107915415143,0.9280670814410947,0.922215881884442,0.0053994691194848956,77
208.76003685474396,118.7891283880533,0.3323104476928711,0.33903931500933593,0.0021286381843707647,8,0.6943370307769066,2,4168,0.9473678158938548,"{'learning_rate': 0.0021286381843707647, 'max_depth': 8, 'max_features': 0.6943370307769066, 'min_samples_split': 2, 'n_estimators': 4168, 'subsample': 0.9473678158938548}",0.9090300004688148,0.9143214516914083,0.9321121884546517,0.9149077012295633,0.9236569899766022,0.9242570868406522,0.9226176099585537,0.9191144059310604,0.9093082897802262,0.9226428071643714,0.930900486403466,0.9089275095511082,0.917638131264891,0.9188147159495634,0.9241036318264417,0.9236542193069711,0.9270904684827324,0.9215090454472373,0.9217115531392291,0.9101651524839729,0.9158537317265825,0.9236062600458904,0.9201828011987868,0.9228646651508206,0.9162667140728741,0.9201007501425233,0.9162923178241722,0.9218627430487003,0.9213456084801315,0.9061778638059491,0.9236899740227845,0.9173131146270673,0.9082360310463076,0.9250218925377011,0.9175868703374103,0.9104999846481963,0.9141568893293692,0.9226906344652224,0.9230514307258613,0.9282191661329425,0.9188657013633976,0.9306195985327432,0.9154753156373047,0.9104834747157953,0.9228528119172773,0.9140808197655785,0.9122526044747274,0.9238257857282715,0.9252050632266147,0.915114035380367,0.9201849321768026,0.9235006419097418,0.9245847900673884,0.919856889121106,0.9099908151447068,0.9132815265569881,0.9272008657731865,0.9292062901452789,0.9219984180611417,0.9159458987637847,0.9201672103299415,0.9169850992262717,0.9219440970963089,0.9177092970933372,0.92269547758159,0.9263076188674737,0.9256209369610249,0.9184281055829093,0.9237434876556372,0.908852300294305,0.9194530671782347,0.916495770618323,0.9254078834125934,0.9180225203715358,0.9239242753516917,0.9154419086173471,0.9246017906406397,0.9263888065855945,0.9207377597375153,0.9188356287906179,0.9143048800787564,0.9228087184364462,0.9242764654363396,0.9212832677694791,0.923422924194177,0.9130594474801246,0.9160687959111691,0.9222390753992274,0.9252913444571595,0.925595349132275,0.9157797152025344,0.9273948964832927,0.9204030853308244,0.9277851813890047,0.9125349301284387,0.9153636435968697,0.9257180348583539,0.92229613924117,0.9144555530411733,0.9255321927615306,0.9199340584950426,0.005656777001034403,112
33.678954327106474,30.692034806746353,0.08022005558013916,0.0912570372866464,0.33768544846210125,10,0.5151492988219598,2,4168,0.8884175121471927,"{'learning_rate': 0.33768544846210125, 'max_depth': 10, 'max_features': 0.5151492988219598, 'min_samples_split': 2, 'n_estimators': 4168, 'subsample': 0.8884175121471927}",0.8870207448436017,0.892776207646859,0.9099608876817856,0.8849591845666418,0.9028932345950802,0.8993485796297785,0.897365849739294,0.89573098626277,0.8870156828000084,0.8978095494597752,0.9097141177493735,0.8876824498426747,0.8979136725977067,0.89321529042626,0.9040811792125364,0.8950482872013527,0.904029503164677,0.906328459336023,0.8980324553169313,0.8849994629322538,0.8928419792141041,0.9087512296142157,0.8949470825659871,0.8993292493925085,0.893239493387635,0.9016406274785004,0.8949111638336081,0.9030071462305977,0.8989306117276414,0.8901959606015628,0.8999546366646467,0.8919675579722937,0.8857158766030472,0.9056724494385454,0.8878893149561137,0.886858091686211,0.880511000742643,0.9017251531340758,0.9028657506940068,0.9092463105814369,0.8950029501783737,0.9104964009237944,0.8905684007320173,0.8859274128339948,0.9013914549245312,0.893962217569821,0.8864819930593697,0.8959860353642066,0.9015224329271049,0.8930060048373083,0.9027268094260043,0.8960521024277679,0.9054715627154344,0.895450852203199,0.8875541252258575,0.8862638670380351,0.9084457591532146,0.9049431962991725,0.8996812636955098,0.8969697358417033,0.8996472407672371,0.8957911555813438,0.8940223146598886,0.8935389000080088,0.8928789738601162,0.9060332508826905,0.895451062186322,0.8915219187791753,0.900048843695978,0.8946433253609147,0.8900659134685688,0.8943233674243041,0.901081905558147,0.8983672628914572,0.9010947710252147,0.8879281552869988,0.9028898005780259,0.9016406652344835,0.8940411440306364,0.8951339469595816,0.8924038902667679,0.8958544036333029,0.8994634946185494,0.8988770565794081,0.9001501918199933,0.887422409781287,0.8944217217417226,0.9061669822270924,0.9024903005284756,0.9001949481023859,0.8895054391973606,0.9010876563084428,0.8975222407942329,0.9059428239028631,0.8824611457667683,0.8928513061568507,0.8996746601936213,0.9006495793664063,0.8886161588880193,0.905848347028254,0.8967577972404207,0.006804732948508848,196
127.19240911960601,91.7395567310868,0.28342609882354736,0.2744324942990356,0.13067257002449995,6,0.5488674955512713,2,4168,0.6741671111544656,"{'learning_rate': 0.13067257002449995, 'max_depth': 6, 'max_features': 0.5488674955512713, 'min_samples_split': 2, 'n_estimators': 4168, 'subsample': 0.6741671111544656}",0.9114206412448314,0.9158650557741329,0.9310595612949383,0.9171567798130629,0.9249233699139424,0.918422087102986,0.9181106067770836,0.9167156409396693,0.9135100071617839,0.9182565618048093,0.9296115036455342,0.9098440951264132,0.920746978110113,0.9192501434328535,0.9219649846267841,0.9198822426915013,0.9238394575529867,0.9176450120314512,0.9242700642556659,0.9122690809333082,0.9133433723534088,0.9225349003309236,0.9209465681849595,0.9218391548683599,0.9156821908627721,0.9198634769736878,0.9148958075018913,0.9214482680978551,0.9182393063686054,0.9057306779652589,0.9253806804014636,0.9178775861739799,0.9101060132167973,0.9274172803136214,0.9191030726189175,0.9147327752594164,0.9128137233265812,0.9203664051947451,0.9238650811049449,0.9280571703820107,0.9203561498163814,0.9296595435162166,0.9109522906486924,0.9136810861501066,0.9205052552708551,0.9146933424983371,0.9090939697381295,0.9213928042838149,0.9285208401784734,0.9156855424725551,0.9195230932857066,0.922405218295765,0.9239207030396949,0.9179204546895252,0.9093547562623953,0.9129653989900013,0.923782862536111,0.9285055046345385,0.9228065633820222,0.9156503175905268,0.9197679407385189,0.9203361169215041,0.9185521993288317,0.9203052142171285,0.9204649253944431,0.9264712602535397,0.9254434356324421,0.9186208794535708,0.9232166291541506,0.9165552900702492,0.914867907188512,0.9200541280627165,0.9293770371092451,0.917583214264477,0.9254155941405955,0.9125004968637405,0.925734328327537,0.9245896435336476,0.9223589769400732,0.9234082233442118,0.9124043525734131,0.9181153746812603,0.9227666831970083,0.9200448709695372,0.9224900403747689,0.9142300615793442,0.9190452924383884,0.9163996339995805,0.9277883418025307,0.9258567913344331,0.9176249955275265,0.9289319343379664,0.9218378329812883,0.9311145825887733,0.9144671269184517,0.9161135495119883,0.9266588895214511,0.9221871340316813,0.9125701742375586,0.928342889393736,0.9198499707595373,0.00551444314535477,113
50.735687580108646,42.870839354891224,0.1305851149559021,0.1363349211165044,0.1272092075710441,11,0.4752642182644895,2,4168,0.8186143880429952,"{'learning_rate': 0.1272092075710441, 'max_depth': 11, 'max_features': 0.4752642182644895, 'min_samples_split': 2, 'n_estimators': 4168, 'subsample': 0.8186143880429952}",0.9037156917850862,0.9052184900722731,0.920995074213557,0.9100298012999123,0.9136687121209396,0.915220144472198,0.9121489160506147,0.9176262185278086,0.8991315555052531,0.915788598894454,0.9247159689145174,0.903714762600602,0.9071195915621056,0.9123329970883197,0.9178616250170404,0.9143762131143607,0.9178493528640865,0.9162915844303557,0.9166715257007575,0.9014136105094839,0.9034788484848922,0.9180919102627096,0.909395065443435,0.9137477917179373,0.9117395599017967,0.9117039782258376,0.9107325999040055,0.9090796013999825,0.9165050283919883,0.905647610617654,0.9171416679327496,0.9087280322578861,0.9028358927231501,0.9171877963607328,0.9042551962501788,0.9022303775379996,0.9089800436870512,0.916904468027854,0.9188016833069073,0.9222680041478926,0.9115444053668815,0.923537300009837,0.9091242012577214,0.9003327331759937,0.9174475918117035,0.9048782097800013,0.902499885368756,0.9139892950568822,0.9141562396184616,0.9111751059464142,0.9110475999759896,0.9135394927104575,0.9210125025628606,0.9072291815277891,0.899209842233326,0.9066103882230179,0.9213216977339393,0.9215547879250682,0.9166581635686568,0.9074325595585566,0.9092616812132083,0.9127920392447897,0.9143086540531473,0.9133289618639401,0.9145203353990321,0.921616905979872,0.9178036050609326,0.9032789623832287,0.919379659434335,0.9022685092811398,0.9117634794436097,0.9087089773417562,0.9188464620708592,0.911203898344489,0.9142081120349461,0.9075924766367732,0.9155801522195252,0.9186011508469399,0.9161600815961776,0.9116471626366728,0.9085845521474312,0.9153222053862902,0.9142802215865506,0.9130365660078742,0.9195913233333725,0.9030112561961308,0.9114571913048878,0.9132455210399928,0.9196960108885796,0.9154021841052975,0.9054038082626951,0.9240561946033102,0.9103341969724751,0.9200197154076756,0.9071893960655416,0.9039842345300171,0.9198837698256098,0.9155242975985781,0.9036219663460039,0.9198060586111401,0.912359687120435,0.006219133974763285,167
172.95351988315582,120.96195884858614,0.37023828268051145,0.35978153696196435,0.0071527806525984805,8,0.5813957022812284,2,4168,0.774086064977166,"{'learning_rate': 0.0071527806525984805, 'max_depth': 8, 'max_features': 0.5813957022812284, 'min_samples_split': 2, 'n_estimators': 4168, 'subsample': 0.774086064977166}",0.9146352372166412,0.9221215222856081,0.9372239731141402,0.9221140239074864,0.9281086362122541,0.9294826138731462,0.9270803429377988,0.9258148236489122,0.9176390559199414,0.9273604900541709,0.9371757850169335,0.9163367976333395,0.924815963062139,0.9253372748553708,0.9289167608165625,0.9280394032081944,0.9325958584662598,0.9272899351947355,0.9284484067983522,0.9161547686801065,0.9221739021485752,0.9290044832898529,0.9252252408691497,0.928543500732792,0.9227445150576158,0.9250169064654417,0.922031073086979,0.9286116395253348,0.92569319809251,0.9134648775671044,0.9294507284161809,0.9229926390613208,0.9159883199234418,0.932727220999635,0.922433537204913,0.918158448715408,0.9205040797516036,0.9274322777116326,0.9284521934916028,0.9340832164146734,0.9258899121858811,0.9342532347468813,0.9197980787092676,0.9169849430635758,0.9288704047834555,0.9199130841212201,0.9181084042877936,0.9292088226290046,0.931252068635765,0.9209307430054308,0.9258070787606251,0.9293313342039419,0.9299425374936099,0.9246182362325172,0.9148967434567015,0.9189516230060147,0.9315120212760788,0.9338725742684075,0.9277215076853342,0.9229118200640529,0.9268316591378998,0.9238956375148148,0.9267426174253478,0.9246895972773489,0.9290380748688107,0.9321131168457828,0.9303463031277319,0.9234442347279374,0.9303978834777142,0.9170585107747459,0.9244346075623384,0.9224809832897604,0.932204867013882,0.9243918858246346,0.9292098396365419,0.9213293257822539,0.9301485908770882,0.9308463665389655,0.927343896913577,0.9247683839986498,0.9223750346982265,0.9271944842911709,0.9284338369726078,0.92565869130623,0.9303911557253463,0.9209831342109682,0.9222668032960089,0.9269453124211282,0.9323208356944337,0.9311738555966557,0.9225757669108703,0.9328957097517372,0.9271672137873356,0.9334913231999334,0.9194239834947335,0.9219861873056893,0.9309553939639755,0.9282780888347271,0.9206358376699413,0.9314493801613684,0.9258451725595233,0.005202658665535278,22
169.17288828134537,122.2789391012729,0.2930302667617798,0.2974658098472851,0.008844347597902088,7,0.5947905713280809,2,4168,0.9451569559740671,"{'learning_rate': 0.008844347597902088, 'max_depth': 7, 'max_features': 0.5947905713280809, 'min_samples_split': 2, 'n_estimators': 4168, 'subsample': 0.9451569559740671}",0.9146639373623847,0.9215049788603653,0.9366510249048405,0.9219263251878103,0.9293146176069333,0.9289578288475859,0.9270671293703191,0.9266348276326813,0.9162457640795825,0.9275958649564782,0.9365435588569582,0.9149999831937455,0.9249889254770933,0.9243178845542319,0.9280307057944125,0.9282957788590334,0.9321719869953978,0.9272013464860689,0.9271931838942292,0.9157546291751515,0.9221908575002088,0.9279904745203029,0.9244315394733328,0.9274815561149647,0.9230295786389786,0.9249123375812521,0.9226607125186115,0.9280507625903426,0.9261871203475447,0.9121278701375434,0.9287827430272138,0.9238423035473302,0.9154402224287082,0.9321643252887161,0.9231036215053158,0.9190887926930673,0.9197815663738094,0.9278502820773202,0.9284181434429157,0.9345912571829186,0.92639957895225,0.9336903587224581,0.9198194208184975,0.917542360051202,0.9290309676504971,0.9194534785472831,0.9195259501204949,0.9302356519186825,0.9311653020363253,0.9194204645452069,0.9261665337011191,0.9289101470672199,0.9303944364281475,0.9233453211456545,0.9146771539428123,0.9212417832694738,0.931409839356331,0.9338057280013959,0.9272687281287852,0.9219073311468511,0.9249792422735089,0.9230583606702744,0.9273765768596423,0.9241735101047499,0.9273036893344889,0.9320006948414605,0.929206072528884,0.9241298112021389,0.9302238412066144,0.9166387994505182,0.9230960648115674,0.9233976371327816,0.931559180081716,0.9235612022927048,0.9302045437367449,0.9212972373855106,0.9319313411612997,0.9310344915489394,0.9262145327520255,0.923442694742792,0.9216593793547105,0.9282250118568024,0.9287338090781116,0.9258109383068778,0.9299610869066661,0.9201097016614768,0.9222456668130344,0.925181088805541,0.9307140553298157,0.9311854462626439,0.9214589063374938,0.9314115732633054,0.9268654057966654,0.933026494449278,0.9193279028765791,0.9211319857217418,0.9292531540275593,0.9281614874515328,0.9209352213481786,0.9328174479127063,0.9256064217231547,0.005226412002434474,33
302.0900221967697,172.1701613651917,0.5624077701568604,0.5666980267653718,0.013117518949995733,13,0.7641746250030121,2,4168,0.7304714556406326,"{'learning_rate': 0.013117518949995733, 'max_depth': 13, 'max_features': 0.7641746250030121, 'min_samples_split': 2, 'n_estimators': 4168, 'subsample': 0.7304714556406326}",0.9013979739159312,0.9092346712471672,0.9291281140557013,0.9078355229161914,0.9188202889758493,0.9197602979240963,0.9173588621552441,0.9154956072532915,0.9051843229186864,0.9178622828655224,0.925381967973866,0.9034858497329433,0.9142022010137199,0.913662408200217,0.9204542134417132,0.9174982182751431,0.9240637718245397,0.9181559568147306,0.9190820047576768,0.9019834840425094,0.9094159365673944,0.9193962479696769,0.9163905342842882,0.9212214842481158,0.9113764329019317,0.9185359893654074,0.9094716269496484,0.9158428782396699,0.9159747129885576,0.9020220416557616,0.920306032999713,0.9102213535452887,0.9046158125610703,0.9232398952299231,0.9082547983452146,0.904290627731532,0.9087282449062862,0.9190810104255305,0.9201027730888891,0.9232141300211156,0.9161322469612745,0.9234473489630688,0.9111916326211091,0.9038900587510947,0.9197076730787195,0.9092372265170265,0.9073310339720814,0.9195273915211877,0.9194067099490717,0.9112291373223422,0.9140991104761582,0.9176064495971308,0.9204624284710116,0.9155959793200926,0.9040320703544025,0.9069760314807847,0.9239383263436265,0.924509920079454,0.916743432952043,0.910965374099014,0.9152050080216279,0.911418624281932,0.9175728665522545,0.9141597388922952,0.9202757384225738,0.922267657839421,0.92131237099769,0.9121855683987721,0.9211665790311447,0.9028371266816059,0.9143237817983557,0.9097058006456508,0.9211870817894554,0.913886195841132,0.9178720797249191,0.913801609058843,0.9191036715165999,0.9205479390568694,0.916212151225972,0.9148366435330294,0.9107294951417867,0.9180495989228404,0.9189557344065269,0.9167379043443691,0.9189794338572282,0.9082621664969116,0.9098860092723587,0.9171035073889002,0.9213144153492,0.9189036655495431,0.911610418963026,0.9252663878165549,0.9151448350918003,0.9231755058110278,0.9084057577442534,0.9119328902208905,0.9233876095877069,0.9151443778987388,0.9070105590567616,0.9204779459805122,0.9151813661937152,0.0062214999381841884,158
55.88734824895859,42.20752416048301,0.07119994640350341,0.07981959763715415,0.2565478901666342,12,0.907570519460756,2,4168,0.9451853140288553,"{'learning_rate': 0.2565478901666342, 'max_depth': 12, 'max_features': 0.907570519460756, 'min_samples_split': 2, 'n_estimators': 4168, 'subsample': 0.9451853140288553}",0.8859030108566672,0.8887072824517983,0.9098146144535446,0.8961032059029654,0.9066765853208233,0.8964567444221746,0.8990703641703717,0.9042172682206402,0.8902938721994959,0.895522537526916,0.9063032230691603,0.8842524020235151,0.8978237850091157,0.8973498705128365,0.9045788809718793,0.8960337410640807,0.9109052874645348,0.9040545252717157,0.8992769907204985,0.8783667764551825,0.8912242245278159,0.9006789079125336,0.897973541636342,0.8973807530762754,0.886373401245049,0.9044360411533516,0.8937549412496334,0.8958988634863082,0.8947485010350377,0.8838145446771422,0.908131414579832,0.8879168372947756,0.8859282742822115,0.9094658806927762,0.8873194857925346,0.8904870291502669,0.8825622204477405,0.9031189199565867,0.9040683365175549,0.9107674328569252,0.8984395814689445,0.9121044412548638,0.8964273833245097,0.8855297741964357,0.9033338815721897,0.8976655032588517,0.8856541996725978,0.8991277834625779,0.9030052068515602,0.8900101310544938,0.9001714752112786,0.8996106518683169,0.9066401535458867,0.9046185036967248,0.8927892146969301,0.8830561122030464,0.9098223194582337,0.9073141781401096,0.8993064139127721,0.8883635689976422,0.9001111215461521,0.8959271480142748,0.9020280874441526,0.8912059870437388,0.9066710956672853,0.8995477562241617,0.904892994864468,0.8924872338619219,0.9076124764186235,0.8833364562342602,0.8930861917744976,0.8846894327526066,0.9112005813765296,0.8993054114522505,0.901376353028272,0.8933357240164779,0.9050032064003168,0.9069090122816895,0.8960098855132723,0.8986184470314768,0.8979402667104499,0.900672554490114,0.9028341036387653,0.8983727950298427,0.901961387987838,0.8902516930269442,0.8933858664777027,0.8995981827265004,0.9033001247199564,0.9022021805445799,0.8924375983880874,0.9097783154092652,0.8912822221363133,0.8989104961877902,0.8900531698435973,0.8906928719261343,0.9106880241094314,0.9004488366161846,0.8932170502893306,0.8974220880711177,0.8976955542878295,0.007827695528340929,194
23.199050600528718,21.45776338474765,0.09771915674209594,0.09897102246387517,0.21698930459598872,12,0.40533579004823067,2,4168,0.6447583685220069,"{'learning_rate': 0.21698930459598872, 'max_depth': 12, 'max_features': 0.40533579004823067, 'min_samples_split': 2, 'n_estimators': 4168, 'subsample': 0.6447583685220069}",0.893435707142741,0.8987225013971862,0.9127196932761257,0.8873885078412234,0.9076030063922336,0.9023921994150912,0.896250572660323,0.8963653975110936,0.8936423283698101,0.8958844511489392,0.9155822417721154,0.884802793065792,0.9033697626917765,0.901373577642513,0.9107479166630057,0.9016056409546112,0.9101453558099832,0.9095568394571734,0.90601956196949,0.8869378619374252,0.8941621030027771,0.9029925389120167,0.9036246449942238,0.9038093623277781,0.8991147853083765,0.9004653663642449,0.8928775738665695,0.9034484096224998,0.901143569426096,0.887716024103411,0.9079728864114577,0.898476358675849,0.8948726945885277,0.9060049785853623,0.8976229657285079,0.8902650272434918,0.890250823602344,0.9060219675910622,0.9001923987089882,0.9100549517142262,0.9035684778866432,0.9108928587532936,0.8976151822442849,0.8954302710128736,0.9048158651747095,0.8996843006543371,0.8956659372143844,0.9038960614632006,0.9022220541533491,0.8940889771107572,0.9022042894476631,0.9014550577682072,0.9043358508656161,0.897825780127203,0.8890801810805077,0.8935613975366865,0.9104557489249097,0.9061288942357146,0.9052818300435727,0.8951258138010979,0.8987084472762147,0.8997548075425892,0.8996697122009207,0.9022445713888184,0.9076258297252141,0.9051794837925987,0.9026886905516327,0.8958378902313044,0.9021720030381855,0.9030156851942144,0.903419096863268,0.8958543424640681,0.9081443863781878,0.8962461411314342,0.9043283412413889,0.8998959449973659,0.9087768918158577,0.903037747543062,0.9044672778539115,0.9043447020223556,0.901613634727447,0.904438178394221,0.9035061246839797,0.9076130274845167,0.9019980015640588,0.8934534471971004,0.892102230935482,0.9000344458647733,0.9055006515577969,0.9034326641566837,0.897052124736275,0.9098476163369714,0.9022800002443148,0.9096089592498551,0.8932543573230766,0.8965523741454721,0.9067346468474979,0.9036804319085276,0.889716007195585,0.9067065152282565,0.9009350761042993,0.006262865407651843,192
144.7161854815483,97.56310570830331,0.2108670473098755,0.21939348604959355,0.006522891161423848,6,0.8875034670231838,2,4168,0.6414025655083238,"{'learning_rate': 0.006522891161423848, 'max_depth': 6, 'max_features': 0.8875034670231838, 'min_samples_split': 2, 'n_estimators': 4168, 'subsample': 0.6414025655083238}",0.9169568403844317,0.9203920386060841,0.937907780600567,0.9229361081999105,0.9290884109022042,0.9293996527883579,0.9269261467542511,0.9247431877123398,0.9161590268728221,0.9279822347323213,0.9355865647679382,0.9175959001058585,0.923807725982716,0.9244656018454227,0.9290627951165652,0.9276247071029474,0.931975173503821,0.9263619551629223,0.9274160739567648,0.9182317085502484,0.9222470029331548,0.9277235340735065,0.9241965654430765,0.9281620935443998,0.9218304289725302,0.9254892767059332,0.9237456239105586,0.9283999114838678,0.9269951836035177,0.9121870841047697,0.9297895940228965,0.9235219492301396,0.915044425826184,0.9319946395504228,0.92515067629712,0.9177990911646144,0.9200368797861703,0.926993524172668,0.9283188466735901,0.9335600625022694,0.9240756310770453,0.9346858568369026,0.9196491113021639,0.9183059810977166,0.9292871153107192,0.9185884116250163,0.9189957023815305,0.9299235758368899,0.9309340001337386,0.9210040623516668,0.926438438010707,0.9304444261314616,0.9299605965099316,0.9234713086665418,0.9167949244026885,0.9202617923103653,0.9306944095836052,0.9333651998536928,0.9282391216739496,0.9227947764473415,0.9253069831059826,0.924525978469469,0.9278721195677065,0.9256915797524964,0.9264766690188063,0.9308462138012957,0.9300165259424558,0.9257744998926194,0.9297580853927857,0.9173596963425135,0.9249797403435828,0.9231433595312231,0.9307565266442197,0.9221443924176933,0.9296429674208497,0.9214748144252275,0.9299850064324499,0.9315639351896134,0.9262503597183901,0.9248932899597595,0.9209944126335123,0.9253551100132238,0.9290839308259979,0.9245734474097771,0.9298668801231182,0.9207243231097737,0.9223312216799189,0.923562597166393,0.9324028956073069,0.931302710274222,0.92100671644514,0.9320365770080681,0.9258205898599153,0.933896211284179,0.9193315677347564,0.9224864149874843,0.9308434756416399,0.9287431009533013,0.9200705536165378,0.9307820703261466,0.925693980192631,0.00505850400764926,28
112.89204612016678,81.51460614480057,0.18083679914474488,0.1833137726544882,0.07119600820859484,5,0.8676183982308356,2,4168,0.5920062724810127,"{'learning_rate': 0.07119600820859484, 'max_depth': 5, 'max_features': 0.8676183982308356, 'min_samples_split': 2, 'n_estimators': 4168, 'subsample': 0.5920062724810127}",0.9189278258550992,0.9200579734480699,0.9338258150365892,0.9206853842388122,0.9284668582423357,0.9296895466857371,0.9239314186095743,0.9212492602485357,0.9137692600723704,0.9243446008235483,0.9338952991884739,0.9150794891284508,0.9249670648783958,0.921933867369142,0.9259458557806568,0.923892498993943,0.9290317732039506,0.921811105591221,0.9260650576895246,0.915832848272909,0.920279976373774,0.9257182049300205,0.9229080638824059,0.9238379623868602,0.9184794376175747,0.9221631113748857,0.9211695592811333,0.9274378598128478,0.9253616804862992,0.9083418537165454,0.9277161393300725,0.9226228189236396,0.9149637872365044,0.9291363585668665,0.9194237860428183,0.9184971674679269,0.9191300948193207,0.9263349367351341,0.92502076604325,0.9315882331381826,0.9229380674227163,0.9312066544554999,0.9163203654207834,0.9155245888082227,0.9276194538574518,0.9159238340022274,0.9160633694064134,0.9260668153229978,0.9308920678208347,0.9176044304111798,0.9233382830094767,0.9264032631333271,0.9308770404196952,0.9190444253612562,0.9143288635083553,0.9207799289892342,0.9287090228268421,0.9307882453566751,0.9239881765910547,0.9216799554943793,0.9254074064279365,0.9196138219907466,0.9257431325426784,0.9219704267050516,0.9259811305864559,0.92799687426051,0.9270481037533629,0.9198633180935072,0.9282000606985111,0.9171370893641527,0.9202550233533766,0.9227247009730651,0.928204043099654,0.9188867290822045,0.9265389483231223,0.9159928884407509,0.9291926177278123,0.9275253630437504,0.9244570078068673,0.9233100111610549,0.9189599869724955,0.9256757071696511,0.9239407917379056,0.9227185242490331,0.929010033355723,0.9188942234218791,0.9231595591763037,0.9198797760210364,0.9317224163255593,0.9294220305692984,0.9208093053039674,0.930058824956102,0.9252634928458419,0.9316867692196389,0.9137057616677007,0.9215025891809826,0.9297329404413578,0.9281634523158061,0.9171824628837105,0.9295402904045588,0.9235070908879515,0.00517312825748166,56
134.40677656650544,81.65112763757595,0.2842107391357422,0.285636380178577,0.05254804063459852,7,0.555232056620986,2,4168,0.6995843237115383,"{'learning_rate': 0.05254804063459852, 'max_depth': 7, 'max_features': 0.555232056620986, 'min_samples_split': 2, 'n_estimators': 4168, 'subsample': 0.6995843237115383}",0.9186879757291353,0.921436057381864,0.9355495611098185,0.9226469704157791,0.927511130606783,0.9281118598293476,0.9253454243316567,0.9248575215441608,0.9166742020436907,0.926032460862995,0.9349386465206972,0.9148941233355781,0.9246869920524311,0.92464476166486,0.926811440600807,0.9268093387633702,0.9304987141335344,0.9250035816826007,0.9276921473767098,0.915791882539206,0.92040685805975,0.92790647756673,0.9242122090847583,0.9268891410207738,0.9212040727267885,0.9240257402533657,0.9218214883063629,0.9276230093488146,0.9261278910647414,0.9126817453273456,0.928849742345409,0.9212367483153014,0.916392188812024,0.9316298295118729,0.9203110515308903,0.9189760839266267,0.9200847458257011,0.9267407846848437,0.9271643747500395,0.9324473808274113,0.9248838489383159,0.9323721679688219,0.9204982196732537,0.916948047238638,0.9288388067984703,0.9185919942198921,0.9188631799533875,0.9287778868965597,0.9312796571578724,0.9181482025875127,0.9227955697621804,0.9275200770199875,0.9299610453794401,0.9209154731721831,0.9156526607112069,0.91983842310913,0.9299287549228167,0.9314234956728944,0.9254348759422893,0.9217743248924499,0.9244737339253427,0.9218170522609306,0.9260354137839906,0.9226653323416647,0.9273832974185203,0.9314893560677487,0.9301214449958091,0.9238874469941992,0.9298391745675978,0.9176066500599954,0.9238725389193878,0.9230258568978713,0.9309546107892107,0.9221528830717773,0.9286541863680706,0.9192696323681391,0.9307259663047739,0.9289828534753788,0.9256341869272665,0.9232580960485918,0.9195800151161542,0.9270422384541657,0.9282366770324877,0.924367291763011,0.9311332855665646,0.9179458789690115,0.9217726387413185,0.9245032082600455,0.9292988595893399,0.930219353648637,0.9218589644000047,0.9303051382917531,0.9255059093546054,0.9319340028559564,0.9183616788780383,0.9232666124466227,0.9289068664398226,0.9284827882736485,0.9205129776337247,0.9289041162896089,0.9248379128342268,0.004871183174543088,43
115.35036691188812,68.76699419977054,0.1899752902984619,0.1916691499031164,0.09665032406866822,11,0.7972056875068445,2,4168,0.7531245817062069,"{'learning_rate': 0.09665032406866822, 'max_depth': 11, 'max_features': 0.7972056875068445, 'min_samples_split': 2, 'n_estimators': 4168, 'subsample': 0.7531245817062069}",0.9026999551819925,0.9044449671448627,0.924649251958672,0.9095388947994221,0.9149302164442875,0.9169416815418242,0.9156133004654693,0.9121718149152029,0.9046524914249304,0.917002554660882,0.9221796861742152,0.899995495627692,0.9140417064602977,0.9121664428601661,0.9210845615703267,0.9145117499965736,0.9230491617454578,0.9156704431904412,0.9196789397289759,0.9024175121895979,0.9075190557667924,0.9137601724691243,0.9124708900115501,0.9186202555793852,0.9061709590898354,0.9153215552444248,0.9080949638448352,0.9137621446453051,0.9146793849048216,0.8988177249519795,0.9182718691784537,0.9075868357666357,0.9058023570972367,0.9240699861381866,0.9069103938473276,0.8999521712402346,0.908080312877373,0.9162422965486129,0.9187479572977071,0.9215784531035771,0.9108745940290072,0.9215408167142126,0.9059235245947135,0.9055870609517862,0.9194284429438441,0.9063845250752752,0.9081228552425926,0.9184887615443658,0.9183117807169954,0.910080638839867,0.9113647630923285,0.9148056112867025,0.9193168771587249,0.9152448456777704,0.9025590556687954,0.9022053529127531,0.9238555786786021,0.9180724774963785,0.9133486230647716,0.9070758181479271,0.9135680361803822,0.9130570611806491,0.9144120693367712,0.9126448957946441,0.9169463031339369,0.9193153060913837,0.9180905568850912,0.9085896696715947,0.919515395143686,0.9026744480820322,0.9125161659579876,0.9059898513142206,0.9207204551310736,0.9113188185643222,0.9156971799574454,0.9082371281291683,0.9173947110127278,0.9176159995068573,0.9153229109376331,0.9109681127269936,0.9107010403807503,0.9168589599637051,0.9165213717900649,0.9163486130340042,0.9183533573960972,0.9058433564783837,0.9091179085529922,0.9152931886637108,0.9168999441319098,0.9167217065153382,0.9132011398739849,0.9228990850316441,0.9161496093315813,0.920396852096694,0.9067236115101267,0.9078008550779098,0.9205768821862229,0.9161412401727524,0.906734642784854,0.9181110825193199,0.9132248209375275,0.0061136117597116926,165
174.65463364124298,98.91015497097709,0.4188911509513855,0.4329230705090013,0.00927551194363054,10,0.5394367958987355,2,4168,0.8499552094674621,"{'learning_rate': 0.00927551194363054, 'max_depth': 10, 'max_features': 0.5394367958987355, 'min_samples_split': 2, 'n_estimators': 4168, 'subsample': 0.8499552094674621}",0.9111824311203274,0.9171680560289925,0.9349153424620884,0.9171565086863684,0.925089799010433,0.9257360734357831,0.92379312490445,0.9217401488722343,0.9119668345775612,0.9254032448813985,0.9324081760081154,0.9111190229405385,0.9207626109030669,0.9206203781624082,0.926038626998034,0.9243849302086771,0.9286632434849875,0.9232814209893732,0.9263336541288871,0.9115419375965432,0.9184531503582648,0.9261340085818931,0.920924483027948,0.9254026038595781,0.9198855528178942,0.9231068614448937,0.9183194032308678,0.9229461903671551,0.9235475801182258,0.9112593861655675,0.9264560453049158,0.9182729299305294,0.9125503399585454,0.9292830255331485,0.9185035558515657,0.9147608542884476,0.9172502797073547,0.924232945793547,0.9254405762683039,0.931153962232505,0.9233523686967545,0.930691520911203,0.9179624832228352,0.9126321925428209,0.9258797962065398,0.9162188318126425,0.9144465972904163,0.9251407819543055,0.9274910220377546,0.917560117162612,0.9212574390495033,0.9249322062584197,0.9264555969590563,0.921835423601082,0.9110081647725908,0.914249703387679,0.9301245710126217,0.9307428258572015,0.9242308423604537,0.918985822038574,0.922263561657677,0.9194768263755694,0.923134257646836,0.9204432135777538,0.9262213513606407,0.9283964551656518,0.9269419056968146,0.9185351700662723,0.9272657741312063,0.9129249485514054,0.9218639837354784,0.9168377038982347,0.9289607611014992,0.9222144559710755,0.9246460356899443,0.9172275862871998,0.9266796744508079,0.9273653400144943,0.9235945498811146,0.9219966262185773,0.9170485835335713,0.9257698228113016,0.9256912367521097,0.9217693347290516,0.9266598856452264,0.9169918045623953,0.9191382484378248,0.9253060506583891,0.9285862632764689,0.9264621575492806,0.9196842302500058,0.9294218831253978,0.9232304634499838,0.9296809529577088,0.9157994969125541,0.9173742564441408,0.9269785283822959,0.923986376978978,0.9165004224495752,0.9278594890113254,0.9222331727677231,0.005456348852946392,75
162.3313482928276,89.24478631241163,0.18984291076660156,0.19503298050338297,0.03549340267615612,6,0.7033526623896479,2,4168,0.903190524455998,"{'learning_rate': 0.03549340267615612, 'max_depth': 6, 'max_features': 0.7033526623896479, 'min_samples_split': 2, 'n_estimators': 4168, 'subsample': 0.903190524455998}",0.9175769765311395,0.9215693928653002,0.9369579241280097,0.9229295410917753,0.9289429540338121,0.9287041032373687,0.9266007212597269,0.9258273277499149,0.9168907298366412,0.9276092662738691,0.9352570798521205,0.916705293380544,0.926212554748361,0.9255107165288172,0.9297334877494015,0.9294204962220411,0.9321793420860256,0.9274359433799211,0.9299753239188918,0.91602978046685,0.9221593683178252,0.9274263209386218,0.9244948657198631,0.9273113369780512,0.9231627645408932,0.9233517289373661,0.9247181631561371,0.9273368217758087,0.9240575529902957,0.9108999295951872,0.9287667504630641,0.9235809073830797,0.9160175345070264,0.9314086300199924,0.9249536135113932,0.9176875188911217,0.9207772236501489,0.928276429761619,0.9289681415407578,0.9320754509819418,0.9260850004185004,0.9344519144885861,0.9178557288466733,0.9190890873636256,0.9276631372636175,0.9193627062034746,0.9173968199537927,0.9308231057378933,0.9314608389562383,0.9185272029561704,0.9263070707366751,0.9305049727930504,0.9308059805945015,0.9242673437450729,0.9159013018395505,0.9210905635773469,0.9318880050793352,0.9333117772323144,0.9272560034326836,0.9231130782453031,0.9246857084476795,0.9241869849200007,0.9282206858336917,0.9238716924272271,0.9268944443920349,0.9317464736142989,0.9291950900180656,0.9243820098548703,0.9301412490656841,0.9160656274174632,0.9233787111407339,0.9250174480710514,0.9315904876015704,0.923412005233044,0.9305933475942523,0.9190099247091332,0.9293146912157431,0.9315215365555854,0.9279546724112883,0.9248548579963858,0.9235622440925269,0.9246238928946797,0.9283852304698279,0.9262776883105004,0.9317759171191541,0.9207623325378093,0.9222002807585257,0.9244826392463495,0.9308303490734641,0.9314593379278743,0.9234824667183255,0.9321282466259027,0.9270208444600705,0.9353565380181044,0.9201385214123243,0.9234074886667398,0.9304249322610775,0.9290052459871715,0.921454107415967,0.9336906506054018,0.9258316825158671,0.005182624680007492,24
88.97423721313477,68.94167110953678,0.10974176168441772,0.11784608771205503,0.26046422714545997,9,0.7414531099905806,2,4168,0.9447697790075458,"{'learning_rate': 0.26046422714545997, 'max_depth': 9, 'max_features': 0.7414531099905806, 'min_samples_split': 2, 'n_estimators': 4168, 'subsample': 0.9447697790075458}",0.8924530533711168,0.8970483503863694,0.9208388155187307,0.8994126075575456,0.9078378474468348,0.9126003319973184,0.9079260257693608,0.9064088352586811,0.8982461168239968,0.9080978610003397,0.9203978467073469,0.894247569451745,0.906101688740787,0.9032941464829629,0.9082427867227196,0.9110808641718002,0.9151557156652658,0.9051339333756955,0.9062201381987404,0.9003313787899038,0.8992205942069278,0.9092432992934801,0.9076384333193188,0.908373417842517,0.9009267541263611,0.9043534696384249,0.9037143823477058,0.9074618671930827,0.9078143482020352,0.8861145505455803,0.9132296513872575,0.8966493626622223,0.8974350425815196,0.9194153340385878,0.9005264969789869,0.9008585982257613,0.8984712864669764,0.9096411562502348,0.9125062917606575,0.9153323225107974,0.9010328174417361,0.9168173521640762,0.9033908650191401,0.8957704917735719,0.9108877665106653,0.9011667668172547,0.8997362255823251,0.910559051213522,0.9110000773379691,0.8974500883565983,0.9075844048559383,0.9117068950224769,0.9112740313281043,0.9081910732647867,0.8932644511192688,0.899214714995533,0.9142180572990475,0.9106077730566002,0.9112971903746258,0.9002469312311613,0.9088465973396189,0.8989375118891455,0.9086415656713932,0.9051462027639561,0.9126887615477353,0.9160798675022317,0.9121261870140671,0.9012774017996811,0.9074864794451836,0.8924550211317912,0.9085608487210857,0.9017354909487431,0.9143515573481941,0.9081956787955144,0.9140343336273814,0.8982300297890277,0.913193191137502,0.9095767330350985,0.9049754538446676,0.9022538471125431,0.8931127028354284,0.9059493144592075,0.9103790894595785,0.9048857248647484,0.9114743258073009,0.8893386081472151,0.903935755188091,0.9079288474489736,0.9105845136060664,0.9073693313210328,0.9036725566883859,0.9144850485042442,0.9028697126727442,0.9113668371899939,0.8970862875648733,0.9071878585654076,0.9161652908365352,0.911761738322444,0.8972180509642539,0.9092267509013159,0.9059021070359249,0.006986950357424685,179
76.04923503637313,58.05572322813506,0.09811273813247681,0.103847473036868,0.3448534842958974,7,0.7469708979813408,2,4168,0.7976520951608117,"{'learning_rate': 0.3448534842958974, 'max_depth': 7, 'max_features': 0.7469708979813408, 'min_samples_split': 2, 'n_estimators': 4168, 'subsample': 0.7976520951608117}",0.8948558736145839,0.897058704682401,0.9148681233583282,0.9023850032801869,0.9091846320693944,0.9027470252625608,0.9024718485430832,0.9095972167968361,0.893505295404051,0.9040044320415672,0.9105717025458894,0.8856072359112084,0.900590196945828,0.9007909528155438,0.8971738098991119,0.9022588816698948,0.9076926729746049,0.9047655021623476,0.9063263162003735,0.8942369751885919,0.8987239335127949,0.9080648929607686,0.8972864882512377,0.8989255210902356,0.8947120404241807,0.9005168627459117,0.8986542454481848,0.8971660930470767,0.9076324122254531,0.8854954787889828,0.9048344255908954,0.9022204131672316,0.8979555202895736,0.9083485076603834,0.893972873575679,0.8948630956532925,0.8914476553222273,0.9083111756978252,0.9040505796733476,0.9096137257268709,0.9019078609451066,0.9082174684296482,0.8976433686149256,0.8923899061736514,0.9001667280410944,0.8920956222919307,0.8975912753005284,0.9046971214471051,0.9070358033964219,0.8997150308390858,0.9026774463409706,0.9061817132102672,0.9028901508603685,0.9019945346772597,0.9010192851777128,0.898263424855539,0.902095559843892,0.9049300574976084,0.903487282352592,0.8951309459988478,0.9021497260102536,0.8968981044804595,0.9086359572320869,0.9078540367372656,0.9024506528081765,0.9021991578524904,0.9113843320842903,0.8935501504627165,0.9069468526463452,0.894511650607196,0.9002921102769695,0.8990516424718068,0.9100276874100209,0.9007998856648937,0.9030885527521304,0.8969014195369972,0.9096219562940371,0.9100568905921154,0.9001893362200107,0.9026520759806699,0.8895709652317113,0.8975584497108543,0.9056922801035189,0.906826891029663,0.9093935738874266,0.8936658600521779,0.8968643465421535,0.8948958889947435,0.907521134418079,0.9060708978284883,0.8944964077780989,0.915451855273497,0.9022903180013623,0.9076511915920956,0.8921668228428946,0.8945045335280186,0.9016838453289561,0.8956993454769018,0.8983607352178845,0.9079655728532765,0.9014121202232581,0.006077797992148518,191
92.59218625068665,65.24076919876138,0.2948377323150635,0.3027541457083767,0.06490559761248617,11,0.5775595837564829,2,4168,0.5992224926594548,"{'learning_rate': 0.06490559761248617, 'max_depth': 11, 'max_features': 0.5775595837564829, 'min_samples_split': 2, 'n_estimators': 4168, 'subsample': 0.5992224926594548}",0.9083184920486586,0.9109882821314318,0.9289258729873764,0.9127265479612724,0.9223482777536616,0.9206897280774018,0.9172902309546092,0.9186140588675179,0.9079376118039024,0.918071333307831,0.924311390566735,0.9050918794540441,0.91327436966529,0.9161074575668886,0.9201356205389046,0.9180735000780317,0.9251327400156448,0.920771890428204,0.9222619486574961,0.9046262199864379,0.9113140260410512,0.9227370488978679,0.9184400043787034,0.9216297648317029,0.914410324316213,0.9146911474719119,0.9103536982315388,0.9204899266055551,0.9159514563247491,0.908403641597576,0.9182458415173296,0.9145690525255523,0.9092272246921025,0.9237536348593478,0.9134195348491431,0.9098673657470783,0.909339839224892,0.919671515900643,0.921809881951634,0.9230765748780694,0.9175146371897238,0.9264546971702843,0.9134502392436866,0.9083963970927942,0.9227275448499572,0.9103936988925264,0.9074622069216657,0.9206724684467897,0.9247175862831585,0.9118837537407206,0.9209185525972844,0.9189959619688702,0.9227728066431977,0.9138339235149026,0.9056860251997936,0.9076043823738237,0.9242050877825309,0.9242082806863423,0.9216753005212414,0.9110736393478751,0.9175755315712398,0.9156295429747803,0.9156526151267961,0.9166515034163705,0.9197042473707857,0.9229836861363716,0.9231816900745851,0.9153095249390233,0.9232398961285508,0.906546156856779,0.915676106202816,0.9106397157498862,0.9248764201372959,0.916522230052394,0.9184049625082563,0.9154643122332955,0.918426700657049,0.9254153243550726,0.9194450175263367,0.9185694982858498,0.9144001275356559,0.9201093704190935,0.9205967471676575,0.9167708371247949,0.9203715230519848,0.9096089142268088,0.9091744516074489,0.9210852237128659,0.9240936724541658,0.9214903000799698,0.914846879266298,0.9261305492218366,0.9158153905780976,0.9239472232057403,0.9112722956340948,0.914372472090547,0.922417364563455,0.9172123666627766,0.9129454703928911,0.9236845856963726,0.9171200659515726,0.005689589175392413,138
335.0085554218292,167.327178897555,0.2962585759162903,0.2978098033637342,0.0456889069406599,10,0.8552191987714499,2,4168,0.9446991994527814,"{'learning_rate': 0.0456889069406599, 'max_depth': 10, 'max_features': 0.8552191987714499, 'min_samples_split': 2, 'n_estimators': 4168, 'subsample': 0.9446991994527814}",0.9035166975395565,0.9073498596095466,0.9285737780975949,0.9095709395803789,0.919608658923079,0.9176488158013422,0.9177152805519736,0.9137173202221492,0.9052269641505002,0.9165704112155426,0.9245184142523049,0.9029313482433027,0.9121884438349109,0.9139892501521567,0.9196311388091793,0.9167477188258751,0.925242818411462,0.9197543853623716,0.9177354331857096,0.903219098828419,0.9086487758526034,0.918484675836146,0.9165396290522916,0.9203306454343306,0.9103243008374544,0.9182202926487346,0.9069499291929131,0.9155850802367862,0.9152589826876536,0.8987557352816223,0.9201730737304418,0.9099825917864621,0.9040128208473479,0.9227205948635876,0.9104973790289802,0.9053076207236155,0.9086184367140049,0.9190200860273002,0.9197404798341903,0.92401287520434,0.9149040901073933,0.9255839913270326,0.9091189949466256,0.9036837874492607,0.9190269551714637,0.9105982343811194,0.9066175923735367,0.9171096301821201,0.9186377895445565,0.9115461231499599,0.916754565956638,0.9185525774653455,0.9188608782307867,0.9159661772324165,0.9052540443015467,0.9076335916648204,0.9236533773153222,0.9231892592496376,0.9161799529433066,0.9081859546603545,0.9162455787992843,0.9099446501268218,0.917634176299959,0.9157654814647274,0.9191275460930823,0.9197006171947848,0.9204204223376633,0.9135166368627335,0.9204195751697708,0.904008214338259,0.9147721992847089,0.9089821767405839,0.9229455858935726,0.9146769976329631,0.9200488461688944,0.91505815584723,0.920116852649363,0.9199589061608119,0.9154541179206717,0.9141042478556947,0.910042678898612,0.917207793308974,0.9189387210859445,0.9155735679980819,0.9183130617563661,0.9087289412553837,0.9114221822774182,0.9169488941389039,0.9226040578930987,0.9195723242930566,0.9130704347950546,0.9252925245314954,0.9142663170917578,0.9236477663117092,0.9072211063977558,0.9084886253802689,0.9224864980251583,0.9161580785797648,0.9090074161792518,0.9178934901470127,0.9149948381425805,0.006187074396935892,159
92.92014704465866,70.36794979214756,0.43590039491653443,0.4449671904149073,0.03396898874829706,13,0.42126576896820866,2,4168,0.65184405901553,"{'learning_rate': 0.03396898874829706, 'max_depth': 13, 'max_features': 0.42126576896820866, 'min_samples_split': 2, 'n_estimators': 4168, 'subsample': 0.65184405901553}",0.9072911168836735,0.9150284944991961,0.9312607804931138,0.9110981162854839,0.9211228231368488,0.9221492215724802,0.9204628640987459,0.9180273350634183,0.9068432556291324,0.9233055106129954,0.925197300099768,0.9091184187839034,0.9156655006299939,0.9178791355254523,0.9228157545342369,0.9216658183119406,0.9266900733715321,0.9214763913945477,0.9209717443209442,0.9070555540363495,0.9109557380669626,0.9216242112596513,0.9162519201311534,0.9208660564789338,0.9150011463923571,0.9180476011020601,0.9145273360321808,0.9188879887339648,0.9203538391176704,0.9092798542143294,0.9234385169023365,0.9114292084425769,0.9101850234468134,0.9267170182242357,0.9130713091901992,0.9123248907114418,0.9115263110525111,0.9194706669949283,0.9231606515447437,0.9273178628562164,0.9170637659850852,0.9278812538147752,0.916422383653524,0.9088768164033696,0.9219100031396554,0.9136853643931215,0.9104739201826015,0.921109040659355,0.9244751419071656,0.9143483677458154,0.9176272685325567,0.9180403746351181,0.9231919734715255,0.9158784806615388,0.9101906445115259,0.9088082605431116,0.9256200959142662,0.9241839896068191,0.919598694571706,0.9141692653693353,0.917840060839655,0.9158904689842824,0.9184117232085212,0.9163045090606663,0.9213740651095172,0.9247169666180771,0.9230059891646458,0.9130631396829406,0.9223820110322672,0.9092452305992209,0.9182030897110908,0.914202792691362,0.922311673492083,0.9173615636647771,0.9200601848657786,0.9114506141453753,0.9225474200457011,0.9246735348778136,0.9178080423539571,0.9183502511216224,0.9122517003384929,0.921778353915691,0.9234541799364892,0.9195125983831065,0.9205415492097618,0.9122008762886561,0.9142482019958326,0.9210371498327785,0.9246715629150459,0.9234640140507306,0.9166982311994841,0.9266422070119662,0.918698093730519,0.9256927251621427,0.9119342011947037,0.9134111020260063,0.9223059503282967,0.9199526897747369,0.9126411175042857,0.9236858557358057,0.9181714315768487,0.005477224645726718,129
194.62947518110275,115.73359940266158,0.3466839933395386,0.3536543173555465,0.0061065658491761335,8,0.9019117290662992,2,4168,0.6577526762343826,"{'learning_rate': 0.0061065658491761335, 'max_depth': 8, 'max_features': 0.9019117290662992, 'min_samples_split': 2, 'n_estimators': 4168, 'subsample': 0.6577526762343826}",0.9155153523367604,0.919208603786688,0.9381374300404749,0.9211145284490762,0.9277687061983627,0.9293053431379754,0.9270091138616867,0.9246288230174476,0.9172149713026014,0.926641431612279,0.9366347922745151,0.915030363442071,0.9239174732850266,0.9245042323590558,0.9280803919902245,0.9271821694744872,0.9327787852573283,0.9267104285948911,0.9276988374589069,0.9153777348310193,0.9216952227314908,0.9275040961420414,0.9251039245336795,0.9283541972548043,0.921131466547949,0.9261242776138972,0.9206626550923727,0.9273183007185745,0.9257563472057191,0.9122723402831499,0.9288704703617339,0.9215678610066247,0.9150650474494894,0.9322874866975084,0.9210030675947607,0.9164465703525466,0.9194197960891466,0.9273654777978907,0.9283844510018714,0.9330088848703321,0.9247703917071732,0.9337705206826568,0.9203500692875359,0.9166085334250346,0.9284872815005925,0.9195580725433491,0.9164959918579145,0.9294856536829981,0.9301504091243677,0.9217445649077174,0.9251109526282021,0.929558204109433,0.930203097965896,0.9236776642548709,0.914380450277384,0.9183105281618982,0.9311356366235686,0.933338191362753,0.9276752875538008,0.9226279376620871,0.9261254804274622,0.9217129402447035,0.9268269216114406,0.923872938365634,0.9288057961840958,0.9310302672458824,0.9294866253895844,0.9235775211362061,0.9301204789815701,0.9150482193140004,0.9241165926518454,0.9220640981844277,0.9318510709979083,0.923642995150256,0.9296334703735087,0.9227070523234464,0.9300078496663304,0.9303181687092028,0.9264630179136921,0.9239324061527555,0.921000406060185,0.9271086850435843,0.9286691457196423,0.9259346893688929,0.9295666299931385,0.9196072778967492,0.9212139259949699,0.9253093915722571,0.9314571792441206,0.9298940865934846,0.9221064888611608,0.9336215583904885,0.9260312326052221,0.9325304708022314,0.9186950281445329,0.9219467640929776,0.9306437748941305,0.926516842566488,0.9198313074916235,0.9302504674579983,0.9252452015719352,0.0053765872473611285,39
34.76960160732269,34.5240854152717,0.054324758052825925,0.054521388475915096,0.3040333734528999,13,0.8509533928476898,2,4168,0.8376554501964695,"{'learning_rate': 0.3040333734528999, 'max_depth': 13, 'max_features': 0.8509533928476898, 'min_samples_split': 2, 'n_estimators': 4168, 'subsample': 0.8376554501964695}",0.8822870888408205,0.883693521841184,0.9070788977930583,0.8783857716937173,0.9025483828430698,0.8955324763229143,0.9015274978843559,0.8993099000602185,0.8732511577401288,0.8833014721463754,0.9074580254477682,0.8722699476789435,0.8963346066082734,0.8892156346886193,0.8971472815495745,0.8934031084316152,0.9032694946549618,0.8951548553623675,0.8957691956855939,0.8733658638501718,0.8893602515602009,0.8953681174001198,0.8942303723720282,0.8989105841820145,0.8783964013655088,0.8975758001625859,0.8875645654692298,0.8866448361664068,0.888092353745187,0.8683051249337315,0.894935049431869,0.8785760463004899,0.8883779916736689,0.8995973086247381,0.8834075064167867,0.8793903269528557,0.8837665529571646,0.8849761760600794,0.8994176204808528,0.8989050775193148,0.8944603988132155,0.9079146680839401,0.886597365024512,0.8739461838324764,0.8976675139935442,0.8894504782526749,0.8811424788212667,0.8998408660671062,0.8962226787636506,0.8891637594088477,0.8980403553853741,0.8925896113898963,0.9000772434508669,0.8933202526287867,0.8835438004332404,0.8790934385225457,0.9047859270242998,0.9048583688759448,0.8976227859758517,0.8740175274139524,0.8894071906263302,0.8901515603397385,0.8995985803512104,0.8908229733327566,0.897535029662972,0.8937062217883667,0.8977370432236411,0.8898486172908935,0.8940282304588483,0.8733012265905736,0.8930116627913823,0.8775815426634375,0.9009412242549504,0.8958514228968386,0.8962573797123019,0.8876223690904613,0.8993703215559692,0.900243220134779,0.8915206967730023,0.8899714294541778,0.8850415903781892,0.8946372854409754,0.8899474375528039,0.8947110990891675,0.8928283441010699,0.8880090123135507,0.8847198972455756,0.8964187702533245,0.9003796785316222,0.9001834628922222,0.8868043262948102,0.9045406869319149,0.8919500903725591,0.9026131565252334,0.8877757403675747,0.8850752363190622,0.9042646612826353,0.8985512201570163,0.8863593577053341,0.8972434594981791,0.8917102040330601,0.008844971531467192,198
137.87203979492188,94.87698242812108,0.7384118437767029,0.7385317531793685,0.008429427624238468,13,0.3504096030600049,2,4168,0.8033879229630425,"{'learning_rate': 0.008429427624238468, 'max_depth': 13, 'max_features': 0.3504096030600049, 'min_samples_split': 2, 'n_estimators': 4168, 'subsample': 0.8033879229630425}",0.9076144801685484,0.9169988801455482,0.9310142570897912,0.9147664699688888,0.9204496332821755,0.9231994773898649,0.9214679331042426,0.9187386099914747,0.910544104386867,0.9225101339375569,0.9282428387589448,0.9092566812551222,0.9172592369892975,0.9164908072573286,0.9223241493013155,0.922250823515594,0.9270641303813587,0.9198728139309109,0.9228578524943258,0.9088096525959434,0.9144798312816799,0.9223565813919816,0.9182116134750775,0.9225668224090702,0.9175241965880814,0.9206263098490339,0.9156283067467659,0.9205798440383208,0.920942659060745,0.9087408366114195,0.9243995588780435,0.9161699299828869,0.9109895478613661,0.9262415783224193,0.9156304364778209,0.9106929508910155,0.9132599541993316,0.9203582010621185,0.9229027448744314,0.9276760400540148,0.9204259796890742,0.928798591377149,0.9155452205078953,0.9095188046223899,0.9230266121708255,0.9138376319643378,0.9115504770721483,0.9223846115080644,0.9236328500738249,0.9147987931099723,0.918255902558261,0.9197316468101158,0.9251753365252514,0.9205085027438904,0.9104358501111509,0.9113145578670053,0.9276305651037887,0.927570788361972,0.921493704220455,0.9157206999330759,0.9187675039689813,0.9171895507996952,0.920644711849515,0.9165508337660581,0.9228007353284222,0.9249248688457807,0.9250631984895324,0.9148846275671707,0.9235302972772998,0.9104193342928223,0.9186008203695133,0.9155694165515399,0.9247013328314276,0.9169161356964727,0.9220690180720288,0.9121424289280081,0.9243556416288041,0.9241248146754817,0.920934390197599,0.9198279958556574,0.9154911970559746,0.9226168575814402,0.9231031709872219,0.9208037964388486,0.9219210679566681,0.9128694580424943,0.9168465809100482,0.9220174535507686,0.9258411707838221,0.9222830943035117,0.9163661455537161,0.9263055982386668,0.9203204408008343,0.9278697954415336,0.9139159760537007,0.9158191225438718,0.9220893021890085,0.9217746509452989,0.9128565542546522,0.9273495890055787,0.9193554671596083,0.005335696788616664,120
103.68229773044587,78.29197223053768,0.20075393199920655,0.20964837211276605,0.011021403932878348,5,0.8360070757116593,2,4168,0.5651090922378933,"{'learning_rate': 0.011021403932878348, 'max_depth': 5, 'max_features': 0.8360070757116593, 'min_samples_split': 2, 'n_estimators': 4168, 'subsample': 0.5651090922378933}",0.9176126235718418,0.9222777446866497,0.936445493481703,0.9229202957778891,0.9285231372440667,0.9309932617364316,0.9270205685288587,0.9246977484301242,0.9168433985800859,0.9275276898350271,0.9367725413325521,0.9175233278517987,0.9243641512378525,0.9245634991102535,0.9277489810208955,0.929120604672464,0.9317125180844066,0.9251449652730962,0.9277123798014364,0.918485296148909,0.9212822245028036,0.9286072820133063,0.925397866651018,0.9277770361546321,0.9219261784559283,0.9255965231182305,0.9240149330931446,0.9276348634052111,0.9268581448442831,0.913268669415054,0.9301864690495341,0.9238860200026496,0.9173214541062145,0.9313310496510706,0.9236600051425965,0.9195515720001253,0.9209365056464914,0.9276284141860226,0.9289237542470468,0.9334785738149293,0.9244814565649185,0.9344241893510665,0.9194084638621379,0.920223164413284,0.9313191656301156,0.9195682272329746,0.9193729562041717,0.9301330454372554,0.9322283365321383,0.919638222558318,0.9255535564710611,0.9297140218832238,0.9311727949911632,0.9247277132884819,0.9153838717346675,0.9203982286838307,0.9311801708059336,0.9322329131017152,0.9283264867877219,0.9236676404560843,0.9253200124844687,0.924577943021542,0.9274972734606272,0.9248385192078532,0.9269350793053915,0.9312832735811295,0.929441804188107,0.9257203620981024,0.9306294912126079,0.918331277159077,0.924027427689469,0.9238367081320137,0.930286175558033,0.9214603271149542,0.9315543474029019,0.9195549922714963,0.9304781486400654,0.930987745907638,0.9260646837662989,0.9240465492216501,0.9216620429630915,0.9265551238537102,0.9284858273837759,0.9245790173052393,0.9305092631053015,0.9214067884424334,0.9248379838829001,0.9220344383543742,0.9329770274490727,0.9311976869642278,0.9222437860991303,0.9307994227621362,0.9267235296929316,0.9347196077640638,0.919260988937734,0.9227121944826769,0.9307989842083454,0.9289983645403732,0.9214687341301546,0.9320258549821047,0.9259130120062412,0.0049435074223405885,19
318.9607921123505,177.77367398922732,0.46650076150894165,0.4733597548675697,0.0074391333649686,11,0.8516445599257112,2,4168,0.756642535067503,"{'learning_rate': 0.0074391333649686, 'max_depth': 11, 'max_features': 0.8516445599257112, 'min_samples_split': 2, 'n_estimators': 4168, 'subsample': 0.756642535067503}",0.9062811252955029,0.9105161312527725,0.9310078853348751,0.911469897642867,0.9216626939690501,0.9221124415293848,0.9201631117105475,0.9183397199573994,0.9074713917150823,0.9204912292921271,0.9292293082724074,0.9072264047381445,0.9164939380137579,0.9159396097198148,0.9228635301442206,0.9207405658386394,0.9267730730262291,0.9208251425197084,0.9204939514664032,0.9045953385163322,0.912891945015349,0.9220867644768107,0.9187291113295822,0.9214313538885309,0.9145258596880315,0.9205898083432944,0.9107215003898352,0.9195847715057045,0.9192646198566118,0.904516265412059,0.9223663047701633,0.9116967817449588,0.9073281005983613,0.9259232482748008,0.9118887557832172,0.9062261321673069,0.911783789185867,0.9208805713587159,0.923712500773509,0.9262243573047846,0.9183622386791898,0.9278956506715439,0.9135018541342532,0.9075554228848248,0.9218007223977392,0.9112940804086692,0.9088443685887232,0.9210293791587365,0.9212531577058101,0.9139377569589109,0.9178269258700824,0.9203515961244371,0.9229614727663851,0.9166267549929639,0.9072719228462316,0.9087220512762696,0.9263247751210276,0.9258578979992452,0.9200067048536638,0.9139070670665743,0.9181411210494483,0.9141430196814596,0.9202627563633383,0.9171184360565587,0.9214095257015109,0.9241801486914091,0.9236769855770277,0.9152443189533039,0.923650350133335,0.9063986597279061,0.9168399046969586,0.9123299766273744,0.9247244761517457,0.917064309145732,0.9221738997519607,0.9161375763300229,0.9212635540362172,0.9237010699838776,0.9175426836438026,0.9167161965029029,0.9138507041251452,0.9200113265626414,0.9210221300018436,0.9204038382680514,0.9227966494091377,0.9109502882849833,0.9123446917429558,0.9202015412163318,0.9247810653640397,0.9225399462525558,0.9145611827723084,0.9283325078553161,0.9165925935681839,0.9249190132203808,0.9102654927124045,0.9131832899333839,0.9256765130469681,0.9196152777074453,0.9106938144479346,0.9217024266019245,0.9177956409422788,0.006149866402724223,131
303.78103953123093,159.4892450042491,0.3356532716751099,0.34622162051790656,0.02815371399170348,11,0.6429816717923086,2,4168,0.9351641896102445,"{'learning_rate': 0.02815371399170348, 'max_depth': 11, 'max_features': 0.6429816717923086, 'min_samples_split': 2, 'n_estimators': 4168, 'subsample': 0.9351641896102445}",0.9042342069547037,0.9081994732585421,0.9284983440699495,0.9069552662255294,0.9191696149826782,0.9189305644853539,0.9169860540490365,0.9170517532275264,0.9032740823113963,0.9167929257980648,0.9253970671712226,0.9042713578116629,0.913124536892026,0.9124746198795349,0.9199847292157372,0.917697337634154,0.9233862638512622,0.9186100467780517,0.9186539409559238,0.9026159282071611,0.9094671222412787,0.9180018747548137,0.9161402554147814,0.9189103200255213,0.9119211460318247,0.9162995611089764,0.9087310845692654,0.916182760754788,0.9165019915789536,0.9043869794068307,0.9208419690286055,0.9096466206182443,0.9054700151888619,0.922702677327308,0.9081064595733617,0.9020419632894298,0.9103466215083854,0.9178179691032347,0.9209121561973231,0.9243182678533824,0.9156566605498855,0.9251585030028853,0.9108318710394735,0.9052778354241628,0.9199412675098922,0.9077362675843424,0.9032837813351497,0.9188827619380049,0.9191877129021274,0.9129899131453545,0.915123944362803,0.9175329157901042,0.9194338880638661,0.9160401239431457,0.9038857838260795,0.9090966690372789,0.9263535373509211,0.9247216841276414,0.9137879179382778,0.9096904638994765,0.9152080424156346,0.9116993028496111,0.9182025314592686,0.9142702870819649,0.9202331367036524,0.9195196460979818,0.9219030988801782,0.9131263875578934,0.9198903905158943,0.9079769962033386,0.9151320408501052,0.911487940918759,0.9216171897468795,0.9140221145941567,0.9188095290592962,0.9127332482903665,0.9194267068364479,0.9205530716723312,0.9141819682489342,0.9163304109520815,0.9089618449547845,0.9192908151638401,0.9170778099427369,0.9171566581558243,0.9204559678637625,0.9090435575429009,0.91030413417862,0.9197188616735642,0.9222074043917364,0.9193395707034089,0.9116093777356735,0.9255308372337298,0.9162480201193837,0.9233424373355027,0.9077840511144848,0.9103061472938558,0.9234176440986759,0.9162165834994844,0.9082088503644486,0.9203934522438868,0.9152260749865063,0.006157812578428903,157
62.45598525762558,48.719868676223975,0.0885185694694519,0.09642602407543872,0.20382351878154142,11,0.7278968822032059,2,4168,0.9081239571319382,"{'learning_rate': 0.20382351878154142, 'max_depth': 11, 'max_features': 0.7278968822032059, 'min_samples_split': 2, 'n_estimators': 4168, 'subsample': 0.9081239571319382}",0.8877775161899726,0.8987688593544405,0.9227627707236119,0.896729583400713,0.9113404131717802,0.9064880964937124,0.9119206626111663,0.9094842686782509,0.8932869686554153,0.9103433796548601,0.9140642425707033,0.8911391124941641,0.899341109039079,0.9045202844011881,0.9102073821545269,0.9029456338660151,0.9125503124516996,0.9061905822174873,0.9082974091591824,0.8900084745544468,0.8955165960532305,0.9077072731623237,0.9041229868595667,0.9088990717061737,0.8990489724814266,0.9040942791651011,0.8942102680222255,0.9083617761742376,0.9069650399288521,0.8827474116810125,0.9114561076692155,0.8980858453459055,0.8920047692142474,0.9157860807587407,0.8962522169307174,0.891605623181469,0.8949822393595419,0.9047696937699768,0.9112645293402779,0.9124533496475962,0.9051319770704596,0.9140487266362763,0.8951155082328063,0.8909565481280209,0.9096708064544003,0.894529395627097,0.8962235692757158,0.9045648471007011,0.9061254047576932,0.9028382446072256,0.9015291705780956,0.904901531875153,0.9124615671107144,0.9017782470697506,0.8849442368549556,0.8921524537740835,0.9187629033720704,0.9140449608007687,0.9072966861634297,0.9011219094452529,0.9035976368661747,0.908045763635571,0.9025116538633424,0.9000122337490483,0.9108864052495615,0.9086949252557663,0.9146830610640222,0.8989068924275544,0.9079478432045357,0.8895784340487247,0.9046814276652749,0.8931502810418792,0.9107891751373757,0.9032353264817473,0.9072296811861243,0.8970396656567248,0.9077462548774453,0.9101628586023485,0.901869925049479,0.9025687037097404,0.8976551941887939,0.9084123657230301,0.9042986421091096,0.9024189607144284,0.9087975832563813,0.8947166195445391,0.8995217038038059,0.9086079331738978,0.9113454143556008,0.9137392800101033,0.8993058517584233,0.911154868712624,0.8974408022170416,0.9114498061812616,0.8948433784435035,0.9025360639158216,0.91344270224198,0.9088977758146259,0.8975281317695829,0.911010216361692,0.903671613302976,0.007844813522926614,185
110.81521386146545,68.15241696631566,0.43978515863418577,0.44998128257906955,0.033409485011516145,11,0.3525666849014759,2,4168,0.8383691103663502,"{'learning_rate': 0.033409485011516145, 'max_depth': 11, 'max_features': 0.3525666849014759, 'min_samples_split': 2, 'n_estimators': 4168, 'subsample': 0.8383691103663502}",0.9106972112600589,0.91686452197114,0.9324195453550255,0.9150216305481882,0.9213066826136953,0.9240181155367746,0.9215972025704247,0.9189514926714141,0.9102730560915269,0.9240968502338044,0.9304667864213239,0.9120606514382481,0.9208612480453775,0.9187968993419315,0.9222238429713222,0.9222149393850222,0.927259374297715,0.9176266138697604,0.9227205354405628,0.9104816951482847,0.9148559401636144,0.9239799595745978,0.9183305730480081,0.9226913349810948,0.9207025026349154,0.9217703584012247,0.9184593488093161,0.921433592247906,0.920874488790735,0.9101761614917501,0.9254951118672794,0.9160200285392278,0.9104704060690636,0.9286058815218377,0.9158044584127192,0.9122187482092682,0.9170564164077212,0.9217852111406544,0.9215650975921892,0.9289798674444921,0.9206157638675384,0.9303724963791857,0.9160046162168425,0.9116015347400211,0.9240563308823304,0.9158662942427824,0.9134454526292404,0.9239477862204929,0.9263124095963832,0.915824360914119,0.9195271333869881,0.9211398558953864,0.9259298701323936,0.921977221322051,0.911902575610128,0.9129528622429918,0.9278143329285478,0.9291070969642155,0.9234595541439856,0.9151389112089496,0.9192254023634164,0.9197271758926429,0.92048614925736,0.9175946700479112,0.9235849580389505,0.9284359483235544,0.9231328019315153,0.9185652162046317,0.923482432162761,0.9151437825416004,0.9194642936779552,0.9161270597539131,0.9265303084226445,0.9181729279885624,0.9240371351555016,0.9142437698651007,0.9244187379456519,0.9259685651994976,0.9216218650322374,0.921090503692862,0.9179702630344626,0.9242042760901527,0.9235046139460794,0.9199401896352619,0.9245460078201423,0.915456126853605,0.917739285957991,0.9222222830329468,0.9253369356860942,0.9222917373944991,0.917397794457484,0.9274630281700034,0.9221860892405224,0.9274820626234519,0.9142572494585011,0.9168496341695753,0.9245929897644811,0.9226006148430377,0.9149612616160568,0.9258750101502348,0.9204616199952663,0.005128274465915159,103
93.93337888479233,63.744586832094654,0.48357315063476564,0.48167572374854895,0.0020833532205690964,10,0.3492504177931109,2,4168,0.7754808866816165,"{'learning_rate': 0.0020833532205690964, 'max_depth': 10, 'max_features': 0.3492504177931109, 'min_samples_split': 2, 'n_estimators': 4168, 'subsample': 0.7754808866816165}",0.9115847297009547,0.9193487447978732,0.9338842221786708,0.9172029786587256,0.9239547423608547,0.9263097377729911,0.9239055067478033,0.9216827628188263,0.9127637093591735,0.9258690782298243,0.9319312778783513,0.9122734572314984,0.920194527777155,0.9208273663953819,0.9260070427051209,0.9256218685116395,0.9281877781593242,0.9223114595752882,0.9254288434801096,0.9126553098060877,0.9177371960949856,0.9256103021414742,0.9206763771811952,0.9245809532980118,0.9206245976922873,0.9229969764204473,0.9192442215652155,0.9232735022011149,0.9230356391211795,0.9114625714943834,0.9260921795891989,0.9194167674279251,0.912584424085692,0.929360675043118,0.9195490906225028,0.9149527909024718,0.9175401332711022,0.9235243572269795,0.9254565053373811,0.9303693403176766,0.9221490876187287,0.9317874957105707,0.9170704575818074,0.9138387835860889,0.9245342704258657,0.9168261268153362,0.9152999393437835,0.9250898211092982,0.9276808866326672,0.9176907890806122,0.9219457553578746,0.9238566167895019,0.928116161235483,0.9223902895610442,0.9119310616166262,0.9149809883915427,0.929026607510434,0.9300489913522124,0.9243387804827612,0.9181835241965332,0.9224306204243572,0.9206853416703777,0.9226939838460717,0.9204601364329777,0.9251033117651376,0.9278671720414355,0.9262617156061141,0.9195979933071732,0.9258560221916423,0.9142323349822675,0.9210854452572754,0.9182084022845209,0.9271449392990971,0.9203934041822569,0.9248639297947243,0.9164052017438329,0.9266792761338393,0.9276692721266498,0.9235133773962706,0.9217100894974369,0.9178499163981978,0.9252852574635437,0.9259718744943818,0.9225455953507431,0.925541445858441,0.9164644164178146,0.9199996442784191,0.9243794504895871,0.9278210028862888,0.925466364355437,0.9194349252521541,0.9284725116697687,0.9236552544324916,0.9306153304116888,0.9164677661386746,0.918696826384907,0.9252715878170863,0.9245901784582564,0.9168564339319997,0.9284308938940019,0.9222349882594613,0.005088524721721674,74
73.1089581990242,62.63477846952805,0.34473379611968996,0.3532373623146691,0.012981694801923469,8,0.3491259690316017,2,4168,0.6864983365330768,"{'learning_rate': 0.012981694801923469, 'max_depth': 8, 'max_features': 0.3491259690316017, 'min_samples_split': 2, 'n_estimators': 4168, 'subsample': 0.6864983365330768}",0.9156223586455738,0.9249202190654497,0.9379791491296705,0.9241887709578395,0.9272303941730002,0.9300451259504012,0.9272466300706398,0.9265141909154114,0.9187930696142916,0.9278921112763939,0.9377105988915445,0.9169619351442032,0.9251791451216813,0.925677408481391,0.9298488780603009,0.9294388298232086,0.9339292740849504,0.9266619370521308,0.9303631784052793,0.918232434767143,0.9230337883519282,0.9296108532236632,0.9246109618087053,0.9286556437451695,0.9254332398525349,0.9274873525059629,0.9232842723727719,0.9292201038485689,0.9263495543208468,0.915780361331602,0.9299789719222247,0.9247796811549465,0.91805326647093,0.9357408888290301,0.9226529149436262,0.9202221955945704,0.92224083926033,0.9287952851468034,0.9300917389438599,0.9361639903014289,0.9278709063703721,0.9354366337614621,0.9199164507379926,0.9200377290705911,0.929965139186791,0.9213154063190753,0.9205162784637013,0.9306203588837391,0.9332188849601651,0.9215018700735657,0.9266375785958915,0.9294817866804069,0.9323111461581206,0.9262321182629148,0.9144761983044483,0.9201166252686446,0.9325484569690976,0.9338933609845741,0.9293537773377412,0.9226846562165008,0.9264143079462045,0.9259908424516676,0.9272218965605701,0.9260762282531714,0.9284729826614732,0.9330111179314806,0.9303495756219727,0.9233166474961709,0.931720682625356,0.9206004199818582,0.9264097182919651,0.9241713120125817,0.9329706773630374,0.9236440548302569,0.9317819602835321,0.9215181070078345,0.9315875691349058,0.930315740875407,0.9279052903712064,0.9273669940442835,0.9236116480930318,0.9301131219064708,0.9314175077131948,0.9268611071098939,0.9306280795927018,0.9238943257972949,0.9267679865422571,0.927712377849723,0.9326761355106661,0.930469750434506,0.9249043573245325,0.9332821522761419,0.9288157617285151,0.9347560181781916,0.920485395312357,0.9237745010958992,0.9308977667141992,0.9285203647836922,0.9215749084742952,0.931828659370198,0.9269859495771852,0.005030054987061737,8
160.6437430167198,100.51637369247636,0.42744190216064454,0.42931072525563274,0.05018235878175852,10,0.5033597839098564,2,4168,0.767637374814736,"{'learning_rate': 0.05018235878175852, 'max_depth': 10, 'max_features': 0.5033597839098564, 'min_samples_split': 2, 'n_estimators': 4168, 'subsample': 0.767637374814736}",0.9051918003294355,0.9154383312005385,0.9306666863107208,0.9149911845470851,0.921785919409045,0.9238939928241153,0.921111019309537,0.921841318428117,0.9086450882569574,0.9205147321882929,0.9312146818176682,0.906845313249057,0.9193765535991739,0.9202816147782382,0.9232618813903481,0.9223610189203165,0.9272983557793644,0.9227360883919177,0.9249498586049427,0.9097831676252891,0.9159565962125116,0.9205550467449654,0.9173542620452005,0.9230725057655019,0.9190393956871719,0.920261145957098,0.9157135731783763,0.9225621943256753,0.9221656906733874,0.9109379372384813,0.9244237590977991,0.9177364990339554,0.9110638285839107,0.9279656148884741,0.9148182450642138,0.9095469461503118,0.9152380383915815,0.923043567256219,0.920850208962952,0.9275590785375502,0.9172551894391985,0.9311033928320992,0.9126652927414749,0.9103041804267145,0.9243614775330667,0.9123128732319085,0.9112605838704415,0.9238705980133908,0.9249136817904333,0.9145740898868769,0.920704924269537,0.9225716003441967,0.9228879199674389,0.9191413004066291,0.9122753007076803,0.911119589539451,0.9257167230584351,0.9265652729001617,0.9194377800031227,0.9166307749697116,0.9193996288013642,0.9187779289722585,0.9186611080044479,0.9176675711574632,0.9228416845800467,0.9247895211759388,0.92477856163885,0.9152682500650741,0.9255921141192602,0.9113603580004946,0.9188714950443196,0.9163710786038517,0.9266198805044356,0.9190247352595031,0.9230987025648356,0.9153917453230235,0.9214285024610263,0.9260289561833737,0.922632144419078,0.9202973159834142,0.9180811478416376,0.9238007933698991,0.922710481303336,0.919323255576405,0.9231032389225506,0.9140253036433281,0.9175782406547548,0.9231022394029192,0.9249261014527551,0.923632942884352,0.9174964187658335,0.9260668990180656,0.9211422227590773,0.926123937870384,0.9139459857471174,0.914185220426851,0.9263121180103461,0.9225828255571238,0.9143971475747512,0.9248206742768423,0.9197798376460785,0.005494940867978952,114
148.62471776723862,102.8532491062723,0.24012835025787355,0.2432452246060213,0.08507111927040711,10,0.7110212559124349,2,4168,0.7929619939213252,"{'learning_rate': 0.08507111927040711, 'max_depth': 10, 'max_features': 0.7110212559124349, 'min_samples_split': 2, 'n_estimators': 4168, 'subsample': 0.7929619939213252}",0.9014165769072835,0.9087296005774395,0.9270755479230992,0.9077736581510071,0.9209779125632702,0.9199570009378052,0.9164589318238755,0.9170126683630169,0.9058856863733814,0.9192252670525016,0.9270016578112935,0.9029957987457269,0.9135569060261135,0.9182249631049102,0.9215297539169157,0.9198651490124562,0.9262686191321675,0.9215434796091662,0.9183877486002514,0.899843659237761,0.9133362872533938,0.9202502954501659,0.9170698615413009,0.9190265831026783,0.9117129280688763,0.9200930131062603,0.9112131679485428,0.918039320951126,0.9167962068023248,0.9064693733301568,0.923937803198021,0.9116768673572133,0.9044637163838236,0.9235288823054624,0.9124659698163916,0.9052882517691331,0.9138715086883262,0.9204399772832995,0.9236383661573971,0.9262705419675712,0.9158739209608489,0.9258154104936411,0.9110438333521675,0.906027685959059,0.9217300279350522,0.9087121924739376,0.9074499013372788,0.9217009101507456,0.919566884000001,0.9103651083955602,0.9161187751762288,0.9198690374735061,0.9248558090764859,0.9154311058427622,0.9075081189028219,0.908259944893002,0.9242422618794347,0.9246935778808109,0.9189895433837997,0.9086380490428955,0.9131651765857914,0.9136713187243928,0.9186068618516785,0.9144546864218694,0.9214744248482469,0.9218625182472778,0.9244858657153716,0.913391633643094,0.9223395140496393,0.9057664863242145,0.9141548361271463,0.9117943096641582,0.9223257201793131,0.916379377302891,0.9204349037479684,0.917656752223828,0.9212311267498642,0.9215850345681605,0.9191902322486672,0.9173258609062632,0.9111619699717032,0.9192197440151837,0.9182537405060517,0.9144884082530815,0.9227593701745084,0.9114461884525994,0.9130265251586563,0.9181181071209538,0.9221226883155259,0.9223040696122385,0.9154335147893633,0.9253368184662787,0.9177238576129507,0.9240907298919556,0.9043692009331896,0.9143856864690116,0.923375202063029,0.9169330393690773,0.9110039616272443,0.9190288778684664,0.9164608994776186,0.006363483386236855,147
322.74324613809586,180.51449261316614,0.44951385259628296,0.4278754131280955,0.042191227357192974,10,0.8664933736160578,2,4168,0.8205886405903641,"{'learning_rate': 0.042191227357192974, 'max_depth': 10, 'max_features': 0.8664933736160578, 'min_samples_split': 2, 'n_estimators': 4168, 'subsample': 0.8205886405903641}",0.9060379885439194,0.9097393377802148,0.9287292851381154,0.9113905963313959,0.9205754778809263,0.9218627831170013,0.9209555900770898,0.9178880615515115,0.9080811952643878,0.9179804560706208,0.9282648509730883,0.9062068165183379,0.9145693212369548,0.9152625609781735,0.9233731506590622,0.9201857013305097,0.9260752555061401,0.9215079463794122,0.9197164706579302,0.9043430315464898,0.9132410010451303,0.9214601847886315,0.9178292072959316,0.9219618713882184,0.9135430280768618,0.9176662644920188,0.9108826408439915,0.918240116392624,0.9197199091280134,0.9076349184510045,0.9218161445857779,0.9102829371978605,0.9060526167381953,0.9262431394495377,0.9121681589707722,0.9039521349406494,0.9120556087250398,0.9223382921366101,0.9236077124463763,0.9278732860215372,0.9158489473304668,0.9277382731265438,0.913447421239642,0.9092579881337997,0.9214483072382997,0.9096464386290697,0.9087921157495922,0.9206228170536083,0.9207493757649413,0.9171068297969157,0.9192574812393902,0.9209917885862093,0.9233263435253161,0.9173275809937096,0.9086602348034366,0.9077467414447087,0.9260545262569821,0.9258002356144654,0.9180363990552084,0.9133274359523779,0.9185964043251916,0.9142364196352156,0.9209848582574884,0.9168743861980054,0.9226347657954679,0.9234299028041727,0.9235305725971313,0.9159985860902052,0.9248252571108531,0.9055001789895758,0.9172088862988192,0.9103721659704508,0.9249198781018391,0.9179980146585073,0.9227437845211468,0.9171824916717154,0.9239829259417082,0.921899713184258,0.9176925468597548,0.9164567141704727,0.9135439369111787,0.9191227932002812,0.9192410617620732,0.9185743779646139,0.9215918936236286,0.911239880013206,0.9129860470635713,0.9190954567591874,0.9251099185211098,0.9229853226696508,0.916110683135945,0.9277587963282317,0.917149938463568,0.9244539093694423,0.9095247491833,0.9124869548128381,0.9261390241122657,0.9206926001164502,0.9090017154342346,0.9221379318097737,0.9176251777662726,0.006190390097590196,133
90.9917515873909,70.78341752460373,0.20174090385437013,0.2025353122165935,0.019596361764174793,5,0.7118356171625375,2,4168,0.5570183058650567,"{'learning_rate': 0.019596361764174793, 'max_depth': 5, 'max_features': 0.7118356171625375, 'min_samples_split': 2, 'n_estimators': 4168, 'subsample': 0.5570183058650567}",0.9193656496581619,0.9239461484680853,0.9374315512794693,0.9253682828272034,0.9299339594944952,0.9304435024447248,0.9249537189932507,0.9262788850995868,0.9174216834048873,0.9278777031587915,0.937250736497346,0.9193564550175954,0.9263010453757636,0.9254854399380441,0.9273103994198616,0.9296712600985448,0.932739853175608,0.9256204566859607,0.929769535496213,0.9183332341406517,0.9227016025474137,0.9287017574601613,0.92506300073325,0.9292824039876028,0.9229995545829108,0.9270059269653872,0.9252858983982982,0.9288984732844324,0.9285143986362512,0.9137712937830936,0.9314338217872622,0.9250322552046303,0.918034611769205,0.9333825636190094,0.9249778893435443,0.9208355411165238,0.9212145455655356,0.9294685707859034,0.9283738917321016,0.9353331133286314,0.9267626328594925,0.9346187453385668,0.9195794605285263,0.9209402686376276,0.9305024993308535,0.9186152296844523,0.9202971071293243,0.9289667100363385,0.9330980954029978,0.9201669618458235,0.9273156184930563,0.9299311975212646,0.9321479641070086,0.9241105639776989,0.9162856823701704,0.9219888745518264,0.9303298628460205,0.933624029051669,0.9304164125106967,0.9230639268780619,0.926272001345816,0.9265398328114961,0.9284537947091691,0.9263698363493318,0.9275778709670239,0.9333465615216364,0.9305840504728922,0.9252335035822523,0.930947552547883,0.920373305117981,0.9254779078193185,0.9243408520316454,0.9326929515655507,0.9210105419895771,0.9310830336047187,0.9207201461872692,0.9313273812926287,0.9325157224081569,0.9282314437151516,0.9248479575290174,0.923643662175793,0.9277491965453764,0.9305900847985695,0.9253849212221573,0.9315599664334848,0.9223953872386073,0.9250639324696398,0.9233273575686624,0.9334355869218536,0.9322038583001476,0.9236560574705285,0.9319319172523176,0.9281341598601672,0.9353417822445833,0.9204874174951796,0.9238002823848577,0.9328789992716637,0.93087846852958,0.9219113401440477,0.9331546288614483,0.9268340771316406,0.004979507366705603,11
150.19208468675615,98.84502915134698,0.18400376796722412,0.1866476425728985,0.2340122487288133,5,0.9108532992161238,2,4168,0.7032214942097962,"{'learning_rate': 0.2340122487288133, 'max_depth': 5, 'max_features': 0.9108532992161238, 'min_samples_split': 2, 'n_estimators': 4168, 'subsample': 0.7032214942097962}",0.8991681826368042,0.9025942787913723,0.9250162132549504,0.9103477379449207,0.9137340174860058,0.9154413976844046,0.9029510033663919,0.9102968597189028,0.904876804448934,0.9130587916093098,0.9286054170170082,0.9030812718338048,0.909462901717256,0.9152178160486296,0.9128762226932171,0.9165675548297479,0.9149035703258384,0.9080909202238125,0.9155747009902571,0.9044295820105133,0.9101047446068008,0.9130531922107716,0.9047385354823865,0.9173722149456995,0.903115583126337,0.9117363221971173,0.911087640740057,0.9144802785028142,0.9181430350811935,0.89372375471248,0.9169563802343113,0.9027983808426862,0.9013579802862204,0.920422920284515,0.9108887112833474,0.8980663061518155,0.9028737502036969,0.9154751611150329,0.915994292615199,0.9197357118580057,0.9101717865127745,0.918247286060457,0.9058666730369762,0.9006010462069904,0.9169488968895197,0.9037282731086081,0.900031804190846,0.9173902466522926,0.915299809431157,0.9028167821142542,0.9147979286001737,0.9150101256513729,0.9157683931726512,0.9090406360491212,0.9034644480189945,0.9078091267675669,0.9152829643795235,0.9182214566717517,0.9137008930269257,0.9067189538974423,0.9144074760081864,0.9154262353171907,0.9154155833572082,0.9135490268138244,0.9104833961852008,0.9150934127928905,0.9116701647405796,0.9144450451730082,0.9141604416986956,0.900778627183086,0.908790381392779,0.906877843333436,0.918743604708664,0.9076211432421983,0.9141598356639227,0.906738559973097,0.9147877836312205,0.9137304254551634,0.9136909505153259,0.9136765897824499,0.9088899522536517,0.9139717342258263,0.9148260664177872,0.9069129219220073,0.9155706847713214,0.9154080803598201,0.9082525593834873,0.9026943976479688,0.9142028165424357,0.9191207277914865,0.9074197884695139,0.9177376193778045,0.9147230812940227,0.9185078484562547,0.9083722590884904,0.9063791560331855,0.9204491301776252,0.9144301650314132,0.9042031665704914,0.9176099910145079,0.911332663453492,0.00622954099041298,171
71.99493589878082,57.483277481139574,0.18357150316238402,0.19553818903248593,0.13043355075604016,9,0.4673282703934972,2,4168,0.7144545453910219,"{'learning_rate': 0.13043355075604016, 'max_depth': 9, 'max_features': 0.4673282703934972, 'min_samples_split': 2, 'n_estimators': 4168, 'subsample': 0.7144545453910219}",0.9067290629920586,0.9117100999244407,0.9249325945114226,0.9109193677533214,0.917122371223943,0.9165684078457751,0.9185884902032991,0.9149843817145318,0.9025035902936956,0.9164433286523958,0.9277200586333704,0.9029369562927869,0.9130475185026252,0.9120179854766327,0.921810497517178,0.9131927581125122,0.9249553381481938,0.9177818085314223,0.9187205747905272,0.902407533025109,0.9094600860466221,0.9208071596865307,0.915372008882385,0.9183172762295918,0.905857153859294,0.9113575792948196,0.9147417299956662,0.9185320691026846,0.917281906428206,0.905259447210963,0.9193167730619934,0.9121310262348145,0.9089288204818693,0.9214653429389018,0.9120166200998552,0.9099028880017254,0.9047961264227524,0.916553385181976,0.9229755257707011,0.923956678974573,0.9159150600114777,0.9224262295568786,0.9088672174836389,0.9066599440852507,0.9211701759312882,0.9123175730625511,0.9092666716633477,0.9190769247080011,0.9245149466770998,0.9120723472371856,0.9179826416512638,0.9185546142101862,0.9217936956485576,0.9192164286869775,0.8978500743621791,0.9072031437978402,0.9234278396500852,0.9227898943650638,0.9150711275599378,0.9104851856181971,0.9167035511115819,0.9142677501847875,0.9134133212626337,0.9140677446968261,0.9138756664466565,0.9194190872194635,0.919703510955713,0.9135976134727409,0.9179829900637617,0.9057552214520014,0.9145583374161017,0.912973310731758,0.9233281583656936,0.9139446187294012,0.9160886009686277,0.9095434980837513,0.9198917081692087,0.9223819929008134,0.9150289085160347,0.9116504537202499,0.9128051895565878,0.9159134133793871,0.9234342591142517,0.915597354731036,0.9183968165877272,0.9101111985792429,0.9110259946315564,0.9174814461930431,0.9228449445772593,0.9200354197985143,0.91384716895306,0.9256309813616043,0.9160657758918365,0.9212165941580841,0.9089713820997051,0.9066649230546059,0.9203808105317118,0.9150060151884475,0.9111019140679146,0.9172403186772484,0.9152273202961879,0.0059276362242136294,156
99.65636113643646,70.27996089905493,0.18717977285385132,0.19034982092530012,0.05045954735624511,6,0.6945380037482397,2,4168,0.6001195874961279,"{'learning_rate': 0.05045954735624511, 'max_depth': 6, 'max_features': 0.6945380037482397, 'min_samples_split': 2, 'n_estimators': 4168, 'subsample': 0.6001195874961279}",0.9179131960060534,0.9245928065113848,0.9335926966183516,0.9252667271914612,0.9290120120574,0.9325082731042458,0.9245730417146597,0.9245805183384463,0.9197831348603731,0.9233925164211798,0.9374089305737342,0.9166051669963591,0.9247431922656462,0.9230235998830914,0.9275576903318877,0.9282142579854358,0.9301328426567179,0.9242891535778175,0.9271555937247536,0.9149105411569277,0.9233813167087481,0.927416903462621,0.9260772568973655,0.9289019956166116,0.920775294371235,0.9228927774290092,0.920479014780446,0.9299850101962943,0.9263599786905379,0.9139404171030843,0.9296398145743225,0.9221163600228818,0.9137826222996781,0.9333021700311824,0.9207831630376135,0.9181683072803093,0.9204896919545666,0.9267695720746294,0.9274621534596563,0.9330831551703723,0.9249338154489207,0.9334890905971183,0.9174845258382732,0.9191520808066806,0.931907305800182,0.9181080996576607,0.9172035585707802,0.9289866273637613,0.9309637204737918,0.9190390541847562,0.9258005248890502,0.9287573686514266,0.929174601913655,0.9225807114686609,0.9133041930138481,0.9208909431810183,0.93015628286882,0.9307477646009917,0.9251808687509259,0.9215924559959686,0.9254773576452693,0.9232752044498769,0.9260379500310916,0.9244774091652798,0.9286613420742792,0.9306876530007019,0.9291395857773811,0.9249598924653768,0.9305699090129695,0.9204973314358751,0.9230109340762515,0.9233492127034553,0.9323051516854328,0.9201508648616217,0.9301125173127324,0.920612651840331,0.9301408918224021,0.9270728575148257,0.9242697317258239,0.9261144509850836,0.9220715467523746,0.9255111854229672,0.930102527668309,0.9266218877433114,0.9314214523286796,0.9204226639699229,0.9223832048363452,0.9227316067342597,0.9309818031937792,0.9313571706399717,0.9223597856161331,0.9315172420614752,0.9252213799343878,0.9313738377857022,0.9197131625158464,0.923310496870223,0.9310791098948039,0.9283435109449636,0.9205434921155271,0.9314679825892395,0.9253397441041769,0.005061656032003524,38
112.27218421459197,72.83418243338348,0.16899348735809328,0.177504583652213,0.3210326617493179,5,0.6270807622254333,2,4168,0.9259297164820095,"{'learning_rate': 0.3210326617493179, 'max_depth': 5, 'max_features': 0.6270807622254333, 'min_samples_split': 2, 'n_estimators': 4168, 'subsample': 0.9259297164820095}",0.9031109443914713,0.9076882276098224,0.921792192772443,0.8993044409938704,0.9109936690928014,0.9107916579456484,0.9034387511002772,0.8999542078711168,0.8952506478631694,0.9054281771385735,0.9185682150373591,0.8963127551691035,0.9098598475140008,0.9066779088497348,0.9106329811245222,0.9116530358829773,0.9135735735548506,0.9036229895121315,0.9120586621752477,0.9009821919012124,0.9072906215701854,0.9091917426995957,0.9072101005935036,0.9056997099480367,0.8985774618035447,0.9093460812959197,0.9130004109810881,0.9044371730048266,0.9064309996129343,0.9040678519696057,0.9165341389351263,0.9069585098351967,0.8931954179730216,0.9154486174635532,0.9033547174140832,0.8940540451758545,0.8993340299298638,0.9106676983573986,0.9156238054678648,0.9179957256475682,0.9114213397081113,0.9179725097817887,0.9046308245547456,0.8998115009511296,0.9130427759699908,0.8996438284415078,0.8935606159024538,0.9149094245088203,0.9132182669129962,0.9019210457997602,0.9096371295688983,0.9079446053829261,0.9175917880630391,0.9093396523223205,0.8879754230285112,0.900928246822957,0.9131918556344786,0.9151343665329312,0.9123284800981393,0.9000651371828837,0.9083574474339043,0.9077531352014332,0.908203121848067,0.8990457384576317,0.9087485495161371,0.9102159621411182,0.9124410784811793,0.9085135666936076,0.9140260418975756,0.8969324201958151,0.9070341215762461,0.9022253060939985,0.9149639070300771,0.9014758506298286,0.9137345856508214,0.9022482773959676,0.9134261400846093,0.9175990458157931,0.9131048035901368,0.90406303697666,0.8988201263746006,0.907773337501023,0.9107434915706691,0.9089965163812094,0.9083456865721428,0.9022657131033128,0.9034620953165192,0.903403716780542,0.9143423847777364,0.9161584550631728,0.8993270390302661,0.9089388952990248,0.907873642222538,0.9100169768617977,0.9010704858801581,0.9042374335902046,0.9133382873541034,0.9094699926046304,0.9004542093941115,0.9200862665617405,0.9073761964329761,0.0066729347369809625,175
161.22631079673766,101.12211867710116,0.27454623460769656,0.28814549118192845,0.033014352780711444,8,0.7304850956661282,2,4168,0.6635802550755612,"{'learning_rate': 0.033014352780711444, 'max_depth': 8, 'max_features': 0.7304850956661282, 'min_samples_split': 2, 'n_estimators': 4168, 'subsample': 0.6635802550755612}",0.914682731788461,0.9183124296840428,0.9368635567602747,0.9209638646595446,0.926901380703498,0.9290930110793505,0.9252116506979979,0.9250143145547253,0.9155161039802433,0.9260477016833767,0.9347836861366579,0.9125897261084105,0.9242469416474239,0.9237190835448521,0.9262265077233145,0.9284090034104805,0.9328288897509207,0.9281365039979869,0.9279116924889712,0.9139230413717155,0.9205765095816804,0.9273034136814478,0.9233285242150446,0.9271727907598271,0.9194080430847751,0.924543908197749,0.9210319262070957,0.9273950055307902,0.9260748139870707,0.913237827621154,0.927283913080752,0.9177796042986467,0.9141242720536711,0.9324113189142785,0.920992711185491,0.9166378122820487,0.9200655991967415,0.9261803630644837,0.9279549757805974,0.9329815960572065,0.9253504735172337,0.9325303411279008,0.9208050310148198,0.9154246074980181,0.9287353802951502,0.9183224215909863,0.9137992790392847,0.9278644958412839,0.9298024055246974,0.9202955324087232,0.9229229531224739,0.9279702077898052,0.9286216352966323,0.9218213919383291,0.9129985826595854,0.9185384618934928,0.9297293758907874,0.9327758665461336,0.9257271709682241,0.9206640124623249,0.9257357782920302,0.9217395244564087,0.9264531839715464,0.9235690524658838,0.9276141988926451,0.9309716552084473,0.9273484683871347,0.9221876835750429,0.9302284067892308,0.916710110604223,0.9225110298728989,0.9223184853091759,0.9317177765858672,0.9217903471141387,0.925428346222257,0.9211222607642695,0.9282537911703905,0.9284589800748277,0.9248542576269714,0.9233073896039977,0.9222677318089705,0.9247075282439917,0.9269565023347388,0.9240995647841783,0.928294373469728,0.917935008837029,0.920915448625958,0.9253593183339963,0.9315023808735223,0.9306426415761876,0.9210137082494405,0.9325136993755357,0.9255348282092348,0.9301181558086387,0.9170634434686894,0.9208414011141937,0.9301955105366381,0.9278236654227988,0.9201929629540243,0.9292213784437843,0.9244208635643733,0.005400521198788947,50
141.6783349776268,87.05333437546946,0.7799429535865784,0.79149813533259,0.0024985754202840617,13,0.3968354853581081,2,4168,0.6757095104285525,"{'learning_rate': 0.0024985754202840617, 'max_depth': 13, 'max_features': 0.3968354853581081, 'min_samples_split': 2, 'n_estimators': 4168, 'subsample': 0.6757095104285525}",0.9087489633769109,0.9164806144329677,0.9327935077316089,0.9150345451938391,0.9219555844802316,0.9234473650651723,0.9221688939974585,0.9201677492145204,0.9101891301287993,0.9235610463282901,0.9295965181092122,0.9096857698331678,0.9184390230872069,0.9183220880472691,0.924356973504685,0.9232839840973294,0.9274319509924849,0.9215902043793915,0.923629466559786,0.9096421660008136,0.9148924128932002,0.9238853368523327,0.9191295420074039,0.9232618408501483,0.9183844781458714,0.921486833839557,0.9161762919576255,0.9203880886413884,0.9208915700417669,0.9085951763610915,0.9246864432213849,0.9161381555915274,0.9106532880973827,0.9274905069766295,0.9161156331305319,0.910748606206425,0.914778853284925,0.9219717551592488,0.9240064187717194,0.9283285253381732,0.9203428228751175,0.9292943031204426,0.9156316702239842,0.9102638098472211,0.9236306150819839,0.9146903687326623,0.9129606429549321,0.9228015577649047,0.9253456572905686,0.9156656124218263,0.919535896371149,0.9218796733359715,0.9255535854458391,0.9196615085148336,0.9092090942938605,0.9126288789270379,0.9277758349436471,0.9281514420865827,0.9222079132417258,0.9163612670910437,0.9205722486701658,0.9179816170105677,0.9215157101603746,0.918290136667359,0.9238439632213806,0.9254897195542038,0.9252063114814215,0.916415385754933,0.9246144048905097,0.9109817730234345,0.9189847464506621,0.916095631418658,0.9251563546194059,0.9191063683995045,0.9231126342083972,0.9146024693853965,0.9241810136059712,0.9254425876618521,0.921383778594007,0.9196336659732242,0.9157415844564509,0.9227309365022942,0.9240355570801682,0.9208042919983326,0.9234485229666469,0.9146576131681754,0.9170041990471056,0.9238768062308437,0.9262366610294028,0.9234525148207023,0.9166649723876564,0.9272625909440442,0.9207272638559891,0.9282661484053709,0.9135518103867171,0.9158931330123209,0.9243700142662713,0.9215437940542973,0.9124459863212683,0.9265671293373564,0.9200801950751767,0.005444963553075998,109
279.7879112052917,130.3649748177858,0.4888291597366333,0.4851002697381879,0.007170272316391664,11,0.8499430109962913,2,4168,0.7293608935945628,"{'learning_rate': 0.007170272316391664, 'max_depth': 11, 'max_features': 0.8499430109962913, 'min_samples_split': 2, 'n_estimators': 4168, 'subsample': 0.7293608935945628}",0.9063219650443524,0.9115686489061979,0.9318632049083728,0.9117033584740283,0.9211555985244284,0.9225836202987734,0.9211260757557524,0.9191918223398601,0.9079464262664432,0.9203215718151352,0.9300157661324766,0.9068144428129853,0.9172209886681248,0.9163639772950439,0.9231698132975609,0.9209181180746343,0.9266161159211218,0.9212731596903994,0.9210735254833895,0.9050165837903082,0.9140743860967375,0.922775074494539,0.9199263441087536,0.9231038789562392,0.91447399649207,0.9210648490411466,0.9118093857394062,0.9198204556572167,0.9194744011735024,0.9054033768811145,0.9228410881725924,0.9134188125746332,0.9076235396357746,0.9270444513907152,0.9123108880345636,0.9070772144144774,0.9119761151981862,0.9211540207186124,0.9243457085035209,0.9270115649757542,0.9194867932204009,0.9280521520101868,0.9139973105784008,0.9082988028343186,0.922391566823552,0.9121131221049081,0.9102692177374627,0.9220736338180573,0.922791245813671,0.914716739547636,0.9180802399398643,0.9214380763169667,0.9239221426288138,0.9177114313301822,0.9080068644216783,0.9105486718341536,0.9267613168182252,0.9264943475636993,0.9203811986420372,0.9142183906179813,0.9187769928801174,0.9149335310136075,0.921067699264612,0.9179980860009779,0.9225453519872528,0.9245645850736768,0.9252187100292163,0.9154763180102101,0.923875314652155,0.9078223035849778,0.9174712305873678,0.9127702444716691,0.9240384991011417,0.9173458214554308,0.9216351580990885,0.9174596943757138,0.9217658423306107,0.9236513951970725,0.9187071344930516,0.9174496552339234,0.9141548956677734,0.9212327004712327,0.9213532041521914,0.9196901403683218,0.9222214650629413,0.9116376199158952,0.9126298822426625,0.9200713714873541,0.9246969033772972,0.9242351669723423,0.915390277773669,0.928628989779329,0.9172263223485602,0.9252099940480112,0.9114514856062125,0.9141147142619477,0.9257019995547474,0.9199486201118073,0.9116181364740934,0.9221386541143817,0.9183867371199378,0.006065471356329619,128
35.95581366300583,33.345569000479294,0.09695111513137818,0.10819978539469308,0.22030395364157684,12,0.7191092741862057,2,4168,0.7268289299185802,"{'learning_rate': 0.22030395364157684, 'max_depth': 12, 'max_features': 0.7191092741862057, 'min_samples_split': 2, 'n_estimators': 4168, 'subsample': 0.7268289299185802}",0.8868326470802341,0.8947089780422772,0.9161196462111258,0.8997589879341055,0.9022934943126124,0.9022209156416806,0.9004239325346579,0.903365744815193,0.8916518184082365,0.9054959190469206,0.9167294735007849,0.8859132825798742,0.899890955902664,0.8985229016300738,0.9097804729173787,0.9022233020599713,0.9100336543247833,0.9092479490174896,0.9065853205937124,0.8870952178024006,0.8985251867801235,0.9087273322889315,0.9051131629457378,0.9061840360130478,0.8957105692928626,0.9089488318229823,0.8989579488542615,0.9056835825414786,0.8987981851008988,0.8903324995444665,0.9098564370282867,0.8953123125979903,0.8939689842975347,0.9094749357418463,0.895524212551995,0.8827892372777967,0.8904143186052909,0.9040216264450026,0.9093178888824281,0.9106177782233242,0.8976286692861262,0.9154787003257367,0.8938087336384934,0.8954873267609226,0.9060780949107997,0.8930760569039272,0.8839502731076341,0.9001504236695491,0.9061034170198339,0.9020373430656408,0.9013986076878708,0.9017925245184513,0.9130958832590922,0.902506283730582,0.8936213975920958,0.90188001447242,0.909719052857467,0.904532263540391,0.9053850040295173,0.8989539219931422,0.9013650093295098,0.9006959685091389,0.899419124912302,0.9027456115353739,0.9022517989208587,0.905670367773571,0.9040523869457321,0.8973530293614507,0.9061389695402671,0.890206627359444,0.8995208551190167,0.9011945338640773,0.910111990437156,0.9012711662950336,0.9018002983301661,0.9006949648730442,0.9097735642146489,0.901748681410926,0.9052221790316329,0.9042361718829014,0.8967797773228474,0.9040827214968045,0.8985238486494417,0.9054998713044182,0.9029951939979135,0.9023346532725223,0.8937681921381697,0.9038613104281804,0.9098941256109216,0.9080172998703069,0.903102205661505,0.913673961404005,0.8997910812042345,0.9055514964668546,0.894526265168951,0.8927328377508311,0.9120738104193129,0.9031501250894196,0.8876954444715364,0.9097955642182076,0.9016718075915479,0.00709923488704131,190
135.44774094343185,101.73889818619175,0.5787991595268249,0.5928086714055824,0.002972103375337846,11,0.47873867696824834,2,4168,0.5613612108253409,"{'learning_rate': 0.002972103375337846, 'max_depth': 11, 'max_features': 0.47873867696824834, 'min_samples_split': 2, 'n_estimators': 4168, 'subsample': 0.5613612108253409}",0.9104483534573153,0.918978770916365,0.9358480181270595,0.918014745257712,0.9249069324738692,0.9268648812502209,0.9249699003337404,0.9227159141987893,0.9136643121784145,0.9261095088057192,0.9336516342305755,0.912595860778602,0.9216584967410619,0.922134309875073,0.927072825792654,0.9256026224109247,0.9302820835665687,0.9254288430625685,0.9266488514130208,0.912067103960907,0.9176828639869373,0.9264199602193341,0.922818990262449,0.9258487730840462,0.9208029156346933,0.9243498416480258,0.919607485328976,0.9240448240799932,0.9238740342147292,0.9118441086193374,0.9279672669122203,0.9194367656169521,0.914384961250162,0.930397815984598,0.9188472112114965,0.9146846938914792,0.9169930743931659,0.9252499934064156,0.926758837858128,0.9316275275491923,0.9243209319112313,0.9314367673901592,0.918139693471471,0.9140483683995652,0.9270195555404477,0.9172014698869011,0.9150971837444487,0.9259958532658233,0.9290313509127651,0.9183983027045743,0.9230747971015378,0.9260074891714666,0.9282947496382301,0.9220353980996536,0.91206854089525,0.9146353925634103,0.9298660318902683,0.9308997813601347,0.9245821919440529,0.9200189942866537,0.9235017332178117,0.9213656889235105,0.9237271613053333,0.9209539177893447,0.9262595510454055,0.9288415123449099,0.9278573948246854,0.9197249225138923,0.9272852651713823,0.9137729371982899,0.9218073391763644,0.9188660448665897,0.9291156675364375,0.9224946062338781,0.9256034084450669,0.9185379894868683,0.9270265763107987,0.9285725365714457,0.924551550348625,0.9225875304967688,0.9184675059379283,0.9257257092569998,0.9270108011180275,0.9228317603204421,0.9262902191757629,0.9179262693902778,0.9196848828015126,0.9255281318123976,0.9291157491063499,0.9265539793493389,0.9194581540950724,0.9306602430277032,0.9237185385604347,0.9309835366567744,0.916519766736013,0.91942692854702,0.9276696537015111,0.9239981551959766,0.9165763706124337,0.9290706549845903,0.923051491023555,0.005443444726745667,63
169.81077377319335,104.72393101799744,0.6913041186332702,0.7050347599264919,0.0027280769290078575,12,0.6107821010454956,2,4168,0.6211417520759408,"{'learning_rate': 0.0027280769290078575, 'max_depth': 12, 'max_features': 0.6107821010454956, 'min_samples_split': 2, 'n_estimators': 4168, 'subsample': 0.6211417520759408}",0.9080139561087722,0.9158626328430646,0.9337705400431237,0.9146547163405576,0.92240306361659,0.92363679517758,0.9226041182778879,0.9208155737007125,0.9098984673157806,0.9233761379240999,0.9304457301270703,0.9091999632660415,0.919348744562944,0.9188912346228387,0.9250885616965108,0.9237764299775293,0.9280446528318684,0.9227307394803712,0.9238162065756381,0.9094221837298967,0.9151046026354622,0.9244793886893428,0.9203678138053606,0.9240507212538307,0.9185791161287993,0.9218260979239431,0.9154666054948454,0.9218210737517629,0.9206947587373415,0.9099599041814297,0.9247597715822367,0.9162895673274795,0.9110549893057946,0.9282564068980464,0.9157152768388891,0.9104634767865376,0.9148129139197252,0.9224689687088631,0.9247826450512011,0.9285638308713703,0.9214851207486385,0.9297000987102904,0.916053250133656,0.9101434304972513,0.9250859934333946,0.9147173066624374,0.9124166283434334,0.9233913479224833,0.9258649225001803,0.9163778912537601,0.9198818204615606,0.922971861033229,0.9252476035587975,0.920004693236638,0.9086765755759828,0.9115715152790461,0.9282223881422453,0.9288958536007568,0.9226588357783606,0.9165910259076976,0.9209342842782542,0.9179139844128196,0.9216955606478487,0.919142945292635,0.923601143354724,0.9260766560776402,0.9255003189108829,0.9169932551149432,0.9254706809273753,0.9104463339269295,0.9196409605865539,0.9155475589064649,0.9256963786401069,0.9195531640975303,0.9230971851914739,0.9165382622304202,0.9242136070419611,0.9259191695467804,0.9212446071199293,0.9193331466685787,0.91673729876255,0.9231203358339708,0.92400430742937,0.9210918976695852,0.9241006818140577,0.9149768590836365,0.9162103213592565,0.9230587984461456,0.9266036522548998,0.9241973242666451,0.9176226371748339,0.9289592691620943,0.9210644144098474,0.928362610911852,0.9137314364829208,0.9165579949576843,0.9256699405514379,0.921830502878871,0.9132061921263639,0.9261062678230467,0.9204104848726391,0.005659215274622159,105
128.9226624584198,83.29832134329921,0.20505743026733397,0.21692534555399737,0.01900609617765293,6,0.7257703228632789,2,4168,0.7634521906897548,"{'learning_rate': 0.01900609617765293, 'max_depth': 6, 'max_features': 0.7257703228632789, 'min_samples_split': 2, 'n_estimators': 4168, 'subsample': 0.7634521906897548}",0.9177202420091463,0.9237809081770477,0.9372636186380253,0.9251812096682235,0.9310342196725534,0.9312514813921543,0.9283548138903429,0.9274618279636871,0.9181337787343821,0.9285013526480753,0.9372408921701517,0.9185362599860859,0.9260143932034112,0.9253278830295351,0.9294213525978858,0.9299189278947236,0.9337038183655545,0.9274586576835835,0.9295599496300558,0.9184299056206339,0.9229197078035023,0.9289869956425452,0.9254354808391809,0.9289467910917313,0.9223866514824384,0.9256202869231125,0.9247384020275818,0.9301902224109989,0.9281839496638038,0.9125753424937882,0.9311984246155603,0.9251466648505028,0.9164298222495083,0.9335242899936145,0.9246114783056467,0.9188819418719166,0.9214692746685503,0.928956083150514,0.929286339171986,0.9349454076150244,0.9260884117856704,0.9351473663246562,0.9216090119314715,0.9194247593524006,0.9301909386565157,0.9193650472662422,0.9189465530106865,0.930931931482033,0.9321147997722535,0.9212772910143413,0.9279422454059797,0.931341638715157,0.9317943859315875,0.9249077487763973,0.9169917609076125,0.9245823879754302,0.932059244601946,0.9345144714296759,0.9276968291337649,0.923892475024167,0.9265855914113699,0.9249320558186719,0.9286854786900292,0.9268583416487726,0.9275873895784584,0.932326584872883,0.9313667768039151,0.9252814172829388,0.9327402467134288,0.9182428390618385,0.9252514194681757,0.924722357548888,0.9325389220252883,0.9240475914650794,0.93145178952283,0.922088022300763,0.9327452135313106,0.9317607268382262,0.929113731272426,0.9261823573230259,0.9229227064570359,0.9281383212925898,0.9303307241984153,0.9270080125406246,0.9321817715457787,0.9229040773582199,0.9235998086864518,0.9247480336058904,0.9326876952127998,0.9321350718687246,0.9237375464681938,0.9318757554534585,0.9275745423790664,0.9364955176039915,0.9201145259817721,0.9229116785748054,0.9319769122023746,0.9300682947618365,0.9213460335312142,0.9338627051384081,0.9270067693638473,0.0051417475400713794,7
92.40722012996673,66.01547768912022,0.4317611765861511,0.43651403683133594,0.009678103411289605,9,0.33680083337002875,2,4168,0.7916861140234621,"{'learning_rate': 0.009678103411289605, 'max_depth': 9, 'max_features': 0.33680083337002875, 'min_samples_split': 2, 'n_estimators': 4168, 'subsample': 0.7916861140234621}",0.9154289397122081,0.9229588474879189,0.9372794071266514,0.9211840369914754,0.9269285417138045,0.9296746584342125,0.9262297145319356,0.9254839734195393,0.9161218339842827,0.9278863491765938,0.935184518807088,0.9152000997389016,0.9241666710553684,0.9237294212897235,0.9292211488019606,0.9281890615926556,0.9312453235384431,0.9249890670115204,0.9291628833545017,0.9156323148754462,0.9212639202624,0.9280952009525787,0.9232786595539264,0.927309088141169,0.9239959700493018,0.9249674597825172,0.9218628645732483,0.9269202355373167,0.9265698991623686,0.9136257294189922,0.9291243630587618,0.9232578596766408,0.9165965904650455,0.9324870643749616,0.9217555454765799,0.9187037857811111,0.9205237143465168,0.9272129310417911,0.9279979667071121,0.9335527582515679,0.926351857189199,0.9337935792205826,0.9200439989939623,0.9165633838613436,0.9284110522814379,0.9206043032204457,0.9185515394014273,0.9277332549848604,0.9312764558771464,0.9193939834344396,0.9248297330958128,0.9269295671838144,0.9303092691380724,0.9249204663321775,0.9146352023495488,0.9184197830098451,0.9318846259370419,0.9337134648550429,0.9274912164679854,0.9227921102945957,0.9263984249747086,0.9235172517076163,0.9267594501422582,0.9230478599871109,0.9284139110979398,0.9300174675806969,0.9294744476330404,0.9228207408252984,0.9306249686898085,0.9177960359405964,0.9229140036285901,0.9222731391890671,0.930863412800163,0.9230191515583375,0.9295553678360884,0.9200816199164946,0.9296036668473725,0.929920780342823,0.9269163484644728,0.9249792863149876,0.9215747444817701,0.928113420556397,0.9285566029036251,0.9261827877091747,0.929246267131501,0.9210128942292022,0.9239778497654156,0.9279338022220901,0.931220769225655,0.9283946126763019,0.9238204572505411,0.9307768600271664,0.9259283378411404,0.9338621175129354,0.9201429699728554,0.9230754579667826,0.9278277023805672,0.9274783661719629,0.9198742296683345,0.9325371327490465,0.9254418198430687,0.00502339568187444,36
113.74030043125153,66.79736206897748,0.18949421882629394,0.19045880725904193,0.05766813678495467,5,0.9041051459439013,2,4168,0.6171339131681375,"{'learning_rate': 0.05766813678495467, 'max_depth': 5, 'max_features': 0.9041051459439013, 'min_samples_split': 2, 'n_estimators': 4168, 'subsample': 0.6171339131681375}",0.9162117169386104,0.9201556828987588,0.9333868770964847,0.9224913088442628,0.9267367794414766,0.9313829301356042,0.9232816319664567,0.923950347902832,0.9173298769478586,0.9260488256354786,0.9371359463208444,0.9170081924865962,0.9254219983792769,0.9224913289398161,0.9277762906459002,0.925702908362839,0.9314709509351209,0.9200274682324916,0.9285935090175232,0.9197705916578461,0.9191295046115886,0.927256993375923,0.9222557569769774,0.9260821591213185,0.9210213792449038,0.9248960857229152,0.9238164224848249,0.9278376372987032,0.9255580740381841,0.9083150622705375,0.9292415671688024,0.9223894528658751,0.9151325658049619,0.9310633124215666,0.9232762740720921,0.9185770987758795,0.9176448271072876,0.9270277525155468,0.9270067287136261,0.9342461077776348,0.9245422050550718,0.9322509208436726,0.9156107006609924,0.9182735443276341,0.9303573116766387,0.9175775038072065,0.9177884343320759,0.9292647372750458,0.930146908631827,0.9195761860819437,0.925994635569667,0.9277518351162638,0.9304851301604448,0.9222646689073138,0.9137044966901021,0.9212255776213917,0.928602233905229,0.9292113572362889,0.9282377640061544,0.9213071437539943,0.9244997306739828,0.9215910448436277,0.9253562475930598,0.9221511909091163,0.9239322577181055,0.9296482888417751,0.9287447900817906,0.9230553738738692,0.9286733659919021,0.9162879898922163,0.9229903127610931,0.9224219508289273,0.929154195952437,0.9196236121019561,0.9309504792711869,0.9180206356906921,0.9288899797236251,0.9284589200325315,0.9249980199812893,0.922624074134844,0.9230160818368501,0.9264764737698065,0.9264032999888805,0.9225292017033446,0.9271610778154411,0.919330725435261,0.9226933345784942,0.9201683368976263,0.930500263657038,0.9298404433791883,0.9214741717845543,0.9289789205874104,0.9254392181505444,0.9318223335721747,0.918901148337468,0.9215654868005716,0.9307437427261429,0.926317491439109,0.9204352268436051,0.9290386064802937,0.9244723126749601,0.00508421236336727,49
134.56094650268554,94.98420988482613,0.4118253779411316,0.41346789920580995,0.010933018136631901,10,0.3717236262547444,2,4168,0.7957939914667664,"{'learning_rate': 0.010933018136631901, 'max_depth': 10, 'max_features': 0.3717236262547444, 'min_samples_split': 2, 'n_estimators': 4168, 'subsample': 0.7957939914667664}",0.9128219612659414,0.9208075335123744,0.9345534815343691,0.918025829609035,0.9245456781628547,0.9265313009360542,0.923620694140313,0.9227495816685289,0.9141954858148001,0.9253986686565516,0.9333671354225532,0.9135011814384729,0.9225258772658836,0.9214816360184324,0.9255709347591949,0.9261390601494313,0.9288677252616906,0.9248466676061633,0.9276377604118112,0.9131867335988064,0.918928273332738,0.9258725653944593,0.9213718118617538,0.9261327595785833,0.9214481681743967,0.9237223333671721,0.9198710165556203,0.9245992987836209,0.9239303436150628,0.9111523076612009,0.9270842141023514,0.9183110660574492,0.9151263128141581,0.930513860224004,0.9187769710598066,0.9155629573400419,0.9170450616088229,0.9245822616058954,0.9265151421150981,0.9320401491122654,0.9240708077537818,0.9312533662323321,0.9177059705726741,0.9135040925652855,0.9275756860086088,0.9179676878194588,0.9149302535445184,0.9266062922581264,0.9286563056514974,0.9181630678383557,0.9227046955420392,0.9246657528270882,0.9287855083914156,0.9226754975817925,0.9135419946395178,0.9154869070896361,0.9305013436076294,0.9317029405048807,0.9258809333818548,0.9199280968856907,0.9230798714481079,0.921642437128573,0.9240210938251077,0.9202251062068562,0.9259026250411402,0.928333594339336,0.9268247251064448,0.9199943881381275,0.9271379619926174,0.9154213631178827,0.9220808174186692,0.9182431339529404,0.9297018083436139,0.9229366195270275,0.9255767767909406,0.9182578641410049,0.9275631036511621,0.9285944217061621,0.9251305336278436,0.9218449881025494,0.9192991622046631,0.9253558504985488,0.9252005246973138,0.9221816848222623,0.9270452281265629,0.9187884568194401,0.9203145843084577,0.9254194097772882,0.9292958257881643,0.9263970509227544,0.919448811250473,0.9299299927418073,0.9243877204081913,0.9314663206949435,0.917333355170569,0.9195764983477361,0.9270220423041526,0.925508126994428,0.9169894399437326,0.929011350131788,0.9231175367185334,0.005185282867087155,62
106.97095051527023,79.06653910115978,0.26087289094924926,0.2649949146129689,0.023732950058719497,8,0.47351811621687767,2,4168,0.7574937629823866,"{'learning_rate': 0.023732950058719497, 'max_depth': 8, 'max_features': 0.47351811621687767, 'min_samples_split': 2, 'n_estimators': 4168, 'subsample': 0.7574937629823866}",0.9145198823669684,0.923524702716398,0.936699106589666,0.9220187977386444,0.9283233680220692,0.9284021099995287,0.9262262179963261,0.9257620337517388,0.9158460245958018,0.9278311395875246,0.9368632712134332,0.916182220890279,0.9237741434086492,0.9272891732896782,0.9282201092850685,0.9275051228963392,0.9324221019695933,0.9269319672593712,0.9300072675014595,0.9168333862505602,0.9227276091540404,0.9285453153679949,0.9252391565110581,0.9280976989427857,0.9238186153897963,0.9260539770325875,0.9212008247759427,0.9270955069293535,0.9271065868548521,0.91667958728194,0.9285113256263087,0.9230733342984998,0.9164830203654072,0.9351162174439681,0.9232291892889941,0.9196827074725122,0.9218180662177727,0.9291855745707224,0.9266652554988414,0.9349011902909171,0.9244489942996874,0.9344179771760455,0.9197965929899992,0.9174501991016994,0.9289748065342393,0.91897479145366,0.9187301568833127,0.9297212675945672,0.9305003975363904,0.9212474736485214,0.9248725621871172,0.9287295514390164,0.9298488752691801,0.9249815438395832,0.9159303778456724,0.9197288201518472,0.9307424885277082,0.9339302829059354,0.9275332678402918,0.9218938306526174,0.927811543102452,0.9243678880947719,0.9257009492373808,0.923854430439945,0.9281095201805293,0.9308144687313981,0.9278767066091695,0.9226914004105048,0.9306056137432555,0.9179346663795986,0.9252402778290767,0.9216133189407554,0.9306726721890057,0.9233402096605695,0.9288221619887237,0.9220151163944651,0.9301727891541614,0.9299309137707519,0.9279253548701959,0.9245643230960376,0.922507859663494,0.9251200739705187,0.9302154200346394,0.9237507518698171,0.932231214438759,0.9210028129718155,0.9233831778466295,0.9262355401355155,0.9315223686520473,0.9295926140516717,0.9238487997363318,0.9330748689028134,0.9256065231845081,0.933215372637435,0.9191917541483132,0.9220560620517246,0.9305800536755153,0.9274760482421656,0.9205469552890332,0.9314125177407546,0.9257950227858673,0.005008451833237813,26
209.48025150060653,109.56437505156563,0.48420779466629027,0.490491215669046,0.013445349798407289,11,0.6789988650163588,2,4168,0.723327175109192,"{'learning_rate': 0.013445349798407289, 'max_depth': 11, 'max_features': 0.6789988650163588, 'min_samples_split': 2, 'n_estimators': 4168, 'subsample': 0.723327175109192}",0.9080259758617689,0.9134478857828927,0.9325441850847631,0.9137899679952749,0.9228984590898348,0.9234534411810522,0.9210777088269786,0.9205355745386866,0.9097914366171885,0.9218878049130909,0.9305054157342245,0.9084814168943675,0.9187109499918583,0.9180575604842632,0.9245403568680997,0.923295317305123,0.9272444170551097,0.92258800913909,0.92282588184077,0.9067571042480733,0.9142925359880257,0.923130741289218,0.9197959883821444,0.9225440860352645,0.9172553539944076,0.9212918824331446,0.9135063766235882,0.92063238354876,0.9187175869323143,0.9073481340928061,0.9236299133381524,0.913162937690162,0.909947784310353,0.9283595037438875,0.9139438682211153,0.9079010437388849,0.9134836547798382,0.9215055321936804,0.9244719315975052,0.9270752408896863,0.919698691979653,0.9288564598629026,0.9153909314631414,0.9089869978018019,0.9230209324343128,0.9134880499272747,0.9114863857330083,0.9221641679547143,0.9243272330641394,0.9149823561091215,0.918474301361358,0.9211338464740599,0.9243153329869336,0.9190282942051455,0.9085937833314989,0.9111592939627303,0.927253984419408,0.9290416683392994,0.9217473599871897,0.9152043097214619,0.9195382023522237,0.9159220935582377,0.9212052928052983,0.9179769008953585,0.9224749739679717,0.925423846280841,0.9259454188352174,0.916671444374286,0.9251811742927025,0.9098429022578562,0.9195802737296158,0.9140847430897378,0.9257785248094277,0.9186979039303205,0.9217833228156648,0.9161123346514995,0.9238473362094273,0.9246590438710856,0.9214736729502344,0.9186178973750823,0.9150727813025128,0.9226928970094436,0.9237032136293852,0.9205388169493013,0.9254600138302027,0.9135073302435942,0.915123527725225,0.9225884605944854,0.9251402125635154,0.92336143582239,0.917565480380356,0.9287382963276289,0.9200460398604273,0.9271062115359959,0.9122736913967654,0.915359698881236,0.9255179207664723,0.9212960542617783,0.9122225853353496,0.9251017466084582,0.919480434484712,0.005887049106311642,119
142.51951475143431,87.92760692965597,0.16095498323440552,0.16321665886270997,0.04308344342080995,6,0.716728488806714,2,4168,0.8144035974822499,"{'learning_rate': 0.04308344342080995, 'max_depth': 6, 'max_features': 0.716728488806714, 'min_samples_split': 2, 'n_estimators': 4168, 'subsample': 0.8144035974822499}",0.918981963407658,0.9192932958147781,0.9356990260353852,0.9246715794657514,0.9312197473041003,0.9307277547964128,0.9264299829187687,0.9247045883185236,0.9161857682266855,0.9264264323775231,0.9352971373096796,0.9167300087044058,0.9258530450858092,0.9244994929012698,0.9265387336511053,0.9273115931885311,0.9311263323148228,0.9250876905461756,0.9277360064399366,0.916198795910454,0.9211584911816743,0.9296693208180216,0.9238425373783103,0.928956320522941,0.9209607240434867,0.9233792282902418,0.9241576017222646,0.9278370412795258,0.9249980593153042,0.9126850692979818,0.9293431629786132,0.9229348739477976,0.9144112118892364,0.9324646508249244,0.9237149198096162,0.9180324017839157,0.9185456866511461,0.927583851740112,0.9287646020399465,0.9352807820489144,0.9264306192671996,0.9328552216298353,0.9191432239875743,0.9174785752309893,0.9296752789099482,0.9201914399040434,0.9214272512868836,0.9306649990175677,0.931169528387997,0.9173099494698793,0.9270708060024867,0.9293835166814493,0.929240473623823,0.9236356950881577,0.912983456676356,0.9212989789171455,0.9307317157779715,0.9323759078398689,0.9267202053124943,0.9224276806937386,0.9253621370545703,0.9250820767458745,0.9277831350399399,0.9266749024133778,0.9262869250183915,0.9319610097034169,0.9294679248345457,0.9259978440552982,0.9319124404798833,0.9174743932591656,0.9239745218376582,0.9230739104409065,0.9321107108230422,0.9227241470101176,0.9304130729808754,0.9219982088185726,0.9309368071117604,0.9306035020212041,0.9280704372390619,0.923947632888847,0.9206705409703737,0.9271190836359612,0.9289707392260185,0.9257205819704235,0.929090226900562,0.9235445924501966,0.9231487655926657,0.9235711840261811,0.9322604903966389,0.9313004771921432,0.9226150451693235,0.9307946524017672,0.925918100130446,0.9351447815537114,0.9202013414294925,0.9232473642449764,0.9318091841588937,0.9278153333341606,0.9204501866793099,0.933346642029231,0.9257424908925616,0.005197691689203218,27
131.78571738004683,96.02325782269733,0.16730302095413208,0.16867024523655008,0.14100614488070173,6,0.5658061701046324,2,4168,0.9577018114898567,"{'learning_rate': 0.14100614488070173, 'max_depth': 6, 'max_features': 0.5658061701046324, 'min_samples_split': 2, 'n_estimators': 4168, 'subsample': 0.9577018114898567}",0.9127094112618789,0.9129131420471598,0.9298664856184301,0.918142576477668,0.9230082410845011,0.9214188708750499,0.9230149791899972,0.924406419575597,0.9084523334769337,0.9192275437449425,0.9317030311639234,0.9124983742489726,0.9195756884417394,0.9216072966560199,0.9210233407008326,0.9214194873142931,0.9256667543759507,0.9213893572664026,0.9230303592297769,0.9121877409525961,0.9113100529189455,0.924929721054017,0.9205023712154001,0.9237798593750287,0.9148637533088393,0.9169080203800182,0.9176221249172509,0.9248597270336811,0.9210932025556735,0.9064252342095728,0.9243946971729091,0.9191189416679846,0.9091841921930589,0.9267008432431929,0.9159940440379017,0.9153058721900361,0.9098089108107635,0.9201505587479663,0.9215018149470524,0.9270809542558219,0.9223587132670399,0.93010239040376,0.9139446023331285,0.9127122794538628,0.9246739276276423,0.9146122881264097,0.9133066379375187,0.925954665222452,0.926971725285428,0.9139089775722854,0.9198329859389272,0.9230289154005584,0.9236825064387258,0.9193907706222764,0.9106954708713553,0.9140837885761941,0.9234446221574137,0.9260544219383015,0.9210182234607869,0.9175787643805682,0.9190577791287815,0.9157694091215056,0.9189088363498259,0.9147251224435347,0.9209821410365501,0.9268810062102221,0.9221888981627573,0.919278639585755,0.9242067432686848,0.9107802394656068,0.9170655890518853,0.9156304447271024,0.9275179783171823,0.9173927661382667,0.9258236907200244,0.9173241854685129,0.9257386636923834,0.9261482779162048,0.9243061986111344,0.9181446421365602,0.9153707543077543,0.9186881650769643,0.9217741951471855,0.9219520331382137,0.9253592733599927,0.9135944630940787,0.9181198278442055,0.9158422732603096,0.9257280971569892,0.9253636765036548,0.9161624044948159,0.9255836323401516,0.9205678628042235,0.9285868598628587,0.9167037741023971,0.9149774068943249,0.9255854988580163,0.9234758027676705,0.9151555703517436,0.9298198430998517,0.919984356729703,0.005447160478961336,111
222.14265709638596,128.18074092465008,0.2633963894844055,0.2695323758476751,0.012373915463819782,8,0.8797660659211541,2,4168,0.8225529566019121,"{'learning_rate': 0.012373915463819782, 'max_depth': 8, 'max_features': 0.8797660659211541, 'min_samples_split': 2, 'n_estimators': 4168, 'subsample': 0.8225529566019121}",0.9155538886611851,0.9191243095446295,0.9367357231657252,0.9202532618302541,0.9268406877239234,0.928948467771602,0.9254225136501769,0.924044316138587,0.9152694430214301,0.9257999938187288,0.9352179062578656,0.9145995081000781,0.9225659721216074,0.9236842618615244,0.9275577637020035,0.9258692459704105,0.9323631950222961,0.9268685873938314,0.9267780287172973,0.9136827145234144,0.9203729123003466,0.9270520540282983,0.9238378059818747,0.9271912535442908,0.9192560023684213,0.9232020711062743,0.9196773887920547,0.926702396165416,0.9253096895940969,0.911867162014552,0.9274722261098154,0.9204905804105012,0.9138520990916841,0.9312888267990554,0.9204623931801837,0.9143589701154679,0.9193806815931969,0.9272089657906294,0.9286662182932546,0.9323285503017653,0.9248429201087788,0.933608075949993,0.9193579366640416,0.9150474142258962,0.9282476371547504,0.9183147470605797,0.9158801851652194,0.9282458610540563,0.929185802957675,0.9208514139415824,0.9234727807997365,0.9282356010794922,0.928728289580655,0.9229743211205329,0.9145726138601052,0.9185603971140476,0.9309558231047457,0.9325109961350304,0.92709476817023,0.9204340790611124,0.9245438686874312,0.9211154529626283,0.9262423997778562,0.923597113090972,0.927943431416321,0.9296166103452133,0.9293651381752805,0.9226935483507823,0.9279403676732848,0.9138711190851804,0.9234453525238132,0.920831911387541,0.9301036620961387,0.9222193984501643,0.9289767592109848,0.9208337296208198,0.9283256692180494,0.9296916941013111,0.9250888875275586,0.9216692189540647,0.9207273240837437,0.9261114181947184,0.9274397715900373,0.9247446776033098,0.9283125647082304,0.9187556098391849,0.9181785599104174,0.9245068159366439,0.9303937627802904,0.9297823336723214,0.9197726473782586,0.9320656206021372,0.925156649527973,0.9313194875997611,0.9170965570436754,0.9205288973512529,0.9307179470004813,0.9260841681261673,0.9192818708244973,0.9295422277697127,0.9242691394508422,0.005428100495474375,51
142.99285514354705,102.33375021963393,0.15203399181365967,0.15604026204535665,0.007959470449050965,5,0.8519701143948588,2,4168,0.8607640954097336,"{'learning_rate': 0.007959470449050965, 'max_depth': 5, 'max_features': 0.8519701143948588, 'min_samples_split': 2, 'n_estimators': 4168, 'subsample': 0.8607640954097336}",0.9131441227330303,0.9183808994375551,0.9349754627081744,0.919146119819164,0.9266093908503512,0.9259729480220588,0.9254421835826834,0.9225673651509477,0.9118038700485915,0.9247503860290845,0.9329966531346144,0.914713926556458,0.9210983473358645,0.9205075474659687,0.9249713219567799,0.9268935679021953,0.9280625024564731,0.9223721460865734,0.9238395162759883,0.9149739430632707,0.9189572727080384,0.9246446699082118,0.9203501456802088,0.9244968556101426,0.9183917713578247,0.9214250275692535,0.9214030531776716,0.9264288408744771,0.9238874479975843,0.9096922199919021,0.9270184475870749,0.9207444751362744,0.9136237999876013,0.9275602135134164,0.923013167666739,0.9151824963264388,0.9167621985020494,0.9255880026968257,0.9257755208266811,0.9312833392861293,0.9198512537559848,0.9317634933564365,0.917679337736039,0.9155206110474323,0.926826849494104,0.9166149358360833,0.9149071302904103,0.9283001223998577,0.9297265109205911,0.9160228320780743,0.9243820455716212,0.9255952530067801,0.9273623557751863,0.9228339747444283,0.9146230481477898,0.9186799911462243,0.9272584809674073,0.9297799072843818,0.9247307558136105,0.9193806484894382,0.921488752813416,0.9210914537551192,0.9249257333109274,0.9215814053248057,0.923114537524756,0.9292903170067498,0.92701722073229,0.9243125550640566,0.9271358142205446,0.913695478094838,0.9207415174571579,0.9215574372087333,0.9275774910568853,0.9194883885323565,0.9276545672633683,0.9155853542502361,0.9272660186675961,0.9298489457812392,0.9225019513697185,0.9208710403715406,0.9177760351147699,0.9240657412777518,0.9244626608920175,0.9228093735165256,0.9268276431059124,0.9174711760411385,0.9190438189579319,0.9181249802705028,0.9294859393003213,0.929643275068473,0.9181329692002814,0.9275499235511493,0.9228376376047531,0.9322802964590353,0.9168037710870628,0.9200809046998896,0.9270683498796625,0.9261440499924531,0.9175189732982957,0.9301349083162724,0.922762991323228,0.005224976582981085,67
51.87277082443237,47.16418566278544,0.25061670303344724,0.2562414044489297,0.0743925293548933,11,0.42080532093809697,2,4168,0.5708686692637015,"{'learning_rate': 0.0743925293548933, 'max_depth': 11, 'max_features': 0.42080532093809697, 'min_samples_split': 2, 'n_estimators': 4168, 'subsample': 0.5708686692637015}",0.907263069938989,0.9167521132713453,0.9278162761854076,0.9116454332407153,0.9207146563548195,0.9200452280936167,0.9178771810847941,0.9163822627806248,0.9077300174298177,0.9214619923382374,0.9248392223190227,0.9046156198814327,0.9165110438078208,0.9152330110511122,0.9203479995630073,0.9231110833071973,0.92110972448728,0.9172504499064934,0.9192521908103066,0.9109740670073598,0.9162822145644723,0.9219678137907599,0.9174212994240536,0.9173519916281879,0.9152458666017167,0.919290023603091,0.9102574958311376,0.9176925562570805,0.9176356713518004,0.9062657932935677,0.9216372908517948,0.9141716739560277,0.9096800563785002,0.9282954148224192,0.9151283763127895,0.9122892207495724,0.9110428417177375,0.9192376109347595,0.9189768459343433,0.9262033866391134,0.918267087034601,0.9255496793454534,0.9114680909178767,0.9084121553610504,0.9206764902230614,0.9110272721065151,0.9077785792400421,0.9209658090639703,0.9248925301019508,0.911953554233636,0.9199339028665624,0.919564066501473,0.9233119416815505,0.9174785886117789,0.9041516257161719,0.9143395404242389,0.9246140022445287,0.9252768535810945,0.9186938994834657,0.910784262377319,0.9168753777436288,0.919320801667644,0.915509265614026,0.9178530625104991,0.921913758756307,0.921979872963113,0.9221191978651997,0.911841855448724,0.9204059510235899,0.9088524668122213,0.9171035622253499,0.915185485715704,0.9219812153392064,0.9171163221771605,0.921799583627077,0.9121824602701637,0.9210514342142152,0.9222009878259964,0.9187042000000197,0.9195578039440603,0.9109281582185389,0.9159221903342866,0.9208675955647958,0.9172141117092325,0.9204009056379391,0.9164444748745701,0.9126943365157155,0.9205609020867539,0.9227196920863374,0.9188757189872521,0.9142377972676384,0.9250295049487246,0.9196942028642999,0.922726770033383,0.9111607975177854,0.913614611990536,0.9215225589970958,0.9190823599062831,0.9120609996049371,0.9217029745632854,0.9173716134807196,0.005226505850912857,134
89.98789759874344,64.66092807619837,0.17081357002258302,0.17307286021327903,0.007000271939956904,5,0.4864252554646121,2,4168,0.904757102417078,"{'learning_rate': 0.007000271939956904, 'max_depth': 5, 'max_features': 0.4864252554646121, 'min_samples_split': 2, 'n_estimators': 4168, 'subsample': 0.904757102417078}",0.91227974978359,0.9207702042115435,0.9334940287255296,0.9185687250365444,0.9250879738511013,0.9253158100254576,0.924267432640684,0.9220053871488184,0.9119341587063255,0.9259988589791885,0.9317588201929542,0.9149508059475344,0.9213341040854943,0.9207393342101139,0.9261159332197282,0.9271468244128452,0.9283781969531937,0.9214675814720485,0.9243636381780225,0.9149287853491451,0.9190402751862252,0.924119204075503,0.9204461506541503,0.9238574473217107,0.9207720861781993,0.9212349784904428,0.9217789251307795,0.9254185810993212,0.9243986708525096,0.9102519335223838,0.9259816904334315,0.9214975807574632,0.9135512115994338,0.9276213453606976,0.9219877737731916,0.9178557450096629,0.9163209859676417,0.9239544085002847,0.9256591949605169,0.93065390559694,0.9206759900267176,0.9321546544732976,0.9168296884851515,0.9154627492846662,0.9255594729778562,0.9177183152375897,0.9155440274488699,0.9274437375699063,0.9301330486949146,0.9141537017178177,0.9242802820496406,0.9251648444371495,0.9274917273989604,0.9210019319822027,0.9132090477147534,0.9189193877817983,0.9270703953315133,0.9302140270323136,0.924483838414037,0.9183750087702739,0.9214592892228027,0.9227454917676321,0.9238534245696483,0.9192290844606614,0.9224856523309205,0.9303006085343183,0.9254395325436248,0.9229571064776118,0.9263905236398127,0.9149240559691679,0.922228403650224,0.9208720837895734,0.9275754672906733,0.9180506406212535,0.9270576004309139,0.9153548004472518,0.9279082488874115,0.9287796782180919,0.9234499677362922,0.9214514564194664,0.9180462992537168,0.9231874710838156,0.9260858812498061,0.9225965206896167,0.9254102175075555,0.916775913262363,0.9196055263826078,0.9202472692499903,0.9280536322375293,0.9295655529584497,0.9168082451591392,0.927139254277607,0.9245811303910257,0.9325543299329233,0.9151808704334987,0.9196047574878926,0.9255505469061469,0.9269630261723135,0.9172340187057475,0.930917491713429,0.9226181539649231,0.005120515845283757,69
174.08990905046463,118.0892830115608,0.49647433042526246,0.5095461864968384,0.005064759528005534,11,0.5238935052541599,2,4168,0.785945929553687,"{'learning_rate': 0.005064759528005534, 'max_depth': 11, 'max_features': 0.5238935052541599, 'min_samples_split': 2, 'n_estimators': 4168, 'subsample': 0.785945929553687}",0.9084068603161948,0.9169623312719409,0.9329288266548839,0.9157897137615315,0.92331452252583,0.9246512046853981,0.9237985524465279,0.9209752500795149,0.9108411427876643,0.9237365808026703,0.9310779180977011,0.910451558110034,0.9195502159106022,0.9196711084860276,0.9246952197906522,0.9240407975951614,0.9281821595054618,0.922385905681075,0.9247511428276726,0.9100218923946342,0.9160343150209866,0.9251488350104381,0.91996442643085,0.9233548172400021,0.9190316340353732,0.9225385397695525,0.9172437345788342,0.9215468372465119,0.9220739889042314,0.9105267799320298,0.9258731240116325,0.9163705554919763,0.9114736524063975,0.9286138341117354,0.91670264435808,0.9109922571009216,0.9161819681573999,0.9230288902246154,0.924757610231118,0.9292942295347921,0.9228021608097551,0.9298210940433028,0.9165542876603409,0.9104368278691446,0.924834542098314,0.9155930245316043,0.9128567455010977,0.9243619906471412,0.9261352300108204,0.916582532291681,0.9205061013607404,0.9222036089377569,0.9267540955435807,0.9206681323150047,0.9103580469728885,0.9125031804185724,0.9286659816290641,0.9286648469722928,0.9228508990065927,0.9177197076544503,0.9213201586622745,0.9189992644301184,0.9222454733199398,0.9190261754199972,0.9243953026311184,0.926333494581651,0.9260071411871744,0.9175367214146171,0.9254878232610589,0.9109720697699466,0.9204774612806447,0.9164039538532534,0.9275027850683364,0.9202367953147921,0.9234428577104201,0.9164184066268011,0.9252210051982116,0.926885851049514,0.9221020848234724,0.9203645200629931,0.9166429989886206,0.9244999488072356,0.9244317896753997,0.9215735608465038,0.924703074163542,0.9152024784524618,0.917127064601339,0.9237022514826733,0.9269509480198876,0.924679272322527,0.9182816821233291,0.9287199507776097,0.9227904386589721,0.9287079110262876,0.9135382764284138,0.9170013213697141,0.9260366895945323,0.9231993117910713,0.9149712008423718,0.9270670540357007,0.9209906518347732,0.005534465510946703,97
68.02005835294723,49.33453432926592,0.15501084327697753,0.1592871354373748,0.2554656472004627,5,0.36550724528520134,2,4168,0.7912351927098262,"{'learning_rate': 0.2554656472004627, 'max_depth': 5, 'max_features': 0.36550724528520134, 'min_samples_split': 2, 'n_estimators': 4168, 'subsample': 0.7912351927098262}",0.9030624930155837,0.9044059880809628,0.9173567466565431,0.9022756721069357,0.9138812029674743,0.9114584796106582,0.9055488258879918,0.9037758974268079,0.8995148464142948,0.9126340898272876,0.9126227186557017,0.9005264241066315,0.9108360942599512,0.9099111858926324,0.9108613181653527,0.9113728159319406,0.916009440665849,0.9075064678927388,0.9120006770722373,0.90486548991043,0.9086380960343103,0.9141470515465122,0.9077217664450953,0.9119736281853431,0.9045397240088474,0.9109741592319444,0.9108310041344709,0.9132370600707815,0.9143753668795638,0.8920719389546895,0.9114736653076546,0.91151406561267,0.9054458144365887,0.9175260047560386,0.9105861075272137,0.9013748880671566,0.9015947890880786,0.9141473247290268,0.9138219754836107,0.9139385958692936,0.9099473041300701,0.9192619610258094,0.9029594319820755,0.9026993538709231,0.9085434416617775,0.8992457890457771,0.9044556151039282,0.9109603298415125,0.9143249728738153,0.9040851744857037,0.9175376226121456,0.911953450797387,0.9195047728596174,0.9107895014239327,0.8961578480687994,0.9048831935901327,0.9105327065502805,0.9147066912825399,0.9055445840171611,0.9005371991160631,0.9156277607035073,0.9073606257281533,0.9109862847170145,0.9071777672090398,0.9131678856552078,0.9109506085117307,0.9117406148310616,0.9093557523269077,0.9156102982727589,0.9018820591454687,0.9078811122845415,0.9018924549415873,0.9165287433497364,0.9057262993360827,0.9134659464862478,0.8962569686752784,0.9105761572755718,0.9133883478574543,0.9109789803698832,0.9097376724578179,0.9050210625011256,0.9070012862111307,0.9118668251012567,0.9126202539454132,0.9155625687189872,0.9010634967361708,0.9074644930336032,0.9083652534393232,0.915717763901634,0.9154821844106144,0.9029755259440034,0.9196941690071135,0.9161620039834627,0.9157836956351921,0.9027062124745003,0.9056472688089443,0.9119699075351634,0.908999363529073,0.9036064724178581,0.9145825634958891,0.9092157555622186,0.005621176079192674,173
31.841273410320284,27.092785239156008,0.10702961683273315,0.10435794888759656,0.20270630725893457,12,0.55597474162952,2,4168,0.6060449834759736,"{'learning_rate': 0.20270630725893457, 'max_depth': 12, 'max_features': 0.55597474162952, 'min_samples_split': 2, 'n_estimators': 4168, 'subsample': 0.6060449834759736}",0.8954584978822175,0.8954593282966,0.9187058519873311,0.8971220378055357,0.8984660447990884,0.9071688972411899,0.9054086687220728,0.9088963649518392,0.8881459978744402,0.9030538549162838,0.9113736294706559,0.8844777685091241,0.9012205256932369,0.907630041536653,0.9084140696831995,0.8929302468165127,0.9075854555394867,0.9099965198736837,0.9062006916016135,0.8928099894022263,0.8978012421899616,0.9024736820102601,0.9012255148065378,0.9113850496316362,0.8990938524632514,0.9055469930816517,0.903863522158181,0.9093182711778776,0.9057670573153851,0.882159799532582,0.9057448889481249,0.8950839285752611,0.8954821160426099,0.9116766504454432,0.8985823508472972,0.8874589712380121,0.891503605494223,0.9039030576979263,0.9096173157673657,0.9100372922896122,0.9028111266390119,0.9130127315008507,0.8878486769406805,0.8858868015304867,0.8985196420543059,0.8957489479309502,0.8858374432194036,0.9111955836904456,0.9101972495260886,0.9006179710718983,0.9042435859012652,0.9017979830912505,0.909062550681163,0.9009683294459604,0.8916350612503057,0.8935998572628756,0.9072558765304498,0.9111379149352254,0.90129503442493,0.8965053126073566,0.8975990386529205,0.8942782260906883,0.9083634248522008,0.895137942071241,0.908797984820142,0.906171432484336,0.9055370815966702,0.8981808270449514,0.9081391341403164,0.8835149956268599,0.8988380539566656,0.8964799274932914,0.9141900083083899,0.9021460994700432,0.9039225877555641,0.8946868046870651,0.9087394986801784,0.9065011286453215,0.9042876533540247,0.9023146193220112,0.8972334237654813,0.9129652869799068,0.909286428860151,0.9067565887281098,0.9023738639978025,0.8984393795166339,0.899674114100045,0.904148855617244,0.9047863246579163,0.9051053558029825,0.9010923474627447,0.9121022387293793,0.9046972354870333,0.9076200382609105,0.8928677715234363,0.8970520186375177,0.9051509591470847,0.9019630461830204,0.8945250845939096,0.9082294049747538,0.9018132356063003,0.007526627027889254,189
137.86665072917938,93.74841182391185,0.32781938552856443,0.32678877983293864,0.06943579464540373,11,0.8571793203790363,2,4168,0.5486886124474373,"{'learning_rate': 0.06943579464540373, 'max_depth': 11, 'max_features': 0.8571793203790363, 'min_samples_split': 2, 'n_estimators': 4168, 'subsample': 0.5486886124474373}",0.9029444305923219,0.9106282935722201,0.9282074730381007,0.9110268539915503,0.9192394567124448,0.919407074161113,0.9164359412018694,0.9172112051536238,0.9070666148127142,0.9186088937120113,0.9287527104228939,0.9079422707694705,0.9108077430983856,0.9126203489983769,0.9222247884474678,0.9225390929934171,0.9253773672182388,0.9177597512070798,0.9183303096109603,0.903225624634183,0.9117865684302504,0.917365300005522,0.9176761225502202,0.9174736486945795,0.9131307881788854,0.9195817481581432,0.9062978846047247,0.9193578133418092,0.9187431696484134,0.906741150748328,0.920189715408073,0.9116288892931208,0.9087947303927904,0.9266671100299794,0.9114470842389379,0.9056736997102925,0.9074429774628497,0.919673320501623,0.9228485800442139,0.923840263169185,0.9184766722738015,0.9273845286732986,0.9094007963738925,0.9070774469209975,0.9214920305159037,0.9131620201613921,0.9049355231942213,0.9207527484752642,0.9223432329847177,0.9168221608650373,0.9144171893479409,0.9176747806378004,0.921312026909739,0.9128895552243118,0.9039995535640559,0.9075499523216184,0.9230248970953708,0.9256324400671362,0.9201568260036593,0.9100917446116925,0.9151431138531986,0.9130795510517543,0.9176953783590176,0.9181140713493406,0.9214850006217022,0.9209804074050247,0.9208490434540814,0.9147651126638784,0.9212322213349297,0.906605620682102,0.9150395546558964,0.9116158691144403,0.9228932943772958,0.9123672901501679,0.9180578056632956,0.9136850665179898,0.9183801694000253,0.9231580638950332,0.9171634517790109,0.9142658216722359,0.9135939084787139,0.9192378824336881,0.9186730012194435,0.9156299166372092,0.9206670800660128,0.9093076708771844,0.9137686159126784,0.9226579646277607,0.9239383378234975,0.9221513805996365,0.9127046131347418,0.9272264195810325,0.9149965854696572,0.9234342744773212,0.9097305302524228,0.9154874102601087,0.9239518332177892,0.9179306207550243,0.9105325073670449,0.9226527087885358,0.9164016210516216,0.006129860380835719,149
178.84483439922332,124.19219871071824,0.4860218477249145,0.48520684962595356,0.003191404586995293,10,0.6726086011394686,2,4168,0.6447630575364863,"{'learning_rate': 0.003191404586995293, 'max_depth': 10, 'max_features': 0.6726086011394686, 'min_samples_split': 2, 'n_estimators': 4168, 'subsample': 0.6447630575364863}",0.9108152045576394,0.9169391228659429,0.935590889183958,0.9170799027783565,0.9248331058557824,0.9260792165928757,0.9244021569898137,0.9230037372069064,0.9128466357760059,0.9242018204393276,0.9335585160576267,0.9119353537490575,0.9212592636233582,0.9211829158230427,0.926371837457049,0.9255864277116925,0.9299862864639689,0.9248712261893439,0.925599314550049,0.9107291950590097,0.9174932118397385,0.9258663537875086,0.9224102347802403,0.9256683124398654,0.9200440529318109,0.9234459587189758,0.9179930471845781,0.9239371300439734,0.9232748003079913,0.91032066209293,0.9272496035251541,0.9177171965960083,0.9124859563367753,0.9295914007052128,0.9182597772832674,0.9128318480538429,0.9168259788846335,0.9248354738593695,0.9261971796981593,0.9300813671095058,0.9233989338128665,0.9314829089834448,0.9176349603348102,0.9127811390469827,0.9264689673068527,0.9165955593114753,0.9137624681031408,0.9262076179955274,0.9278676950898072,0.9175203574460753,0.9222662257528558,0.9258737752701522,0.9275858149414609,0.9216321022586891,0.9116644061646733,0.9142188007328065,0.9293483973136711,0.9312105107345914,0.9244192846473371,0.9204610871222291,0.9230274866426127,0.9197611609587335,0.9236097626611344,0.9210413820699574,0.9261052170891887,0.9283004076568024,0.9273743144151699,0.9195825338685744,0.9274465976948302,0.9135897257639504,0.9203952657846153,0.9179110352524436,0.9290118306663513,0.9219397283185632,0.9253295109055594,0.9194391579744006,0.9263517545981775,0.9276714523579097,0.9238122791691121,0.9219919266834762,0.9191915470678539,0.9249354689519831,0.9255868530811149,0.9228039301608931,0.9260875455734683,0.9169776467628935,0.9179955319135058,0.9239169998237422,0.9287121473486316,0.9268304563652793,0.9197709099624973,0.9304630714191487,0.9232792207905761,0.930082961394846,0.9155694340166766,0.9187723488082561,0.9285062133786434,0.923802248664416,0.9163636799638899,0.9280390332262091,0.9224718246668588,0.005582970266717959,73
218.17319309711456,129.8243476925946,0.4178690147399902,0.4267479714552407,0.004799562611044572,9,0.8559137093499958,2,4168,0.6569698307914021,"{'learning_rate': 0.004799562611044572, 'max_depth': 9, 'max_features': 0.8559137093499958, 'min_samples_split': 2, 'n_estimators': 4168, 'subsample': 0.6569698307914021}",0.9132190869815098,0.917471912513589,0.9366521683743019,0.9181265454303358,0.9258337758024663,0.9277175090200585,0.925114054536911,0.9239148365498978,0.9146341919711596,0.9241632779816353,0.9351925839183439,0.9136671550232417,0.92109271004857,0.9219986032051308,0.9273118489428666,0.9260797380987079,0.9316469979512252,0.9255168556785056,0.9262361785752159,0.912275177169534,0.9193889106270854,0.9258232984431412,0.9238539054406362,0.9266028401223613,0.9196693139950332,0.9251106970397409,0.9185292607843378,0.9258881830403143,0.9246685054166407,0.910612194176456,0.9278649418467813,0.9183124288907522,0.9132635906613041,0.930823980867533,0.9192676684182439,0.9134461301029043,0.9183152855514919,0.9264261259015291,0.9273624619172152,0.931607769921394,0.9233009698996653,0.9332894567425689,0.9184735367798976,0.9140017515074014,0.9266335336487105,0.9171994181688908,0.914618355947568,0.9262204037603103,0.9285346289222656,0.920094019791009,0.9238176667713592,0.9283214790176312,0.9284558861607104,0.9223725197985172,0.9125026445302368,0.9159233037943773,0.9298263241754032,0.9316071916608715,0.9255570772845422,0.9205909804997917,0.9248911172923191,0.921149586150416,0.9259218563527162,0.922559747477747,0.9265756079705637,0.9293479940015085,0.9286118189195273,0.9212855519579728,0.9280020801478597,0.9126163004501213,0.9219384956846475,0.9189666389591432,0.9298993852875141,0.9220700835942205,0.9275078561041213,0.9216292312721834,0.9276438641619684,0.9287208468126456,0.9245788311371212,0.9220872920302952,0.9197085129230118,0.9252321834015075,0.9262461758204579,0.923770023827087,0.928008368932568,0.9171285072044495,0.9204445654468719,0.9244519482394733,0.930067481863818,0.9280325717718546,0.9203628225928226,0.9319558089454802,0.9233079855633121,0.93081766084432,0.9170187023571686,0.9200951315253,0.929153808367267,0.925191587940706,0.9178328645234182,0.9274700599297874,0.9234834480758513,0.005589317780247035,57
169.28996819257736,113.71362128341977,0.23859253883361817,0.24305428763866688,0.02319146980125873,7,0.6303748161446907,2,4168,0.9444780933334733,"{'learning_rate': 0.02319146980125873, 'max_depth': 7, 'max_features': 0.6303748161446907, 'min_samples_split': 2, 'n_estimators': 4168, 'subsample': 0.9444780933334733}",0.9160560622117804,0.9222613099938122,0.9370134310440348,0.9225745551189093,0.9298631322873628,0.9287227629271948,0.926082273850574,0.9262766207284742,0.9169883116879258,0.9255104998807113,0.9364903301462427,0.9158402118642225,0.9259136826206814,0.9233421643609371,0.92637379654703,0.9279871928299837,0.9310419015605879,0.9274143244466176,0.9281693212099762,0.9159309816726601,0.9229042108395346,0.9292690634366536,0.9239933621831969,0.9267338743947208,0.9219099495501426,0.9250703257600642,0.9231837982758415,0.9275133385148426,0.926412477593271,0.9131348613838529,0.9299042552290954,0.9231317588387777,0.915269170571231,0.931972959401957,0.9234655684852844,0.9205263883008389,0.9192068608616611,0.928222486320908,0.9269267049353455,0.9342152026469404,0.9248066661993565,0.9346729651044393,0.9192347183443719,0.9182267430253221,0.9313786623758379,0.9203627381979753,0.9183844175133373,0.92996100270845,0.9312339353005691,0.9193024292760081,0.9254562344174286,0.9291059720161846,0.9293771422991867,0.9248090470987725,0.9158128404889977,0.9221847348682414,0.9324483940025384,0.934195774770453,0.9266490064416287,0.922292287242656,0.9267807467349944,0.9224365285133682,0.9265149169832574,0.9250167006577691,0.9281221488718545,0.9314901524761932,0.9292414967922106,0.9248456437965406,0.9305750955999713,0.9177973216189115,0.9233387005435546,0.92216095964922,0.9307408577183596,0.9234437154143952,0.9304840071376853,0.9201865054593888,0.9320070049114422,0.9307434883950081,0.9270936611180828,0.9241891468974461,0.9214264698997413,0.9272763127138892,0.9300919996971472,0.9240390834687986,0.9301978249535162,0.9208647122340738,0.9217673988462523,0.9254488783579322,0.9309675283733423,0.9305203768014003,0.9221679689470008,0.9309081150506149,0.9260991862773309,0.9333378586054502,0.9202078290903736,0.9215065228057107,0.9295092230456661,0.9290066276224421,0.9203938941621306,0.932886186491767,0.9256854799293989,0.005112556823002908,30
73.82748334169388,56.9096930606854,0.27489580631256105,0.2766418484207914,0.003356267169447912,6,0.40316034279043567,2,4168,0.6570271077026499,"{'learning_rate': 0.003356267169447912, 'max_depth': 6, 'max_features': 0.40316034279043567, 'min_samples_split': 2, 'n_estimators': 4168, 'subsample': 0.6570271077026499}",0.9108828007320003,0.9206350557141602,0.9335702927084121,0.9165208333179444,0.9236714400152168,0.9258282644035101,0.9235081846450268,0.9198577409017573,0.9113153685488223,0.9249280929626434,0.9301952635175375,0.9126359978872431,0.9204673238989145,0.9203718990390085,0.9257800657467445,0.9258338790332165,0.9273930063062673,0.9192832800397326,0.9234872672015211,0.9140603504120691,0.9185136269905211,0.9228763081823095,0.9192126482050391,0.9238577391657425,0.920249414335622,0.9211938565003985,0.9204512555165143,0.9235093980744158,0.922921985189382,0.9082613238716518,0.9246939661106195,0.9210899029401177,0.911161340717492,0.9270505869199172,0.9204247360185904,0.915423852481002,0.9165551142893843,0.9224168129516311,0.924589470429408,0.928785307859414,0.9194300284564997,0.9315547292018533,0.9160157984757096,0.9141073327856702,0.9237229382188784,0.9159189423249223,0.9143943724326015,0.9261732662426163,0.9283259376150534,0.9161455617991338,0.9223213046040926,0.925189106564043,0.9268980033228117,0.920086370845158,0.9121923983096163,0.9160769649976345,0.926452781980134,0.9294864572444997,0.9238568236822676,0.9178990779121781,0.9197167698548305,0.922413928613359,0.9229347699427024,0.9181211909550799,0.9226390789169097,0.9281963047879788,0.9244780202405724,0.9215819311138974,0.9245689279372371,0.9134142904772105,0.9202784057885885,0.9198265493068228,0.9263653449724486,0.9169573375400397,0.9262221893225129,0.9153834055048331,0.9253998965548872,0.9276068387107871,0.9226007466469169,0.9206761910322571,0.9167840656337638,0.9223602045922343,0.9260589902271933,0.9216770899744282,0.924550071702094,0.9159318460419026,0.9182612391867851,0.9209804664433274,0.9273031292952884,0.9264555241656337,0.9162146232818197,0.9265564967972834,0.9234843238401793,0.9303588022575613,0.9144344061863985,0.9185801353756462,0.9248609888794888,0.924272998822433,0.9156061875630819,0.9283455183012903,0.92152172477584,0.005100985696621494,90
115.50506045341491,87.36569124238227,0.2127009677886963,0.22169498355274794,0.016189743372400367,6,0.53528123200517,2,4168,0.8397857166533368,"{'learning_rate': 0.016189743372400367, 'max_depth': 6, 'max_features': 0.53528123200517, 'min_samples_split': 2, 'n_estimators': 4168, 'subsample': 0.8397857166533368}",0.9186906800499535,0.9238146022994888,0.9376882886493839,0.9238750348171909,0.9310948179396175,0.9308285355983597,0.9284115259152064,0.9273912144607894,0.9175688001401188,0.9291888275814955,0.9378604578902525,0.9189791500328782,0.926970534589685,0.9264027782671703,0.9301225711224334,0.9306993610088948,0.9329847252890856,0.9265338568842939,0.9304149530166833,0.9200328406878219,0.9224203270495726,0.9294411319875104,0.9269324677373679,0.928512803823075,0.9245891123925415,0.9264869506216862,0.9236918751381152,0.9291451520252106,0.9274775160595923,0.9157520681231811,0.9309346208917477,0.9256610323704119,0.9181470361386914,0.9345246165581664,0.9253039001935774,0.9204527329178367,0.921624569002834,0.928683750036624,0.9293559868010847,0.9349050073475706,0.9268790333509245,0.9350174574959358,0.9207396116576361,0.9209250707551127,0.9291486942938243,0.9216487246108839,0.9205581986398685,0.9316019522383389,0.9331988976784797,0.923186564668063,0.9271802307357487,0.9308223621129263,0.930180530560131,0.9254444291887107,0.9166277749301674,0.9228828878459647,0.9339985060501941,0.9345027582171883,0.9281738896135056,0.9248415735832374,0.9265228027937644,0.9266304993181671,0.9274402631039582,0.9256872656020303,0.9283168792702174,0.9327307107038905,0.9302980345547323,0.9262210855769023,0.93217644629463,0.9183382985522203,0.9266664841911382,0.9249469293920278,0.9338184398465496,0.9236915437609731,0.9315517092133009,0.9219896047138515,0.9319962426879491,0.9318255157616556,0.9284478036236322,0.9263754401067186,0.924843974663423,0.9273979785111284,0.9297787752232989,0.9271791005837522,0.931301822302115,0.9236881781541448,0.9257841974317547,0.9252566302415902,0.9333289274002745,0.9331277535318632,0.9231068195734804,0.9327360248025207,0.9278418554639148,0.9354882029270031,0.9207986442584409,0.923893486132658,0.931685349838231,0.9301553957953907,0.9224539075588978,0.9358528962233449,0.9273252728136958,0.004881015776733037,3
87.86045120239258,59.412834891268425,0.4606037664413452,0.45507367724140635,0.054788337132392936,9,0.34776668222138757,2,4168,0.6997728671267625,"{'learning_rate': 0.054788337132392936, 'max_depth': 9, 'max_features': 0.34776668222138757, 'min_samples_split': 2, 'n_estimators': 4168, 'subsample': 0.6997728671267625}",0.9121103988287957,0.9195884781113973,0.9368867625698496,0.9182170688269851,0.9243834532225159,0.92419050166013,0.9239819582432038,0.9209380713999248,0.9135302925512631,0.9241883961718345,0.9317893190360584,0.9131221218359719,0.9206719481563778,0.9202417368569944,0.9266844834649719,0.9233708838454002,0.9285184418804955,0.9237784449350346,0.9266318239543635,0.9151164137417216,0.9167464713818847,0.9245439610666791,0.9242967677211771,0.9240987103117739,0.9197340350913163,0.9241462757403299,0.9184449355570258,0.9232816723337253,0.9221268536582952,0.909653201189049,0.9268013719255015,0.9217577420993339,0.9162805286509059,0.930803621337535,0.9188902787249739,0.9143310941552567,0.9177131060639253,0.9237689466338563,0.9261326654680192,0.9301229635745136,0.9250851694984121,0.9301671054337464,0.9168484205776231,0.9144621571850313,0.9277877689717127,0.9167736326133148,0.9150418362062348,0.9243479829966311,0.9291047887568828,0.9184004910208293,0.9239140985160813,0.9236275442598736,0.9263125706580293,0.9244483385913724,0.9142133693124029,0.9165734260965802,0.9297987976354373,0.9296004546598893,0.9241436807546838,0.9193902592001417,0.9229472687205138,0.9219712403263137,0.9234792278568028,0.9223406943145035,0.9249303140929809,0.9298981933860276,0.9250675732093169,0.9185090479171775,0.9266202914250956,0.9176646772767051,0.9204311904580181,0.919231509144244,0.9290185353649828,0.9201241877236782,0.9279379737612978,0.914917456252895,0.9286589504136314,0.9263540517613802,0.9253370225258923,0.923470016328318,0.9176571371148394,0.9249904467051671,0.9258184482316146,0.9198631453163938,0.9260810035104262,0.9163427735531726,0.9202776565076298,0.9211801048315286,0.925473862842425,0.9248653030740783,0.9187085895541359,0.9306085440650448,0.9247866579353705,0.9290460227879497,0.9170294583748079,0.9179557470211988,0.9275192454931839,0.9236277149507754,0.917816655642857,0.9294491471528871,0.9225966518184852,0.005098079280392559,70
221.17679473876953,116.50427552608251,0.2975447964668274,0.2918573246169323,0.06153412392775783,8,0.8128183149846561,2,4168,0.814862939539932,"{'learning_rate': 0.06153412392775783, 'max_depth': 8, 'max_features': 0.8128183149846561, 'min_samples_split': 2, 'n_estimators': 4168, 'subsample': 0.814862939539932}",0.9121981369858505,0.9151547927971994,0.9328663827424017,0.9195238778043907,0.9261414371941995,0.9262446004462811,0.924642156696143,0.9204556174151289,0.9102802405861186,0.9223593439784196,0.9326107351306181,0.9126387062402754,0.9218166352572804,0.9205155979935671,0.9261177763436494,0.9230571842235233,0.9293545517177786,0.9245650492670151,0.9261033108439597,0.9100220319814453,0.9195730737056745,0.9260800676789176,0.9220088320131441,0.9272715005486761,0.9181027858917634,0.9216873988902731,0.917812912442587,0.9276183228134998,0.9209806238729812,0.9113716654248128,0.925346891969527,0.9181358492737718,0.9107312683367992,0.9304776356136185,0.9200136023373363,0.9126439242449412,0.9159570216854733,0.9248841519071975,0.9247372533425029,0.9300165312255866,0.9216052613944637,0.9308741407146619,0.917490453397264,0.9107706758963658,0.9242139512839999,0.9172060904945922,0.9143154016004533,0.9266060452507799,0.9255946620819386,0.9191679515093637,0.9233957626363898,0.9269373100389989,0.9268270798089393,0.9197886942925364,0.9132347198675179,0.9155503730905027,0.9286473618797246,0.9300247502951167,0.924790704669177,0.9171380984953661,0.9227792771517668,0.919964044309487,0.9229009771446558,0.919550326365417,0.9267345001605377,0.9272139643048577,0.9267203152532335,0.918559392819421,0.9271216350697578,0.9111593678901703,0.9214681429671219,0.918968783289172,0.928808522836989,0.918836435069765,0.9249810357187084,0.9175760457656857,0.9261730944419395,0.9250248656866227,0.9214568470226091,0.9204272879868648,0.9190258087707702,0.92426933799781,0.9252511595260893,0.9196923093580115,0.9250427390985462,0.9156597553256345,0.9181281095717156,0.9214780721546127,0.9265508710761432,0.9290340202056073,0.9202419596465874,0.9290408411826419,0.9210598702703314,0.9268557670513027,0.9163724696467097,0.919980909631168,0.9295795833241953,0.9235636862306137,0.9172800049738038,0.9290847531255741,0.9219991585698515,0.005470402748275291,81
54.39018333673477,46.75454780012725,0.2076454973220825,0.21754555984814755,0.08604354073824311,11,0.3991872014862037,2,4168,0.7122797082916403,"{'learning_rate': 0.08604354073824311, 'max_depth': 11, 'max_features': 0.3991872014862037, 'min_samples_split': 2, 'n_estimators': 4168, 'subsample': 0.7122797082916403}",0.9119353929029372,0.9100536346208689,0.9274907699193553,0.9113670208086283,0.9176184290072102,0.922422782370848,0.9207385701541174,0.9182366780414823,0.9100144977239856,0.9186090579307786,0.9250765041965291,0.9058407399194316,0.9154922672225818,0.9133291278520792,0.9191355039311078,0.9183538723443507,0.925672365802226,0.9189302235383536,0.9200441884662406,0.9041591054035688,0.9110358388876758,0.9203039065808007,0.9129032744818233,0.918692329716783,0.9117685568422097,0.9169643047481015,0.9078207638400373,0.9193578286621549,0.9161694285609674,0.9109187443698897,0.9199858620598367,0.9101006975016639,0.9095965552273182,0.9247956125990273,0.9104556242437752,0.9062186036718545,0.9101328107501195,0.9174287608526996,0.9210706765068403,0.9223253214249798,0.9180155182884427,0.9269821184963652,0.9128552638830694,0.9072159423302164,0.9219253815604874,0.9066067749465092,0.9134941408836611,0.9219587188502519,0.9235350292193117,0.9117530552103889,0.9178957816627555,0.9193091813151172,0.9209316629994357,0.919807634543993,0.9085680526534106,0.9095528340704266,0.9228249097422028,0.9237446192007508,0.9152099976442506,0.9128691381153068,0.9171673968331778,0.9104456573909887,0.9198030931247002,0.918355203210135,0.9200754295224042,0.9188195446098,0.9211897677233397,0.9131006742986475,0.9223369487769083,0.9051126821477457,0.9136391271430658,0.9106778007334272,0.9215615790524592,0.916132121485143,0.9188946282719106,0.9121836211961132,0.9222395650596067,0.922725630138284,0.9183464535508533,0.917134736182309,0.9141573508487186,0.9186341115616417,0.9211532006725783,0.9182534876777352,0.9212895836447331,0.9122070956924735,0.9119791428278473,0.9206941250601602,0.9244073441883475,0.9176827632994047,0.9124629874653405,0.9259395664488259,0.9163900427162534,0.924780332082439,0.9087397285550548,0.9125521816509609,0.9229843153512174,0.91987126962584,0.9097554218074082,0.9206492039517938,0.9166214690488138,0.005540988297951249,144
305.22199467897417,160.4380614291636,0.4987859535217285,0.5060582720298512,0.016322835066573,12,0.7497917001202787,2,4168,0.7769314170068949,"{'learning_rate': 0.016322835066573, 'max_depth': 12, 'max_features': 0.7497917001202787, 'min_samples_split': 2, 'n_estimators': 4168, 'subsample': 0.7769314170068949}",0.9044019955481584,0.9098610552848398,0.929261716654698,0.9103767172097915,0.919546008613994,0.9200129193125949,0.9168591259025348,0.9159170332392569,0.9041879641598808,0.918084453179557,0.9259677987536735,0.9049430009523417,0.9153887246762714,0.9145676431869013,0.92204867793064,0.9186618818875903,0.9237247665831868,0.9190051983981496,0.917839285252231,0.9023091556797487,0.9109188989987149,0.9192200309880977,0.9160549724542579,0.9193377526981762,0.9119844942915023,0.9199090466636521,0.9104143655230619,0.9163719283421639,0.9160069785810155,0.9041902732088305,0.9203261990747005,0.9101442181464283,0.9058100739830824,0.9225654092746154,0.9082093532726012,0.9033557963758185,0.9095530728672481,0.9186041156211088,0.9203162077390838,0.9240832369252824,0.9163613698692481,0.925034879149287,0.9118851188731003,0.904423035709992,0.9203515364405155,0.9092616543132352,0.9056018955650326,0.9189166452024746,0.9207325145828482,0.9118482837079621,0.9154493656530881,0.9168686719110847,0.9208383683039891,0.9153545393779281,0.9053954061460912,0.9072208778257465,0.9237665198211135,0.9239330326520029,0.9173978693323785,0.909967254798652,0.9144817232106862,0.9119729018396385,0.9174644358192757,0.9150755249712808,0.9200308889424303,0.9208144525241189,0.9212064554927455,0.9134655524304326,0.9218181795887963,0.9054273376065838,0.9150512041918691,0.9100494597789386,0.9222394861919692,0.9141075962264439,0.9196567967913549,0.9133017440118519,0.9200509433876709,0.9213049427082715,0.9157289257588181,0.9151713328817201,0.9102302804745163,0.9181316537715907,0.9196813257953622,0.9177328530024969,0.9191019931402005,0.9087906453568477,0.9097693333349164,0.9172782164589319,0.9220005881295361,0.9208886085958793,0.9116990934721549,0.9256198517656345,0.9143544167394662,0.9224537787426598,0.9085734172312427,0.9115880180220259,0.9226302944137502,0.9166526626478669,0.9087055959014354,0.9203257026504476,0.9155557860067312,0.006033047362859577,153
148.2257780957222,96.34917608175539,0.23820372581481933,0.24398999467669397,0.01584691190537599,7,0.6872650252991945,2,4168,0.8354288260409601,"{'learning_rate': 0.01584691190537599, 'max_depth': 7, 'max_features': 0.6872650252991945, 'min_samples_split': 2, 'n_estimators': 4168, 'subsample': 0.8354288260409601}",0.9161929571787446,0.9219777439813254,0.9380661400634418,0.9236553851745388,0.9289005430987342,0.9305527163434507,0.9275354395119676,0.9262597236918856,0.91819709854029,0.927928188807928,0.9380261253720954,0.9152409706853261,0.9255292873459979,0.9255925709861207,0.9283840011628203,0.929744926969046,0.9326933810871801,0.9271265570411615,0.9303470486071683,0.9168570610616875,0.9229864221841323,0.9293027339285956,0.9265307454407148,0.929238944436626,0.9236226533767984,0.9261160607117951,0.9243358331569423,0.9285316179644049,0.9274658505953767,0.9139392020955959,0.9298275162732526,0.9238463376109283,0.9164686836637311,0.9321916935951026,0.9231513191715128,0.9190316295375174,0.9214018155528915,0.9281994168968432,0.9287985974290108,0.9345180590938938,0.9268704609082505,0.935549671643724,0.9199882019778567,0.9173599468411211,0.9302043708224483,0.9204612300620973,0.9192499666545865,0.9309353774642797,0.9315819256342277,0.9212616440939977,0.9273099813903682,0.9307415286427048,0.9304476801209631,0.924840466529278,0.916455514707468,0.921136883117312,0.9311863112492454,0.9334541395278678,0.9286768487159675,0.9242989514966,0.9266481601799266,0.9233090396385703,0.9279148574831152,0.9235165899369159,0.9299766638542506,0.9320285482915487,0.9308411806638272,0.9251175050834077,0.930479670915946,0.9177421700630286,0.925481574383233,0.9236678873049523,0.933154387535373,0.9236599014872079,0.9304773573854341,0.9223300743860117,0.931424709150186,0.931884138442476,0.9275668005701211,0.9258838001156829,0.9224776096458599,0.9279505526020612,0.9295123072202375,0.9277741929842732,0.9323548958017727,0.9213856081155818,0.9227851265849836,0.9254640179485111,0.9327764064152586,0.9321850984488858,0.9220341960709596,0.9329940882755167,0.9273459298886408,0.9340214636496436,0.919436910943464,0.9229579602535773,0.9308136252130428,0.9293746989565794,0.9222749618195124,0.932366011508287,0.9265171478024482,0.0051948615570478075,15
264.3422233724594,137.95141243834925,0.28702793836593626,0.2898771670110163,0.05355380716983466,9,0.8516759306417123,2,4168,0.8267151299576464,"{'learning_rate': 0.05355380716983466, 'max_depth': 9, 'max_features': 0.8516759306417123, 'min_samples_split': 2, 'n_estimators': 4168, 'subsample': 0.8267151299576464}",0.9078695741239431,0.9107035682323207,0.9328686126886248,0.9153688815834412,0.9210746813485733,0.9244106210398182,0.9204813239546304,0.9204333080432394,0.9100324427619555,0.9210869462017621,0.9294919876420931,0.9085520580071199,0.9169243077726239,0.9167700124512201,0.9224131664335083,0.921717794230319,0.9286854616337192,0.9228710960016874,0.921568663166657,0.9076071025494434,0.9124695436781024,0.9234646437303768,0.9202694040109136,0.924790376237368,0.9156967741321506,0.9202986287616394,0.9129750231974357,0.9211807014455095,0.9177275696530206,0.9096840169261123,0.92521770418858,0.9159429168044808,0.9090100009218636,0.9263607907410444,0.9166641056579944,0.9099277020073298,0.913960684602156,0.924203108392421,0.9215804320658713,0.928420886749152,0.9188420668548763,0.9290780159791576,0.9158500854729585,0.9102601022127619,0.924519806295167,0.9133061045020712,0.9121591399585008,0.9218892455008084,0.924926004120914,0.9159837152099669,0.9211929416776086,0.9236223638657924,0.924478583522502,0.9169432458760974,0.9086175398478669,0.9153671120778286,0.9287778427522463,0.9298344008535794,0.9195637416621274,0.9163084722497319,0.9216847865003525,0.9158948698539586,0.9210522523133392,0.918936861677078,0.9244868953359126,0.9251792792918495,0.9253095405293248,0.9164702415199562,0.9248103039145575,0.9077310020379633,0.9178343591091398,0.9165674419048957,0.9266622462542519,0.9169539222909212,0.9226968123883782,0.9175815543682005,0.9236459475321379,0.925319032572348,0.9203413623502928,0.9195470874931324,0.9169281335639189,0.9206607817288132,0.9233069542790491,0.9203765287618839,0.9242104671353495,0.9141887011526352,0.9160007807937751,0.9227319587226798,0.925497935652354,0.9252758370961484,0.915156502594999,0.9293558855339972,0.9221237520992738,0.9255147462606634,0.9153393229126006,0.9150102871148527,0.9256650633829662,0.9212726830737273,0.912378873293182,0.9231164862144182,0.9196511463486804,0.005781631343666736,115
66.39027653455734,44.923421183200134,0.12862829208374024,0.13440853540937503,0.20219609705389646,8,0.6457866927126358,2,4168,0.7119526142089139,"{'learning_rate': 0.20219609705389646, 'max_depth': 8, 'max_features': 0.6457866927126358, 'min_samples_split': 2, 'n_estimators': 4168, 'subsample': 0.7119526142089139}",0.9010021970196663,0.9047513568008964,0.9140683222314961,0.9163171810228801,0.9140234620134429,0.9176946187446832,0.9115777136210291,0.9105791048116648,0.9018295765051839,0.9156709343139492,0.9246035836997253,0.9020246571561614,0.9125454953930238,0.9135453853421817,0.9189125125209902,0.9126267985761342,0.9232378896081723,0.9070757011881598,0.9154943513368454,0.9027130121656346,0.9086151543857942,0.913103770215466,0.9104305107327789,0.9161503376417357,0.9044102450927931,0.9130399264677622,0.9056997275060414,0.9189566042950582,0.9072330179574934,0.8983406981331141,0.9158530315194647,0.9110098327546016,0.9043534555624512,0.9225547107444604,0.9127811450603027,0.8999782251191328,0.9022360227258196,0.9123989912026746,0.918874973765128,0.9187885930962215,0.9152602789820542,0.9246403770356053,0.9066078600539526,0.8990644672824345,0.9176842329649545,0.9059431631649519,0.905895085575053,0.9145994204770923,0.9180124898950632,0.9123056439846765,0.9146209076445495,0.9172714673727455,0.9190337875044283,0.915909703022805,0.9002098660792408,0.9053713758985236,0.9193101276859791,0.9200114104939774,0.9194534891768416,0.9059633756736525,0.9138566785641564,0.9109007582764308,0.9104732517194909,0.9070783558142697,0.9191842741545833,0.9196693738205116,0.9161014645213843,0.9097774140566565,0.9152979810174527,0.9002004643974661,0.9137238523510492,0.9070099985056261,0.9176459312951587,0.9097415571190272,0.9177131515176509,0.9054720351955481,0.9173817925449357,0.9189447386740314,0.9099868403148845,0.9122710820475658,0.906619248596344,0.9065656611484614,0.9147406460351033,0.9132409483618584,0.918190228063447,0.912157127327329,0.9032573747610964,0.9058046232003708,0.9202984775177412,0.9128509760475843,0.9074626111027474,0.9197250415612989,0.9102345113757694,0.9212327680553501,0.9076172709805203,0.905977157728197,0.9141503827042586,0.9169942680868916,0.9002616937910792,0.9127738643333392,0.9119485723470548,0.006358809920914829,169
103.7324470281601,66.52818314408313,0.5113238739967346,0.521498883523527,0.030201149519229455,12,0.44571937758017954,2,4168,0.5528977566463089,"{'learning_rate': 0.030201149519229455, 'max_depth': 12, 'max_features': 0.44571937758017954, 'min_samples_split': 2, 'n_estimators': 4168, 'subsample': 0.5528977566463089}",0.9113412374926999,0.9168179327597653,0.9328697458625022,0.9167091201424773,0.9205693138822217,0.9264056658790607,0.92386538051603,0.9215355520757438,0.9118309976259703,0.9251518240641238,0.9295726621089008,0.9115969189444835,0.9203440835196987,0.9190180014881782,0.9237622458442196,0.9242349042047535,0.9281783063288211,0.9234256366898164,0.9233981164563834,0.9116276518356421,0.9176137474369338,0.9241483488458514,0.9184305105972391,0.9237741887079987,0.9190103297521409,0.9219517093497698,0.9173437002705962,0.9222242024292062,0.9214226707987042,0.9133996884920055,0.9261359968009368,0.9170733964039943,0.9124220683389274,0.9289319477617559,0.9173410271688103,0.9153667398877081,0.914939524020751,0.9215865284958844,0.9234287735876243,0.9281991640489526,0.9216658337350905,0.9279537408121054,0.9157658845025552,0.9103056513744208,0.9246329915772002,0.9158254185317596,0.9126255233011699,0.9236832635507922,0.9256842049662293,0.9173578576862432,0.9211635053619938,0.9237438787692407,0.9254156533207183,0.9194353366591532,0.9067338678263086,0.9113548634197052,0.9273456744578038,0.9277314245157411,0.9219370502009858,0.9182386230804302,0.919638292871027,0.9198619834315237,0.922327220156723,0.9176459889306865,0.9237979330395947,0.9263701417050687,0.924362438260853,0.9186079328589164,0.9258122330606239,0.9116187974561161,0.9186678984240989,0.9159777609111062,0.9255633873507795,0.9178691032427765,0.923628753987431,0.9178073995695688,0.9241862430448766,0.9266181259235626,0.9211813543759737,0.9202120689812912,0.9184594415350158,0.9228313176086482,0.9250856058889688,0.9220022051459046,0.925860881722165,0.9153522781898181,0.9176268617834481,0.9223408831694906,0.9270773976809799,0.9249640064560682,0.9169322022554046,0.9287662360256611,0.921729058879726,0.927892391183742,0.9152717913297076,0.9167790745037637,0.9239584631339225,0.9232878298764564,0.9141253034143371,0.9270892049193408,0.920847873008521,0.005159083886635027,101
205.71815995931627,119.45173364018062,0.26139139652252197,0.2721922407645463,0.029271953442410396,8,0.7536264877232794,2,4168,0.8066003212782946,"{'learning_rate': 0.029271953442410396, 'max_depth': 8, 'max_features': 0.7536264877232794, 'min_samples_split': 2, 'n_estimators': 4168, 'subsample': 0.8066003212782946}",0.9133521920421411,0.9185046248740087,0.9373017483163779,0.9212564607508295,0.9262336862506219,0.9279576369620607,0.9259089242777006,0.9255305845809607,0.9154678608935647,0.9242862434761425,0.9355347187701597,0.9130639878765915,0.9231139841534761,0.9246036053372368,0.926872045286585,0.9277555449390849,0.9313505375886315,0.9263815191766583,0.9273232591143713,0.9133690715640139,0.9205520134084475,0.924385893271754,0.9233853892125495,0.9274642872419457,0.920539552263301,0.924916817637383,0.9170868337624106,0.9273037548703513,0.9251860157807663,0.9122815650658267,0.9276506782859871,0.9199113506248667,0.9131700052267708,0.9317553718405781,0.9205433656454237,0.9158369859759651,0.9168402172429698,0.9264719942912982,0.9277521968856413,0.9338938962187564,0.9251815356355354,0.9336623261695944,0.9201564640799424,0.9144904583445124,0.9279850351660552,0.9177755014868086,0.9166427686029609,0.9276095268725901,0.927376186774344,0.9207184282415618,0.9261860627295596,0.9275949443690957,0.9274299874519686,0.9223181592556383,0.9131478947541747,0.9194493495009959,0.929852940105758,0.9317008211418738,0.9259490736400874,0.9217165501879214,0.9231337244649094,0.9201356856078307,0.9262142153969497,0.9238939484742819,0.927043079880615,0.9284531536231917,0.9298634398483211,0.9205331016735041,0.9281543381251933,0.9147835746525093,0.921971131006966,0.92147954790694,0.9302284041613793,0.9221979618028721,0.9290119916414469,0.9201248832942843,0.9278500043825305,0.9282744884542982,0.9235582310913866,0.9223549930580269,0.9220561149382478,0.9273405017407907,0.9251756958142262,0.9249471633850783,0.9280659278742258,0.9188977199720292,0.9204370184394467,0.9238639719617119,0.9293435775656009,0.930830908243894,0.9220442035916664,0.9308323763200494,0.9239042002588134,0.9315168983011297,0.9165980636667872,0.92168459425132,0.9290608975274264,0.9245432006936974,0.9191487151227107,0.9292459445219016,0.9240783802823337,0.00539717637245752,53
78.8678913640976,58.66503176854002,0.29470392227172854,0.3024551871719678,0.009826069993112911,7,0.38456564633196666,2,4168,0.636436732318915,"{'learning_rate': 0.009826069993112911, 'max_depth': 7, 'max_features': 0.38456564633196666, 'min_samples_split': 2, 'n_estimators': 4168, 'subsample': 0.636436732318915}",0.9175614282186508,0.9259518799172252,0.938084401669197,0.9237051222292456,0.9301065379945178,0.9305412208370167,0.9274376005518646,0.9288247246526627,0.9195423029138055,0.9284429468414993,0.9382811022065768,0.9171482755413314,0.9272379356656659,0.926498712801339,0.930001463102635,0.9312366796495992,0.9331897999862495,0.928472384490965,0.9312142280941106,0.9198132912740872,0.924562492744521,0.9295778529544362,0.9272227891889288,0.9295756413347499,0.9251577478911815,0.9276004004733895,0.9256333413860521,0.9297033944254793,0.9279642708292815,0.914725899637442,0.9307157506782195,0.9253628743311292,0.9180274340716824,0.9350639696313376,0.9235061261077832,0.9221505986725602,0.9224934412208192,0.9292355016125609,0.929896096375107,0.9348750590228514,0.9280083702048588,0.9351953442242827,0.9214063664715556,0.9202509640111447,0.9312141344569607,0.9215334005190373,0.9199100456073412,0.9309332718033343,0.9340624654711004,0.9215969753862201,0.9277120103551313,0.9305163208787531,0.9322883463644382,0.9266800875954835,0.9166374252158415,0.9219299821311965,0.932388238453757,0.9343862189126871,0.928998874332649,0.925269449711872,0.9279845467618786,0.9258800968050535,0.9293925772424506,0.9262566536372895,0.9298210187996199,0.9324772094180905,0.9305443975182798,0.9245209595652477,0.9327818250801425,0.9211661448573981,0.9266721834390477,0.925708132654357,0.9341450862972033,0.925311620547775,0.9320257827015905,0.9218861458218343,0.9322881698807679,0.932296285952927,0.9304979857063352,0.9269428030523582,0.9239209464884643,0.9293054755167615,0.9307322947440096,0.9268166392863137,0.9317711330240027,0.9240709021564956,0.92636859758775,0.9276746861558032,0.9332257950631301,0.9314800202604949,0.9250049915499126,0.9332361192023237,0.9286512077055931,0.9352241479385235,0.9207199890691329,0.9241605124444596,0.9313541209090849,0.9299056370142683,0.9229424325424768,0.9345714620172026,0.9276699774975126,0.004891739526049491,1
78.29598898410796,65.7525554013826,0.21451473474502564,0.22290675603870064,0.0033572327977361665,5,0.46436425893378597,2,4168,0.6975992433574473,"{'learning_rate': 0.0033572327977361665, 'max_depth': 5, 'max_features': 0.46436425893378597, 'min_samples_split': 2, 'n_estimators': 4168, 'subsample': 0.6975992433574473}",0.90696147006976,0.9161550451332524,0.9290302410700685,0.9125155334356312,0.9201200451651456,0.9222070424482016,0.9195137166463608,0.915879194209907,0.9058906362827968,0.921224686735999,0.9261957538340584,0.9098986084153128,0.9151845304880185,0.9155666188631327,0.9210653532309572,0.92177319335074,0.9242035923206784,0.9149194229491541,0.9196160976307295,0.9090722067601624,0.9142639088696315,0.9193920473087752,0.913868059917306,0.9193577327528164,0.9154604731556318,0.9172403424001672,0.9163326102384551,0.9195874698501315,0.9194304207665415,0.9035291394620899,0.9212818358211483,0.9174564026315098,0.9074804156210253,0.9217284823520632,0.9172659978975615,0.91031539036053,0.9117811114548355,0.9185104686096528,0.9206484527153251,0.9245358786182143,0.9137372167689971,0.9278891477132983,0.9133110862169412,0.9099659700370788,0.919868142857456,0.912623810306937,0.9093764544614054,0.9227305886968038,0.9248713642265789,0.9095156051281551,0.9187691755064071,0.9198419612976523,0.9230549554611372,0.9156540968824526,0.9082686011154472,0.912391077860079,0.9216122038994937,0.9249501653172699,0.9198826561348085,0.9127448265049332,0.9154811630893102,0.9180411662433744,0.9187937416538408,0.9133427124362912,0.9183239338790155,0.9240169003820444,0.9207841531820071,0.9185569657455722,0.9203451057168278,0.9082054026927997,0.9157948327558942,0.916047687532687,0.9217034795501866,0.9117168270513614,0.9228385683889152,0.9102160738689243,0.9205706779728531,0.924428761004653,0.9176391016235473,0.9159680846397692,0.9114079478146851,0.9183254998321639,0.9213902961016555,0.9183987252575581,0.9194451589099741,0.9112702546965293,0.9135785076968022,0.9161883159661001,0.9233005960159726,0.9232175545438341,0.9101722451927775,0.9232419804776011,0.9189373956287398,0.9268434536225998,0.9106229342752221,0.9139121697101448,0.9205964156789436,0.921057787488663,0.9112719814440808,0.9249646559744126,0.9172847795197512,0.005349374718145602,135
164.1741111803055,105.69365131364178,0.3018613219261169,0.3097815877036224,0.00266058533728436,7,0.7843776713248867,2,4168,0.7334971504850345,"{'learning_rate': 0.00266058533728436, 'max_depth': 7, 'max_features': 0.7843776713248867, 'min_samples_split': 2, 'n_estimators': 4168, 'subsample': 0.7334971504850345}",0.912054331572119,0.9172348228867248,0.934390822029368,0.9175284334424644,0.9255123192796832,0.926648750853642,0.9245549225420321,0.9209853257779447,0.9121628406238196,0.9249965621875629,0.932219343320193,0.9130570669608729,0.9204321519224367,0.9211932842968997,0.9258871786123887,0.9257979108092833,0.9296410357549403,0.9231288813113647,0.9240493072076392,0.9133906321031207,0.9182459510822969,0.9251875615961662,0.9209691394763175,0.9251890000917444,0.9191015231423225,0.9223696297611618,0.9198236922213122,0.9245138543544814,0.9235601546981643,0.9078175554185356,0.9258663006696508,0.9207370713673254,0.9120252602614541,0.9276226293737924,0.9210508728532126,0.9134875531376667,0.9171760096599355,0.9241560331635534,0.9251388355719816,0.9299743402467582,0.920867353167299,0.9322432683011339,0.9172665236970435,0.913823041349008,0.9254529161565058,0.9162195483504242,0.9152106355278564,0.926692372119918,0.9273319637970165,0.9176093839391539,0.9227215636944545,0.9260771611332763,0.9266262550102322,0.9208965702125429,0.9131332744873133,0.9159495201630894,0.927345698674453,0.9311700438349472,0.9243813450440412,0.9188035304283335,0.9215382831661474,0.9200756292851062,0.9244062357900691,0.9200580855789523,0.924903680855682,0.9285708260995483,0.9272063560688382,0.9215091111568717,0.9258675247397348,0.9117626501572399,0.9209293324025223,0.9196076120277857,0.9270888598510996,0.9198829196604799,0.926822241310978,0.9175665549033282,0.9265536220309023,0.9285782463392351,0.9223899026370013,0.9205441777057637,0.9167923674680203,0.9231743744602212,0.9260257694127496,0.9229528530233542,0.9258137165617628,0.916679285181341,0.9176587828286753,0.9235182134255512,0.9281777702577134,0.9272658434218252,0.9171787814964187,0.9294805454538733,0.9223382263913913,0.9300859526887254,0.9154043956272245,0.9184929150628306,0.9276319965989179,0.9247094997445472,0.9167859348465899,0.9281292644214241,0.9222285920087083,0.0053403039049019765,76
277.66380254507067,153.83701091387772,0.5556927680969238,0.5567084208638582,0.0044257514856917415,13,0.7492105015632795,2,4168,0.7213276284945062,"{'learning_rate': 0.0044257514856917415, 'max_depth': 13, 'max_features': 0.7492105015632795, 'min_samples_split': 2, 'n_estimators': 4168, 'subsample': 0.7213276284945062}",0.9028813785083375,0.9096466610658113,0.9293751917566797,0.908519897695888,0.9192081942055645,0.9199758291806076,0.9194568174580033,0.916912306012575,0.9057866685396483,0.9195763702277807,0.9262452455659312,0.9036068172174281,0.914315251472937,0.9139571249227024,0.9214092285309388,0.919417952046065,0.9245347621293901,0.9190439137537166,0.9192014129220788,0.9030791931862445,0.9104918505968643,0.9204352501735987,0.9165265243993186,0.920269404886101,0.9126507241480966,0.9186340185647659,0.9098702050416739,0.9172104094497927,0.9159467894124131,0.9024307640390709,0.9207650470472907,0.9100314530177315,0.9051488432492056,0.9247306604728135,0.9097738533843577,0.9040724007823013,0.9098998290523627,0.9188076435268244,0.9212496078694711,0.9249142698481498,0.9160621942377557,0.9252172625221026,0.9121868718351781,0.9051630617135452,0.9202560935026398,0.9096155050089445,0.9068947593633896,0.919952804853935,0.9212289328998717,0.9117666780245834,0.9156434041489161,0.9178418985940124,0.9208462538073452,0.915938386139192,0.9054657148993678,0.9069815076754139,0.9246219947024237,0.9252059491701794,0.9175153458168214,0.9106743085504496,0.9156592081182383,0.911856662261999,0.9182571955234976,0.9151656719323978,0.9200146374732083,0.922480188852251,0.9220737483238061,0.9125941383780429,0.9210066283324172,0.9040346489856275,0.9162228353255647,0.9103308665703992,0.9224050149823702,0.9154199560469646,0.9201468206138972,0.9139521300358661,0.9194841604075996,0.922382919125511,0.9161501632038873,0.915107437972486,0.9113187770597311,0.917927776030605,0.9189952002041046,0.918459926053361,0.9202872758777114,0.909610458583078,0.9107278200105023,0.9185796425254569,0.9224068416171018,0.9207849733055046,0.9126181614527223,0.9261479239665843,0.9150563906297886,0.9236692601755154,0.9088424631041214,0.911743647954089,0.9236477266689511,0.9178799884430547,0.9078836743971016,0.9208973731973057,0.9159131902654901,0.006270943750186355,151
301.53234228849414,170.79170047610617,0.45653597593307493,0.46719734285100134,0.009541050504959124,12,0.7890396477363382,2,4168,0.8551719409776926,"{'learning_rate': 0.009541050504959124, 'max_depth': 12, 'max_features': 0.7890396477363382, 'min_samples_split': 2, 'n_estimators': 4168, 'subsample': 0.8551719409776926}",0.8999687888866015,0.9086228323195666,0.9263875663643433,0.9067948370263301,0.9187036824795806,0.918250965988381,0.9175212852454345,0.9156452930672556,0.9036199493009887,0.9175783757159797,0.9248045077761431,0.9030696763171118,0.9130670097259602,0.9121399648029884,0.9199147706039694,0.9177349770887449,0.9233686072963774,0.9180091483323863,0.9177736499981519,0.900175213894513,0.9090970081468144,0.9183741584524783,0.9142059319252195,0.9189832226237311,0.9104149316157567,0.9166702451612188,0.9084362076844258,0.9160268601166013,0.9144288126633783,0.8998504747976221,0.9192302842395069,0.90904603686405,0.9037116990899626,0.9227840255350261,0.9069373193057264,0.9030165286008329,0.9083078140118535,0.9179385075585674,0.9200905430978495,0.9227048727842784,0.9139573454861041,0.9250267100180694,0.9101589290629339,0.9041365434740225,0.9188551309066125,0.9086184956502767,0.9054080773539173,0.9167176400759195,0.9179792147301693,0.9090547269567486,0.9140557966766281,0.9161603481189292,0.9199278677401426,0.913963747817792,0.9050714004343738,0.9059620121819028,0.9232582377804466,0.9233241853509608,0.9154876812271318,0.9090949206831445,0.9138019734837293,0.9107533871120105,0.9165254366084552,0.9129914813974543,0.9180175340938863,0.9205018491126531,0.9218577117826937,0.9108555097814265,0.9188503911442855,0.9014144487373809,0.9139765676402423,0.9081034095996342,0.9211288565202538,0.9144357637763479,0.9173908363967651,0.9125264393160313,0.917843546726895,0.9206173316069508,0.9145656744708887,0.915118807621675,0.9095202848214602,0.9168597510014567,0.9179466118586845,0.9168468747011689,0.9182539812819372,0.9075427328202144,0.9102979400093806,0.9164568212075292,0.920442429914099,0.9196125080160644,0.9104877390403973,0.9249189506630658,0.9146401204695936,0.922217492441154,0.9073891176511761,0.909185988837174,0.9228837538250372,0.9176684441017288,0.9062652323950711,0.9196217292331288,0.9142996105945111,0.006341382619729306,161
49.18362711668014,43.80151753564301,0.08371138572692871,0.0908472682946407,0.24350802020929316,10,0.8553966401931281,2,4168,0.7071309096348684,"{'learning_rate': 0.24350802020929316, 'max_depth': 10, 'max_features': 0.8553966401931281, 'min_samples_split': 2, 'n_estimators': 4168, 'subsample': 0.7071309096348684}",0.8906892865469378,0.893783430943906,0.9174966892213182,0.8986495479444069,0.9135326475561641,0.9077724687734378,0.9006239782491434,0.9055209956307134,0.8889845297804855,0.9036335433853223,0.9123619200990277,0.8837005945610912,0.9013109029960837,0.9021423498437906,0.9063549572860461,0.9055817215550063,0.9077795335026398,0.9055298575776245,0.9098155208030602,0.8887795870495104,0.9002788739698275,0.9112455052962471,0.9060550102247696,0.9112423043221622,0.9019840371061224,0.9025992984031486,0.8956926570078061,0.9014084843027328,0.8989213498039395,0.8939790020671375,0.9004109897219263,0.8947247496070947,0.8906370880629118,0.9078926645825462,0.9008941031894873,0.8934271945313074,0.8877933641783882,0.9040208657200415,0.9107113191714501,0.9076766677293898,0.9045153164580254,0.9131092027348905,0.8979119123351882,0.8914295340419168,0.9052445368955067,0.8922428308171805,0.8819815576929647,0.9071596618477827,0.911839121320928,0.8965192367451993,0.9012638337365182,0.9053305115488376,0.905393082194191,0.905168808267163,0.8872982960627137,0.8942988740294426,0.9067295814455884,0.9136648278061384,0.9026534371895847,0.899465138753641,0.9083801972634375,0.9033569226531497,0.9037892066512037,0.9034057076124666,0.9049103704448925,0.9140585994852681,0.906167426678149,0.899941507621841,0.9116099698903587,0.8941324807944426,0.903754258596906,0.8973401209229998,0.9147752736999631,0.8959666078843521,0.9027975288170574,0.8912313812035708,0.90706171522733,0.9065832411738631,0.9101197929067054,0.9019218600046643,0.8932287169347345,0.8980031724942228,0.9056309017823572,0.903849993570093,0.9064900578896338,0.8926009922465945,0.8954938818790591,0.9014440366724016,0.9072889015881159,0.9064389900206606,0.9053108611761915,0.915493537808849,0.8995366347759532,0.9077131637650607,0.8961877435650811,0.8944884785231125,0.9105673558919604,0.903178827933971,0.8983509087420852,0.908217852559249,0.9021967807357956,0.0073787893766402365,188
30.415128774642945,27.1443650004642,0.08820452213287354,0.08832461115846145,0.18908800050097183,12,0.44696914450563213,2,4168,0.9241719757660005,"{'learning_rate': 0.18908800050097183, 'max_depth': 12, 'max_features': 0.44696914450563213, 'min_samples_split': 2, 'n_estimators': 4168, 'subsample': 0.9241719757660005}",0.8919543118981641,0.9017792516229077,0.9160337694863615,0.9031816548515297,0.9105767266339865,0.9105414963903633,0.9044056706135098,0.9077273078478875,0.8967471575182324,0.9081219326598384,0.9139097168453691,0.8906097772191116,0.9057870060596825,0.9066214272650225,0.9120542589153907,0.9062017347334546,0.9112883077115811,0.9074409610501512,0.9061629092496213,0.8976814267417111,0.9020120379677622,0.9124761659481865,0.901459930570984,0.9096693693491981,0.906010278798128,0.9077438222864392,0.8956424453347399,0.9047803496083702,0.9064257844791284,0.894674678966324,0.9124068472545344,0.8999277682580282,0.8997431053121776,0.9161462014964301,0.898701630538651,0.8932783910290911,0.8951861630702216,0.9049337883701816,0.9164472933676263,0.9115055806250654,0.9070631816704323,0.9129835935354501,0.9006543556064894,0.8942130202098514,0.9127457102746509,0.8955452714861363,0.8895775697509579,0.9084968519483029,0.9105998565813992,0.8938208226380735,0.906091008128378,0.8999417073568912,0.9109784198772559,0.9071630577106223,0.8982337515117947,0.8943983808322001,0.9173201661606846,0.9154536530190077,0.9036269686662194,0.8976846763618511,0.903758331758914,0.9022721460236943,0.9122837645005979,0.9034807277438093,0.9040093141183158,0.9112544274040271,0.9111126208658544,0.8974242868760173,0.912889703232149,0.8934612576409615,0.9029177066391776,0.9012603662659864,0.905733941820227,0.9042804244670299,0.9120897414254466,0.8961915850746942,0.9099937948906546,0.9113604858371126,0.9092150033301364,0.9055777659859795,0.9032192716096883,0.9093085121761331,0.903789024482911,0.9087851328918487,0.9112409187884124,0.9007162560207933,0.8984252281577236,0.9030446884910278,0.9064305322122478,0.9112052153254625,0.903544737860035,0.9147455625883508,0.9093572255758275,0.9136876667085427,0.9014874083229302,0.8989781505448387,0.908011278802969,0.9144130594572891,0.8959067005182682,0.9133535319643682,0.9051480795967224,0.0066890159065264455,182
91.74992964744568,66.27204804272567,0.1950839328765869,0.19419960771134034,0.040257546850620746,5,0.6261177034169909,2,4168,0.7004487210952671,"{'learning_rate': 0.040257546850620746, 'max_depth': 5, 'max_features': 0.6261177034169909, 'min_samples_split': 2, 'n_estimators': 4168, 'subsample': 0.7004487210952671}",0.9161099578756814,0.921987917073146,0.9349388924409991,0.9233830214134557,0.9295484191052659,0.9306074503371237,0.9252977577590231,0.9257005956887653,0.9179599477466637,0.9263201760911727,0.9366159211954235,0.9183725537872017,0.9249513189220206,0.9247275861060297,0.9278271200210169,0.9294946000467267,0.9306175942637104,0.9256100099600315,0.9280248518271343,0.9173664894296809,0.9226948211086136,0.9292838372609165,0.9258484180233397,0.9292027416692278,0.9210542622940859,0.9260833469401709,0.9222117510289674,0.9296103169593033,0.925476464889943,0.912096144363516,0.9289775089361453,0.922881992898548,0.916644261073406,0.9340382577923695,0.9218283085217231,0.9211912206290416,0.9188397356073179,0.9276582295808673,0.929040798065832,0.9332072789621796,0.9253491117002123,0.9336171629707101,0.9198295160897377,0.9198416844398005,0.9312134172626436,0.9176644973819035,0.9184013568553252,0.9300054571821673,0.9329865111294079,0.9205907638011648,0.927945652370193,0.927003476899793,0.9315138015805362,0.9251749777622433,0.9152138601314191,0.9214866562942222,0.9320236266691575,0.9317487934180785,0.9287536426073526,0.9217593848472427,0.9268289867976047,0.9235875435738258,0.9265868808795958,0.9243548587619448,0.9251401302100131,0.931384102180905,0.9289809252995376,0.9246834024772435,0.9303633811061134,0.918971414526971,0.9224842059780147,0.9239714821017082,0.9330144802133346,0.921016502521194,0.9313123001673543,0.919135499969078,0.9291567516091228,0.9302510590364577,0.9271107554789367,0.9254812399569722,0.9205667159531706,0.9263116354884735,0.9280111707623365,0.9252528517430118,0.9305814518544938,0.920210115075109,0.9269004016038764,0.9235857665453133,0.9311288773567896,0.9294456672925524,0.9206184221288005,0.9316459636526304,0.9264967301970821,0.9340752924575301,0.9197971019359193,0.9238028965812127,0.9316895634336702,0.9290900239667199,0.9208121128988078,0.9319143033405403,0.9258120819620304,0.005060219280037985,25
142.80175394058227,103.97533575031343,0.6638373565673829,0.6749027074339026,0.013236985643524067,13,0.41163578809916035,2,4168,0.6278131133359567,"{'learning_rate': 0.013236985643524067, 'max_depth': 13, 'max_features': 0.41163578809916035, 'min_samples_split': 2, 'n_estimators': 4168, 'subsample': 0.6278131133359567}",0.9066885698241414,0.9171308396814143,0.9338375591043564,0.9138577752965084,0.9222003722061591,0.9232571787580147,0.9232511881184865,0.9200268024657866,0.9097844600223299,0.923313224651012,0.9291709533083002,0.9109662591037052,0.9191499244401875,0.9189726849640873,0.9229469610406287,0.9234963907618416,0.9274016090467673,0.9208044780859053,0.9229027422519976,0.9100334324363301,0.915305081848265,0.924464504951746,0.918867110794374,0.9232289235128726,0.9201709896392102,0.9210485120673059,0.9163661287763943,0.9210203794833048,0.9210017423615946,0.9086686439762904,0.9241887309757989,0.9133987637594865,0.9119888623475817,0.9265460252992109,0.9165749207364565,0.9102421531997394,0.9130824914345407,0.922494660447898,0.9237850880735384,0.9281272005706028,0.9211055023066514,0.929399371604863,0.9147538298352603,0.9095815242333464,0.9247206646842121,0.9148980866414429,0.9115441356288301,0.923776177551709,0.9258228349343386,0.9151830355645111,0.9192898738377275,0.922151375768089,0.9255401535762602,0.9185994978944484,0.910633549075508,0.9127635492642971,0.9290674180004334,0.927629306637592,0.9215541754798114,0.917751077424253,0.9207618082357107,0.9175070279063935,0.9217915533277843,0.9190421229888887,0.9249705313343345,0.9264562005387699,0.9252869860047903,0.9167688391896112,0.9240896838189661,0.9136555003063823,0.9190772232378694,0.9160117763042255,0.9249607010346719,0.9202678593516675,0.9225025815305353,0.9145885051620732,0.9242629262071624,0.9263536785164965,0.921851263418846,0.9194014947351192,0.9147946243006542,0.9246962473621932,0.924146704261287,0.9221460086578891,0.9242075499426277,0.9157084326401419,0.917552860626602,0.9233116013607087,0.9260027862470152,0.9228834980120887,0.9173613321581666,0.9283215076360443,0.9216163145213947,0.9271763283365038,0.9135373155942703,0.9144968083188266,0.9238117368514563,0.9234838760651772,0.9136263316251112,0.9264015933522756,0.920204211807885,0.005518186156872703,108
189.78290529727937,150.387084678369,0.6115735149383545,0.6134656432466685,0.028657643074216935,12,0.6396646702358648,2,4168,0.5934780614924402,"{'learning_rate': 0.028657643074216935, 'max_depth': 12, 'max_features': 0.6396646702358648, 'min_samples_split': 2, 'n_estimators': 4168, 'subsample': 0.5934780614924402}",0.9057255642457257,0.9123668181878695,0.9310576442730398,0.9135962240016722,0.9207094142381707,0.9240002845119177,0.9196348459255498,0.9188014711155443,0.9079636175267863,0.9210365913648229,0.9298039295994236,0.9083681918897134,0.9164280426367651,0.9180875518841929,0.9235518952092423,0.9226142455846451,0.9265656841116178,0.9221718851699725,0.9224152712050517,0.9077703291056872,0.9134612917085456,0.9233289144100966,0.9193620630277981,0.9221886185470274,0.9163229773513778,0.9222910628940544,0.9145009473634474,0.9189459162249782,0.9205515047371171,0.9049757726700712,0.9224262453191129,0.9139789187700544,0.911329407332158,0.9268409672105606,0.9093826445523466,0.9094323702217664,0.911215078309906,0.9222359848271348,0.9220707972052778,0.9267451319815219,0.9201997532401602,0.9273122872857799,0.9137096930956062,0.9079003440027325,0.9240093531114697,0.9136429344003896,0.9079241758673874,0.918504683023483,0.9252544628866918,0.9167925243550863,0.9177348585374366,0.9184759815584839,0.9233284754654255,0.918087617597231,0.9062494486276886,0.9110358297183041,0.9253527919459218,0.9261613130329348,0.9184595236725832,0.9134973171886636,0.9207015108414661,0.9157195171214234,0.9215730971657059,0.9183452956473614,0.9200045109974273,0.9241402372971076,0.9234520369155017,0.9160437594169116,0.9235055426546004,0.9071732557669017,0.918995917018836,0.9131923255680039,0.9251765236498789,0.9176366679160477,0.9216702199217942,0.9169437853250004,0.9212963462873685,0.9237885853073052,0.9189967941129088,0.9161380187370298,0.9149671664954088,0.9219454448301238,0.9221735464575047,0.9198703566167105,0.9241487874226857,0.9138726335570757,0.9149671888798578,0.9221657372912498,0.924950245106415,0.9226046671650735,0.9153755798296216,0.9264750077373457,0.918572528400244,0.9254854910240509,0.9117492383268407,0.9172308896259908,0.9240548476957866,0.9190732732894584,0.9112435158082303,0.9238259188800199,0.9185713549717349,0.005826927194272468,126
148.13286187887192,96.99960199163853,0.3392739248275757,0.34121618692077765,0.004576713770144064,8,0.8989949682497376,2,4168,0.5465943251737378,"{'learning_rate': 0.004576713770144064, 'max_depth': 8, 'max_features': 0.8989949682497376, 'min_samples_split': 2, 'n_estimators': 4168, 'subsample': 0.5465943251737378}",0.9155359226375664,0.9201415431737484,0.9379241272761533,0.9199557571065605,0.9274701140030351,0.9290533944104173,0.9266260137230198,0.9250432332777295,0.9172947925227648,0.9267914664518768,0.9360740986761538,0.9168823727168034,0.9242416512874392,0.9246498655771382,0.9287632895400261,0.927697132400253,0.933192549557457,0.9272714014812032,0.9267809400297259,0.9158512942605522,0.9205749501398603,0.9274440485361221,0.925546584982705,0.928988744762648,0.9221072191663936,0.9268463802539073,0.9217115017429243,0.9278142197715227,0.92585339441536,0.9122506163771338,0.9294806697797755,0.922174367136502,0.915399625529554,0.9321503849890251,0.9216623316199335,0.917424212337109,0.9197347039674248,0.9276307238311579,0.9287123520760419,0.9336847328464848,0.9254072209717273,0.9349321006634775,0.9200290536865869,0.9169182228383782,0.9292179704003362,0.9187447371280151,0.9174182937076178,0.9292768858759115,0.9310243178996384,0.9220037165823727,0.9258536424660895,0.9294608567174988,0.9312311883118456,0.9237664367991936,0.9136613988812718,0.9197669545456478,0.930761122963005,0.9335669920711296,0.928050894471188,0.9226952127465796,0.9256437802482971,0.9231089801060148,0.9262469107349092,0.9245424034809152,0.9278544200900897,0.9316035505739121,0.9304982760838941,0.9240054619509578,0.9301686887567674,0.9163518929396435,0.9234425869437259,0.922378445442022,0.931158028581265,0.9231551232581863,0.9297000989298554,0.921817270213154,0.9298315823314607,0.9308805354091914,0.9267439234982384,0.9242205840155387,0.9214968796623264,0.9267211603894778,0.9286608222071306,0.9251107605150322,0.9297380994529858,0.9197079751973909,0.9221559821706731,0.9250489875522088,0.9318134875447419,0.9311304396366592,0.9217643746458364,0.933772846418563,0.9261346884513231,0.9327317580407722,0.9195218477632977,0.9219601710347276,0.9314205107827431,0.9265025685143727,0.919614150603551,0.9304571333847006,0.9254703713165527,0.0053302783913777765,34
104.77679622411728,71.40495109122564,0.3384912610054016,0.34637461174273637,0.005043032494055014,9,0.4338278902640621,2,4168,0.828467526482219,"{'learning_rate': 0.005043032494055014, 'max_depth': 9, 'max_features': 0.4338278902640621, 'min_samples_split': 2, 'n_estimators': 4168, 'subsample': 0.828467526482219}",0.9129199916633597,0.9215765871722981,0.9360456663643709,0.9207562651316105,0.9266496429297726,0.9282551751186019,0.9262744317540281,0.9247293204078888,0.9151620409913132,0.9275408169508089,0.9352855984240948,0.9146816994226571,0.923755345195456,0.9234688139199507,0.9277753920570473,0.927446534064454,0.9311857716818512,0.9250406074579993,0.9278928205683385,0.9150756039775046,0.920227071993499,0.9286119730910879,0.923080706144235,0.9264919281156726,0.9222414326273543,0.9243749829717728,0.9217197180613323,0.9260010561843579,0.9246790086408143,0.9124405608148897,0.92794285026643,0.9211236229499498,0.9147591994584743,0.9314900511191381,0.9213908225078525,0.9169936433543026,0.9192536316372565,0.9268438683215912,0.9274919861197471,0.9324660902431101,0.924562752698961,0.9336658557451522,0.919108923222999,0.915971697548069,0.9281067025743696,0.9193683916530255,0.9183671290599386,0.9270368869742024,0.9296447879465998,0.9189573677515305,0.9242947819114958,0.9272736509664208,0.9296020287591413,0.9246011088742153,0.9136009960527545,0.9177199383813986,0.9309646261686374,0.9317644951397972,0.9266415078241086,0.921918811663021,0.9251446917752726,0.9239467932328013,0.9258346560630355,0.9225182576558226,0.9282047799774151,0.9301730742153174,0.9286807753419443,0.9215190094058103,0.928293044316985,0.9166157010247252,0.9232599862398015,0.9206628687471652,0.9301753879402906,0.9237857454235956,0.9274211906462031,0.9191498277875128,0.9293267372648258,0.9294597204399715,0.9262764397496447,0.9246122980817861,0.9195483398619086,0.9271783873155065,0.9278486601427212,0.9242693689279756,0.9280948831834269,0.9194536290017468,0.9223634467603661,0.927148997438258,0.9301090379446608,0.9279438928449876,0.921406196118906,0.9312392114214468,0.9261609671615205,0.9324045711090889,0.9189664117842531,0.9210630937810863,0.9282211440615677,0.9267167738772779,0.9187325805505913,0.9314136589749581,0.9245965900838431,0.005146412508694367,47
128.9276586294174,91.45550644915957,0.13972522020339967,0.14114133183213104,0.3148118030349409,5,0.896472573405416,2,4168,0.754653481010436,"{'learning_rate': 0.3148118030349409, 'max_depth': 5, 'max_features': 0.896472573405416, 'min_samples_split': 2, 'n_estimators': 4168, 'subsample': 0.754653481010436}",0.8949830703692264,0.8976276263975106,0.9180548803307824,0.9002220938879373,0.9164003094289965,0.9109105934025917,0.9071169992967252,0.9086360711031923,0.9001222050526595,0.9003768629866167,0.9180634272937677,0.8969802760233491,0.9044814720467789,0.8973914205882147,0.9149433063910832,0.9062721348643085,0.9027997637250558,0.9013449176591973,0.9090716173222569,0.8958104981809129,0.9085297816227341,0.9070612484817552,0.9048111051885305,0.9082758365987291,0.8975020168914998,0.9035897582481939,0.9041158809391705,0.9089614591377828,0.9025940989108372,0.8886593673180258,0.9025350033671306,0.9028136717703662,0.893369733489429,0.9190768540633526,0.8973534195456336,0.9002273262762734,0.8900639290829842,0.9086276311352744,0.9101514346170306,0.9201618144629413,0.9062216970459811,0.913951628713075,0.9018575942081747,0.8968011260631025,0.909730958656662,0.8944332580725285,0.8959002205222056,0.9076102961710142,0.9148280649260556,0.8871922015383252,0.9060063323036992,0.9072850602665746,0.9100899242264636,0.9116164961798359,0.8886532632177375,0.9011599175657541,0.9112419099549263,0.90953894572847,0.9007434229318668,0.8966580272246795,0.9047064454812739,0.9032436351310776,0.8997536469760633,0.9087387690956521,0.9051870448256785,0.9129593508871343,0.9118854486618194,0.907011629715734,0.9069899186854138,0.9019185263915503,0.899629270444688,0.9039332026776201,0.9160392056745653,0.8952412638540684,0.914392526719956,0.8977478010624191,0.9101797430710944,0.9061185746186479,0.9047620294293052,0.9047155337220868,0.9004476583414448,0.9066741877392815,0.9026359816263314,0.9068719268236288,0.9129376897418565,0.900878359443014,0.9066429550191625,0.8930608384986867,0.9118591291580448,0.9149216046077959,0.9001323053310584,0.9058917575357448,0.9099888345896335,0.9132013607601903,0.9003867334023757,0.8992595232082548,0.9148920273866376,0.9068093032607785,0.8968911695245777,0.9125579589876405,0.9048370613512795,0.007118709214753549,183
125.51001911401748,93.4917398945401,0.31780572891235354,0.32259373981106515,0.009477580161406974,7,0.5762776490360921,2,4168,0.7166462117662614,"{'learning_rate': 0.009477580161406974, 'max_depth': 7, 'max_features': 0.5762776490360921, 'min_samples_split': 2, 'n_estimators': 4168, 'subsample': 0.7166462117662614}",0.9172976523445843,0.9241295344822245,0.9383489148845185,0.9227506436173518,0.9298719961236859,0.9296496990142106,0.9270446647498768,0.9273317436708686,0.9189646873730282,0.9282707209770868,0.9377060235111166,0.9186047956642975,0.9263800812515226,0.9258435786867837,0.9300428245367698,0.9301332718285191,0.9341861335660819,0.927708435757075,0.9295717556814301,0.9173577284136438,0.9238000395378103,0.9299670897041095,0.9251688858693884,0.9299779226096849,0.9238512768131626,0.926771397377391,0.9255048335981841,0.9293904048302605,0.9268100295552223,0.9145097621725413,0.9310179637330962,0.9241968043899595,0.9169589646197412,0.9348925837726938,0.9247127790760559,0.9205448837673798,0.9219203598027597,0.9292439897056296,0.9301897526923432,0.936036583783365,0.9266707577763343,0.9357262700281692,0.920678754737567,0.9195376871044556,0.9310697794315993,0.9208759297093798,0.9197498659998591,0.9321330915484565,0.9323238978778161,0.9219290870473809,0.9268841599491443,0.9311959592048196,0.9316058549807108,0.9251757590243341,0.9168653789812594,0.9218889631511572,0.9320854104665786,0.9351213034538002,0.9297557392341286,0.9251593586757837,0.9269883696256556,0.9258235572509314,0.9283611420312354,0.9254868036638946,0.9300309453392462,0.9331606499253211,0.9306370980202542,0.9248457540956985,0.9315178226319918,0.9195884081404863,0.925333157394907,0.925269877548175,0.9328831765650955,0.9250050655419919,0.9312020838978359,0.9234288018257765,0.932015731388039,0.932323887200253,0.9289368139392765,0.9261832868808287,0.9232452487882524,0.9289128911228315,0.9303442516196151,0.9266259991206124,0.9328717778968106,0.9225578836382816,0.9251991070504705,0.9268496957972234,0.932842191792789,0.93199199653095,0.924206997709272,0.9331090278507806,0.9285822137061233,0.935174742911436,0.9206333269585638,0.9239424203453491,0.9322426000864519,0.9297983208675571,0.9228576070437532,0.9328180245490624,0.9272692296022127,0.005050399910388565,5
31.86540992021561,27.00259457985293,0.06142979383468628,0.06072549400820046,0.25566286825132806,12,0.8447686965101635,2,4168,0.6986024431356466,"{'learning_rate': 0.25566286825132806, 'max_depth': 12, 'max_features': 0.8447686965101635, 'min_samples_split': 2, 'n_estimators': 4168, 'subsample': 0.6986024431356466}",0.8916724303702459,0.8869837511889058,0.9146817038084865,0.892340519393493,0.9014280877830483,0.9013591460299701,0.9010561658968076,0.900065270251866,0.8823082706855672,0.9005529549963969,0.9063003611806012,0.8862260100773246,0.8926725002589847,0.8972649196159802,0.9008215799315761,0.8993565178305994,0.9153794591954328,0.9023493781508831,0.9079661669447394,0.8794029274701431,0.8943541320666818,0.9014154597468992,0.9022919155131505,0.9057063687964294,0.8900106519433456,0.8984428379680593,0.8935415791793972,0.9022546133593047,0.8849982794487665,0.877265851088334,0.9019651215762212,0.8924513625824635,0.8864541777999864,0.9090559869965762,0.8940202311400071,0.8892112887563727,0.8824126575026416,0.9009717579079942,0.9051993827373859,0.904531400268772,0.901547478466543,0.9044856792578617,0.8997993780763444,0.8826194002171723,0.9021141822000899,0.8939201635888364,0.8767029737047329,0.8987115310267728,0.9020040297490775,0.8968485693120095,0.9011340091274933,0.8935013890394985,0.9015310804591135,0.9022870044413522,0.8868912166769748,0.8936322891543422,0.9111926132661831,0.9058386359434917,0.904883109123047,0.8775206900038693,0.892702213621095,0.8949792996629325,0.9026284268553978,0.8954139046534939,0.8947033628621734,0.9032465879416953,0.9044080541640392,0.885845252998818,0.8987271805961405,0.8822327333111488,0.8987784338419404,0.895283389826214,0.9001286643060809,0.8941322906897008,0.8974128793272651,0.8936253723825864,0.9032023537037677,0.909504268218657,0.8969957424354421,0.8932561298624,0.8942584357341868,0.8893727834687903,0.9052424863480469,0.8967226220025687,0.9030620652552133,0.8904965020779826,0.8940148433687831,0.895388118579027,0.8999282726256543,0.9022044832677655,0.8857453858371507,0.9059464841653087,0.8997774552789535,0.8977188313279276,0.8902264806697431,0.8981577962217453,0.9076344334039452,0.8937776431418909,0.886757571465894,0.8984894817895365,0.8968603731756575,0.008030068249211774,195
125.55972393274307,84.42437787060342,0.27094139814376833,0.27525290090353194,0.0020143801083789686,7,0.5198936688318733,2,4168,0.8996750943797756,"{'learning_rate': 0.0020143801083789686, 'max_depth': 7, 'max_features': 0.5198936688318733, 'min_samples_split': 2, 'n_estimators': 4168, 'subsample': 0.8996750943797756}",0.9086434908021461,0.916749165175326,0.9315380023598779,0.914619255778034,0.92313897729416,0.9238931028581843,0.9223649207077591,0.918319968343971,0.9084109671327908,0.9231573641208589,0.9293830858054106,0.9104045081842582,0.9174733045111894,0.9185560446601084,0.923951676466195,0.9238244803461869,0.9259675162092895,0.9199213844681033,0.9225480560093562,0.9110326754397227,0.9164308913083705,0.9227689566405408,0.9172991282158863,0.9218223578595848,0.9160704158140843,0.9191535377283058,0.917707358639952,0.920870153116579,0.9209286942769263,0.9057359617574147,0.9238545306100641,0.9182587299197638,0.9089961353181144,0.9239555767531666,0.9184897343707524,0.9120945999343875,0.9140137706585962,0.9210872581337954,0.9225296547114435,0.9272939363921476,0.9182400517862432,0.9303422503169416,0.9150454053716544,0.911517420897939,0.9214521144172917,0.9136823127987188,0.9118872543136939,0.9237700343755515,0.9255957184797327,0.9136918675750927,0.9204419334583661,0.9227236487781878,0.9238826811925845,0.9187997480186922,0.9109252786209432,0.9139851580930854,0.9256241045355051,0.9284514142070789,0.9212972845354825,0.9153574271144455,0.9186249953417104,0.9186601901616595,0.9218805283090494,0.9172437123615387,0.9215906809047943,0.9261559866293503,0.9238571073805478,0.9185934630931081,0.9230772853127509,0.9100727896343347,0.919054068597284,0.9170391303742371,0.9244874791885807,0.9168860637141008,0.9235416824378724,0.91428890348645,0.9245363654976607,0.9260741783332682,0.9200749767585921,0.9187303454954152,0.9134889940040132,0.9213757418456273,0.9240839550835516,0.9207954152250546,0.9220489546087117,0.9136962324938267,0.9158642407823145,0.9208896734672054,0.9249264923386428,0.924675271496214,0.9143916118015922,0.9260598390528691,0.9207738501406129,0.927422820801095,0.9136484843162932,0.9150657162835798,0.9237172838899135,0.9231013433850437,0.9137979364649879,0.9266449510353484,0.9196091117924883,0.005325067118820327,116
168.7961827635765,91.12832460575184,0.33338939428329467,0.3312182627076648,0.021492877622786812,10,0.5302754167783346,2,4168,0.9087200648184439,"{'learning_rate': 0.021492877622786812, 'max_depth': 10, 'max_features': 0.5302754167783346, 'min_samples_split': 2, 'n_estimators': 4168, 'subsample': 0.9087200648184439}",0.909512234948289,0.9169024717207679,0.9333603688159946,0.9162708683763551,0.9235380178111388,0.9237355861101986,0.922793825238567,0.9205697579897363,0.9114289506539967,0.9223523924374917,0.9310948132839916,0.909551753953691,0.9202474005702206,0.9196247930774258,0.9249559251744915,0.9243878513684837,0.9279227874561479,0.9217512091940362,0.9240453005450885,0.9097726499085762,0.916911465807579,0.9247336829189439,0.9189759302920845,0.9232094595293515,0.9197853393451759,0.9218455584393256,0.9154663690700994,0.923397264537198,0.9208944265705731,0.9114899628843282,0.9248051455787829,0.9165998010467815,0.9133061684365347,0.9284136775511889,0.9174003083716511,0.9131061119845664,0.9147625389203389,0.9245690230281928,0.9244140363052349,0.928517452525498,0.9207324580873056,0.9291343567263558,0.915777762338939,0.9106353360400399,0.9245364634784821,0.9156213337173162,0.9114714861355631,0.9241720217684435,0.9277311337919053,0.9166775559418269,0.9215730933965827,0.9237709334149982,0.924681409434728,0.9213799403237601,0.9096155776388345,0.9141833728241386,0.9283251010004252,0.9296329657863022,0.92277074219927,0.9163194633258785,0.9217156884008889,0.919285085061779,0.9212780691314513,0.9198487588375996,0.9241667471994095,0.9248051750378874,0.9255258855750828,0.9185488037214177,0.9252865907712019,0.9123564971892868,0.9196823276645807,0.9159073999212274,0.9269424748388431,0.9200217608557084,0.9241251145852278,0.9168695017554196,0.9262377052429197,0.9257685300280232,0.9222882040680442,0.9209382899227588,0.9159322695034412,0.9234166058210685,0.9238211202340789,0.9203110692597043,0.9244203317648685,0.9151591087311112,0.9179614176033593,0.9241190338130183,0.9279299748474991,0.9244893583875969,0.918429004056063,0.9276511943103487,0.9217924513421833,0.9286180531275318,0.9143477251695943,0.9162638760059597,0.9260965599082897,0.9229910380830907,0.91518574748219,0.9267988839396253,0.920924986223486,0.005366993429585965,99
