mean_fit_time,std_fit_time,mean_score_time,std_score_time,param_learning_rate,param_max_depth,param_max_features,param_min_samples_split,param_n_estimators,param_subsample,params,split0_test_score,split1_test_score,split2_test_score,split3_test_score,split4_test_score,split5_test_score,split6_test_score,split7_test_score,split8_test_score,split9_test_score,split10_test_score,split11_test_score,split12_test_score,split13_test_score,split14_test_score,split15_test_score,split16_test_score,split17_test_score,split18_test_score,split19_test_score,split20_test_score,split21_test_score,split22_test_score,split23_test_score,split24_test_score,split25_test_score,split26_test_score,split27_test_score,split28_test_score,split29_test_score,split30_test_score,split31_test_score,split32_test_score,split33_test_score,split34_test_score,split35_test_score,split36_test_score,split37_test_score,split38_test_score,split39_test_score,split40_test_score,split41_test_score,split42_test_score,split43_test_score,split44_test_score,split45_test_score,split46_test_score,split47_test_score,split48_test_score,split49_test_score,split50_test_score,split51_test_score,split52_test_score,split53_test_score,split54_test_score,split55_test_score,split56_test_score,split57_test_score,split58_test_score,split59_test_score,split60_test_score,split61_test_score,split62_test_score,split63_test_score,split64_test_score,split65_test_score,split66_test_score,split67_test_score,split68_test_score,split69_test_score,split70_test_score,split71_test_score,split72_test_score,split73_test_score,split74_test_score,split75_test_score,split76_test_score,split77_test_score,split78_test_score,split79_test_score,split80_test_score,split81_test_score,split82_test_score,split83_test_score,split84_test_score,split85_test_score,split86_test_score,split87_test_score,split88_test_score,split89_test_score,split90_test_score,split91_test_score,split92_test_score,split93_test_score,split94_test_score,split95_test_score,split96_test_score,split97_test_score,split98_test_score,split99_test_score,mean_test_score,std_test_score,rank_test_score
75.53727319478989,83.6155101474084,0.1092568564414978,0.13827425863545342,0.034309977022776265,10,0.8255183999255711,2,4168,0.8993315400781986,"{'learning_rate': 0.034309977022776265, 'max_depth': 10, 'max_features': 0.8255183999255711, 'min_samples_split': 2, 'n_estimators': 4168, 'subsample': 0.8993315400781986}",0.9221891789113413,0.9402080732494555,0.9464817745081954,0.9434543795044779,0.9294967232689852,0.9416574659916959,0.930848777003046,0.9309979317558761,0.9484299509099952,0.9329564179093068,0.9243215133607935,0.9185723287569957,0.939422416474893,0.9436272620267605,0.9420619642951037,0.9423121779327716,0.9425889025030288,0.9433935575807844,0.934911945264396,0.9242349230482604,0.943012615715383,0.9210246935197723,0.9543396929000441,0.9328212765146234,0.9105053852566389,0.9304955945661046,0.9426781087710796,0.9279917720014612,0.9397016613227652,0.935902738673734,0.944269285841582,0.9374973078243507,0.9231963465368842,0.94034681972162,0.9292257469976812,0.9317183750015485,0.9430932327821497,0.9358311083933853,0.9445651099510023,0.928180224014965,0.9188126297497302,0.9390941687821286,0.9486062929348582,0.935197717559423,0.9328518782350541,0.9300963795956759,0.941779503812655,0.929160744555725,0.9380205002308311,0.9371978938084333,0.9381988478654091,0.9218456228970393,0.9376715398536275,0.928486006068991,0.9281235572097369,0.9407393773287657,0.9389289058553469,0.9451524417118191,0.9488238850946059,0.9143985703519613,0.9484446746316552,0.9288644072991442,0.9530681576374023,0.9261517379515509,0.9076422058290767,0.9246079630698336,0.9358554161452552,0.9418344541029949,0.9397063181675608,0.9164566575131124,0.9471331319497451,0.9350154894591258,0.9217087125609089,0.9230402823513408,0.9495069513940868,0.9523615709877689,0.9259442694137506,0.9287819011979362,0.9423200272021156,0.9314950672760374,0.9357859265914,0.934775943749392,0.9218803196286118,0.9251994826458849,0.9502447116125321,0.9450804847161021,0.9389151213179447,0.9285038062052304,0.9427204851869747,0.9287034038674032,0.9434726379633647,0.9369646561955904,0.9468345103213026,0.9345372716549698,0.9301111673692299,0.9282684701537892,0.9280218182737455,0.9450800871478209,0.9257342500054122,0.9421364916533047,0.9350466166646517,0.009712757158461682,161
6.3994801902770995,7.2018855393217125,0.012376911640167236,0.0005294046925333956,0.16094119246640926,8,0.7102644796917272,2,4168,0.7257235182514921,"{'learning_rate': 0.16094119246640926, 'max_depth': 8, 'max_features': 0.7102644796917272, 'min_samples_split': 2, 'n_estimators': 4168, 'subsample': 0.7257235182514921}",0.9262075548029051,0.9424684857057424,0.9506477078253088,0.9411410982264306,0.9377723439076731,0.9397037796512078,0.9365859866654038,0.9427221250777282,0.9419653653541801,0.9348253713472997,0.9209016177382477,0.9211444403317831,0.9407025099328621,0.9343702051538456,0.9484346186419942,0.9403746853552291,0.9432524473048418,0.935498301068538,0.9366196630263777,0.9226769562643343,0.9418805350481072,0.9121166147670375,0.9508073101332019,0.9278180179756533,0.9171472723409424,0.929616123861786,0.9441019667749275,0.930074194668678,0.9433151643910423,0.9308394350792076,0.9527267970705047,0.9368353255101747,0.9293539916967016,0.9287703700849782,0.9396512330439214,0.9342060379329654,0.9455334476509337,0.9315832665688297,0.9366127118624101,0.9291284496491996,0.9133802744052444,0.9376537100150768,0.9363285245083104,0.9354397766700827,0.9362392561900288,0.9190301828635695,0.9435165838479572,0.9235528149368822,0.9403800872458214,0.9361093300397061,0.9454990763790161,0.9196208440402048,0.9403509475867028,0.9206585020592742,0.9344065388862295,0.9417338552195788,0.9394273741406539,0.9438746857751632,0.9486406518530036,0.9263168066979588,0.9398849011711847,0.9277621618975317,0.954337381957996,0.9349276200626638,0.9102790997916096,0.9304949183898166,0.9349298847346158,0.9430219395446775,0.9382608786210537,0.9285538308044105,0.946650392862596,0.9266203236794113,0.911611242733994,0.919982626738455,0.9523203125523887,0.9493083974306711,0.922297363735421,0.9249756013290027,0.9395773975210321,0.9230288910926909,0.9120444223822691,0.9359285411269734,0.9134030335312328,0.9396412931432094,0.9429313699816977,0.9408177703335507,0.937914123732751,0.9337556776056398,0.9452001186399732,0.9195183212385935,0.9390729785408287,0.9375835962025247,0.9398668550797894,0.9320879142155902,0.9375268567248376,0.9354808440017213,0.9288310471246817,0.9433492127234892,0.9197560449878529,0.9356219656144883,0.9344145050643651,0.010144651661984309,164
8.093105330467225,11.434139930513444,0.038766133785247806,0.09281876319046992,0.20267695188333315,13,0.4934133071510458,2,4168,0.7422756934537176,"{'learning_rate': 0.20267695188333315, 'max_depth': 13, 'max_features': 0.4934133071510458, 'min_samples_split': 2, 'n_estimators': 4168, 'subsample': 0.7422756934537176}",0.9045483031272773,0.931913530083928,0.9211813314641459,0.9260730154906045,0.9113773639638788,0.9325951821258429,0.9210939413693123,0.9182549978872232,0.9309638864314714,0.9271375617862369,0.9125391921586204,0.9078676988446136,0.921935359644629,0.9292011000642165,0.9293435412727145,0.9348867388272016,0.9255913532045719,0.9244934180832496,0.9306779528762693,0.909872371406862,0.9290285582788388,0.9004489998600773,0.9515489155292802,0.9144435980058812,0.8860737620980115,0.9262005665550069,0.9354847073650978,0.9080059308116321,0.9366763562797553,0.9210264680023761,0.9291445448179686,0.9305773966738679,0.9247002016130446,0.9223088974474511,0.9238101277031731,0.9119501024279801,0.9332503678179663,0.9229560796844548,0.9295986851791068,0.9156827045600491,0.9113184283840357,0.9186385304239117,0.9434187550386725,0.9243219714735805,0.9183258715299032,0.9270953181633692,0.9223848578153195,0.9196887719508987,0.9184149373298315,0.9366397407881011,0.9382816964319036,0.9266945601443949,0.9336820704833086,0.908260841088731,0.9106527466545074,0.9269501218548438,0.9311437356681707,0.9310356881017257,0.9373467732215262,0.893468525385118,0.928652181447175,0.9244687467119788,0.9461574080048987,0.9233220289053001,0.8986267083968379,0.9264711718151756,0.9344378612579376,0.9305841776206776,0.9257137399409585,0.9170515918662046,0.9366168191984231,0.917944198552926,0.9141494036501369,0.9090849380186797,0.9387034233418405,0.9443200371739808,0.9156933451797034,0.917156747268694,0.9233101671947106,0.9262335707182752,0.9259745299383331,0.9267832268367703,0.9091748615926816,0.9266257940193422,0.9418621880093762,0.9309161995923859,0.929925589451494,0.9135202008614877,0.9440906487500365,0.9167705772831161,0.9303393696388469,0.9281399816681214,0.9313594004789925,0.926392062387912,0.9251214642017465,0.9198640047874154,0.9363733265823418,0.9401047417233039,0.9085004971774665,0.9180170535268016,0.9241078273752822,0.011345411829989825,190
12.44930643081665,16.17699667180741,0.01702427625656128,0.04566403125362168,0.13420186966472852,13,0.563207966534582,2,4168,0.890300529340937,"{'learning_rate': 0.13420186966472852, 'max_depth': 13, 'max_features': 0.563207966534582, 'min_samples_split': 2, 'n_estimators': 4168, 'subsample': 0.890300529340937}",0.914150158349663,0.9300772581633479,0.9344591291884884,0.9306896692354182,0.9336948615490471,0.9375858864063473,0.93133151734018,0.9224039172799501,0.939193193478814,0.9271441984418813,0.9192620029354776,0.9171804785663483,0.9387830992061951,0.9495963527205004,0.9374461625823286,0.938285125164138,0.9398968257246333,0.9313557326954046,0.9332941053883487,0.9184324991930238,0.937525542955428,0.9090443047699159,0.9486428792560457,0.9215823228540905,0.9002811535046988,0.9293102169166797,0.9369609379415201,0.9138395393099507,0.9333682040750597,0.9313552801423584,0.9327074437583545,0.9346942242427068,0.9203613131988957,0.9314974173554808,0.9253488086588458,0.9224522911718676,0.9431520272001979,0.9290262050159028,0.9391473064999342,0.9292392908894079,0.9091839937775087,0.9325124545204626,0.9483835887779212,0.9397975695707115,0.9204744666815273,0.917788275910958,0.9329201331684345,0.9300994354152756,0.9319374483208327,0.9359838611292188,0.9281098920172978,0.9253410781599545,0.9325836644049238,0.9273422235616855,0.9264819500977544,0.9336156395912762,0.9290789990189713,0.9392803792645191,0.9397858478845296,0.9165596738592928,0.9450485210005661,0.9303864296046432,0.9501830888904853,0.9281586998884943,0.9174425446220879,0.9226611751067649,0.9289882485520724,0.9328615599507087,0.9322711055813134,0.918197981530928,0.9383061245912527,0.928792557351663,0.9160513493317691,0.9172449943302506,0.942773231760479,0.9510116846190322,0.9132886603763258,0.9218744245534043,0.9382971195752177,0.9141388284175411,0.9229147064469078,0.9417763992103398,0.917948799233645,0.9267717882399308,0.9403644056727108,0.9353233384397486,0.9382003100906433,0.9298738515242982,0.9327323992326637,0.9231923825687638,0.926386417450334,0.9267197974045447,0.9408836848720855,0.9299416609480673,0.9236826750016534,0.9244971107919001,0.9368940398234783,0.94036461448895,0.9172626322209817,0.9414029971524821,0.9299617179890906,0.00986768857051281,176
35.81938217401505,48.74454104549109,0.14464202404022217,0.2118344885534598,0.011478916201752568,9,0.3467468889128293,2,4168,0.8888719962112984,"{'learning_rate': 0.011478916201752568, 'max_depth': 9, 'max_features': 0.3467468889128293, 'min_samples_split': 2, 'n_estimators': 4168, 'subsample': 0.8888719962112984}",0.9262878752734337,0.944890204269756,0.9512874114452311,0.9427809363582327,0.9407131995917922,0.9507724292382649,0.932900335785177,0.9399826777929366,0.9487809300565412,0.9339877715207625,0.931950376441173,0.9270405106817293,0.9431165428893199,0.9497035996847865,0.949397259623942,0.9465102198114286,0.9476391088159922,0.9402881873261082,0.9439294876072527,0.9195442489143595,0.9530807791545131,0.91926725853336,0.9593288802993422,0.934219534869838,0.9176361864588914,0.942538559180212,0.9494992038861279,0.9314320247775565,0.9485124210354015,0.9399356708568892,0.9500750778833317,0.9403436560595071,0.9334875333828216,0.9440457315243862,0.9367218586801681,0.9338767467156418,0.9511159333197505,0.9433063100358133,0.9426503119890031,0.9349326679742207,0.9272701709841376,0.9407661893461067,0.9537052437238066,0.9388779639651876,0.939445786682448,0.9313255978122353,0.9410350284637462,0.9363952826460077,0.9449113017223526,0.9436107116192725,0.9481664297555417,0.9380256310926947,0.9481981284065644,0.9292432384492193,0.9298114738696674,0.9413177957380403,0.9413426183212367,0.9521073065018871,0.9496181675465575,0.9270109963074681,0.9510474134947405,0.9351225070053115,0.9571043233059129,0.9349311284367962,0.9172598392753522,0.9385489938448379,0.9397478452448579,0.9465076368117148,0.9486466516526506,0.9303792377267976,0.9524487415497079,0.9432013067609033,0.9276692187652281,0.9232622210813481,0.9561731245082229,0.9558284778987642,0.9347091182090299,0.934394165636116,0.9462199168504001,0.9336095914839201,0.9321850147041127,0.9403665079545664,0.9366896497543973,0.9383510456230626,0.9490910238912669,0.9423688977077069,0.9348483893574814,0.938715782994302,0.950354815419886,0.9325194736288138,0.9449098907407502,0.9432715601520502,0.9465378387922879,0.9424840602610287,0.9306227342009773,0.9318356112593176,0.945814242917713,0.9524017909506812,0.9334384571560809,0.9408256346779196,0.940341386043862,0.009063457967374218,109
41.453246734142304,53.62734187925412,0.05959994316101074,0.10515569669075892,0.11252755476052344,5,0.9035772568372358,2,4168,0.8750524870215068,"{'learning_rate': 0.11252755476052344, 'max_depth': 5, 'max_features': 0.9035772568372358, 'min_samples_split': 2, 'n_estimators': 4168, 'subsample': 0.8750524870215068}",0.9308128910659983,0.9508868626911775,0.9469327652388222,0.9496343457952612,0.9340534914727373,0.9415220275059275,0.9367077370925505,0.9502578612112937,0.9522909468934756,0.9375153531446132,0.9337791875252601,0.9294690701966344,0.9456278158420514,0.944362759919407,0.9517383236519896,0.9533809183594932,0.952555113138825,0.9461896539773885,0.9521469126840215,0.9238443443894593,0.9485928957816772,0.9315711478050017,0.9613890494614247,0.9349278398004699,0.9182476870219215,0.942124326366904,0.9551868656988058,0.9333230988417696,0.949140507632696,0.9426780111557015,0.9482890775467567,0.9454056920622717,0.9373563170013296,0.9382519142839955,0.9260115454483628,0.9332100485614898,0.9542196520381265,0.9481971812287486,0.9482546940541701,0.9363448250310323,0.9275165811170577,0.9396784616922378,0.943476564905313,0.9465620404345011,0.94346110315056,0.9283642837447632,0.9440375959185076,0.9434557086772116,0.9482342784227626,0.9446460074578559,0.9542681248411667,0.9428052119551403,0.9433029313155062,0.9132447201095539,0.937884624671608,0.9448174499531455,0.9412542955949523,0.9495314374765643,0.957540966937672,0.9316823085536006,0.9574759483661992,0.940948590553557,0.9526611455183822,0.9379540948334002,0.9171700719865824,0.9350588254412519,0.9435859398406652,0.9553760468007152,0.9455012373173358,0.9277403839798108,0.9567854874510069,0.9449624106891882,0.9252118698963894,0.922096259254901,0.9580280512363077,0.9607443558450018,0.9361266119840861,0.9391344140533302,0.9521186214833874,0.9326331676160147,0.9433540107843004,0.950467477644241,0.9369688402888108,0.9369388308266431,0.9496095594774486,0.9471459590890328,0.9403188646254353,0.9445877014954019,0.9500591490607947,0.9407692484202503,0.9520116052554858,0.937129693453848,0.9524241277103842,0.9472049276255337,0.9369054873317922,0.9376158876458328,0.9469340401212412,0.9508701200760542,0.9357673477730463,0.9481557295644607,0.9424874759796629,0.009765160195478581,78
57.34624512434006,77.41160925833593,0.10467912197113037,0.16840840161006623,0.02182672713652882,8,0.729429006999116,2,4168,0.8426212864018037,"{'learning_rate': 0.02182672713652882, 'max_depth': 8, 'max_features': 0.729429006999116, 'min_samples_split': 2, 'n_estimators': 4168, 'subsample': 0.8426212864018037}",0.9318758781118305,0.9450999234892832,0.9494436693066133,0.9471657575082643,0.9389012527118241,0.9458237152304629,0.9337943939316723,0.9424326129710194,0.95191712635731,0.9416846435389002,0.9354341443399798,0.9290900920194721,0.9442605372882809,0.9486055888169012,0.9516175848870102,0.9455616335497351,0.9477573148534437,0.9481716475031071,0.9447846604910912,0.927538098912753,0.950704440738226,0.9293319535049714,0.959407120490919,0.9374693486932392,0.9285557058282516,0.9426760799654916,0.9517629709290656,0.9323933760430148,0.9477751001186735,0.9412057524931762,0.9514046885571663,0.942558331305944,0.932640729926185,0.9471120993251028,0.935936764495293,0.9370722908859699,0.9526021745908423,0.9440941873050894,0.9512209635155262,0.9367914660320656,0.9233534753248102,0.9441393408248072,0.9548548900671544,0.9418153025545553,0.9392921499164811,0.9342263447235551,0.9490428450677562,0.9341676810647744,0.9443327743227269,0.9458211907671349,0.9504618013132173,0.9356024597624826,0.9479709927614565,0.9353179153758141,0.9330529245138021,0.9455687103259742,0.943912602391742,0.9504382128578563,0.9537600412634347,0.9302629995998031,0.9552483904254496,0.9375848653351496,0.9576472444763214,0.9378361756920679,0.9202085549151673,0.9357625215743343,0.9425844411980018,0.9504677453531615,0.9476549746052412,0.9298225978340591,0.9545483113018879,0.9417296150836224,0.926433023227975,0.9246620053723754,0.9559113945509223,0.9568339934676291,0.9319385982152546,0.9346696624003266,0.94617685021093,0.9297515718220432,0.9424841800543382,0.942642824374453,0.9361896683771305,0.9356776292482062,0.952166850572662,0.9481060902330334,0.9401340186568936,0.9397767441372349,0.9522169671829408,0.9353554990942335,0.9467173767925263,0.9436203768483872,0.9523192119292028,0.9445596175577409,0.9377751023938343,0.9340715621793579,0.9413680641900781,0.9527290357635115,0.935413307181204,0.9472620724291182,0.942191292116205,0.008530780792683853,85
22.480906007289885,34.224466654595155,0.044520466327667235,0.07268141517710809,0.04074815560860463,5,0.6381938749367917,2,4168,0.7162553812160863,"{'learning_rate': 0.04074815560860463, 'max_depth': 5, 'max_features': 0.6381938749367917, 'min_samples_split': 2, 'n_estimators': 4168, 'subsample': 0.7162553812160863}",0.9370850793539222,0.9506985442787427,0.9575233797890137,0.9552553571443132,0.9458971207634838,0.9520921666636718,0.9467313153360214,0.9536155835320513,0.9540504802505214,0.9421658697869628,0.9382624365317157,0.9335582507850684,0.954468702056576,0.9550315240641314,0.95383382005415,0.9572782350552846,0.9552099585774637,0.9508156419270856,0.95599160280402,0.9299058168550391,0.9549314955468527,0.9402474147251743,0.9628804769898496,0.9456122294181952,0.9266057291134236,0.9483318053153205,0.9576574763927114,0.9448518078664843,0.9558576869141334,0.9478371791330141,0.9573077367119851,0.9471400079799123,0.9427032101425791,0.9471003179634386,0.94163948606975,0.940507094914492,0.9590597440282413,0.9543962899667727,0.9539061512814063,0.9424600951246588,0.9375783334838212,0.9461392234999273,0.959247925095665,0.9430400355915373,0.9519341275595278,0.9351981906924517,0.956018025676911,0.9454052634846601,0.9526875370026605,0.946947511277951,0.953040127420737,0.9428254428094252,0.9537961060969555,0.9313252205265715,0.9407997027356128,0.949282036193261,0.9463451180070506,0.9530759594093082,0.9578774574943454,0.9374163807419363,0.9563744776007832,0.9458268150349636,0.9602486129013988,0.9453948251197631,0.9255198489086911,0.9418384163476929,0.9483513337127453,0.9568559850733969,0.9565299391200797,0.9398100583239617,0.961408519074737,0.9503968395458021,0.9322775297446115,0.931483412294801,0.9594305926824636,0.9632264499628247,0.9413636687901327,0.9433768204553403,0.952913455263867,0.940394002282038,0.9437475476953435,0.9544348045247271,0.9404504644881662,0.9458211717301763,0.9575357100097349,0.9513539147828655,0.9391381395775521,0.9462443464654062,0.9569206270690094,0.9459849438229511,0.9554663219361131,0.944418013571476,0.9561685709688987,0.9531404215037442,0.9369858483705676,0.9436328626960506,0.9527578924379773,0.9536487333257843,0.94212499013105,0.9549966572415659,0.948184776305972,0.008358593816037903,14
41.617431168556216,57.06576504083578,0.12465569257736206,0.1979622862831844,0.00787169111132696,7,0.6000233430178148,2,4168,0.7797632208827519,"{'learning_rate': 0.00787169111132696, 'max_depth': 7, 'max_features': 0.6000233430178148, 'min_samples_split': 2, 'n_estimators': 4168, 'subsample': 0.7797632208827519}",0.9357619412343913,0.9489202389839684,0.9542433743071779,0.9516657293259276,0.9458845565377559,0.9516390997712548,0.9383090444077058,0.9502759173679582,0.9514874122354982,0.9424089206239681,0.9358868699367772,0.9361075837567473,0.9467492505633797,0.9537373969314028,0.9537905822436541,0.9524109806481144,0.951647291598762,0.948558926291736,0.9522664921043732,0.9299012551051008,0.9536237626736807,0.9313924837609252,0.9620154641465135,0.9417467436047662,0.9286219911125123,0.9449625769946577,0.9544468730566275,0.9403012584299777,0.9531244119147856,0.9451456996961599,0.9543872776675496,0.9466228874887181,0.9389015086123119,0.9475131373000495,0.9417916931370311,0.9406104922321531,0.9581107499937607,0.9491912187824478,0.949842486658875,0.9427816920473597,0.9329148068658891,0.944956709156338,0.9567807401755389,0.9450284691110095,0.9458633268092206,0.9366640962849752,0.9492090907317111,0.9406707820699989,0.9504136664593831,0.9487457653107048,0.9531179274316425,0.9422052879970979,0.9510267888461484,0.9330087172646151,0.9372339659036775,0.9469374289738166,0.9452202093583828,0.9551568137550404,0.9556899883331653,0.9318660807661584,0.9551167128183504,0.9409184360561236,0.9608795393724225,0.9415755834203007,0.9251098616673578,0.9414504265879141,0.9433658159275123,0.953196929566417,0.9516098855723161,0.9359988406356203,0.9578647307965498,0.946697793540047,0.9308070771417833,0.9279760261314511,0.9601856035516735,0.9598156369842793,0.9409568722185282,0.9399064543579263,0.951463358518146,0.9373787095531028,0.9429522984570775,0.9494370363030208,0.9420931407492308,0.9437607034822382,0.9539694287559322,0.9489309191338823,0.9404975125544631,0.9446026572204783,0.9561369061231946,0.9428358113908292,0.9531089318020748,0.9465622076546956,0.9547153373645121,0.951123483728134,0.9369205001830374,0.9414115626574824,0.9491530644549541,0.9553165437915917,0.940333459488357,0.9488778536365375,0.9460451158824057,0.008052215302156154,36
41.38069576740265,52.30103867543361,0.23801183462142944,0.33651278229579107,0.002204408027866876,10,0.42196109783371993,2,4168,0.6368187333479057,"{'learning_rate': 0.002204408027866876, 'max_depth': 10, 'max_features': 0.42196109783371993, 'min_samples_split': 2, 'n_estimators': 4168, 'subsample': 0.6368187333479057}",0.9332333765989461,0.946601506088302,0.9508452353509278,0.9455928571948544,0.942468524395228,0.9507059169683958,0.9377779692996366,0.9442629268883793,0.9505554324745864,0.9392387659681656,0.932459134817516,0.9309088363055161,0.94757067278996,0.9522060652672232,0.952773033433193,0.947917523255351,0.9495858625696629,0.9429401589838864,0.9481603137189965,0.925741069764257,0.9547202287032195,0.9220959867158154,0.9596690357384984,0.9387719075069231,0.9216627212667245,0.9454650699548867,0.950478921210405,0.935681792866782,0.9504380711772964,0.9425498541550241,0.9518137709255015,0.9432595092558452,0.9371080258333153,0.9441844138977085,0.9395476401609468,0.937037454945646,0.9559126870547575,0.9462571734837947,0.9467589311162123,0.9385719323538183,0.9294374904316177,0.9442835560514621,0.95720423946841,0.9450982707375437,0.9410590645201953,0.9323283809014067,0.9455712526043827,0.9364427770425469,0.9486215726677436,0.9474583836236731,0.952100138736355,0.938616357516465,0.9495019453544162,0.935593765484421,0.9350087172956768,0.9450355232709896,0.9447981474557079,0.9537729631879212,0.9516791223800303,0.9289124796368653,0.9536245728476593,0.9387734881496089,0.9598772020338866,0.9390351544556025,0.919721486098991,0.9413826607550125,0.9421264835476824,0.9497407327525383,0.9503672623405423,0.9352154923345761,0.9546468843003334,0.9451808263816623,0.929647847069628,0.9265247310413174,0.9583710202730528,0.9590643060631947,0.9369591467647137,0.9378762569871604,0.9464563423760499,0.9353222984736539,0.9404361387624869,0.9428543733412581,0.9395605614731792,0.9420883223599809,0.9510229917580487,0.9481503650191886,0.9401235293537173,0.9402222433459799,0.9521733432949405,0.9381990563847642,0.9488920703749628,0.9438930728852152,0.9503671278214068,0.9477638986429687,0.9347032352759356,0.93610943427794,0.9454098388581063,0.9532306464941248,0.9387205259190102,0.9454857271603652,0.9433537515667438,0.008524125538209968,68
48.74451748371124,67.75636720873439,0.11122178077697754,0.17800695680220605,0.01480199922593233,9,0.7311375937791238,2,4168,0.6934767629369737,"{'learning_rate': 0.01480199922593233, 'max_depth': 9, 'max_features': 0.7311375937791238, 'min_samples_split': 2, 'n_estimators': 4168, 'subsample': 0.6934767629369737}",0.9338163744753373,0.9494865195222005,0.9506899327575506,0.9458843150815957,0.9411490875668614,0.9476880450242682,0.9388654791870653,0.9411957026692204,0.9510538997548568,0.9415440146293544,0.9316498484938582,0.9308187371937202,0.9473685566180103,0.9496732431018751,0.95157263411057,0.9476791587814589,0.950466488734313,0.9479633864016016,0.9472187179279719,0.9258879312660147,0.9525029687495596,0.9287772680372088,0.9587781948886245,0.9387227600146976,0.9218245383397088,0.9421116513585549,0.9509715602569193,0.9347501937219537,0.9485033162397534,0.9420131478678826,0.9517366454524678,0.9457065554854491,0.9325556359237107,0.9462729579084501,0.9402783437998944,0.9378511092534052,0.9529626893468629,0.9463559378012939,0.9492008715555774,0.937575090764394,0.9317958812183134,0.9445218648691519,0.9544305829419022,0.9456560916062925,0.9409396067134983,0.9315480086303911,0.9486969934874413,0.9378237625262077,0.9468405500947917,0.9462583825083418,0.9490714082029038,0.9356699361978692,0.9477750670767587,0.9360633014885076,0.9345124114598503,0.9463483405223626,0.9442744204732384,0.953555501068511,0.9558356306541547,0.929874009066518,0.9536638658879923,0.939979745121491,0.9599460763613727,0.9356111818747783,0.9210910203575747,0.9372396007297175,0.942277078840229,0.9506692961890784,0.9492793614107243,0.9348379237057342,0.954992787586864,0.9415626870800079,0.9276510477350769,0.9295532505082543,0.9558876203262834,0.9599908735169553,0.9357846324918582,0.9345733304955969,0.9477724309407363,0.934706940404221,0.944527782720816,0.9458471887666954,0.9388002130022356,0.9385812384657114,0.9530568922047336,0.9483245219935059,0.9401480300433683,0.9415773796315444,0.9539015885083605,0.9363617704208851,0.949079111282994,0.9407540334555395,0.9522792779951093,0.9479002723245251,0.9385855089960519,0.9378766453704092,0.9449843697490034,0.9525641157229102,0.9378681046028429,0.9479249576780706,0.9433062901537093,0.008343513236466076,69
26.309355521202086,35.96690691404942,0.05638882637023926,0.08390948506070042,0.019230985848199402,6,0.3926818835585638,2,4168,0.9455311449794073,"{'learning_rate': 0.019230985848199402, 'max_depth': 6, 'max_features': 0.3926818835585638, 'min_samples_split': 2, 'n_estimators': 4168, 'subsample': 0.9455311449794073}",0.9371436673310279,0.9487869959953026,0.9522987979315884,0.949741338223724,0.9436736949597905,0.9516334034339701,0.9388748050592007,0.9490586104604336,0.9529661241847981,0.9430789150326145,0.9394372398456063,0.9348432408851451,0.9493454094370887,0.9532031153196583,0.9544636045588653,0.9527326163235736,0.9518702995699807,0.9465438260521483,0.9529995827964134,0.9247457709318362,0.9552264715906943,0.9293129946810572,0.9616207588842834,0.9400742253030159,0.9302259881304408,0.945861534161183,0.955711977497331,0.9369903606736129,0.9520132413754039,0.9460264831264672,0.9540994230828841,0.9478233741970097,0.938709194557286,0.9471978779603876,0.9399017864141935,0.9401794281304094,0.9592342631254439,0.9509782401992894,0.9494830522968615,0.9428083848048333,0.9367558735753011,0.945909535944163,0.9571222916228636,0.9428545738725354,0.9433057475834709,0.9394021376289273,0.9487477754534027,0.9371953562308654,0.9536748206363828,0.9478362256368466,0.9538112000124864,0.9428783095815383,0.9482739370026203,0.9302439927787644,0.9382635449720474,0.9484064748181028,0.9428208099637574,0.9550241078942546,0.9529185301305535,0.9328434712261481,0.9557419643765144,0.9443315661850545,0.9605503845019012,0.9449632798516069,0.9268096783734554,0.9415881920589111,0.9445571473146462,0.9554894393599114,0.9553007559282122,0.9395743636062132,0.9576217824585719,0.9457634347029626,0.9319538858429675,0.9283250610675281,0.9625085688095805,0.9601022958819042,0.9429761666890195,0.9395556030490746,0.9503473437751274,0.9375120174472548,0.9374839173489393,0.9496234094912205,0.9449601323436683,0.9444991042884482,0.9535831102637893,0.9482977392298746,0.937600401816161,0.9465285130824166,0.9573336327590378,0.9421787657655183,0.9548315395353336,0.9471491808247177,0.9549310680147436,0.950431765888597,0.935476036507187,0.9420988553132437,0.9484331525059532,0.9550615681988458,0.940405954941015,0.9479348702102582,0.9461362448469928,0.008236733704075124,35
11.818793063163758,15.928442140321774,0.052030634880065915,0.08128286243793446,0.058894059575253024,7,0.4099061789374698,2,4168,0.675271908931688,"{'learning_rate': 0.058894059575253024, 'max_depth': 7, 'max_features': 0.4099061789374698, 'min_samples_split': 2, 'n_estimators': 4168, 'subsample': 0.675271908931688}",0.9342424758785234,0.9463619289200947,0.9509879257935231,0.9481078489464755,0.9423495704006171,0.9511650363455606,0.9443412715601145,0.9423022972375461,0.9458810951512087,0.9399060434320754,0.9336048771463371,0.9324053439686151,0.9464623775624329,0.9501140997308454,0.9488026023575393,0.9524465957516757,0.9489020470308893,0.945865707291683,0.9493850207046878,0.9279035175221593,0.9556535123367778,0.9303808770868149,0.9596040380827806,0.9361900516015966,0.9319062704012395,0.942435649865687,0.9510021718456046,0.9400101760443395,0.9497408399641525,0.9462946391511224,0.9520930814225403,0.9431168349743559,0.9378321301436442,0.9468718136267241,0.9417013297966408,0.9377805685186448,0.9551256952152911,0.9480072578200192,0.94701076127659,0.9413965705433722,0.9328700184367948,0.9386934656645795,0.9536890171758678,0.9466691097791928,0.940247478108973,0.936402627195037,0.9453524661590909,0.9408374822406496,0.9455558715867601,0.9500134920091525,0.9522554565828412,0.9371521528059348,0.9501474324634097,0.9348471516610484,0.9358462436264392,0.9459831104207694,0.9453959422873622,0.9498565594498767,0.9512757217144626,0.9264242670933658,0.9546413328086033,0.941185049468052,0.9583413307237284,0.9386587248331758,0.9186108911094002,0.9338870459598463,0.9424085849703272,0.9523353869266481,0.9529225980769787,0.9331725623670704,0.9580507287698965,0.9442140438203698,0.9243275781678735,0.9320116881698207,0.9564432253563042,0.9546865692070999,0.937625788673223,0.9390304283887503,0.9497452596322705,0.9376877055888212,0.9400078269070936,0.9484516201674563,0.9398210192503679,0.9426965475936274,0.9482701018215722,0.9445115662787771,0.9368483804151756,0.9429811865877069,0.9556963412125613,0.9399528516048165,0.9526665516682259,0.9454411675620433,0.9537377989491844,0.9463683737003896,0.9408480475072069,0.9354430228355953,0.9489869286340239,0.9542621444021968,0.9384806012873028,0.9459165044300318,0.9439658212474576,0.008012680994495598,62
74.76701888561249,92.08122379407473,0.14482149124145507,0.21146276157117047,0.013154903428519675,9,0.7035132276732117,2,4168,0.9410460479419269,"{'learning_rate': 0.013154903428519675, 'max_depth': 9, 'max_features': 0.7035132276732117, 'min_samples_split': 2, 'n_estimators': 4168, 'subsample': 0.9410460479419269}",0.9234265375756651,0.9425969816826424,0.9474341934950554,0.9425158272735972,0.9345094640299378,0.9452786140564883,0.9345953545262699,0.935965164167138,0.9500568267450624,0.9380115334081183,0.9327147684119359,0.9261181819394046,0.9392069693174568,0.9480867840385586,0.947524069668364,0.9446860575429767,0.9471812369680859,0.9447276714124722,0.9401906081852031,0.9261701557034081,0.9474214539082133,0.9211231276324529,0.9568986173326143,0.9347513987415649,0.9231591472852981,0.9380348660587767,0.9478587357891797,0.9298540126038082,0.9435721917487547,0.9391213145271251,0.9494433350391475,0.938702678262383,0.9305709353793092,0.944901132913538,0.9347504323154742,0.9353539510967698,0.9463060295960489,0.9415831262312552,0.9463484900691452,0.9334488673906094,0.9210283584440985,0.9421770408507301,0.9526351446009365,0.940369122359145,0.9361344608453959,0.932258234798351,0.9424373124392607,0.9342734980677542,0.9402763809210825,0.9411545412000449,0.9432972899974041,0.93105791552707,0.944067061135691,0.9332209947245839,0.9314347379346486,0.9429331261317191,0.9372536826757136,0.9506970950739976,0.9493492201545877,0.9214707668666536,0.9517194637838258,0.9343051154827471,0.9578537713484913,0.9311122145069348,0.9153203567555607,0.9315609087764748,0.9391527070588306,0.9440236007103858,0.9463687406162317,0.9246809321003353,0.9501329576979483,0.9377343139823263,0.9233960681646113,0.9225815885028747,0.9539925733973235,0.9551184840559641,0.9298805370307263,0.9301636606267762,0.9445972794684628,0.9288524053852409,0.9383753728476771,0.9412508828468882,0.9331282041123155,0.9336762771444997,0.9517185931408823,0.9467238587860718,0.9387545309372889,0.9361126775546658,0.947083631367058,0.9333679284734661,0.9441255674004834,0.9429609142328481,0.949234860400403,0.9415605780023659,0.9344294342796006,0.9312029534396833,0.9366685239490747,0.9500677636279082,0.929794679165596,0.9439137269016487,0.9389842546688069,0.00890763134817621,129
15.663772559165954,22.05822178063042,0.05489837884902954,0.09730149881956264,0.058787488174591576,9,0.4287208298911828,2,4168,0.8147337384172095,"{'learning_rate': 0.058787488174591576, 'max_depth': 9, 'max_features': 0.4287208298911828, 'min_samples_split': 2, 'n_estimators': 4168, 'subsample': 0.8147337384172095}",0.928523492004124,0.9380969271958459,0.9481228122817446,0.9434574913032351,0.9363843953668962,0.9463676929132834,0.9348296587029329,0.9377998637922957,0.9485268064670601,0.931456862649064,0.9288465711080938,0.9241264125590872,0.9480859921124799,0.9468705876713114,0.9420123632655836,0.9442145504178395,0.9461651286855259,0.9427593800562104,0.9457037568503677,0.9233403272311447,0.9524920017517756,0.9173996717301576,0.9546558596409463,0.9296876582168413,0.9157280006507236,0.9406916916740746,0.9500268870821186,0.931448400861379,0.9497287961625313,0.9376317577942387,0.9485379340284521,0.9369939000485883,0.935898883338221,0.9458530561820222,0.9293356601585385,0.9284768749528988,0.948177100016882,0.9398882245774812,0.936131533372159,0.9335737355990439,0.9215345209832377,0.9387970518736104,0.9490533958621137,0.9319905605553263,0.9383587610067554,0.930122590932336,0.9392141662386917,0.9354681173732846,0.9433830480769211,0.941067113461038,0.9450604159411848,0.9338214953283153,0.9456830639475022,0.925840172319305,0.9321422177200666,0.9408007782293861,0.9365260317076607,0.9528174370111278,0.9440151639833012,0.9149745415313852,0.947822392318203,0.9324188789940018,0.9532587455885643,0.9312946868957156,0.9166454141485874,0.93699106041958,0.9335111406137184,0.9411067115795104,0.9448434635453781,0.9276668337118351,0.9462812557443118,0.9398868382137502,0.9225867228415927,0.9216926033739212,0.9523103530696697,0.9542320397859092,0.9309286731586617,0.929515310189176,0.9443668663138776,0.9248433364852364,0.9323888227293716,0.9397928713518694,0.9292010642243967,0.9397466394609943,0.9458623743872753,0.9395912974870999,0.9261913340209824,0.935732203017676,0.9465104307091194,0.9326044070807054,0.9460137413383161,0.940776528850302,0.9455532298987094,0.9409187365337911,0.9280495892487156,0.933209920999019,0.9416193171472729,0.9521587784535707,0.9329629511514563,0.9397998603468314,0.9378960676998441,0.009279821064343111,142
37.29490855693817,50.515082679129996,0.16933598041534423,0.23882920119270423,0.0074256256636144845,9,0.4770112689529312,2,4168,0.6106544380455997,"{'learning_rate': 0.0074256256636144845, 'max_depth': 9, 'max_features': 0.4770112689529312, 'min_samples_split': 2, 'n_estimators': 4168, 'subsample': 0.6106544380455997}",0.9379236871892358,0.9470857215260623,0.9535617080931807,0.9488592156888576,0.9434710292246835,0.9517725437666107,0.9367530614091515,0.9456493389130082,0.9530492634600234,0.9428401980352215,0.9339822752399779,0.9323146214866035,0.9482991842692917,0.9530138126799742,0.952687236810019,0.9502177751690231,0.9510289586626482,0.9452787013748882,0.950443067750742,0.9279844394666654,0.9560823141615957,0.9256125101962587,0.9604454533208999,0.9422497587040832,0.9255785803689345,0.9455159986861436,0.9513671276166159,0.9369038038217558,0.9521917213127459,0.9449305884763634,0.9540900726499298,0.9456246832741534,0.9387350215256953,0.9461947507288966,0.9408501461344955,0.9396007706162481,0.9555073910829439,0.9476280325132235,0.9497291529139891,0.9409296114631889,0.9326804356900048,0.9466927499882947,0.9579516655400417,0.9456710187087979,0.9436855068102984,0.9354189147529411,0.9505034554093775,0.937493293614929,0.9489035690265357,0.9469175940126853,0.9532513743268497,0.9403148734793069,0.9498017185136318,0.9376071760612819,0.9379058012839269,0.9457867028529308,0.9451007275784353,0.9537604818335635,0.954583324976389,0.931225230590311,0.956036059273956,0.9405520778222812,0.9611798870987757,0.9388184359541112,0.9224493264464043,0.9415583180925986,0.9439290032350732,0.9514676141722567,0.9512771481625347,0.937328226530726,0.9568028117183919,0.9468724107739468,0.9322315776088311,0.9271501925885124,0.9597760548277444,0.9607678729792809,0.9388129939813548,0.9397874225075681,0.9495220756067474,0.9365194566625235,0.9441589151810986,0.9473009519857252,0.9429073088117619,0.9436629858807061,0.9534778585596472,0.9491526628191661,0.9416939141233411,0.9423246749293807,0.9547334617904195,0.9406382456356986,0.9518966855175512,0.9484332297446643,0.9524051725084677,0.9501643150604873,0.9381976890826834,0.9394954614629669,0.9486329711512713,0.9548741464178746,0.9406409449941155,0.9481811627287228,0.9452705066926392,0.008227321261650832,43
54.78647312641144,73.71682780062149,0.20132529497146606,0.28783539398229147,0.003542301979862929,10,0.519294212142261,2,4168,0.8664566840767005,"{'learning_rate': 0.003542301979862929, 'max_depth': 10, 'max_features': 0.519294212142261, 'min_samples_split': 2, 'n_estimators': 4168, 'subsample': 0.8664566840767005}",0.9272521540982902,0.9457419569850187,0.947446776182453,0.9435686190656223,0.9390850779787914,0.9485060423048833,0.9350487127707482,0.9392197196538031,0.9477963513643456,0.9355659424987239,0.9278268005501789,0.9269276249758863,0.9410286267540453,0.9503208118473835,0.9479543942443237,0.9448565299713207,0.9475265913689882,0.9428085966160438,0.9426316389249119,0.9253627193598163,0.9514215321686008,0.9174079487983904,0.9578321941268171,0.9340104439170649,0.9205058287906375,0.9412969078945715,0.9486831678685406,0.9304920886841608,0.9471389154933842,0.9387985067317305,0.9486915570540206,0.938666913720681,0.9328149950018323,0.9435633905300527,0.9353903421379779,0.935866252624366,0.9514925816297383,0.942342465802296,0.9460960438296063,0.9345377140485455,0.9209174729676781,0.9411493654045059,0.9566064949165217,0.9407042349854602,0.9360616379097714,0.9307701116205298,0.9439276057965156,0.9357597380122333,0.9439914272501274,0.9431514300857653,0.9478033723445705,0.9344159720495437,0.943935248694002,0.9309334297842811,0.9292923677505859,0.9414983935132936,0.9412943475733851,0.9505685246180635,0.949035321272696,0.924606744449208,0.951879029763481,0.9357478011013858,0.9579954963679489,0.9338290457816083,0.9169343260126017,0.935986989133168,0.9400390780881304,0.9455214717427997,0.947577423930556,0.9291529002634273,0.9511729204759809,0.9413785875209363,0.9223800564110097,0.9240305420131707,0.9546221804510622,0.956976360749141,0.9323646908937765,0.9311631073387864,0.9433960967424149,0.9316499571335521,0.9354866018276105,0.9395989431100918,0.9349015921467404,0.9363042397360787,0.949637518703542,0.9454852556909455,0.9370019974472745,0.9357033601886409,0.9493201097600875,0.9333817389982421,0.9441815603723589,0.9429536207105912,0.9480170484264374,0.9422616578635795,0.9332696382410666,0.9329662847662025,0.9412637565780968,0.9514252430102743,0.9333713245002995,0.941744810516886,0.9398202308387731,0.00903069259841527,119
4.380261826515198,6.371319996553546,0.018191330432891846,0.05527354123678817,0.2734032352073796,10,0.34288512029063584,2,4168,0.8022354374607745,"{'learning_rate': 0.2734032352073796, 'max_depth': 10, 'max_features': 0.34288512029063584, 'min_samples_split': 2, 'n_estimators': 4168, 'subsample': 0.8022354374607745}",0.8960107572285908,0.9139949522630854,0.9329509140397747,0.9105430113423675,0.924041297193525,0.9252762837603683,0.9010236995007376,0.9170149536182918,0.9204962216166958,0.9177444943491865,0.8813702321873047,0.9064525469419882,0.9145030704163242,0.9262486535413725,0.912554651337104,0.9242762100425427,0.9196098735031651,0.9265770444796936,0.9118377740762201,0.8833811675690573,0.9175527492677837,0.8985227631675963,0.9422140005521888,0.9019128386212576,0.894670441127378,0.9331018497559833,0.9200464748611289,0.9126802506603647,0.9290679980938392,0.8927676599336987,0.9238345203706382,0.9106734381562098,0.910190423710295,0.9045427264881056,0.9112215179114367,0.9000858933145689,0.9380229160419229,0.9202213533555248,0.9201390670883174,0.9069961752631924,0.9066109481167258,0.9247588882260954,0.9280393072195148,0.9113102612209133,0.9174413793149596,0.9084731995429458,0.9227638876258291,0.9100830333013487,0.9397086976186435,0.9132930512151405,0.9290656211184614,0.9037567991247205,0.9266377790397347,0.9124310265397576,0.9166179273908824,0.922808993509526,0.915449725819296,0.9170780845397024,0.9080400038220526,0.89744143849098,0.9312108657693134,0.9055577535955212,0.934095587912467,0.9076854242530616,0.911441475851785,0.9112522373966048,0.9030405555695055,0.9323000270416331,0.927559267711133,0.9141000688973069,0.9217444545976843,0.9037909362454403,0.9176111929671567,0.9004922469296351,0.927520462979982,0.935588561325459,0.8960430982803453,0.9112051933929949,0.9151002284779921,0.9048478672135358,0.9096901823695136,0.9103246027804494,0.8967139422557148,0.9142556618698703,0.9193210187704846,0.893120068511245,0.9102112379860521,0.8886508875778432,0.9371511989740777,0.9083948399375308,0.9395702655164514,0.9151254298233855,0.9136248676404077,0.9239399789264577,0.9251138920401849,0.9131193739539998,0.9276991419254835,0.9345175457108098,0.9053217414615758,0.9063603222964043,0.9149059662628255,0.012628937077647793,198
38.45631435394287,53.87020774849303,0.059131503105163574,0.09736255952628418,0.06549741060235847,5,0.9023229491727829,2,4168,0.7385529462805007,"{'learning_rate': 0.06549741060235847, 'max_depth': 5, 'max_features': 0.9023229491727829, 'min_samples_split': 2, 'n_estimators': 4168, 'subsample': 0.7385529462805007}",0.9331594688932747,0.9457372623334134,0.9559405304491737,0.9513947650328934,0.9403117449127143,0.9459211673417577,0.9401636855170495,0.9471665967727779,0.9530337395988444,0.9423790460990541,0.9347272719327544,0.9355424825301021,0.9508656279861978,0.9522900215423976,0.9575271935855764,0.9528258418574215,0.9513904941908173,0.9500388293585903,0.9525455959226679,0.9260784885785626,0.9508123767979617,0.9390616072614179,0.9624825896365502,0.9390038705104152,0.9301091576119129,0.9401956863139376,0.9556491841454078,0.9394281014721151,0.9518344761935154,0.9451918300368822,0.9543009204723675,0.9481596064841994,0.9393761776877063,0.9488124265799347,0.9372493841020457,0.9391315318996624,0.9577014622757893,0.949136302483945,0.951073963102189,0.9382502910361792,0.9395624856118547,0.9411988554826619,0.9506387704407882,0.9422025030345422,0.9503230379070671,0.9356969710300591,0.950667091657705,0.9394819271830605,0.9499464493002178,0.9514797648047313,0.9514952856541118,0.9434242389109765,0.9527091594117161,0.9243795529242503,0.936744987795833,0.9475294674075067,0.9478646944906794,0.9532634398775411,0.9595835553154677,0.9407179829709865,0.9554757056919702,0.9417859379966316,0.9562887023371116,0.941536973051416,0.9245249379108155,0.9360676347915338,0.9488024728595348,0.9565385745290991,0.9552143415623472,0.9346921644458657,0.9612762909016433,0.946691288162197,0.9306960357795266,0.923608211289829,0.959798283525904,0.95981553028691,0.9381756843297246,0.942029716182649,0.954034249573856,0.9399224263898854,0.9450641402626626,0.9514269396901673,0.9407049166052658,0.9431354843483478,0.9524520942990392,0.9447735641053456,0.939149408212201,0.9459214494322412,0.959549427813143,0.9439389794091939,0.9597409979173,0.9373325144310689,0.9549238337539055,0.9524757837775919,0.9357782631956033,0.9429968209897821,0.9524033655664474,0.9552024018167178,0.9390787691436986,0.9513051701105558,0.9459924050823068,0.008751318453699674,38
5.937625777721405,8.547476479577316,0.015488159656524659,0.04581912143527125,0.3147454283856185,12,0.5971235036366592,2,4168,0.5532549058138174,"{'learning_rate': 0.3147454283856185, 'max_depth': 12, 'max_features': 0.5971235036366592, 'min_samples_split': 2, 'n_estimators': 4168, 'subsample': 0.5532549058138174}",0.9122816039772708,0.9116120676773627,0.925091953868121,0.9009001062758105,0.8980517272285473,0.9063953268903375,0.9035003748341585,0.9176459333955554,0.9264004139943527,0.903087057096843,0.8938728831447391,0.9152995507128592,0.9182993714233745,0.9267639151500098,0.910807962706082,0.9240954292047625,0.9184759345376886,0.9189361582059012,0.9225027109149501,0.8757571026340236,0.9191533064860591,0.9142206361346944,0.9336552511228522,0.927891262514664,0.8881849928121311,0.9208574843910018,0.9060540730667836,0.90703923180855,0.9211012160505289,0.9193527509372386,0.9236531810346116,0.9018394150256867,0.9000977835054605,0.9156232712348142,0.9276680492449183,0.9167592546391723,0.9216292616892552,0.9147869438829606,0.9221902735638776,0.9049104102189922,0.8817171348254664,0.9098027521088939,0.9291619486532127,0.9143835297339934,0.9166112872729252,0.903401679852924,0.906297420998571,0.9074584330022035,0.9292185429640346,0.9103246872101669,0.9269070070512968,0.9023378456152075,0.9124842607579835,0.8937949609843376,0.9080690553363764,0.9369191420262639,0.891359531249356,0.9161606493195751,0.924982399148596,0.9064810090364486,0.9132668516832281,0.9145043602962806,0.9222419933713042,0.8883745933155093,0.8796292792213343,0.9047798807703533,0.9193717723958666,0.9034375593827889,0.926030102665384,0.8839797367814487,0.9247327741104693,0.9210017359617084,0.9013265830756588,0.9002873481895256,0.9264228737336684,0.9357566687187592,0.9073371750871209,0.9148969859644277,0.9174663375968306,0.9100503767940615,0.9146992126931155,0.908667202816674,0.9084202913933326,0.9173105653376604,0.9153776977926656,0.92892931614812,0.9197168747721045,0.9219855652025507,0.9274137708353655,0.8779670315181747,0.9295746114119131,0.9127268859284194,0.9149031286518328,0.912203097770895,0.9019019331454026,0.9028057774665302,0.9120128220904035,0.9070164896139158,0.9028552861957355,0.9084059414298771,0.9122410740171525,0.012667399757097651,200
39.78982460975647,53.7115050934863,0.11795372486114503,0.18182516026317933,0.01970268772826537,12,0.6143991414158105,2,4168,0.8294170684987832,"{'learning_rate': 0.01970268772826537, 'max_depth': 12, 'max_features': 0.6143991414158105, 'min_samples_split': 2, 'n_estimators': 4168, 'subsample': 0.8294170684987832}",0.9241121278101343,0.9425284991387077,0.948154373035786,0.9387642087432315,0.9384978181351914,0.9443676989403148,0.9328434696935834,0.9387782707747239,0.950182872900151,0.9355920597479714,0.9282781646409047,0.9225024557368292,0.9422859162367813,0.9492505012504358,0.9459031426013309,0.9428849382457597,0.9427615122892036,0.9389486172977203,0.9422167677239492,0.9225857313593209,0.9486754439395073,0.9159092244594822,0.9579363191564001,0.9300914638808315,0.9145239796973367,0.9383023227902577,0.9445193358591564,0.9273596987957535,0.9435099765464317,0.9359317828494572,0.9471776913075227,0.9347884339457126,0.9305954414572979,0.9408406519005625,0.9368457432717269,0.9342328264330508,0.9481419338331325,0.9409158046307674,0.943825236680652,0.9320086012526955,0.9227362721896486,0.9395799411960366,0.9537536934760144,0.9388690295459542,0.9354369688346129,0.9293279400370523,0.9420358620581096,0.9356231409521796,0.9412613344979258,0.9421308332957006,0.9461310899854776,0.9307873089735803,0.942926646626794,0.9357280726526832,0.9289297105393259,0.9407114762977018,0.9401859923967757,0.9473653048649959,0.9495264917264065,0.9222454425234223,0.9520919699136594,0.9323319488209287,0.958428109420312,0.9319195120973438,0.9136451653549121,0.9351871035344806,0.9392728448373708,0.9439869777402572,0.943216739556365,0.9219827708212951,0.9501645269470538,0.9388441684998927,0.9231319204071518,0.9234039784666275,0.9530355162286959,0.9572698843603179,0.9290746093690246,0.9272654460381837,0.9410657121888539,0.93047992363365,0.9380108780352939,0.9404860938086866,0.9322087774334876,0.9341706140713701,0.9509723225332525,0.9451095329182865,0.9400558623953533,0.9346661349473099,0.9455895547128866,0.9316757667835884,0.9426757371124805,0.9412782022716094,0.9466566825539626,0.9425038372918982,0.9284969717854054,0.9331919781408098,0.9392115287583875,0.948505712532102,0.9328384216285774,0.9449810588030639,0.9382194810841434,0.009341617556840747,141
13.245336656570435,18.884661954561015,0.03690096855163574,0.08777821505293822,0.19115907462495102,8,0.7373263013539815,2,4168,0.7790064005873156,"{'learning_rate': 0.19115907462495102, 'max_depth': 8, 'max_features': 0.7373263013539815, 'min_samples_split': 2, 'n_estimators': 4168, 'subsample': 0.7790064005873156}",0.9209381209141746,0.9340149469138498,0.9483431000583474,0.9410915403188715,0.9264733498419095,0.9346031613707501,0.9251756573317746,0.9317921320743449,0.9451459875601409,0.9365012017458457,0.9217260012849715,0.9225780659408274,0.941358892617941,0.9415673407666144,0.9369580059291239,0.9406629711003407,0.9444273962151163,0.9450955227773317,0.9399821517946996,0.9145504251929913,0.941075602022834,0.9058275830245027,0.956632185492722,0.933955604048235,0.9100922794351176,0.9284730085054721,0.9430286641498564,0.9290561383136948,0.9328233098500651,0.9314102088828984,0.9429392803167072,0.9384440725029356,0.9247846361628738,0.9377029761610226,0.9274403014722723,0.9329399628622944,0.9429010378368575,0.9359964152675093,0.9412379336624872,0.9320944775848109,0.9167586539251769,0.9360714087672178,0.9444811123535515,0.9410755461192145,0.9331041762720259,0.9206102955276814,0.9384780112555334,0.934669046235443,0.9322442167873434,0.9339419947548798,0.9419424941210343,0.9273796172917761,0.942552872509483,0.9220965237029664,0.9277052709915573,0.937613987818958,0.9366019858693508,0.938808980590596,0.94641504232347,0.9153717481242495,0.950572281069669,0.9304156273361841,0.9538311969866128,0.9261963853503974,0.9154761644578909,0.9256619879047315,0.9386351018124874,0.946978810970832,0.9468046633388337,0.9251024997178384,0.949933509822497,0.9342922453584438,0.9273907498357075,0.9202471120208342,0.9511138913985698,0.9508304919325741,0.9261828172505121,0.9280762854402399,0.9390024884456527,0.9259589491383214,0.934021890157086,0.9257605133300891,0.9394227346085146,0.9268642501294528,0.9393544621321277,0.9424808140874629,0.9273481923722164,0.928933218996029,0.9423174771619315,0.931784991999733,0.9481875657598748,0.9252707762689615,0.9447975513858858,0.9331317164118313,0.9294959465776353,0.9266719591345051,0.9421321655366949,0.946581986096885,0.9205548043204441,0.9373904592846062,0.9343497136998744,0.009957517396265042,165
24.58892818212509,32.28875958023537,0.10495840549468995,0.16735532073753945,0.007905759575680264,6,0.38328835821838003,2,4168,0.6596977658090665,"{'learning_rate': 0.007905759575680264, 'max_depth': 6, 'max_features': 0.38328835821838003, 'min_samples_split': 2, 'n_estimators': 4168, 'subsample': 0.6596977658090665}",0.9396980387869458,0.9514525734283449,0.9572690996783195,0.9523106349694983,0.9459817987955612,0.955027436595936,0.9447285985980978,0.9537079212094592,0.9553025582545451,0.9454797383958968,0.9389006391337821,0.9361140585923382,0.9528593983393984,0.9556386973421988,0.9549995542966303,0.9561085001103171,0.9546890194872064,0.9503721399668654,0.9575149015594075,0.9302380831600081,0.9558298631984595,0.9327025369784362,0.9631462990021671,0.9445146571272617,0.9310052606014755,0.9505233928565572,0.9561450110245452,0.9425329287286215,0.9560572883407946,0.9484813455885988,0.9570316745331188,0.9492419056756094,0.9433184143408214,0.9497487076670674,0.943519324639903,0.9428085771726769,0.9599521476784524,0.9515176359490214,0.9520679436527408,0.9450592484632412,0.9396713517606143,0.9491125641762378,0.9583935609721282,0.9454400140237285,0.948279461099206,0.9395083481017417,0.9526762477362352,0.9439046691923122,0.9551554307486954,0.9508952530783426,0.9562002951307825,0.946692920347416,0.9544232445067423,0.934974030565771,0.9421108987125815,0.9508731942561871,0.9486000919422,0.9550068052023828,0.9590087264851697,0.9370327578117251,0.958235770629312,0.9464305010270091,0.9608259962148598,0.9479823466224617,0.9294644909654621,0.9455078248849305,0.9477573213134469,0.9572598769145771,0.9580327067227583,0.9427695125063769,0.9610086214008976,0.9510018563930619,0.9359116585682866,0.9313636601208468,0.9634441589709953,0.9608241473098,0.9445832903359098,0.9449613599160032,0.9531145088465105,0.9406603065075467,0.9450084010410205,0.9509379612676281,0.9457141485077403,0.9490172515954037,0.9543474701018653,0.9516131708088476,0.9425214740876988,0.9479659624364224,0.9592089233308224,0.9444123380228929,0.9561734077602908,0.9486646360179933,0.955345176102878,0.9529129442345251,0.9396709244237683,0.9442503381428451,0.9534163663968234,0.9584269709016252,0.9439465853253476,0.9515652129633194,0.9490781699941134,0.007735035981121932,6
46.145555868148804,51.64950713159657,0.1758736777305603,0.23536471883475132,0.002099302779853093,7,0.41157455805695187,2,4168,0.8408431353009675,"{'learning_rate': 0.002099302779853093, 'max_depth': 7, 'max_features': 0.41157455805695187, 'min_samples_split': 2, 'n_estimators': 4168, 'subsample': 0.8408431353009675}",0.9340574857140527,0.9486972990932873,0.952446777109522,0.9481586294816222,0.9437214398104038,0.9524508522678363,0.9387670968030564,0.9474951282122075,0.9514166996179193,0.9391252604315647,0.9346772509683402,0.9329738317747309,0.9465886824608415,0.9528748873010537,0.9518052418391041,0.9521328177397471,0.9510568475798197,0.9451343225893427,0.9502615488415934,0.926399129719222,0.9541564155420937,0.9271138716188423,0.9608984084211566,0.9398355465366114,0.9274120263343353,0.9461451031901829,0.9529170046745135,0.937042699937819,0.9514324749631816,0.9448254906486035,0.9537351976792727,0.9449614906530814,0.9392882728991745,0.9452375887661689,0.93972648690909,0.9400361693451765,0.9569230862990494,0.9472705794556233,0.9483618221840137,0.941246490218074,0.9309899948326057,0.9447340573292934,0.9581572952255553,0.9445459186467562,0.9421229262330454,0.9354123979963848,0.947952735756248,0.9387359771665604,0.9493401759848412,0.9482443392813733,0.9532820504933555,0.9412866433673087,0.950574203836253,0.9320938646572812,0.9360241976104782,0.947182633130873,0.9433911203818044,0.9546463546401758,0.9529001942722063,0.9304088071576139,0.9547705873205069,0.9414176686664649,0.9595529611096636,0.9409810424371352,0.9234888765497611,0.941874527837804,0.941883394107813,0.9519769888717493,0.9526995881370334,0.9349001668512313,0.9568971793535108,0.9448235826126955,0.929469141001802,0.9280299533387625,0.9598108581209516,0.9587545015567184,0.939353742483687,0.9394765119688632,0.9480433892919015,0.9362028970816373,0.9392682803567127,0.9455436813165115,0.9426450178585213,0.9426456089708313,0.9517221800499799,0.9470359740583489,0.9374834902596871,0.9427556112029686,0.954502642940834,0.939337355073279,0.9509807714017599,0.9469063906165358,0.952632941795359,0.9477129518466341,0.9365213390294475,0.9391456533346582,0.9484407489396136,0.9547533884075885,0.938952649718737,0.9459415711669156,0.9447016915067598,0.008282435849847633,48
60.04951493263245,74.15449721218582,0.1863601613044739,0.2549199612347981,0.008952858170585108,8,0.5661338573527634,2,4168,0.773315271193567,"{'learning_rate': 0.008952858170585108, 'max_depth': 8, 'max_features': 0.5661338573527634, 'min_samples_split': 2, 'n_estimators': 4168, 'subsample': 0.773315271193567}",0.9320360621279786,0.9495916267022948,0.9517885363255315,0.9471630978652865,0.9442003626350012,0.949598335266096,0.9369537993572439,0.9451771548438246,0.9517029181775856,0.9417253575586565,0.9340611185140869,0.9325969096780304,0.9453833630878702,0.9523879365356016,0.951864834941971,0.9494504281357784,0.951270843893408,0.947932572286347,0.9488389031498097,0.9270042817776086,0.9525982951177868,0.9281436799242273,0.9595223142871412,0.9390240312439988,0.9270367124032649,0.9429967294812813,0.9524411882057754,0.9359572165691459,0.9493122319011852,0.9427808877625651,0.9520587832873061,0.9452694962523487,0.9352465878993653,0.9462110754752209,0.9400918511562206,0.9385694431454353,0.956336116138277,0.9468284883664493,0.9483003231177406,0.9400927349334791,0.9321307652908789,0.9446972766828307,0.9565497641081796,0.9456575340841266,0.9422441129024284,0.9333797425599014,0.946514167790974,0.9396573885431557,0.9502793388535845,0.9462051062101952,0.9519518509495731,0.9386503629341334,0.9493714891004518,0.9363347194038961,0.9366270913894025,0.9455562648651057,0.9448304139317918,0.9540676407808073,0.9537218124393896,0.9316531244643784,0.9550083367096399,0.9384003065399775,0.9599146958264023,0.9398445858818173,0.9198002859567165,0.9393635833430669,0.942207766650615,0.9498863521131892,0.9507917104322429,0.9339902630187823,0.9566551911363254,0.943705375207637,0.9274284321266862,0.9287486721581962,0.9585204380240553,0.9585814149458876,0.9376355248584605,0.9370803779025589,0.9478945589617206,0.9354703359471677,0.9418199350196464,0.9457506108510477,0.9388261146747517,0.9404599721912592,0.9532026073832239,0.9505571189846072,0.940281231829156,0.941960622433957,0.9541198563620147,0.9404510708885787,0.9498255493849855,0.9456510678113552,0.9514708560895915,0.9494754472785893,0.936312375305182,0.936988163026846,0.9448415489575912,0.9543314858499515,0.9376426110435044,0.9455851332227984,0.9441010818314318,0.008269927820755987,61
85.43243397951126,104.69367842698392,0.2794704484939575,0.3807612641442482,0.004699090486003942,13,0.7288114078786097,2,4168,0.6565132929283641,"{'learning_rate': 0.004699090486003942, 'max_depth': 13, 'max_features': 0.7288114078786097, 'min_samples_split': 2, 'n_estimators': 4168, 'subsample': 0.6565132929283641}",0.9296325440941797,0.9472981461345245,0.950567994534136,0.9457234500171134,0.941161972345389,0.946957418222905,0.9367578746621479,0.9443543449721761,0.9529973378112929,0.9395962786092326,0.9337801496647642,0.9303411063512351,0.9457637771981995,0.9502189327305721,0.9497760122929081,0.9460653504167037,0.9484089550376364,0.9458828370016016,0.9465909978524828,0.9258554217527518,0.9514860450648835,0.9282240001582086,0.9599493374022052,0.9385637268722998,0.9162385272272443,0.9399361445499974,0.948025278194803,0.934551732957467,0.9473405052530958,0.9417046811787251,0.9521290980743174,0.9437878520196649,0.9308804326474412,0.9430536302222888,0.9393169954746424,0.9367747152386915,0.9528477906255051,0.9442465846831609,0.9498295374948813,0.935629625895121,0.9293741843343922,0.9435713615796043,0.9535380294888384,0.9442799663507974,0.9405605323415543,0.9286397438883398,0.9478265300951608,0.9367652738003542,0.9457833124505044,0.9465558968594326,0.9500297006960069,0.9332725174300832,0.9467139673116358,0.9354051446146683,0.9357865105012646,0.9463642056657068,0.9455981913663056,0.9508850377509576,0.9546135305101418,0.9274358167106447,0.9536319043869887,0.9377857248728281,0.9597124475478588,0.9368565692796335,0.9207339121460199,0.9353604386239862,0.9418690617393445,0.9482017821188105,0.9485563196267616,0.9331701812679017,0.9527541353218586,0.9412066929745153,0.929073138569278,0.9258275777034437,0.9553110474549174,0.961162326444167,0.9347155974101251,0.9328118915373758,0.9452955303763305,0.9353810398884006,0.9410962906890213,0.9437075422741746,0.9370543237163476,0.938379067176768,0.9531775902822781,0.947171571079146,0.9414014348534651,0.9383659109490539,0.952167709611181,0.938167201476419,0.9478777011774965,0.9417176527396963,0.9506119375441433,0.9474468357032173,0.936777740578173,0.9354560005082729,0.9422090593043827,0.9518372586497944,0.9387203612604439,0.9486027386711866,0.9423660984421821,0.008631826233576778,81
44.56120232105255,48.421520500034035,0.11790868759155274,0.1459637015508683,0.09007975215349343,5,0.47952557638509563,2,4168,0.7829529791145666,"{'learning_rate': 0.09007975215349343, 'max_depth': 5, 'max_features': 0.47952557638509563, 'min_samples_split': 2, 'n_estimators': 4168, 'subsample': 0.7829529791145666}",0.9271466458278854,0.9466402148426519,0.9497059708046788,0.9448981904779516,0.9405707942989808,0.9483661979111436,0.9353097028427054,0.9507718614071722,0.9471080278386844,0.9378394482940579,0.93201669916032,0.9347778892585037,0.940975423532679,0.9501053918064419,0.9508199143240964,0.953473533828816,0.9469712223611965,0.9428928283176977,0.954118671050919,0.9238952628702471,0.9513591242036893,0.9364746315119453,0.9597935915793518,0.9363194562370368,0.9319522235088874,0.944749747283073,0.9529554298647444,0.9375749543400926,0.9501067825339322,0.9476535964094951,0.9534441360808795,0.9472106261838718,0.9341616294569238,0.9498931081351901,0.9383970843184462,0.937298246017261,0.9578264036244011,0.9506870467854196,0.9468161678054259,0.9428292336095374,0.930219022483579,0.9424980843982164,0.9552889559315714,0.9465587010236142,0.9436977965568852,0.934554120842125,0.9449613953473377,0.9369556348679371,0.9493372587051152,0.9458912602543722,0.9490205522452516,0.9407526163353576,0.9527540628493956,0.926363879483991,0.9331223401985727,0.949056028924594,0.9409485790610755,0.953948548626281,0.9531909338400159,0.9282868984120465,0.9536674011948578,0.9407358005856978,0.9555472523517899,0.9360003466627325,0.9337247609898358,0.9385940950044988,0.9458980496994448,0.9520131582014483,0.9524982683247843,0.931805366987223,0.9537402301896114,0.9441859695927227,0.9331646655276574,0.9293726230367682,0.9582526292565599,0.9581780964767918,0.9428873865464998,0.9366818419080973,0.9495744170917946,0.9313775585749219,0.9425391381842195,0.9494366691816792,0.9439734442050317,0.9447120092735486,0.9493395108375905,0.9490966597085209,0.9345418456438437,0.9456205739762427,0.954772952248074,0.9450304027210624,0.9525284785880712,0.9485735476563175,0.954918316841635,0.9495781591533858,0.9340906249921864,0.9439356848172827,0.9543220023789523,0.9552159407179283,0.9362206637286208,0.9498707015633231,0.9443953102555505,0.008364896355078973,52
66.93935575723648,80.81025458631032,0.10295158147811889,0.14052754185511945,0.04291901388569427,7,0.7062131452903928,2,4168,0.9132119825742047,"{'learning_rate': 0.04291901388569427, 'max_depth': 7, 'max_features': 0.7062131452903928, 'min_samples_split': 2, 'n_estimators': 4168, 'subsample': 0.9132119825742047}",0.9293488237101466,0.9473579062261653,0.9549626962388609,0.9515883989320701,0.9433125870714654,0.9435372964988263,0.9354116428527048,0.9469231186234569,0.9506900502738088,0.9395842666146975,0.9352887629809743,0.9319349182864495,0.9377311403056794,0.9506180399848203,0.9499443084991166,0.9470511767204778,0.949750292182654,0.9518373389810798,0.9448503465125733,0.9245122985047327,0.9472928465410004,0.9301785196240941,0.9600225397156738,0.9381889597609605,0.9274427726905048,0.942853937438755,0.9519129183200569,0.9338738160493752,0.9512700234503827,0.9441236082354255,0.9530811238348149,0.9419200405441049,0.934096138586125,0.9445188201345388,0.9367667824226035,0.9380362303911685,0.9544559958610637,0.9423446781470878,0.9478895681294386,0.9380772629778575,0.9255477167284343,0.9424267258990565,0.9567917473373068,0.9414852978502503,0.9393034991302374,0.9372796646406344,0.947506443835139,0.937161046824953,0.9476163475787138,0.9436784252509975,0.9491794898211772,0.9373709289432766,0.9486812215611601,0.9281541541099844,0.9345889961162658,0.9460356482155033,0.941124848002691,0.9522610842472075,0.9543784460311487,0.9284822912479319,0.9538397670686388,0.9373845388839975,0.959177891988171,0.9385209453056669,0.9201143170699126,0.9359333552141997,0.9421083204749616,0.9498837098047921,0.9460262442462983,0.9326876137281658,0.9542958383049998,0.9441711311914229,0.9269168441002318,0.9214296631552699,0.9583533394032316,0.9562551150099013,0.9361351397614609,0.9353078871275461,0.946187263205531,0.9317255062233359,0.9404289401723008,0.94436148311495,0.9403931596964543,0.9370774862156624,0.9538938978514121,0.9455939077958971,0.9383819534116983,0.9408690588765365,0.9537414194034873,0.9388624596421465,0.9498173419322729,0.944927311510606,0.9530343604726823,0.9441668539349004,0.9363396310064601,0.9353544772299185,0.9451323482683259,0.9516043538258149,0.9394874618545842,0.950281869290638,0.9427384022300234,0.00872914883343052,73
41.833400447368625,58.31905036275417,0.051740922927856446,0.08762547035143016,0.06770330433633677,5,0.8267634387057252,2,4168,0.8338849407061293,"{'learning_rate': 0.06770330433633677, 'max_depth': 5, 'max_features': 0.8267634387057252, 'min_samples_split': 2, 'n_estimators': 4168, 'subsample': 0.8338849407061293}",0.9355996002419318,0.9444167862212648,0.9490937464076636,0.951671801195009,0.9408019510149953,0.9488589913741587,0.9369232182573157,0.9525878976149277,0.9536160133779279,0.9384533965483607,0.9347810944904297,0.933855592931784,0.9526431864352898,0.9490275522924854,0.9534079026771487,0.9523381516813134,0.9498582675702193,0.9506339637836205,0.9531835468956323,0.9215896703180825,0.9503761887295793,0.929572534267965,0.962724863455159,0.9427816799258298,0.9263319616992866,0.94073701548601,0.9555775684268675,0.9399230654486431,0.9488055266788687,0.9514302677836388,0.955100932789851,0.9451896643160527,0.9358189318027362,0.9430201452220955,0.937935233129646,0.9396089435392968,0.9566014990237104,0.9502484708904779,0.9458989320556929,0.9424897380928624,0.9280956463355488,0.9437847249625106,0.9519454331261292,0.940978730671935,0.9425728446800015,0.9247503196640494,0.9527630351061591,0.9403716706442218,0.950110126646629,0.9474061155362469,0.9523951749314289,0.9427799472107274,0.9481919127332855,0.9229230196902637,0.9404373549737592,0.9466147413594991,0.9438376238590396,0.949724761509522,0.9567013736847937,0.9365660893581965,0.955022304409998,0.9450117811152909,0.9550941620380525,0.9387263325618994,0.9244975206814132,0.9399080658780157,0.9424109845955597,0.9545902844549756,0.9498243117894073,0.928723285660465,0.9599027652323578,0.9485434656253088,0.9317392434283526,0.9259865969932999,0.9591303474120704,0.9630400949991184,0.9389855641666042,0.9444589122624069,0.9517826204475343,0.9378799556301052,0.9429304151819913,0.950465380258285,0.9375770590914202,0.9388934112336608,0.9534430845408363,0.9492514692048843,0.9330810639702143,0.9434079837344527,0.9561293415431061,0.9424568941091241,0.9516693024445233,0.9352509547162412,0.953990014579963,0.950168652520623,0.9401661546271527,0.9413766022634735,0.9541404722807421,0.9564885068881904,0.9383870478580408,0.9541501523599418,0.9448514870356689,0.009175543474005019,46
94.19521790981292,91.46316892193805,0.4623382878303528,0.45819722629249626,0.009333073735289197,13,0.4801316361555423,2,4168,0.6743591710936778,"{'learning_rate': 0.009333073735289197, 'max_depth': 13, 'max_features': 0.4801316361555423, 'min_samples_split': 2, 'n_estimators': 4168, 'subsample': 0.6743591710936778}",0.930921407687632,0.9432539126815723,0.9487771062796811,0.9433664727039506,0.9406844232720394,0.948797296483936,0.9344334188566169,0.9407213965535715,0.950549720931871,0.9370432233198489,0.9326074152587405,0.9279061624386081,0.9451531067845305,0.9493282164207237,0.9489764694647647,0.9462133282566956,0.9469116515055177,0.9421852642243083,0.9453081776092168,0.9262265754114971,0.953141716238678,0.9172510136859476,0.9578155093971396,0.9357214748519374,0.9156993617952619,0.9434390522976153,0.9492553381653456,0.9333155049307355,0.9482488952779934,0.9391996144953528,0.9514177037408201,0.9415152854171818,0.9311172465621599,0.9445666816399553,0.9354653179258242,0.9364940698061269,0.9527304398559517,0.9447793578000537,0.9463525655827301,0.9338844535102336,0.9253292383831445,0.9417047255648645,0.9562904873269515,0.9428175099472912,0.938211021915543,0.9307066836007555,0.944801902734155,0.9353551292055667,0.9446109476526292,0.9457300273229748,0.949394435406541,0.9361619407152594,0.9439871449907477,0.9330856145497347,0.9317309015585522,0.9423892586659597,0.9425563866718456,0.9524100914281259,0.9516999275944227,0.92766241701468,0.9528178714804552,0.9370972114335401,0.9586675320690544,0.9366992220720869,0.915687122019671,0.9383780127982927,0.941102867265888,0.9458293550742215,0.9488783018803038,0.9313001023088987,0.9521147742464869,0.9415427853586984,0.9269420367953405,0.9257613194371355,0.9556693048130378,0.9595823957843541,0.9308573395708398,0.9325821465343782,0.9444524911145263,0.9338379308552228,0.9377759977248845,0.9420628976903612,0.9371661090278339,0.9418027052580104,0.9511903910741282,0.9471332812992608,0.9378999633384717,0.9364160264366416,0.9513405185294979,0.9345965283160125,0.9452530752060944,0.943530254791355,0.9475963392087917,0.945900473784958,0.9343858391515412,0.9351573249365144,0.9420982943308613,0.9507186771386946,0.9348980372965235,0.9448107036597868,0.9410894470248476,0.009007008701175379,95
27.00724469423294,28.340848523715113,0.04715350866317749,0.10096965104894233,0.2967854276883806,5,0.7563727365752111,2,4168,0.752046969735728,"{'learning_rate': 0.2967854276883806, 'max_depth': 5, 'max_features': 0.7563727365752111, 'min_samples_split': 2, 'n_estimators': 4168, 'subsample': 0.752046969735728}",0.9228015167598749,0.9192230294646816,0.9440580312635055,0.9430223449761612,0.9279934411832553,0.9173403296908906,0.9226891262625216,0.9274565556179595,0.939527604110921,0.9268062841399364,0.9180589389102326,0.9185906345404411,0.9370875611885371,0.9148438576069035,0.9364434564061028,0.9338251701530074,0.941258582780816,0.9303630285354187,0.9384413673004091,0.9132562391091138,0.9330677884654358,0.9356953344458947,0.9439223441440079,0.918573022781671,0.9145866310601501,0.9208996639752234,0.9442565860908739,0.9197246957096074,0.9262025766875399,0.9325908371300402,0.9384436099379542,0.9258629908962142,0.9245814169649551,0.936554772614801,0.9079925722776786,0.9264224291078325,0.9477453190990209,0.9394986853802668,0.9408192257898623,0.9204255923258277,0.9278789482670131,0.9275034571172106,0.9338823812441062,0.9403389326404071,0.9353117943284567,0.9321124541124194,0.9400017701701202,0.9339116488216105,0.938216670473535,0.9363602627800973,0.9448508046470648,0.9302800382276734,0.9427196235639956,0.9199063731383651,0.9173419160285973,0.9353607608948538,0.9329698622682425,0.9332867804620911,0.9384366372729432,0.9236100246287685,0.9382668495356843,0.923076839500243,0.9550078547585277,0.9240681856229146,0.9218788518783163,0.9145488305966158,0.9331254883546043,0.9436197520688949,0.9354796892815307,0.9149321706311198,0.947838743292062,0.9312400093346743,0.9191555151160259,0.9011397139307014,0.9520781840655297,0.9484144246001353,0.9270083782958751,0.934970716741968,0.9383343908687781,0.9199372624792059,0.9221001680597374,0.9349040640061216,0.915301075856396,0.9302495031953212,0.9308713775011462,0.9276767985018202,0.9302628501445657,0.9255818263532173,0.9484886831498256,0.9368824819988413,0.9487978977077755,0.9317065701521917,0.9458465611180421,0.9404379721337176,0.9301725945020697,0.9267993083387234,0.9471968933178624,0.9425440189912874,0.9206690614314983,0.9348325241563911,0.9313067841754308,0.01053638318153824,172
13.923753697872161,18.630787313595405,0.02664836645126343,0.0707480344662585,0.2827819835087035,6,0.5644190594945832,2,4168,0.8005679371762305,"{'learning_rate': 0.2827819835087035, 'max_depth': 6, 'max_features': 0.5644190594945832, 'min_samples_split': 2, 'n_estimators': 4168, 'subsample': 0.8005679371762305}",0.9131447837066159,0.9394593182778028,0.9417501637153559,0.9263426091046707,0.9247982088133484,0.9317770181049125,0.9274138058194416,0.9362288575550455,0.9341475461391768,0.9272012764285916,0.9206674992365845,0.9284281050348638,0.9243616367083949,0.9352207618083777,0.9341241896149961,0.9399275627172732,0.9373333176135314,0.932153074410385,0.9384399143867221,0.8854833580431547,0.9354120600535067,0.9222466363723292,0.9490702355090346,0.9259925211417606,0.9222345277076699,0.9318377687827641,0.9373431088903394,0.929777629002465,0.9352979856673959,0.9309212317038651,0.9341340704036619,0.9253583845021817,0.9311916737214696,0.9310844746788516,0.919622630150867,0.9260262500111285,0.9460679699843165,0.9430065854909597,0.9391831489810862,0.9209475900990669,0.9046471886138306,0.9308719467617377,0.946750746562184,0.926970281445362,0.9245303114133065,0.9211089933154814,0.9265356722222813,0.919431817392104,0.9348086831289699,0.9411420307246336,0.9485580147400634,0.9268660985229786,0.919845225204819,0.9279009351052594,0.916104215834826,0.9226151757535319,0.9274664779171067,0.9306905686888236,0.9345376161798212,0.9262982800021992,0.9469368989870348,0.9243322129852054,0.9468692565753563,0.922003944681349,0.9152813302226084,0.9322900438562911,0.9240014714320008,0.9390397388391638,0.9405590874903152,0.9053709100615114,0.9417154101911085,0.9401195839512633,0.9138829310339653,0.918906023257287,0.9432789049916657,0.9490526662444694,0.9218626318105718,0.9246726424946082,0.9317085670795965,0.9236147477100655,0.9302709433089501,0.9440988585054293,0.9158776900767125,0.9251365706854862,0.9436677406707412,0.9332316314720899,0.9289595398917811,0.933090041365066,0.9460989322588389,0.9223998611353185,0.9381910224125557,0.9405124617303434,0.9416645579064444,0.9328711305528753,0.9126135567167906,0.9236572460700571,0.939907530058443,0.9406527738428602,0.9239656585335685,0.9315327627445962,0.9302673928345768,0.01063901316352576,175
37.90289011955261,47.8948628150056,0.12334903001785279,0.1731282101600572,0.023393824703871684,11,0.5102149684879131,2,4168,0.817651670984479,"{'learning_rate': 0.023393824703871684, 'max_depth': 11, 'max_features': 0.5102149684879131, 'min_samples_split': 2, 'n_estimators': 4168, 'subsample': 0.817651670984479}",0.9247377984919818,0.9419791653262065,0.9467836119515457,0.9396113405256156,0.9369913163937579,0.9443648412881644,0.9296708571100323,0.9370036875170241,0.9454651371747386,0.9339495577409638,0.9335939322270859,0.9235840559810756,0.942639442124995,0.9494166965075562,0.9434872961680363,0.9439630828291058,0.9467495624256053,0.9367273666440052,0.9446892268517348,0.9250523137444879,0.9505986531012345,0.9173077312882576,0.9576297118306654,0.9316090514675097,0.9195073448871929,0.9385949903714907,0.9458329721428336,0.9287082674119993,0.9464864688625273,0.9362444106285148,0.9486943576842104,0.9382994167247523,0.927528619982728,0.9387428763303629,0.9349905840915722,0.9345556718082156,0.9481429343769888,0.9385419605964695,0.945645310711385,0.9317288134215038,0.9195604449330129,0.9410284959585797,0.9548265580660984,0.9396591248503471,0.9356709980283273,0.9313202624267614,0.9436995828947161,0.9346125477557927,0.943667741109335,0.9438678474673249,0.9477479434480515,0.932267042353249,0.9453287228816336,0.9299120419322886,0.9276044645122745,0.9414150085851631,0.9398732053831079,0.9498801512745704,0.9465452614580896,0.9208614361888852,0.9490215656280824,0.9346462974029032,0.9582273762212583,0.9307615897501049,0.91457886818267,0.9367386873221384,0.9389291896566859,0.9426366593060506,0.9455122517915514,0.9253837259757806,0.9490161090504883,0.9404618409335332,0.9230568024013569,0.9258913874013116,0.9526074426121718,0.9542433736770548,0.9293328368896886,0.9316274366460895,0.9409015758965982,0.9285625585714041,0.9307153613781328,0.9384344688011779,0.933401482204769,0.9359285616481045,0.9504130266985255,0.9464925573362558,0.9348980247504929,0.9303687773960663,0.948848176477079,0.9328319877415339,0.9425708217291511,0.9420420072545422,0.9456906633048054,0.9397566385454577,0.9341863595508926,0.9312048647919815,0.9363549728770488,0.9493671643375163,0.9300505976376717,0.9442552663272522,0.9382914867435711,0.009144692697799146,139
80.954946372509,81.28604359167736,0.2059377074241638,0.24065688748331868,0.008984048200827542,7,0.8453807225503804,2,4168,0.58748256714039,"{'learning_rate': 0.008984048200827542, 'max_depth': 7, 'max_features': 0.8453807225503804, 'min_samples_split': 2, 'n_estimators': 4168, 'subsample': 0.58748256714039}",0.9389123028148909,0.9515347060171412,0.9558153862913994,0.9539836341280566,0.9466659542481941,0.9506804435271994,0.942184824269045,0.9508867434839274,0.9565758774934892,0.9454361918995123,0.9361660337934239,0.9368638772900367,0.950397357870897,0.9531006122497067,0.9559875178746653,0.9534216929851688,0.9544330386442046,0.9525512396147731,0.9544129470872984,0.9285659887315428,0.9540917486596757,0.9365087677900215,0.963762107167113,0.9462352488372364,0.9285161169740115,0.9453374264337313,0.9557406621131711,0.9393483158384295,0.9540203705805386,0.9478562570820311,0.9575620561533305,0.9501616200729457,0.9366431640839152,0.9493904240648354,0.94600247898669,0.9413622237530038,0.9567047842938081,0.9497157205564377,0.9534222064770222,0.9420738856047168,0.9376840536164841,0.9485754494490767,0.9548346754929526,0.9469106536234605,0.9488045662865412,0.9329462371701123,0.9519480108548274,0.940279997618653,0.951593118028113,0.9492148628569684,0.9551517457991437,0.9439798908928856,0.9514382332937892,0.9380281805145934,0.9414077231415381,0.9507938036922351,0.9500731570287093,0.9526571339584694,0.9579999684380227,0.9364138367715091,0.9579548661911755,0.942479520196117,0.9610465732969403,0.9428773097720702,0.9262052669482749,0.9394395932801123,0.947872597478928,0.9568140805860292,0.9497215837281499,0.9401769408697593,0.9605324746825104,0.9470559312176465,0.9347435948020584,0.9304404240833408,0.9599816070210412,0.9609418957307664,0.9433980306828431,0.9443034154421938,0.9518433808355522,0.9396872600865998,0.9453011783397586,0.9491182425610247,0.9423738852996221,0.9459267625280162,0.9569878264439037,0.9496724896868936,0.9393835747690374,0.9463317059851755,0.9582365462051398,0.9429342927063529,0.9530428823837811,0.9436973485877455,0.9568754495645154,0.9536662485939373,0.9425440451086616,0.9427045182448555,0.9505864850409944,0.9555808765155877,0.9422712477272112,0.9523665051883445,0.94770885712778,0.007934193931735977,17
67.07159779071807,74.48984146808093,0.13810973405838012,0.17602234678325093,0.003226986853355662,6,0.6686829695816052,2,4168,0.8147719386009962,"{'learning_rate': 0.003226986853355662, 'max_depth': 6, 'max_features': 0.6686829695816052, 'min_samples_split': 2, 'n_estimators': 4168, 'subsample': 0.8147719386009962}",0.9356901796686691,0.9485540262253163,0.9541040498114856,0.9527028936738458,0.9449504720376579,0.9490602225510498,0.9411131061923341,0.9493885787450163,0.9539262565085851,0.9434859334376129,0.9365148202870874,0.9339024695324928,0.946784951211199,0.9534846771404191,0.9545025989272979,0.9529449213128844,0.951689390665258,0.9486376132512537,0.9536296275441533,0.9286454609367336,0.9545924169807705,0.9345283906528823,0.961111089459047,0.9421212218245891,0.928688633563201,0.9449139276352193,0.9566663875361681,0.9396285746076777,0.953763051692188,0.9481213410435911,0.9548600070268028,0.9470497632642377,0.938801194141478,0.9492932231955291,0.9425957074657682,0.9403971253228243,0.9578364105913385,0.9499230470805236,0.9513635892321805,0.9428177134825494,0.9343283453313368,0.9470180022554082,0.9550424750520838,0.9458695240298074,0.9447395349458589,0.9372021783095159,0.9512618851259621,0.9406474497073798,0.9506474033550766,0.948450454734122,0.9542279676110599,0.9428321333482234,0.9518917535385099,0.93312545585259,0.9398599310269278,0.9489968679154301,0.9445375323147714,0.9547436917309817,0.9544010885086096,0.9349810989558804,0.9572021180828567,0.9424424474880927,0.960789096870105,0.9417090237598256,0.9240307357221906,0.941669777239419,0.9454858080110217,0.9548221784528625,0.9535865833395664,0.9377318116253179,0.9591977592416968,0.9464849455792562,0.9325822880451061,0.9293274140867064,0.9610623269552895,0.9615909464039161,0.9400089939467403,0.9419545708267328,0.9501708836861894,0.9385947294844463,0.9423250887816185,0.9491043748619106,0.9418735456583506,0.9445845867739232,0.9548609026222323,0.9488551630575716,0.9380443347708184,0.9446139042189283,0.9569253558913321,0.9425562756609345,0.9527895754113282,0.9453190362178068,0.9572488634431259,0.9497483036763759,0.9403439129890112,0.9424974690517152,0.948853659947878,0.9545212071024767,0.9426033562522814,0.9506420939862967,0.9465634528833169,0.008014253527960978,32
21.659207890033723,28.308246183718627,0.086278657913208,0.12462970689339892,0.058578682461386235,8,0.4635536200917778,2,4168,0.6033419927343954,"{'learning_rate': 0.058578682461386235, 'max_depth': 8, 'max_features': 0.4635536200917778, 'min_samples_split': 2, 'n_estimators': 4168, 'subsample': 0.6033419927343954}",0.9378952908677715,0.94798244783354,0.9515646220485311,0.9471180227427918,0.9454916986074908,0.950626336812063,0.935722009922034,0.9470399061459174,0.949840947023656,0.9406987766032798,0.934075260252391,0.9283540726651782,0.9429755143735555,0.9514940673774176,0.9477556049624198,0.9465677718117709,0.9470511821859181,0.9451819563313427,0.9509864763269961,0.9270746936584928,0.948081404148844,0.9281367779830306,0.9600468943008763,0.9393702534019099,0.923251146498508,0.9428781609978485,0.9427471916309383,0.9356691809147938,0.9490533970300657,0.940767816870021,0.9543035268925549,0.9469033961147924,0.9351736414775016,0.9457582944075507,0.9392996729485295,0.9331774082407865,0.9494657268680339,0.947430831496896,0.9487249507147294,0.9374978071581399,0.9342849743012198,0.9462650146206516,0.9558361407231888,0.9425431465265384,0.9449465395417744,0.933995260519154,0.9369830613730002,0.945953428926147,0.9478479210377464,0.945622319838013,0.9556271187831439,0.9377256088525528,0.9450731505040854,0.9400625058314637,0.9360256708978363,0.9422288238633381,0.9424473911105447,0.9465468773597217,0.9565177669530125,0.932246689564609,0.9465299542915806,0.9358561475967403,0.9619622080727176,0.9417173136899514,0.9240035243879912,0.9386241216572633,0.9449146083885488,0.9451526425024814,0.9450090070195653,0.9307592175419811,0.9514741062720404,0.9445518463665943,0.9240659632481005,0.9252108763714285,0.9569359522121266,0.957203192891307,0.9390521562636863,0.9382041989925096,0.9473906090986106,0.933563543006937,0.9402406365183656,0.948800328832923,0.9319633226205537,0.9416660551088536,0.9524543024417582,0.9466189805347057,0.9402213995862336,0.9395640581079643,0.9554459447821413,0.9373877993884314,0.9441475718771997,0.9492779602303817,0.952947384815639,0.9467643718451584,0.9351629788556183,0.9373349491332448,0.9488592057801232,0.9559631776812293,0.9374526805536674,0.9442942325647178,0.9431076208090772,0.008206887805989532,72
108.96805059671402,120.34419671530229,0.18068137645721435,0.25293579589462795,0.0033096865408180623,8,0.8532074692641054,2,4168,0.8779581174760334,"{'learning_rate': 0.0033096865408180623, 'max_depth': 8, 'max_features': 0.8532074692641054, 'min_samples_split': 2, 'n_estimators': 4168, 'subsample': 0.8779581174760334}",0.9289813982592589,0.9462156357382092,0.9497263527874268,0.9469603256714355,0.9371368649049654,0.9438325500582526,0.9353232816281897,0.9413789477897327,0.952047905535948,0.9394504145459164,0.9348552446628372,0.9285148381958203,0.9410551212235512,0.9482282353316477,0.950379543120838,0.9457203186420678,0.948863440409953,0.9490316306807893,0.9413487390533551,0.9262381209613701,0.9486822951636052,0.9282696235250468,0.959632242863533,0.9376246204494262,0.9223454077198253,0.9384630693890909,0.9493461406473888,0.9340126233205641,0.9469339415408498,0.9420296458783783,0.9506298498460883,0.9421992266477759,0.9299313617383433,0.9460567715616067,0.9363869253309243,0.9350109133395197,0.9504399376973457,0.9436717398864052,0.9505889929575919,0.9358991074707678,0.9261674084224679,0.9416049369991389,0.9508662045806204,0.9430702241599442,0.9400258716520545,0.9302818223448135,0.9479493917352237,0.9370014348589254,0.9438131916913421,0.9417839837422707,0.9472279931147956,0.9331669141285632,0.9466975412133164,0.9318913827229413,0.9358113554254135,0.9455638995961059,0.9396628838551874,0.9512634971653323,0.9529583422874778,0.9242696993782789,0.9526683972821783,0.9375299739570364,0.9586780564546896,0.9337389960986471,0.9175736818245444,0.9325869638217721,0.9424377804449815,0.9474490267501614,0.9462341324321535,0.9299436333531316,0.952846618891597,0.9378485743474955,0.9279495501871212,0.9252295850409803,0.9547519116466873,0.9571188853905241,0.9327471955860469,0.9339141266461649,0.9470679746386421,0.9344472501402884,0.9424471815953368,0.9421382087593435,0.9339896428016488,0.9345893466354689,0.9532801163522555,0.9473933594759232,0.9392340413305384,0.9359183041184893,0.950240579752901,0.9361113079101304,0.9487547728688018,0.9431769096348976,0.9522413630311384,0.9446038301497367,0.9364878761053727,0.9330567452088726,0.9383336787644613,0.9530388238615559,0.933898875752089,0.9470060791807647,0.9412322468347445,0.008693117941634763,91
19.087544748783113,25.576115948704942,0.07564738273620605,0.11458015911213394,0.07659757870614843,5,0.39284964077338125,2,4168,0.6905047160758202,"{'learning_rate': 0.07659757870614843, 'max_depth': 5, 'max_features': 0.39284964077338125, 'min_samples_split': 2, 'n_estimators': 4168, 'subsample': 0.6905047160758202}",0.9315806325459475,0.9531155348957481,0.9500698127823762,0.9496735032984174,0.9390255807187178,0.9514597619858539,0.9414108550232576,0.9483813763441187,0.9502117301308299,0.9418277833303234,0.9394886810492422,0.9391749739289211,0.9482880818427555,0.9533034416513836,0.9480234602880897,0.9562306455714914,0.9518074029314728,0.9468228326075735,0.955079304917439,0.9258801575539454,0.9532107932718172,0.9406595632073942,0.9594285478305012,0.9363084761282929,0.9344753746225152,0.946416141836698,0.9526747572146623,0.9397998769970398,0.9525602383197633,0.9470353258604074,0.9528109300458023,0.9469527005447493,0.9409806832860886,0.9513860563012108,0.9429197705187005,0.9429468455021264,0.9599107376294957,0.9486663456977289,0.9499151746880359,0.9440388979452671,0.9386684994311895,0.947037676445347,0.9526441184634263,0.9449092157608152,0.9444621950950255,0.9339834665125224,0.9539671116769155,0.9435944594193708,0.9535471487974518,0.946108817288254,0.9505701569767135,0.9447647700978501,0.9466397064844015,0.9369915752391478,0.9407659765828397,0.949441355636775,0.9457153499213068,0.9517089791906954,0.9540899665801137,0.9247629004409263,0.9552439558872267,0.9431946163151935,0.9582011532821362,0.9410855187479822,0.923444914947914,0.9403001595139705,0.9449345270722384,0.9560767738660986,0.9568178410155563,0.9346458045602852,0.9612071536940486,0.9489808285726304,0.9381919278507693,0.9297128004676208,0.9577360510715653,0.959518337317589,0.9402375538948261,0.94165938437675,0.9488740672441539,0.9370446703795605,0.9454338570150137,0.9460848103970383,0.9430736859633801,0.943687858702059,0.9470161936911672,0.9520302764119891,0.9433329487768142,0.9488925352037038,0.9581059642264664,0.9384467712424351,0.9535829821199275,0.9469600230394228,0.9528985620367967,0.9491736608668131,0.9287233422890561,0.9374896276538468,0.9529994037521226,0.9555301123059942,0.9389368440094936,0.9484083551284732,0.9461624209179742,0.007975893129192203,34
43.4394383096695,46.028355234492146,0.15095032930374144,0.21301514243269368,0.022722937137443968,10,0.42182946500629437,2,4168,0.9035360616930725,"{'learning_rate': 0.022722937137443968, 'max_depth': 10, 'max_features': 0.42182946500629437, 'min_samples_split': 2, 'n_estimators': 4168, 'subsample': 0.9035360616930725}",0.9252458969031759,0.9412942986687356,0.9454773529860887,0.9414173070999396,0.9342533693265509,0.9460987127673482,0.9346695745673533,0.9372719439815982,0.94654535863334,0.934763006540678,0.9266821484165795,0.9233256087886552,0.939790534899779,0.9500574741012352,0.9460859013933737,0.9448226235313791,0.9459141362237977,0.9362690948283675,0.9390492226822513,0.9213919342337986,0.9507666962226289,0.9109345030546165,0.9555781172755239,0.9288527419822509,0.9166100197813017,0.9416126459743291,0.9465124431761519,0.9291175877896185,0.9463745857389279,0.9360878277307408,0.9465833154714957,0.9395353186403115,0.9308032066150886,0.9397863657456671,0.932657430904254,0.9333841867040108,0.9499253165292413,0.9395930266890999,0.9408364758571937,0.9327055487839184,0.9185812403950221,0.9371675120245235,0.9566650305963149,0.9368349849996493,0.9323433561295253,0.9273864607559638,0.9414235463245313,0.9334380911006173,0.9434956497596577,0.9438207218889545,0.9459770896394305,0.9320656764840123,0.9425110794635719,0.9300133358824734,0.9306634702326438,0.9409204728478837,0.9395977988113686,0.9493905643640155,0.9460470229219526,0.9239236108901085,0.952501566756114,0.9315731723708385,0.9556329051858227,0.93193196812323,0.9131058252180309,0.9348135046244735,0.9339184163722387,0.943561250152749,0.945779879193611,0.9258606007393219,0.9502824270506555,0.9346446844622556,0.9224159493237395,0.9200781769882243,0.9550447364150176,0.9545164784769284,0.9304590665815944,0.9289170678670626,0.9409722121561321,0.9328217941304404,0.931010280347133,0.938678231601586,0.9370473675943326,0.9358601639102699,0.9469217956635966,0.9412591499734685,0.9299799262614428,0.9353653383756854,0.9478004821881875,0.9317114831609586,0.9423293118086775,0.9436306947759381,0.9434633515706573,0.9417519268531251,0.9270487314123431,0.9292667690148833,0.9423677583671288,0.9521477479983574,0.930255062595826,0.9383594981257848,0.9376603633054047,0.009579541470745086,145
54.12075733423233,56.82641171919578,0.19774991750717164,0.25577054416312545,0.004639902315883837,8,0.4319384050811783,2,4168,0.8667480710985318,"{'learning_rate': 0.004639902315883837, 'max_depth': 8, 'max_features': 0.4319384050811783, 'min_samples_split': 2, 'n_estimators': 4168, 'subsample': 0.8667480710985318}",0.933397005399826,0.9475318320853436,0.9505742151152261,0.9476955105175994,0.9432143471840413,0.9510722910736982,0.9366415250624137,0.9438572312797602,0.9498946306809107,0.9382515213428355,0.934249482324517,0.931595324886931,0.9453724746243376,0.9518345751436439,0.9519520471555873,0.9497999439703502,0.9501250243342613,0.9445412399081327,0.9468167765812029,0.9272117062248005,0.953155710425783,0.9213404789575406,0.9598213632840742,0.9380729217137204,0.9266760921793884,0.9445515347154158,0.9529313801469922,0.9348641197362625,0.9502350366636225,0.9426477455630653,0.9531607898292561,0.9441051171396396,0.9362647952818258,0.9455007178315687,0.9374864517968958,0.9381222466858794,0.9555467279893439,0.9467595092207451,0.9474526792279903,0.939457305763054,0.9273104935711799,0.9438786417850782,0.9575608330918373,0.9435319405898792,0.941914036885124,0.9355497835507058,0.9470451273049321,0.9381776519501472,0.9485659287873522,0.9471065790089672,0.9505397983485567,0.9389332841215757,0.9492471204896572,0.9317566614701605,0.9349600873585762,0.9467197597128814,0.944040918180726,0.9544988619332686,0.9512348168294293,0.9277602147146978,0.9548917170620183,0.9387929512937314,0.9593866660441714,0.939245363970338,0.9203119464220402,0.9397565834919761,0.9398962215711658,0.95121972093661,0.9518632641037647,0.9340910873160645,0.9553173642041393,0.9434948270575191,0.9287404972413217,0.9236834262696123,0.9584987504367524,0.9582049844252455,0.9385694393489479,0.9369881988558141,0.9477577505235678,0.9344533997514222,0.9385701221755165,0.9433983629974825,0.9400226192011785,0.9420292251414223,0.9513820380800435,0.9455282168612996,0.9362998352372391,0.9419854120970874,0.9526341691388922,0.93759683731499,0.9483754178989628,0.9461167341237361,0.9509184852679139,0.9476940353853661,0.9336930978116736,0.9378406203313966,0.9467874460726978,0.9537366617894015,0.9378426105578684,0.9441179653552247,0.9433584804189782,0.008628451168378218,67
9.781085805892944,14.023487652047383,0.02390585422515869,0.06435785968677404,0.176374803692031,10,0.6656475291350787,2,4168,0.7131667017543379,"{'learning_rate': 0.176374803692031, 'max_depth': 10, 'max_features': 0.6656475291350787, 'min_samples_split': 2, 'n_estimators': 4168, 'subsample': 0.7131667017543379}",0.9224683338091242,0.9328234638148769,0.9383854484655726,0.9344702818701367,0.9327182519680774,0.9414637921462506,0.9297988535952538,0.9294900718060825,0.9511428792003827,0.9287055755269598,0.9156639077942295,0.9316931482886361,0.9384967007220091,0.9369420358738337,0.9423435597995178,0.9332057891406259,0.9354484953551996,0.9363179481990835,0.9378147482371413,0.9193207811772259,0.9388557699969216,0.9154607195973663,0.9510352318526917,0.9198025836079146,0.9144400730366006,0.9303553685274977,0.9437861335103429,0.9288266195826032,0.9398214964158592,0.93189776635367,0.9464274785297753,0.9300371969266397,0.926351181133685,0.9365939313870606,0.9230649753777158,0.9293977492395477,0.9391139083703944,0.9358810892511551,0.9330826740456581,0.9246851234799572,0.9191108390075249,0.923227786820225,0.9355069542599977,0.9208799154628264,0.9350021230599579,0.9120330046093801,0.9364587313900974,0.9113486033492582,0.9348691764737111,0.9362703816829783,0.9359797435269019,0.9189274125500441,0.9335974981781158,0.9342577042779807,0.9237383495392905,0.9393655508337261,0.922879672918102,0.936882178687521,0.9498111524617459,0.9095283090608683,0.9408977827619394,0.9307243532536841,0.9545191099255204,0.9261317244137564,0.9204149499302225,0.9347067013565692,0.93761852401269,0.9404886715559928,0.9348692505025337,0.9176315820611727,0.943553364557392,0.925610425074276,0.9169826139145544,0.9125487349263858,0.9427986021246502,0.9499804697538579,0.9107094164319618,0.9249192515165717,0.9344345982061898,0.9068333230985047,0.9347295715447971,0.9362314268122572,0.9323949602773848,0.934334009501246,0.9469712032428377,0.9433124367456954,0.933982226359309,0.9210069705091608,0.9476608462387688,0.9222022204028566,0.940786542847926,0.9354984167807359,0.9437665967747436,0.9341789897946386,0.9280312240433667,0.935669587221283,0.9333165134912468,0.9386804228418426,0.913490163547344,0.9411158704095925,0.93181039873929,0.010313612831306733,171
78.02778299570083,86.3396149301772,0.33111182928085325,0.48760256377432437,0.0028615430780951833,12,0.598508298635958,2,4168,0.8432089625812538,"{'learning_rate': 0.0028615430780951833, 'max_depth': 12, 'max_features': 0.598508298635958, 'min_samples_split': 2, 'n_estimators': 4168, 'subsample': 0.8432089625812538}",0.9251349593748739,0.9434210793930615,0.947237387933968,0.941888826023323,0.9370872291938688,0.9465005168175628,0.9329975730289941,0.9364269547211242,0.9492518185871092,0.9366930859056722,0.9278898434334225,0.9244239334160831,0.9412384745621758,0.9484992565877699,0.9462484459333889,0.9444755068399523,0.9451994256227984,0.9425445753532836,0.9415825631649858,0.925322933018687,0.9494327325754826,0.9183545700808757,0.9575842423316174,0.9314891135788412,0.9175908797723483,0.9387334098837827,0.94750375146439,0.929682958102445,0.9441181418795566,0.9366315803293156,0.9478236465831913,0.9366042710180624,0.928741759409416,0.9415680520034329,0.9353339111958272,0.9353230787711763,0.948914086285851,0.9403609692077946,0.94626525400032,0.9324291863187979,0.921324154205187,0.9401708238515767,0.9529702216193068,0.9409596747631891,0.9347695567214065,0.9287954577364589,0.9430082498558102,0.9340466151755309,0.9428451038580226,0.9433372737227403,0.9455586750167022,0.9324373526550437,0.9429430770807457,0.9318277770815573,0.9293485038331459,0.9407332646284619,0.9409755537399748,0.9496843202398142,0.949016184611357,0.9226651535219184,0.9511516682802861,0.935070680228802,0.9571298713846883,0.9317558022834997,0.9150211951339365,0.9345410259096836,0.9388132623959203,0.94416527553062,0.9457317895432638,0.9259528793599103,0.9507166286808921,0.9394541389895755,0.9225856715992092,0.9240946284059849,0.952249949174131,0.9566932008233979,0.9292971312284753,0.9286555500918579,0.9417300232844809,0.9315461096092545,0.9373008802727937,0.9390454207067659,0.9326270104418696,0.9330259581813398,0.9504126461158262,0.944996169516662,0.9377748634087503,0.9342079072908369,0.9470501806021648,0.9321380313058554,0.9434598338322174,0.9419010975653653,0.9471735924254304,0.9405814240593808,0.9315218417986112,0.9315935636595547,0.9387976536644775,0.9490649236335132,0.9323778169625493,0.9434098272577598,0.9386078410226216,0.009061022071996078,136
8.698104844093322,12.686440798304874,0.019552581310272217,0.056602251506849985,0.1777033847672164,12,0.5441472554619294,2,4168,0.846486102281136,"{'learning_rate': 0.1777033847672164, 'max_depth': 12, 'max_features': 0.5441472554619294, 'min_samples_split': 2, 'n_estimators': 4168, 'subsample': 0.846486102281136}",0.9099634852994722,0.931725412934958,0.9346502709731064,0.9095535509554656,0.9253400058093073,0.9311184669241025,0.91814225167757,0.9222701229955019,0.9391086295503726,0.9247017307345224,0.9068631324560095,0.9131325308754404,0.9330917960291758,0.9392085039049062,0.9364272347528383,0.9311577455709128,0.9282767704376051,0.9354012935183028,0.9340723833178322,0.9105429131664574,0.9336083190324016,0.9023874927351168,0.9415186436135381,0.9180232885555467,0.8842849738277518,0.9308012270193695,0.9372902133117984,0.9071745769068946,0.9308627812797128,0.9240504976240478,0.9329186812363596,0.9212769336823703,0.9186792833023003,0.9241909526327188,0.9219265546462475,0.9174541312466109,0.9436070464689731,0.9206253159200862,0.9298410970799834,0.9152416829882599,0.9039553697017133,0.9137090390642533,0.9456198838209366,0.9240422087067461,0.9181978618090946,0.9095160357370712,0.9365598214739772,0.9249106324363314,0.9276957849225012,0.929970817919829,0.935001509244533,0.921222883188964,0.9284665736052411,0.9213917371458418,0.9121177867335648,0.9302930405651916,0.9342861817934089,0.9392647843931893,0.9341091033630565,0.9145314378749024,0.9388210795884174,0.9198025574813966,0.9466421884165263,0.9205942493297024,0.9028344396931144,0.9222431700765511,0.931471540600582,0.927312859281573,0.9322394343002218,0.9225015675273004,0.9316932749578962,0.9365992618521353,0.9134168380728953,0.9193114325251849,0.9450584372003443,0.9488067911452651,0.91506662990303,0.922019352473844,0.937653197429753,0.9068449227031421,0.9379396725883434,0.9320374651123078,0.9211040842675174,0.9122953552854552,0.9386321897892929,0.9331196446744706,0.9198879961344031,0.9233158006967485,0.9384649256549968,0.9194983548143248,0.9251997031491752,0.9351914696082886,0.9296209921652479,0.9291363029535823,0.9216564500007689,0.9166857275980737,0.933290020485875,0.9405423322806916,0.9254359592450787,0.9359617939792102,0.92585323883537,0.011372336184723992,186
37.445338222980496,47.183891005041325,0.11854684114456177,0.18937955988305397,0.004864734957527726,7,0.6194279323337255,2,4168,0.6850008532300484,"{'learning_rate': 0.004864734957527726, 'max_depth': 7, 'max_features': 0.6194279323337255, 'min_samples_split': 2, 'n_estimators': 4168, 'subsample': 0.6850008532300484}",0.9380355419020328,0.9503308092588681,0.954403448854382,0.9513669122947851,0.9450326330495297,0.9521463934248785,0.9413726515727067,0.9495805833882718,0.9542244575337457,0.943485951120003,0.9366458201675961,0.9349980744633566,0.9475533244691983,0.9543277998717461,0.9548137313894939,0.9524503750847989,0.9525409630716559,0.9489981733540518,0.9526659174523752,0.9302099633562579,0.9550748901551805,0.9322514068091693,0.9619092575997936,0.9433157623381861,0.9304181502532027,0.9478986507554688,0.9550286207608218,0.9402734879706269,0.9544073413331623,0.9476417404903352,0.9560694436938573,0.9482534034157436,0.9393992188649435,0.9487607109674276,0.9423774718432093,0.9427741740002423,0.9580645104601331,0.949497302388835,0.95041089993001,0.9412940816945053,0.9367932836696408,0.9479512255740582,0.9578076803562056,0.9460530828716386,0.9449280553393244,0.9359810369685542,0.9516425175357351,0.9421614000139802,0.952241121296312,0.9497752171407521,0.9548351228584427,0.9443068988151795,0.9516362315552596,0.9362900003764362,0.9395618417257878,0.9492952594005205,0.9486758195099405,0.9559419200640147,0.9556084178854287,0.9342112484412344,0.9569430313248781,0.9434720908126653,0.9620613695914535,0.9416247706639892,0.9277550608783064,0.9420799763245129,0.9452996442437988,0.9533683367836389,0.9544735966606847,0.9405316826419053,0.9593637297550941,0.9464090537228322,0.9330063650240639,0.9308463982357955,0.9603309704768246,0.9606190559462559,0.9412976602233804,0.9413628828304865,0.9505607665370194,0.939764271647082,0.9441394143725894,0.949894312580427,0.9433793936216397,0.9446988362903084,0.9554404944902128,0.9511856633733978,0.9407960579784034,0.9444500645178566,0.9570677945481029,0.9434848270139848,0.954578837260404,0.9475573223303824,0.9554389576744372,0.9506970957927806,0.9391908950141796,0.9434984344526157,0.9512986515078864,0.9552045857177043,0.9414955561483866,0.9501610170770773,0.9472083035829049,0.007745447039045513,25
33.26891872406006,42.50698469727727,0.08235664367675781,0.11889455522629745,0.005066863395249431,5,0.7961383656506613,2,4168,0.637480896168937,"{'learning_rate': 0.005066863395249431, 'max_depth': 5, 'max_features': 0.7961383656506613, 'min_samples_split': 2, 'n_estimators': 4168, 'subsample': 0.637480896168937}",0.9415552264639293,0.9511860160212939,0.9566410867888753,0.9557084230329596,0.947886697334044,0.9511126360809931,0.944516383856616,0.9520777518642776,0.9576249631800973,0.9448166918033349,0.9368932666062451,0.9367211575543835,0.9526817652645083,0.9552555838805713,0.9562514814155106,0.9571143784879692,0.9555421728289605,0.949975598004445,0.9594253663408362,0.9324509595214372,0.9553351860104166,0.9417715021038626,0.9637772797737052,0.9454048406514046,0.9319504115738355,0.9498609662283514,0.9599886087091583,0.9431294605726436,0.9570921428521544,0.9499044700657429,0.958291625819035,0.9500124595684984,0.9429610527998471,0.950270432617218,0.9426294154905016,0.9443785456594617,0.9600623760648507,0.9544562588520286,0.9551451799624883,0.9462536048611392,0.9420616482350086,0.9501686569549384,0.9602763743496129,0.9457170046678306,0.9501106033537248,0.9375587622713245,0.955834473475473,0.9416733006136987,0.9553314295050622,0.9508244127777227,0.9544947723805636,0.94744626669785,0.952899391458333,0.9359659962629185,0.9423828628813429,0.9520681806405529,0.9489067884104596,0.9546556908189517,0.9572286646260387,0.9386649768587502,0.9583579929974478,0.946699113454411,0.9611347699797553,0.9469384654762623,0.9297428110760607,0.9420454109683424,0.9500832913043793,0.9583233042511349,0.955252466336609,0.9428237605370515,0.9627056816389618,0.9513499392569715,0.9359193231613174,0.932050654359463,0.9625758651710526,0.9650831628497816,0.944382824410802,0.9455473316093369,0.9531309759517073,0.942294896509298,0.9463359971260121,0.9528046526695397,0.9451791531732975,0.9495801573628053,0.9563714181687233,0.949410876887765,0.9413730684679432,0.9488758939949475,0.9591600525930436,0.9483676687994186,0.9579376340229883,0.9449984376465984,0.959484179814033,0.9525761307363578,0.9448743917682849,0.9466205565930839,0.9538842363625655,0.9570677015551705,0.9447068774906562,0.95324354876664,0.9497167835910783,0.007703765139319368,4
40.60169271469116,49.32621996904566,0.07380743026733398,0.11250490307822693,0.01196174193467231,5,0.6883949150611814,2,4168,0.7914186827998569,"{'learning_rate': 0.01196174193467231, 'max_depth': 5, 'max_features': 0.6883949150611814, 'min_samples_split': 2, 'n_estimators': 4168, 'subsample': 0.7914186827998569}",0.935283113970353,0.9499166183823272,0.9564411053891262,0.9558796905514271,0.9469082459950087,0.9506342158022438,0.9458092742600229,0.9512146626880695,0.9576143232135572,0.9439573714780969,0.9367957969184845,0.938693839542103,0.9513201171957396,0.9555301552004438,0.9567768059476283,0.957296102291985,0.9540331638617917,0.9502627778572074,0.9575161914420048,0.9306943234580463,0.9553416762672354,0.9410777296019525,0.9615945411512347,0.9430518974632521,0.933717263398942,0.9452150890144491,0.958373163389578,0.9433890110014326,0.9569081709059347,0.9507739234910126,0.9568588716994988,0.9504794939026984,0.9414589352056296,0.9499618290386768,0.9423986972672814,0.9433795896538206,0.9587106522046702,0.9545601681314082,0.9512788960386047,0.945336673847456,0.9400341843342316,0.9495318216753766,0.9606435698935603,0.9455349288610018,0.9486972678730838,0.939679301811082,0.9531427193573883,0.941973636266542,0.9540342029813732,0.9485973481048048,0.9536102719560634,0.9452822173066784,0.9537949011015386,0.932719317672998,0.9431561021553548,0.950536293924841,0.9475430259456611,0.9532747866438571,0.9575840239849397,0.9376173802080423,0.957348130269029,0.9448053027287977,0.9619048128259908,0.9470344463145843,0.9274942446051627,0.9420602139142433,0.9478074125196648,0.9575353337591319,0.9557219740849335,0.9419342004162252,0.9620343932273747,0.9515063431845963,0.9348656024593552,0.9306355031662926,0.9627047211304672,0.9640041529736428,0.943488909410547,0.9437066279861047,0.9532326633447091,0.9397570220871565,0.9453935049646094,0.9531736251084452,0.9449550128070332,0.9483426039156303,0.9554292422292775,0.9505696165449788,0.9374852433692237,0.9475328264313182,0.9587464229191032,0.9451305422946517,0.957513769514974,0.9458247199977268,0.9603275599149764,0.9512703533107191,0.9423649809768576,0.9461071087781754,0.9539169094036418,0.9566618237646984,0.9427923236700921,0.9521320722834712,0.9488868374278648,0.007938129214948833,7
17.128686838150024,23.797758301932728,0.03806761264801026,0.08331629697460324,0.11577141594597738,8,0.6960789512713625,2,4168,0.7833954070935212,"{'learning_rate': 0.11577141594597738, 'max_depth': 8, 'max_features': 0.6960789512713625, 'min_samples_split': 2, 'n_estimators': 4168, 'subsample': 0.7833954070935212}",0.9240274481989239,0.9441039642070295,0.9511177089300689,0.945773294895152,0.9364151501010677,0.9470421488348189,0.930516897360882,0.940032587295579,0.9485041402345205,0.928245119028705,0.9304022866058276,0.9266770459690099,0.9408345565511081,0.9472354640410746,0.9492279522737914,0.9435009525720867,0.9496362203397322,0.9429806980917507,0.9431969187632917,0.923874411721805,0.945732357299699,0.9273487615435803,0.9600343214916166,0.9384226809768166,0.9212220484558274,0.9360140471329117,0.9488979548640928,0.9301890147588118,0.9488808758969023,0.9369090038759276,0.951858304384176,0.9350085824573746,0.9276947493611392,0.9397438360606334,0.9336138741525158,0.9339606219857579,0.9483494744766479,0.9356832181944992,0.9435437990899344,0.9361525717411836,0.9116892071698119,0.9385893975475891,0.9502922589767713,0.9448455320920632,0.9373134924210216,0.9269485934033385,0.94477634700373,0.9340189672239774,0.9375714187034652,0.9438668559417291,0.9504478046029302,0.9319516670659423,0.9450206890417205,0.9331097630692015,0.9287058424377341,0.9383149039380575,0.9383874903202682,0.9448433662233034,0.9496911624087403,0.9232970468936079,0.9496943952987698,0.9343687948090653,0.9570514215782651,0.9285710206607164,0.9199266474533785,0.9260862129274651,0.9398775663704761,0.9473871801813349,0.9433641506083803,0.9385543405103542,0.9536016165161048,0.9343186637064973,0.922451416332466,0.9212613307304865,0.9545653050325221,0.9533446255339986,0.9283832007328425,0.929362466592315,0.9424909825376863,0.9260258069039768,0.9265751881179572,0.940031522259658,0.9391408323423328,0.9380436358703877,0.9454632904378485,0.9443178518865035,0.9297771210929202,0.9362322491025654,0.9514421463957311,0.9326810968973139,0.9514821551112491,0.9395863721517561,0.9463746463405152,0.9398419229793232,0.9344163953453761,0.9326682617355088,0.9414421946586311,0.9424862715721861,0.9262299545636117,0.9431235627501803,0.9385833068732994,0.009496113734552974,137
64.77963875055313,78.71246948422053,0.150536630153656,0.2144931048629655,0.0068564314564107985,8,0.6917142204161856,2,4168,0.7662163476493078,"{'learning_rate': 0.0068564314564107985, 'max_depth': 8, 'max_features': 0.6917142204161856, 'min_samples_split': 2, 'n_estimators': 4168, 'subsample': 0.7662163476493078}",0.9332303680728068,0.9488189742268851,0.9517408130561851,0.9489078846506664,0.9437864280323585,0.9493465145343872,0.9384588796941337,0.9442011865555572,0.9517283966016634,0.9412650386439368,0.935951482536793,0.9326675761763834,0.9435601218930962,0.9511078675207089,0.9522525830213625,0.9488297634860338,0.9498266645390101,0.9488424817625,0.9493949211582844,0.9288091979075015,0.952584281018444,0.9289632418435521,0.9606499035153854,0.9399569464409693,0.9262927014476633,0.9429996551719624,0.9520108759834608,0.9361354782367919,0.9506206430182478,0.9460457713231274,0.9535144680966656,0.9453995658974046,0.9349485657144396,0.9477749724732232,0.940886900378956,0.9376998372555496,0.9558964571313742,0.9464279058302502,0.9510529624740164,0.9390322524934235,0.9309779891201813,0.9449108496720727,0.9548741021277083,0.9464958928298686,0.941424303502626,0.9313929747184845,0.9497400121761997,0.9414283931185011,0.9478642201587545,0.9471220671577285,0.951077198715064,0.9375012462752665,0.9493444242369855,0.9361299259125068,0.9363104161927952,0.9474282324871739,0.9445118616846214,0.9533030125529248,0.9539934975874994,0.9298956489961732,0.9551830068069859,0.9387646011120835,0.9611125875098222,0.937499647240039,0.9248519645952862,0.9384537683777715,0.9440956002619081,0.949423799854425,0.9498010109287385,0.9363544185069765,0.9543403890852585,0.9420976841381326,0.9291558005372523,0.9266680007101454,0.9577265234235596,0.9600736078586793,0.9353399584163279,0.9376463082947822,0.9482775266535644,0.935697913031627,0.943748032244124,0.9454989939871007,0.9404810746089722,0.9409166592729042,0.9528228077494053,0.9498357572710632,0.9383155505717511,0.9413373617391705,0.9534079231989633,0.9407023617795036,0.9497640911178673,0.9457639684516236,0.9534317902644406,0.9496418131896995,0.9386231636792479,0.9367626490699468,0.9449727201396634,0.9549928654189229,0.9382761627289575,0.9475466191550961,0.9442675328202007,0.008166206464638254,55
59.1142075419426,66.97990956662268,0.09566855430603027,0.12974127113732362,0.042447737358520234,6,0.8953685550856594,2,4168,0.7739021256898738,"{'learning_rate': 0.042447737358520234, 'max_depth': 6, 'max_features': 0.8953685550856594, 'min_samples_split': 2, 'n_estimators': 4168, 'subsample': 0.7739021256898738}",0.936735861961039,0.9482321863755645,0.9538220104005477,0.9503165355449215,0.942836703320514,0.9504983720532951,0.9385398783677451,0.9492862527970664,0.9535031157830796,0.9433583397430539,0.9345701668365568,0.935934526122955,0.9430331753946173,0.9497982659926519,0.9530872226733684,0.9553440029053321,0.9499965994547305,0.9491474380719565,0.953928854342296,0.9296175239095651,0.953231514777392,0.9351994943878587,0.9615074478725024,0.9415167327097149,0.9322596548593559,0.9435598887353688,0.9523160364038564,0.9410686479696345,0.9519765457811895,0.9475479612619644,0.9515137962025119,0.9463835308033778,0.9298477352413957,0.946870577483002,0.9428680686458547,0.9422438715493272,0.9554487079930871,0.9507693418042896,0.9493200300566383,0.938544282249899,0.9312736542062253,0.9463605844015165,0.9488863288076763,0.9462594899173806,0.9423427922457446,0.9295976998840256,0.9499712382182979,0.9428984358555913,0.9507152153851423,0.9473078690871681,0.9536335773596056,0.9437024933114726,0.9529980898719849,0.9312543358581309,0.9393576264521818,0.9481944273922979,0.944724150255896,0.9513482924058689,0.9546108956243997,0.9347802090640509,0.9551748155184864,0.9402635655000022,0.9577955579861486,0.9429188841650217,0.9219940576252055,0.9382928685433776,0.9466890268302448,0.9535708910542637,0.9505268564828705,0.935783739530752,0.9600018926524708,0.9410904390429291,0.9309435184334915,0.9255493365971228,0.9597028181788712,0.9610227920871688,0.938790045764588,0.9429998526177916,0.9518132129070227,0.940466219276663,0.9433525460101828,0.9490255620865481,0.9405899686038346,0.9390968001211792,0.9523412089539462,0.9485289833846785,0.9378181323929428,0.9428506539335912,0.9560626619651582,0.9405434046249832,0.9569697505456156,0.9428409456186304,0.9578309944719605,0.9510796065471618,0.938753460409441,0.9402608343555854,0.9455556602402119,0.9553108199704868,0.9414193011455867,0.953379743238136,0.9455479973385809,0.008262638935917069,41
32.74424297571182,41.52738631643699,0.10323854446411133,0.1694364102614168,0.006008116661255823,7,0.4431781364164753,2,4168,0.9350257970633646,"{'learning_rate': 0.006008116661255823, 'max_depth': 7, 'max_features': 0.4431781364164753, 'min_samples_split': 2, 'n_estimators': 4168, 'subsample': 0.9350257970633646}",0.9336588155707822,0.9481049689138628,0.9536968945034953,0.9492348433965815,0.9433001057334197,0.9515236092059572,0.9394267719368514,0.9476375759772251,0.9513577318152071,0.939996155401318,0.9364034119950374,0.9331364234569649,0.9437655323926104,0.9528289023627193,0.9527960629658847,0.9507150402272796,0.9504783036279951,0.9447580908714863,0.9509839234877812,0.9253612412412353,0.9549602404163628,0.9277192423487912,0.9614799815699276,0.9392481874754426,0.9305152939798652,0.9469308694943914,0.9524247587562981,0.9369813032337839,0.9527138015598335,0.9450738566558947,0.9542532347480536,0.9458420430562793,0.9391841866791916,0.9467796099347058,0.9409927243218875,0.9400456089759595,0.9562561152936329,0.9482988544902599,0.9483296807786725,0.941184925836515,0.9322178819291085,0.944643907633146,0.9583755591290004,0.943113376958023,0.9428614516607652,0.9369806489254533,0.9452989853315873,0.9380208545130396,0.9497994087588689,0.9479135946242655,0.9521414364065662,0.9421788555129924,0.9504414374007465,0.9299896461485604,0.9366680706342801,0.9462043848491973,0.9435303551390921,0.9563196004556332,0.9528193837555117,0.9309954425528244,0.9546855865223653,0.9403290414265445,0.9593428673036591,0.9424302344708515,0.9236027010560662,0.9426397853524128,0.9429730080851405,0.9521089839908263,0.9522120769425109,0.9354771265307573,0.9572967000018411,0.9446040744225231,0.9299791494973572,0.9274392452503706,0.9605549946486007,0.9590311790989007,0.9397083153919904,0.93908120048972,0.948186738242813,0.9366233853280586,0.9391940647086392,0.9470716536756612,0.9425768402293605,0.942997086808928,0.9518394006775233,0.9478445931223906,0.9365899638299342,0.9432555678478738,0.9543114323971011,0.9392819229322666,0.9509989031695516,0.9468674354542544,0.952541992683129,0.9479678172354983,0.9346982989827992,0.9394005040539744,0.9491744944393776,0.9553462807931838,0.9394794549332501,0.9458838980995523,0.9448452120713565,0.008271037800833828,47
34.422333233356476,42.56065049450103,0.07808112144470215,0.12628317919652793,0.0921353795171421,7,0.8987075128788344,2,4168,0.826064957462618,"{'learning_rate': 0.0921353795171421, 'max_depth': 7, 'max_features': 0.8987075128788344, 'min_samples_split': 2, 'n_estimators': 4168, 'subsample': 0.826064957462618}",0.934603340268618,0.9429494415024914,0.9452823687043119,0.9487597218686631,0.9395024658948519,0.9465957591472679,0.9338785909918277,0.9430602189861308,0.951736067672352,0.9369594672886764,0.9289731889330235,0.9274964845243844,0.943235963986299,0.9443744921449322,0.9449578104610833,0.9439410715598339,0.948316491525301,0.9517702493516089,0.9432956638587147,0.9228535949061308,0.94581406736775,0.9306990271054206,0.9574670793162019,0.9412738854745356,0.9223808745480366,0.9394691005261004,0.9494145942405247,0.9348254565837479,0.9489652349477925,0.9441586363489511,0.9511601656750391,0.9396097423428571,0.9287197005375971,0.9444184246802394,0.9352596875188127,0.9356860510746425,0.9532551423100304,0.9454782929910615,0.9507717080032034,0.9374026955505491,0.9305578380960418,0.9387499450409023,0.9431720277756701,0.9421629357792469,0.940347903905303,0.9247230286121315,0.9469455537239417,0.9361264511934009,0.9427934841464273,0.942435740909568,0.9471452150928098,0.9345606441116292,0.946048743919672,0.9273442689585194,0.93469593782333,0.9393745053765368,0.9409301270577253,0.9496187789219827,0.9479971905012151,0.9283232096329621,0.9514867043541939,0.9349266117479723,0.9572126706923079,0.9349140320254532,0.9165327743597596,0.9293400979212845,0.9376231263005963,0.9462249510965409,0.9507948427868849,0.9297746967149871,0.9561756133166086,0.9390426761192179,0.925298219835874,0.9267599030361088,0.9548835318135559,0.9550964170588688,0.9348474569728958,0.9325526058942671,0.9475397820019984,0.9316832022611381,0.9405257850303587,0.9398392669956207,0.9328385091466598,0.9340480892240985,0.9494231343409792,0.9462008668153874,0.9330369881114812,0.9396898833575391,0.9463663208871578,0.9331052585600461,0.9444970774361633,0.9368147657811554,0.9503185764404101,0.9470392128370861,0.9358680341599952,0.9351756015435086,0.9421150658675161,0.9482938444468072,0.9313014658262785,0.9461571705841143,0.940481903850015,0.008549875182603087,105
68.78820600986481,82.17485376186436,0.28795786142349244,0.3751836977398053,0.0031108326056301064,11,0.5873960594492682,2,4168,0.6737716992635644,"{'learning_rate': 0.0031108326056301064, 'max_depth': 11, 'max_features': 0.5873960594492682, 'min_samples_split': 2, 'n_estimators': 4168, 'subsample': 0.6737716992635644}",0.9313167735828156,0.9470995404829728,0.9502399640103739,0.945344695937842,0.9403117029779531,0.9491680658940111,0.9373082479438014,0.9436332085488119,0.9525061764689899,0.9390268427135607,0.9325469662890618,0.9291514998335961,0.9446163169674031,0.9511536862705695,0.9514404810284484,0.9481168869646757,0.9497226809246506,0.94485516811385,0.947206402515548,0.9272854336353203,0.9529576097748151,0.922525464211807,0.9592143434655633,0.937857883007213,0.9221018973995689,0.942953598931164,0.9500270985253227,0.9343115626948174,0.948076757694383,0.9411496755535385,0.9527815540030883,0.9422618990725325,0.9336511057330774,0.9446983323417422,0.9381638528928852,0.9386620234921859,0.9536722498164903,0.944206015430536,0.9492442955693237,0.936147616596879,0.9292700798500608,0.9433381627241448,0.9573333639751757,0.9435711237068655,0.939598153451718,0.9320402310675222,0.9474167003357703,0.9385565140185941,0.9467227137430155,0.9470717345581104,0.9503047465616062,0.9350710305621753,0.9479223946238489,0.9348582375539081,0.9344460855123542,0.9450916785578114,0.9441244560672118,0.953197533457666,0.9522199325398977,0.9281429684163175,0.953788610048889,0.9380351157024108,0.9607970513915434,0.937152177953872,0.9184783653639095,0.9380458801855959,0.9425292889323338,0.9472227851679006,0.9478398477360338,0.9335792241902411,0.9542207630924436,0.943392305550137,0.9295766899611594,0.9271702872431198,0.9561768289006997,0.9609445600250754,0.9350832001188563,0.9350186073393628,0.9451785815894432,0.9352520351912731,0.9393397990166649,0.9426081808276963,0.9380995135734798,0.938669079443388,0.9532416265637013,0.9484415700064165,0.9415825768728147,0.9381305224146916,0.9524881867559964,0.9368979180678256,0.9471235626519946,0.9436468196784283,0.9511228214996926,0.9470501139268176,0.935950721185529,0.9355942342036359,0.944114719252545,0.9530058174237125,0.9372675154035249,0.9460764860148451,0.9426694740906265,0.008642018026894202,74
9.343071830272674,13.604834806562765,0.04401487112045288,0.0769938872530225,0.07366219007900414,8,0.4393497366621478,2,4168,0.5551923148256198,"{'learning_rate': 0.07366219007900414, 'max_depth': 8, 'max_features': 0.4393497366621478, 'min_samples_split': 2, 'n_estimators': 4168, 'subsample': 0.5551923148256198}",0.931070743080137,0.9468630505178708,0.944779272711963,0.9458364344376377,0.9412954595453981,0.9428502993616782,0.9347473366669465,0.9480478901744314,0.9443147971223675,0.9315968210672542,0.9300197575016141,0.9270551440255159,0.9400883928056342,0.9518321948460633,0.9465082051692165,0.9473863515531828,0.9498522322878363,0.9451834788096726,0.9441266886713461,0.9287557829783412,0.9500743573918674,0.9274289818746106,0.9568795885441957,0.9313270858557278,0.9250501365981944,0.9454451342576671,0.9462313158971547,0.9299682416095151,0.9495000947429095,0.9393270940231887,0.948614288470006,0.9365149600134997,0.9402754920980169,0.9382375075228812,0.9318415719661848,0.9327491689093602,0.9546360194482202,0.9430253446790953,0.9417276823376419,0.9380182913531226,0.932955256219931,0.9405175073595212,0.9575723746807633,0.9406033123087495,0.9367535025412405,0.9316936166343099,0.9399632319181845,0.9372909114341736,0.949005352381313,0.9456627112135729,0.9531498622296521,0.93768524485762,0.9459951420266609,0.9315588370092518,0.9312547726125106,0.9401568833586835,0.9378672502810341,0.950036493892735,0.9545116668534249,0.9251544611271375,0.9502889020848384,0.9394842356535191,0.9550452731624054,0.9382731427250651,0.9216697029385555,0.9412856641887346,0.942580160835134,0.9505535827271789,0.95239465177496,0.9333975236728319,0.9544235264873426,0.9435078569448133,0.9285919519553317,0.9242120888825557,0.9545426707259418,0.9545187354182428,0.932779266071263,0.9323722844023721,0.9448398043778478,0.9304419205419674,0.9392278218275556,0.9464219921156588,0.9400615417021834,0.9387035550794733,0.9494798188954306,0.9432454434377863,0.9262348041309524,0.944052860105515,0.9461658613584639,0.9374026441104817,0.9474895048014201,0.9446144262392404,0.9441927974462151,0.947497544562695,0.9358734636165928,0.936967904880736,0.9479329296688038,0.9509033261813247,0.9329474024864772,0.93815884991894,0.9411124852000448,0.00840509109546586,93
41.44923134803772,54.13610496520281,0.11769999980926514,0.18871975906070734,0.0028332686506026515,7,0.5985978666870624,2,4168,0.7666072141879023,"{'learning_rate': 0.0028332686506026515, 'max_depth': 7, 'max_features': 0.5985978666870624, 'min_samples_split': 2, 'n_estimators': 4168, 'subsample': 0.7666072141879023}",0.9364272074863264,0.9492093525797342,0.953765975698691,0.9505257413363865,0.9447787023940573,0.9514441306503723,0.9394256357382014,0.9486021888852029,0.9530909044088922,0.9425541824093275,0.9365711849316367,0.9335483820335135,0.9458049323883936,0.9532612176688706,0.9534051713824894,0.9510792036561478,0.9519727266289405,0.9485116061946282,0.951327524617608,0.9297640101661402,0.9541470058047361,0.9323013143912143,0.9608031803748699,0.9422991065266212,0.9286599855427655,0.9457028753343757,0.9548565048463223,0.9371366344556964,0.9521896485112645,0.9458657005348278,0.9551076818698518,0.9473658980939474,0.9378037687359999,0.9477233293596087,0.9407772971886302,0.9409035294441419,0.956611921257462,0.9496403795486444,0.9509947324567535,0.941575288349308,0.9326465514216484,0.9455539348085462,0.9574866795276028,0.9462997141169022,0.9434038610668591,0.9353801236692385,0.9497793265486398,0.9401434833951545,0.9502059807465265,0.9492028482198822,0.9535513283906224,0.9421543529291723,0.9516031487365026,0.9340626850359125,0.9388421817832766,0.9479622370516656,0.9455155379374456,0.9554801681387349,0.9552626643001085,0.9330963937762793,0.9568482421608109,0.9415818464841308,0.9612780770490673,0.9405858549381539,0.9243292186917901,0.941685264912628,0.9448637198229726,0.9520286461454004,0.9512305843003068,0.9372089217193251,0.9573282244584359,0.945535527636633,0.9310121834713543,0.9300432586222614,0.9594072075436988,0.9606378355259243,0.9398976447230678,0.9393994531270671,0.9501658043491747,0.9364831827843793,0.942477714535718,0.9486213009344222,0.9425256584342137,0.9429563668548696,0.9547851811357185,0.9483253197196997,0.9404569105983486,0.9445883890857857,0.9559080798960136,0.9416886487761751,0.9516657843350365,0.9472718943114896,0.9550567418856951,0.950340733062063,0.9392679841082855,0.9404058115081205,0.9479317834924927,0.9547609437274666,0.9408371638788109,0.9482343042158655,0.945948263784462,0.007978357566370794,39
13.969199106693267,20.314057482904417,0.016959354877471924,0.03208692756653624,0.2078842538782157,5,0.5999444960895808,2,4168,0.9193506699558507,"{'learning_rate': 0.2078842538782157, 'max_depth': 5, 'max_features': 0.5999444960895808, 'min_samples_split': 2, 'n_estimators': 4168, 'subsample': 0.9193506699558507}",0.9181604345194729,0.9412009245571153,0.9524887927116413,0.9348847472474837,0.9373822206812622,0.9518319846929492,0.939115153040386,0.9445718963307713,0.9473761813354743,0.9254145865488183,0.9261704926450331,0.9237156550111997,0.9464745828022488,0.9394163636656021,0.953185696988598,0.9469900163484053,0.9389520223810304,0.9440306955326238,0.9504432783636411,0.9117040433350074,0.9418172255736483,0.9238202283470216,0.9498598707430821,0.9265218365303964,0.9223615922085195,0.9399169259134573,0.9417302351450453,0.9381140729758098,0.9453690462674125,0.9372071610584098,0.948306606859979,0.9374823520224245,0.9338958314578414,0.9316890273727351,0.9332322263582122,0.9285957876436488,0.9470062702061693,0.9425252737283781,0.9382450667815545,0.930499960829251,0.9207209946924961,0.9283926085971298,0.9517493145696571,0.929822349707478,0.9331492052672361,0.9241834235191441,0.953336560318458,0.9321307420359349,0.938129628240903,0.9375528057196245,0.9545488600741256,0.9408234740649692,0.9377262746950267,0.9242750152045819,0.9287754211645491,0.9392394506717362,0.9396291436643599,0.9412649905915267,0.9477329400922605,0.9268465257266528,0.9498479551272453,0.9317803586447697,0.950690391291204,0.9383086080025792,0.9229971744823147,0.9336713156449746,0.9373500692134216,0.9396367803985679,0.9426417877106953,0.9152108791890767,0.9532572888608514,0.9535306405869877,0.9184544986526321,0.9159090413464507,0.954119487815872,0.9488611417305817,0.9315862555761815,0.9371789688577414,0.9418436692728053,0.9255681639714202,0.9327697043748762,0.9399512719382754,0.9388332328005397,0.9373740467433135,0.9423555244052749,0.9397476903982762,0.9297222422108649,0.9443043384034834,0.9515672554738628,0.9297718025236115,0.9482705348190312,0.939649579238011,0.9494542521862093,0.9401758967068868,0.9320001669217829,0.9291315490290541,0.9343776701355828,0.9508734536691148,0.9267254424276989,0.9436867166005456,0.937649229427623,0.01001830310505256,146
70.41672460079194,81.43004473765967,0.2279639172554016,0.3375616038148948,0.00407067039939574,13,0.7756179978787981,2,4168,0.6771670832896792,"{'learning_rate': 0.00407067039939574, 'max_depth': 13, 'max_features': 0.7756179978787981, 'min_samples_split': 2, 'n_estimators': 4168, 'subsample': 0.6771670832896792}",0.9318988356843794,0.9472764419469665,0.9505295583915184,0.9450756145913728,0.9408464269711418,0.9474283541675866,0.9355159919024516,0.9435595597430239,0.9532958514171609,0.939146137214354,0.932462768670387,0.9284215857251978,0.9446426180829598,0.9496676430601506,0.9501868353276723,0.9463001203133243,0.9474480691204314,0.947634299528809,0.9462630235869289,0.9258761735588527,0.9514505224753042,0.9263264599995187,0.9589747499295043,0.9378861365007075,0.919209031073444,0.9412102636070171,0.9486225094035271,0.9326804750014922,0.9471708203279465,0.9407232316912614,0.9516205305538885,0.9426679004578433,0.9282994266578198,0.9433761115826231,0.937414419607133,0.9359787835840327,0.9529136640355157,0.9433059258456943,0.9499622779726404,0.9343216313448646,0.9313004203215072,0.9435890999831895,0.9531000749609086,0.9443498293818627,0.9391651038240755,0.9301510339682829,0.9466362408476375,0.9376019162128312,0.946136939552214,0.9452962652866415,0.9502970433368891,0.9327076722292413,0.9453771191171235,0.9329561020344954,0.9343370608111561,0.9440216903209004,0.9457535897372779,0.9503172939777723,0.9531527252673908,0.9284043985879791,0.953340449870158,0.9395518122443808,0.9595940940127194,0.9355871513966372,0.9204419114811867,0.9348163778259844,0.9409595845085936,0.9474149518280095,0.947865437190023,0.9333093029318168,0.9531966765969055,0.939231819676271,0.9286029899913776,0.9273802135109999,0.9544411471508195,0.9613709237072753,0.9331279799323557,0.9335872588831223,0.9442462580782544,0.9350312401595426,0.9407838287814437,0.9425879475282923,0.9357343625335423,0.9379555449883573,0.9528597524746963,0.9470444591300361,0.9415820129445783,0.9386369241606832,0.951324160267282,0.935634141406128,0.9460726344365515,0.9419532612891138,0.9505781247046512,0.9466766571300266,0.9345645870077359,0.9356912188596992,0.9421124822488152,0.9511758054768288,0.9369521743401774,0.9476670655869709,0.9419292712668786,0.00857188833746494,86
17.56551074028015,24.98558562216694,0.130918927192688,0.20214904536656939,0.014571905849303018,12,0.33503216233857,2,4168,0.6737982711417441,"{'learning_rate': 0.014571905849303018, 'max_depth': 12, 'max_features': 0.33503216233857, 'min_samples_split': 2, 'n_estimators': 4168, 'subsample': 0.6737982711417441}",0.9322954306494902,0.9417535807335009,0.9483592799546913,0.9411063192159096,0.9394786835333048,0.9490260701256117,0.9336499900353254,0.9379727961376984,0.9469240656571775,0.9318468821313921,0.9298119518248102,0.9229273457599252,0.945806267782952,0.9467084590848496,0.9504332156629234,0.9445485337059222,0.947131057065549,0.9417360204744137,0.9440311659776314,0.9227270158295178,0.9520874445164212,0.9172086718679773,0.9572268428757255,0.9359123920754698,0.9135642213087546,0.9437860002932333,0.9464649715616162,0.9327963458015065,0.9484699890437813,0.9361311392714078,0.9461469776962033,0.9399925166524363,0.9344150829747246,0.9429060253584359,0.9350980243772914,0.9297932222728623,0.9513640249656117,0.9435035902912705,0.9419423422558822,0.9342687812761589,0.9258204223265131,0.9387553886046028,0.9535779478859615,0.9400604166601617,0.9374340895528799,0.9294781807806927,0.9392291080590505,0.9310560451169868,0.9450349510973142,0.9445465468808865,0.9465434830437186,0.9340520088108518,0.9470528568126363,0.9343226935541409,0.9271079369542032,0.9405294678835402,0.9407134950207708,0.9510787415700531,0.9482007750521428,0.9236543559693818,0.9504950596052061,0.9365358010824602,0.956018919918098,0.933671369954491,0.9172933124212965,0.9379409913654704,0.9379379198464024,0.9471804399430709,0.9473841100792351,0.9284755288467212,0.9515010029055646,0.9426326969599763,0.924897412487115,0.9229760401962119,0.9528389566777138,0.9544121877406506,0.9331102851798005,0.9333748741365744,0.9441729424964543,0.9344737306611521,0.9330524074595883,0.9358027353002824,0.9339973439979108,0.9378849674571761,0.9476989988720399,0.9435698407154702,0.9341553076191099,0.9352407131306442,0.9492967927072716,0.9336946413608547,0.9460118327092499,0.9426230033302523,0.9461057001340988,0.9441750191997045,0.9294381027908559,0.9298743863529024,0.9435341893527989,0.9523794384032039,0.9326199631275077,0.9417649983459382,0.9393984561458637,0.009071233750075475,123
38.123410007953645,49.21004459970586,0.07890347480773925,0.11212016263740232,0.01811151984115001,6,0.730009964172333,2,4168,0.733381595886742,"{'learning_rate': 0.01811151984115001, 'max_depth': 6, 'max_features': 0.730009964172333, 'min_samples_split': 2, 'n_estimators': 4168, 'subsample': 0.733381595886742}",0.9400551839909651,0.9504765770411403,0.9531190243090604,0.9513249752441041,0.9461758840272397,0.9479044281317648,0.9440169855065317,0.9518963313472059,0.957699591066871,0.9435462322190086,0.937615666668835,0.9354372208784538,0.9478585725334623,0.9542369330914078,0.9554124694247522,0.9540927707501006,0.9525892786352049,0.9507157102342263,0.9547571813233469,0.9293424467895615,0.954933985813246,0.9372363596049749,0.9622772718634751,0.9439021133730964,0.9322023585609625,0.9454286576229503,0.9564547480711826,0.9392589577357089,0.9532010968276471,0.9458876346111955,0.9586316106240644,0.9487286958261107,0.9394088387572191,0.9486509533790063,0.938787356764909,0.9415889668954411,0.9586191642639379,0.9498412870860624,0.9526377727000886,0.9424510350730744,0.9362125271762904,0.9478106717886979,0.9537290419326849,0.9435027455972242,0.9470760248066097,0.9381502607293449,0.9514894608751051,0.9443736175602165,0.9528625247556427,0.9493982711972763,0.9537996720455788,0.9436309302286164,0.9526623328400381,0.9355688648759364,0.9401549601559195,0.9484349614694628,0.9461618192109711,0.9532144507818803,0.9574980604747995,0.9351248815697313,0.9573282457539567,0.942665980644137,0.9604080979571448,0.942605762997539,0.928667064447357,0.9432283965515561,0.948666822233734,0.954417317547064,0.9512711868528989,0.9390969327525002,0.9611386850577918,0.9472921052252257,0.9335574073159847,0.9332756946917925,0.9602336202964088,0.9619980875631593,0.9417250950592684,0.9434570858269785,0.9528178323997617,0.9372896410824468,0.9461973972788846,0.9514221149605164,0.9407708529872639,0.9452405460017179,0.9557736833228048,0.9521361997520327,0.9403330193409788,0.9484614770722866,0.9570775659428634,0.9425000954390431,0.9545013039403007,0.9459914213454741,0.9584296351120813,0.9518280632397769,0.9405631947623658,0.9438754671370425,0.9514898876797179,0.9560433290380306,0.9419308783035684,0.950762278921789,0.9475572788257486,0.007701077381670075,18
73.55935397863388,83.44542458329185,0.11226921796798706,0.17225802218828062,0.024451857832937164,9,0.885422313074065,2,4168,0.8468434481960752,"{'learning_rate': 0.024451857832937164, 'max_depth': 9, 'max_features': 0.885422313074065, 'min_samples_split': 2, 'n_estimators': 4168, 'subsample': 0.8468434481960752}",0.9290818147781065,0.9432647693005524,0.9464793633342726,0.9442887806706015,0.9362744867105179,0.9441349497453534,0.9325778411520911,0.9354143979724063,0.9485796199320679,0.939056921754573,0.9332644579841837,0.9238643445698979,0.9444663930707122,0.9458635904764853,0.9469978976195915,0.9436757740415409,0.9462207823771419,0.9454095044864361,0.9385428042894144,0.9260073185821804,0.9456159118253943,0.9269990904594887,0.9578598299151184,0.9374552673736081,0.9205887744691708,0.9396267448044147,0.9460335538148157,0.9327250775863984,0.9449755850181459,0.9393291568129081,0.9472751823349242,0.93914064547753,0.92390194347419,0.9444439774960514,0.9325887365050882,0.9309877889091617,0.9477322497615155,0.9425432409305666,0.9495955416720152,0.9340903283968921,0.9196940069133518,0.940122723168634,0.9492792491063509,0.9413061762113291,0.9380579226440977,0.9255938556471572,0.9435958352936031,0.9355697450224083,0.9406705041015448,0.9421382956194717,0.9466705739662665,0.9289449440580818,0.9436397723390078,0.9267624008971437,0.9335924639277742,0.9420517909344445,0.9407438065840027,0.9494357577192581,0.9536471548310075,0.9234462285040299,0.9521016315543206,0.935156385758133,0.9571716773893735,0.9322524914362675,0.9159862247768082,0.9293007442729591,0.9401057847567218,0.9420988685972332,0.9445810382036659,0.9252464577573573,0.9484623232363519,0.9351756029814374,0.9241752804588554,0.9261098040905742,0.9514717060291815,0.956594285406005,0.9296215962697537,0.9303160594960722,0.9443365502131921,0.9318993853122538,0.9408770345904597,0.9397021378692494,0.9357465390994367,0.9332834092271747,0.9522999604073731,0.9474728350752651,0.9387766613222183,0.9372481948626467,0.9471542081357116,0.933560956847135,0.9443702492482352,0.9403731991533301,0.9497763890135108,0.9433851838783266,0.9343921597417908,0.932421656289765,0.937482151761787,0.9497542095330037,0.9300163333492132,0.9466751793944214,0.9390887019417106,0.008876897448513369,128
62.22767633199692,75.09052660265998,0.1279069995880127,0.19690858046393847,0.007450666443838127,9,0.8912789471378522,2,4168,0.7398333987787269,"{'learning_rate': 0.007450666443838127, 'max_depth': 9, 'max_features': 0.8912789471378522, 'min_samples_split': 2, 'n_estimators': 4168, 'subsample': 0.7398333987787269}",0.932157037806664,0.9471584420458371,0.9509112211926103,0.9467297082183542,0.9411114967296942,0.9456494474666091,0.9374131630817433,0.9427320937270685,0.9531055744568127,0.9414443986878734,0.9326761309435248,0.930658431019762,0.9444205832705457,0.9502819002801532,0.9507972707511688,0.9466414562158546,0.9506596339503431,0.9493566951234481,0.9437004212145413,0.9284834887428294,0.9497492720980786,0.929809130667895,0.9610305285890247,0.9378535069211784,0.9235653866241016,0.9412171122416803,0.950223110937069,0.9350311018252637,0.9480974227155808,0.9429823249604741,0.9525385543212841,0.9436635359009087,0.9276886826201193,0.9454187573514637,0.9397109897365338,0.9361566999128996,0.952850323675194,0.9446213724713474,0.9511594060863227,0.9366173287271475,0.9290745333083487,0.9423387285112127,0.9512679655713561,0.9446312537188448,0.9410179455730561,0.930132963799326,0.9488146041355632,0.9370863503376214,0.9463462132701707,0.9448085320431053,0.9499832078884114,0.9355539514251154,0.9468398410100658,0.9348222679074575,0.9370594587688369,0.9456032654265456,0.942398931634609,0.9505102243080893,0.9540509974731542,0.9301542353787168,0.9551864113287192,0.9405036846716509,0.9595782388862139,0.9351407295658629,0.9204194647798164,0.9351543759263827,0.9414953470175416,0.9480826423180451,0.946551293054872,0.9337228997840504,0.9525642433234285,0.9391397744247544,0.9281749789507666,0.926878858973198,0.9557636420798618,0.9596898458303641,0.9340333914409281,0.9342103357608631,0.9445780504264736,0.9349119501135035,0.9436072420241584,0.9453761675950145,0.9359918382421456,0.9368860153016862,0.9538797647690593,0.9471526998689368,0.939261524446824,0.9394045961342374,0.9525056571222231,0.9357703546321657,0.9476048912522782,0.9418016730191054,0.9523501606779777,0.9481945909377876,0.9390098688463155,0.93581220247886,0.9422061340101591,0.9530360640907367,0.9362131354819948,0.9484774384504878,0.9425889079283807,0.008391322917655299,77
12.493469450473786,17.989765284317293,0.04644543170928955,0.09383237694861005,0.07971189763535122,12,0.5817422573446251,2,4168,0.6995322018780352,"{'learning_rate': 0.07971189763535122, 'max_depth': 12, 'max_features': 0.5817422573446251, 'min_samples_split': 2, 'n_estimators': 4168, 'subsample': 0.6995322018780352}",0.9230287521116405,0.9405789397008826,0.940914311416268,0.9448921250260621,0.9379908734959638,0.938410805494101,0.9290250301197429,0.9407754363698566,0.9487283399784769,0.9320554913245035,0.9226181346595531,0.9270845562746622,0.9353851792330297,0.9474942199175849,0.9458891990181665,0.9412296989978872,0.9425439163678815,0.9409345923272968,0.9401654078671087,0.9180746067125904,0.9466974124379851,0.9277902371666944,0.9535156232520277,0.9263957563397892,0.9147497988508216,0.9307675369926671,0.9421879090137291,0.9257186580156241,0.9427068846303074,0.932501965008186,0.9485741510472218,0.9416218789468798,0.9247096176214482,0.941723614189422,0.930793022884886,0.9317340982391424,0.9473862082351027,0.9421852028251558,0.9437719550170827,0.9246166692153382,0.9181923102221496,0.932635096821089,0.9384641162256521,0.9340826335521327,0.9314308770533183,0.9239106265447921,0.947099677457002,0.9354636275632566,0.943017204026676,0.9379770535910995,0.9509569019957154,0.9321673182531852,0.9399833447161831,0.9324012794871054,0.9311657842345556,0.9412554342019904,0.9367207490566833,0.9490005647497368,0.9538307287954788,0.9228530375091006,0.9432703081491634,0.9342841624241769,0.954951840415126,0.9308346589537471,0.9179942735098651,0.9293652442835397,0.9377748582828823,0.946031383963153,0.9382522791957947,0.9221475784093456,0.94908142995755,0.9388929965485392,0.9211782112062079,0.9147331788041763,0.9509063763913856,0.9591214098131674,0.9259512158767403,0.9246492333034336,0.9410209026186784,0.9345130798974404,0.9436461223715485,0.9361137156594636,0.9280392222227694,0.9385167396719396,0.9530033724702068,0.9401526633159856,0.9417594785905107,0.9264949083868328,0.9471842015176987,0.9313909294102857,0.9470676427413312,0.9427338717617056,0.9456312055085282,0.9436381402065375,0.9349885903036357,0.933005530839299,0.9441711052523899,0.9480003629350962,0.9314831591787267,0.9447552146459802,0.9370730698139427,0.009669518195676545,152
63.033717753887174,78.41807922304083,0.1316517996788025,0.19818053457600981,0.022064956656423867,10,0.8042041362069554,2,4168,0.8535438211675037,"{'learning_rate': 0.022064956656423867, 'max_depth': 10, 'max_features': 0.8042041362069554, 'min_samples_split': 2, 'n_estimators': 4168, 'subsample': 0.8535438211675037}",0.9284363605966434,0.9444826556265755,0.947463420930836,0.9455429650094269,0.9362300679632822,0.9441848223868009,0.9320153660503501,0.9323622908648488,0.9500893757966645,0.9376808051780254,0.9274071615661094,0.9260246171314975,0.9399811481114622,0.9466157552050072,0.9456630361025984,0.9450809341205435,0.9475869989502653,0.945493016695513,0.9388507958730907,0.925245907559344,0.947222115724144,0.9233462971772073,0.958342482198574,0.9360425298771091,0.9219045010208873,0.937307019846417,0.946722942478068,0.9300346535622527,0.9424646167532659,0.9383129728235087,0.9497658450304531,0.937408317663643,0.9260243492657118,0.9424887804597225,0.9326740974342916,0.931062154571506,0.9474922205843508,0.9407337560279961,0.9473890451176014,0.9336059651970174,0.922321594958389,0.9373512408772919,0.9505676562095773,0.9425348334996899,0.935317784915682,0.9299539447101244,0.9465910612517264,0.9366577846657812,0.9393805616752227,0.9414686940902571,0.9449970615981977,0.9268434377949011,0.9431568042503806,0.9295940327927557,0.9348432479465398,0.9420084169128213,0.9393988630743091,0.9476278100149269,0.9505912165104554,0.9207857895736398,0.9511922363017336,0.9342241213159163,0.9577330183731539,0.9313324703344037,0.9160838474958888,0.930430166364915,0.9393101867503197,0.9422098499593615,0.9417628708328682,0.9245188343348837,0.9502426247778435,0.9380957252573313,0.924910740001275,0.9234127927220941,0.951799982062773,0.9582306897763445,0.9294760517468247,0.9298148867829789,0.9443929332937896,0.9324182094087201,0.9403350361918794,0.9404511139831774,0.9265189689575081,0.9314529732090236,0.952108925461963,0.948757303052783,0.9392396890722499,0.9323988798221662,0.948204256814557,0.9330979801436997,0.9438972234092096,0.9406628231738063,0.950139198627281,0.9380965768699494,0.9328265619850378,0.9346934676200838,0.9376302138262668,0.947465405456816,0.9322052950171447,0.9449535682074571,0.9386550170065076,0.009044516675172693,135
18.228217389583588,23.8968212627325,0.0562221360206604,0.10196394569371799,0.06590153608896254,9,0.43662205597382386,2,4168,0.835947868716513,"{'learning_rate': 0.06590153608896254, 'max_depth': 9, 'max_features': 0.43662205597382386, 'min_samples_split': 2, 'n_estimators': 4168, 'subsample': 0.835947868716513}",0.9290100118138971,0.938953600852981,0.9464883757015077,0.945380313078805,0.9351615026858101,0.9457933696943016,0.9301207720587856,0.9385221033071232,0.9438204440349013,0.9336216939933507,0.9223539358453638,0.923845660282017,0.9370516107421453,0.9472830709351525,0.9473198977620115,0.9445760926781298,0.9463095718836876,0.9452181205559175,0.9402660257244699,0.9115221692633859,0.9471600101452018,0.9191491399423873,0.9502015999695459,0.9321903469384738,0.9133288994123345,0.9411463101511984,0.9471709383635345,0.9255487602221601,0.9435616890566696,0.938098709712284,0.9469899466000677,0.9397763915980353,0.9307430964189345,0.9409684315109228,0.9364312579411432,0.9416130207196902,0.9498205709875728,0.9441569924169944,0.9414486640615035,0.936547082372449,0.9165903167951762,0.9325798345621867,0.9557135328521696,0.9342788772818957,0.9398856431996099,0.9249203682830263,0.9363658766826539,0.9353919936087444,0.9431789721992271,0.9439801491260174,0.9542805472922223,0.9245257508195838,0.9432816813522938,0.9357267456112495,0.9309613066904152,0.9453849265076228,0.9363805997143085,0.9493030301491402,0.9459120902380587,0.9153698564631328,0.9461853301961105,0.9350288627640091,0.9545259914193797,0.9383601079922846,0.9172003830924484,0.9336392838990438,0.9405302032511466,0.9460017302776489,0.9427935082066559,0.9252481744638631,0.9455116692743452,0.9369625633283131,0.9220793300914705,0.9190369369591073,0.9517662160888083,0.9522723706281737,0.9283558003643819,0.9348410826146599,0.9414040156671117,0.9291873016255102,0.9205010556304173,0.9429838210456902,0.9281815656013496,0.936240248716593,0.9448708851976559,0.9386985063498169,0.9354304996955489,0.9349939905044947,0.950977035031867,0.9300343325564857,0.9428514955736016,0.9376614336524235,0.9448599112236179,0.9434349853330255,0.9227336425638304,0.9306551493028438,0.9358642948964038,0.9483607502057101,0.9329653307030387,0.9379796931203837,0.9374389178997287,0.009812083714110109,149
23.522323739528655,32.100205334837625,0.11103814363479614,0.16694833295696834,0.0220164181334109,7,0.4414855848403797,2,4168,0.6048221246088148,"{'learning_rate': 0.0220164181334109, 'max_depth': 7, 'max_features': 0.4414855848403797, 'min_samples_split': 2, 'n_estimators': 4168, 'subsample': 0.6048221246088148}",0.9381978277921316,0.9499175211393165,0.9533388351400408,0.9530780803784341,0.9454792933519909,0.9500054423333907,0.9411229584354734,0.9486496320920987,0.9502922456707021,0.9436627544561111,0.9392774748605583,0.9355990326536116,0.9519227891879751,0.9544851380937552,0.9540019735905806,0.9538255667756401,0.9528941773077929,0.9476390961318816,0.9540972203734712,0.928859365235354,0.9535850595865569,0.931121537232614,0.9615374953877839,0.9446173723019305,0.9314787496380249,0.94860218687715,0.9537148720026946,0.9376430363482973,0.9537207023543783,0.9449571171295491,0.9547261927215142,0.9479056479075374,0.9420035454454033,0.9458086858432443,0.9406818476456171,0.9402981341410805,0.9582140095808616,0.9484780035355076,0.9474812471237539,0.9408264970864602,0.934047436961845,0.949394300332873,0.957732871350362,0.9437093974372233,0.9445182644176646,0.9400261292012503,0.9488737233077496,0.9404413274666853,0.9528051136807802,0.9518305628224308,0.9499066543342313,0.9446365774148975,0.9507886134821267,0.936867836869816,0.9397077807055794,0.947590313248135,0.946110656754048,0.9549572258939101,0.9568308396398695,0.9349805225860074,0.9575005453700474,0.944313539664436,0.9608254229136783,0.9470613460969751,0.9282459364147451,0.946486548081911,0.9445155755910586,0.9536266169438893,0.9551726034228669,0.9412385706615027,0.958933292634352,0.9471636991130491,0.9355175771230904,0.9298743512678761,0.9585363644292796,0.9602723793705649,0.9426777827719013,0.939511366861581,0.9522020818275042,0.9358937731350964,0.9433954955538322,0.947737312315273,0.9430090928313924,0.9438490503933396,0.9522735920255045,0.9491362923249982,0.936573847232123,0.9466280880529785,0.9571270785695283,0.943198272578634,0.9533229098428059,0.9474048283324514,0.9539090184382758,0.9543164810093496,0.9384779569192959,0.9420688834749816,0.9524440950621997,0.9568700515748755,0.9420293547032167,0.9497569166637412,0.9469260250439198,0.007645186003758983,29
55.194675550460815,66.2830826906042,0.11491674423217774,0.15986372926166337,0.025047557393561622,12,0.8813909601918843,2,4168,0.8610793298222768,"{'learning_rate': 0.025047557393561622, 'max_depth': 12, 'max_features': 0.8813909601918843, 'min_samples_split': 2, 'n_estimators': 4168, 'subsample': 0.8610793298222768}",0.9262743516316253,0.940730923251424,0.9461012668364152,0.9368991399756605,0.9301945180221975,0.9391500639816134,0.9298497194833817,0.9316949697798025,0.9482951273241343,0.9344730086838375,0.926003054853576,0.9222534921567176,0.9409626186344128,0.9416185708766953,0.9431380031933373,0.9413242113380955,0.943937405369077,0.944268765936908,0.9315727445054052,0.9259862053599937,0.9454096362822095,0.9230697833247933,0.9557756253330375,0.9281170441154507,0.9140134046679952,0.9331274106573053,0.9437301375815512,0.9269036397087488,0.9385307790577475,0.9344300697461585,0.9472595026780384,0.9359210750032414,0.9215693939523685,0.9394233492537427,0.9285706741396753,0.9272501937500424,0.9428485618151086,0.9369436856128424,0.9467730121429601,0.9295915329718099,0.9189518623269131,0.9393726540987698,0.9492464032359655,0.9393336457669406,0.9352104357169866,0.9252184096162896,0.9394358459721651,0.9300412181666962,0.935730513190985,0.9402943951068097,0.9390232860605203,0.920700867604275,0.9388645847567072,0.9249117723189693,0.9288117479890781,0.9397311636621216,0.9371742367028544,0.946110017876568,0.9495989198907921,0.9195735723568568,0.9485969629709852,0.9336884998330011,0.9518334307664799,0.9280027535354092,0.9110905700581424,0.924787819054204,0.9380812563227234,0.938339830644354,0.9392898764958648,0.9225179906221127,0.9479663050732064,0.9293821632967638,0.9197142618011039,0.925459085891876,0.9480951368035864,0.9546503494284625,0.9249684923648008,0.9256231153951936,0.942687992405912,0.9312597315926443,0.9376308818797192,0.9360997572729276,0.9290219332415435,0.9267391953480297,0.948642510053025,0.9463049742657281,0.9374048592046735,0.9310889966749083,0.944238253655036,0.9261477439977938,0.9445841889593249,0.9360192861620276,0.9460387798842638,0.9391020273584681,0.9312902470082648,0.9317462788413409,0.9328911001105782,0.9461962141309106,0.9252317666995391,0.9456905325133975,0.9354946737702473,0.009355065787335862,160
11.244116106033324,15.68684299677404,0.036282706260681155,0.08257534147127481,0.0965879569053994,11,0.4613387362619372,2,4168,0.854442074247118,"{'learning_rate': 0.0965879569053994, 'max_depth': 11, 'max_features': 0.4613387362619372, 'min_samples_split': 2, 'n_estimators': 4168, 'subsample': 0.854442074247118}",0.9126028104810442,0.9333665591747871,0.9378374018972931,0.9365647071528898,0.9351973924693523,0.9370247685880411,0.9204606327668062,0.9209599408076033,0.9430184864285576,0.9322809258481577,0.916453630873743,0.9197220031953905,0.9208970171636734,0.94480027337706,0.9414120850308836,0.9391855346489577,0.9407550866486751,0.9340598091828073,0.9365421558347514,0.9229458452297306,0.9441150316865005,0.9105001128194842,0.9473659535776237,0.9279488008313526,0.9013615105703218,0.9350988191648669,0.9470098860502725,0.9134014638028838,0.9422628569472058,0.9272941216485012,0.9403854504946995,0.9311889079302984,0.9229085593296084,0.9309191806394654,0.9248483037302297,0.9262385376592951,0.9455034894911518,0.9310118920253395,0.9410105972506291,0.9172887988709919,0.918241477341011,0.9413489785475656,0.947313739600221,0.9334373809638074,0.9329753486021323,0.9224444072465505,0.9364204879552732,0.9261383773107367,0.937560766521931,0.9392004082856177,0.9416355060045806,0.9290428278435735,0.9401354727625709,0.9276950252244612,0.9223416775286163,0.9400724613746176,0.9329085726621484,0.9437845582700269,0.9407897529192268,0.9235887392474494,0.945757252510754,0.9310132102177581,0.9525021561497417,0.9299367269969181,0.9081593189325091,0.9311873835405693,0.9346146056893767,0.938797778442647,0.9404150058658186,0.9201588767316187,0.9497175990106093,0.9389454360218124,0.9120379946337493,0.904697558216203,0.9467000021951667,0.9540715028636745,0.9246907102738104,0.9231525512928483,0.9373767910681651,0.9246032264448665,0.9290134316264134,0.9277444567091502,0.9252887926957774,0.9275890486695316,0.9427184410341687,0.9372048197518927,0.9258369308166187,0.9286944118152067,0.9424637157524695,0.924042849441066,0.9361345224926132,0.9457446171160659,0.9398068402468651,0.9348194308033874,0.9257544434694551,0.9167492432433413,0.9387973911578388,0.9400965286568194,0.9308587442603341,0.9371610788818718,0.9321588073327256,0.01070655947133897,170
17.01452272415161,22.622978411267226,0.0520201301574707,0.09695008613453282,0.08846151865692825,8,0.5047377130664709,2,4168,0.6444622861050796,"{'learning_rate': 0.08846151865692825, 'max_depth': 8, 'max_features': 0.5047377130664709, 'min_samples_split': 2, 'n_estimators': 4168, 'subsample': 0.6444622861050796}",0.9341276470448692,0.9455755006951513,0.9461545142766512,0.9378978312563604,0.9411010908004233,0.9498249097937713,0.9345108054344702,0.9449024660065202,0.9462755371035576,0.9360844499896237,0.9280123296925121,0.9228216076779262,0.9431123568551403,0.9515896115008401,0.9492175761396786,0.9431980627329379,0.9438890083325575,0.9402932622235757,0.9445407990090874,0.9118021398598122,0.9485223977891807,0.9117828320662122,0.957462118319812,0.9386098562713224,0.9187040474694521,0.937863803487514,0.9510801250607291,0.9322761268508182,0.9482947941712301,0.9387520303061159,0.9484240115786988,0.9474351777080037,0.9296979613890338,0.943331596048593,0.9380693113152967,0.9310331351790119,0.9503395732740328,0.944401180557931,0.9392251365166576,0.9345265619547631,0.9216267013190721,0.9376142091084956,0.9527558860379842,0.9408441793624697,0.9382052034782653,0.927295939602035,0.9438737890781383,0.9414636535712744,0.9447709917183653,0.9453452392065108,0.9486956052054364,0.9431730762884628,0.9446360954613164,0.93747029533221,0.9296388119894118,0.9438717085607893,0.9474571362998553,0.942326421040409,0.9527678034090669,0.9228972237913919,0.9473401170409145,0.9368436911640464,0.955565612517965,0.9344706944424994,0.9185875760910975,0.9321578290584263,0.9414466664275375,0.9478394326222174,0.9484904204608814,0.9291648905720589,0.9522125394298702,0.9415116233516134,0.9249410345749282,0.9247263930527625,0.9565526840036384,0.9552015756714538,0.9351666732262565,0.9362829480270313,0.9421444023789558,0.933067929934152,0.9338594219388836,0.9403087833166478,0.9359668821773263,0.9327825855613207,0.9503616930841001,0.9436717743788857,0.9327458218195838,0.9321634771695073,0.9518779560557298,0.9296015883640344,0.9448796938535172,0.9450191393624583,0.9521240149182368,0.9502933764148475,0.9369262613057084,0.937153001461642,0.943404610038869,0.9508349995733919,0.9331562250575265,0.9450934613523864,0.9400743275485374,0.009546621708987608,116
105.16236063957214,113.07067475770947,0.24878289461135863,0.33537493959375597,0.003362102626007117,11,0.8750565330562627,2,4168,0.8216755337420458,"{'learning_rate': 0.003362102626007117, 'max_depth': 11, 'max_features': 0.8750565330562627, 'min_samples_split': 2, 'n_estimators': 4168, 'subsample': 0.8216755337420458}",0.9265767750183234,0.9443546640107604,0.9474716410901587,0.9430511496789664,0.9353172656475095,0.9421570109722153,0.9329373285765598,0.9363701260533673,0.9509523697820493,0.9376486679526533,0.9312277094068944,0.925113929929458,0.9421290683506778,0.9457437202775332,0.9467113486871348,0.943643812775639,0.946257895494865,0.9454572788386654,0.9381733770115184,0.9249996682310314,0.9474198166326755,0.9238492765370813,0.957587985531366,0.9339477384024363,0.9185007188158314,0.9355034003528268,0.9466054267347755,0.930290035720511,0.9426533604334217,0.9380142659834898,0.94840960785215,0.9375006665003854,0.9265572789630663,0.9433264451936213,0.9345337206133333,0.9330133145031271,0.9465279521612746,0.9403203966195763,0.9494234285480181,0.9322003878191154,0.924449253256,0.9414675875259219,0.9500638499869166,0.9405996070598136,0.9369895246727065,0.9262250417980823,0.9433291585599515,0.9333728960922685,0.9405225750475058,0.9398446240473413,0.9443622511579997,0.9280224559357055,0.9422165494308609,0.9309689783572282,0.932435560172884,0.9432012486829233,0.9387969931227192,0.949758811193194,0.9508393062710919,0.9220798361832433,0.9502821246177733,0.9344821039828016,0.9574145584982588,0.9295367458101462,0.9154919600932468,0.929315930970265,0.9395809612799402,0.9430916228920568,0.9442730712373698,0.9251793464793742,0.9498757751827298,0.934386673924305,0.925051837729156,0.9262457615010116,0.9511750088247305,0.9562203196378493,0.9287613910225749,0.9300331824076749,0.9423190138094134,0.9336736238001446,0.9399073199288958,0.9400862087215198,0.9298940679276755,0.930454870245159,0.9520542545198863,0.9465478259638374,0.93946064248859,0.933130526873035,0.9456468857120882,0.9335306130238814,0.9451528562762981,0.9397073468407358,0.9484684602635979,0.9416699105527432,0.9340850054709762,0.9324363937332065,0.9353418682510046,0.9501786673373355,0.9318508491981853,0.9468616805135929,0.9385488340780148,0.008883571138060119,138
13.966453804969788,16.63954237674295,0.029251501560211182,0.0451240928573675,0.11667952049666686,5,0.743730469582262,2,4168,0.6200136858032161,"{'learning_rate': 0.11667952049666686, 'max_depth': 5, 'max_features': 0.743730469582262, 'min_samples_split': 2, 'n_estimators': 4168, 'subsample': 0.6200136858032161}",0.9347576021515258,0.9471324946071499,0.9526069855374399,0.9532550633216761,0.9450020939176341,0.9442087704076416,0.9422528985636939,0.9528791931397462,0.9558574823042613,0.9426005525827048,0.9311477244368512,0.9316535314296409,0.9502693487617029,0.9444990642858758,0.950930794072232,0.9463890301667132,0.9522930181770286,0.9419812904398078,0.9551772820016657,0.9265636537481258,0.9416319891519275,0.936443051559356,0.9603790988438548,0.9424828823658822,0.9307198822299075,0.9392288437409944,0.9559560921917254,0.9397722409408348,0.9437699180629414,0.9410690820984476,0.9495249632132489,0.9530217339395891,0.9398805150363878,0.9446605593151481,0.9414178436136367,0.9360960336104784,0.9572495599732991,0.9429929195719897,0.9496953311498543,0.9431578403290577,0.9361535516257183,0.9475882073292555,0.949552424941381,0.9397381254599562,0.9491795548200708,0.937080703977904,0.9481159164492389,0.9326669819961779,0.9515462949377902,0.9456121583830361,0.949920047698659,0.9369621479442616,0.9509458437217072,0.9241022352647584,0.9342146976662734,0.9443512809498344,0.9463909649590836,0.9447564262267826,0.956839702663804,0.9362925057893579,0.9475380535907186,0.9403417419470621,0.9586859025118343,0.9421935241401812,0.9201840495532445,0.9375122440688121,0.9440543040950022,0.9483965580958558,0.9469355744124495,0.9293126110048345,0.9573261864824393,0.9459978906068233,0.9323871466447953,0.9173006237096428,0.956227430329087,0.9629684718072036,0.9432433975888624,0.9435134731485069,0.9543697004028995,0.9309290259131059,0.942141211691536,0.9472895799677039,0.9403008261848119,0.944470537923512,0.9521468037086371,0.9418965306206799,0.931169803974361,0.9445369445978478,0.9572986995778251,0.9453539805542488,0.9510448827580987,0.9338198086643079,0.9519383573455981,0.9461389299987898,0.931923542396158,0.9442825558147115,0.9511153880906984,0.9475201269361221,0.9427161290242705,0.9531966428947116,0.9441233722057474,0.008737362867344363,59
86.5604307627678,99.54065434635558,0.1267423939704895,0.19648549239110275,0.02841217831524539,8,0.9029246761915235,2,4168,0.906996666315752,"{'learning_rate': 0.02841217831524539, 'max_depth': 8, 'max_features': 0.9029246761915235, 'min_samples_split': 2, 'n_estimators': 4168, 'subsample': 0.906996666315752}",0.9272509626773932,0.9457410469622154,0.951712239413681,0.9465268678489385,0.9343085088671073,0.9393063739748251,0.9324237347896307,0.9434013874585092,0.9497143865803841,0.9409377380270694,0.9340644053792421,0.9265142993526937,0.9415020383756026,0.9454323157929637,0.9475443255210168,0.9472556749558307,0.9466044092348194,0.9484022082470551,0.9394615765029335,0.9234061879953559,0.9439076567231744,0.9263080074282313,0.958641834980651,0.9370563738731751,0.9206552550685965,0.9358762442648105,0.9468319200593305,0.9331824381612183,0.9472420565455566,0.9402857870747697,0.949782499936192,0.9415961439256355,0.9224599733961797,0.9440271995419939,0.9355474524146041,0.931518234290614,0.9465769394515459,0.9426379420498697,0.9481783668139411,0.9334158526249802,0.9229112720432266,0.9425164451551415,0.9484161614427369,0.9408111259891315,0.9381376868305361,0.9299453921413456,0.9459262483408708,0.9349890842151909,0.9419743353111005,0.9375702073002127,0.9450768867267967,0.9319690561898503,0.945905739920756,0.9278640651462324,0.9349452480533071,0.9417491221887153,0.9385347458118954,0.9509636230412265,0.9534647527245218,0.9223019058928162,0.9507531889962517,0.9346663049664741,0.9578335510673527,0.9335724433767021,0.914323936862509,0.9294162321515445,0.9394696193985762,0.9473918349760756,0.9448423976789688,0.9288395756274125,0.9513700235647786,0.9347697641292322,0.9267653507437116,0.9245425469058048,0.953114911053774,0.9545919395894477,0.9308862408794387,0.9315560976892465,0.9429252321914444,0.9314534323711959,0.9412179480985297,0.939551339800185,0.9294740698980543,0.9309231363686451,0.9526009802980298,0.947422665605043,0.9367011092521084,0.9336288754095188,0.946984767489008,0.9337519919257551,0.9469316370243376,0.9446024421014683,0.9513353697227284,0.9426664694802597,0.9380809612152813,0.9307399725404041,0.9383891843983213,0.9523868004395191,0.9323731991424918,0.9486350512706021,0.9395469456674818,0.009128497152970358,122
19.64032940387726,24.318881386400605,0.03758105516433716,0.05492256756802501,0.011524353055160108,5,0.4696186449797698,2,4168,0.9370686736576764,"{'learning_rate': 0.011524353055160108, 'max_depth': 5, 'max_features': 0.4696186449797698, 'min_samples_split': 2, 'n_estimators': 4168, 'subsample': 0.9370686736576764}",0.9363247598140378,0.951635818114427,0.9552406695534115,0.9505959897887625,0.9448590161879479,0.9507502053490976,0.9435009216919956,0.9514381881768841,0.9548311947501649,0.9438107656436009,0.935893667674419,0.9359771935434271,0.9489879773964633,0.9539697501476337,0.9548684414084244,0.9576899627230241,0.9509621496081371,0.9465856295527466,0.9572210803635847,0.9302981860570733,0.95608763839611,0.9372610162832604,0.9607394081061222,0.9425647511358375,0.932040428815118,0.9475386417060427,0.9578485131487635,0.9410265355498454,0.9541582047544789,0.9486733751996681,0.9548176792544966,0.948013787058889,0.9409908952380778,0.9466902421786262,0.9418038246888056,0.9428565125469109,0.9596886943926347,0.9540925471181997,0.952294314641037,0.943688653176436,0.9398128703305397,0.9477178065510071,0.9614989446860428,0.9440264813566209,0.9486163697589064,0.9428882363766764,0.9519752471014316,0.9420327899145899,0.9550373847812199,0.948623698839296,0.9567963945859308,0.9476225992344498,0.9535300256494098,0.9277904847571222,0.9398065798250541,0.9512618545275605,0.9443075722893193,0.9531134348621442,0.957537540415507,0.9371695063365097,0.9544610481094757,0.9463356894054373,0.9604273540997584,0.9462541264451798,0.9261637100733617,0.9428749639577008,0.9476232219408814,0.9573248397711784,0.9559296573999286,0.9370506688058373,0.9588715917151253,0.9516004774993099,0.9342476257077413,0.9324071510668017,0.9624231163791221,0.9638648226362625,0.941961307705331,0.9423871565948253,0.9535431779754605,0.9405372031482189,0.9435091714494996,0.9514094255631881,0.9446794447190271,0.9461556258778951,0.9530410341595539,0.9498583546303628,0.9388873248744886,0.9492563530507777,0.9572206080876751,0.9407478725657796,0.9554278246232656,0.9461728194056945,0.9569566654750034,0.9514706737834812,0.940132213774053,0.9445527569843123,0.9532365313696701,0.9571208180500625,0.9437166375245519,0.9498230472468894,0.9479914716676612,0.008016686332015587,15
5.2986985468864445,5.779241935103993,0.012128398418426514,0.0318756721403854,0.2620445808292873,9,0.6174587045408059,2,4168,0.8376303859582612,"{'learning_rate': 0.2620445808292873, 'max_depth': 9, 'max_features': 0.6174587045408059, 'min_samples_split': 2, 'n_estimators': 4168, 'subsample': 0.8376303859582612}",0.9237970827870537,0.934517058319273,0.9422293746353182,0.9262223658736457,0.9093286171990222,0.9366241016289765,0.920095497097799,0.9290102170434154,0.9335945357807158,0.9343151066744101,0.9002016619498102,0.914865190385335,0.9316734788488026,0.9420183471308025,0.9391249109511999,0.9452235918826811,0.9390717973988504,0.932350081383056,0.9356466029822961,0.8919455754973871,0.9346933686597272,0.9167127908203743,0.9407875137939912,0.9075681332362526,0.8970940851555402,0.9313623609608512,0.9269866820574921,0.9089554334349772,0.9300352217014616,0.9311769566644597,0.9314369325626651,0.9129376677849016,0.9180275232150716,0.9251844228765725,0.9060590518390603,0.9138674361666265,0.9361944891391101,0.9368633426603988,0.9379547750327204,0.9002205326704593,0.9141340007889355,0.9263825750259969,0.9356666990054547,0.9178546357632748,0.924084032760173,0.9182552512231814,0.9404211511748397,0.9129848916336202,0.9253428368428801,0.9271945628129346,0.9287350979187238,0.926106562769307,0.9370847616205877,0.9279527856924903,0.9130109400176631,0.92489987349448,0.9126813551569679,0.9300714647129175,0.9400764567350677,0.9105060012585845,0.937231853809942,0.9240630510920795,0.9333321762557146,0.9108812381580227,0.8965208397834448,0.9234552575128342,0.9362104759764933,0.9146699053714316,0.932034758152438,0.9083755500469232,0.9343484552824073,0.9234327696976594,0.9079058072625832,0.9186481603576481,0.9401001979496604,0.9455124281645445,0.9222050694448819,0.9140508587474048,0.9295514508965934,0.9261702718624741,0.9144952817243324,0.9246578668175973,0.9178434917726247,0.9296538824942134,0.9408260471189714,0.9300154792460854,0.9169766951467258,0.9212747773047143,0.9352223730336764,0.9162413684359754,0.9428452264315533,0.930659824845555,0.9377759649115925,0.9238848594005903,0.9281865923123571,0.9307621192419865,0.9329438114999792,0.9345525582930629,0.9180176107145464,0.9331969717700647,0.9253815323063201,0.011792959296071421,187
67.48448685407638,86.8083752988487,0.13440551042556761,0.19341655948016734,0.026390412137601137,9,0.8282362056368054,2,4168,0.8001830737619373,"{'learning_rate': 0.026390412137601137, 'max_depth': 9, 'max_features': 0.8282362056368054, 'min_samples_split': 2, 'n_estimators': 4168, 'subsample': 0.8001830737619373}",0.9275153892091377,0.9438568169319667,0.9485790010578726,0.9477705677106045,0.9380989088279115,0.9445129228801851,0.9362320107872362,0.9427437990818248,0.9503263213651693,0.9372629253960137,0.9338511076286584,0.9269253555436288,0.9447919879333907,0.9494080289716839,0.9486420628633337,0.946996503475083,0.9479045444836149,0.9477640658562793,0.9438809238648677,0.9288490340918322,0.9485709903569992,0.9312662243446076,0.9577125816189557,0.9363095431749905,0.9246094008544973,0.939884383007928,0.9472165699499503,0.930908969302509,0.9445867337302128,0.9426669689673877,0.951843025534789,0.9390833120861839,0.9244970835087436,0.9446701278114393,0.9361404388748963,0.9325216547266832,0.9481130171625902,0.9438503418382105,0.9504668699897004,0.9336913918169704,0.9257498926097463,0.9390226750922324,0.9484418118279077,0.9429132854516864,0.9382849030829421,0.9258820068900468,0.9459518779906269,0.9336914061789888,0.9442943719215214,0.9418416186719475,0.9473212977545987,0.9329517689909681,0.9443592166310064,0.9339790267659118,0.9329925115507909,0.9451606557364075,0.9379845928194945,0.9494094918692072,0.9499637984936766,0.9212843151709411,0.9513185564259925,0.9369261907219077,0.9582762267023683,0.9324925379597013,0.9161338734809898,0.930507038932026,0.9428267712758412,0.9455317785321261,0.9424333530473038,0.9292910286265985,0.9520064324438657,0.9354698852308331,0.9238662472748211,0.9272413925990693,0.9542753474218502,0.9579314711038415,0.931564688272402,0.9337737048853058,0.9433071291898341,0.9326728971097018,0.9438798073552231,0.9440879816640997,0.9370557625451637,0.9328899217159935,0.951216331242956,0.9480593877798171,0.938632166626419,0.9349154767650748,0.947747939791093,0.9344261951591412,0.9485458753363695,0.9406248603974987,0.9488931896308296,0.9477186536113827,0.9362411949591324,0.9354730958421508,0.9381760074969736,0.9526609415492119,0.9298652778372858,0.9471637705284454,0.9404212282118983,0.008770796369671015,107
64.3090012216568,81.80151254901968,0.09688795804977417,0.13242134996363575,0.0021419154051415027,6,0.8360019806405143,2,4168,0.8673162069059576,"{'learning_rate': 0.0021419154051415027, 'max_depth': 6, 'max_features': 0.8360019806405143, 'min_samples_split': 2, 'n_estimators': 4168, 'subsample': 0.8673162069059576}",0.9336736583946801,0.9461031048705665,0.9524825614364352,0.9504173939260044,0.9420893089099907,0.9458112005593632,0.9360641618099632,0.9471606124909095,0.9527259202116978,0.9415925347928981,0.9340038316034905,0.9309004764333573,0.9432062318722737,0.9502301937205158,0.9527559334764713,0.9505733823371452,0.9503284107050469,0.9481899008774619,0.9500345797088141,0.9241738067553709,0.9509331086289139,0.9349024671391851,0.9603286566713091,0.9401822111547335,0.9264655207833109,0.9407036077897215,0.9543644891819772,0.9374273798212651,0.9513656396314178,0.9447928670586816,0.954685233524988,0.944715037738013,0.9334780028948386,0.9481001249412414,0.9390638598683576,0.9395115641743621,0.9539208195019692,0.9483355508197888,0.9508346131346116,0.9396147517480933,0.9290998211521985,0.9445517096713324,0.9509300900320531,0.9431991480688494,0.9429016031967248,0.9311359040648493,0.9490564917949379,0.9381208364489879,0.9487581779127238,0.9460979396451362,0.9508228342276243,0.9372867849160992,0.9492559293015737,0.9278541683586078,0.9379447409296883,0.9470549268462559,0.9431975081673138,0.9521239180223354,0.9532729029629242,0.9327909190775279,0.9560901732185687,0.9408932503213505,0.958194487495553,0.9374090137958452,0.919348522557148,0.9379084946218655,0.9424871234878793,0.9528108390690551,0.9493182744510325,0.9329053032628744,0.957841867953941,0.9418623540418868,0.9297847930601864,0.9254095012817904,0.9575049322493457,0.9599303316575621,0.9370761201568967,0.9385612087189541,0.9479505279814093,0.9362894251278546,0.9412809866566412,0.9462402378774742,0.9387234619704397,0.9389919659123843,0.9541334826929401,0.9467496327398967,0.9346562860854926,0.941307615766058,0.9538466089357167,0.9397184841349917,0.9508061649966384,0.9404929311367008,0.9549475386880973,0.947159463445132,0.9399660438621711,0.9394531323153388,0.944028647376029,0.9533572764971547,0.9394301744889785,0.9508511210820935,0.9438741686706835,0.008551502662557815,65
4.643836481571197,6.7676303610934605,0.007440605163574219,0.0006826503525528212,0.32852088137344915,12,0.623984383354723,2,4168,0.8091021492726729,"{'learning_rate': 0.32852088137344915, 'max_depth': 12, 'max_features': 0.623984383354723, 'min_samples_split': 2, 'n_estimators': 4168, 'subsample': 0.8091021492726729}",0.9119873346599032,0.9290356826813706,0.9298153539448557,0.9076791741469953,0.91043683805459,0.9246769396396672,0.900077845714516,0.9309071184848937,0.9158254301912383,0.9047634707228348,0.9087757948104817,0.9023038284004902,0.9217562557105092,0.9380221704135623,0.9208322897160491,0.9299190348365319,0.9323954650220458,0.9164320424501747,0.8888462460166473,0.8974094214142343,0.9273499339375274,0.8775307150422509,0.9457577201304178,0.9067409122696942,0.9074242560812693,0.9124515913888323,0.9266110556358375,0.8991347018906503,0.9221912055750521,0.9109382314414245,0.9255195568889738,0.9170360215155198,0.9003222550354725,0.9299081970541979,0.9021530394043418,0.9143653727254334,0.9261446885468537,0.9067723783751295,0.9282371035803222,0.9031872195331868,0.8975963372301082,0.9099390079194055,0.9414241874167645,0.9222692092732463,0.9047707652547192,0.9054841615513776,0.9173088882098055,0.9337875439657697,0.9240100185897325,0.9196100057410319,0.9202728467337715,0.8894586447098024,0.9287588901786562,0.9172381253655526,0.9151557914002851,0.9156675463018391,0.9093104828073649,0.9322215100393119,0.9318527298530684,0.8921934783246986,0.9227262079097258,0.9101447331538189,0.9397619971689998,0.9103267603764631,0.8903735262937149,0.9208497190260428,0.9146885751049637,0.9099904385915374,0.9298448110285158,0.8957709487926282,0.9233879061899843,0.9192736224583828,0.9017224265980697,0.8970002098522426,0.9293576499882819,0.9381929905308309,0.8881876315616785,0.9098812797020782,0.9281604779086075,0.9056111763626874,0.9230473302113739,0.9103061203879221,0.9072773233837814,0.9228858720429095,0.930506227650569,0.9303576914602636,0.9172811282881684,0.9096458494961812,0.9319610593332255,0.8944929358413469,0.9177584856982665,0.9092419798565212,0.9277681727275409,0.9216573608765815,0.914633670982719,0.8991122458715088,0.9167990448618287,0.9386769340981088,0.9136036931912375,0.9135060266601397,0.9157577630546975,0.013533126463219658,197
50.426763999462125,66.01786261055241,0.1867326855659485,0.2792089785990371,0.013491178435132414,13,0.5837980464596331,2,4168,0.6680086710632382,"{'learning_rate': 0.013491178435132414, 'max_depth': 13, 'max_features': 0.5837980464596331, 'min_samples_split': 2, 'n_estimators': 4168, 'subsample': 0.6680086710632382}",0.9296310351753485,0.9460737404594436,0.9473482612338812,0.9429506980082751,0.9409261673616538,0.9471763889647745,0.9328950316197901,0.9409408840702209,0.9511420679264738,0.9384562384083658,0.9269877342140541,0.9275587784345052,0.9429644857559207,0.9504356889327097,0.9492848954388434,0.9463625416170448,0.9466410918140028,0.944400872446321,0.9464679222887211,0.921701481891315,0.9508156488287532,0.9239794981235141,0.9584775481888057,0.9366664681051713,0.9183677347129434,0.9404195665445394,0.9496480607728531,0.9345068723129085,0.9472467322040259,0.9419922036098483,0.9512717390178526,0.9422621323740353,0.9314656556576384,0.9412353355144023,0.9359191586447706,0.9376012418725226,0.9523561267071631,0.9425541526724359,0.9482906755218194,0.9336513393285919,0.926553747597119,0.9402939114738955,0.9571401334562226,0.9413576498942617,0.9377251984395669,0.9283803220499705,0.9466390049753022,0.9366795160734096,0.9440758643467,0.9473312059802796,0.9485478298095738,0.933463353465932,0.9465213929875848,0.9341802451984328,0.9325564722337932,0.9430220110846985,0.943333329979241,0.9512473015416361,0.9517970622775963,0.9292462635637749,0.9506462084228854,0.9380610566850593,0.9596441674655393,0.9342369243817664,0.917826380822029,0.9373801445964918,0.9394035190512016,0.9448902205560956,0.9475613196989736,0.9302958971924977,0.9526796564886628,0.9405389713343063,0.9295712413063271,0.9267899558559295,0.9548411890234666,0.9589376091415982,0.931145971941177,0.9343430830092905,0.9451500856946464,0.9324003220290067,0.9392292329874234,0.9421181930814343,0.9370356105063944,0.9384964600186129,0.9509192411754663,0.9451845472433763,0.9393830826958359,0.9355774735979182,0.9515910860258981,0.9332062725167959,0.9463278707808326,0.9428101676847794,0.9493475697402115,0.9470738474859096,0.9345952556543529,0.9366402530838875,0.9431663168476088,0.9507922989666672,0.9340370477455006,0.9435052646129872,0.9410654673035408,0.008823912191190048,96
27.925940022468566,39.37296249477222,0.08689731597900391,0.13586558735656748,0.015968208674515427,6,0.3918476454910338,2,4168,0.9010850966951552,"{'learning_rate': 0.015968208674515427, 'max_depth': 6, 'max_features': 0.3918476454910338, 'min_samples_split': 2, 'n_estimators': 4168, 'subsample': 0.9010850966951552}",0.93634221549566,0.9516076099974775,0.9554463981308086,0.9504295191050729,0.9437114094282038,0.9500153126140478,0.942285818757784,0.9489023928340552,0.953374025606337,0.9421287608226127,0.9379497240159614,0.9354988834814597,0.949109315937606,0.9533371713111106,0.9542191883060492,0.9546799535211585,0.9508097840011919,0.9487525436482549,0.9542802102674149,0.9244052741943956,0.9560896960354189,0.9278021345213755,0.9608763176277725,0.9414372884023191,0.929473568665928,0.9504505283570411,0.9548906762482184,0.9398417316485804,0.9557926212780093,0.9467354824864966,0.9558278258254987,0.9479345076983496,0.9408882318022791,0.9475550187639237,0.9429723467610927,0.9426358896165306,0.9595872677628862,0.9509152661938721,0.9509142464814322,0.9450114742678042,0.9403667055298418,0.9471806145049166,0.9604288462102842,0.9436504068555545,0.9458666267856422,0.9428533041827162,0.9463928627335751,0.9401204826818146,0.9525046252441731,0.9483794283836893,0.9543192001761619,0.9443773194839697,0.9513866295100587,0.9324732279196897,0.9388168404030767,0.9481114692036191,0.9437733610027317,0.9555286552677592,0.9556336655971389,0.9335205081075812,0.9564416320111097,0.9451810097398726,0.9609780342772227,0.944936486296841,0.9275485477719136,0.9437431339181452,0.9449868969734909,0.9545447099621145,0.9535286276458894,0.9382150354938886,0.9591623021727104,0.9473229841539597,0.9319838623827141,0.9304613918194024,0.9629722068778122,0.9605887888903137,0.9429625416509916,0.9420281826357119,0.9507469595029706,0.9391189148778217,0.9407084753879825,0.9496814322787559,0.9446729445678033,0.9440129050025806,0.9533563615439071,0.9476042196243405,0.9356874517770613,0.947933488717286,0.9573449244611715,0.9424222171431909,0.9551935927846642,0.948142148127376,0.9542528637172955,0.9526528580945004,0.9354297034702878,0.9433536462083139,0.9513995637500886,0.955619211174047,0.9428308214799139,0.9509919022156696,0.9470134539228663,0.008180671786754521,27
4.125245213508606,5.4353285796442945,0.008597500324249267,0.0016855767184153754,0.30854528362859684,13,0.574007372556042,2,4168,0.6933790952458154,"{'learning_rate': 0.30854528362859684, 'max_depth': 13, 'max_features': 0.574007372556042, 'min_samples_split': 2, 'n_estimators': 4168, 'subsample': 0.6933790952458154}",0.9072261645800386,0.923420099648222,0.9405837822183851,0.9126221318145696,0.9174801866223402,0.9062165820213506,0.9148077754580428,0.9169468747354319,0.9249268110518677,0.902814888028869,0.9152407308880479,0.9138394893555253,0.9241948252999439,0.92965464527457,0.9321888568983802,0.917748708078472,0.9210953229695347,0.9292861701383996,0.9169540522973815,0.876823510286893,0.9250485988692168,0.8882297820681124,0.9468029526942903,0.9117473245508766,0.8996087516421729,0.8907660977367501,0.9348057116041409,0.8962446584537013,0.9295755820052567,0.9179400163559189,0.9275604525494081,0.9238630551841038,0.9149208955525845,0.9170390507596816,0.9135567296735041,0.908110854678692,0.9251380487936289,0.9278889304288146,0.9264159408209327,0.8912028021119989,0.9150220153660541,0.9041163442506116,0.9286681653170215,0.9201308030672298,0.9132114387853127,0.9122737431824663,0.9221204443623265,0.9200079696102196,0.9373012283632238,0.9095143006508684,0.9277337586556366,0.9281738649713098,0.9263098621407084,0.9044142009419915,0.9121890711169457,0.928770475518632,0.9255964967504509,0.9245915482306037,0.9343587193395271,0.8997346430458957,0.9193383297669979,0.907935223751022,0.9349084608572233,0.8895603492410633,0.8809819107209457,0.9225318984477668,0.9340225900688734,0.9040255664198446,0.9245034424705572,0.9050349244590322,0.9237665721726006,0.9167043676549288,0.9001940559765663,0.9021548120980977,0.934115672430568,0.931110527409241,0.9015782885570531,0.9073353989708308,0.9272590379063091,0.9123008550836967,0.9098063172092391,0.9112098678577061,0.9214002163778586,0.9128520419350117,0.9262890543143173,0.9304155773836998,0.9246439764594219,0.9037613430121262,0.920804610167098,0.9076734619974767,0.9408096305057299,0.9007987060635685,0.9219500861742213,0.9255964401096503,0.9018153364732739,0.909801012703505,0.9327269932647674,0.9382857860573965,0.9053868133489708,0.9038879502965094,0.9168405444404183,0.013435835214733837,196
40.09675721168518,57.14295674996794,0.1439426827430725,0.23546924009124162,0.01583369549343909,11,0.571607120591422,2,4168,0.6409127007165993,"{'learning_rate': 0.01583369549343909, 'max_depth': 11, 'max_features': 0.571607120591422, 'min_samples_split': 2, 'n_estimators': 4168, 'subsample': 0.6409127007165993}",0.9348743502411682,0.9471760185858306,0.9488091264740758,0.9427776440601424,0.941744894409662,0.9457436578236732,0.9370789523188934,0.9416939128319282,0.9498231076493854,0.9397250448290009,0.9295594469620717,0.9297874702661817,0.9435667414406178,0.948835012151922,0.9496498851963355,0.948833084430344,0.950044513709291,0.9443200531159041,0.9510370856757441,0.9266522067504518,0.9508867143590024,0.9259734555675568,0.9595085051124332,0.9365674248444251,0.9179162782045246,0.9439798943294231,0.9468189036243763,0.9341825697650268,0.9484459806496206,0.9390261288298923,0.9506421164144122,0.9455224828290852,0.9347273846204299,0.9448167489017065,0.9374010089080698,0.938636545737186,0.952946241269295,0.9457755731401617,0.9489244267165672,0.936727039637617,0.9313972450810102,0.9422694811469922,0.9562807915282383,0.9432308623004373,0.9397506473657435,0.9282160639874024,0.9476217035682583,0.9392976277131012,0.9469627459705522,0.9453203827572157,0.9504903115593868,0.936743780004295,0.9454980325264828,0.9352375399530628,0.9382216574915625,0.9459305380597598,0.9448948128609922,0.952078203394096,0.951734498443872,0.9279023372229263,0.9534410089508909,0.939162266926264,0.961027861820945,0.9339269733612823,0.9195891955091462,0.9389335113507653,0.9413915845345975,0.9477842945259589,0.9475440266901097,0.9333943085047061,0.9535863321144612,0.9417944279739431,0.9281876840469533,0.9283379380170671,0.9544879628124683,0.9601528870156402,0.9358115288489748,0.9355366987913951,0.9462815937639428,0.9329339280188447,0.9419036560169234,0.9445777375464701,0.9398769136249261,0.9411714167600901,0.9516457930350741,0.9504797696774864,0.940523548286039,0.9365057463878326,0.9526311716937388,0.937502771935167,0.945192245709729,0.9424610797172962,0.951321701601768,0.9468137519556175,0.9352760739336162,0.9368867954933731,0.9454956043520193,0.9506017417273485,0.937157371364328,0.9445228127946171,0.9424609061251062,0.008400816258714049,79
41.45110025644303,54.21588426994591,0.1378689169883728,0.20725898432937526,0.003972107248757926,7,0.7565703256063463,2,4168,0.5497195404121379,"{'learning_rate': 0.003972107248757926, 'max_depth': 7, 'max_features': 0.7565703256063463, 'min_samples_split': 2, 'n_estimators': 4168, 'subsample': 0.5497195404121379}",0.9391561717455669,0.9515409175462068,0.9549071094909407,0.9548137746925492,0.9478501728402704,0.9524223355155107,0.9436399723143066,0.951362857596476,0.9563069621273225,0.9442217415547677,0.9371081708793627,0.9361015813334862,0.9522649539835699,0.9550634976873535,0.9556644191483133,0.9534252860082929,0.9554163406462003,0.949675439915345,0.9542023594078871,0.9305049644032947,0.9563048141120835,0.9356921693147393,0.9635806133047339,0.9462359312086871,0.9296331833319154,0.947570415503552,0.955827985709403,0.940737022487127,0.954765458726063,0.9475938652642827,0.9579133648337962,0.9501377284488783,0.9385148363464824,0.9493059013743005,0.9442946248482534,0.9422225263374576,0.9584592565130111,0.951881707601314,0.9548847916021208,0.942834239593414,0.9388830631098605,0.9492374579302534,0.9564233117454387,0.9461734274706306,0.9489676771578268,0.935204593574586,0.953079733366428,0.9432614877795052,0.9530279835359029,0.9512156352250583,0.9561274989375832,0.9434706787521873,0.9530569853425009,0.9387958517649161,0.9425915658542501,0.9501012234065295,0.9483451957718564,0.9555222991079239,0.9588796605552871,0.9355349152077621,0.9580245920508998,0.9453003110050715,0.9626764312910611,0.9449922071862019,0.9276717872299495,0.9424162063421112,0.9461850628283887,0.9556952550571943,0.9525677339931243,0.9417045821300881,0.9601976923197532,0.9482141207437186,0.9338359115498488,0.9302486294960227,0.9604636430230133,0.9632326012250589,0.9427523469563834,0.9443244135896299,0.9524483961502589,0.9401562823002864,0.9462887141042873,0.9515542193821626,0.9447995686317134,0.9453931960416899,0.9567892807408811,0.9512188727481271,0.9400176640422707,0.9463768034838593,0.9592746243148415,0.9458161184736016,0.9546596210897632,0.946984029783886,0.9572306543237462,0.952537488115577,0.9416970953011139,0.944781931953668,0.9513069414355872,0.9567435872648054,0.9436837277710478,0.9520030909445417,0.9484420514731017,0.00787748466290954,11
8.74542756319046,12.85358488571984,0.03644897937774658,0.076908545814569,0.10819792933577056,9,0.3812023299829051,2,4168,0.5820060531405441,"{'learning_rate': 0.10819792933577056, 'max_depth': 9, 'max_features': 0.3812023299829051, 'min_samples_split': 2, 'n_estimators': 4168, 'subsample': 0.5820060531405441}",0.927509899283321,0.9327657862414314,0.9457616755390773,0.9388641649199236,0.9279165710798913,0.9411199012796033,0.9289255556520869,0.9397599212070065,0.9414646408014324,0.9245568319633967,0.9098673169477074,0.9240048901684371,0.9391992647347133,0.9427630045469305,0.9405829584764988,0.94107376985473,0.9447664380826569,0.9379422436322767,0.9486487343531208,0.9104037481831868,0.948265064765708,0.9147052100676006,0.9566634391093277,0.9303477913587043,0.9164352083485632,0.9388648219469301,0.9340915036221364,0.9264411157995448,0.942159880544125,0.9260351509557586,0.9453935790688822,0.9364543536787038,0.9376751276901495,0.938414071920142,0.9418717149167911,0.9348294429452494,0.9509623892158539,0.9370498467240878,0.9420959385347288,0.9321793465361738,0.9128594219062782,0.9400973541075662,0.9475916073421284,0.9423269589844795,0.9334285570925859,0.9279973082005926,0.935040148518662,0.9328248407868153,0.9430024115960395,0.9441618422866536,0.9482692978637435,0.9304986302268122,0.9355654858954683,0.9262635430707271,0.9253081366367514,0.9453857574141356,0.9356840758727394,0.9475891933955366,0.9543883733265665,0.9269361020040477,0.945837403320964,0.9302648785952371,0.9520228168401262,0.9379779204035984,0.9212660333598293,0.9398897226135517,0.9320199882933532,0.9440329547189611,0.945135266429996,0.927178218135032,0.9483052198592901,0.9403170540170405,0.917985299810228,0.9263731427904676,0.9527044609319645,0.9566518679743136,0.9337530288485454,0.9348184938251002,0.9345745918266213,0.9269840765030983,0.9407864737003375,0.9300280527989393,0.9330945786577682,0.9313748609793097,0.9440019740659757,0.9423710317996534,0.9257385498387335,0.9325212463110787,0.9422829350905814,0.936167888501904,0.9432535299240228,0.9366036745540781,0.9398109826999943,0.940489006301742,0.928578865438627,0.9337417010224556,0.9422072745111679,0.9470962208339744,0.9277264884706532,0.9386998218844422,0.9363871895770767,0.009668188460731699,155
22.587987303733826,29.626221017758777,0.060511062145233156,0.10684428419484338,0.0649529409711041,9,0.5793334301411373,2,4168,0.7751933108167777,"{'learning_rate': 0.0649529409711041, 'max_depth': 9, 'max_features': 0.5793334301411373, 'min_samples_split': 2, 'n_estimators': 4168, 'subsample': 0.7751933108167777}",0.9294157267021775,0.942835521493218,0.9483378773896225,0.9426619706989943,0.9376138615623,0.9443862750970327,0.9344089560863784,0.9360966089881975,0.9499469349179928,0.933882496877004,0.9304418313587788,0.925470699641599,0.9448309650274722,0.9499262836800407,0.9469213139644787,0.9470977897684736,0.9466457005357293,0.9409943867647307,0.9435816217064662,0.9255519404230795,0.9486664104578734,0.9216702391502478,0.9550737981399232,0.9392521997247253,0.9172386692599523,0.9407324463573431,0.9502465941269976,0.9289622569242495,0.9411472102505578,0.9409021177320422,0.9454404165743296,0.939938599983543,0.9313275836949682,0.940222934104252,0.9312175836452127,0.9374921129605239,0.9486198522180598,0.9422668364082449,0.9445832264705363,0.9339505891206752,0.9228356723672404,0.9372936076453632,0.9485596617647339,0.9353247218861499,0.9365368726879576,0.9339251176535466,0.944371909304723,0.9364100280156131,0.9453639981705529,0.9478990457518713,0.9506691650569594,0.9338517959939362,0.9461298185698965,0.929203392708673,0.9323851049114417,0.9428833360301215,0.9317115561760974,0.9450129048634954,0.9528714440386229,0.9275706511636591,0.9526240850228391,0.9358301590639272,0.9545773043026607,0.9349071867374047,0.9137829430660148,0.9352297315251943,0.9333304066172168,0.945469687450383,0.941140394416823,0.9321888388989426,0.9477757727756838,0.9374571016254645,0.9251072162709338,0.921384006329601,0.955342221799967,0.9574798483962044,0.930802809068036,0.9302523892257284,0.9480596860744457,0.9285714141996191,0.9339160735967603,0.9404903726618753,0.9291415396588265,0.9395580075837671,0.949817401780245,0.9425784082700124,0.9364953075295396,0.9343654862922952,0.9508590616833328,0.9351436036466916,0.9449597420673349,0.945433693038504,0.9450692432282413,0.9465866114541808,0.9285184785695042,0.9324558905287369,0.9441394103137912,0.9521118844018558,0.9291087721909241,0.9427058117702503,0.9392557824788246,0.008980195159591363,125
6.256859350204468,9.39300406924645,0.02076531171798706,0.055473001173741425,0.17241707862737543,13,0.39109532330975316,2,4168,0.6507856454722762,"{'learning_rate': 0.17241707862737543, 'max_depth': 13, 'max_features': 0.39109532330975316, 'min_samples_split': 2, 'n_estimators': 4168, 'subsample': 0.6507856454722762}",0.9260752574083668,0.9152807294433739,0.9340249792859611,0.9290214900848407,0.9194668898173168,0.9317748542630406,0.9241732506277105,0.9265959476506043,0.9390442628464032,0.9163884759151685,0.9273474085295743,0.9242711622538835,0.9303491377666047,0.9369883668756448,0.938406087475998,0.9456788071839015,0.9376190488097198,0.9315359230203641,0.928093232563262,0.9018049655756316,0.942934391403724,0.9218713317342219,0.9443324825758759,0.9209634275962069,0.9055284551734853,0.905950606574303,0.9415908526968959,0.9214873017455697,0.928949848321184,0.9205982517898261,0.9379652507457329,0.930992263119977,0.9172608480961766,0.9281762709669479,0.9270963017208221,0.9190931961829214,0.9421350232074075,0.9337495088645054,0.919318669835404,0.9009792319378283,0.8971774214516026,0.9382582896404643,0.9307713946494651,0.9263751868282231,0.9318645763747594,0.9133523723564522,0.9287206059607547,0.9193124411319026,0.9369002696105917,0.9337955568270735,0.9403853328926802,0.9115421529087917,0.9322242483112994,0.9226902588333272,0.9196360490316108,0.9259523772328615,0.9241336773186823,0.9367178895757331,0.9294586378918627,0.9121731957775965,0.9452530198075306,0.917253037899222,0.9467333830421012,0.9123980481280544,0.8946757932677846,0.9293640710359284,0.9353952923171368,0.9461044116848945,0.9295231336799039,0.9224854849984767,0.9430036033002296,0.9267028714895457,0.9092329451845363,0.8965832563191495,0.9432148841324959,0.9511099585873767,0.9080367887763225,0.9133730667450203,0.9297319402875005,0.9067915684098307,0.9229718699838639,0.9191904853726778,0.9162005533276633,0.9179744606806381,0.9242567019415666,0.9328868973918842,0.9224534237412844,0.9241103713948913,0.941437787851737,0.911458505469116,0.932572986559158,0.9287106757525767,0.9321278442480448,0.9284952151370727,0.9219973717431127,0.9173204678645345,0.9314309941920251,0.9358270141636158,0.924129913494898,0.9245825760054285,0.9260345840170094,0.011897698747194114,184
30.22221243619919,31.583367126013492,0.12612977743148804,0.14975181859736314,0.04289528731925299,13,0.5102288066334276,2,4168,0.6532547956359871,"{'learning_rate': 0.04289528731925299, 'max_depth': 13, 'max_features': 0.5102288066334276, 'min_samples_split': 2, 'n_estimators': 4168, 'subsample': 0.6532547956359871}",0.9302722181016589,0.9462253066467902,0.9464082206298855,0.9417741196545658,0.9401800098986093,0.944260226364199,0.9303954473779197,0.941010487337595,0.9477408771080198,0.9326563527013599,0.929594065454325,0.9224138436813192,0.9392412220773131,0.9467800444785028,0.9482988586244413,0.9471565542996614,0.943287669866784,0.9397775101953261,0.9430514050834999,0.9223646502073131,0.947589733400719,0.919139173319422,0.9571460175409915,0.9330478810573603,0.9166029905301847,0.9407270654065594,0.9477810761066988,0.9289812819264558,0.946668574566338,0.9385240401890711,0.9488196351873772,0.9406656485379595,0.9314595649048737,0.9394016997211121,0.9350868234363545,0.9305355932982082,0.9519131369765002,0.9422920405990456,0.9427863827884411,0.9304832553985802,0.9241771690765761,0.9366205131078705,0.9534009557360206,0.9405285289337639,0.9364098728745763,0.9304115546386631,0.9418464769845053,0.9311677319905758,0.9453742107977539,0.9431283175511889,0.9472107749054873,0.9300185636848516,0.9455738683719994,0.929257434667606,0.9315201956697804,0.9426039071101587,0.9369640580241881,0.9474219594339495,0.9485539057590828,0.9267043141395956,0.9472862610086769,0.9364367564392755,0.9562234094421862,0.9306297473453196,0.9180907750560505,0.9363028305286603,0.9391289230411886,0.9428068688148575,0.9477054423035662,0.9316899785358701,0.9505305980102214,0.9392943198521002,0.9263485139701384,0.9202580949073935,0.9535600857496895,0.9532101017320798,0.9325966306870287,0.9299180810819067,0.9446322329409517,0.9341377100785205,0.9368801360397144,0.9425948553933381,0.9359065663274515,0.9402402105252997,0.9480107838732332,0.9397073292350918,0.9413478577791862,0.9330069391146052,0.949525620919224,0.9342428978331553,0.9387670856912863,0.9400712632589996,0.947111371444404,0.9439488092171611,0.9310367038240651,0.9325324549790944,0.9412039934540449,0.9497159710059582,0.9332944415161242,0.9429215731166888,0.9389428924421334,0.008727821077159597,130
34.19114986181259,45.916316050489286,0.08946408033370971,0.13953712068455512,0.02123149663694276,12,0.5918108996388196,2,4168,0.8971382235221064,"{'learning_rate': 0.02123149663694276, 'max_depth': 12, 'max_features': 0.5918108996388196, 'min_samples_split': 2, 'n_estimators': 4168, 'subsample': 0.8971382235221064}",0.9233741288268004,0.9418469196605773,0.9466789394981039,0.939923673002027,0.9347376237427512,0.9453043129693959,0.9291710406485618,0.9312297570756204,0.9458948006050558,0.9359458755002743,0.9264195884484893,0.9201510055977409,0.9356519123007039,0.9472914897153037,0.9439556106922254,0.945187442272349,0.942709833966055,0.9394879643876227,0.9376062161167222,0.9237380078845331,0.9457675424699197,0.9174660648366352,0.9550529506331449,0.9276121981114323,0.917055230835093,0.9343358763014857,0.9470447047600422,0.9250652631246251,0.9400101405648729,0.9363284127606908,0.9482730474241914,0.9349142403528933,0.9288259647643193,0.9399840189599233,0.9353870392072361,0.9339387959312571,0.9468871854051528,0.9406754569511251,0.94496583568645,0.9302075014354853,0.9223173810331233,0.9347072664475651,0.9555039055198521,0.9399603696927579,0.9332855977169454,0.927870579882477,0.9404372099925743,0.9331704447462725,0.939056678389596,0.9389730806926482,0.9437659275982567,0.9291362185167855,0.941837089672965,0.9285561224239105,0.9255854396336372,0.9375925130971751,0.9384354980701005,0.9465799181601429,0.9477593611333318,0.921027761994504,0.9490017047739187,0.9329030951701319,0.9553838271671566,0.9306257048511246,0.9145362254556246,0.9324393205402618,0.9362735712287721,0.9408153443356455,0.942145444965228,0.9220134669108875,0.9481156852950986,0.9375326101195497,0.9189018570073031,0.9235992488117408,0.952256573134749,0.9562497668834316,0.9248093905247461,0.924591664427301,0.9403990154509315,0.929333711564888,0.9353575731075032,0.9397979524336291,0.9309211746123319,0.9300950817945949,0.9493657796328068,0.9418319091338774,0.9380139525697824,0.9330851680010983,0.9442606739074345,0.9309468310820113,0.9398214207555979,0.9405637710618177,0.9457061484407799,0.936233477094352,0.9307425330760974,0.9290455704676405,0.9379269005763392,0.9487714133965688,0.9302608407879913,0.941865363418506,0.9365820274181076,0.009258372584471567,153
32.10166734457016,43.06270026824252,0.11484170913696289,0.18151853742169904,0.018876445785241384,8,0.4402487087691407,2,4168,0.8706692965825922,"{'learning_rate': 0.018876445785241384, 'max_depth': 8, 'max_features': 0.4402487087691407, 'min_samples_split': 2, 'n_estimators': 4168, 'subsample': 0.8706692965825922}",0.9324625919110009,0.9446553897429977,0.9515718536514506,0.944759768873241,0.9416660739329653,0.9536762131328264,0.9387064621997938,0.9445965951016124,0.9480341426006669,0.9379376197200648,0.9323939553103351,0.9282098212083854,0.9411462972678665,0.9507897296312661,0.9502874423232227,0.948295365693399,0.9501162019706961,0.9437083618157345,0.9474271082189676,0.9279380791856601,0.9531960753559273,0.9211388648697397,0.9583926544407563,0.9378218746775727,0.9259217798940662,0.9439712451429031,0.9511543408187165,0.9332170310779914,0.9490713336212637,0.9437298382186193,0.9533245458746036,0.9425273473591702,0.9387338811859361,0.9441746570179204,0.9401939877903902,0.9342164268880663,0.9562720563843596,0.9473179714199055,0.9459252643844138,0.9389639281495754,0.9273352600402295,0.942758163766093,0.9562485199022684,0.9395149256622753,0.9387246427497824,0.9336473436608523,0.9468515585903287,0.9384046392765867,0.9468570765195002,0.9475319810662426,0.9512262018137397,0.9397305518594556,0.9475722786022122,0.9304737940585901,0.9343498584558826,0.9442359131762771,0.9418208202892449,0.954361388505552,0.94974023811453,0.926800004808042,0.953927103165432,0.9360588642643604,0.9568338283283988,0.9394400967841362,0.9182836256663575,0.940618436659441,0.9400989706443011,0.9478487318791967,0.9508072146379811,0.933533765583449,0.9548989468292299,0.9418620767069557,0.9268672048968214,0.9245939458143169,0.9596845370648275,0.9564805071439868,0.9391876436974256,0.9357349188844992,0.946403388911041,0.9339864700480172,0.9337172677402987,0.9444762473216924,0.9405469641656572,0.940656313173776,0.951441369688542,0.9467379083853616,0.9354894771820711,0.9385794334682808,0.9524042661454556,0.9366732995574036,0.9465471236294848,0.9463394679330196,0.9477039317871272,0.9473200951225218,0.9331720619729628,0.9372883744588066,0.9441233168882027,0.9501260136900482,0.9380239775941195,0.9408785431086356,0.9424522506960539,0.008642653195212832,80
78.16140583992005,88.51902825922575,0.3549935817718506,0.4858744989124346,0.0026846804224504644,12,0.4550314667107316,2,4168,0.8949247081955471,"{'learning_rate': 0.0026846804224504644, 'max_depth': 12, 'max_features': 0.4550314667107316, 'min_samples_split': 2, 'n_estimators': 4168, 'subsample': 0.8949247081955471}",0.923597771260716,0.9429154659271918,0.9465333343296737,0.9405146977607483,0.9363119799482219,0.9463141429660638,0.9330934093826166,0.9348749280150344,0.9487399419178909,0.9346118009062326,0.9266553468511556,0.9239793140639633,0.9401770124912429,0.9480218515471751,0.945473043870955,0.9431090047686841,0.9446887889183408,0.9399743882005863,0.9402314259976555,0.9232605151831587,0.9492606577767277,0.914533046045591,0.9569614046825969,0.9300810887304276,0.9167196676213054,0.9376635035613626,0.9468122000406423,0.9285503061589401,0.9438581328120407,0.9360395963247603,0.947069090062099,0.9362784790305694,0.9296222236710515,0.9414139759527931,0.9321201424494368,0.9336670448879795,0.9483073093473141,0.9412076745985672,0.9439351318186802,0.9325528353666903,0.9183779654697368,0.9391287805125498,0.9542130129670292,0.938894520425043,0.9337334473243082,0.9274451041463119,0.9402882600992144,0.9315131194869253,0.9414923336308546,0.9413211951963905,0.9449748203843813,0.9316589054233864,0.9435933835640316,0.9309338103970245,0.9279246387779867,0.9390022027582309,0.9384455382974919,0.949158519235767,0.9484560175551453,0.9211803128881277,0.9497903636876464,0.932781911896111,0.9565363374646567,0.9300633320932703,0.9140630215711069,0.9348182761772507,0.9379137195760404,0.9430412412158155,0.944053003663563,0.9255390982564566,0.9492536207146329,0.938907090663188,0.9221396181571326,0.9236660809694291,0.9525311433286499,0.9557556667798206,0.9293215307569076,0.9294448546291547,0.9418651474647095,0.9311379453477494,0.9340521526065844,0.937122254616034,0.9326115485794709,0.9331122457627353,0.9490760472148266,0.944082948585486,0.9360068159606815,0.9333653754232653,0.9465502686562249,0.9308083019041581,0.9422230998590589,0.940838312122239,0.9467884675614261,0.9395584027365427,0.9300130353526701,0.9306673961926544,0.9401280999102102,0.9495600185585937,0.9306915751324611,0.9410616161100327,0.9376240855104547,0.009278907683431047,147
21.509570791721345,29.483858644916634,0.059068782329559325,0.1018377319940592,0.06816192225818918,8,0.676395388049102,2,4168,0.6576754457013049,"{'learning_rate': 0.06816192225818918, 'max_depth': 8, 'max_features': 0.676395388049102, 'min_samples_split': 2, 'n_estimators': 4168, 'subsample': 0.6576754457013049}",0.9322304663348527,0.952476299301445,0.9496445728639674,0.9439494189689928,0.943382130847297,0.9444886067876961,0.9381521680569384,0.9364172817743296,0.9514733603453566,0.9379302976970944,0.929700811744183,0.9289347696261261,0.9432856773623921,0.9482959405505952,0.9490513624077298,0.9498299901431222,0.9487761550024927,0.9459473731916034,0.9441140885361379,0.9286729788912599,0.9490183292709768,0.9280530329951462,0.9620143873795575,0.939769349123097,0.9284395840370501,0.9376809971347668,0.9475491846990843,0.9367349012294373,0.9485057370632114,0.9386199934721169,0.9551671248054299,0.9426758185348365,0.9367040222660451,0.9499040725207528,0.9419730316903552,0.9376849768897271,0.9539388527590588,0.9451569264795443,0.9469145777698191,0.9400540880569721,0.9339845456451721,0.9430876494329927,0.9511787827665363,0.942978820117848,0.9384123798446242,0.9154136794474841,0.9465526191298408,0.932585885400819,0.9446378017678487,0.9454626539914908,0.9457710190003703,0.9368691867588089,0.9503076528605976,0.9368418991891238,0.9314116535596771,0.9474497001805587,0.9491385525697519,0.9507093339647251,0.9543529513329325,0.927039416792625,0.9553232256008295,0.9370327382485829,0.9564390674239445,0.937578742451309,0.9196568147406488,0.9376507533494044,0.9421198245339052,0.9515560819204343,0.9501971885052962,0.9329473771143744,0.9576829879554876,0.9447585817773855,0.9272481837315387,0.9270570887466776,0.9524743648891784,0.9604869826153559,0.9289168722976672,0.9362604606460225,0.9478895426860069,0.9373351507741878,0.9387967379508264,0.9475590330599603,0.9367052840963942,0.9352693751976267,0.9516371834439727,0.9442477840751845,0.93383472267712,0.9393908775613262,0.9515386267214793,0.9292569018765565,0.9475395669867497,0.9442421685366549,0.9506131706878032,0.9440720030835841,0.9358787796449005,0.9317765599941359,0.9462179184382489,0.94978409543845,0.9339791594239433,0.9488988235931979,0.9421934972486077,0.008905305051889058,84
30.191263160705567,37.65068343138386,0.09812650442123413,0.13225444893912602,0.013650592509024203,5,0.6021762684622403,2,4168,0.5634248804179491,"{'learning_rate': 0.013650592509024203, 'max_depth': 5, 'max_features': 0.6021762684622403, 'min_samples_split': 2, 'n_estimators': 4168, 'subsample': 0.5634248804179491}",0.9399236795098006,0.9507672479415966,0.9572886966045563,0.9581436431372212,0.9490033013020501,0.9518497332673319,0.9486266225406387,0.9541509445250084,0.957436428645339,0.9465480557899494,0.9381651101483006,0.939723816874194,0.9515382979886378,0.9555608388016992,0.9568910388988823,0.9586291182596498,0.9539975605853157,0.9505297470424295,0.9580953575884154,0.9322968549782588,0.9577906481803767,0.9389306499375134,0.9628284659887582,0.9479970208535028,0.9348831784480375,0.9523639843602404,0.9615170094708169,0.9468247269336698,0.9556226209436176,0.9499621492778095,0.9583287767403701,0.9525878465006912,0.9441028306045592,0.9486451412868306,0.9424822381066146,0.9461507917920979,0.9589110618302671,0.9534809243115732,0.9553071815516068,0.9474930135464015,0.9443857196518036,0.9515141613822053,0.9603877836492104,0.9460718972012885,0.9528479541805834,0.9409888652006675,0.9559184028829464,0.9457405982122252,0.955095338878607,0.9519877344488439,0.9565163758772312,0.9479522092422952,0.9559311675531943,0.937026514322684,0.945871050074146,0.9538002923716522,0.950677900919648,0.954905045834125,0.9608383167832306,0.9382971015340609,0.9577498524451289,0.9485657491597012,0.96269856693851,0.9494192677943972,0.9334363487954257,0.9457158627445607,0.9491236673799522,0.9583925210214359,0.9601372870977402,0.9455819913073561,0.9624503181000472,0.9554404624208215,0.937963321092976,0.9325015683793993,0.964148119290296,0.9634891228357807,0.9487039985841369,0.9470782520960984,0.955089868764438,0.9419906894188624,0.9478782123908928,0.9527976962177447,0.948767562409459,0.9505271979789673,0.9565625228857144,0.9519793185174769,0.9448547931626339,0.9493450390512651,0.9590976198657848,0.9475216484934634,0.9596632358331668,0.9479446436774603,0.9595751955298666,0.9537277244884297,0.9428568159357845,0.9469992053879619,0.9560830834680161,0.9568324107194527,0.9461664168939127,0.9528098277530609,0.9508379779162286,0.007330043206053799,1
30.384020807743074,32.09778839475313,0.07011316299438476,0.12167939642835991,0.12587213119593038,7,0.6077785140010954,2,4168,0.9095589365192694,"{'learning_rate': 0.12587213119593038, 'max_depth': 7, 'max_features': 0.6077785140010954, 'min_samples_split': 2, 'n_estimators': 4168, 'subsample': 0.9095589365192694}",0.9336081775404702,0.940833273498187,0.9515754193405392,0.9442221237285854,0.9374775828245078,0.9394456030369381,0.9372382424662798,0.9430096080281771,0.942378391067426,0.9373450616470345,0.9201018894141902,0.9256283161325003,0.9218280536063062,0.9498084544661096,0.9480054952410795,0.9443674515672321,0.9447973928049057,0.9469816789993224,0.9402769091349257,0.9151257389346877,0.9451346316382532,0.9282147132789461,0.9558912113324651,0.9289562945046093,0.9151043932125578,0.9375078864671103,0.9468673613652704,0.9259486660007783,0.942560010366046,0.9428653173837953,0.9460074967776401,0.9411825701792912,0.9324258845367013,0.9410193896815598,0.9334000297893585,0.9366939747095318,0.953451438060522,0.939641924723223,0.9455104332641523,0.9290470733355876,0.9190179293006394,0.9412711942196179,0.9525107249070188,0.936786530703769,0.9376003573802444,0.925124665151698,0.9379540003463314,0.933502749443782,0.9408753129573618,0.9480740932473586,0.9511486373492501,0.939549657666966,0.943286015391815,0.931536970950164,0.9323418724705163,0.9439271499425845,0.9392327317871768,0.9489293199448795,0.9463796139734023,0.9249905152070641,0.9461123921831702,0.9328146530922847,0.954100879413629,0.9246958348066098,0.9159481133453113,0.9231814440317896,0.9457963204208456,0.9444558241929337,0.9432437964606312,0.9274320325015267,0.9558807135667773,0.9448390132223089,0.9213120813994994,0.9286589301202145,0.9530266884083312,0.9571252503313182,0.9354351379119171,0.934309597285236,0.9462179794742762,0.930765639156798,0.9381126704714708,0.9405753311206488,0.9339460791981768,0.9363100296172173,0.944900190145149,0.9391082315706653,0.9380871837714659,0.9355226536163116,0.9505343209708149,0.9391921106844614,0.940711210920799,0.942470525070082,0.9462337941738265,0.9423492062547213,0.9352480753219268,0.9364971357957967,0.9503602074124909,0.9443242660664906,0.9290971420811388,0.9419968490490482,0.9387645514106654,0.009439104749482138,133
81.28214536428452,81.86519274803216,0.12045150518417358,0.14641566202264145,0.02509349191067395,5,0.8924307710242201,2,4168,0.8116205109603296,"{'learning_rate': 0.02509349191067395, 'max_depth': 5, 'max_features': 0.8924307710242201, 'min_samples_split': 2, 'n_estimators': 4168, 'subsample': 0.8116205109603296}",0.9365402645758447,0.9470582368778409,0.9535769335891847,0.9539229976298151,0.9455928666608387,0.9480325020265497,0.942359245507682,0.9525271399060719,0.9563093003465191,0.9427933891137649,0.930868000460337,0.9378967764905648,0.9528118379366389,0.950877831972767,0.9564186102574248,0.9559489783555666,0.951830302117942,0.9501151659208491,0.957928176267236,0.9310110302222233,0.9533786081207353,0.9404347646772188,0.9637807070144103,0.942156290907631,0.9281902225053502,0.9452776516701638,0.9572382289990146,0.9379597166291354,0.9550279662529457,0.9489072584828253,0.9549330013321444,0.9476260981013274,0.9376314717058125,0.9456135380480833,0.9413996931394795,0.9406344644045377,0.9577075535452274,0.9524160985984732,0.9518293932187776,0.9423011901153414,0.9385220395870107,0.9482296979305026,0.9552508456454925,0.942571077119336,0.947761401072159,0.9358979317188637,0.9514240912548422,0.9428807252847916,0.9521192785431193,0.9465242585572657,0.9563836200390015,0.9436467709063098,0.9516116909249397,0.9257134415171977,0.9414233842051978,0.9508966307218835,0.9478438527788295,0.9512544870768197,0.9570221086441956,0.9399661865530379,0.9552980881817527,0.9437682324612816,0.9607444436218878,0.9420139689888958,0.9212136826164902,0.9404928567014224,0.9506536435325352,0.9560116443687522,0.9525582814205548,0.9385076143079504,0.9618548967802586,0.9489593200608293,0.9320615297744727,0.9253601632749702,0.9594047233888986,0.9609126053354592,0.9422213649430395,0.9447379675429167,0.9533263948785459,0.9408779779245505,0.9447962171479074,0.951725848851564,0.9397191694753486,0.9463291285886157,0.954361096711104,0.9481076836983291,0.9360493941783852,0.946846704548594,0.9573010255007207,0.9413066156276777,0.9562382862077253,0.9424884196841558,0.9604283485452719,0.952901661613368,0.9432573803699984,0.9434989167533914,0.9516908044605059,0.9558170466624775,0.9417153487570468,0.9532994604495058,0.9472466498172223,0.00857304619452109,23
42.75346702337265,55.79572013427334,0.1288684058189392,0.1903147686706542,0.0024019675067792653,7,0.6582854971984013,2,4168,0.6110251048910715,"{'learning_rate': 0.0024019675067792653, 'max_depth': 7, 'max_features': 0.6582854971984013, 'min_samples_split': 2, 'n_estimators': 4168, 'subsample': 0.6110251048910715}",0.9378735829577162,0.9498831395088204,0.9546328661818599,0.9526567441020196,0.9454359944183741,0.9512997308324399,0.9421124642530583,0.9502535577370025,0.9550509305079055,0.9432771708872292,0.9373903964608838,0.9340506081138703,0.9483345420536542,0.9543241204144757,0.9548435725090058,0.9527474330432303,0.9531030428310269,0.949221698996511,0.9532657201843702,0.9284404421131819,0.9551391759627813,0.9330006967922738,0.9623093469517346,0.9448547863740272,0.9292203876310998,0.9466746420892372,0.9555141289570098,0.9396013875348903,0.9545705930378413,0.9467899325195221,0.9563900705810928,0.948074018856169,0.9388046986099581,0.9473036006856744,0.9440021858080424,0.9417872758303788,0.9574521873250462,0.950471871772379,0.9529151844509256,0.9430776518440719,0.9348710791337506,0.9477630293325416,0.9569958273105222,0.9463190352071024,0.9466127072196826,0.9349865359980953,0.9516466126950854,0.9413244783046418,0.9511593367291689,0.9495637674890626,0.9540399387838927,0.942032207262694,0.9523719043166667,0.9375265797594675,0.941034021288466,0.949562309770358,0.9477137819537613,0.9557897382330868,0.9567678216105537,0.9350865761551853,0.957540469674826,0.943463001478429,0.9619830871162675,0.9433269549986548,0.9261426968409837,0.9418343265319847,0.946455261809812,0.9543024019291156,0.9535458829528615,0.9404210359853016,0.9596513915231785,0.9473661610722568,0.932038763964509,0.9302298653597345,0.9599299628487561,0.9625556233847152,0.9400963085776198,0.9418985935315246,0.9504323077589562,0.9386611940006314,0.9437309274332808,0.9502506888167084,0.9437017462770869,0.9451640719546492,0.9564334419364214,0.9499568739450491,0.940441446795066,0.9446822630978134,0.957492845307792,0.9437536825724991,0.9530633478386981,0.9467906112807793,0.9564617983713388,0.9521119603151385,0.9411282672984921,0.9422749879234902,0.9490684531747576,0.9570123583352395,0.9418445626669097,0.9512522622480494,0.9472781075920396,0.007990051585361277,20
19.606752433776855,27.704602155884334,0.07417362928390503,0.12986730369495933,0.004212411295973444,6,0.4962833327821561,2,4168,0.5982194135375902,"{'learning_rate': 0.004212411295973444, 'max_depth': 6, 'max_features': 0.4962833327821561, 'min_samples_split': 2, 'n_estimators': 4168, 'subsample': 0.5982194135375902}",0.9410193599656684,0.9525489496187315,0.9571445168948584,0.9552403688517159,0.947403080196365,0.9542585408747901,0.9446460599870644,0.9506847236169012,0.9558356396258288,0.9455575714994426,0.9389590618506362,0.9360539950260122,0.9508311430972762,0.9545671189301309,0.9554690119358422,0.9564479992183919,0.9537536075098699,0.9495336086097771,0.9570848195132697,0.9309556131177186,0.9569429049989567,0.9342176982450537,0.9631598191728787,0.9460952868420082,0.9327553147877994,0.9510103490135581,0.9571829454744594,0.9427393624633023,0.9560311006819427,0.9494999479028743,0.957260979334055,0.9510309536189878,0.9422506423606997,0.9499618267679558,0.9455287092086108,0.9425702419749254,0.9595837493825161,0.9535093589551655,0.9527045204084961,0.9461520209159415,0.9418752144283031,0.9499396196672818,0.9584642918998181,0.9463750284936914,0.9489655006000081,0.9412943944997894,0.953482306862598,0.9427468973236207,0.9541262459055767,0.9509367628288445,0.9569477048950482,0.9469624217384035,0.9534054270036041,0.9373576233071191,0.9431061174654048,0.9519614834755153,0.9495056626904789,0.9555695677633184,0.9573405174987515,0.937607725921691,0.9573238060131938,0.9459683718363466,0.9629959337917036,0.9457098535383924,0.9282100698483455,0.9449673254316763,0.9472750978951092,0.9566044986466764,0.9566541507013628,0.9431664711247214,0.9613669911188614,0.9519505124124129,0.9357052170786906,0.9329527962053409,0.9637481544675949,0.9626627009906474,0.945183569648024,0.9454939864819771,0.9524727251182603,0.9401514946920229,0.9449544550423544,0.9526319619660177,0.9472839490927092,0.948338392380706,0.9550740338117573,0.952080644971413,0.9428419979426139,0.9485157421228929,0.9594381005113851,0.9462905847932941,0.9561490594195207,0.948412857542425,0.9572341945731405,0.9541249228812649,0.9424403064011653,0.9462753839754069,0.9537860585436992,0.9587402638273461,0.9445167830880729,0.9516918576280902,0.9494753831427597,0.007555611029409208,5
30.727175102233886,41.826919073421315,0.17860679149627687,0.2729984925086557,0.015283945568403533,12,0.4278845090100396,2,4168,0.5984472953553899,"{'learning_rate': 0.015283945568403533, 'max_depth': 12, 'max_features': 0.4278845090100396, 'min_samples_split': 2, 'n_estimators': 4168, 'subsample': 0.5984472953553899}",0.9342183753809022,0.9459097320286906,0.9476364150108467,0.944793478645275,0.9429793161332829,0.9467427935963535,0.935572870727856,0.9385294976848423,0.9516808637223988,0.9341295921946494,0.9306040910058618,0.9280796300107115,0.9472647129074611,0.9488839660593051,0.9498494164033374,0.9479708473276435,0.9481209030852678,0.9414643049842716,0.9459250680599217,0.927062802387684,0.9526137323056366,0.9182644264902879,0.9603278686710266,0.940411495728978,0.9173753428624671,0.9429020120329181,0.9462589732507675,0.9344107663082432,0.9495639172621657,0.9400214292756357,0.9504543827305758,0.9419234999756981,0.9365214942854121,0.9445102593715057,0.9385482081280044,0.9365563928821626,0.9549986023672151,0.9446929789737584,0.9460417331240082,0.9355144565260196,0.925129009439567,0.9416483898911259,0.9565232555043922,0.9411858515758612,0.9383699228064624,0.9281693175284031,0.9462377104189472,0.935619590522216,0.948060402035993,0.9474044373467542,0.9496767268135574,0.9388530625764803,0.9455886555302189,0.9337837938477662,0.9342503370042078,0.942530226662011,0.9449309612228001,0.9539635547606993,0.9508342621648727,0.9262046629265126,0.9539180067431531,0.9400915960010212,0.9589572569642286,0.9381420168672997,0.9191945771205423,0.9391842046116845,0.9418452877737424,0.9474015930221746,0.9487675008249304,0.9328970990868986,0.9550037097240779,0.941537804546377,0.9284790612594755,0.9250012320120593,0.9567485634014924,0.9596994375028247,0.9373180853045601,0.936719706371722,0.9466733840397409,0.9320858068376838,0.9353050452203924,0.9396099818461352,0.9358902688915709,0.9401769002666686,0.9494148983898726,0.9469770969461615,0.9382569526561139,0.9389737864880535,0.9513850007092577,0.9360391412635394,0.9485470847244638,0.9444007596750637,0.9473493873414774,0.945176268730799,0.9355435740116294,0.9309770160584872,0.946330285155749,0.9519609020353637,0.9369200628433527,0.944886155520508,0.9418208127927825,0.008927377431982996,87
11.594974930286407,16.353424815139487,0.03451839447021485,0.05533437816733585,0.04009971433481413,12,0.38320658538824987,2,4168,0.8755563048502895,"{'learning_rate': 0.04009971433481413, 'max_depth': 12, 'max_features': 0.38320658538824987, 'min_samples_split': 2, 'n_estimators': 4168, 'subsample': 0.8755563048502895}",0.9161444930555259,0.9393435633967177,0.9425295598179269,0.9368315744518738,0.9371245327611578,0.9413529742172096,0.9301557176998659,0.9321666979598395,0.9440900228573476,0.9320338447428256,0.9146012706423018,0.9198279136799972,0.9384138229065087,0.9432635519542194,0.9447313446782847,0.9440187596740213,0.9400223144038997,0.9338925940046855,0.9400326408201266,0.920285240852071,0.9480048545300865,0.9074772170500772,0.9549391274109451,0.9291650732847745,0.9151353174644202,0.9386974388908429,0.9430406794805697,0.9223655228692275,0.9408707519047322,0.9301924904591122,0.9445601191476325,0.9384035066946015,0.931254774630308,0.9365049747713888,0.9329469078591586,0.9354191958178131,0.9458752003902638,0.9362641271536409,0.9393609940371072,0.9311838728884465,0.9238917054331559,0.9361485238317191,0.9527807239485465,0.9322673016956822,0.9310078123724574,0.9248490632007291,0.9380623944221679,0.9364457232627339,0.9417006033642126,0.9411058790883302,0.9458587887528849,0.930100518264679,0.9431546436175281,0.9302753442590262,0.9233402042496249,0.942100402131975,0.9387146617024362,0.9459664747623446,0.9450933821145763,0.9182339757817417,0.9474519286881502,0.9291167691849118,0.9528450103380965,0.9314118869909082,0.9076164924233373,0.9276091240174428,0.9348843760119473,0.9397116444868971,0.9401832698658775,0.9220493195756377,0.9485698098709952,0.9326674621982286,0.9171628271558061,0.9142455709357462,0.9527882103351013,0.9550549738852316,0.9243864830011935,0.9269128136336133,0.9409787800248192,0.9228299171569938,0.9268401966487759,0.9334677565011705,0.9341265371903714,0.9327165524774924,0.9468953772718706,0.9408415457989749,0.9231615538633081,0.9264888185333697,0.9418964176085791,0.9281011075018811,0.9414560396611635,0.9384708827281836,0.9409512997920795,0.9394544201769619,0.924589333760503,0.9285033389479619,0.9386648095631427,0.9471447574422542,0.9288253881156304,0.9368029191999496,0.9348149843013266,0.010134807778968817,162
8.91164886713028,12.791432665669758,0.02246034622192383,0.06321304237127408,0.18787609436667907,11,0.8602497922754564,2,4168,0.8299803333389769,"{'learning_rate': 0.18787609436667907, 'max_depth': 11, 'max_features': 0.8602497922754564, 'min_samples_split': 2, 'n_estimators': 4168, 'subsample': 0.8299803333389769}",0.9222187584354327,0.9394949197399798,0.9387820114373066,0.9359090337669526,0.9242730854397888,0.9266725109644328,0.9265632954047731,0.9167895996821995,0.9394157599607268,0.9266525711041511,0.9161988644383705,0.910312115716306,0.9395752940714098,0.9355912853582544,0.9359385984420798,0.9376411187075193,0.9379986672338366,0.941418084852697,0.9241379784057617,0.9143316448337109,0.9374024382923537,0.9180942498726005,0.9522640042937368,0.925921211576822,0.9045114787533173,0.9350695341876698,0.9378518099967919,0.9138135671094044,0.9328880069676557,0.9297809964641253,0.9405664551422518,0.9306444613842217,0.9166999645932531,0.9387455421574197,0.9257233543825875,0.9206817561309905,0.9353318171454361,0.9317548940029592,0.9371512698926757,0.9185162900236845,0.9125971588044437,0.9270452382102231,0.9335154710134138,0.9254253847275185,0.933503059930571,0.9061853853893406,0.933291489716569,0.9298361677334517,0.9312016859594243,0.9278785815666108,0.9302766858735799,0.9165316727373854,0.9349714245453297,0.9193539915104075,0.9199006620280702,0.9273995861173518,0.9274312717827381,0.9322333691786255,0.9396674666231768,0.9062584193741337,0.9389838275180149,0.9132377427038605,0.9485345242240262,0.9131304959466839,0.9145128381581334,0.9123605760259987,0.9304156230101991,0.9352648347297718,0.9273186035936175,0.9124938193568485,0.9405205294986901,0.9233779840570219,0.9148965517574515,0.9165962961756198,0.9392768220309463,0.9429966530079514,0.9141869431722924,0.9129303957080708,0.9386356559133644,0.9175949835219915,0.9329243021406722,0.9324923592507665,0.9215779707643323,0.9301829209472374,0.9412088163487375,0.9398824434520604,0.9223118646723497,0.9133985920818272,0.9409885214059289,0.9149050244772076,0.9319900955479768,0.9234077987036652,0.9411124120868061,0.9356334120094281,0.9172652049682435,0.921535011414362,0.9343572820337852,0.9402717257001455,0.9101842494797925,0.9436830459565907,0.9278441122674049,0.010695349510713796,179
14.946674997806548,21.615139895424203,0.0401137900352478,0.07634543077346333,0.07492362316610363,11,0.7511378652206688,2,4168,0.5561794907129796,"{'learning_rate': 0.07492362316610363, 'max_depth': 11, 'max_features': 0.7511378652206688, 'min_samples_split': 2, 'n_estimators': 4168, 'subsample': 0.5561794907129796}",0.9317198647476743,0.9451321777280673,0.9491843441593903,0.9438137425392922,0.9326397761392714,0.9389499778075725,0.9314329161502137,0.9415227033944873,0.9487985643017738,0.9361838625939644,0.9235089451588745,0.9233968406663807,0.9448360856586729,0.9473057980289012,0.9478958361338632,0.9463084927276926,0.9470579113346214,0.9463187507724837,0.9442125846472086,0.9263564538058771,0.945052337195698,0.9262280888507407,0.9595429344654579,0.9407934840494528,0.9111988993705562,0.9423618053702694,0.9484250019090132,0.9320848198822457,0.9456478383070458,0.9414684819004553,0.9528614121116283,0.9396570894190184,0.9313908335529569,0.9394789240170595,0.9437239993154352,0.93297345509344,0.9516510317772241,0.9413279749753113,0.9493989377425139,0.9317916436996233,0.9322030501766667,0.938555882777689,0.9494979376841294,0.9479686487304262,0.9383926722716112,0.9276348454240316,0.9439255813388288,0.9393119976542501,0.9438245859145795,0.9427104364027099,0.9487038974735426,0.9343006774119673,0.9448938325513782,0.9325083209497447,0.9327584591789414,0.9454071118753439,0.9452868806573395,0.9467312485194652,0.9508155710620044,0.9194123144719958,0.9513264513765394,0.9336439880891741,0.955245359331746,0.9312517775193145,0.915647700493488,0.9320883515134172,0.9389471401884077,0.9480256904190076,0.9470157271125588,0.9334949239017315,0.9479198694162109,0.9440321875709936,0.9216777117113435,0.9244583968202287,0.9548126559944893,0.9563739223682273,0.9363957183129042,0.9309477795583404,0.9440547793951873,0.9282671451309066,0.9344955702430666,0.9396759302904301,0.937463010371655,0.9340464678569482,0.9490652842143049,0.9431132085481195,0.933727572660184,0.9295128812223803,0.9469164606516345,0.9404570482057565,0.9452512590354697,0.9372164781787462,0.9469434520100094,0.9422868833852134,0.9295844819835555,0.9383064936513376,0.9448986706427556,0.9514536464501112,0.937692437847038,0.9505524438317161,0.9399676553153271,0.009189309967036985,117
9.155797061920167,13.408369077344013,0.03956961631774902,0.08780502174401875,0.08832582271700674,13,0.428273055863934,2,4168,0.873909678975658,"{'learning_rate': 0.08832582271700674, 'max_depth': 13, 'max_features': 0.428273055863934, 'min_samples_split': 2, 'n_estimators': 4168, 'subsample': 0.873909678975658}",0.9217608171628479,0.9384640960357725,0.9420068556204205,0.9250922269120616,0.9257162704783356,0.9386639540851309,0.9241139175132669,0.9233468367369333,0.9367417279486416,0.9334992587710765,0.9131519838023401,0.9185914815921966,0.937570369332295,0.9412268024811715,0.9394659387632067,0.944542123047943,0.9384676888862821,0.9318952831706544,0.9370621401603872,0.9041011176164206,0.9478399834603717,0.8995859416125461,0.952928740741753,0.9171402750594396,0.9028361905483079,0.9401003300518067,0.9431637335592961,0.9139999952406689,0.9379376538661462,0.9321770336604279,0.9410730467824897,0.9324025333061987,0.9285619567800367,0.9344242265437518,0.9236771347107386,0.9337414394914022,0.9428879144195309,0.9401094464276908,0.936772755738204,0.928168682303555,0.9138354980948523,0.927728736864536,0.9457783040208174,0.9299560683110659,0.9259977510961558,0.9241536966262889,0.9312546007080432,0.9243229106266201,0.9344191350454958,0.9343453455507899,0.9417151372084009,0.9282067524639024,0.9372747954776725,0.9312070937920347,0.9210689212674859,0.9345568843284281,0.9346814648209387,0.9412328376778791,0.9419254105173092,0.9071430125231457,0.9396259430766348,0.9289931234826017,0.9491088912187617,0.9211305904638444,0.8985610191662429,0.9289890840520434,0.9316800056717338,0.9365354777067474,0.9326410657540125,0.921593214854386,0.9478131900665726,0.9303073518905376,0.9128946826846449,0.9130678343133891,0.9478207258845505,0.9460424568161908,0.9212486023927887,0.924771504526128,0.9320097587908788,0.9250406161411302,0.9219753369423566,0.9369965447990354,0.924594046426572,0.9320139604623727,0.9415097383446603,0.9340734706926607,0.9293853700841574,0.9339366651629937,0.9405692535660394,0.9245425206742318,0.9358448290635522,0.9377694231843727,0.9387451087390798,0.9317663513559565,0.9247993702773468,0.9191041660431248,0.9357256980166774,0.9457299131127578,0.9264610420324887,0.9346234126612505,0.9309585562203911,0.010963756718302764,173
7.2070142579078675,10.738926663754121,0.023696720600128174,0.06945572801699205,0.28733328872112207,11,0.6274913356331124,2,4168,0.9388869302141626,"{'learning_rate': 0.28733328872112207, 'max_depth': 11, 'max_features': 0.6274913356331124, 'min_samples_split': 2, 'n_estimators': 4168, 'subsample': 0.9388869302141626}",0.9096086315242953,0.9327443890183812,0.9342359931220525,0.9330826665597944,0.9174206340976486,0.9300796754913276,0.9266336754299701,0.9241914298457964,0.9441499205727572,0.9201075429449506,0.9145850301285822,0.9072368629423655,0.9172663652856696,0.9187250390604262,0.9279847184680561,0.93586261579322,0.9296923658341238,0.9160965099692053,0.923936313669675,0.9004853903070704,0.9358473424930689,0.9202954003370728,0.9432222781582597,0.9131595112523277,0.8957118116267635,0.9106193229724868,0.9419362779622279,0.9101703891215274,0.9299339995679934,0.9131484154410917,0.9278203272591559,0.9207189312448708,0.9180462773212742,0.9268825154969448,0.8928918073254555,0.9222612554359931,0.9369102504095763,0.9231215018242761,0.9270382612123821,0.9209828009129453,0.9007896286453393,0.9059658121439369,0.931762571777933,0.9238211068570717,0.9128504299707266,0.9081623456221262,0.9290759939492033,0.9152916071449333,0.9222976929807053,0.9225714735011965,0.9278068001690417,0.9222683777052725,0.9219211674004867,0.9271713901198946,0.9067625731466458,0.9073315726932566,0.9222522136809264,0.9318196713803109,0.9361295371440603,0.9012871290205747,0.9335750550101896,0.9242413611961042,0.9390880398908331,0.897048164082555,0.8979898978680341,0.916864828006803,0.9170212618307787,0.9227281822756175,0.9223687297481965,0.9203287744740338,0.9352890541597413,0.9197477045712732,0.9127481142194669,0.9028924811291862,0.9403343225944271,0.9450134791022361,0.9101941946431142,0.9147079069880162,0.9317710029463604,0.9038676599249409,0.9000301468241121,0.9335252151780754,0.8963945642230439,0.9092997564517532,0.93982844177758,0.9225799650887287,0.9313098739322664,0.9240112792806511,0.9268856088557847,0.9089023711752796,0.935329716321685,0.9249193637613944,0.9265240781452035,0.9194540003762224,0.8887671321763473,0.9136675521321111,0.9174355507629197,0.9405261964051733,0.9257088686883427,0.91745327486204,0.9208255671357533,0.01246236898604787,193
61.901236069202426,68.33249030135595,0.1360037899017334,0.15214224319346284,0.03594663627942926,10,0.8880390710398196,2,4168,0.7827852299245324,"{'learning_rate': 0.03594663627942926, 'max_depth': 10, 'max_features': 0.8880390710398196, 'min_samples_split': 2, 'n_estimators': 4168, 'subsample': 0.7827852299245324}",0.9214169203781176,0.9409904749031114,0.951155985754074,0.9453751658463443,0.9369943105958033,0.9423497465901416,0.9331870089091886,0.9401280362130227,0.9516415984705422,0.9374804656048736,0.9326037962932106,0.9253023518619732,0.9427537789196225,0.9446012628026852,0.9483163905164966,0.9420567755349152,0.949289527189207,0.9497786475639113,0.9408642064520698,0.9194167593276124,0.9456967521712301,0.9247527384473154,0.9575244877490983,0.935143575195307,0.9180366455381045,0.9385623437070719,0.945893566767484,0.9272064911607423,0.9431570939576489,0.9388662022576691,0.9499578971401611,0.9402960896708136,0.9254244203775447,0.9421253081122675,0.931988542240724,0.9320624665500428,0.9467989807719749,0.9418378276526651,0.9494941402737513,0.9298371427379507,0.926606221747822,0.9415340734794784,0.9442429278144873,0.9426807128358653,0.9355446949618242,0.9258246746187685,0.9457546472664132,0.9317435961463113,0.9401187112949677,0.9435297088944079,0.9454406086542746,0.9326503442411186,0.9441179933029168,0.9297011157706928,0.9344881504495532,0.9445631331114875,0.9403781591751094,0.9473298458429642,0.9499067272646385,0.9211706657305281,0.9511480288920413,0.9343834923045485,0.9578065971160867,0.9306419922865944,0.9140960070225315,0.9297683855261313,0.9404274180359885,0.9453210859443442,0.9451574644512845,0.9267571327451519,0.9483395123694547,0.9361854438831047,0.9234180215284553,0.9243627131407137,0.9511424689331596,0.9566509265882822,0.9315762978386668,0.932796656164227,0.9416625464029146,0.9294128872925072,0.9411125827521668,0.9422734484776147,0.9387285393425305,0.9329954116357451,0.951142032047839,0.9479023732490242,0.9373405278134712,0.9345806874777809,0.9494314355516824,0.9313211681429735,0.9466736164784596,0.9398557803109645,0.9468730481420204,0.9423808366465265,0.934193953751511,0.9324773735082423,0.9362405417960795,0.9506280410517651,0.9298636164864038,0.9491404438602158,0.9389390317179934,0.009276903224733015,131
15.751706154346467,22.611930809291845,0.025406696796417237,0.05588585901738144,0.14031304686898666,7,0.9116015530289661,2,4168,0.5801054408836229,"{'learning_rate': 0.14031304686898666, 'max_depth': 7, 'max_features': 0.9116015530289661, 'min_samples_split': 2, 'n_estimators': 4168, 'subsample': 0.5801054408836229}",0.9321784849030338,0.9430501064610518,0.9451246462092842,0.9454824425992391,0.9358489313193561,0.9396385030084841,0.931616813573628,0.9464966471398313,0.9491906813108766,0.9328017000159624,0.9321034709884818,0.9241477598417344,0.942384645998234,0.9428968200318303,0.9473979957039326,0.9411035905466291,0.9456728256527717,0.9351073312191271,0.9410981094670022,0.9238653765125221,0.9484717126381191,0.9264191891534713,0.9585875666752224,0.9377130569465953,0.9133044810445476,0.9399942242224388,0.9434999261180609,0.9337079527690766,0.9426809889427216,0.9434409206814259,0.9484305297323088,0.9414729228588727,0.9296990063432853,0.9363239179829228,0.9376339358767358,0.9386955391339515,0.9505630035200335,0.9444790612831395,0.949982540129019,0.9326223671065853,0.932692776617186,0.9318618065320824,0.944245587371539,0.9329626146535961,0.9360474686870238,0.9234786204475246,0.9477672897154624,0.938591846604147,0.9465531572774574,0.9457317500348681,0.9460222197819255,0.9312621997437701,0.9450658487639617,0.9207669551896553,0.9395901493102599,0.9468849389064402,0.9431259774692363,0.950623532261122,0.9547479817065481,0.9260856383181585,0.9526026946077478,0.9410426756603955,0.9509130256257093,0.9304412891243334,0.9261852081689445,0.9295873416196072,0.9417914282707758,0.9513747094530202,0.938227939466385,0.9207839140501299,0.9485854062416321,0.9432827580346146,0.9264204324621689,0.9246280328331083,0.9565956546946063,0.9495244276567018,0.9352114572863567,0.9282232869065689,0.9482188633479987,0.9290705355750337,0.9330397537313462,0.9354002505614708,0.9346150217899434,0.9324585005656246,0.9533804043906189,0.9485140510967606,0.9317890811265722,0.9357906421072104,0.9489676725386091,0.933555706360297,0.9504442711811341,0.9382657677414276,0.951389616047996,0.9414160770193368,0.9288250701049066,0.940402597231194,0.9433365269188781,0.938717403251139,0.9272127036805743,0.9418947651839723,0.9392116504876837,0.00903837669573983,126
54.00553277015686,59.813270115984245,0.21079628467559813,0.2744231462208385,0.0032620046892131676,9,0.5664903042580324,2,4168,0.5709004491856419,"{'learning_rate': 0.0032620046892131676, 'max_depth': 9, 'max_features': 0.5664903042580324, 'min_samples_split': 2, 'n_estimators': 4168, 'subsample': 0.5709004491856419}",0.9361774278433482,0.9502271570970211,0.9543454069063161,0.9516048165670264,0.9445239712018878,0.9520368957206773,0.940727147643352,0.9471537922968178,0.9549500990873929,0.9419445929840895,0.9356792593944343,0.9329119325056232,0.9490246028139584,0.9541847823449576,0.9544644993062288,0.9513981634336784,0.9522307211482558,0.9466958262910077,0.9507484658251821,0.9298226272980911,0.9555828848140725,0.9291229208511165,0.9615140099779186,0.9425734222312732,0.9261963365934944,0.9467369202365941,0.9521526634578709,0.9384830214138263,0.952196020656251,0.9452475417556079,0.955730189084196,0.9474361520252953,0.9377866580338646,0.9464955558883646,0.9433677617381779,0.9403033436079125,0.9576408392318377,0.9488383750486624,0.9512962543785564,0.9408557335284444,0.9332550443881803,0.9461020382331771,0.9576319271378554,0.9457307361659729,0.9435869367063602,0.9336977624754389,0.9495356300297334,0.9419188872431089,0.9508897628000375,0.9497552059020152,0.9548141541123621,0.9406086491544065,0.9506346923879694,0.9386894225920215,0.9401092229642071,0.9476770231771278,0.9473474356046467,0.9544285988416099,0.9550420386054806,0.9333729482529649,0.9564170696692732,0.9428156111900371,0.9618871031452051,0.9414157147085918,0.9224745203028341,0.9417499618889215,0.9445258616853146,0.9504068868534413,0.9516768385549972,0.9382515446282483,0.9576976532630286,0.9469271271204952,0.931167915741168,0.9288268256713469,0.9588645572351358,0.9608624061591745,0.9390559955086375,0.9415586002316811,0.9492844486393703,0.9371981311829177,0.9430702892257189,0.9492343665652935,0.9422812369412156,0.9449868335774301,0.9548486667767202,0.9501879077242664,0.9395396760041539,0.9436580366241616,0.9544787636880966,0.9412414434174641,0.9509984428556268,0.9454616850131046,0.9539178311844949,0.9514680622668344,0.9391087740067368,0.9394238136985896,0.9481271678059374,0.9541362955193888,0.9398643491318899,0.9487381868005628,0.9460307351124487,0.008147990747334547,37
57.114385600090024,71.65190858722929,0.10433231115341186,0.1585140394008322,0.017978880263594194,7,0.7577915753594879,2,4168,0.851544284885785,"{'learning_rate': 0.017978880263594194, 'max_depth': 7, 'max_features': 0.7577915753594879, 'min_samples_split': 2, 'n_estimators': 4168, 'subsample': 0.851544284885785}",0.9346306700100563,0.9478407219914401,0.950162954461393,0.9505704666541599,0.9420611509041554,0.9467348902199236,0.9403103017091908,0.9447230088979159,0.9510740329961406,0.9398336050297003,0.9349430070255087,0.9332439472308023,0.9453891362775875,0.9536186196659213,0.9522259011760607,0.9491531037001287,0.949982370434457,0.9497656593332694,0.945993867483572,0.9280528090972365,0.9522189889996936,0.9324548253005388,0.9617229946400677,0.9421796048521512,0.9295378489434608,0.9420004486530694,0.9535593789043493,0.9355839132188435,0.952055844991793,0.9449538807817799,0.9538006829490345,0.9452840669255005,0.9349928494076879,0.9467755998728627,0.9391304055990256,0.9380458627194355,0.9543255691376233,0.9462423329815096,0.9496236065420502,0.9423372836854279,0.9279818442824377,0.9421351071096427,0.951921144271207,0.9451969900593785,0.9443523452178083,0.9330227661960936,0.9499828599890661,0.9390827648764124,0.9472386072300825,0.9462426585505621,0.9503522156265849,0.9376764368950389,0.9491309905802159,0.9330968569541682,0.937346804857264,0.9477108003142292,0.9439781446676355,0.9534277440385409,0.9541266090612803,0.931099934057436,0.955338792915282,0.9399349767139242,0.9590179882426809,0.9379945886221158,0.9230495411833219,0.9373389998805377,0.9425921856955098,0.9526737350031883,0.9507909148968823,0.9312395148069608,0.956933005932589,0.9428487481367114,0.9299631353093787,0.9269611733667538,0.958394560313511,0.9584697046988405,0.9364968175641971,0.9376339702372662,0.9476428574834954,0.9367641333492401,0.9450350163388577,0.9442613778644459,0.9334970945649101,0.9388993941623474,0.9546226057511384,0.9472499251534685,0.9409504188713,0.9403667402613162,0.9542898907292661,0.9395938217279693,0.9488744784903543,0.9438773089150637,0.9537841726100006,0.9484668512571063,0.9392795143257399,0.9377072880083591,0.9448210034861712,0.9538854960256877,0.9381164838915605,0.9487167013450445,0.9441061476637213,0.008172131961474378,60
56.33929167985916,70.74713263683182,0.2913052248954773,0.38706068976250974,0.009806240235313657,13,0.5414693009621911,2,4168,0.6923199457362502,"{'learning_rate': 0.009806240235313657, 'max_depth': 13, 'max_features': 0.5414693009621911, 'min_samples_split': 2, 'n_estimators': 4168, 'subsample': 0.6923199457362502}",0.9296487456059991,0.9432701003105037,0.9483667282400402,0.9437769638651201,0.9400663809755705,0.947953180718394,0.9352401603681715,0.9392926339866582,0.9497185657400378,0.9361166679199587,0.9281064104883265,0.9269556078082801,0.9442158791345643,0.95137822468125,0.9488293496219815,0.9465340372362844,0.9477860782869991,0.9432327011027176,0.9453774347929914,0.9247015286786149,0.9528738287580388,0.9194848110047923,0.9583080164219145,0.9370967995110502,0.9197562276941267,0.9431550804333461,0.9480034802755184,0.9339412768973157,0.9473333840812691,0.936978904447145,0.9486726142754729,0.9421108004718768,0.9331897559647868,0.9440904824506857,0.9369592231840634,0.9362511257464593,0.951378984629018,0.9422874783206118,0.9474808948660948,0.9364638711225572,0.9282828661167811,0.9414474533900868,0.9545989878948374,0.942851015948002,0.9377818647684566,0.9305844545638434,0.9447031483065765,0.9358235280924296,0.9447028230078537,0.9441319335078018,0.949559206290871,0.9358855428597659,0.9447457826521092,0.9330374756740583,0.9327160646299459,0.9437062705321364,0.9422117898782428,0.950749838243467,0.9510659043101151,0.9282579742885932,0.9518548801226531,0.9362939175758361,0.9593627000329061,0.9340877347247851,0.9168544951512304,0.9380781841634375,0.9397230280461982,0.9459300556436455,0.9478018757573347,0.9297964004338208,0.9517388646045356,0.9410632780639875,0.9256828036781216,0.927208520216429,0.9565588131485219,0.9601666207735078,0.9335767160003403,0.9313840994754288,0.942486604326847,0.9323979829102477,0.9378080690857539,0.9406104511890417,0.935288075682134,0.9401259281412233,0.9502454248615421,0.94806790005609,0.9361178689474754,0.9362114928492519,0.9511725821034157,0.9351399860571871,0.9476091154593717,0.944473306314535,0.9498079460083303,0.944503520438167,0.9332683765683346,0.9346142688431441,0.9418608630215564,0.9502401551215087,0.9360831441306583,0.9455375386052859,0.9409406193340841,0.008795400064847306,99
118.37919905662537,132.43255763268067,0.3410010719299316,0.45892116730466676,0.002176486797469943,13,0.8261528131375593,2,4168,0.7664813868239325,"{'learning_rate': 0.002176486797469943, 'max_depth': 13, 'max_features': 0.8261528131375593, 'min_samples_split': 2, 'n_estimators': 4168, 'subsample': 0.7664813868239325}",0.9267091534892573,0.9443956240045068,0.9484780371533057,0.94371875168815,0.9368903347345634,0.942402023084821,0.9336540124179274,0.9396662793350337,0.9518471517171263,0.9386505612684992,0.9304367356490385,0.925124489409976,0.943363891121839,0.9466776896910272,0.9472762375517285,0.9445899011924501,0.9456207140193303,0.9460465863465188,0.9411213267756369,0.924534286532485,0.9486348595293138,0.9238402712601647,0.9580750603516583,0.9351288392957058,0.917076944237254,0.9371828693908765,0.946345213745679,0.9301788408232834,0.9431355813954125,0.9389533349940105,0.9490598784187632,0.9382985819548295,0.9268918167616368,0.9427454290748221,0.9347202142545914,0.933598186101293,0.9485035108920848,0.9410857251227299,0.9491610799604101,0.932349272507875,0.9260713397890521,0.9413185047069268,0.9510413019369937,0.9422195591325853,0.9371452141269178,0.9258706656236056,0.9433608577943173,0.9330511637227406,0.9415260744477519,0.9418094164040733,0.9465755218030613,0.9278320199199952,0.942721523589987,0.9332292819682603,0.9333016659646746,0.9429095999820383,0.9422452312283266,0.9495582756688968,0.9518931655075079,0.9259127383776325,0.9518411217646624,0.9352864663785081,0.9582584299487424,0.9323502591627109,0.9157478343900756,0.9313485622790796,0.9401617379142543,0.9444264865002241,0.9448085300118978,0.9273743334547866,0.9500758085586042,0.9358140718980417,0.9252665135898579,0.9267628014380359,0.9519619947910296,0.9586294502218278,0.9295714214775185,0.929674791072703,0.9435958034107435,0.9349583362184993,0.940045211964079,0.941293430874606,0.9333011369528068,0.9323352758367428,0.9525106560347922,0.9468757471201762,0.9395709035513103,0.9341886238407375,0.947968171897693,0.9329537856001842,0.9447031095992371,0.9392630578655556,0.9491868864547888,0.9433398524534526,0.9344063147386257,0.9331034581090474,0.9375787214431522,0.9494054457616793,0.9333619464866488,0.9474103160063435,0.9393647922602442,0.00892069516104205,124
14.532964913845062,20.137945328180066,0.0676901626586914,0.10955987048552793,0.06777858563396964,8,0.3922157199544671,2,4168,0.5830073928577384,"{'learning_rate': 0.06777858563396964, 'max_depth': 8, 'max_features': 0.3922157199544671, 'min_samples_split': 2, 'n_estimators': 4168, 'subsample': 0.5830073928577384}",0.9353750232116356,0.9448628825101008,0.9476458723138437,0.9448859587429717,0.9421762516783057,0.9465223857694017,0.9382768557952207,0.9395925207946715,0.9471341120506162,0.9335124977725346,0.9367815867374797,0.9233587552136944,0.9495526364569545,0.9525984743801084,0.9518408896275804,0.9458466193529214,0.9502734445078241,0.9450995835069558,0.9483591497401679,0.9177227080797838,0.9552977430951272,0.925407132007499,0.9584738389036611,0.9394368462518836,0.9285868065538301,0.9495701905404896,0.9422320924469751,0.932999465187914,0.950608816436422,0.9385654854486294,0.9521599213839973,0.9411912296318002,0.9374326784796351,0.9422432867336201,0.9423242291639401,0.9364765437195428,0.9550657409843761,0.943043988506379,0.9504750478702578,0.9370380983062235,0.9309112061976307,0.9452784132568451,0.9562108638053342,0.9398096757797352,0.9362812433072738,0.9352889702260792,0.9382331272442611,0.9406601910427257,0.9484035193451288,0.9493064249002471,0.9498058065616336,0.9366071428239008,0.9421810890566209,0.9357342479753438,0.9319365684860283,0.9426040343795307,0.9457758770850352,0.9511780304284412,0.9534277122996087,0.927973612154558,0.9500401893747354,0.9383325114990995,0.959218375327191,0.9434457970651398,0.920142333215838,0.9407415482178914,0.939249780014461,0.9522509820779819,0.9489045547512581,0.9313077428518107,0.9556953145779994,0.9379084191900061,0.9350501480050479,0.928888142995971,0.9557115028023803,0.9563578868153576,0.9377679445116092,0.9350042906623587,0.9445598576883852,0.9284372163363779,0.9428503683512316,0.9377426555102778,0.9417917635048229,0.9389549027340695,0.951727471235225,0.9471987854854477,0.9377004733725257,0.9418694690341531,0.9482626466778477,0.9341539697479726,0.9507843600600228,0.9459911847773775,0.9469484189758518,0.9477475926232605,0.9334536812661354,0.9358883692998428,0.9444910770739423,0.9515089338249602,0.9345469861341479,0.9425731165574588,0.9423285591047842,0.008494845489447272,82
55.9930599284172,73.32700249708788,0.23111377000808717,0.3381097213839621,0.0026724417314984536,11,0.47022433911113204,2,4168,0.7987739237749492,"{'learning_rate': 0.0026724417314984536, 'max_depth': 11, 'max_features': 0.47022433911113204, 'min_samples_split': 2, 'n_estimators': 4168, 'subsample': 0.7987739237749492}",0.9281738822319258,0.9444902523222346,0.9493205519485102,0.9435722590147048,0.9402047832873398,0.9480857816956205,0.9347697336404805,0.939028717668437,0.9492598530604477,0.9370570506435402,0.9285133540269808,0.928296434201505,0.9425392471245986,0.950068259658951,0.9480360580888049,0.9450663664021546,0.9458241132459384,0.9425458349558454,0.9442391353808491,0.9265693960463863,0.9525304702877996,0.919038960404978,0.9575709840122609,0.9352859922251097,0.9191479952198839,0.9407279940509581,0.9482743748122701,0.9306697975545394,0.9470326490086216,0.9386984417696663,0.9492877656719785,0.9394373420946073,0.9318251914618096,0.9431434373049378,0.9356827349318658,0.93510376088816,0.9520189713786625,0.9432154919274408,0.946073375355329,0.9348129048168724,0.9233249115694078,0.9407017033305243,0.9555148516842633,0.9404114165595125,0.9355792049654751,0.931410935624456,0.9439813853547306,0.9344158223136934,0.9440634857296132,0.9441263519457721,0.947771313520762,0.934264883903843,0.9458393692994433,0.9315488779526531,0.9307615055695815,0.9417577218092156,0.9406394170826103,0.950733255819098,0.9490098734424082,0.9262215100942982,0.9525239563049265,0.936390149082349,0.9591880589460371,0.9340921183229829,0.9165699899755005,0.9369238136642335,0.9394827568684526,0.9460090324097841,0.9470929456767223,0.9302833541258413,0.951858150275727,0.9405172191267852,0.9237513090893432,0.9250273376005995,0.9551697390343113,0.9582497590239634,0.9318062889982329,0.9320994509381607,0.9437405110241315,0.9336602247994586,0.9381423616961944,0.9401160527985017,0.9361968631940544,0.9363474880038187,0.9501395673988585,0.9457992609768537,0.9378651346977807,0.9359930395980651,0.949768681645043,0.9346481492263906,0.9444481512033386,0.9421314163545467,0.9481327905758969,0.9443999990350876,0.9321366015280819,0.9330804653360044,0.9414462890211521,0.950291550170935,0.9351312583336313,0.9426982755603992,0.9402066705903656,0.00887113070617213,111
77.40808947563171,96.66902631235656,0.32032562017440797,0.41038148333211005,0.002373675310108523,11,0.7125523766171264,2,4168,0.7699160323593887,"{'learning_rate': 0.002373675310108523, 'max_depth': 11, 'max_features': 0.7125523766171264, 'min_samples_split': 2, 'n_estimators': 4168, 'subsample': 0.7699160323593887}",0.9280430581980073,0.9455229672300969,0.9483773100307726,0.943981726709153,0.9396416386596675,0.9468442393054664,0.9361064670219033,0.9397337523189678,0.9505890871351147,0.9389969135723925,0.9321394724325456,0.9273351032923661,0.9430281957682763,0.9503429073384483,0.9490142519535002,0.9451532053220046,0.9478881200559802,0.9454901844014583,0.9441632922054192,0.927153307569013,0.9506903816739218,0.9216120612055808,0.958364056275319,0.935458773244256,0.9214266830710995,0.939117248742885,0.9484247634556571,0.9329157058064813,0.9463036084129086,0.9400665165598601,0.9501688739575078,0.9409304959948543,0.930052919422042,0.9430364077770463,0.9367189962356923,0.9359950155183269,0.9512162750477128,0.9414215647157825,0.9482661173728923,0.9343843204798532,0.9249412959819002,0.9421665653307155,0.9540480032452966,0.9432928493072725,0.9379181041352517,0.9292383729164129,0.9457994724898161,0.9361003818336129,0.9445567927582743,0.9436610214376774,0.9489992836439249,0.9317415762463588,0.9454163169517795,0.9333314000463329,0.9323814864534934,0.9436483625171744,0.9424066391152025,0.951532386313672,0.9507200277345038,0.9260005558349463,0.9531690474228359,0.9366394250024245,0.9592186095098675,0.9350688600398327,0.9188805219262557,0.9344633859591516,0.9402334752973176,0.9449720285839849,0.9472839601344848,0.9301087106938803,0.9518547687352888,0.9396631089235721,0.9257873518255411,0.9258720458599172,0.9540696173804606,0.9585756906903888,0.931533971569013,0.9320524615866084,0.9439741126274878,0.9335626694151876,0.9400520793855763,0.9419158090894947,0.9358569801472842,0.9355009339976816,0.9520989673900937,0.9469735717159986,0.939747637713647,0.9368461511831199,0.9498125514618079,0.9352407776043795,0.9453354956304616,0.9422371088916569,0.9494482345068139,0.9443285982007077,0.9347222689410832,0.934437322672907,0.9411603760887268,0.9509642348344,0.9347187721874805,0.9465613059642625,0.9407895988057494,0.008677531372371653,103
49.4262993812561,61.8958653251237,0.259622859954834,0.35934826978513984,0.002366196923256197,11,0.48210408355297696,2,4168,0.5991258104919015,"{'learning_rate': 0.002366196923256197, 'max_depth': 11, 'max_features': 0.48210408355297696, 'min_samples_split': 2, 'n_estimators': 4168, 'subsample': 0.5991258104919015}",0.9339913448642408,0.9479881131283885,0.9513086666105695,0.9482764788289328,0.9426803032451916,0.9507527687242314,0.9386495874551787,0.9450470371489186,0.9521505414382039,0.9392470933608187,0.9312298481791903,0.9293561029406472,0.9471348953739233,0.9517453470006486,0.9521889038397842,0.9495913552961337,0.9493419370954344,0.9445078443395984,0.9482505737653771,0.9266227758820581,0.9548372406705201,0.9259459393504139,0.9601527918505799,0.9408550218996207,0.9229917994660024,0.9452181142401551,0.9504123566329326,0.9356020264226996,0.9505842294286067,0.9418260155041188,0.9540015631383773,0.9445620189686968,0.9362776547934589,0.9448637945719331,0.9410423114689805,0.9369613728465143,0.9555686133576964,0.947495671493815,0.9494069551272819,0.9376826133827094,0.9301511937239186,0.9446316969230809,0.9583692294568555,0.9451266409295351,0.9415487404595958,0.9323019638303794,0.9481943904864744,0.9387541141914776,0.9480754360972903,0.9479537436586495,0.9522030119930283,0.9382168544472261,0.9487990414806562,0.937112897128548,0.93653800998886,0.9451502548294733,0.9461679434464979,0.9532197888800581,0.9536577683619669,0.9300915935158416,0.9535147374506784,0.9395694530997774,0.9603446300243583,0.939284912472439,0.9214407021002562,0.9414819879810666,0.9432444280930683,0.9489203355964959,0.9506127512804415,0.9370449659310155,0.9545074822007016,0.9451382884352572,0.9301843530425127,0.9275150813482071,0.9570846209028215,0.9611826227821005,0.9368576769848275,0.9367057759151493,0.9472609700668394,0.9366747704850198,0.9406775962089754,0.9443096002805638,0.9399772555127389,0.9410680770382087,0.9525262478494273,0.9478866359562019,0.9396069108775402,0.9403925996597055,0.9538436509731848,0.9381156987512749,0.948563719252887,0.9458263572505325,0.9513356178695289,0.9485189820768354,0.9367638601592543,0.9369644421110268,0.9464708433325804,0.9535043908327193,0.938094795829391,0.9473536392739978,0.943929854042516,0.00842313935150111,63
75.8447460770607,85.79786608605765,0.20016573429107665,0.25962182940744893,0.0021286381843707647,8,0.6943370307769066,2,4168,0.9473678158938548,"{'learning_rate': 0.0021286381843707647, 'max_depth': 8, 'max_features': 0.6943370307769066, 'min_samples_split': 2, 'n_estimators': 4168, 'subsample': 0.9473678158938548}",0.9262577305648967,0.9451922824370798,0.9501496739111301,0.9462837655599973,0.93868031605156,0.9466288059851878,0.9350328575775313,0.9416271239696473,0.9503630294691956,0.9395751286587337,0.9344166128243315,0.9275468041321207,0.9382459442308443,0.9501758900833442,0.948956456812508,0.9465574006624662,0.9484945281133407,0.9461745626902837,0.944041777558287,0.9263427290314459,0.9491507388030147,0.9239089091928855,0.9588454402855409,0.9349224546841002,0.9253758650647279,0.9389841154550097,0.9503985219836674,0.9333076336786511,0.9466032838901881,0.9409873724414821,0.950908522892266,0.9406993029577837,0.9311624361975883,0.944859585361169,0.9369274287942608,0.9367746212384804,0.9509045229699242,0.9447944036104469,0.9479038221425832,0.9353110031619717,0.9219282061768664,0.9421901886224007,0.9535558367889632,0.941916883862557,0.9387256678246166,0.9334676081374147,0.9462447233289377,0.9370164778985466,0.9436937857696072,0.942201603616487,0.9466874845300307,0.9334923244006289,0.9471130502014544,0.9318511894632839,0.9340812013083535,0.9444776514886671,0.9390839870821711,0.9520441489214106,0.9513235495534119,0.9253965384273217,0.9524495795623185,0.9360211319603435,0.9584844560365795,0.9342287445737936,0.9173240947524066,0.9340285543273404,0.9408919796768694,0.9480258365865212,0.9478627289720832,0.9290961482982477,0.9528472558257681,0.9386999914786432,0.9255381774132262,0.9247838694574988,0.9555251760796584,0.955893376725783,0.9336852645724613,0.931608090212938,0.9455935158147634,0.9318676048551605,0.938472552430329,0.9410537583650731,0.9359880439197154,0.9360722650633609,0.9521010624113039,0.9468411616018773,0.9371614117043965,0.9378830449013336,0.950345276726464,0.9374507002859982,0.9463347315686188,0.9434384948360848,0.9509505041323952,0.9433266651388126,0.9359232814585903,0.9327392062022982,0.9395774096436588,0.9521025750056058,0.9338960666640674,0.9464759072867475,0.9409255520906195,0.008743356840114317,100
5.6347348856925965,8.528446615774131,0.0172540020942688,0.05508752420575081,0.33768544846210125,10,0.5151492988219598,2,4168,0.8884175121471927,"{'learning_rate': 0.33768544846210125, 'max_depth': 10, 'max_features': 0.5151492988219598, 'min_samples_split': 2, 'n_estimators': 4168, 'subsample': 0.8884175121471927}",0.9179968212325279,0.9087239735535044,0.9135567286380258,0.8963314237043949,0.9150621115631019,0.9256013644668254,0.9224154807362821,0.9027932047505239,0.9184536093295528,0.9139059687638869,0.9033581766063735,0.9140231136184791,0.9036993091217036,0.9115222791100365,0.9250060283676425,0.9164393639900519,0.9184888285645828,0.9220333462802145,0.9161643028827539,0.9070810304556829,0.9111345921671642,0.8869734125226446,0.9225635842608615,0.9012884043404416,0.8933899147785627,0.9152233936967279,0.921329157373485,0.9070188636676896,0.918475757849432,0.8935606864317542,0.9282729703984717,0.916276926848948,0.9118689244297915,0.9053384383448809,0.899141762186335,0.9023635217326578,0.9292329369232668,0.915625389840618,0.9319004432059765,0.9089347181411878,0.9052212598391595,0.9168671572486622,0.9376248991107157,0.9235538136874235,0.9085772839809818,0.9096039803093168,0.91156158275105,0.9066112901308776,0.917445852031389,0.92222415161182,0.924326464180684,0.9064928177800983,0.9242862730807582,0.91267127046167,0.9001183288777457,0.9115445003632276,0.9029787694671294,0.9132259860525034,0.9119512909298756,0.890647282162109,0.9272835108885823,0.9033504576401148,0.9427703319654807,0.9139153937949346,0.8866886828555554,0.9096293614790494,0.9103750101451971,0.9115477710229366,0.9249747676554435,0.8957374328104131,0.9335378017355073,0.9134591959820831,0.899184272010224,0.8624787561290591,0.9396680814506752,0.9446750615713427,0.9005221178408899,0.8936907054007193,0.9265899367629284,0.8998514368345658,0.9074373688443969,0.918798422414944,0.9160151665151606,0.9003731232057641,0.921831377900131,0.9141302635535995,0.9159347110541228,0.9235763149326798,0.9266920115160227,0.9146849626043361,0.920637375517556,0.9207813547689117,0.9208511883691862,0.92551854507346,0.9037748276822263,0.903397056627663,0.9178368783107465,0.9272807704794712,0.9076988396127422,0.9087284787278713,0.9130601364262095,0.012579059028673945,199
19.665765895843506,25.03029952077477,0.05374638557434082,0.10174063003975779,0.13067257002449995,6,0.5488674955512713,2,4168,0.6741671111544656,"{'learning_rate': 0.13067257002449995, 'max_depth': 6, 'max_features': 0.5488674955512713, 'min_samples_split': 2, 'n_estimators': 4168, 'subsample': 0.6741671111544656}",0.9281760974297735,0.9449566957043243,0.9476875642672755,0.9486059354561682,0.9448413657541017,0.9490698140893428,0.9433585086326182,0.9365220430542452,0.9436951034285497,0.9266711976397222,0.9234772690553041,0.9348184681097889,0.9381028616298822,0.9451165650412706,0.9581887500337803,0.9486110167987134,0.9533382112379584,0.9384369913213968,0.9506044302017688,0.9209248237737194,0.9458629647255816,0.9359639352592096,0.9564787026085996,0.9384940540565682,0.9239464674630842,0.9422335850170469,0.9422868575953927,0.9319225515091689,0.9480107232177449,0.9436626810880167,0.9511781430631787,0.9376431638767321,0.9340205406809384,0.9460276935905161,0.9448033518638226,0.9305310727170532,0.9494460829817243,0.9488948072596836,0.9468391503328084,0.9228995111726088,0.9343593315108322,0.9388467137296791,0.9539679201202067,0.9444420639302263,0.9400808024028477,0.9293598888597295,0.9494550260598089,0.9428679431879421,0.9451960325357861,0.9460851174400613,0.9536271313762851,0.9354837732473436,0.942619415558303,0.926144104597097,0.9337145630008203,0.9383779858188039,0.9386089686468708,0.939637895821885,0.9514002275243086,0.919582055569928,0.9456240327519412,0.9369423206160046,0.9505591435518385,0.9428223095545645,0.9235795954956424,0.9372716275497419,0.9441411699077185,0.9542443970669897,0.9492418782660559,0.9304455810176527,0.9539849240931686,0.9447990891027919,0.9268422107718332,0.9174347217615332,0.9558503316109983,0.9539447098001806,0.931980471679868,0.9355055850711463,0.9428996971213972,0.9403998973780928,0.932827444062425,0.9433481384314826,0.934007482669031,0.9393294358493862,0.9565738104111148,0.9391669863141231,0.9326347877701646,0.935698131956683,0.9479921433008852,0.9395371677760354,0.9460726892238827,0.9441329632828398,0.9484916774013383,0.9427160286720473,0.9357754500721523,0.9394984824419634,0.9531800252206221,0.9561685770474521,0.9333963270387098,0.9413688552031718,0.9411063701199259,0.009154849929575657,94
12.731297800540924,16.430395422436835,0.0410503101348877,0.09273691810181678,0.1272092075710441,11,0.4752642182644895,2,4168,0.8186143880429952,"{'learning_rate': 0.1272092075710441, 'max_depth': 11, 'max_features': 0.4752642182644895, 'min_samples_split': 2, 'n_estimators': 4168, 'subsample': 0.8186143880429952}",0.9155585298394732,0.9377016168387919,0.9394621477158921,0.9280594636999537,0.9320306470263295,0.9392153958310187,0.923399424787195,0.9334320058652963,0.9445332683463391,0.9246165980506094,0.9168391850508798,0.9136687759480807,0.9248844747028578,0.9421712270489443,0.9388045013115054,0.9390276909520073,0.9334491079528765,0.9329114863965597,0.9295443319835678,0.9169933990600841,0.9462601106141251,0.9158618325009329,0.9561126517004671,0.9180009833959698,0.9067925053367885,0.940922669929442,0.9398019378363744,0.913915502328679,0.9409061594115743,0.9274509903376352,0.9449051632515634,0.9338102649828207,0.926029884322207,0.9241277925368432,0.9266438443802092,0.9281489698681366,0.942544387642751,0.9368108137629083,0.9381255541423054,0.9103175736812549,0.9022309850956199,0.9313062034371484,0.9478546149982905,0.9343288018362704,0.9221019517485911,0.9294960010299831,0.9373054297587224,0.9204989083938007,0.9401262983777265,0.9370657542269032,0.9368033546038752,0.9246005798189061,0.9416396033424547,0.9164635761675078,0.9213801517420251,0.9398564604657186,0.9273260833692727,0.9391831278464875,0.9405975150512857,0.912236734115343,0.9390311764869165,0.9267629283361914,0.9497443430294819,0.9241897872866505,0.8971714516440508,0.9263540475689114,0.9329555273571458,0.9434070268853123,0.9348697669136408,0.9143669238814088,0.9419087090058114,0.9298786517274117,0.9098270058449561,0.9161233249900126,0.9521557030360672,0.944890791327698,0.9267216348950242,0.9151828246344734,0.9366913121482859,0.9249812837018849,0.9218367783103912,0.9268658120635413,0.9249569965883718,0.9316272295810288,0.9444868565091293,0.9394218795537709,0.9278568501399838,0.916815809272103,0.9402332901027408,0.9228754196688349,0.9335092376158665,0.9375894616306921,0.9393050110723258,0.9280974951908484,0.9271280271765269,0.9250374838718713,0.9325086227509796,0.9439020964164161,0.919313273627177,0.9343947037241764,0.9303117156136531,0.011278603791760792,174
57.53124733924866,69.2764096297057,0.17502662897109986,0.24166591644320223,0.0071527806525984805,8,0.5813957022812284,2,4168,0.774086064977166,"{'learning_rate': 0.0071527806525984805, 'max_depth': 8, 'max_features': 0.5813957022812284, 'min_samples_split': 2, 'n_estimators': 4168, 'subsample': 0.774086064977166}",0.9331671602811769,0.9490053763805684,0.9506926214855858,0.9483155471791683,0.9442187717402528,0.9515471302471878,0.9361809275893912,0.9453290264808732,0.9520799082168809,0.9423878582053743,0.9335693745357906,0.9329510049861257,0.9461579830550013,0.952211910553739,0.9511970257790782,0.9485597051700815,0.9507173875020035,0.9472534095344826,0.9494313814993547,0.928387660160047,0.9523723627785365,0.9271581480970938,0.9603683290653705,0.9427900613849449,0.9285744666267419,0.9431785167068999,0.952183961710521,0.9360295011166917,0.950496943782239,0.9448637258909165,0.9540107014003473,0.9456913462595522,0.9357406492665781,0.9455840461713511,0.9390354764683251,0.9393548905161704,0.9551724199785956,0.9466293318429992,0.9486643454430771,0.9392856328941669,0.9306157121398076,0.9445240239152793,0.9563677211570994,0.9450330163018614,0.9418697204083991,0.9344283064474466,0.9476783538565039,0.9413635190999884,0.9488975468671809,0.9480755003685661,0.9514717834523465,0.940566148385358,0.9493219460528005,0.9341924590296173,0.9357480343132144,0.9464375080488575,0.9456889168998481,0.953683832374381,0.9539239791656906,0.9304507026460256,0.9558124620518871,0.9400346040485699,0.9608113016766122,0.9401571885863388,0.9214115335203337,0.9395678070172254,0.9438520505582826,0.9501974296532956,0.9511510990504837,0.9332746639856125,0.9571352370337837,0.943806927816896,0.9269664152580439,0.9284046502387457,0.9587981729593221,0.958814332940693,0.9395563703915092,0.9359418351440802,0.9471451632783962,0.934810430162362,0.9413163348561608,0.9467097910227882,0.9404738774903708,0.9418276754667315,0.9527801678708295,0.9508093840403524,0.9406160508829127,0.9414227699312002,0.9527620119336476,0.9384650471038058,0.9492913504708125,0.9460646833902806,0.9522342943740125,0.9492913235741793,0.9376986448841163,0.9381636365748576,0.9458203940517491,0.9542051365676902,0.9383829916915316,0.9481791020980683,0.9443504910256212,0.00824732247199226,54
59.08685752868652,73.19084192587297,0.1325111436843872,0.1841838536204815,0.008844347597902088,7,0.5947905713280809,2,4168,0.9451569559740671,"{'learning_rate': 0.008844347597902088, 'max_depth': 7, 'max_features': 0.5947905713280809, 'min_samples_split': 2, 'n_estimators': 4168, 'subsample': 0.9451569559740671}",0.9324726065406325,0.948089951740958,0.9520476278845464,0.9485456276764163,0.9431758095468227,0.95125819069472,0.9391447567518514,0.9455934175266405,0.9536418347584968,0.9399058504329867,0.934912779166861,0.9323377274220079,0.9445097324081713,0.9528167833405254,0.9509435003434935,0.9502773190425262,0.9494968241472548,0.9489603845412254,0.9489479706902728,0.923473301693238,0.951733022027745,0.9281532413530083,0.9600725674265708,0.939015283324299,0.927847213588852,0.9426567224915068,0.9538128376920313,0.9366209106630893,0.950541969907267,0.9440141072752777,0.9538936465533152,0.9447345481550569,0.9345728836214447,0.947514390223107,0.9383857344036334,0.9395936555883933,0.9548400583873207,0.9475558438032446,0.9496218555994217,0.9395491500341069,0.9304557583441355,0.9444199899713177,0.9565295839151653,0.9435074174733277,0.941266858878962,0.9350720639534672,0.9492895498459242,0.9396368206445987,0.9489195154594929,0.9458895735483464,0.9519154001608293,0.9376268045017591,0.9498998550828013,0.9328342949911915,0.9347326590372822,0.9476711000569333,0.9429210149565073,0.9536720949003564,0.9543848696193807,0.929205050093591,0.9546828504875188,0.9399540824976892,0.9596623134855136,0.9387390428244009,0.9221735115024449,0.9404908403137344,0.9428724940536282,0.951526381603397,0.9521068145901403,0.9343404804523235,0.9560947195269922,0.9447566706726024,0.929666043927431,0.9266377746324049,0.9584836826822631,0.9589406585358266,0.9354108573565426,0.936809210825619,0.9482341766892483,0.9345613364330885,0.9406178391195171,0.9469504731648126,0.9412464638867248,0.9410301601392299,0.9534156855508198,0.9468601719621721,0.9382267639409734,0.9420451470096209,0.9547998506558675,0.9405544707194538,0.9497198747447109,0.9444411618097139,0.9540088618427496,0.9473752403336916,0.9380107112184546,0.9394717894180206,0.946212369528885,0.9548615917112397,0.9389291562968958,0.9463741877114374,0.944164278277615,0.008460367017053648,58
105.96037210226059,108.18978954216504,0.25988529205322264,0.331979481058598,0.013117518949995733,13,0.7641746250030121,2,4168,0.7304714556406326,"{'learning_rate': 0.013117518949995733, 'max_depth': 13, 'max_features': 0.7641746250030121, 'min_samples_split': 2, 'n_estimators': 4168, 'subsample': 0.7304714556406326}",0.9279633635128135,0.9455482774889938,0.9496299038196898,0.9419054141866162,0.9375488518376751,0.9450342061865926,0.9351480139540026,0.938221022048711,0.9484515926771818,0.9405043489973686,0.9324465863722243,0.9273643355279199,0.9431029069580209,0.9464550265184003,0.9481029496187177,0.9454459693982095,0.944521879746855,0.9456272458547406,0.9460003175340067,0.9254549085394206,0.9498586220472114,0.9251348200450444,0.9577718654421666,0.9344831301796496,0.918692197615909,0.9389562439131568,0.9483518074700519,0.9281785449406713,0.9452254306751551,0.9393666462035324,0.9503342903406545,0.9415495863045255,0.9292261268810069,0.9423942851929983,0.9334407327762204,0.9332238046302739,0.9509726746548776,0.9404564445181853,0.9479296737896376,0.9356090045068599,0.9262090993434404,0.941080074052643,0.9537130293620478,0.943316712717008,0.9365350560884717,0.9296967996619596,0.9470771546438131,0.9347174951420314,0.9426805097545786,0.9434523960225657,0.9483373872892804,0.9298606556227105,0.9423960090914862,0.934046029384035,0.9344084258633493,0.9433173471289819,0.944246145038005,0.9497255222710828,0.9513181299551244,0.9273195064302671,0.9517936810493473,0.9353718003399839,0.9578569657209769,0.9339676803357958,0.9167105625166637,0.9326308469868411,0.9400200964711862,0.9452079372425506,0.945787997159083,0.9286510034977418,0.9493279483530692,0.93717107281985,0.9266198820479622,0.9246109367878282,0.9520718969761488,0.9594836409847911,0.9309346362666282,0.9304293226753142,0.9430885719255924,0.9337032929771656,0.9408668169141333,0.9434769313568543,0.9339718623159332,0.934093287078375,0.9524631275602294,0.9446434209016085,0.9414193116825443,0.935039470048187,0.9491844668526382,0.9332441520924322,0.9470326824339959,0.9398007774197263,0.9496923819494157,0.9444523552346311,0.9326459209415533,0.9330983846897775,0.9390562237525072,0.9509727895983465,0.9368069653846356,0.9471804038079126,0.9401366804291879,0.008736134239203943,115
5.162294223308563,7.01245963366307,0.011030478477478027,0.032011722842624414,0.2565478901666342,12,0.907570519460756,2,4168,0.9451853140288553,"{'learning_rate': 0.2565478901666342, 'max_depth': 12, 'max_features': 0.907570519460756, 'min_samples_split': 2, 'n_estimators': 4168, 'subsample': 0.9451853140288553}",0.907879586568618,0.9341896244833555,0.9301794924440594,0.9266980939267445,0.915458364586393,0.9280502748905652,0.9224464700837678,0.9067500005781272,0.9446734918695814,0.9176383605305657,0.894929749088507,0.9095354180514106,0.9289546277115095,0.9179695532243123,0.9222842178419086,0.927433616201451,0.9251899723157153,0.939145236518262,0.910316985116776,0.9120243978268809,0.9340848361679703,0.9118862362299415,0.9538781379710716,0.9121852825826523,0.9071850360768342,0.9122500294836005,0.9345417692117465,0.906587176407644,0.9222927424910448,0.9245883074648661,0.9349715065431119,0.9177662677204969,0.9020260366289394,0.9313052195754863,0.9006761431534805,0.9236970533257823,0.9268006984382807,0.9210310350217714,0.937770839276984,0.9192790455294797,0.9117059417560877,0.9276477834621836,0.9299995639340174,0.9257101127615041,0.9182771742854683,0.9264173404769434,0.9166409264064043,0.9113513755692423,0.9256956269131732,0.9169798807954184,0.9173686390732614,0.9028422746515694,0.9244491518627469,0.913084626001424,0.9101469385242835,0.9317729415997598,0.9206110955718122,0.9262443311025697,0.9359106647125055,0.8998100636579388,0.9368863138282851,0.9118447406069382,0.9399162867609615,0.911563865929378,0.8916855436648107,0.9180048013573843,0.9284752563350885,0.9292509624825935,0.9273611373531504,0.8909770648798301,0.9328914866821136,0.9169459575355033,0.905551137658557,0.8981419617239281,0.9359355125979257,0.9443957582941571,0.9048651061417021,0.9169361264946818,0.9184133722017717,0.9069320899671223,0.9236828443937699,0.902530134436771,0.9054118037826815,0.9142210263577124,0.9446452004856666,0.9262309847366739,0.9254215082175573,0.9149066094946993,0.9136982399573093,0.9114517151451296,0.9283254007902448,0.9141030558224288,0.9359853803158352,0.9287199396463024,0.9024041521219912,0.9031357896301161,0.9236385586138274,0.9371023210355118,0.9092678215335194,0.9423929029314,0.9202346725822304,0.012736433268202488,194
4.752190010547638,6.576181651467526,0.013424420356750488,0.03226096118251364,0.21698930459598872,12,0.40533579004823067,2,4168,0.6447583685220069,"{'learning_rate': 0.21698930459598872, 'max_depth': 12, 'max_features': 0.40533579004823067, 'min_samples_split': 2, 'n_estimators': 4168, 'subsample': 0.6447583685220069}",0.9131036359003023,0.9249235717050106,0.9157076415470666,0.9206640685209173,0.9137441706328465,0.9294034045594753,0.929156347667479,0.9287547183444095,0.9271241058153477,0.9032211281738501,0.9040185417777542,0.8953293097264977,0.9258461678895997,0.9336859959149885,0.9295376033928351,0.9243767256814672,0.9355012493988862,0.927279758847296,0.9266163276117289,0.9038147090949801,0.9394704552808004,0.9192721034371357,0.9449838092996484,0.9113741634339201,0.9040358679682337,0.9099182722772788,0.9288105426596143,0.9078862322120742,0.9291920987332195,0.9184062697863874,0.9257918283834127,0.9400172271294138,0.9033877990623009,0.9170589366468177,0.9184990388451294,0.9216533790402066,0.9363785573366742,0.9249159433670675,0.9201444343848726,0.9022490526546699,0.9102349004910382,0.9274908138542299,0.9342599174529372,0.9229330202560404,0.9308201968599992,0.9129024175700737,0.9255004958505129,0.9203585195203347,0.9272133935700686,0.9349785947865701,0.9330302484347994,0.9081926343567781,0.9295810693003955,0.8937526308649787,0.9069125093321404,0.9245395751017342,0.9360656776298035,0.9237989844718114,0.9286872125324873,0.9050243528091573,0.9277106928544311,0.9231062526875988,0.9397329438142986,0.9033372150664146,0.8925007552385523,0.92165088625486,0.9261314454198295,0.9330185725830872,0.9247258857679449,0.9044343561557701,0.9442302118530359,0.9127523348770225,0.9090689947324166,0.9035447626509502,0.9373859377334716,0.9409513807214821,0.9047089949019207,0.9124430592849659,0.9208774120381116,0.9123382520460375,0.9310148453462052,0.9263527228041246,0.9199966909414599,0.9148217457979009,0.9329556291961377,0.9333715448944,0.9091953645830742,0.9126135609257872,0.9372804522080905,0.9161429850412313,0.9211650437333564,0.9254524502276282,0.9237919715483862,0.9136541981515971,0.9262371767503236,0.9123735697306217,0.9253502006498071,0.9343776532957991,0.9264865114213309,0.9269465883909993,0.9213576361150798,0.011707813234630203,192
53.09966429948807,64.24772064419999,0.11434432029724122,0.17287426362658928,0.006522891161423848,6,0.8875034670231838,2,4168,0.6414025655083238,"{'learning_rate': 0.006522891161423848, 'max_depth': 6, 'max_features': 0.8875034670231838, 'min_samples_split': 2, 'n_estimators': 4168, 'subsample': 0.6414025655083238}",0.9389855071023813,0.9514717502047672,0.9553031754364079,0.9553060541701076,0.9469310432998362,0.9496904694315208,0.9426856358396943,0.9526955604909444,0.9577433812616114,0.9462230801322914,0.9360230611914319,0.9375149534740501,0.9499435245753775,0.9547866905174507,0.9561102689374897,0.9537844969761625,0.9552150752079801,0.9511689479058062,0.9566470855165272,0.9289697221690421,0.9537525894953903,0.9385419021304025,0.964228809213936,0.9469210164597476,0.9313427798935727,0.9482958127120744,0.9581185572890881,0.941803847043623,0.9553351946500672,0.9489356994322143,0.9587007937988288,0.9503211110691242,0.9383297844439256,0.9491260032077532,0.9437679871448502,0.943374049003439,0.9579086538280311,0.9515450833703653,0.9535928468436028,0.9437891821509079,0.9411791491870466,0.9482051666343481,0.9555288410194261,0.9457135479456018,0.947689198517255,0.9343219565581461,0.9539122412269572,0.9428727605041491,0.9535493418611991,0.951479205880358,0.9544154001555726,0.9431926314991199,0.9536068360176903,0.9355230842868528,0.9422114464742111,0.950127793708733,0.9488276198991248,0.9543176676629344,0.9588890806351611,0.9364024604572159,0.9587049324494126,0.9440868449315774,0.9615674837048148,0.9453613311810799,0.9252697758548856,0.9410372439818135,0.948752759165451,0.9565087394576657,0.9525191398309697,0.9422897074754325,0.9602167717596809,0.9471759138239743,0.934666560205311,0.9305990878997847,0.960981535176918,0.9629902765592147,0.9430569777793734,0.9450121851213716,0.9523358550773782,0.9389656792856665,0.9456115542756568,0.9504378882970848,0.9437985481093172,0.9461820346184656,0.9559594668762535,0.950088814104168,0.9397055900581817,0.9467953828756074,0.9574408421669923,0.9444362199993305,0.9554864693256508,0.9440829200976176,0.9578102036633747,0.9528569511744565,0.9442194679475789,0.9443523836611616,0.9526096357350703,0.9570433493291842,0.9428309636709717,0.9537138921240641,0.948444579959849,0.007946111371743834,10
36.54459575414658,49.853258656870906,0.08086389541625977,0.11928418522342357,0.07119600820859484,5,0.8676183982308356,2,4168,0.5920062724810127,"{'learning_rate': 0.07119600820859484, 'max_depth': 5, 'max_features': 0.8676183982308356, 'min_samples_split': 2, 'n_estimators': 4168, 'subsample': 0.5920062724810127}",0.9418335646256726,0.9523220612091677,0.9551568271015775,0.9508258145730512,0.9419809723222042,0.9458600359237721,0.9446879644772268,0.9497659752295547,0.9523830372976748,0.9441907703439716,0.9335557580217186,0.9376339380540711,0.9467678749497167,0.948337198981672,0.9524673565285231,0.9555938993002904,0.9537841416563144,0.9504996026418626,0.956121126622661,0.9265840887003978,0.9528326171297428,0.9423882864888469,0.9591195999271451,0.9419848918033519,0.9287474793852003,0.9457094155637231,0.9561570985058621,0.9395361537933327,0.9531478889483243,0.945773588526513,0.9577520908788644,0.9459737646735005,0.9408118813270291,0.9480620857377096,0.9460020345416471,0.943219919683745,0.9579649420604024,0.9515760064162284,0.9457744519812072,0.9405094850189082,0.9396697168315913,0.9492889119029835,0.9524659189669518,0.9420223160146654,0.9473458912555947,0.9354630197740346,0.9524845034458499,0.933959101130384,0.949037388323759,0.9505326455708564,0.9575651869413224,0.9435645632783636,0.950936634071128,0.9219518546575474,0.9408539103869308,0.9482035326639877,0.944442135502285,0.9482150712736149,0.957443657467834,0.9381564051436639,0.951432040612562,0.9457398181255523,0.9617571334461938,0.9432864278054346,0.9243285791334868,0.9384003038231711,0.9452362851630779,0.9580700637802617,0.951728104558605,0.9404115068084035,0.9602470923630405,0.9494176620360055,0.9360588958883058,0.9307443032696404,0.9643566492571548,0.9618903105729298,0.9391203497144759,0.943591736939057,0.9506394535345436,0.9378364849772773,0.9486650923628164,0.9492226822982438,0.9418659264800181,0.9478651235271667,0.9534484793703671,0.9404864896136965,0.9319109829544641,0.9477650529808936,0.9570213387933024,0.9462690724730005,0.9574977571009958,0.9440909616017733,0.9546552216934968,0.951486163898031,0.939500184761126,0.9466388749959054,0.9566203461422037,0.9573550097589988,0.9376301763130263,0.950141127662895,0.9468142732214732,0.00836282376236114,30
33.80920282840729,43.12417171515347,0.09320056915283204,0.12690950455400504,0.05254804063459852,7,0.555232056620986,2,4168,0.6995843237115383,"{'learning_rate': 0.05254804063459852, 'max_depth': 7, 'max_features': 0.555232056620986, 'min_samples_split': 2, 'n_estimators': 4168, 'subsample': 0.6995843237115383}",0.9373143702358803,0.948076599122907,0.950459887706748,0.944638525287483,0.9442197285577122,0.9484416478652254,0.9423940551611008,0.9461378266638348,0.9537937704119303,0.9413984450346697,0.9377070242381926,0.9346748651904743,0.9449002798292787,0.9526389252959607,0.9515102083132969,0.9495195883939901,0.948930092689862,0.9457027158641762,0.950089879607461,0.9287312881705498,0.9495903129880516,0.9343701471393473,0.9586315600184403,0.9432998672447672,0.9291530578985625,0.9416334791872498,0.9520381892856546,0.9350462240686572,0.9488706214562348,0.9433616522416138,0.9537947580321549,0.943933597524124,0.9367285648398085,0.9444970349947507,0.9392526732530871,0.9364871285486583,0.950709674566174,0.949610229802397,0.9500618966635384,0.9368866177295023,0.9314666176727168,0.944100076680071,0.9597297458227679,0.9431138224234322,0.9426276531555785,0.9325129196079904,0.947986871219837,0.9433730399438782,0.9464281128071136,0.9442514106405369,0.954425936612375,0.9388447900353211,0.9523808495596098,0.9275527698442677,0.9366577368290174,0.9432553806992013,0.9478243832257778,0.952417348545384,0.9543126468778834,0.9333873208088889,0.9502403047484472,0.9409113343701563,0.9596923713568044,0.9371718189204983,0.926225939938581,0.9425276134144291,0.9426588610660609,0.9533749461072295,0.94953829871721,0.9325349357789275,0.9549875596679773,0.9444183401513415,0.9249643088345534,0.9304934481404545,0.9564854080335131,0.963118148436314,0.9298916614156596,0.9340832172609818,0.9485196078893607,0.9358483482394755,0.9451456638500522,0.9451900161202553,0.9387200387886296,0.9477233579759418,0.9536602344319962,0.9450154858442518,0.9335112025880677,0.9439712433950358,0.9556641045590583,0.9360149255599098,0.9550374788002494,0.9428620084619614,0.9584712100386614,0.9468429315046368,0.9395502695188491,0.9412562534257021,0.9476470208178919,0.9571009357481792,0.9412140151310981,0.9499679028354152,0.9443813921601897,0.008278912033204038,53
15.294364252090453,20.72820723752506,0.033989062309265135,0.07667226063144336,0.09665032406866822,11,0.7972056875068445,2,4168,0.7531245817062069,"{'learning_rate': 0.09665032406866822, 'max_depth': 11, 'max_features': 0.7972056875068445, 'min_samples_split': 2, 'n_estimators': 4168, 'subsample': 0.7531245817062069}",0.9255531197784986,0.9408738520615223,0.9483156626218566,0.9409872017099725,0.9350432669126357,0.9381377946770071,0.9188030975622912,0.926479575719352,0.9461011445787854,0.9351356427773994,0.9340687267780231,0.9221245477494475,0.9412840721216351,0.9393962573270765,0.9448890924834786,0.9418343541616201,0.9477884518382607,0.9434813068232423,0.936471672480257,0.9249659375456885,0.9412133279296881,0.9136138646029177,0.9535213764412476,0.9301629167737687,0.9153172941933421,0.9345072832925061,0.9413363747798092,0.9234662380159978,0.9390973662102258,0.9327750782341345,0.9510748026515923,0.9423485143248691,0.9266926130363107,0.942462979460777,0.9316446562863608,0.9321004702931422,0.9449523152173873,0.9405706321847765,0.9461105506063467,0.9277693776617556,0.9182132595724107,0.9352205546097593,0.9511249524219689,0.9361733506105554,0.9372093818409172,0.927220187864819,0.941175996493745,0.9341105612895658,0.9367985535394511,0.9392639718720721,0.9417916186727614,0.9234400210149779,0.9385811711303989,0.9324713000179696,0.9332941427655368,0.9364962485277141,0.9392509964350688,0.9446240456495667,0.9493905475897858,0.9212297237454982,0.9478865405966194,0.929445711175752,0.9517659290738331,0.9283877803022659,0.9120345177556094,0.9287636878460469,0.9336589343725393,0.9452067200482692,0.9405738239682484,0.9189597203534651,0.9481657401430562,0.9309746624137671,0.9249403574867273,0.9188710961181035,0.9480126823391932,0.9544362513797923,0.9254975942660582,0.9317359540882924,0.93668309366173,0.9290844484228155,0.9339446014171175,0.9380886583204897,0.9254107207604092,0.931840606038257,0.9490744678541689,0.9426368969091724,0.9382317794905493,0.9275767287026279,0.9417012884330904,0.9312750065997215,0.947101324749528,0.9344767069924835,0.9443707088416045,0.9374895773544973,0.9318728928787359,0.9302331057871263,0.9303348080953517,0.9480257551628777,0.927853546966207,0.947882190090399,0.9358406001282614,0.009447108028898442,156
81.93305607557296,84.57150896408781,0.3022277593612671,0.3212126533795025,0.00927551194363054,10,0.5394367958987355,2,4168,0.8499552094674621,"{'learning_rate': 0.00927551194363054, 'max_depth': 10, 'max_features': 0.5394367958987355, 'min_samples_split': 2, 'n_estimators': 4168, 'subsample': 0.8499552094674621}",0.9259499402760174,0.9442430663440694,0.9473507597346749,0.9421735416340531,0.9399903535349895,0.948791549909877,0.9348988624362895,0.9371773932222162,0.9489103082913246,0.9375377983617141,0.9316166792183238,0.9274111843211427,0.942554856084287,0.9499861201605755,0.9481504005602656,0.9451578130414747,0.9472189869853204,0.9419787170009829,0.9419842583147203,0.9257989088458415,0.950854563249209,0.9170073232135809,0.9582709613871746,0.9321622401537537,0.9202710420551865,0.9426736705458321,0.9491750307638633,0.9311524298550959,0.9460404869296672,0.9383694280623338,0.9502611113091335,0.9391827665984727,0.9318364015266544,0.9428852496630917,0.9338998584811244,0.9355761551304866,0.9504748923134327,0.9438477188912138,0.9447082731671719,0.9344945341819293,0.9234846468306249,0.938839084109933,0.9547265156370452,0.9405097453685283,0.936842036641142,0.9322739679812252,0.9447106012926947,0.9352017599275841,0.9437712417255314,0.9430879946709221,0.9482352274714944,0.9346238480468346,0.9476146739827425,0.9316791977212695,0.9273052615965155,0.9422190237381335,0.9406753560967572,0.9518887515681752,0.9480320391777912,0.924397372117475,0.9518707414703986,0.9365032756569407,0.9581922855567667,0.930787034455503,0.9140074940878462,0.9360624445554719,0.9382190745809343,0.9418527852228269,0.946201562029074,0.9292568107999051,0.9520423119138282,0.9392889213571,0.9232883990796691,0.924697377588918,0.9555104598906639,0.9565973394818106,0.9323940203463912,0.9335666813732919,0.9434767317967374,0.9310587518985175,0.9377965844598307,0.9418297949216261,0.9339368994770896,0.9347249439978684,0.9502728423627235,0.9462451813802782,0.9382988865668451,0.9373694513936517,0.947591036349904,0.9334624767708266,0.9450788521869609,0.9433623151204694,0.9488942015789785,0.9422038919521157,0.931548662436892,0.9335802468678402,0.9417403923003097,0.9506043860862562,0.9364765500685583,0.9427051348071585,0.9398474121568775,0.009036383979276811,118
45.40677797555924,60.291137465213865,0.07106029987335205,0.10627389695367045,0.03549340267615612,6,0.7033526623896479,2,4168,0.903190524455998,"{'learning_rate': 0.03549340267615612, 'max_depth': 6, 'max_features': 0.7033526623896479, 'min_samples_split': 2, 'n_estimators': 4168, 'subsample': 0.903190524455998}",0.9321530477240616,0.9483504431283807,0.9532086354106999,0.9504611470268892,0.9432953178890902,0.9489173062370374,0.939223010757672,0.9489426678319152,0.9526303023181592,0.9426751632741114,0.9351793924179697,0.9328105950669494,0.9432821073020413,0.9503253867523836,0.9524622558801232,0.9540337147145856,0.9503718112400891,0.9509673450900036,0.9524249805529342,0.9218696634456948,0.9553449188586861,0.9370996427324603,0.9623558351942979,0.9409942308480497,0.9283652600812693,0.940217309830036,0.9511404490231454,0.9358137417083333,0.9526711822994859,0.9459333936636198,0.9544783408244029,0.946022877610153,0.936312226216606,0.9452338067389638,0.942644269903508,0.9432334099866208,0.9546730657391728,0.9493564080620625,0.947812255107433,0.9418173775350029,0.9303743930313841,0.9487729375932437,0.9531790836959644,0.9445572915349136,0.9444904387669124,0.9380535221601192,0.950085044612834,0.9415558985403991,0.9499681617080861,0.9464961074197643,0.9510360102695984,0.9430218379356992,0.9502605183751417,0.9312731211503399,0.9397592528865975,0.9465475232042808,0.9455851384789529,0.9506587958286707,0.9562268863969533,0.9330976337387497,0.9560253035843815,0.9420502413339215,0.958604254641115,0.9408111600166639,0.9237946779249462,0.938205787110745,0.9430568932250807,0.9529627874482333,0.9488873865935566,0.9319460835106744,0.9583186838865503,0.9475635504649427,0.9307106661553738,0.9266694458509004,0.9592225712968679,0.9588170911280808,0.941198907417477,0.9414488091755615,0.9498584405009565,0.9324270393837164,0.9385865937757996,0.9465295258398922,0.9406041450011973,0.9420255220989757,0.9546035869522521,0.9476438642920534,0.9370378055737502,0.9420457664688642,0.9542109208131508,0.937795045695096,0.9507073566982177,0.9441630121290874,0.9557967475030372,0.9500029929447945,0.93904513711384,0.9413459049433813,0.9501964727668475,0.9512188502321901,0.9397253944217066,0.95266525494907,0.9450863357421564,0.008308722246135122,44
10.794925787448882,15.330595614405675,0.03188964128494263,0.08279913304459798,0.26046422714545997,9,0.7414531099905806,2,4168,0.9447697790075458,"{'learning_rate': 0.26046422714545997, 'max_depth': 9, 'max_features': 0.7414531099905806, 'min_samples_split': 2, 'n_estimators': 4168, 'subsample': 0.9447697790075458}",0.9076010894345754,0.932676609856019,0.9397700985709004,0.9288432485358639,0.921791763435966,0.9358990789018566,0.9297011323174839,0.9283470852953486,0.9362490563700075,0.9258909002150533,0.9181031504084294,0.919237683239148,0.926701406692642,0.9400202357971374,0.9296683405166325,0.9273796819737469,0.9419106291762553,0.9316749939771442,0.9381146566360441,0.9045931021974337,0.9406052855698677,0.9116439203524446,0.9522440478532427,0.9246954146924888,0.917658717868098,0.9296901837702384,0.9439155456433334,0.9114487507628436,0.9310917235853235,0.9295938552692795,0.940739373017107,0.9304558648555568,0.9055928599582288,0.9308519869292424,0.9113639174258639,0.9167812575708725,0.9392937603958957,0.935270825005267,0.9441112652644097,0.9238496860448776,0.8977815258392483,0.9169707880792958,0.9437378668088025,0.9354015215222591,0.9285905621166332,0.9280976535963174,0.9302875944304024,0.9172440504402822,0.928456034501795,0.927059155490975,0.9314868006377762,0.9207411532446733,0.9319002667757612,0.905767922816675,0.9185970964406767,0.9383915403622314,0.930694930643344,0.925662979197929,0.943058077853737,0.8991247412105131,0.9315385168769672,0.9153138117650196,0.946059118160851,0.9140859198860171,0.9051223814534008,0.9223486353173905,0.9299573148287329,0.9292841876504667,0.9322583087473653,0.911321435414446,0.9393506728277485,0.9261982708967584,0.916540778415716,0.9024591755540413,0.943995412162029,0.9448556373270249,0.9168653759298415,0.9138215547661842,0.9344313983970527,0.9138723597611683,0.9291177774182402,0.9227355967732376,0.9256130613191925,0.9289606645685224,0.9445395071551871,0.9409836322913557,0.9160437872421814,0.923613499306398,0.9217145636805695,0.9177290528715895,0.9425303905918099,0.9267711317280385,0.9412254873456443,0.9324200007027866,0.9182057225376183,0.9228209095486931,0.9346825578784139,0.9420248382181449,0.9264778603972051,0.9311018719039554,0.9271311662700851,0.01162570358358528,182
13.217115087509155,17.55849640498364,0.01860014200210571,0.05533124512705507,0.3448534842958974,7,0.7469708979813408,2,4168,0.7976520951608117,"{'learning_rate': 0.3448534842958974, 'max_depth': 7, 'max_features': 0.7469708979813408, 'min_samples_split': 2, 'n_estimators': 4168, 'subsample': 0.7976520951608117}",0.9214935280698348,0.9218426828612414,0.9206161974724842,0.9289783984172548,0.9278096633578579,0.9094037383027862,0.9241686679815592,0.9311908473290391,0.9395511318093712,0.9121047040982231,0.9263938534216378,0.9140382122157371,0.9292767214145361,0.9285264334470218,0.932393998632232,0.9319038756050078,0.9342716425046387,0.9317447785360723,0.9306703758238294,0.9100851030934911,0.9367863681414331,0.9196962879712238,0.9498015864423008,0.9285522688387741,0.8972551613851262,0.9116388106802997,0.9378577018811451,0.900313326251735,0.9330169719626037,0.9229391391498684,0.9423550716557041,0.9286193973905834,0.9024215763333082,0.9327492856672344,0.9185146763703906,0.9268926211828176,0.9379506034715327,0.9317302169101356,0.9356882018451474,0.9077564114011012,0.9065425252723213,0.9010156559705251,0.94489365382113,0.9247824670924998,0.935114357286561,0.907800054002113,0.9269118910986404,0.9315782202669125,0.9255356456356048,0.9252769365718423,0.9381136764508501,0.9166136550065404,0.937369173663783,0.9113287462210247,0.9080559399896773,0.9252462886260632,0.9332750671446625,0.9243217424189177,0.9353440633654773,0.9039812270044152,0.9362797888576972,0.9064283989774828,0.9458119289213016,0.9169205904337947,0.9094515319024415,0.9115507796588975,0.9256524309660883,0.9345327705566385,0.9149366512176323,0.9117250429683192,0.938572813125726,0.9286990246740153,0.9191202159907472,0.9116645133762817,0.9379146620629286,0.948926280453518,0.9200878977114358,0.9169311625554395,0.9295186841836449,0.918621199538122,0.9179080885833424,0.9309577895166944,0.9169929728766691,0.9179767879780844,0.9374933178873727,0.932676013872934,0.9090298564825139,0.9242573090954865,0.9383386955122925,0.9132593719402305,0.9336047929171171,0.9154367340897351,0.926897886833809,0.9265647634122116,0.9228218381558289,0.9215603674843246,0.9237297246959177,0.9379527348549087,0.921727007358363,0.9452283260307218,0.9246986197394658,0.01164796030984001,189
21.09609458446503,26.785144297446145,0.06759891033172608,0.11235168526665576,0.06490559761248617,11,0.5775595837564829,2,4168,0.5992224926594548,"{'learning_rate': 0.06490559761248617, 'max_depth': 11, 'max_features': 0.5775595837564829, 'min_samples_split': 2, 'n_estimators': 4168, 'subsample': 0.5992224926594548}",0.9295204987844055,0.9409534345931413,0.9492712669944531,0.9436863394285748,0.9390188377536209,0.947181622557982,0.9367169014226508,0.9355417424187066,0.948126029720496,0.9404234314793669,0.9253748555607516,0.927436874551202,0.9407485602346076,0.951119055832071,0.9485377664278545,0.9455317980202139,0.9463958988656708,0.9389557631382972,0.946142869895013,0.9190080576088135,0.9486766847241548,0.9237935051846479,0.9558106232257064,0.9344941266554941,0.9140016568734066,0.9395014153138387,0.9473069988269928,0.9342539122916489,0.9471515359011804,0.9402738181885059,0.949516478802367,0.942050324138887,0.9341562143274321,0.9441264560866294,0.932797885359719,0.9301041786632919,0.9521131083918779,0.9464633456318791,0.9453430954345902,0.9366226768184935,0.9301744934785143,0.9408273544972787,0.9482098438173574,0.9418182660326604,0.9403459072523799,0.9231905747283676,0.9489512265106032,0.9314877711166736,0.9485508440521258,0.944560045308503,0.9464050190463241,0.9345511488565708,0.945675783476091,0.9310587413418152,0.9279920264242846,0.9457850513265802,0.9421814574055428,0.9426105325798918,0.950011941234322,0.9286565417003354,0.9494072328600459,0.9324785318444179,0.9576456720596789,0.93158554265639,0.9105881592732863,0.9413241339686019,0.9376220980784243,0.9482214773176829,0.9495379722279669,0.9332649731415998,0.9471908736546243,0.9407451519625374,0.9229713425131211,0.9278247821822099,0.9554897713396232,0.9598618908740202,0.9291020398438182,0.9300581581220805,0.9432503876005404,0.9360455757691635,0.9356564939469719,0.9431569201693879,0.9397147596636694,0.937053141937968,0.9494794851918026,0.9447447687177314,0.9352786414102517,0.9369109525393713,0.9521547398115153,0.9336595168117252,0.9452651774492247,0.9404021393947706,0.9486857442525602,0.9443150386003363,0.9340305222999163,0.9360680880765836,0.9493367714576213,0.9516973347282113,0.9367666506405816,0.9451330340162752,0.9401501990472115,0.009223613332014727,114
48.92290805339813,57.638323708274086,0.06629254341125489,0.10878774422060287,0.0456889069406599,10,0.8552191987714499,2,4168,0.9446991994527814,"{'learning_rate': 0.0456889069406599, 'max_depth': 10, 'max_features': 0.8552191987714499, 'min_samples_split': 2, 'n_estimators': 4168, 'subsample': 0.9446991994527814}",0.9213541002299886,0.9403366442053517,0.9441830823415971,0.9398553110968164,0.9238514563317937,0.9397297837173791,0.9267377470564394,0.9243366454293531,0.9430570046164786,0.9331755656893664,0.9213553814684378,0.9204271525830455,0.9383268834143582,0.9400079506477405,0.9399753294502731,0.9390094106235441,0.9406736354504743,0.9397717291886448,0.9259889442080693,0.923899246565578,0.9402260845117307,0.9182314761261907,0.9544858902661267,0.9253558280776631,0.9135476658532733,0.9256516998572242,0.939495346639701,0.9235408524047481,0.9331233537552743,0.9293558897219092,0.9450904517144689,0.9327575048427286,0.917912297483081,0.9390682402779607,0.9270851703491924,0.9298868261093715,0.941133079188793,0.933990361544699,0.9458538095046863,0.924136875694995,0.912153075722636,0.935275753717399,0.9385822055879974,0.9350898142883366,0.9296404525581179,0.9303174797000381,0.9388579186537711,0.9263863046825045,0.9327921138570572,0.9297131650912164,0.9368443598578654,0.9211442350676035,0.9389717751818877,0.9297318306991499,0.9295808531548326,0.9368861163999098,0.9353924459144188,0.9444305250006221,0.9490974025018148,0.9075882852909095,0.9453739685138152,0.9292495006371103,0.9517631118824622,0.9201837226190378,0.9063615299894022,0.9237328608315325,0.9373233341658577,0.9374442456145708,0.938958709147364,0.9170989658343079,0.9433116836215415,0.9309795172055773,0.9209324177875795,0.9184099188580189,0.9463323220646812,0.9530342161050617,0.9222964648239196,0.9248418597113054,0.9415902802524813,0.9292266129651545,0.9343195592460108,0.9338865510636808,0.9215705562473906,0.9228829205762613,0.9465811893057454,0.9434551332855705,0.9376685298584074,0.9274536887507172,0.9354424559447858,0.9247096851973353,0.9421906574553647,0.9355687345220375,0.9496502724104547,0.9327602005770594,0.9284384314637569,0.9238630185275518,0.9310001512887667,0.9446515440757848,0.9118572084771284,0.9416783686570513,0.9325253192072829,0.01013742072714883,167
13.88898999452591,19.474963775108574,0.06973328828811645,0.11078504066322185,0.03396898874829706,13,0.42126576896820866,2,4168,0.65184405901553,"{'learning_rate': 0.03396898874829706, 'max_depth': 13, 'max_features': 0.42126576896820866, 'min_samples_split': 2, 'n_estimators': 4168, 'subsample': 0.65184405901553}",0.9313757691013739,0.9407036990602282,0.9465559533832896,0.9401451780827313,0.9393583415709189,0.9490661193445276,0.931667804288,0.939565987775947,0.9463690641397282,0.931735408668974,0.9239376271042953,0.9256472591894616,0.9477388417548425,0.9458823603468408,0.9470727493378982,0.9468196181657531,0.9483547810230026,0.9406146320928573,0.9445370149546146,0.9203329884076876,0.9532735576855917,0.919892610034666,0.9561222265721063,0.9372700449079312,0.9119654251179783,0.9354518887216854,0.9473685079311903,0.9299978675147842,0.9465636907075424,0.9362507676997516,0.9510332984349942,0.9379701906706305,0.9297684962682147,0.9456740993814121,0.9354637247658438,0.9329396321826144,0.9519075173587451,0.9449870133129448,0.9445771596821018,0.93532657962362,0.9226906655807223,0.9436587553688526,0.9544589629280885,0.9438126800851114,0.940656697775195,0.9279476487821855,0.9441444770627743,0.9338812056048755,0.9439768908124845,0.9424822292812702,0.9487930655162213,0.9374812568985798,0.9445238487491011,0.9277789564990572,0.9314175124862444,0.9376079535730627,0.9397890845907042,0.9465329178092983,0.946645483136803,0.9220357446850521,0.9492909558914085,0.9327226394759451,0.9554594578145295,0.9308247804065127,0.9154873916267218,0.9323278768438379,0.9394772458896894,0.9475244678477068,0.9445916187931984,0.9290134606587951,0.9484720326209954,0.9363285601519541,0.9255718183498342,0.923829664262524,0.9550282472437104,0.9542045023680015,0.9319757929321816,0.9289477285173966,0.9438808118482306,0.9246680196274961,0.935010907478997,0.9357821675839598,0.9366886581244367,0.9355008507273586,0.9445353567020592,0.9437291174815059,0.9336294400205762,0.9389015934976602,0.9495090321118035,0.9322796181527931,0.9417466053528332,0.9418979273766335,0.9429079502415842,0.9439965385514901,0.9303327897257359,0.9328436381328244,0.9404982370128062,0.9485053722745871,0.935281008995138,0.942592978150403,0.9388739839445884,0.009280222492235222,132
81.15663953065872,90.93754271647191,0.1958812665939331,0.2443981016988954,0.0061065658491761335,8,0.9019117290662992,2,4168,0.6577526762343826,"{'learning_rate': 0.0061065658491761335, 'max_depth': 8, 'max_features': 0.9019117290662992, 'min_samples_split': 2, 'n_estimators': 4168, 'subsample': 0.6577526762343826}",0.9358565766853422,0.9482321435943932,0.9543303835803502,0.9503768869098678,0.9434170237383316,0.9490588633965787,0.9396312878081245,0.9481385688243,0.9555346649657145,0.9436822504617186,0.9359818545916538,0.9341605668206266,0.9484354952230916,0.9512166237375512,0.9537864607199877,0.9492129073569805,0.9523513487922994,0.9506441125661352,0.9503277672315551,0.926578923911744,0.9522781378560761,0.93242358472637,0.9620457454418733,0.943836238024963,0.9270888781711626,0.9437352644915019,0.953586571727696,0.9384642233685015,0.9504845933312739,0.9446633413036112,0.9557698668298135,0.9467312397256779,0.9333647038447588,0.9467481740327499,0.9434638623770476,0.9400054328002174,0.9549899246857865,0.9479220350627494,0.9509567986614279,0.9401069480064841,0.9342611140654611,0.9461577707593158,0.9549748644063102,0.945568788915374,0.9450043427834934,0.9296084923202499,0.9512752604165159,0.9399270225508083,0.9498164601939626,0.9485465352831334,0.9527521036445676,0.938978278599318,0.9506702683557499,0.9358386063711449,0.9399228183406342,0.9482159457123809,0.9470542455788965,0.9538764638721,0.9555203318180121,0.9334494840948616,0.9573831663751754,0.9422960817871355,0.9607120065703123,0.9401906491805009,0.9229053717349278,0.9377437235924999,0.9440738474293948,0.9516953100568958,0.9500440261524351,0.9381728641590299,0.9572263933073678,0.9430277624946146,0.9314250751375998,0.9277573313849543,0.9575660648058235,0.9618945324051459,0.9366753938679974,0.939568466579949,0.9489367949647608,0.9379913854110639,0.9460020244546342,0.9488689671828594,0.9412615401709907,0.9406842009448846,0.9560148802164442,0.9488431545668824,0.939452952095823,0.9419422204969216,0.955637941107801,0.9414438419426666,0.9519692123907216,0.9433273898545796,0.954587276448846,0.9508986121480512,0.9420438725188357,0.9399263510682073,0.9460789267020333,0.9557499729757748,0.940020779703085,0.9514462909507341,0.9455452612880674,0.008234185785853474,42
4.819977021217346,6.8116181690491375,0.01416194200515747,0.04484555342171387,0.3040333734528999,13,0.8509533928476898,2,4168,0.8376554501964695,"{'learning_rate': 0.3040333734528999, 'max_depth': 13, 'max_features': 0.8509533928476898, 'min_samples_split': 2, 'n_estimators': 4168, 'subsample': 0.8376554501964695}",0.9076118646885616,0.9203769891438458,0.9270434498840106,0.9251886753006884,0.9143199213265892,0.918781702564089,0.9164955036474762,0.9118571765639023,0.9346122504756994,0.9165201330231958,0.9073480443734347,0.8924279690330181,0.9348269043865391,0.9118842204716299,0.9173579723444847,0.9343687258090885,0.9294785504983156,0.9245130553048874,0.9239868061477606,0.893517337706504,0.9331747708001866,0.9112190289109224,0.9437473146800479,0.928080433156359,0.8918247968182917,0.9095754520710628,0.9346944719584576,0.913697859065484,0.9222927705765143,0.919872640424801,0.9267799018674127,0.9367908106863184,0.9038172021022937,0.9211382278131222,0.9128142414897433,0.9150576282646089,0.9209793439754644,0.9157313457575361,0.932769463456022,0.9169959324986028,0.8987067912961788,0.9222277829427158,0.9359968857966291,0.9215471526343122,0.9151950106033302,0.9255024729021133,0.9104896993510596,0.9269625666902032,0.9252554913072919,0.9276054580091138,0.9310585317044607,0.9037228525752472,0.9218575446535695,0.9135813514413604,0.9308282202980653,0.9230349307884532,0.9224011182600862,0.9286667782252275,0.9358524010073149,0.8886633199618112,0.9303400720324658,0.9029249044011844,0.9351043073009729,0.9045149974410402,0.9055413526505931,0.9170122148642345,0.9193109909457431,0.9256069322639796,0.9251487897470593,0.894858372895515,0.9334088377422637,0.9092697673115857,0.9188381976910684,0.9076254806745608,0.9369780076373737,0.9443762760925076,0.9067343916380335,0.9066401175965944,0.9292919800701414,0.9069632798015674,0.9056140401003208,0.9199046351058516,0.9132230688217923,0.9114810982888926,0.9424932600642413,0.927389351691398,0.9248209284890181,0.9135945727387226,0.9240921824449981,0.9044461663995997,0.9308683734576582,0.9289741303871154,0.9290219505890346,0.9235056848793218,0.9167906200931152,0.9122764845353427,0.9149424623033202,0.9352967588126797,0.9105549469885703,0.9308918214673972,0.9196339905797238,0.011969305920166292,195
49.5026654958725,58.78895542177581,0.3847194123268127,0.4622429774949866,0.008429427624238468,13,0.3504096030600049,2,4168,0.8033879229630425,"{'learning_rate': 0.008429427624238468, 'max_depth': 13, 'max_features': 0.3504096030600049, 'min_samples_split': 2, 'n_estimators': 4168, 'subsample': 0.8033879229630425}",0.9237192400275908,0.9409483115275461,0.9462012831149461,0.9395276891430954,0.937954046397715,0.9469975735949961,0.9293376661074675,0.9362295055429347,0.9455301533817617,0.9309322360535779,0.925109722443164,0.9210765448875265,0.9441893199498312,0.9469764179940747,0.9453146967075061,0.9411821997768991,0.9444433733402403,0.9370670420041647,0.9437979694030263,0.9195902625803605,0.948375875942356,0.9138683754920862,0.9565897829169007,0.9282101326624388,0.911371465554589,0.9399734818339023,0.9443116736440889,0.9291840224167658,0.9446038604978619,0.9349176155280154,0.9461183876057369,0.9366620426821359,0.9305928809809623,0.9393051791485476,0.9315972829011873,0.9311624386054791,0.9478189301367754,0.939570262358543,0.9398211476518509,0.9309637809932755,0.917024987066186,0.937038757787818,0.9505163654262203,0.9368330888333563,0.9314097961908928,0.9246353400544413,0.9364081439369881,0.9317801659005189,0.9429354472981,0.9427680020535552,0.9451394387682325,0.9310999191264705,0.944358963432128,0.9286566314513357,0.925060559344982,0.937299173688366,0.9363055962737923,0.9500171122906883,0.9474702178945007,0.9224614013311471,0.9467753070802809,0.9338247749428045,0.9528863066726481,0.932340019995387,0.9144873383299843,0.9346143386061895,0.9357948605875536,0.9439187030256324,0.9415915132702112,0.922765421268188,0.9481889252318352,0.9379341137349851,0.921415218207566,0.9216006433838563,0.9516962006772717,0.9537643460773852,0.9301302083177506,0.928166047979377,0.9412195304841371,0.9312027935895006,0.9296746482794686,0.9358034278329281,0.9312228583181879,0.9363169447936769,0.9453473851196617,0.9415432982656476,0.9332345179516589,0.9325218814835948,0.9464620751312819,0.9297451360791418,0.941921148074127,0.9386768560533435,0.9407981883277038,0.9418875669050897,0.9284307311412351,0.9289461530307259,0.9388765410201819,0.948018497885902,0.9296006621604417,0.9358563284241631,0.9364956443942234,0.009380451246498962,154
52.02117112874985,55.50179951768878,0.1170475959777832,0.1442996386801283,0.011021403932878348,5,0.8360070757116593,2,4168,0.5651090922378933,"{'learning_rate': 0.011021403932878348, 'max_depth': 5, 'max_features': 0.8360070757116593, 'min_samples_split': 2, 'n_estimators': 4168, 'subsample': 0.5651090922378933}",0.9428478190875846,0.9540874826944573,0.9554055300493244,0.9580732674110221,0.9480070172806104,0.951928579737115,0.9464873263263517,0.9537717058371548,0.9579897208647333,0.9477626905130347,0.9364524419201877,0.937927462823926,0.9544513330440301,0.9542908761782435,0.9588050109253192,0.9567426353049674,0.9559831646994532,0.9503211376042202,0.9598308963269748,0.9317367980991794,0.9570821583335459,0.9419253969808263,0.9642582471945597,0.9473676720423042,0.9336749162693289,0.9494391608050491,0.9598306785826017,0.9460233260099437,0.9563485436528913,0.9514186086700749,0.9584918719480993,0.9529157047574626,0.9419166178001472,0.9484923299240303,0.9440182316480398,0.9431277081199845,0.9609835407979179,0.9547841271192842,0.9563894216845538,0.9447633020621148,0.9451463366819133,0.9508776939628795,0.957669252644768,0.9460818704552371,0.9518957911002333,0.936940211056037,0.9555004848766055,0.9429139654929455,0.9543516108437445,0.9502028169557762,0.9557226580817126,0.9461889606665425,0.9546197896285795,0.935438452224471,0.9446570888416583,0.9514621973854324,0.9496569334559851,0.9531928938163408,0.9600278822294387,0.94169072146408,0.9589702594661947,0.9477295069046944,0.9611791787637224,0.9462643710181702,0.9319662242415288,0.9434538756357026,0.9520636185502512,0.9586604756420729,0.9562256606664308,0.9437503171414114,0.9640090574714724,0.9542667915375603,0.9368850918703339,0.932370637255307,0.9624150080357177,0.964833606545038,0.9475568253545106,0.9468691621042746,0.9549532891272782,0.9408154280270088,0.9480617248094143,0.952045025984094,0.9466053879371731,0.9514392065920455,0.9563837160947004,0.9498191142649379,0.9389394798834253,0.9498375303958864,0.9602050429050867,0.949439242493895,0.9588835215444322,0.9432967970878781,0.9587709769787532,0.9548345669941182,0.94344769322051,0.9467228901720809,0.9537537174669382,0.9578962555254584,0.945842707313251,0.9553975872457448,0.9503725264326351,0.007679330902425753,3
115.70211696863174,117.79603891738417,0.27233210325241086,0.35638278695791514,0.0074391333649686,11,0.8516445599257112,2,4168,0.756642535067503,"{'learning_rate': 0.0074391333649686, 'max_depth': 11, 'max_features': 0.8516445599257112, 'min_samples_split': 2, 'n_estimators': 4168, 'subsample': 0.756642535067503}",0.9256386989954658,0.9446936111373235,0.9495706102047039,0.9437960394382207,0.9373596796509797,0.9446667963898501,0.9329996872246111,0.9400729987946975,0.9532463978696333,0.9392507752506568,0.9296162669688287,0.9260597209933186,0.9431922291035114,0.9471523075626777,0.9481715874399015,0.9447966074851207,0.9477674094191321,0.946085775804641,0.9405033933003256,0.926743129968478,0.9497200810185111,0.9263767450304033,0.9589047287901392,0.9369624044353467,0.9185746692232921,0.9381700144694378,0.9469903036970775,0.9314691257663746,0.9440775776199642,0.9409630371415045,0.9507524704033468,0.9404981871967123,0.9267695515016294,0.9426013355504744,0.9371662512550899,0.934198186873442,0.9498177828032159,0.9434538433341335,0.9499493389467351,0.9323779072024729,0.9271491417748,0.9420661176474674,0.9517694347978777,0.9428958552742687,0.9369866760779292,0.9266484765961097,0.9457224475920383,0.934685098129194,0.9434650125873514,0.9425923080207388,0.9475153019177707,0.93137716034159,0.9446888545829895,0.9318457594021453,0.9355742578969796,0.9422783132759383,0.9425718785402893,0.949429580672852,0.9531497825078592,0.9251176921065156,0.9528548525634738,0.9357132791097901,0.9583989186357712,0.9337496908508527,0.9172950562403414,0.9314988985549014,0.9407500130152823,0.9442550687196164,0.9431334432626498,0.9300846986139641,0.95098934464708,0.9360876910841002,0.9264520952124017,0.9282299359823639,0.9532758277715337,0.9589568164403108,0.9301738627230791,0.9318646697372781,0.943733028029688,0.9356052357922628,0.9401555114676412,0.943062924219734,0.934966653451778,0.9322812770238854,0.9525141090614131,0.9471014087827265,0.9405044263036727,0.9346777199874756,0.9480702851940144,0.9325476207239645,0.9445523596202099,0.9402641429024728,0.9505555052715053,0.9446751266953897,0.9345195529314625,0.933750443699023,0.9381502056737947,0.9505807280867273,0.9333411231666409,0.9478467796797496,0.9401592674593411,0.008856196093978955,113
83.64405694723129,72.2308479921306,0.18766777753829955,0.1602235690108733,0.02815371399170348,11,0.6429816717923086,2,4168,0.9351641896102445,"{'learning_rate': 0.02815371399170348, 'max_depth': 11, 'max_features': 0.6429816717923086, 'min_samples_split': 2, 'n_estimators': 4168, 'subsample': 0.9351641896102445}",0.9197276601917778,0.9396185653080583,0.9459774846300556,0.9392726860541839,0.9313544893749931,0.9422444862370198,0.9314849772507081,0.932156718096324,0.9467601718472947,0.9371725923986717,0.919167684082685,0.9201755716502404,0.9398859491449956,0.9452909535224787,0.9422776555191674,0.941686176133883,0.9408918691836495,0.9452817766867491,0.9349501014084942,0.9239065773462068,0.9428872791957488,0.9179328861774518,0.9559288393190982,0.9296521539686876,0.9145407623407984,0.9317495981498077,0.9452382789713792,0.9306085988072579,0.9383322614270149,0.9366246050216316,0.9478921517157008,0.9362793622725775,0.9261900482140974,0.9430507799578887,0.9320451060814134,0.9304862956416868,0.9424152677089598,0.9380359631507558,0.9442026707737259,0.9307653095344657,0.9141595139688656,0.9378899269837645,0.9489905127765148,0.9384394100430561,0.9304935639431923,0.9295594835073535,0.9413301698566504,0.9331350896602785,0.9388857846344281,0.9392480435506364,0.938849121158421,0.9274390100085036,0.939114157431645,0.9311612538116633,0.9261398386878142,0.9355551930513984,0.9379913063070259,0.9446477090059774,0.9492039107795128,0.9124596886454944,0.9488147857637672,0.9303212797066502,0.9566789369491842,0.9325249650094242,0.9129694259676049,0.9289787584501802,0.935803323181077,0.940575033335642,0.9417721454266348,0.9234977479746409,0.945119879446789,0.9335518176532762,0.9200693127595928,0.9217571846751041,0.9498302823863004,0.9514817011028619,0.9242351920633066,0.9257149808538019,0.9402922581507787,0.9310005678490743,0.9348913739173286,0.9351395062405601,0.9246241367243956,0.931835022103808,0.9489038702489757,0.9458997964457508,0.9367264796359037,0.9313591515531366,0.9458266551364698,0.9313002164816827,0.9416538590447772,0.938758533148813,0.9473582418129902,0.9366014027237044,0.9282729189178806,0.9298127565677827,0.9325326861220042,0.9487497653852857,0.9277722922354688,0.9434349484370435,0.9356527824389944,0.009512073240764973,158
15.477258775234223,18.522422443037623,0.032024378776550295,0.08317353046289273,0.20382351878154142,11,0.7278968822032059,2,4168,0.9081239571319382,"{'learning_rate': 0.20382351878154142, 'max_depth': 11, 'max_features': 0.7278968822032059, 'min_samples_split': 2, 'n_estimators': 4168, 'subsample': 0.9081239571319382}",0.914273425702112,0.9331328972610993,0.9379327465593266,0.9300254038094019,0.9209263052902842,0.9361504263968763,0.9206652451237195,0.9335700265663602,0.9474047500486127,0.9221255652081382,0.9130685751424423,0.9071255103111994,0.926561306302955,0.9373322812015572,0.9386690555291648,0.9314641268390712,0.9297457907771928,0.9403496014419874,0.9153302700559127,0.9122876698198374,0.9371265570989253,0.9134109544361193,0.9534624195050923,0.9148153579429595,0.9092760291785931,0.9299147878652609,0.942145958238831,0.9214507412246857,0.9275142624197243,0.9181262123637918,0.9431392979946633,0.9381333022579622,0.9171227947681376,0.9286904243489761,0.9188642214654668,0.9150660087465108,0.9377739265441948,0.9262633281950032,0.9479550966765273,0.9207978696174537,0.9034756670340357,0.9186594661274068,0.9374441327320053,0.925198529333936,0.9319985292582038,0.9217739029355931,0.93025323797914,0.9254223454079477,0.9229959577323791,0.9312438664761932,0.9371698566225956,0.9210121156334861,0.9341907259344743,0.910726233698726,0.917526795116863,0.9381631136714141,0.9218142197313612,0.9348656526010959,0.9377892923751914,0.9151054041274016,0.9396249047653559,0.9228145679156938,0.9464159255306772,0.9157651780920283,0.9089286473195164,0.9161513768652656,0.9196078610403489,0.9326436718890245,0.9285246824840222,0.9005123355580976,0.9338539323231433,0.914711003423913,0.9171995456292978,0.9164541153775941,0.942337522304273,0.9524995688881412,0.9099601252032621,0.9175246400057907,0.9280025599306783,0.9164264142978988,0.9343942105039195,0.9269638905513042,0.9179981535365296,0.9237678866205736,0.9394447740432215,0.9369076133936223,0.9277773390305181,0.9194396703413618,0.9319616262920043,0.9193273593807685,0.932385631664285,0.9296197979379809,0.9407423127405131,0.9221464119332347,0.9201249183624813,0.9171578756470047,0.9289358387748847,0.9361825432753226,0.9269058846341306,0.9411993323178249,0.9267936122463108,0.011052827674888844,183
21.80222727537155,26.352399417120512,0.09913466453552246,0.1322817420515122,0.033409485011516145,11,0.3525666849014759,2,4168,0.8383691103663502,"{'learning_rate': 0.033409485011516145, 'max_depth': 11, 'max_features': 0.3525666849014759, 'min_samples_split': 2, 'n_estimators': 4168, 'subsample': 0.8383691103663502}",0.9205369942299476,0.937195383213639,0.9437395199041565,0.9397046730419206,0.9354312254543344,0.9488699804994619,0.926618217511867,0.9344088407174675,0.9421372697967344,0.9315157438872467,0.9210088862564529,0.9188183051608027,0.9364657513154125,0.9458488714758191,0.9449177540895246,0.9405184959973575,0.9414683535909878,0.934338081163344,0.9394939912676781,0.9137344694564375,0.9496516180548467,0.9088839639672971,0.9553735051281864,0.927557263757263,0.9131328265121045,0.9382736158413484,0.9456077384465464,0.9276639950245018,0.9417109508441114,0.9353830666435059,0.9444618102470063,0.9345690793243893,0.929284197842007,0.9371274601627023,0.9307218231110963,0.9344972101836855,0.947448380683426,0.9400253977671668,0.9384478756116664,0.9303437967274897,0.9173165268134083,0.9362766378354135,0.9514012783650697,0.9400443601217335,0.9284349296937274,0.9257542720799629,0.9340149651718754,0.9265954534540527,0.9410925113605499,0.9386391163619625,0.9489855989732903,0.9305530933156015,0.9438219703767317,0.9274578942045014,0.9278761060626988,0.938576182589934,0.9371687237864929,0.9492842959194818,0.9444350690888558,0.9217047897972053,0.9457983646735741,0.9290250176108743,0.9496413690953132,0.9281410459867581,0.9108966006352264,0.9348241019789425,0.9341157543340535,0.9438035147640579,0.9416452504753317,0.9245071564447053,0.9493298002355435,0.9451676835930359,0.9216074555364138,0.920917465000398,0.9502297666651693,0.9519422991593574,0.9284478047763635,0.9299629253810326,0.9398975382648874,0.9282019206554195,0.9305236945447138,0.937632280497556,0.9328617620901619,0.9332486077907821,0.9391822437468658,0.9390427701409009,0.9375146862028441,0.9348777546477914,0.9449493932956854,0.9268624179036219,0.9378544872013284,0.939385580081281,0.9435841297840373,0.9412840444461025,0.9278395830236003,0.9309302670025863,0.9434535818888252,0.9497059296121674,0.9246646703468796,0.9382046026012061,0.9355807548139888,0.009708081690009104,159
47.133302195072176,52.795860597001116,0.27450029611587523,0.3489037831967456,0.0020833532205690964,10,0.3492504177931109,2,4168,0.7754808866816165,"{'learning_rate': 0.0020833532205690964, 'max_depth': 10, 'max_features': 0.3492504177931109, 'min_samples_split': 2, 'n_estimators': 4168, 'subsample': 0.7754808866816165}",0.9292121195798123,0.9435508218745873,0.9489872386821959,0.94241560849664,0.941129807290474,0.9498676932912568,0.9324082867768815,0.9405009974843579,0.9487941692097384,0.9331945863955153,0.9279931136827606,0.9274656329886432,0.9449085213710425,0.9501942154471326,0.9486100525216024,0.9446314173453122,0.9473619785602405,0.9407036914514214,0.9453240898595069,0.9219317514848415,0.9527669560382596,0.9177333986009264,0.9585771955767891,0.9351263035202354,0.9171214083179914,0.9434589391574345,0.9473378999611931,0.931504714922667,0.9485803756997132,0.938352505253688,0.9497058527416563,0.9392947533633129,0.933744600693213,0.9420327737003987,0.9361328689049908,0.9344419775841566,0.9525049764604815,0.9435887972464145,0.9429119809810808,0.935131000710723,0.9230978989314665,0.9408491650099586,0.953694803737325,0.9416532767132355,0.9381062608969172,0.9306932727691922,0.9404839293400885,0.9337270533866373,0.9456094861291465,0.9459860123999433,0.9496506148052222,0.9364879819704609,0.9471966242340933,0.9318570247363104,0.9311310323556524,0.9421797623572657,0.9400867500605473,0.9517673281074234,0.947635017471296,0.9261929656925084,0.9512049605381998,0.9359504793905593,0.9575572306369325,0.9354402938452808,0.91772257876847,0.9384411484605185,0.9382118387853572,0.9464093417019346,0.9480554596873628,0.92936971207832,0.951639296654416,0.9416980575174752,0.9265505923456163,0.9243749590391496,0.9556515314679839,0.9550627190100008,0.9342955540046832,0.935235491569576,0.9434833801802325,0.9321098129777952,0.9350749850138904,0.939591111312337,0.9371008987334287,0.9392947382662098,0.9482162456518566,0.9427042085959225,0.9352531905982647,0.9374293595964553,0.949275050553302,0.9339443643678111,0.9458135590612898,0.9423492652882178,0.946037621348203,0.9443624217572573,0.9305373186318668,0.9330611042242681,0.9431155865783362,0.952098336646791,0.9343799026418642,0.9408532058582422,0.9401627824771965,0.008935281857498768,112
29.41990591287613,37.17044852027893,0.16440488815307616,0.23118168310345935,0.012981694801923469,8,0.3491259690316017,2,4168,0.6864983365330768,"{'learning_rate': 0.012981694801923469, 'max_depth': 8, 'max_features': 0.3491259690316017, 'min_samples_split': 2, 'n_estimators': 4168, 'subsample': 0.6864983365330768}",0.9387421218400442,0.9485132639970317,0.9543650741946051,0.9465278691814187,0.9433126445076296,0.9512809914762187,0.9395565413781147,0.94700109235893,0.9516388704023003,0.9404275544578848,0.9330508549561141,0.9318846991993726,0.9502421670774246,0.9520307506067807,0.9516215256921582,0.9519957949976275,0.95146181033993,0.9437821916352798,0.9493986553814665,0.9259268796397055,0.9552408058314505,0.9253705064486928,0.9601701215033245,0.9408692872271067,0.925773040771115,0.9478813451384525,0.9509949868206777,0.9365913644703657,0.9519588189894532,0.9428278655246422,0.9529572283634973,0.9458887744447795,0.9388401537461339,0.9462260191317382,0.9418616023019872,0.9375230082509678,0.9571447188766739,0.9474678364057724,0.9467668028901124,0.9416874288196916,0.928692480968372,0.9456126998386654,0.95564580923178,0.9436290562634861,0.9422624131170119,0.9389317459964739,0.9476350679120403,0.9398615647377063,0.9512396717309994,0.9500690353379607,0.9529353222539629,0.9415124634988458,0.9513967307394386,0.9358743772876643,0.9357040443719018,0.9472337623622964,0.9443013695594816,0.9556246912930081,0.9529161108083587,0.9305529801859662,0.9544754524479064,0.9413721697987214,0.9613526145305878,0.9426915526066066,0.9240773594215064,0.9406804477045746,0.9408494169294865,0.9502650966444873,0.952899475553382,0.9357761037814527,0.9572689794883045,0.9449376939244108,0.9309247127655904,0.9272291247797526,0.9588608571961093,0.9551209099679803,0.9394512528597454,0.9400734974612278,0.9476251250264546,0.9364816559752769,0.9383844114633051,0.9444372742557212,0.9423172889882965,0.9433890197840131,0.9511980914855558,0.9477650888480972,0.9401595767732257,0.9417535654304503,0.9543870123272631,0.9380675898422624,0.9504436515307498,0.9456597639916744,0.9497211471567422,0.9479008923592029,0.9333719993357373,0.938893431174568,0.9483152315444596,0.9555251577363949,0.9396206504637384,0.9456378729926481,0.9446779668311974,0.008226121048776453,49
19.43911658525467,26.128650307598157,0.067100670337677,0.10900322591971054,0.05018235878175852,10,0.5033597839098564,2,4168,0.767637374814736,"{'learning_rate': 0.05018235878175852, 'max_depth': 10, 'max_features': 0.5033597839098564, 'min_samples_split': 2, 'n_estimators': 4168, 'subsample': 0.767637374814736}",0.923371907414211,0.9410201386869751,0.9495965800451266,0.9402952728306406,0.9360842596738447,0.9435689661094221,0.933768649029849,0.9388713405577185,0.9435116748810276,0.9345884761187355,0.9279391559447133,0.925733300836122,0.9440841749393762,0.9466819393985585,0.9474725601451635,0.9421741337046264,0.9485430196352108,0.9379367816975149,0.9382755480905389,0.925511730137033,0.9504706984101268,0.9133462307512173,0.9556384752774889,0.93131673201391,0.9174647995967496,0.9398998604561379,0.947976267688223,0.9246951813720722,0.9446744107223801,0.9395073621868154,0.9465774018276447,0.9400688371584265,0.9326283284819064,0.9408879641403458,0.9321954269697859,0.9351900571159607,0.9502941113421836,0.9398939017771013,0.9443531786897942,0.9317959886732848,0.924326279553511,0.9382967807295706,0.9536699518079633,0.9383120796707952,0.9313389598105071,0.9265301531003396,0.9387315406890508,0.9341526090421878,0.9419641638730316,0.9431198454649012,0.945180537596243,0.9343881891244932,0.9419899138031049,0.9290541798639718,0.9254118425093039,0.9404601711766474,0.9347707534298944,0.9490901942253899,0.9455332752077795,0.9265452267722,0.9483975123809696,0.9354668645690433,0.9577710545043275,0.9328578958731765,0.916123971864109,0.9349532952567985,0.936506898463723,0.9471925226695086,0.9487329458424966,0.9242178927468184,0.9517968187282306,0.9351734457193281,0.924704557418791,0.9203818764126395,0.9548723110443409,0.9534566988897726,0.930834213064166,0.9276075655892068,0.9400391859499672,0.935546086161525,0.9378007386978653,0.9395491465204834,0.9329810091486147,0.9341987579488938,0.9481127324722003,0.9476445423968636,0.9348144067504428,0.9338806699607278,0.9485425637043647,0.9325237481807825,0.9446402107938536,0.946352653371953,0.9486273338859018,0.9386798829514955,0.9274227957372698,0.9329205039071532,0.9416126786008691,0.9502735857329764,0.9360218544234192,0.9424476250466515,0.9382645252536057,0.009223955419473701,140
20.726022367477416,27.08111860135079,0.05195087194442749,0.101380109613297,0.08507111927040711,10,0.7110212559124349,2,4168,0.7929619939213252,"{'learning_rate': 0.08507111927040711, 'max_depth': 10, 'max_features': 0.7110212559124349, 'min_samples_split': 2, 'n_estimators': 4168, 'subsample': 0.7929619939213252}",0.9255610812572569,0.9435239326259511,0.9490627354127285,0.9436876740532326,0.9313497906375067,0.9441475587522223,0.9346249802873784,0.9330810018320498,0.9475153685203326,0.9328863460536039,0.9309241382024729,0.9263736808339467,0.9435134097495096,0.9462621730477613,0.9389483120164289,0.9370464724002179,0.9461281962233503,0.9417626362665317,0.9414144815469695,0.9224824664710054,0.948399825885306,0.9229569157547453,0.9574946955207936,0.9313791828253878,0.9058826351299176,0.936421484980053,0.944893356587295,0.9274426049391981,0.9455192724097528,0.935567968417892,0.9492697333493436,0.9394056987879795,0.9321546572606653,0.9416546113573753,0.9312372124307362,0.9310718941253937,0.9464402798712348,0.9347606069014127,0.9438855664246846,0.9331589597648257,0.9148237253148084,0.9380590630512908,0.9436016239288134,0.9409677151663299,0.9333757044187454,0.9236370695905713,0.9433895827733647,0.9299781260020876,0.9390683838463976,0.9385500004353525,0.9434929196819991,0.9292132168221381,0.944651445650293,0.9399415007607073,0.9244623428921697,0.940111178409318,0.9363099525309769,0.9488916122661094,0.9535353683958289,0.9276111892788836,0.9499710816791902,0.9302643644216737,0.954864104431676,0.9274010424533252,0.9111407112455827,0.9314510228832688,0.9386813964481354,0.9396175314816132,0.9438579633357067,0.9321102998355322,0.9489662944544581,0.9399524126117803,0.9288335497266802,0.9221985874913142,0.9453896247105661,0.9542967837640506,0.929132976170689,0.9320862262781101,0.9381220459920316,0.9244042408652835,0.9333278588207216,0.9416825276089196,0.93257543986989,0.9298548176505789,0.9493441300334983,0.9423186737278534,0.9374303303984959,0.933515890384582,0.9470419939653748,0.933884515820751,0.9443324589722673,0.941162056974406,0.9475078849120473,0.9388376841079555,0.9378007488034896,0.9272092499349875,0.9430095655090609,0.9436739998653464,0.9246789648328387,0.9477704930226146,0.9373266686562697,0.009371811264918714,150
59.905314474105836,63.59109787240168,0.10205674171447754,0.136495946477597,0.042191227357192974,10,0.8664933736160578,2,4168,0.8205886405903641,"{'learning_rate': 0.042191227357192974, 'max_depth': 10, 'max_features': 0.8664933736160578, 'min_samples_split': 2, 'n_estimators': 4168, 'subsample': 0.8205886405903641}",0.9274875965947453,0.9398007593356617,0.9473959025425059,0.9421428808503632,0.9357556216674145,0.9420957730805979,0.9330853371798767,0.9337150170127556,0.949122494457674,0.9375200221846992,0.9328224583190227,0.9259381545958866,0.9392109942760218,0.9420385820453506,0.945526316139771,0.9436270222306995,0.9470367182865183,0.9456651743787425,0.93931449109084,0.9227006888512079,0.9447918692386417,0.923519494415471,0.958616999704996,0.9358599877878165,0.9173036120156806,0.9399834529295149,0.9461220591180026,0.930977849757674,0.9415784908152054,0.938315228104494,0.9482550277050233,0.937854518524301,0.9230692782555117,0.9396941590077225,0.9318890924280904,0.9288187513080077,0.9429693643003865,0.9422385969737664,0.9460302630284749,0.9292593628139167,0.9229630492133177,0.9424022826406038,0.9446307942089429,0.9386271352067156,0.9356160027742471,0.9202964177664033,0.941271800063229,0.9333882728851779,0.9393530828792552,0.9421652122623794,0.9470471449896783,0.9295078636877818,0.9428816860787632,0.9275484055543344,0.9325676769648843,0.9419289817934048,0.9405059152671343,0.9473144833193072,0.9525434934808392,0.9199342897745063,0.9478858582034279,0.9374116658551536,0.9588454811923686,0.9273060163955785,0.9095098906900205,0.9281268552772488,0.939718105264449,0.9438469642915309,0.9405520055239271,0.9258185564732943,0.9491403595696146,0.9337460551737775,0.9207356257432653,0.9259888726807423,0.9525294290694077,0.954298442270326,0.9253325804245787,0.9282594732219697,0.9432043417261763,0.9283784474763905,0.9419371374832497,0.9402433996542511,0.9334980513151541,0.930364030914704,0.9526392435036417,0.9439947435209115,0.9375561041322067,0.9334329896960761,0.9455156986027999,0.931802382806949,0.944930231728006,0.9383549236439607,0.9471984025153449,0.940476231793544,0.9331437586155545,0.9320724287573765,0.9391750915246588,0.9511177086569133,0.9251884391930227,0.9459104748629775,0.9377082995360853,0.009384122729598748,144
28.593796989917756,38.46479889686941,0.07195268154144287,0.10933385824986346,0.019596361764174793,5,0.7118356171625375,2,4168,0.5570183058650567,"{'learning_rate': 0.019596361764174793, 'max_depth': 5, 'max_features': 0.7118356171625375, 'min_samples_split': 2, 'n_estimators': 4168, 'subsample': 0.5570183058650567}",0.941689675950738,0.9524426690605012,0.9576468947002864,0.9557213369123267,0.9485817932412526,0.9546191396624528,0.9480139542394025,0.9543505695597762,0.9573115749859743,0.9459451183011255,0.9391453971253079,0.9365382457547127,0.9525031346359617,0.9553739519842982,0.9574370231696328,0.9568415282515262,0.9558067958577379,0.9514213334268496,0.9577863815483424,0.9334399667158325,0.9573075217070859,0.9418412954282611,0.9637530616251446,0.9489929507209849,0.9337566619231931,0.9485023620655322,0.9569557955442847,0.9456654652134211,0.9552803474875621,0.951584103120163,0.9573754163833212,0.9507410086781594,0.9440143857813488,0.949257136327754,0.9466908892716974,0.9468467629686242,0.9597819064143547,0.9521161484122251,0.9576352669773143,0.9467271160234736,0.944794141883262,0.9499173163712951,0.9604160584547172,0.9450761524077659,0.9517178708017021,0.9349208275920914,0.9537054583913807,0.9463850729706638,0.9549378029654981,0.9501800792324325,0.9569089744980811,0.947564862693966,0.953987312709565,0.9366635140997528,0.9469291795915039,0.9524295237862466,0.9517128805956243,0.9540674937460893,0.9622807971716213,0.9408812163452649,0.9583202015244913,0.9453383845829865,0.9622796014728145,0.9466502005049885,0.933205895818613,0.9463969851851173,0.9485280192134995,0.9591957789809206,0.9579230268602734,0.9463376518478837,0.9636969344506469,0.9521538730530874,0.9363633321801677,0.9350440172499813,0.9633873288430976,0.9615515505745613,0.9458981595451689,0.9474572888983613,0.955017242665914,0.939547796421825,0.9458849684157586,0.9534129732061858,0.9476599031996785,0.9519249460720642,0.9568124188907574,0.950372829427383,0.9412402492342263,0.9492959025161217,0.9610159416334347,0.9468619396584065,0.9600078542003527,0.947023860692709,0.960060420669622,0.9554826800517682,0.9440206153101812,0.9496799439416005,0.9575401537281025,0.9579479675636476,0.9427565120219386,0.9550064888087979,0.950612204625836,0.0074257299565058275,2
20.676661496162414,27.82576168801595,0.04607649803161621,0.09810075457115511,0.2340122487288133,5,0.9108532992161238,2,4168,0.7032214942097962,"{'learning_rate': 0.2340122487288133, 'max_depth': 5, 'max_features': 0.9108532992161238, 'min_samples_split': 2, 'n_estimators': 4168, 'subsample': 0.7032214942097962}",0.9242759005975948,0.9413984259061557,0.9461347341345936,0.9444219656609022,0.9281346052001992,0.9352352961339374,0.9286994143863424,0.9425197804265407,0.9392342475153034,0.9296328800581108,0.9262312373562485,0.9226977111079682,0.9485833233165881,0.9313386508666927,0.9421647133534158,0.9415778077255131,0.9414482713011301,0.9310522700762179,0.9397267015249988,0.9198275584600304,0.9440005173142356,0.928698934645009,0.9471074868498381,0.9296125938111364,0.9197117658631887,0.9257053428539469,0.9490002428258335,0.9316364345127834,0.9428361529349204,0.9343199816907861,0.9430181687799906,0.9435012288320632,0.9347456110024877,0.9365916138374134,0.9236027637129729,0.9286055592352644,0.9442035680626831,0.9376545296196737,0.9318703172680728,0.9317202854770246,0.9324691898918296,0.9315983264249119,0.9467219458111147,0.9338882065623155,0.9412361106955072,0.913789235760084,0.9380692267896795,0.9361133148901107,0.9485272815051132,0.9310691534969127,0.943526019007087,0.9326201261289015,0.9451176898883139,0.915702443307145,0.9325945945292472,0.9384174819808658,0.9370413023080192,0.9354458929390885,0.9422374453128519,0.9271025227043949,0.9497290836767647,0.9341943504844491,0.952866693876071,0.9432739072080161,0.919232179820118,0.9152695289717386,0.9339018256355478,0.9513209407751465,0.9398446130214742,0.9231361585716256,0.9473061629007364,0.9351472261239011,0.9178218398339169,0.9127072993187093,0.9580349005834878,0.9580592605800763,0.9416311231909387,0.9314505376307403,0.9453656348412289,0.927473573967153,0.925679941235863,0.9330486939140865,0.9386638815432846,0.9349510388333054,0.951016371423849,0.9292941631512415,0.9144423742270701,0.933850226785248,0.9409716283597702,0.9381291421730008,0.9484419306283449,0.923555978358703,0.9480506695007789,0.9388311926331432,0.9387458086245577,0.9392957805688479,0.9449940161259321,0.9424086931121163,0.9263801364780674,0.937362788265165,0.9358164740112552,0.009850185695966905,157
16.316989762783052,19.050462774236905,0.03606346368789673,0.08267731095850062,0.13043355075604016,9,0.4673282703934972,2,4168,0.7144545453910219,"{'learning_rate': 0.13043355075604016, 'max_depth': 9, 'max_features': 0.4673282703934972, 'min_samples_split': 2, 'n_estimators': 4168, 'subsample': 0.7144545453910219}",0.9256974325909195,0.9392671055248166,0.9372290008233094,0.9307383638789802,0.9322083785578282,0.937218705665273,0.9302884890068175,0.9365020915168002,0.9420198354141651,0.919206174266788,0.9247889197324033,0.9153238847295019,0.9310906688404682,0.941350662555898,0.9455979870976606,0.9371185230541392,0.9422448854011588,0.9354206541839241,0.942334858772181,0.921173487070563,0.9405645981901868,0.9197893907725568,0.9571191650322248,0.9372155250080869,0.9105548596921146,0.9268554684352683,0.9383199713294659,0.9175898105041047,0.9439202658725261,0.92874856764053,0.9433507080327775,0.9374910645007503,0.927805394883618,0.9344142992237937,0.9293478979018127,0.9293650707269329,0.9440794630954168,0.9390646328593985,0.9372066887960211,0.9215545921396436,0.912495268614479,0.933933012915823,0.942039651216044,0.9412106244533379,0.927849850207601,0.9232664528679541,0.9396839981986299,0.9401952041489479,0.9334911694127062,0.9319374566388071,0.9372507440721677,0.9342742142818801,0.9438686832835381,0.9155032197562576,0.9282635656174045,0.9395363732100419,0.9303285285366301,0.9379297351505874,0.9444190391374535,0.9176559562618464,0.9430350232815019,0.9331512364390584,0.9462021438659465,0.9229959186125994,0.9113166060516987,0.9281846935118018,0.9385733939681948,0.9383676955244354,0.9430019867931891,0.9181949259579261,0.9493982106999309,0.9287373446915048,0.9159659430723048,0.9215111350019421,0.9452019950938766,0.9532975429122971,0.9256026505353385,0.9233940977427939,0.9287132705800588,0.9272256649378957,0.9336263595526645,0.9427633383098731,0.9258300349563027,0.9248804485026273,0.9460369049424424,0.9440433001111967,0.9341497010639148,0.9319475006887994,0.939587828779085,0.9284702534799665,0.9428671176698864,0.9402712796216152,0.9360594206174957,0.9436935436880047,0.932317187935829,0.9348661864400232,0.9442378275495042,0.9459921520509699,0.9290506016675968,0.9389244376255679,0.9336799719583064,0.009591940107807931,166
49.80493727207184,56.234993024108256,0.13936675310134888,0.17637979999059578,0.05045954735624511,6,0.6945380037482397,2,4168,0.6001195874961279,"{'learning_rate': 0.05045954735624511, 'max_depth': 6, 'max_features': 0.6945380037482397, 'min_samples_split': 2, 'n_estimators': 4168, 'subsample': 0.6001195874961279}",0.9382274178759569,0.9510627679655774,0.9556252267463222,0.9489228966360892,0.9436050564877431,0.951539386226945,0.9448328628202001,0.9451830833340019,0.9498778032472804,0.9427852653579034,0.931485877725582,0.9367274935102824,0.9503431408107001,0.9526406951429006,0.9524907335103734,0.9486611296583441,0.9520173224328369,0.9497501725739412,0.9535671149159303,0.9290048231357388,0.9529582955573748,0.9326847137455725,0.9609942172361244,0.9448323972327423,0.9325008860474314,0.9463284869624847,0.9572944501558571,0.9394365391345524,0.9540853337284144,0.9468279151000953,0.9574905923476638,0.9478317268788812,0.9406543674703369,0.9477421773910195,0.9438591486705392,0.9420053868122734,0.9606646239507061,0.9458775988088052,0.9499410962025968,0.9435240228052689,0.9346242443164394,0.9490535224091047,0.9560235466374332,0.9460028742760829,0.9450105826769323,0.9364276550914564,0.9502966778592523,0.9460567260538167,0.9503215086035908,0.9487744761642607,0.9530467063170045,0.9423510636597582,0.953432179757148,0.9377628185406263,0.9435130158025153,0.9477800542677388,0.9493514487746172,0.9526232978759641,0.9600272796102314,0.9354951333394711,0.9526010170058706,0.9433554986079881,0.959428912865837,0.9437293961781398,0.9292929441703838,0.9395703843078864,0.9474404657257357,0.9537153993576032,0.9557646824435186,0.9359424996338903,0.9592835984671894,0.9493480424886538,0.9316244762588428,0.9328753545750736,0.9623041573493483,0.9582012019878202,0.9418178246570881,0.9423802225689856,0.9498497749345896,0.9343082746001639,0.9451777878550517,0.9512679964235403,0.9430631972231435,0.9463028963217407,0.9541708449667673,0.9466101806842315,0.9413927732148666,0.9387593612077249,0.9558357105580882,0.9448077903468302,0.9541921000135796,0.9477571135359044,0.9562801236951824,0.9511736164244351,0.945055729648203,0.9411254779429501,0.9562627110665192,0.9540786450443165,0.9409914521193822,0.9507681052570054,0.9470176680012092,0.007669400987601062,26
14.982817420959472,20.647749419546578,0.03657240629196167,0.08822474012113561,0.3210326617493179,5,0.6270807622254333,2,4168,0.9259297164820095,"{'learning_rate': 0.3210326617493179, 'max_depth': 5, 'max_features': 0.6270807622254333, 'min_samples_split': 2, 'n_estimators': 4168, 'subsample': 0.9259297164820095}",0.9068022275166876,0.9320022191866305,0.9470527933566574,0.9184462535879241,0.9234294599010089,0.944065555964726,0.9442969721471147,0.9338868490380349,0.9426235264349486,0.926261112628739,0.9110923262177937,0.9257046142098774,0.9357960677278189,0.9333467074668544,0.9468804052438121,0.9401424231906552,0.9237130581494822,0.9349656844404253,0.9439926033887889,0.8812185401314144,0.9303441159742462,0.9240014642900031,0.9360189105588126,0.9306568925583933,0.912626164939119,0.9361586799788066,0.9460619844886848,0.9285141778142437,0.9298602086523847,0.9288248124819725,0.9395603583365613,0.93076954089447,0.9263340480278498,0.9210358227715026,0.9215176958696294,0.9217421616604784,0.9431802806741326,0.9409111452932858,0.9344399797202604,0.9225353041412703,0.9055630306645395,0.9280846938177456,0.9417971960044331,0.9154332782328557,0.9380325119042031,0.9122739478994397,0.9233078552055219,0.915134941090838,0.9431268341491109,0.9245950826653437,0.9419453434433079,0.9367168878264454,0.9244823364200989,0.9136900966988583,0.9189835328502174,0.9269867672952501,0.9322034472666004,0.9322571620006276,0.9381913247611833,0.9113092176938404,0.9351353828584097,0.9259567407462278,0.9468502816679174,0.9227263586757898,0.8923220983557756,0.9201562272494606,0.9365923758478778,0.9359474757438488,0.9346956553722993,0.9077331477519297,0.9380269608410214,0.9431424731887667,0.9170590989264739,0.9007219406894051,0.9420317358216934,0.9469983281178248,0.9259714380250099,0.930932990788399,0.9392101137669118,0.926559464435547,0.9260380846568288,0.9336419045143982,0.9209775499037622,0.9312983652878581,0.9391763590416637,0.9345541369399943,0.9142424472773258,0.9428075731708108,0.9492061935662985,0.9306335993873761,0.9408240140156814,0.9280910837842941,0.9488963899266359,0.9288686070947438,0.9159938702620088,0.922517603145241,0.9463620927110338,0.9444815000689051,0.9269210087068499,0.9453060990108866,0.9296453740828915,0.012647788125276409,177
52.410574326515196,63.86351142952407,0.11365582942962646,0.16800338786480626,0.033014352780711444,8,0.7304850956661282,2,4168,0.6635802550755612,"{'learning_rate': 0.033014352780711444, 'max_depth': 8, 'max_features': 0.7304850956661282, 'min_samples_split': 2, 'n_estimators': 4168, 'subsample': 0.6635802550755612}",0.9328984616657021,0.9499136182191875,0.9502609488475197,0.9491148527597203,0.944966133367492,0.9467111231120203,0.9404238330082132,0.9487472021260133,0.949048851652441,0.9434556833057977,0.9351152159783191,0.9301314006262466,0.9486760646489405,0.95027379563195,0.9513886378588641,0.9492473364161893,0.9529090937891476,0.9492584981535466,0.9466371740841658,0.9252183762304377,0.9564400853447996,0.9335162590134152,0.95901556620588,0.9400618519702226,0.9277809515221417,0.941459252492376,0.953756801975246,0.9365056648339246,0.9506983516947006,0.9447334033768534,0.9555707926593718,0.9444193962345696,0.93295366152725,0.9461895206020141,0.9384322890250689,0.9359173830305665,0.9562199439747775,0.9462286801914306,0.9510798055610706,0.9398727315145278,0.9331917018947301,0.9465644438744591,0.9545688224719808,0.9439777316874829,0.9421486188622437,0.9321202406705738,0.9510059314258076,0.9446140381209858,0.9458304877975704,0.9480599825072564,0.9514542748724313,0.9388387365759642,0.9469432333077455,0.9360760157725744,0.9356034513586686,0.9479565867166112,0.9463129787774598,0.9536863847462219,0.9552636001111854,0.9253132501365402,0.9570544257646881,0.9382425587945752,0.9594019050092699,0.938511718618593,0.921585019514646,0.9384249776739361,0.9435367059292755,0.949626414571016,0.9459861668881457,0.9367825822550225,0.9562210757588181,0.9450508755608348,0.9293389768845592,0.9300184874003745,0.9579082665267395,0.9618853368256759,0.9378029053056913,0.9371551131956376,0.9491468630680066,0.9361767033525127,0.9457244450233979,0.9480115118321999,0.9422566633146626,0.9431700764277435,0.9543238186197123,0.9475988641972743,0.9415691812239868,0.9440920613383703,0.9544207922990675,0.9392124019062922,0.9513556877264188,0.944101433734233,0.9530966469857762,0.9511454109734214,0.938620714331492,0.938302989545208,0.944449940989619,0.9546375132834364,0.9418686621965552,0.9480003986200509,0.9446059549938753,0.008339456004028538,51
44.220985457897186,58.293709190803064,0.31163055181503296,0.42795921999674996,0.0024985754202840617,13,0.3968354853581081,2,4168,0.6757095104285525,"{'learning_rate': 0.0024985754202840617, 'max_depth': 13, 'max_features': 0.3968354853581081, 'min_samples_split': 2, 'n_estimators': 4168, 'subsample': 0.6757095104285525}",0.9312506373677636,0.9447033601376466,0.9490861362989232,0.9439708450389617,0.9406379552189268,0.9488055370700874,0.9354450358234966,0.9406963972058199,0.9494209802036861,0.936277516555295,0.9298194623304019,0.9277579526983256,0.9453418553944322,0.9505366894484422,0.9500576462667467,0.94619129721485,0.9471785681467602,0.9420606855357485,0.9458550323950207,0.9241329258953326,0.9532665497767098,0.9174038213174162,0.9583050168816726,0.9354451238548022,0.9186996259497566,0.9432325296404058,0.9476118395558073,0.9321119912952729,0.947721831412823,0.9394398413013931,0.950409710539686,0.9403378486393816,0.9332669654464295,0.942571736875841,0.9371486586007677,0.9362733190766015,0.953470321028258,0.9431337450225437,0.9457951050399152,0.9349369201438942,0.9257786593501891,0.9422527020513093,0.9561369312912903,0.9423952078486477,0.9376174554365382,0.9297038732644403,0.9440568115926805,0.9346000302790484,0.9462482705425278,0.9457719445802222,0.9493570372221252,0.9361498954748934,0.9467929868041446,0.9339303656858587,0.9322015021207455,0.9421192094798376,0.9425738116820157,0.9517388875294587,0.9493473799087573,0.9258558751677431,0.9517144918737913,0.936260792310791,0.9588444955379029,0.9356953789168636,0.9177016202493348,0.9388550814844089,0.940443623416094,0.9473610000993128,0.948011415582001,0.9322059553989964,0.9524556090826717,0.9408879931710271,0.9263738591201749,0.9242846542232922,0.9562880391388695,0.9584542663163889,0.933333128192659,0.9348977674866936,0.943670949232808,0.9339526415917858,0.9374776437108079,0.9398299644298462,0.9392435110212088,0.9388402771194673,0.9488865921287786,0.946481753445307,0.9363480919535897,0.9369108037190155,0.9494242239953627,0.9350920281853933,0.945596052011071,0.9420918228841494,0.9485700128511092,0.9460899179031004,0.9323561544829012,0.9338719931963093,0.9428705591322453,0.9504163494073109,0.9356418783408851,0.9441682151600765,0.9409633846246231,0.008867718434183977,98
94.91122510194778,106.61608178093954,0.22007080554962158,0.3103773306221203,0.007170272316391664,11,0.8499430109962913,2,4168,0.7293608935945628,"{'learning_rate': 0.007170272316391664, 'max_depth': 11, 'max_features': 0.8499430109962913, 'min_samples_split': 2, 'n_estimators': 4168, 'subsample': 0.7293608935945628}",0.927972613770156,0.9440494811802586,0.9508181787210988,0.943664664171655,0.9392068015625837,0.9425599174004512,0.9360286240576244,0.9402618625230986,0.95328559871828,0.941341369012229,0.9318876999824959,0.9276813192050444,0.9442501566529022,0.9483306999583291,0.9491625585259429,0.9452079650195839,0.9494545911422074,0.9473104628169399,0.9412396026998332,0.926727839064527,0.9519179100228429,0.9279035436051823,0.9590905776454451,0.9382646145651625,0.9199392362067307,0.9386254487623149,0.947300939358269,0.93233213048845,0.9459110416299534,0.9416973907223551,0.9502374628824847,0.9409620862650213,0.9261864270382466,0.9433517835210674,0.9360049809460601,0.935276245417673,0.9493806727795705,0.9433837396227813,0.949277996588669,0.932738545312338,0.9288726637318447,0.9418448519186988,0.9525797750073408,0.9427407047640556,0.9390434265114564,0.9271741619055329,0.9461324932764722,0.93493002651802,0.9441433751285174,0.9442330499208683,0.9474310197046091,0.9308043843816282,0.9455482406282123,0.9326841010121002,0.9353504094787899,0.9445583129385262,0.9437530244923844,0.9501576784021615,0.9542247159482002,0.9274179907359401,0.9527479217667062,0.9363838232262363,0.9583318147715523,0.9347608776509254,0.9162859275070088,0.9336599733505164,0.9410627315597319,0.9464881152992386,0.9466285781077588,0.9312204528279697,0.9517388925236292,0.9367990324413864,0.9267652580016459,0.9278619318679675,0.9541044142138763,0.9586656682256989,0.929843478907207,0.9316238106242885,0.9454099448474192,0.9340281930365721,0.9430376080145438,0.9436860701840448,0.933788030982215,0.9342879478576884,0.9534798494345496,0.9468609294050749,0.9386529740294485,0.9359446618214975,0.9493335060466651,0.9350314314746626,0.9458236839607275,0.9398337611270465,0.9494835177526801,0.9460261348309633,0.9372161583813626,0.9334591991630362,0.9388218118838664,0.951275700028781,0.9348686789287616,0.949082138531963,0.9408825382056816,0.008780720861161408,101
6.919015307426452,10.109150260864267,0.022629404067993165,0.06409998605156486,0.22030395364157684,12,0.7191092741862057,2,4168,0.7268289299185802,"{'learning_rate': 0.22030395364157684, 'max_depth': 12, 'max_features': 0.7191092741862057, 'min_samples_split': 2, 'n_estimators': 4168, 'subsample': 0.7268289299185802}",0.9181832687935887,0.9329706587145845,0.9449955666765489,0.9371099834308682,0.9238520433479558,0.9294693416841036,0.9363480804675343,0.9245961883010793,0.9415897901336717,0.9214955378293344,0.9128232406176408,0.9099768594190908,0.9331544940580022,0.9350277646434724,0.9328218655198505,0.9209391345867138,0.9374121623086071,0.934087748400699,0.9311181684673439,0.9126731455255034,0.9337599961905468,0.9137353394087457,0.9432750227130074,0.9275364787626266,0.891938269492305,0.929149161757805,0.9301073736203321,0.9127047310130831,0.9296415902575569,0.9249433260732774,0.9275141556259388,0.9271629689107649,0.9192469002124385,0.9375012049473035,0.9222227492496857,0.9268306205587522,0.9440739165523745,0.9269409340499642,0.9267249091432166,0.9197355649084737,0.9042961971345151,0.9285442823698153,0.9218493562383738,0.9177421620536319,0.9236758627584349,0.9055112248620739,0.9306233321990094,0.9102255327869997,0.9309728708649956,0.9316588364915952,0.938239835065033,0.9171831981021069,0.9272968521680914,0.9296695760492119,0.9167021626283606,0.9286253733889064,0.9309277023701629,0.9340320414708594,0.941129021088321,0.9049596667529717,0.9367435442752974,0.9143418998118258,0.9367471087897854,0.9186103738891227,0.8953390158857957,0.9203882914857672,0.9292778207196096,0.9372298532843785,0.9353743556917252,0.9197238304889763,0.9366928440170559,0.9151737583869577,0.9094603560944745,0.9143973032710139,0.9403740359194777,0.9426438954103397,0.9130263663066438,0.9240297692644022,0.9307749182967724,0.918134747129865,0.9052208163082562,0.9215343636926367,0.9150046778511648,0.924855388213031,0.939597389953503,0.9338886798801138,0.9396700225423962,0.9159708891163751,0.9372434101801548,0.9169935541214872,0.9409742796321563,0.9352962088200731,0.9361800450712792,0.9269100261989218,0.9180056025837591,0.9194448712467563,0.9316670699770759,0.9336455671907767,0.9133491712009366,0.9385264533566781,0.9259171791877467,0.011029394307957898,185
43.431938700675964,56.077545929410185,0.23373453855514525,0.32538346008987423,0.002972103375337846,11,0.47873867696824834,2,4168,0.5613612108253409,"{'learning_rate': 0.002972103375337846, 'max_depth': 11, 'max_features': 0.47873867696824834, 'min_samples_split': 2, 'n_estimators': 4168, 'subsample': 0.5613612108253409}",0.9355890777602179,0.9485105035426249,0.9519301138646024,0.9483206939723499,0.9429391036618738,0.9500365902422785,0.9383938130629617,0.9454636379761848,0.9524742621429724,0.9408661649995192,0.9320262722652981,0.9321873523332636,0.9476212262942699,0.9520900316770019,0.9522934154159797,0.9499513887314431,0.9503178133459318,0.9454813159652564,0.9493927439809158,0.9279788648596435,0.9551153684737509,0.9274714476142004,0.9609348250828258,0.9417599043799436,0.9252675602685827,0.9464559831305499,0.9505434468889585,0.937591667227066,0.951404302866522,0.9446644133313196,0.9532698008000732,0.9442034184903575,0.9365146387589539,0.9448603424073242,0.9419832720541322,0.9378630381150164,0.9552319250755844,0.9474520742251088,0.9492749762333086,0.9389371955769682,0.9313719971733697,0.9463455218701573,0.9578506770565951,0.9437900358321063,0.9426869179368997,0.9328157265468087,0.9481623930887989,0.9378217671472099,0.9495584279409806,0.9483321907772053,0.9538045956766428,0.9405025963641703,0.950320224696287,0.9374165140717654,0.9369518985703357,0.947447873791339,0.9478391540380666,0.9544857257777196,0.9537648324999944,0.9301899587623594,0.9555034156067017,0.9413857277259592,0.9607600258670007,0.9413277761864357,0.9211173654635522,0.9406758343820179,0.942950210728624,0.9490980818133098,0.9516704629952396,0.936139407849838,0.9558996592522321,0.9449301489184346,0.930467254858016,0.9276285281365542,0.957785745793408,0.9603510586037286,0.9388002643943791,0.9387807924198697,0.9474891370112646,0.9364578710248668,0.9413902060320464,0.945564387860153,0.9415220786613636,0.94092572194095,0.9538653392640648,0.9487311910844107,0.9406461535989763,0.9418003482302287,0.9537649067620173,0.9390652661360945,0.9501568914823185,0.9452224192054957,0.9527666222093211,0.9501317143244858,0.9366894229800748,0.9382861298491677,0.9470396090965764,0.9536574276128021,0.9393548089718643,0.9479075580176535,0.9446382998906544,0.008267553297206026,50
62.67370460987091,78.52130158540045,0.2781301784515381,0.3702641256112415,0.0027280769290078575,12,0.6107821010454956,2,4168,0.6211417520759408,"{'learning_rate': 0.0027280769290078575, 'max_depth': 12, 'max_features': 0.6107821010454956, 'min_samples_split': 2, 'n_estimators': 4168, 'subsample': 0.6211417520759408}",0.933786126788761,0.9481771930018074,0.9513737845988923,0.9465265227574611,0.9424545154923465,0.9486761861384084,0.9372325734533923,0.9442504621032102,0.9531191023246917,0.9403755571572451,0.9294236258397057,0.9297336092108794,0.9461337089894918,0.9522073053857273,0.9518059607338064,0.9486707027122951,0.9491320297836146,0.9458667041919593,0.9481313142211608,0.9264517408776459,0.9535696649982922,0.9221062061586947,0.9606100697357619,0.9392604750011311,0.9195242824472318,0.9431615575779981,0.950255586510563,0.9356805026865485,0.9496968899187467,0.942198585120737,0.9527601368534887,0.9436098415708074,0.9342783973656063,0.9449091367905051,0.9384938289127724,0.937900357513515,0.9542693916184277,0.9457543399619255,0.9501214126203399,0.9378129677621884,0.9288389739067058,0.944777852469062,0.9560679867992944,0.9444066555549052,0.9404382363337973,0.9304699524753791,0.9470640185103363,0.9373301139688843,0.9475831342130931,0.9474807111874997,0.9515347055489607,0.9372525941647543,0.9479118820931594,0.9371510210854713,0.9361030839264524,0.9454808269941919,0.9458697909516147,0.9529411025368498,0.9525432915993897,0.9298844085019041,0.9546787214635977,0.9386252783354894,0.9602108909658039,0.9378625869826231,0.9190366901375668,0.9397687224291733,0.9422446398455419,0.9487636371988197,0.9496236598961172,0.934761918226139,0.9547593178689538,0.9434077859426453,0.9291591460597118,0.9287384054166341,0.9567985555526151,0.9606479480605998,0.9349102867566543,0.9356110961991386,0.9465461145461709,0.9371209324000223,0.9408036705626097,0.9439820469131416,0.9391277544814058,0.9398655213991582,0.9528603589604118,0.9470131593775011,0.9414738144328088,0.938143819618551,0.9534320316019009,0.9385448764060691,0.9472168480302117,0.9440751968122675,0.9516424295966361,0.9476046311835399,0.9358423415185543,0.9369597186978845,0.9450236100990451,0.9525041193162078,0.9389048852167096,0.9472839811515432,0.9432621384936967,0.008685011689170916,71
38.853959877491,53.41084459136072,0.07957684755325317,0.12123388095320205,0.01900609617765293,6,0.7257703228632789,2,4168,0.7634521906897548,"{'learning_rate': 0.01900609617765293, 'max_depth': 6, 'max_features': 0.7257703228632789, 'min_samples_split': 2, 'n_estimators': 4168, 'subsample': 0.7634521906897548}",0.9380623856070518,0.9520529174465657,0.9549466881132348,0.9531709473586661,0.9466885056368847,0.9510282950781019,0.9384418481243348,0.9512378923889093,0.9535720847916799,0.9438114849374828,0.9378566296056561,0.9353850335544424,0.9486394581305156,0.9536637097719057,0.9544624888151062,0.9556479454883752,0.9525493150176191,0.9491510648791848,0.9544599533272765,0.9298587874969186,0.9548537715800406,0.9331676761428044,0.9609907995431584,0.942960558091,0.9308540281825307,0.9452490473349368,0.9563296072802914,0.938629234634239,0.9521411735708168,0.9510044591426168,0.9572998013551123,0.947674196901115,0.9378893451042973,0.9481740469161213,0.9411256162949803,0.9414932187386786,0.9563989025925321,0.9505747116273956,0.9492674178633796,0.9419152067748914,0.940610434757652,0.9469757110560653,0.9560916441301966,0.9458602219362177,0.9464163169126368,0.9384046298181886,0.9522047126043687,0.9419848342959835,0.9516311545731223,0.9481809321705468,0.9537824635454409,0.9440385840143486,0.9512832262114903,0.9346891626619107,0.9409943535651469,0.9497254033293883,0.9462357803436069,0.9559765492387661,0.9555053831856002,0.9338472750999594,0.9554371360179094,0.9434752087319833,0.9605959010534108,0.9449586730795557,0.9259141969824891,0.9416310412210888,0.9441742486352386,0.9550141706401416,0.9535689710805955,0.9404076618666897,0.9588091101787366,0.946886796632067,0.9323256015998387,0.9306858061653213,0.9589780269699147,0.9612533891630362,0.9419336568382322,0.9427835964024789,0.9530550503322548,0.9397460943742789,0.9416350347686351,0.9518643739306604,0.9438782214507521,0.9470995265953386,0.9554421009511658,0.9501173341989443,0.9389434275299203,0.9444463742928252,0.9587024390791787,0.9434100632268702,0.9542749750305325,0.9464727634224075,0.9573803269275712,0.9518286276773026,0.940976894294683,0.9420261216546969,0.9500064260902126,0.9551310703236969,0.9412084318136955,0.9521094989707937,0.9472570739888664,0.007795302015438695,21
22.321088864803315,31.40362156179034,0.11153153657913208,0.16768636891872143,0.009678103411289605,9,0.33680083337002875,2,4168,0.7916861140234621,"{'learning_rate': 0.009678103411289605, 'max_depth': 9, 'max_features': 0.33680083337002875, 'min_samples_split': 2, 'n_estimators': 4168, 'subsample': 0.7916861140234621}",0.9300454549470536,0.9450121064639562,0.9505814970535701,0.9454035529621502,0.9398649874923175,0.9509192728574163,0.9337633581884863,0.9439225929371392,0.947694671491843,0.9366718819093358,0.9308335495606137,0.9277672044272959,0.9443235053269183,0.9492881440001477,0.9497433101477626,0.9466933717691314,0.9498591160772407,0.9437667920742094,0.9475286517985607,0.923408736611267,0.9526399635929751,0.9171014013111058,0.9584943201047157,0.936860726843481,0.9191255723941254,0.9444190979069833,0.9503828623428034,0.9311308933582985,0.9489802377678185,0.9407364075982216,0.9502844087575105,0.9416886552632183,0.9362136690609832,0.9419764809495803,0.9371402130503416,0.93547529560894,0.95328616602381,0.9433684597441625,0.9434115951687293,0.9377757924137103,0.9280489319670298,0.9444495721151627,0.9549035835902067,0.940870430901716,0.9391227365977599,0.9303019417896213,0.9434528293654815,0.936067577326561,0.9485361678860076,0.9457600779222015,0.9502703657606579,0.9385304410355612,0.9490905207079686,0.9311221068624715,0.9320660376241199,0.9412563668528147,0.9407975328437761,0.9531771281470192,0.9498768914992011,0.9278738539957706,0.9533992911731594,0.9378761929808447,0.9590541024405161,0.9390243735214194,0.9201568307518588,0.938891482585049,0.938617998420917,0.9484193069661653,0.9487232919515206,0.9320406325554662,0.9533075771754494,0.9439245408037004,0.9283032660372387,0.9230791378352354,0.9562330839200387,0.9552497430632244,0.9380886421976954,0.937347292772987,0.9450787863652836,0.9322019631153555,0.9372625416040606,0.9415069622644806,0.9385690490690977,0.9410885356881524,0.9489350730464606,0.9436024205197422,0.9368192557081848,0.9400458442606024,0.9513203072464805,0.9355021275319023,0.9476971097544445,0.9443563732747101,0.9483985660922,0.9455281100249813,0.9320205673217195,0.9341994224675884,0.9456070857153266,0.9522132080564975,0.9363146427333742,0.9424473444646466,0.9415561115562682,0.00882002462519255,89
33.76051244497299,45.63921662352405,0.07754255294799804,0.11632300191162206,0.05766813678495467,5,0.9041051459439013,2,4168,0.6171339131681375,"{'learning_rate': 0.05766813678495467, 'max_depth': 5, 'max_features': 0.9041051459439013, 'min_samples_split': 2, 'n_estimators': 4168, 'subsample': 0.6171339131681375}",0.9401504622502788,0.9509912424537814,0.9548838719293474,0.9524184352501955,0.9450673371749587,0.947413035121435,0.9452450759171726,0.9479431174576791,0.953791702474901,0.9449964418100142,0.9382195996939158,0.9354144580284598,0.9507287793412351,0.9477454756250918,0.9559760442181054,0.9573090356637558,0.95247262714573,0.952141283312752,0.9554726820866032,0.9294020242403728,0.9533948388134496,0.9439883514739741,0.9614102073415237,0.9408080126408609,0.9320893702555096,0.9446783734077291,0.9565829421838392,0.942241807296822,0.9520200869727881,0.9478314877628725,0.9575100465703417,0.9544691740917124,0.9393561705410973,0.9439784821610799,0.938588014306153,0.9405351897921206,0.9572322792632977,0.9506645344872741,0.9478117110550611,0.9423725406069887,0.9419200886808345,0.9478673938624129,0.9532246441543919,0.9451459296857643,0.9523605764114196,0.9355729711946285,0.9555692471331924,0.9408294192295351,0.9522678693185129,0.9519171854673345,0.9509163413120334,0.9427345332407879,0.951776456381751,0.9289290693498842,0.9414307747261188,0.952301474213409,0.947779533494357,0.950424162878367,0.9612041392388071,0.9354748858678786,0.9552227599546557,0.942235732695425,0.9609258366065034,0.9434140411732338,0.9298087433973489,0.9398857212206518,0.9481412994031285,0.9594888832229528,0.9492262011232431,0.9388707809588787,0.9618073084574115,0.9484702451943479,0.9363847648693524,0.92861922163854,0.9632135695874926,0.9640898531866471,0.9435895370790494,0.9482681580325044,0.9525225684576336,0.9398201038257706,0.9457578714640347,0.9494851119282745,0.9464017774299479,0.948274602307,0.9557326849755015,0.9499145434478821,0.9340868052491315,0.9486728312860145,0.959208676806642,0.9457714307473675,0.9586332928294332,0.9417398924389934,0.9557985567787228,0.9533844360964772,0.9414559766343569,0.9456063359003337,0.9570364250557573,0.9523644489488737,0.9426585692023799,0.9520445780965712,0.9478302722577017,0.008013080095010719,16
56.17899713039398,67.50402494320414,0.22491777896881104,0.28792634476502527,0.010933018136631901,10,0.3717236262547444,2,4168,0.7957939914667664,"{'learning_rate': 0.010933018136631901, 'max_depth': 10, 'max_features': 0.3717236262547444, 'min_samples_split': 2, 'n_estimators': 4168, 'subsample': 0.7957939914667664}",0.9287087927239658,0.9434299472281775,0.9486605096358183,0.942265429888166,0.9400508475047612,0.9504704635753572,0.937434673161879,0.9392702522823932,0.949343075599372,0.9374379107573125,0.9313613229479827,0.9283827106145023,0.945242820750583,0.9494632054155543,0.9495322133448392,0.9464333283606822,0.948589815261463,0.9432962233472655,0.9452247290089031,0.921497287262789,0.9532409351999697,0.9136891693081978,0.9575098879509495,0.9329300369438852,0.920288272102772,0.9413565988374276,0.9480335352015357,0.9319953696357122,0.9484930322920816,0.941184157805561,0.9489287647239744,0.9391557003545645,0.9342995130229346,0.9423076227202648,0.9359547317884062,0.934790355316174,0.9511544063433124,0.941294785001124,0.9439797505003242,0.93430873750774,0.9251066991997801,0.9405562197785334,0.953642497453879,0.9427338537946993,0.9376957003626868,0.9305162440906317,0.9417444408173279,0.9346356862079802,0.9458512123586827,0.9445282432396858,0.9490702922643979,0.9367096255674452,0.9459807206474852,0.9308219671670453,0.9311938543783619,0.9435210483639579,0.9414812706225034,0.9518017032050431,0.9502078652769544,0.9258501306627456,0.9504707318224249,0.9356941050516884,0.9590644219053499,0.9348663118729483,0.9193465474002861,0.9361241320589883,0.9387261772664452,0.94566250284045,0.9479798198961151,0.9279671910999675,0.9521649072580027,0.9413532232110841,0.9253787047795045,0.9228429905325469,0.9561142662272711,0.956839047725632,0.9343033314260751,0.9355982706614353,0.9440663166717443,0.934204130909488,0.9370554978379524,0.9409860997950692,0.9355064391677479,0.9367242166149018,0.9498537187376579,0.9432994648118301,0.9348919059098988,0.9380604460176563,0.9492284367350485,0.9345470218938006,0.9457892229077024,0.9442586692831751,0.9494417795425604,0.9439938543166423,0.9320320207196379,0.9333480725983423,0.9432574298822752,0.9509978043452438,0.932478536197535,0.9434850879181438,0.9404264305253881,0.00899287102137237,106
41.78602777242661,50.49326201527495,0.13416101217269896,0.19225541199889434,0.023732950058719497,8,0.47351811621687767,2,4168,0.7574937629823866,"{'learning_rate': 0.023732950058719497, 'max_depth': 8, 'max_features': 0.47351811621687767, 'min_samples_split': 2, 'n_estimators': 4168, 'subsample': 0.7574937629823866}",0.9342992059651718,0.9468923928811508,0.9520796789242847,0.9472159941635722,0.9419322363421762,0.9514345697536738,0.9393897017769411,0.9443812114453002,0.9480377550282842,0.9383317774552358,0.932263537030239,0.9309970982851546,0.9422046306758959,0.9500912248475922,0.951165747423484,0.9485176782999267,0.9502805620817023,0.9457660331436312,0.9482529226870396,0.9272524898083866,0.9512886755016318,0.9263664204126897,0.960992217992073,0.9404466430741945,0.9220245959419167,0.9484501005773526,0.9513068417858951,0.9348782628635339,0.9529295832994243,0.9433354090707414,0.952514313529858,0.9432618972330394,0.9333602161392224,0.9460269109524615,0.942693283003236,0.9391824832735415,0.9557094087706394,0.948193781974713,0.949874744763937,0.9387361916214185,0.927121723802949,0.9443578744315024,0.9564064667595761,0.9447260727342597,0.9399496260495804,0.9352056031420672,0.9482043656755045,0.9360725256477963,0.9469176940303703,0.9450285560231398,0.949479570279606,0.9382666150330107,0.9489191838296097,0.9338514261983933,0.9342254040544441,0.9421849682329846,0.9422825170992316,0.9530185832302654,0.9517772343131498,0.9298360930046414,0.9545609982717,0.9403964113567211,0.9595168264058639,0.9430998046642526,0.9199004995171587,0.9395612590048767,0.9425708897205433,0.9492998972537051,0.9496577832835789,0.9361104084078374,0.9551126833642585,0.940932033702663,0.9280923289479605,0.9280425809527001,0.9577469447213889,0.9573566376312342,0.9387818420914804,0.9358150621746315,0.9438769279924879,0.933410521047279,0.9372765989577833,0.9479798012031673,0.9383981427626662,0.9399186209059222,0.9543843659546394,0.9487426179613069,0.9377431641613618,0.94060522666482,0.9540347386942927,0.9380113213239032,0.9502280698056694,0.9466049975909319,0.9513900140476494,0.9480880169999903,0.9370038546792081,0.9384891944997319,0.9465412242565181,0.9533954945975075,0.9384460119323459,0.9439306610128296,0.94345245011897,0.008465231975124358,66
66.00958325386047,82.6989457397878,0.1821523666381836,0.2613180774305219,0.013445349798407289,11,0.6789988650163588,2,4168,0.723327175109192,"{'learning_rate': 0.013445349798407289, 'max_depth': 11, 'max_features': 0.6789988650163588, 'min_samples_split': 2, 'n_estimators': 4168, 'subsample': 0.723327175109192}",0.9304760497408845,0.9453979122415954,0.9490168349829022,0.9443432294856806,0.9418899726096601,0.9477583503820834,0.9375204596466344,0.9409784118985497,0.9515062727969461,0.9399216995105777,0.9307915666602053,0.9279359869273637,0.9418504399562768,0.94880014318693,0.9490494440764781,0.9463061962317166,0.9481373342819253,0.9471598133836304,0.9453482677753282,0.9273920714219329,0.9507089734923365,0.9224714671724927,0.9601040867395322,0.9351052266033197,0.9196249311845546,0.939533738035412,0.9480139382913955,0.9330723817286246,0.9476435606768321,0.940074598960843,0.9510683920067525,0.9414136963326265,0.9323401844546851,0.9418196454750375,0.9383983237630115,0.9366066065242511,0.9510990683334999,0.9432759536863214,0.9489671781948745,0.9355728001021384,0.9259547318876834,0.9409891460870162,0.9535777253312996,0.9426115133245572,0.9386771385766073,0.9286777853596385,0.9470630369090111,0.9376023128287964,0.945714706220419,0.9433234944277415,0.9482206525838184,0.9327073629672974,0.9447981829489519,0.9340389714408136,0.9325759528837233,0.9437773974743747,0.9426745131977927,0.9520827139910879,0.9503019532967449,0.9279185147912461,0.9529901420537119,0.9354629836867663,0.9589049831120704,0.934631018855177,0.9209415376228371,0.9330129149831826,0.9396090791628476,0.9443056570172725,0.947580001454053,0.9318179355636832,0.9526638278395698,0.9413140506371623,0.9229725168819861,0.9247099926296038,0.9542682912000005,0.9590452306528842,0.9304870748889329,0.9339784706693082,0.9460862759704737,0.9336488479158989,0.9394392146322424,0.9438599930958533,0.933971994563003,0.9357173980997644,0.950548313126935,0.9464548061791553,0.940127737648654,0.9374387166722032,0.9496227094261477,0.9358712109278698,0.9470116111222109,0.9422837301441387,0.9500297367442002,0.9437493497344838,0.9371186748491072,0.9359187969910234,0.9414236762743149,0.9490429216986301,0.9362620645098085,0.946249600404348,0.9411235610512597,0.008622632027912323,92
38.85315129995346,51.53669776796488,0.07490926027297974,0.1095630985066609,0.04308344342080995,6,0.716728488806714,2,4168,0.8144035974822499,"{'learning_rate': 0.04308344342080995, 'max_depth': 6, 'max_features': 0.716728488806714, 'min_samples_split': 2, 'n_estimators': 4168, 'subsample': 0.8144035974822499}",0.9380902661485327,0.9502803845181376,0.9547211193220638,0.9516134362005142,0.9465581954786457,0.9461866096346485,0.9410247442373433,0.9462916050926831,0.9533995709121772,0.9420586174832206,0.9305781315231514,0.9338762676668017,0.9491965136744663,0.9522962245855416,0.9545129555066263,0.949305542845916,0.9532938921732456,0.9478889437051004,0.951706386967183,0.9291130581989517,0.9537503563811259,0.9342389897712882,0.960708109111766,0.9434087534013844,0.9282779199207335,0.9431531652561868,0.9537897921457471,0.9373710895370205,0.9558708018598397,0.9480038201865431,0.9537884146793167,0.9475595370588392,0.9395065032937392,0.9473905955260895,0.9398877702032986,0.9416277629737085,0.9561435318645927,0.9479966950460569,0.9498739971083325,0.9472734963309442,0.9311595178084988,0.9467772684810664,0.9529177157962189,0.9452091066238991,0.9467095468758756,0.9400213117074881,0.9479503370496971,0.9408840933681875,0.9512451793025407,0.9463025433818392,0.9533630673265998,0.94157541507545,0.9516862337561226,0.9337664915642878,0.9378894070234717,0.9478097913848423,0.9432330745240489,0.9568417128343054,0.9583100828048182,0.9351073208650371,0.9571187294137006,0.9394770782982413,0.9620920571195786,0.9435263010245546,0.9248097810793651,0.942002788983102,0.9481173730207082,0.9544976838698465,0.9518039442797571,0.9364623371364456,0.9561718317427297,0.9484836536867141,0.932417123309962,0.9313559323292759,0.9604171788668047,0.9594604444261319,0.9444134294393322,0.9442206355163029,0.9527018390497723,0.9330044698494453,0.9403144861974427,0.9527454202952041,0.9423955764061992,0.9446994403865765,0.9557664905993828,0.9509426250292107,0.9355949008105936,0.9457950224446217,0.9566162109595661,0.9402316054291053,0.95395084060316,0.9458990962339276,0.9580218275070781,0.9478933865030933,0.9372312560630732,0.9430813749377137,0.9493046055317729,0.9520516517352325,0.9434407798261195,0.9522222092937818,0.9463112620432044,0.008116910960897446,33
23.42268167257309,31.16978060318338,0.044719996452331545,0.0940780742747502,0.14100614488070173,6,0.5658061701046324,2,4168,0.9577018114898567,"{'learning_rate': 0.14100614488070173, 'max_depth': 6, 'max_features': 0.5658061701046324, 'min_samples_split': 2, 'n_estimators': 4168, 'subsample': 0.9577018114898567}",0.9249762227863936,0.9424256490060849,0.9552256830612735,0.945881934728191,0.9395307688942977,0.9422559396481086,0.942218691120811,0.9473503523637596,0.9475022879357445,0.9382381761909109,0.9152015708806387,0.9300966863178393,0.9336567891023698,0.9455442154119742,0.9497127560065945,0.9489134429097149,0.9406640958953779,0.9415113294525367,0.9417246131063007,0.9042285017935003,0.9464757161973161,0.9322777130737394,0.9561093575029005,0.9344095810841375,0.9287849333838978,0.9370197840874075,0.9465254402710882,0.9291851161261658,0.9511600205126236,0.9410635450711314,0.9506411659037896,0.9415158952960941,0.9299395661467713,0.9400821044154518,0.9336564454658867,0.9347388663189207,0.9543264095385551,0.9414797564772035,0.9439453968540862,0.934094751626407,0.9303707456262242,0.9354735097590806,0.9435811307708138,0.9393531989163579,0.9373269161857195,0.936401391328781,0.9416822753196707,0.937366312625831,0.9475684862363032,0.938980842652062,0.9474982856925561,0.9410179365241497,0.9383931220936869,0.933454844415558,0.9363099436966053,0.9354466843790057,0.936068390495369,0.9433226366564339,0.9494959041044551,0.9237648351095685,0.9464232089063687,0.9341450473372692,0.9543575283707721,0.9318767896659977,0.9234953926695149,0.9411878052447905,0.9447225368898431,0.9457134618277877,0.9417696364617317,0.9286660025947534,0.9533649642767353,0.9412650265632615,0.925493866947232,0.9212460030648582,0.9568919244407419,0.9564254732695716,0.9355564935638666,0.9326727931331937,0.9434387384879048,0.9339600400337665,0.9401906511979119,0.9443479846164808,0.9369667052555365,0.9438903053597778,0.9531300537047923,0.946291949564353,0.9359762971024886,0.9418570828662207,0.9503745678920745,0.9363239849887129,0.9460761763075092,0.940714410547191,0.9494179200134609,0.9421379166172855,0.9292068622350663,0.9300856122076071,0.9425757952424113,0.9489152256561999,0.9378183554636015,0.9350219303984802,0.9398116118554134,0.008962325268524782,120
94.93670095205307,102.36968607418451,0.16205644845962525,0.2183272129743077,0.012373915463819782,8,0.8797660659211541,2,4168,0.8225529566019121,"{'learning_rate': 0.012373915463819782, 'max_depth': 8, 'max_features': 0.8797660659211541, 'min_samples_split': 2, 'n_estimators': 4168, 'subsample': 0.8225529566019121}",0.9323589590245802,0.9439817309624889,0.9513737472759186,0.946961040484151,0.9386035478315191,0.9444896307943642,0.9372466670996454,0.9411653212593182,0.9516303224150602,0.9398184669664368,0.9364619553557108,0.9311618216156932,0.9439474614162779,0.9487938037574216,0.9501400597851496,0.9451956850338132,0.9498455853703248,0.9493728031453874,0.9446340403428589,0.9252508305609173,0.9504728842004937,0.931380873118982,0.9593525613215922,0.9401755690113225,0.9240272639096987,0.941873004514033,0.950629566268467,0.935330860406673,0.9487071657380034,0.9435185832623666,0.9520559050885209,0.9435229554814921,0.9308570107524624,0.9460265489142562,0.9387279207675607,0.9349269100519014,0.9519678689045054,0.9433064658501972,0.9502186929972936,0.9375131893281559,0.9277004463717794,0.9419393902584813,0.9486936799526705,0.9418065909932781,0.9385122361204206,0.9298890305510483,0.949616114047679,0.9370031776514569,0.9455057561588835,0.9452127790628083,0.9504948204901907,0.9339084319523733,0.9482440318258986,0.932175638508829,0.9350054917833917,0.9458451573919974,0.9419091098774584,0.9515659382884203,0.9540213289191464,0.9272137045435979,0.9533500880614397,0.9390548744432727,0.9591304660020286,0.937069253892216,0.917843592256538,0.9339935968165088,0.9434491173685517,0.9497641620591355,0.9451456833903046,0.9303993007617382,0.9542437702209067,0.9383535353372542,0.9275952822728388,0.9267510361781304,0.9546835806136542,0.9570626120272513,0.9350612110454218,0.9354726973693746,0.9464240522825408,0.9331832870545588,0.9444924440754169,0.9455579568754665,0.9378258446652075,0.9369954502205554,0.9534853977219176,0.9483546927035135,0.9383082924633495,0.9377096665849309,0.951224939251192,0.9358037330755405,0.9496341450639834,0.9421799030062114,0.9524766130296421,0.947337578719474,0.937597734525416,0.9351463788117493,0.9395051383880579,0.9537477080376519,0.9333499247708977,0.9490906908861206,0.9422114356746478,0.008490228787635149,83
42.018404741287235,56.44981837300029,0.07013739824295044,0.10958888499853045,0.007959470449050965,5,0.8519701143948588,2,4168,0.8607640954097336,"{'learning_rate': 0.007959470449050965, 'max_depth': 5, 'max_features': 0.8519701143948588, 'min_samples_split': 2, 'n_estimators': 4168, 'subsample': 0.8607640954097336}",0.937679569419601,0.9464407355091741,0.9531672684894458,0.9538434552817256,0.9456162916297841,0.9477371958778543,0.9405529991326366,0.9506812148565359,0.9549579803675718,0.9448499058655832,0.9311597114596228,0.9346802363775903,0.9508499295795834,0.9521850427587775,0.9559129929857253,0.9539657697852968,0.9528523955189874,0.9499411450719646,0.9552653781251481,0.9281951982359974,0.9526684681212705,0.9411643052744881,0.9617851818680329,0.9419704964511458,0.9270574068148034,0.943373696496361,0.957968126577014,0.9409196807754374,0.9543413094890594,0.9491581925544017,0.9561063533188544,0.9477946528824509,0.9377141428791672,0.9499568707403266,0.9414034585552526,0.9404678260489219,0.9582740930711761,0.9515083395669612,0.9515918201198577,0.940993809567634,0.9383449761469461,0.9465350132281758,0.957627204484706,0.9429893364006248,0.9477135799169384,0.9353551295009038,0.9522067581203049,0.9407708775845206,0.9523269212371889,0.9469416085588575,0.9550659123089946,0.9435107528124568,0.9524761907560666,0.9263816447836961,0.9404534916182808,0.9483874573554182,0.9447474024276248,0.9516997784456811,0.9568247733779796,0.9392631537081086,0.9571924530125039,0.9440875787556986,0.9594798257138064,0.9437589102351949,0.9238682771282751,0.9408914013752417,0.9474550546609691,0.9555677472610623,0.9510110323635906,0.9383078772482487,0.9615626535437942,0.9478037607484558,0.9336431727537541,0.9283859604485585,0.9594747033461312,0.9640511305621468,0.9424655310286448,0.9438917046454496,0.9518646926036292,0.9398795916356676,0.9442321283272477,0.9491068598913732,0.9404303387655166,0.9448168599574177,0.9544459616075482,0.9475151699686192,0.9361672586304112,0.9451608415882911,0.9564591587821718,0.9428234797344056,0.9571784826527991,0.940383978813706,0.9588850919187083,0.9508891355178408,0.9421192162022607,0.9449008148228137,0.9518700224096267,0.9556030490451977,0.9411304120532391,0.9522711815209495,0.9469740711155568,0.008404731900965927,28
8.305023012161255,12.287245123931108,0.03712066173553467,0.07058325934303299,0.0743925293548933,11,0.42080532093809697,2,4168,0.5708686692637015,"{'learning_rate': 0.0743925293548933, 'max_depth': 11, 'max_features': 0.42080532093809697, 'min_samples_split': 2, 'n_estimators': 4168, 'subsample': 0.5708686692637015}",0.9319841202987336,0.9433955799357069,0.9509538106969065,0.9443901390813871,0.9418837846404531,0.9381296419789359,0.9345757037028,0.9363997587321771,0.9428663144388604,0.92790384072036,0.925932763075061,0.9212590147474231,0.9375565925554246,0.9455099068127506,0.9466664012941718,0.9391053697565965,0.9407205483339688,0.9382503209105919,0.941373604821734,0.9135503828738251,0.9526616265310627,0.916957576808827,0.9532678674930143,0.9258496426996545,0.9195761868800633,0.9423002017480968,0.9450337814260841,0.9349060079008036,0.9408299432167497,0.9404136630498251,0.9474912067131439,0.9376785950321986,0.9359877784208684,0.9394860562604701,0.9307393944030226,0.932650736470292,0.9523059211134358,0.941014773272917,0.9443991820175809,0.9329947067545914,0.9207059298861103,0.9405984724508395,0.9521928193903239,0.9302267614509674,0.9329174959174577,0.9218058351806917,0.9342206954151978,0.9304747682977467,0.9429645257078498,0.9409848615302608,0.9450806825221325,0.934068410048752,0.9424019021862083,0.921517566612184,0.9272015829407674,0.9407779025189549,0.9390664354378644,0.9481220512073928,0.9452784850021695,0.9186342257438048,0.9431992872072948,0.939464989377797,0.9571750928076805,0.9326926143655695,0.9183702300735054,0.936574601906199,0.9385487784385653,0.9448883993668549,0.9497462280416025,0.9333080574796786,0.950619725807072,0.9379923777381963,0.9227505592930006,0.9248921754594053,0.9528321442611241,0.9529531389512208,0.9300805430757061,0.9314430661618464,0.9452643430710621,0.9204284962735505,0.9347564757653469,0.9382052335035065,0.9323622198871111,0.9331716329115501,0.9455451574511283,0.9389206715607561,0.9292949666089201,0.9405180539474898,0.9453530356839941,0.9306984014314306,0.9462360465959437,0.9361096461191625,0.9419612376630846,0.9399993399394705,0.9291574251687293,0.9307169928483475,0.9446264127839354,0.9457154250353558,0.9288205012855268,0.9349961450340952,0.9372858372745005,0.00931641897517872,151
34.94261231422424,44.91456986528133,0.074790358543396,0.11285572605674862,0.007000271939956904,5,0.4864252554646121,2,4168,0.904757102417078,"{'learning_rate': 0.007000271939956904, 'max_depth': 5, 'max_features': 0.4864252554646121, 'min_samples_split': 2, 'n_estimators': 4168, 'subsample': 0.904757102417078}",0.9366462782050562,0.9519272841564693,0.954733354879159,0.9536166563741977,0.9435733014858703,0.9520130762126103,0.9429367994511568,0.9507732906164411,0.9558796583339525,0.9440335597690522,0.9384852536707041,0.9350596261826576,0.9501261863216659,0.955222388507724,0.9539050453223739,0.9573088649672921,0.9514020582549797,0.9466306039833514,0.9564555596859355,0.9298756420847218,0.9562845737074307,0.937527491479937,0.9614237911395098,0.9424979814953793,0.933620514467477,0.9491631147029046,0.9572283550700701,0.94170414189645,0.9542039513148997,0.9503651361453499,0.9547799408950376,0.948636710716596,0.9428053123714668,0.9478179420543649,0.943216246457957,0.9427811370123527,0.9582862839975774,0.9541718884911881,0.9527035124085576,0.9442583557071691,0.9382741349820125,0.9471444419692052,0.9604863158771271,0.9441445312712801,0.9488480963479965,0.9414960138163964,0.9508082746221973,0.9402628680563554,0.9527010270764462,0.9475976416156197,0.956597252214144,0.947108465923015,0.9535693957946323,0.9292906506644201,0.9400773715866982,0.950912950412181,0.9453761302698298,0.954398864180014,0.956213412852607,0.9381915147218901,0.956317927840922,0.945614271284616,0.9612613525152605,0.9451251670751062,0.9277678823776826,0.943478362285961,0.9468390422093937,0.9584104895425065,0.9562011822183656,0.9380348721513632,0.9596555000562069,0.9523944672987149,0.9339478296226873,0.9311435462492096,0.9632053919377799,0.9633185082160443,0.9442956475748012,0.9434368389862979,0.9533966763057936,0.940928984078231,0.9431208027304994,0.9528994582008583,0.9465860553014274,0.9455075016440734,0.9534064515488829,0.9492746262733426,0.9390141085983392,0.9490441752585793,0.9572949317767157,0.9431777172651084,0.9559829415670149,0.9469977694532624,0.9564019489186841,0.9511389683917867,0.9396803881702381,0.9440276889491875,0.9540095135405785,0.9570960695941328,0.9432927588441615,0.9503003374256962,0.9482060837753065,0.007909883137584896,13
58.82302852869034,74.64836333601434,0.2512827038764954,0.3416946762884761,0.005064759528005534,11,0.5238935052541599,2,4168,0.785945929553687,"{'learning_rate': 0.005064759528005534, 'max_depth': 11, 'max_features': 0.5238935052541599, 'min_samples_split': 2, 'n_estimators': 4168, 'subsample': 0.785945929553687}",0.9296846866264492,0.9451737755363672,0.948017279719435,0.942896357092923,0.9400183361489726,0.9484773600398555,0.9345707934727622,0.9390246395035741,0.9499513560852945,0.937253426619174,0.9289443828801849,0.9273767002232727,0.9429608147348016,0.9486776036450595,0.9476447867711129,0.9464042718316115,0.9473382423620555,0.9416294485785913,0.945205002873645,0.9290683947082687,0.9508208570506732,0.9212995267602174,0.9588010863474851,0.9353984017882652,0.9199460012419449,0.9408263848472151,0.9475106677155634,0.9301503233336097,0.9467625605433343,0.9394957776248499,0.9493705103054199,0.9406535303380665,0.9321290952990989,0.9427082740629504,0.9351938924088611,0.9361207281979639,0.95279627238346,0.9416865283459109,0.9456380341612387,0.9352542495731118,0.922523898610152,0.9418793080496044,0.9554967032024906,0.9426778029698302,0.9369588358776622,0.9311920857580801,0.9435614804459402,0.9333415805295247,0.9449920420759469,0.9444427388530849,0.948620910738588,0.9339103457169633,0.9445714215316796,0.9311464467018906,0.931960064070089,0.9427183086518722,0.9416100137876664,0.9507867803424844,0.9502781243743925,0.9274151519695137,0.9526522349556272,0.9351675948512097,0.9579574886833297,0.9335725583325247,0.9159657840234494,0.9366000710091994,0.939911388009398,0.9443369839822566,0.9473710925160375,0.9277512367068386,0.9517102834786031,0.9414022023108336,0.9254498131584519,0.9247497502294854,0.954835102108118,0.9582094427579855,0.9310755863115611,0.9306092004104412,0.9441497185310542,0.933164587448178,0.9381022291434498,0.9411134595379781,0.9351681156718485,0.9384665930832079,0.9504201699278121,0.9463955484647877,0.9374752530707233,0.9360508759064137,0.9496950815121687,0.934179790892111,0.9455970378455266,0.9440398225934127,0.9481818706658307,0.9447897381295152,0.9326280299350849,0.9316678018133348,0.9406319596566446,0.9510684987537085,0.9347682917013964,0.943108863544092,0.9403315555770375,0.00884316986674319,110
8.495931704044342,11.589770209744783,0.03303152084350586,0.07557410801981937,0.2554656472004627,5,0.36550724528520134,2,4168,0.7912351927098262,"{'learning_rate': 0.2554656472004627, 'max_depth': 5, 'max_features': 0.36550724528520134, 'min_samples_split': 2, 'n_estimators': 4168, 'subsample': 0.7912351927098262}",0.9245616528478725,0.9410810403436783,0.9455822661326181,0.9462729035432691,0.9209294131063567,0.931884222323905,0.9211694399556511,0.939034598197539,0.9489353805341795,0.9211574561113672,0.9164911958649895,0.9288081799627894,0.9380010731916398,0.9403748318853336,0.9330746941876034,0.9431730418059395,0.9367989970422295,0.934746522984074,0.947726185206479,0.9163734262889451,0.9376791873194642,0.9276446866790836,0.9462732403885513,0.9278770872475215,0.9104026651628417,0.9421121450098268,0.9470889693629478,0.9283801501932814,0.9326453100943516,0.9331374662729545,0.9413846405646905,0.9287111895151342,0.9241049974917038,0.9221930537939418,0.933857067980553,0.941667232467319,0.9465729053765964,0.9320072918970038,0.9335382776120188,0.9318823736268396,0.9270646695961852,0.9388219029886217,0.9368110532208285,0.9253711665709918,0.9443342657706901,0.9257865382226689,0.933786298471532,0.9252264326791014,0.9390369979657948,0.9444976575819968,0.946778573903044,0.9257048876622567,0.9397603701765138,0.9208656355448439,0.9269521071922637,0.9456353899165675,0.9329479935424817,0.9361458303268624,0.9370236400889254,0.9118315175123614,0.94221437635525,0.93508315727301,0.9378064803306542,0.9326552655325084,0.9090406058631458,0.917641884618763,0.9342300165773593,0.9336418403895271,0.9398494302225646,0.916480828383619,0.9472376536568871,0.9242773568099653,0.9189072083954649,0.9104306239843941,0.9459116821061326,0.9507617432848832,0.9239080295253782,0.9234367666126169,0.929024201167961,0.9106257691246057,0.9201901396917722,0.932028291646248,0.9229638972585588,0.9311438973668198,0.9335265394346215,0.9394889170666121,0.930478618443368,0.9349977390057844,0.9446054954945932,0.9284333769371754,0.9468836732536752,0.9278267067205269,0.9388501185402491,0.9316069568281666,0.9175015113037076,0.9212032004133174,0.9490170577938563,0.9370675495257936,0.9347350953129234,0.9361300631408215,0.9325156315390088,0.010110988291515735,168
7.898199052810669,11.260386332568634,0.02697776794433594,0.07151941967142397,0.20270630725893457,12,0.55597474162952,2,4168,0.6060449834759736,"{'learning_rate': 0.20270630725893457, 'max_depth': 12, 'max_features': 0.55597474162952, 'min_samples_split': 2, 'n_estimators': 4168, 'subsample': 0.6060449834759736}",0.9284042574853534,0.9376064918066231,0.9331765661793732,0.9317653460002486,0.9291191470067075,0.9294361646208101,0.9264969643285164,0.9297227720334096,0.9355820567835995,0.9150915297854042,0.9024075714292459,0.9156070282708355,0.9311072696204994,0.9355284594564938,0.9312937812013141,0.9295778480436573,0.9414515014141047,0.9257726631283036,0.9305372908939673,0.9073066805771468,0.9338057021528823,0.9318788836410363,0.9516596484682806,0.9279623807431499,0.9182881423016891,0.9260063856236189,0.9269571294199624,0.9071171807538628,0.9359483222931724,0.9291410865018735,0.9441067737869088,0.9206766597394284,0.9259240421188097,0.932613286110026,0.9160478699827123,0.916288056623614,0.9359272135257809,0.9200220022092105,0.9328747245848187,0.9144808341181618,0.9109486534778855,0.9302316164405008,0.9429267830481699,0.9183683874473475,0.9344615767724113,0.915770256304967,0.9365570121242589,0.9137135352022548,0.9353735317728291,0.9307856583807836,0.9376393309557278,0.9199558907814048,0.9260924819038798,0.9195084760114449,0.9110861519455296,0.9382547961955551,0.9194912576496401,0.9333163850465966,0.9397460246093121,0.893357961271215,0.9392235305941246,0.9284538107407478,0.9473627235257963,0.9168842363459972,0.911078116721055,0.9172105002268642,0.9324739216996282,0.9285527926990288,0.9397470967074568,0.9101869852513126,0.9393777722595782,0.9231314437381015,0.9091365265918218,0.9189093222816104,0.9487494272114917,0.9552919482684934,0.9214835265351706,0.9253666009243413,0.9256935972866526,0.9210045925092027,0.9231351360824908,0.9230133490857266,0.9132215778637398,0.9362147447020546,0.9401591918865745,0.9343840950902256,0.9288302329727247,0.9301389133031088,0.9381398156485602,0.9273533241489521,0.9419056321802641,0.9177779038102519,0.9368184643365639,0.9222499261694457,0.9195601118667148,0.9123855383087898,0.9337887720419338,0.9349596503299624,0.9173692174727203,0.9223541602543984,0.9271538171178001,0.011011184242295767,181
29.81233564376831,34.87992051921091,0.08376556634902954,0.12749892856217285,0.06943579464540373,11,0.8571793203790363,2,4168,0.5486886124474373,"{'learning_rate': 0.06943579464540373, 'max_depth': 11, 'max_features': 0.8571793203790363, 'min_samples_split': 2, 'n_estimators': 4168, 'subsample': 0.5486886124474373}",0.9376731033428922,0.9476647622252405,0.9563251983448952,0.9475992635572634,0.9413952461151343,0.9382442206761102,0.941775493917573,0.9340252133353815,0.9539972346246023,0.9367993994352108,0.9321770398202437,0.9355181923840536,0.9417663517130821,0.9410061892655175,0.9497294456166568,0.9481743687500579,0.9455231504990026,0.9436361298615703,0.9453693047951925,0.9185215342837215,0.9485579903607376,0.9234164593024358,0.9582195551799539,0.9366165049595717,0.9126895399309223,0.9421439272162325,0.9434033523700843,0.9299917850000614,0.9454803480706043,0.9437198635495969,0.9507222443449957,0.9408290797605147,0.9228310476930764,0.9430154835308615,0.9376044795399967,0.935769193264661,0.9509113715304444,0.9473453340267509,0.94796563565648,0.9325802114311676,0.9334267842551593,0.942252449873518,0.947969203950613,0.9407307491114533,0.938363683542737,0.9182596064292867,0.9452201794713554,0.9336465359626229,0.9434065454341685,0.9466409092600003,0.9467768951948446,0.9296252711956733,0.9497867316295114,0.9324402330984622,0.933618307236128,0.9428922290419395,0.9378233432642482,0.9501281942125189,0.9521311960941857,0.9212462536280066,0.9473121227479782,0.9372241923911558,0.9552945303466642,0.9365740490712443,0.9241884758466778,0.935465247224014,0.934471614078819,0.9494592492763585,0.9431600326601938,0.9343521635871144,0.9544400193421082,0.9417271015039301,0.921199658315524,0.9247581312812367,0.9494956528372371,0.9589733087037074,0.9352851089419911,0.9327812611785185,0.9500335284813096,0.9318573863473397,0.9295420827847518,0.9389462032017767,0.9382407934164406,0.9378779067364468,0.9531880223524133,0.9488349627578823,0.9331060404069008,0.9358377002488881,0.949296769801342,0.9316033446228,0.9464467389521714,0.943220238338899,0.9521954331808024,0.9467038040894027,0.9329475802331704,0.9332092869350094,0.9380491037855829,0.9472435149772261,0.9345594631200451,0.9511236996327538,0.9403734507490682,0.00937091621667175,108
65.20052510738373,80.85300869209277,0.21922027587890625,0.30346827970960305,0.003191404586995293,10,0.6726086011394686,2,4168,0.6447630575364863,"{'learning_rate': 0.003191404586995293, 'max_depth': 10, 'max_features': 0.6726086011394686, 'min_samples_split': 2, 'n_estimators': 4168, 'subsample': 0.6447630575364863}",0.9328419338890558,0.9479430909701215,0.9518602907006706,0.9471073558291859,0.9430913113241561,0.9494708388474543,0.9385084519911248,0.9447818638679923,0.9525764612260776,0.9410928176198907,0.9342605772355679,0.9314480525454573,0.9454814526930398,0.9511380943611732,0.9517746362585211,0.9478383145115007,0.9503420179700541,0.9471993133350682,0.9477824572477809,0.9267370786424023,0.9523739751884666,0.9266415018733691,0.9610065987917862,0.9411641907452878,0.9226291260778042,0.9429660285337096,0.9502060043656935,0.9361788015018289,0.9496163264103673,0.9431682069866069,0.9535801937561018,0.9453911171456637,0.9338750769763257,0.9447014155555445,0.9410776585592201,0.9385775600423655,0.9540862967802171,0.9458448816752135,0.951285412330738,0.9389755387116937,0.9297374430182653,0.9450578635307803,0.9565868352811002,0.9449893195782366,0.941012669319516,0.9317422188770014,0.9479460118527429,0.9390469701354959,0.948135139504994,0.9473936248773587,0.9515988077215022,0.9382036708330301,0.9492005931792764,0.9365283927006575,0.9373190017483886,0.9465060469205975,0.9465127984863126,0.9528150297152623,0.9533135318257663,0.9304503806509196,0.9549160175793696,0.9401803384081057,0.9602879464673384,0.9376614445197942,0.9213837656872247,0.9378588127523629,0.9430859048641665,0.9487913038808538,0.9499983759515439,0.9358603600161517,0.9550853868201885,0.9419187046314937,0.9290708104525022,0.9280461663567668,0.9565447351188556,0.9611986786038229,0.9354416077455883,0.9356740306358975,0.9470918022252983,0.9360315305825029,0.9425568950695518,0.9450807478892985,0.9394905342826969,0.9401655805467617,0.9540751578576419,0.9491718310826747,0.9411806383207195,0.939760778392115,0.9538016503689966,0.9390618677922239,0.9490032490950604,0.9446897873462659,0.9523669861891197,0.9486139737004077,0.9383104604631898,0.9372550214215558,0.9445557714247144,0.9545906865523826,0.9388383654558499,0.9488585046848113,0.9438827488406736,0.008368506684844984,64
60.154645357131955,78.75711949755167,0.16381143808364867,0.23321699434439172,0.004799562611044572,9,0.8559137093499958,2,4168,0.6569698307914021,"{'learning_rate': 0.004799562611044572, 'max_depth': 9, 'max_features': 0.8559137093499958, 'min_samples_split': 2, 'n_estimators': 4168, 'subsample': 0.6569698307914021}",0.9338251191047551,0.9478622931555515,0.9532987461081847,0.9503030721356247,0.9424515728872277,0.9481728236552526,0.937579381572126,0.9462113141628187,0.953513473543166,0.9423689451761545,0.9367257121051992,0.9309039082514563,0.9471636805456625,0.9510527502860336,0.9526969690969097,0.946998646097765,0.9519503039794626,0.9492619677863157,0.9483312600501218,0.9267036835873181,0.9509069296209011,0.9295060744649885,0.9615587841045655,0.9406958786938222,0.9237502177141972,0.9437072299050999,0.951243387168346,0.937184261113904,0.949894923243981,0.9437005676491159,0.9541489587145946,0.9458397619153878,0.9329998005225653,0.946265524110706,0.9426796869829125,0.9380520708614053,0.9543936543820807,0.9476906982140744,0.9509217041685787,0.9381924989764683,0.9326279021769265,0.9457621463885646,0.9553029162526187,0.9446838039027062,0.9434669673215997,0.9286061460710539,0.9500161194566369,0.9385964728362657,0.9485126153051544,0.9477417666781811,0.9519373081149591,0.9375491522162361,0.9489607590139074,0.9341919911273507,0.9386828174283784,0.9471993863747907,0.9464169787117014,0.952052466100734,0.9541983130435687,0.9304007959494439,0.9547502588044071,0.9407001176377862,0.9605441267482349,0.9376384560543456,0.9220297266902031,0.9367976798352549,0.9432220488996998,0.9494257786876988,0.949712140922824,0.9370484083954138,0.954846632302913,0.9411420720627485,0.9303470471435749,0.9276897953811336,0.9572770753825532,0.9611515855712188,0.9361167483814707,0.937091141857705,0.9469031915487444,0.9366811134456517,0.9424387731760403,0.9477009679230232,0.9393608017525641,0.9395514673272559,0.9554424140395028,0.9483332971400729,0.9382562489513584,0.9412448174536556,0.9533152148052331,0.9393116039549358,0.9496917742460884,0.9414491477699198,0.9535018201922988,0.9494719794131387,0.9397812819429563,0.937358701456522,0.9454181763288863,0.9550876194674381,0.9392880009301511,0.949323052672358,0.9442405736698255,0.008396668020124981,56
52.90655198335648,68.02327408013858,0.10335328817367553,0.16460322420763354,0.02319146980125873,7,0.6303748161446907,2,4168,0.9444780933334733,"{'learning_rate': 0.02319146980125873, 'max_depth': 7, 'max_features': 0.6303748161446907, 'min_samples_split': 2, 'n_estimators': 4168, 'subsample': 0.9444780933334733}",0.9320377312746253,0.9482189695379336,0.9505467006973677,0.9472939960691457,0.9420140601238383,0.9475964005933555,0.9366100906423694,0.9463984897330125,0.9503691017859044,0.9419429737332911,0.933210641604245,0.9305446990757406,0.9410225076315306,0.9515935872216901,0.9503750809913197,0.9483801188926954,0.9471330726359891,0.9478480334090927,0.9484653586876046,0.926223951621179,0.9527809063108693,0.9301506854210253,0.9589547381097991,0.9383256552507891,0.92470423254792,0.9420739127626002,0.953959868042959,0.9342554363889908,0.9484944771591095,0.944740738633986,0.9517355786247875,0.9442021326117944,0.9363580278639619,0.942927146753503,0.9389576790198045,0.9398530737727511,0.9559617405819274,0.9463193202783252,0.947713033479869,0.9385200708557994,0.9287055949030176,0.9428265762482266,0.9560553379015808,0.9431144982376188,0.9401225896511134,0.9326320408718273,0.9484383381836393,0.9388694630414559,0.9467935654876066,0.9447743651530192,0.9486470789411909,0.9390694532805273,0.9494264728563458,0.9312849997539309,0.9361540089435543,0.94518393987558,0.9450495428477426,0.9538331140039201,0.9531530389332444,0.9270472268598935,0.9556744975102945,0.9386757624637698,0.9588149810354619,0.9376607164903795,0.921264822245812,0.9388555503726054,0.9441850569073184,0.9518962918004692,0.9512140489185441,0.9310710855453065,0.9536345241620402,0.9441497574058414,0.9278085533521692,0.927652618868061,0.9574513255521341,0.9605663495639166,0.9348323737730273,0.9343052080157208,0.9508359189073061,0.9336508453280632,0.9413865371007948,0.9439478830614472,0.9414506760248744,0.9400116044811142,0.9517105236629901,0.947236852670521,0.9398611077842982,0.9397255956690241,0.9518700716971729,0.9392113024619896,0.9479053118465433,0.9461455534849429,0.9522081526105974,0.9449417130656801,0.9365538182407782,0.937881842187323,0.9451992153347786,0.9520902635238335,0.9389658511427175,0.9454734660351769,0.9432797289671236,0.008391534234958522,70
20.161849052906035,29.60817138220081,0.083895263671875,0.13734216029860008,0.003356267169447912,6,0.40316034279043567,2,4168,0.6570271077026499,"{'learning_rate': 0.003356267169447912, 'max_depth': 6, 'max_features': 0.40316034279043567, 'min_samples_split': 2, 'n_estimators': 4168, 'subsample': 0.6570271077026499}",0.9390086053086506,0.9511000549248829,0.9556418641639541,0.9526177371460959,0.9462305565390492,0.9537666356976152,0.9432296895984615,0.9508774728812912,0.9539548152195445,0.9438931008485216,0.9380275012992622,0.9369052568198374,0.9521429886138808,0.954994095054984,0.9553478563765464,0.9551396968973671,0.9529130291803165,0.9473017990796745,0.9558657117703413,0.9325560654387547,0.9565962987410799,0.9350381103848829,0.962175497015721,0.943690073044531,0.9309343189113592,0.9506190419746126,0.9556544442725031,0.9420349022242411,0.9548865979586934,0.948191975750968,0.955812928735893,0.9508025325773418,0.9430943570275147,0.9483577652961401,0.9437220930246498,0.9432620038514276,0.9600711527504998,0.9526448832144865,0.9520582709870395,0.9451585022360915,0.939191809932593,0.9482171232390157,0.959985449361191,0.9465844234897464,0.9476576373538526,0.9402379443964906,0.9524611310576435,0.941737881793225,0.952533785322786,0.9512048931574223,0.95600181505842,0.9459335390744961,0.9530954213307741,0.9365928890248221,0.9408253114568046,0.9498731848489872,0.9479778185065281,0.9556158669774963,0.9571778765589859,0.9351909029304177,0.9567301557049309,0.945944829051632,0.9622400807529529,0.9456804395338239,0.9284873269357862,0.9451037813411041,0.9470321000964008,0.9565598135446656,0.9566856080414754,0.9411388707125012,0.9602201464305944,0.9493933618190044,0.9346529812700068,0.9318930577114324,0.9628817105293519,0.9618629523110944,0.9435669485033568,0.943830153974189,0.9516110728099272,0.9398401624109524,0.9427667462565085,0.9515863260563414,0.946012232302555,0.9483499653613441,0.9538540867396033,0.95031880420949,0.9411016831729354,0.9460200643885579,0.9588515627400132,0.9440287063671821,0.9556625890609429,0.9480606391035887,0.9563874214311803,0.9528222541627613,0.940317973844121,0.9438999404197059,0.9530937965867409,0.9576994468856574,0.9433557637404458,0.9501649980312666,0.9485412754205653,0.007617332799150165,9
41.04876747608185,50.36408424090155,0.10241563320159912,0.13183330115043365,0.016189743372400367,6,0.53528123200517,2,4168,0.8397857166533368,"{'learning_rate': 0.016189743372400367, 'max_depth': 6, 'max_features': 0.53528123200517, 'min_samples_split': 2, 'n_estimators': 4168, 'subsample': 0.8397857166533368}",0.9378922117902038,0.9508131566352338,0.9535875504726368,0.9515114103093187,0.9453203966663007,0.9543620583322389,0.9431114096685673,0.9489086122211551,0.9542502228633634,0.942042199660446,0.9387153672361428,0.9355527118880899,0.9474748224060028,0.953881967260427,0.9549062477417527,0.9557927041660791,0.9522635541736808,0.950641818784161,0.9535508024493303,0.9299607672376218,0.9545517462731526,0.9347795343661665,0.9613756623801599,0.9424415615956389,0.9317601014815187,0.947510109610913,0.9580733569852596,0.9382978212518923,0.9542548150510269,0.9454346938915961,0.9555434617525086,0.9467851963460081,0.9398113484960997,0.9469930724878461,0.9428016292817011,0.9416146600196046,0.9589642231518748,0.953433040052807,0.9503143538899691,0.9413722991409088,0.9369225444146491,0.9484200782803022,0.9568863169174547,0.9457110383475801,0.9447120938550364,0.9399896793519301,0.9498969800350721,0.9432849759224557,0.9520062258848436,0.9497218893669983,0.95694544066548,0.9446853313866254,0.9539413304127038,0.9300779706054987,0.9390154762105438,0.9515160988343384,0.9453176367922894,0.954189084809062,0.9550773341008048,0.9330732341165351,0.9578061481609397,0.9431872248048704,0.9606530889434753,0.9425273408570342,0.9253705161445905,0.9425173318949406,0.9450038665412739,0.9562419207142756,0.9555665240047511,0.934995819034725,0.9597886936845502,0.9494125274574249,0.9331116656223115,0.930115406032454,0.9603800660663735,0.9616754562892795,0.9436244918003651,0.9423158063770745,0.9522078764354347,0.9395670344211123,0.9443889873147194,0.9500642995156322,0.9438313797256253,0.945930001585787,0.9531581806222799,0.9493470834547075,0.9391273139862871,0.9455076998586774,0.9574193547652954,0.9407460123057201,0.9532531373327604,0.9480586960167635,0.9576770675297006,0.9504157925288471,0.9389041220161578,0.9429172084565558,0.9502508762541049,0.9556946885780877,0.9412379157392127,0.9493838493983707,0.9472542591205216,0.008050965525571453,22
9.18874947309494,13.732101000584434,0.03869633913040161,0.06280148525834603,0.054788337132392936,9,0.34776668222138757,2,4168,0.6997728671267625,"{'learning_rate': 0.054788337132392936, 'max_depth': 9, 'max_features': 0.34776668222138757, 'min_samples_split': 2, 'n_estimators': 4168, 'subsample': 0.6997728671267625}",0.93051034362735,0.9407542844448613,0.9467779969045165,0.9416014794112201,0.9380107063350572,0.9424286820782375,0.9378288851282225,0.9415529642308664,0.9427983601780933,0.9323512952240779,0.9308804302174294,0.9363514740346714,0.9475686203910046,0.9528469245790646,0.9472529291395257,0.9451829132977425,0.9477438792354216,0.9412157762233904,0.9455277832932123,0.9216492177972745,0.9490817058509171,0.9290807580758609,0.957689937416709,0.932472155627178,0.9101029797223668,0.9383028159769559,0.9421376351520248,0.9327575836632831,0.947137052365809,0.9367000904182693,0.9439135384564356,0.9382723353723459,0.9350133676232362,0.942399876578416,0.9380156268585661,0.9313096788992218,0.9512153908279717,0.9394080837858975,0.9406713505746069,0.9348640456267204,0.9183038096275449,0.9424795784480876,0.9524906597523292,0.939055728413048,0.9375439218526204,0.9344255786008737,0.9356213011121214,0.9348126313167785,0.9457648999355371,0.9482140300655817,0.9414535719520681,0.9390745403867613,0.9452449988515754,0.9345683325809536,0.9276258245267627,0.9415125789156499,0.945521527947073,0.9462152001061348,0.9468806238976263,0.9183898719613066,0.9505727644475633,0.9388345139949906,0.958983103193674,0.9371284647947735,0.9200781905063186,0.9433739833835052,0.9390103753593055,0.944719946971865,0.9451495651950028,0.9298941688404585,0.9556387709992209,0.9435062282309368,0.9250288363386099,0.9272048511219024,0.9564139761887349,0.9538235021870979,0.9306915375744762,0.9331097834065722,0.9448877418328236,0.9356465267224597,0.9420230449552953,0.9410878077892857,0.9331454728059405,0.9405741319000093,0.9459465058473893,0.9407000812047212,0.9340449851405035,0.9363652448315634,0.9489291072626846,0.9358541606704248,0.9438819416701695,0.9448674102761321,0.950012752107335,0.9447011053330974,0.9280061186323928,0.9317741785336928,0.9398199995779952,0.9508332153539436,0.9271896570762564,0.9393598089940727,0.9396939372614765,0.008796315365974944,121
29.86796302318573,40.30479111528403,0.06910491704940797,0.11228161109626347,0.06153412392775783,8,0.8128183149846561,2,4168,0.814862939539932,"{'learning_rate': 0.06153412392775783, 'max_depth': 8, 'max_features': 0.8128183149846561, 'min_samples_split': 2, 'n_estimators': 4168, 'subsample': 0.814862939539932}",0.9316082983087478,0.9443600422972446,0.9515074468811987,0.946473917527406,0.9402697315166167,0.9480883244696927,0.9331305324150958,0.9429444825662939,0.9496469003062257,0.9406359034277696,0.9378101140766167,0.9237313681464899,0.9474007274506339,0.9465889558536774,0.9490938519522043,0.9462607340382022,0.949275922575063,0.9451319282971775,0.9426310083343844,0.9255682044293186,0.9501513992562969,0.9302302234740434,0.9604978552863421,0.932281373636272,0.9252982413582208,0.9431930120866309,0.9462027247964883,0.9399247072697767,0.9476063418608016,0.9389091857528276,0.9519485661984173,0.9426224566056209,0.9302876833890019,0.944400494282885,0.9382965117236831,0.9340039925688133,0.9526894378959287,0.9413752201142684,0.9513740735977945,0.9375728025182194,0.9261084675571941,0.9418476465777814,0.9515202779486107,0.940183457827865,0.9383068658096538,0.935190976357914,0.94833728291812,0.9342086046911433,0.9415976107597881,0.9428027532932324,0.9528195142675593,0.9317888223271915,0.9489343249911466,0.9284648521426665,0.9370366478545871,0.9467541751386243,0.9464223796495865,0.9487194862705571,0.9555752884730103,0.9282322257947361,0.9492725012441323,0.9343895760938873,0.9584684240789375,0.9364783385612416,0.9169105371094957,0.933032185422707,0.9387596438244289,0.9470446582026194,0.9467359391259251,0.9287151911669408,0.9529127494682581,0.9401331224578671,0.9270503038570673,0.9221352021365117,0.9565596981791666,0.957348098335435,0.9373780121459753,0.9308846279829577,0.9459028771396589,0.933334170803831,0.9407912004870667,0.9415242871197727,0.9402063940410262,0.931940778319206,0.9523451656785245,0.9417204758050393,0.9379524612460289,0.9386691510532135,0.950590164070443,0.9350940980642286,0.9466449315996015,0.9391309117903257,0.9536184306164301,0.9452027767384358,0.9372078854876579,0.9373234618447701,0.9431229390536359,0.952595564080612,0.9311278228916935,0.9469181145874088,0.9414304923110552,0.008813012062739057,90
10.604942600727082,15.237820551770081,0.04296515703201294,0.08959352681674608,0.08604354073824311,11,0.3991872014862037,2,4168,0.7122797082916403,"{'learning_rate': 0.08604354073824311, 'max_depth': 11, 'max_features': 0.3991872014862037, 'min_samples_split': 2, 'n_estimators': 4168, 'subsample': 0.7122797082916403}",0.929092400941176,0.9287771593817348,0.9402945998985544,0.939341607657614,0.9276294614743434,0.945464795830098,0.9274503792379475,0.9350381817107796,0.9346665249891103,0.9305277868580311,0.9122514129079984,0.9206215213561975,0.9362864242001758,0.9469545463305717,0.9390167706441898,0.9481366459335924,0.9435242172336873,0.9345946296856227,0.9387164581942927,0.9198949328588346,0.9454862299052894,0.9210661296423927,0.9522028492139764,0.9259486289811093,0.9108000108513697,0.9353282981768706,0.938137352985865,0.9303841197642531,0.9434232322291672,0.9327284635848593,0.9435316383571988,0.9291760387185144,0.9246513213150175,0.9397894056208359,0.923347170062223,0.9303430434505853,0.9505661231973614,0.9357017812162747,0.9452826330519407,0.9297566180070376,0.91814692409492,0.9372789793792219,0.9501808470179584,0.9356108637361775,0.9326123037280721,0.928578893663561,0.9431090294602146,0.9290168100482495,0.9343472858989802,0.9451250598943653,0.9484733338959294,0.9331568810310578,0.941035838875169,0.9364607991731292,0.9278702246681847,0.9406086370047357,0.9343289112932053,0.9456905654628315,0.9411125542158746,0.9184736233991124,0.9402419241895762,0.9309168665284436,0.9532629721340127,0.9293928674059135,0.9064670617768541,0.9354029314653731,0.9341480420273501,0.9387015938044457,0.9370164261445307,0.9285343983983951,0.9474558697642668,0.9371514061945636,0.9197367672760852,0.9189444403538464,0.947201664154842,0.9463052929329334,0.929771526030733,0.9241658642264245,0.9358660261026264,0.9260700083116011,0.922052720022397,0.9447164438250873,0.9261048787871369,0.9396739253084255,0.9421845290614362,0.9398264292579608,0.9281869692833692,0.9245273238448497,0.9400706451554243,0.9308204405269153,0.9422709324386404,0.9347849004245619,0.9436389311093505,0.9349944713609979,0.9239638271220023,0.9312587094302514,0.9376658480687243,0.9413712371764913,0.9316974157504173,0.9450269785888408,0.9345874141736374,0.009412903905132703,163
55.79241137981415,72.33417153026501,0.12959292650222778,0.19641220179053184,0.016322835066573,12,0.7497917001202787,2,4168,0.7769314170068949,"{'learning_rate': 0.016322835066573, 'max_depth': 12, 'max_features': 0.7497917001202787, 'min_samples_split': 2, 'n_estimators': 4168, 'subsample': 0.7769314170068949}",0.9260528836687973,0.944819306321367,0.9467851970974163,0.9431832010761256,0.9373572192593282,0.9440216107220238,0.9317367310177308,0.9369110124905062,0.9490348103554238,0.9380692124724292,0.9297583133353721,0.9258891219335267,0.9441360925302484,0.9466521873609304,0.9470455085214806,0.9453719189388405,0.9458394585380264,0.9453341310876627,0.9439221534176498,0.9251491507839761,0.9480697811433146,0.9220984161078544,0.9588821249651752,0.9359876947615928,0.9137350946219567,0.9343300407576585,0.9484105921197122,0.9289446510214006,0.9423171761518855,0.9361773723269039,0.9496960432064334,0.9400271997824506,0.9276094583435716,0.9415631135121219,0.9333950552444688,0.9355256100649442,0.9490395083908051,0.941618033352179,0.947268500960389,0.9316378328946358,0.9245279376389121,0.9411621854994023,0.948467607363948,0.9416155144957331,0.9376069013995875,0.9292587530510955,0.9468959242270141,0.9346992818827639,0.9415933672914516,0.9421956079529326,0.9442951015874541,0.9290428049650914,0.9451230941893662,0.9293773317230448,0.9307110887627975,0.9429789521176196,0.9409696066427086,0.9481586830865651,0.9532632912798393,0.924826453711945,0.9519638713675636,0.9349046661561079,0.9568109109609689,0.9307547323503802,0.917287360611569,0.9319661296998519,0.9407378609759887,0.9453724274965225,0.9462861390367563,0.9262497027524007,0.9500119311162422,0.9367963674752442,0.9267901281961421,0.9229918369924827,0.9517020068505835,0.9575449486025625,0.9296982105941298,0.9291020027067028,0.9409741085944091,0.9360794599940625,0.9400060503108231,0.9406909428893114,0.933542927895679,0.9327613128756098,0.9515020272039456,0.9461408803132201,0.939898101172182,0.9349641675698545,0.9473461754573574,0.9319726581632644,0.9437015462699511,0.940530613450071,0.9479116349179785,0.9441971005321086,0.9341320375877719,0.9323101860394345,0.9390308100671071,0.9486792169574026,0.9345839527204607,0.9480438510126644,0.9391614300546445,0.009007758986162361,127
48.30728016138077,57.374920587100156,0.0988952612876892,0.15461467964174316,0.01584691190537599,7,0.6872650252991945,2,4168,0.8354288260409601,"{'learning_rate': 0.01584691190537599, 'max_depth': 7, 'max_features': 0.6872650252991945, 'min_samples_split': 2, 'n_estimators': 4168, 'subsample': 0.8354288260409601}",0.9332637694407111,0.948218577691095,0.9542902080382795,0.9496365693157782,0.9426825573134964,0.9475020646259404,0.9394227682582521,0.9464132482093238,0.9512008314317083,0.9412729900190668,0.9367966839927067,0.9313092321252434,0.9462315233270211,0.9525728515857237,0.9520691497629404,0.9498476477127533,0.9519981069229972,0.9479352126717809,0.950999811846579,0.929987268158829,0.9525037160170999,0.9304431887724007,0.9603282249113418,0.9401186340125418,0.9308182436800325,0.9427905937798361,0.9557157595371853,0.9378093895143772,0.9532669762255548,0.9454820929869207,0.9552934117507476,0.9449966795858312,0.9357706727178131,0.9474583678681318,0.9395714899695626,0.940926162537723,0.9562655637424677,0.9488190292305727,0.949717846575502,0.9407388074483196,0.9300566166655387,0.9450958460995375,0.956657532541654,0.9430226639158595,0.9427249429997802,0.9369464045360489,0.9479719901267911,0.9397010825200521,0.950174212422529,0.9463882344520337,0.949612880740818,0.9404411203785081,0.9509046487337018,0.9319910536421389,0.9365540389518021,0.9475517497874434,0.9446036102577531,0.9545746309824972,0.9543778655094677,0.9328819787908968,0.9551321230958325,0.9391340561379428,0.9592957269831546,0.9396328311459877,0.9243223067635058,0.9409763454700284,0.9444638472633685,0.9511102807775373,0.9503679953690121,0.9337634857085938,0.9565190827370239,0.9440234616203143,0.9277675721954348,0.9283275766353758,0.9590584247053728,0.9591673036682523,0.9374745158066485,0.9393562716397077,0.9491254081276771,0.9350465415258206,0.9426917063120264,0.9468581630498716,0.940196457137914,0.9420463026355673,0.9538362760560406,0.9495216363698497,0.9377909792384014,0.9448718308462661,0.9538312584370328,0.9416316286505476,0.9506880748022167,0.9450503363702921,0.9549241365155454,0.9488481841874163,0.9377253701075218,0.9410989949435864,0.9452778498389455,0.9543463152597549,0.9391199893774269,0.9492037638430857,0.9448834343872494,0.0080946901293814,45
35.05788532733917,44.344506037674755,0.07879894018173218,0.12102541509042644,0.05355380716983466,9,0.8516759306417123,2,4168,0.8267151299576464,"{'learning_rate': 0.05355380716983466, 'max_depth': 9, 'max_features': 0.8516759306417123, 'min_samples_split': 2, 'n_estimators': 4168, 'subsample': 0.8267151299576464}",0.9303071214651472,0.9441694804098321,0.9475762870584382,0.9388768776261375,0.9382418275851151,0.9430957877687244,0.9338180457247736,0.9366433802469458,0.9508796827676671,0.939560285374583,0.9368970415794795,0.9249311067713488,0.9419822613537987,0.9424140250832739,0.9496776246459856,0.945276964909042,0.946690619372235,0.944354044520895,0.9419664490816396,0.9257603910504004,0.9480282535736839,0.9283833464251569,0.9576953418448126,0.9379016577092675,0.9217683449520518,0.9375189916579171,0.9476590242936218,0.9328407105938364,0.9432264407485221,0.9410417168448901,0.9480400866414171,0.9368621036204341,0.9222044259169248,0.9445738210194202,0.932853047660597,0.9346579803202045,0.9505985389233583,0.9390701325962044,0.9477722799809849,0.930669981663582,0.9248935809471004,0.9402027212943225,0.9432389949487044,0.9395583298158359,0.9373643160600467,0.9214347208214139,0.939785724185204,0.9358370244232763,0.9383890801215472,0.9426897009651382,0.9457166291183736,0.9296370090709237,0.9423820305002093,0.9326519699677687,0.9321516192319752,0.939930058585478,0.935231514409371,0.9468344204256672,0.9509201685791242,0.9242556186931057,0.9525971512814069,0.9339022068198011,0.9597570604499885,0.9348143727022511,0.9132076324002977,0.9264091551161852,0.9360125344206918,0.9412761531583366,0.9419637562595252,0.9233898623389332,0.9504677116980578,0.931751728445743,0.9239615259396831,0.9293381797409526,0.9522990351079047,0.9580883592398207,0.9275628062103123,0.9274805279839663,0.9416722856212675,0.9352454406461799,0.9389317634695941,0.9427303514382892,0.9362815896071452,0.9332189845729368,0.9510851231130713,0.938365294650071,0.9304818065905895,0.9351123355642139,0.9440272048072262,0.9337657810264572,0.9462268672652623,0.9421944704533276,0.9486075479915348,0.9426863894508343,0.9340016894278838,0.9308538719186052,0.9374938300223403,0.950804444597375,0.9300149215051988,0.9493670318547894,0.93867039548455,0.008917625697609932,134
11.453756742477417,16.117832648841183,0.023756449222564698,0.06274451505303587,0.20219609705389646,8,0.6457866927126358,2,4168,0.7119526142089139,"{'learning_rate': 0.20219609705389646, 'max_depth': 8, 'max_features': 0.6457866927126358, 'min_samples_split': 2, 'n_estimators': 4168, 'subsample': 0.7119526142089139}",0.9145504930213937,0.9369768320634141,0.9405696742357093,0.9481482605060848,0.9339705645317392,0.9383022243182816,0.9328208538620651,0.9316428443133624,0.9388853375465476,0.9307491028420117,0.9209564177631361,0.9193868546588306,0.9470923888420673,0.9452116014666901,0.9387967667061402,0.9426431188592257,0.9452417101184226,0.9377069116159363,0.942767340594758,0.9009235847089979,0.9332505114498004,0.92060844926247,0.9530007974774597,0.915277686202595,0.9037311027198283,0.9315863643252831,0.9448269335660227,0.925759338689284,0.9379570504564441,0.9381024663880606,0.9387413945359502,0.9365015839410837,0.9229312458321458,0.9260043336555814,0.9339991403580159,0.9237745827256125,0.9479699208077729,0.9417904577053648,0.9306294528546017,0.9314641503989881,0.9288825921614801,0.9333758310187926,0.9291561608393977,0.9283909104466807,0.9367850092994162,0.9256116588789484,0.9380795680279951,0.9152411041157935,0.9374700349768559,0.9375178310176261,0.9455661723831443,0.9300015886739921,0.9349009958204453,0.9098805352704037,0.9282995241012326,0.930320494573686,0.9404158488790234,0.9388632553474677,0.9455157109534476,0.9133593114685997,0.9435290179301693,0.9315029618106039,0.9495704401144196,0.9216275448850318,0.9147540857141905,0.9303224935562452,0.9334255387187114,0.9323313819574621,0.9459189714621469,0.9206257742470416,0.9492120208249616,0.9261742654257463,0.9205312750514956,0.918002940455067,0.9475815451184346,0.9475291105663688,0.9227838877659064,0.9276202981993502,0.93588673166715,0.9238568394636757,0.9322427827087982,0.9329278517121931,0.9177969427507715,0.9351069992882133,0.9492041289799067,0.9403819482469267,0.9383175858012346,0.9219916973931608,0.942390047219379,0.9089873734943343,0.9409525652803835,0.9279037468185645,0.9428423555315931,0.9405264205775413,0.9184948752334257,0.922068407097426,0.931007997631362,0.9411136216913544,0.91881487548623,0.9396169940136582,0.9323836032607226,0.010944387511984182,169
25.654346897602082,32.538267838485545,0.14079816341400148,0.2028071406636829,0.030201149519229455,12,0.44571937758017954,2,4168,0.5528977566463089,"{'learning_rate': 0.030201149519229455, 'max_depth': 12, 'max_features': 0.44571937758017954, 'min_samples_split': 2, 'n_estimators': 4168, 'subsample': 0.5528977566463089}",0.9333026280885806,0.9466977172221872,0.9503959690656631,0.9438259681110491,0.9404552973583127,0.944656752619641,0.9329526480408371,0.9406120366285173,0.9490870505966877,0.937543971255292,0.9311385656727058,0.9252163249186542,0.9438893384186176,0.950983215135768,0.9502564482166035,0.9472417076127135,0.9462642539344708,0.9413405398434358,0.9484779629585268,0.9198839663962517,0.9498752958512461,0.9126387340677975,0.9574538676850027,0.9360647789829672,0.9173131406418984,0.9441335048015544,0.946520937282116,0.932803515025246,0.9486627465208732,0.9387365957318806,0.9500505481330358,0.9413945447988057,0.9351621261819248,0.9395314852337523,0.9340599325060177,0.9326501827518099,0.9533370270146516,0.9432256365585164,0.9492991399449044,0.9351416528698359,0.9308742278762694,0.9445564877458107,0.9530717508535896,0.9438991909145953,0.9386380026507829,0.9313328800772019,0.9444710730502229,0.9348378000549654,0.9462318466088014,0.9447849018575498,0.9529507822019558,0.9408343110161054,0.9455076089520653,0.9308609388972636,0.9279923483727895,0.9443870035064637,0.9385192840902392,0.9519842557010358,0.951426487904824,0.9291332551521798,0.9489351536970922,0.933859221578817,0.9599913706888693,0.9391060068924549,0.9188017593453871,0.9404683207413403,0.9395157955786589,0.9476523071501308,0.947610376862603,0.9346367272000708,0.9539428339965385,0.9432819650370813,0.9284732787111593,0.9274235286001787,0.9548282234244109,0.9590231254811561,0.9339607059150072,0.9342164883525309,0.9436813793864958,0.9341125860114292,0.9330548790737456,0.9355067745406439,0.941134771421554,0.9392766904220132,0.9511975227399697,0.941811497562279,0.9351702004715621,0.9377353334756309,0.9534968910637834,0.933191352270195,0.951582121486527,0.9441531973236507,0.9467768503158526,0.9456487257995981,0.9337665203022005,0.9328108391538479,0.9452864580093462,0.9519375027140763,0.9333729197690022,0.9445273057265414,0.9410353170045649,0.009160997517714927,97
56.22272771120071,74.79022083313883,0.09284141302108764,0.146744689357134,0.029271953442410396,8,0.7536264877232794,2,4168,0.8066003212782946,"{'learning_rate': 0.029271953442410396, 'max_depth': 8, 'max_features': 0.7536264877232794, 'min_samples_split': 2, 'n_estimators': 4168, 'subsample': 0.8066003212782946}",0.9323277667613632,0.9469659470674376,0.9509216849642422,0.9453701203332162,0.9376241761555114,0.9466543771879106,0.936963400086478,0.9418261681212066,0.9501333812461741,0.9411965705938061,0.9369666547028939,0.9314989028461129,0.9452171130224806,0.952179115794235,0.9507903254951439,0.9492830112332148,0.9480660189616577,0.9492785063240083,0.9459995706241555,0.9282699628251184,0.9514067505680914,0.9312796501090834,0.9582443426561729,0.9380240675419431,0.9255126704960484,0.94277869763216,0.9528842092772312,0.9352235623330254,0.9458021768590548,0.9394480461047024,0.9521071250423434,0.9425949116097787,0.931668335866546,0.9449204228890626,0.9369640009464826,0.9363764288273246,0.9526859398547785,0.9451141916761798,0.9475999172942053,0.9406344545017331,0.9252456348497792,0.9411794793842148,0.9548275483420885,0.9404924801590469,0.9410380512098128,0.9362811915681022,0.9478285616645293,0.9373738600465481,0.9462300423147431,0.9463841671323696,0.9516463601603065,0.9336140765146044,0.9481038906718422,0.9332049926891959,0.9361366429866452,0.9448980302963887,0.9431691396661747,0.950525728419069,0.9537690366529016,0.9288332811927539,0.952557524414795,0.9372141390064351,0.9576054220664868,0.9371037722999702,0.9220667955743588,0.9354572424702177,0.9444083406282306,0.9479737629887242,0.9463161717373156,0.9289156465740648,0.9542955049135521,0.9406807939263635,0.9311982332307843,0.9238367688098772,0.9573903499120641,0.9575378589400492,0.9346837233889531,0.9344541480475007,0.9470593826848553,0.9350477564997333,0.9428628784990445,0.9448103692078857,0.9374042484314365,0.9343376145457521,0.9523686772007003,0.9478622879604134,0.941814017335526,0.9384595629629396,0.9520677649932828,0.9368818965855179,0.9490183785039888,0.944295667572998,0.9502900849779068,0.9493109735990498,0.9394631939554975,0.9343067118341722,0.9431434703290974,0.9527964650879751,0.9377699422879175,0.9473591748883199,0.9426201159122718,0.008212468473657893,76
25.094629335403443,34.159786796252284,0.11088289737701416,0.17779737152779243,0.009826069993112911,7,0.38456564633196666,2,4168,0.636436732318915,"{'learning_rate': 0.009826069993112911, 'max_depth': 7, 'max_features': 0.38456564633196666, 'min_samples_split': 2, 'n_estimators': 4168, 'subsample': 0.636436732318915}",0.9394748240288114,0.9494738652726509,0.9565541717485265,0.9512706459795606,0.9476613304823988,0.9537916757633691,0.9427999197709467,0.9484886967200472,0.9535117161629283,0.9436975362015576,0.9348334028372007,0.9349132261224788,0.9498355304597349,0.9545634820073438,0.9550529587779921,0.9535059853482709,0.9541308103186491,0.950804756167564,0.9541752615050851,0.9282330949314879,0.9552152569547718,0.926064004664809,0.9629285162340477,0.9446268070569995,0.9329410724919168,0.9470648500104475,0.9559391913504602,0.9378141502951547,0.9538144446162762,0.9454173700985177,0.9560505174170105,0.9493956615510949,0.9417173642517807,0.946156255044841,0.9442524180252049,0.9428818337189617,0.9583006628549633,0.9508817972882286,0.9514901383761158,0.9434841945427448,0.9356382806554331,0.9496302133532498,0.9587396279401554,0.9457371104118367,0.9453424451046906,0.9420551312077412,0.9489463107622143,0.9434053092502618,0.9536447124117555,0.9499864672150793,0.9537480545014821,0.9454800124416299,0.9522281679814844,0.9354057602694883,0.9412280790299509,0.949884961361821,0.9488394322989733,0.955133188075668,0.9573215781294901,0.9343457826072364,0.9563392869059766,0.9428920166193008,0.961260435151213,0.944236720030136,0.9276437352522824,0.9449592314764791,0.9471456019682666,0.953980914231677,0.9551866796108656,0.9409952096132426,0.9594104428486708,0.945950331424266,0.9337098019044576,0.9320507115749246,0.9622094016805692,0.9600631005661995,0.9436024382827193,0.9433565778482991,0.9513998408609309,0.9378416182337763,0.9425062597365824,0.9483627403900377,0.9452377396276006,0.9479469896759174,0.952624787320348,0.9476543454355589,0.941150157743751,0.9474319209649814,0.9565112768727178,0.943681781070211,0.9530895921523259,0.9483728206406844,0.9553275132538332,0.9495141220463948,0.9383975981209831,0.9420346940576321,0.9517803303584715,0.9571190260024932,0.9416385276810273,0.9474223588118343,0.9475198870050822,0.007838973709055626,19
24.527031548023224,32.90390819608478,0.0733536696434021,0.10962647469347757,0.0033572327977361665,5,0.46436425893378597,2,4168,0.6975992433574473,"{'learning_rate': 0.0033572327977361665, 'max_depth': 5, 'max_features': 0.46436425893378597, 'min_samples_split': 2, 'n_estimators': 4168, 'subsample': 0.6975992433574473}",0.9381433097439241,0.9493643764434987,0.956303344920426,0.9542868272615586,0.9450918244534086,0.9535871335432514,0.9434872248450814,0.9509723351308916,0.9548445127557343,0.9434614987221892,0.9367049576125155,0.9357493257971672,0.9523146243188785,0.9551329644506455,0.9560918133441085,0.9571659501436323,0.9516278205602563,0.9483274995469371,0.956119358501227,0.9312206829011519,0.9564493043483373,0.9380122184521275,0.9616039362934562,0.9438660867636715,0.9322208120729518,0.951226931849581,0.9575235549582982,0.9419893395306054,0.9548310234697596,0.949662384204231,0.9561810468250861,0.9476253669016401,0.9423331323558395,0.9485251933025045,0.9445216338276634,0.9434206279074134,0.958496648873096,0.9529551421938476,0.9528184888562731,0.9449222734666227,0.9409887226851803,0.9491209595972581,0.9613944721932777,0.945986252762276,0.9485508687707758,0.9403454247757462,0.9527843702010741,0.9416992945669297,0.9527894997700721,0.9495092304222946,0.9568832407250902,0.9468698631571374,0.9526668065949646,0.933207107369942,0.9415597300932553,0.9504296740011257,0.9471931854652981,0.953867844421781,0.9579477832181813,0.9378901526393731,0.9566316983866274,0.9458515159330045,0.9611190934445851,0.9455966316201602,0.9289101333021711,0.9449196928315936,0.9495594240404691,0.957580569027461,0.9555652899102253,0.9393327195456693,0.9600906407596526,0.9517267887032541,0.9344830582324206,0.9326631002573835,0.9627665230146285,0.9630723142701064,0.9430540509780496,0.9432411344758479,0.9519079524566485,0.9406627787800353,0.9434351859230481,0.9516241111106774,0.9462926175584327,0.9482994992357747,0.9549702155219804,0.9496739298152008,0.9400730167828556,0.9474830011585217,0.9589611755247001,0.9436289025319071,0.9572497508413301,0.947494093303538,0.9574876015410451,0.9522583831404388,0.9421312326619826,0.9451964233320767,0.9521445616886883,0.9579188105409217,0.9438314013687797,0.9520279800199092,0.9487178401845232,0.0076919804714243875,8
66.01467844963074,78.20631785366238,0.1350383949279785,0.18782730137807024,0.00266058533728436,7,0.7843776713248867,2,4168,0.7334971504850345,"{'learning_rate': 0.00266058533728436, 'max_depth': 7, 'max_features': 0.7843776713248867, 'min_samples_split': 2, 'n_estimators': 4168, 'subsample': 0.7334971504850345}",0.9356398041834514,0.9488718043011155,0.953029714133528,0.950769421401795,0.9439481349650874,0.9482044396475201,0.9394836749131936,0.947250800039405,0.9534309215389412,0.9429554144378697,0.9369927621974133,0.9339692726695912,0.9454441605495658,0.9523217520634141,0.9531505887710353,0.9503359001682593,0.9521900807563236,0.949777236452262,0.9505370636675766,0.9281271700453174,0.9529127384165443,0.932498018773201,0.9607726829652711,0.9431133969141934,0.9289341255656076,0.9443201815908782,0.9539072595949668,0.9373144071196349,0.9524025866583511,0.9459796866042334,0.9554414121064956,0.9462652335957953,0.9360835465714388,0.9476656206309504,0.9418435848015213,0.9413401553483155,0.9562829896604285,0.9479570903145333,0.9522894188774845,0.9415155001811545,0.9329142525997663,0.9459714095405096,0.9548080375303651,0.9459903480575715,0.9436049915124765,0.9336288196465524,0.9511943833020842,0.94046658206385,0.9503620666869796,0.9487371501789148,0.9527109280933643,0.9398393609347099,0.9502465652236017,0.9365350652701381,0.940030791969077,0.9478701825725075,0.9457109500233221,0.9548980003483247,0.9546809659762061,0.9330832484633333,0.9569160259377797,0.9423663052490205,0.9610782247414774,0.9410977780829629,0.9233100630536932,0.9409232559140949,0.9445293034085582,0.9529401901035315,0.9514875451095862,0.9374502177639076,0.9582372810806231,0.9439780844040948,0.9315413752430122,0.9280782544181979,0.959572406854868,0.9611213002739921,0.9395468594969631,0.9389322784926646,0.9500656712263504,0.9378343651037095,0.9435970112729201,0.9478221008070002,0.9400440932975059,0.9422931632697454,0.955956327300222,0.9494174239648473,0.939354204519938,0.942330694172664,0.9567530602080734,0.9432273950783135,0.9509788150103946,0.9452056221522858,0.9556003260888853,0.9498052554382994,0.9408331985134974,0.9409135515991879,0.9468816734546974,0.9555115720337107,0.9406245139457222,0.949422895402775,0.9457613353667709,0.008009779075024169,40
89.17504980325698,91.3404437501889,0.2784790706634521,0.3812674679797902,0.0044257514856917415,13,0.7492105015632795,2,4168,0.7213276284945062,"{'learning_rate': 0.0044257514856917415, 'max_depth': 13, 'max_features': 0.7492105015632795, 'min_samples_split': 2, 'n_estimators': 4168, 'subsample': 0.7213276284945062}",0.9289131973130418,0.9466752849601678,0.9497946146137752,0.9425573805941577,0.9386402408201617,0.9460923234802124,0.9346614287973016,0.9400870488328813,0.9516032075167233,0.939656274249637,0.9317633957475402,0.928339000484385,0.9439673313322463,0.948780334735864,0.9488501444805879,0.9457266046848698,0.9480573741831304,0.9464005410182099,0.9440285518529237,0.923906710498354,0.9503353354273736,0.9249342083596961,0.9589711798083078,0.9360653519345132,0.9187706760546722,0.9403848574890159,0.9485474421529164,0.9316970051751914,0.9460315191832027,0.9409454406749872,0.9510717804520622,0.9403267141740812,0.9282555059046175,0.9422289616766257,0.9358267667658605,0.9365298464521399,0.9506936190443334,0.9451387789245674,0.9490849131992256,0.9331790888834101,0.9262893895785227,0.9418500659431823,0.9527928943756815,0.943938857863472,0.9387173089656043,0.9297683864398898,0.9458022306698523,0.9347587931600336,0.944761979185857,0.9440121681547445,0.9478991638573119,0.9317424149660385,0.9440605069965133,0.9351409854828512,0.9337342339296829,0.9431189468918658,0.9428312384275217,0.9502995556674593,0.9517626391978943,0.9259647905997264,0.9528430064951161,0.9358829269664971,0.9585977201407851,0.9354568587731009,0.9170361742952653,0.9338304038040444,0.940963687417816,0.946403128922176,0.9464351428322251,0.9298875434937272,0.9516692661510449,0.9402789773444837,0.926483388265353,0.9272322904381135,0.9533799416356451,0.9604668644473086,0.9314668651828489,0.9315677060276497,0.9429890122704215,0.9350314090542794,0.9411953568439646,0.9427322255322407,0.9350394832447708,0.9362754925480301,0.9526488656663532,0.945778835940894,0.9396411946300257,0.935801922113646,0.9493284423075845,0.9354602021184176,0.9461629270262144,0.9413109099400337,0.9503016171842034,0.9453881982871217,0.9347897584717415,0.9353684289735645,0.9400117631787909,0.9505147041513697,0.9368443485032201,0.9476189574860027,0.9408688248039276,0.008752519158560441,102
82.20709054231644,97.86192228448259,0.21647592067718505,0.31082343176814836,0.009541050504959124,12,0.7890396477363382,2,4168,0.8551719409776926,"{'learning_rate': 0.009541050504959124, 'max_depth': 12, 'max_features': 0.7890396477363382, 'min_samples_split': 2, 'n_estimators': 4168, 'subsample': 0.8551719409776926}",0.9258146669970019,0.9430575819471463,0.9465062662167775,0.9406228564043989,0.9340282742843157,0.9400433640095781,0.9312148245280174,0.9350088655457157,0.9508981801454149,0.9355906439297227,0.9280886654493243,0.9241296004350003,0.9406523405626128,0.9473015215288487,0.9447184454650223,0.9444939803373772,0.9433475083256687,0.9449415706638622,0.9360286874919378,0.9253330052742323,0.9477690281785456,0.9226926068760651,0.9577211226037908,0.9322537053556892,0.9182485152031464,0.9347295814585465,0.9443055921065632,0.9283460488328048,0.9423311740381094,0.9360232602078704,0.9476901347946218,0.9352157950512126,0.928405136078001,0.9435128067535973,0.9324412537672244,0.932612242338335,0.9462937443131499,0.9378919749524631,0.9473693568193147,0.930989700084332,0.9218206975351732,0.9391020021837508,0.9497558132188386,0.9396218599899198,0.9353625048208779,0.9298474129307025,0.9442995421063017,0.9327772433345902,0.9387662018206187,0.9389034031546821,0.944136848540526,0.9287239373425259,0.9420058734484795,0.9309187110703657,0.9284619102977607,0.9425414715076871,0.9401012793270823,0.9466106006241236,0.9499520780093175,0.9196547418851687,0.9491301709284381,0.93476656829369,0.9565669197433131,0.9308944450107117,0.9138634652008564,0.9307517637045013,0.9384224228594542,0.9415612290779475,0.9437652516003466,0.9234371503975813,0.9489297447812383,0.9349018066207563,0.9233625558685692,0.9236889876078949,0.9512421978807737,0.9566303110778215,0.9274977245784681,0.9278981877273864,0.9413983355582894,0.9319570114544078,0.9392736800935498,0.9368457412159188,0.9284470586339361,0.9304663037951636,0.9504886538850682,0.9457214108445872,0.9407299716283586,0.9328181203774515,0.9472217917790704,0.9310925198173077,0.9419487883612804,0.939080679294227,0.9490435034830925,0.9381259558380155,0.9337487073699718,0.9308514021541754,0.938061748611485,0.9489437785825617,0.9289213638045108,0.943663817367327,0.9375818900941334,0.009015588947925183,148
7.979229652881623,11.93418275263016,0.012556350231170655,0.032338393901989296,0.24350802020929316,10,0.8553966401931281,2,4168,0.7071309096348684,"{'learning_rate': 0.24350802020929316, 'max_depth': 10, 'max_features': 0.8553966401931281, 'min_samples_split': 2, 'n_estimators': 4168, 'subsample': 0.7071309096348684}",0.9157448121525804,0.935936058841343,0.9422743241943351,0.9339318695639394,0.9285901150012168,0.9317447752041582,0.9305500651466498,0.9386803015623685,0.9454825876735649,0.9274403818118806,0.8918681142754715,0.9064899479354946,0.935576571477703,0.9268122852969954,0.9347283221471707,0.9353514341027288,0.9356429904139549,0.9259869762801541,0.9282076177268053,0.9087561189301525,0.934299243505006,0.9244711907902934,0.958916197159325,0.9332784291787188,0.9013237358497224,0.9293167573550687,0.9267000097835416,0.9248908012219061,0.9428394695190321,0.9286002206418038,0.9425996899672593,0.9334991193930487,0.9136129731235636,0.9360128317818083,0.9285561094045203,0.9154441778464447,0.9405297726787897,0.9270985166961245,0.9287668587349204,0.9218226380033302,0.9186235626337625,0.927940020468641,0.9259337289420295,0.9383634254517089,0.9168810695955548,0.9108703132397085,0.9429613280792818,0.9378620810627444,0.9350811612524274,0.9326662469994279,0.936063385343934,0.9094093588270495,0.9395510052126091,0.9004990959093214,0.925756669438186,0.932268171064576,0.9206254921017096,0.9424699036364722,0.9360369432525627,0.9182541479804792,0.9397807250084105,0.92311287399291,0.9475685861186155,0.9216911361773872,0.8978402534023977,0.9190302181892702,0.9322255690335987,0.9467599068049968,0.9267092295660262,0.9077472725883011,0.9402052087130541,0.9225843131662769,0.9064579739727362,0.9069612052161417,0.9440221372260126,0.9449417519305376,0.9169234803926654,0.9136025233760627,0.9342876076595724,0.9178829937916244,0.9244809457886254,0.9327145064415159,0.9264944213000363,0.9250517621388318,0.9381788939908676,0.9341827410800072,0.9157107535753255,0.9026618040143433,0.9295603106576967,0.9098976539444938,0.9433119755417974,0.92743204773028,0.9356108494661532,0.924369584513318,0.9306435121579708,0.9270852287100345,0.9251704788194203,0.9463001735418322,0.9190151470901726,0.9361093252839097,0.9276480860497831,0.012416903170675984,180
6.868788697719574,9.868272610748143,0.025661330223083496,0.07247552014622279,0.18908800050097183,12,0.44696914450563213,2,4168,0.9241719757660005,"{'learning_rate': 0.18908800050097183, 'max_depth': 12, 'max_features': 0.44696914450563213, 'min_samples_split': 2, 'n_estimators': 4168, 'subsample': 0.9241719757660005}",0.9151207282154057,0.9168256090387955,0.9352762720694606,0.9221219018313854,0.9206075306344149,0.9228461106504207,0.9218315191310017,0.9172752064613786,0.9325633161974103,0.908618490347823,0.9112373509525857,0.9192090901665354,0.9142502612878519,0.9328065129959072,0.9259549242604596,0.9420360367508646,0.9277731783210511,0.9265348024098266,0.9296753755738763,0.9069983197864949,0.936837180234378,0.8956056408250508,0.9502877084686462,0.9147219176516586,0.9064643207572822,0.9342853987924744,0.9348028900486297,0.8944480286796441,0.9341172774762614,0.9150972711743908,0.9341218735180078,0.9205731767546379,0.9079084278542267,0.9262990309937608,0.9042700218243463,0.9152796374418217,0.9388548952793517,0.9238142686789449,0.9315102932716819,0.9202557692937936,0.9125559225590796,0.9233838973239471,0.9435535176014946,0.9227971087528783,0.9253690038894129,0.92020206170477,0.924612746733636,0.9234704737035552,0.9306035194405731,0.9287479557688548,0.9319601341345637,0.927355298479937,0.9341392742932785,0.915114824882399,0.9065794726948051,0.9248995988336155,0.9244039330040816,0.9342858249476713,0.9314746812077257,0.8931157741505452,0.9333517597948943,0.9140852209817588,0.9445615459601207,0.9216041150831129,0.9016951211363942,0.9134606969771623,0.9251626045304758,0.9368386205959323,0.9214569175526414,0.9095972868333433,0.9365392522134226,0.9196479617950287,0.9004855238762408,0.9048438091897578,0.942064020027291,0.9425010385405901,0.9226474501753946,0.911772708584604,0.9246639177038624,0.9105661093226003,0.9270888273706679,0.9289760702621231,0.9230529948196611,0.9221217756737489,0.9383053477659562,0.9308168995271784,0.9245811654181286,0.9225494787509351,0.9338514086807057,0.9145173821572787,0.9250105660575947,0.9211113984205659,0.9349541978095132,0.9298143868682881,0.9069294814783826,0.9160014438005515,0.9304818037858046,0.9349142494088274,0.9125024574688457,0.9144936334099001,0.9229736324001807,0.011567930843451115,191
38.769240057468416,45.33820777469577,0.08966850996017456,0.12638347103367353,0.040257546850620746,5,0.6261177034169909,2,4168,0.7004487210952671,"{'learning_rate': 0.040257546850620746, 'max_depth': 5, 'max_features': 0.6261177034169909, 'min_samples_split': 2, 'n_estimators': 4168, 'subsample': 0.7004487210952671}",0.938559166201813,0.9477005042990971,0.9579759497999915,0.9520385191017021,0.9461469092172267,0.9509172119430074,0.9474276480609647,0.9512970542915383,0.9536028058524821,0.9442382489994989,0.9338634826514582,0.9362882584291837,0.9506143435110784,0.9537702967932584,0.9559074526379024,0.9596582091139629,0.9540747732878265,0.9488741803806734,0.9563629971461465,0.9357286870475773,0.9558619549227849,0.9388565051888882,0.9623998349618846,0.9436694806672048,0.9255540097001158,0.9468443019099517,0.9554980709832833,0.9414548940865171,0.9543837395259018,0.9501911675538787,0.9537313556855672,0.949674320403766,0.9396533131535589,0.9485326551710358,0.9403487071713394,0.9427208442042345,0.9600157896183363,0.9532857576814396,0.9538357505108677,0.9433645410012444,0.9414471818451932,0.947366687263682,0.9587460565239236,0.94394134167866,0.9485682688837285,0.9375974283511824,0.9499120954344057,0.9461534515474306,0.9527343300356452,0.9486311036820646,0.9552908930940228,0.9464670583109644,0.9513083724433756,0.9316427586809465,0.9456162060279814,0.9484932009852385,0.9479022701812421,0.9512758698111553,0.958185209792533,0.9382973218581309,0.9542068308709954,0.9445332554436956,0.962034810676704,0.9491347134751696,0.9250081455332524,0.9441526192396088,0.9492412651855285,0.9558269762042374,0.9549430946052888,0.9435818818321107,0.9620770150707767,0.9488439142094782,0.936987763883619,0.9310207333460592,0.9620475927182592,0.9610141273782794,0.9435907926466276,0.9453561978617917,0.9555606269776721,0.9404293454928718,0.9469517736134979,0.9523516585334348,0.9461864609189562,0.95005680073611,0.9569758093606743,0.9497566442194042,0.9379926948833088,0.9485340814094477,0.9559206497424353,0.9463045306700656,0.9587648817635086,0.9441441695704412,0.9577883793099278,0.9511748965612346,0.9432814855910806,0.9459366941495083,0.9501858323860891,0.9553853667492803,0.9423784927253304,0.9499508507697125,0.9484411465561515,0.0077880877326237125,12
41.43004340410233,53.016317764393776,0.2390347695350647,0.3389484447205277,0.013236985643524067,13,0.41163578809916035,2,4168,0.6278131133359567,"{'learning_rate': 0.013236985643524067, 'max_depth': 13, 'max_features': 0.41163578809916035, 'min_samples_split': 2, 'n_estimators': 4168, 'subsample': 0.6278131133359567}",0.9295622263229363,0.9435491865006912,0.9489461834313925,0.945959505307307,0.9432571273306821,0.947316070937968,0.9370961547114538,0.9398289859196505,0.950086679744563,0.9370504107923019,0.931999200907309,0.9276828857703215,0.947473897669662,0.9516957475539977,0.9478270826318587,0.944291359056406,0.9479793665821517,0.941453642201474,0.9468329850221999,0.9233823364973421,0.9541970627468093,0.9172066117925534,0.9580695357685461,0.9367286737949091,0.916578789188364,0.9403446855126143,0.9465877484470597,0.9332293696880076,0.9483106323833067,0.939553718762379,0.9490856047072914,0.9406195197788402,0.9351536726485539,0.942315837175226,0.9349424059044797,0.9353903898513882,0.9528262902483252,0.9440849239502309,0.9436963714500926,0.9344213235267674,0.9275190405733734,0.9427516921813368,0.9552885261145192,0.9395783912486171,0.9388693025772307,0.9313247713398409,0.9444198896464671,0.9344671620348698,0.9464088985208471,0.9467631685646712,0.9472677013476519,0.9353766846022533,0.9459240852015476,0.9337185457461732,0.9332491775160214,0.9410959709758978,0.9439898916394138,0.9517126844430213,0.949766109265501,0.9260222865733951,0.9531411680202454,0.9342878137937086,0.9590491864585694,0.9367679845305924,0.91498662396103,0.9388400923130752,0.9399249814819052,0.9456386972494977,0.9482516314664673,0.9313399982177744,0.9523025588785071,0.9400438366945367,0.9250934948144651,0.9238382148917106,0.9537351065144968,0.9591678859478052,0.9341841505014509,0.9304557169660753,0.9432436335357964,0.9353348052008097,0.9380387904296548,0.9405836558189719,0.937728355730588,0.9379841071531242,0.9476610151902961,0.9461160001954828,0.9331725772740861,0.9370808070250063,0.9514162676094771,0.9328795017040828,0.9481116496808044,0.9424151817779397,0.9469068524536098,0.9467390919615544,0.9324011040700073,0.9335961745993386,0.9443078805878113,0.9508579799147467,0.9349605261610399,0.9429076188566999,0.940776209019629,0.0090248656899725,104
35.98538018941879,44.37591831959002,0.13064035892486572,0.18782425345097317,0.028657643074216935,12,0.6396646702358648,2,4168,0.5934780614924402,"{'learning_rate': 0.028657643074216935, 'max_depth': 12, 'max_features': 0.6396646702358648, 'min_samples_split': 2, 'n_estimators': 4168, 'subsample': 0.5934780614924402}",0.9359436511727692,0.9469563072097241,0.9491257099690289,0.9469406327185038,0.9427051476623471,0.9459775805061453,0.9367588642065321,0.9417016963709068,0.9517736158523429,0.9398979884883815,0.9279146870895081,0.9279050840401499,0.945876395462373,0.9503309677537322,0.9524803126528343,0.9474645465689279,0.9472550623440196,0.9496020386327586,0.9493138112753765,0.925152290193822,0.9514458025750636,0.926159748589801,0.958181633908934,0.9417479007765186,0.9193504470428157,0.9429922844756338,0.9483759481894551,0.9335457247613878,0.9468051664087823,0.9429686293035859,0.9510633428289653,0.941660617196725,0.9306920221958778,0.9451215248256973,0.9403992201530554,0.9322207724537688,0.9508736908142352,0.9458900045055924,0.9477788704613008,0.9340453221029088,0.9257165657761728,0.946249715576539,0.9570585565796612,0.9426176268528986,0.9400630144095482,0.9268377997021227,0.9470652195109067,0.9395829659441228,0.9455418865718275,0.9447892324230388,0.9498384147516643,0.9341937575150121,0.9496895001034538,0.935785692315918,0.9368321069150699,0.9449817435269514,0.9429397502213104,0.9517850161481778,0.9524577293387143,0.9304764030267992,0.9535370322942455,0.9356984988073748,0.9607637721802453,0.942196648547324,0.9197095234080338,0.938247267629192,0.9403028124328605,0.9509877046237114,0.9510652454331355,0.9352915409148788,0.9557624208377381,0.9444526540872928,0.9262072078889625,0.9266096259741905,0.9545736812975399,0.9620910822521687,0.9323552450382335,0.932408114100832,0.9464047733148074,0.9352683576986294,0.9405569003015445,0.9439075651609963,0.9380215108503498,0.9394372226689299,0.954956098770942,0.9460690248265653,0.9416142815231969,0.9407249908847355,0.9536367620823879,0.9335302168430465,0.9465569980467217,0.9450790087323465,0.9496931467805183,0.9485126155738072,0.9405782896811289,0.9326443142508555,0.9458111204326566,0.9515777416775051,0.9395934030441584,0.9488748860538352,0.9426220706789781,0.008932355261860809,75
57.48844608068466,67.46247270627893,0.17129118919372557,0.2396391794786431,0.004576713770144064,8,0.8989949682497376,2,4168,0.5465943251737378,"{'learning_rate': 0.004576713770144064, 'max_depth': 8, 'max_features': 0.8989949682497376, 'min_samples_split': 2, 'n_estimators': 4168, 'subsample': 0.5465943251737378}",0.9379512325777761,0.9510768456223998,0.9547115884363201,0.9534268833999566,0.9454288065067903,0.9502539610585867,0.9419919230619574,0.9511705437927952,0.9553463226210126,0.9443452132082815,0.9357080636726898,0.9353630647298021,0.950749086312562,0.9526859934336197,0.9555275057686243,0.9525783267806958,0.9528215525012115,0.9499980961973328,0.9526767851897421,0.9295580204261665,0.9557589823452638,0.9332695614736939,0.9629018176280155,0.9454189045502361,0.9280618786623387,0.9452257921798746,0.9535373373102449,0.9396830286776645,0.9532753590057805,0.9471626736090754,0.9578215739760406,0.9493511989672838,0.9368762538157145,0.9473633182112552,0.9440112733364104,0.9396105173353844,0.9573892076327946,0.9509553147431562,0.9528784605723566,0.9414406772406536,0.9376144586414293,0.9476156908600027,0.9555585585481445,0.9467029384433138,0.9474688671258241,0.9316360608406844,0.9514429619467157,0.9409989351427216,0.9513474566848691,0.9511521405767058,0.9546818580831906,0.9423670992665731,0.9516658464302898,0.9381346403423176,0.9427875611962332,0.9509662859818309,0.9484463368837949,0.9549015775954715,0.9578730297563757,0.9349846537557871,0.958306560843498,0.9433260211770442,0.9610701538785186,0.9430528203345357,0.9251476881120019,0.9397612437050722,0.9457813329766943,0.9529599602499385,0.950246695441026,0.9411586135918256,0.9588014193459214,0.9462193189251117,0.9336790478313084,0.9322592626427159,0.9586863367141899,0.9621414028993933,0.9403973177829926,0.9426356173708854,0.9491074248673155,0.9394900550654732,0.9458364107675115,0.9496410040841546,0.9431229614493886,0.9432892099982169,0.9559917179975886,0.9512435603728682,0.9407008840980505,0.9450207266970869,0.9567687498153382,0.943488919636278,0.9524275070892164,0.9447225709137687,0.956020668234334,0.9526457811854226,0.9412690001213683,0.9408656337276515,0.9494263750761331,0.9570755483369169,0.9417219292463168,0.9521741115583935,0.9472139146883529,0.00794034195346081,24
40.471996665000916,53.72082902315822,0.1614228081703186,0.23067601969995555,0.005043032494055014,9,0.4338278902640621,2,4168,0.828467526482219,"{'learning_rate': 0.005043032494055014, 'max_depth': 9, 'max_features': 0.4338278902640621, 'min_samples_split': 2, 'n_estimators': 4168, 'subsample': 0.828467526482219}",0.9300920698673212,0.9446451515327383,0.9512186191984282,0.944736065278654,0.9409463389930053,0.9499057275197775,0.9363623310457379,0.9413907977929445,0.9502998164813311,0.9370211034877316,0.9309493867826142,0.9292129414278921,0.9436433915229132,0.9500229700578153,0.9496776301275889,0.9479094666346313,0.9487248766386673,0.9431148355038979,0.9448139683885058,0.9253718099214642,0.9531684124299632,0.918310212597851,0.9594927034797529,0.9367036879555374,0.922423205434632,0.9438000294031176,0.949737007058473,0.9328020379884947,0.9493625915857022,0.9406717907064446,0.950770198497828,0.9419330367328616,0.9363812700379178,0.9436119151141737,0.9373877672739053,0.9373778738477841,0.9540790695422725,0.9466658554383179,0.9445700952402346,0.93763052669172,0.9246192848616772,0.9428868926111742,0.9564742381966029,0.9426537020068699,0.9391051041404932,0.933505597362654,0.9453793554318315,0.9366748692953322,0.9468087229202342,0.9452750628013029,0.9499621190384329,0.9372283837390233,0.9480510058080347,0.9310134455058083,0.9340065781675224,0.9430882523234488,0.9416219398129454,0.9539337000652026,0.9499852930087633,0.9262935025947532,0.954263886398203,0.9380569111649455,0.9601468871156944,0.9377144932025056,0.9178318306794248,0.9380489863325614,0.9394944447211571,0.9478078307444043,0.9493231954701057,0.9324017236943798,0.9532445114040337,0.942658042507948,0.9269845196709365,0.9258057939838537,0.9580202223060735,0.9574003496043243,0.9365238172719219,0.9352821653736003,0.9466459389905625,0.9341105569612429,0.935957966146136,0.9417626226346946,0.9358534790099375,0.9396624216316157,0.9491988140412415,0.9450565843519774,0.9348786502722428,0.939735534307504,0.9515407022047878,0.9364761158713454,0.9467375970622766,0.944772536696517,0.9480606801606037,0.9451632641398298,0.9328871681151089,0.9342513324141586,0.9436215041750916,0.952499291116495,0.9353772679411727,0.9427967580573569,0.9417356203290074,0.00885767312320438,88
14.50692494392395,19.997200316726058,0.017443358898162842,0.045033594155789676,0.3148118030349409,5,0.896472573405416,2,4168,0.754653481010436,"{'learning_rate': 0.3148118030349409, 'max_depth': 5, 'max_features': 0.896472573405416, 'min_samples_split': 2, 'n_estimators': 4168, 'subsample': 0.754653481010436}",0.9282155801332076,0.9386800745870292,0.9408553510906529,0.9357855415864925,0.932126239394404,0.9301332727904371,0.9232620720412313,0.9331334725477828,0.9399727160816795,0.9185864624151737,0.8919892078343554,0.9135555603537375,0.9339550608475538,0.9398740432643323,0.9307516260744514,0.9332506092352855,0.9363203609969528,0.9393123052241857,0.9382244065164597,0.9168201078378099,0.9390520593443495,0.9232583468592959,0.9507557945417132,0.9254302207480969,0.9117224872691754,0.9369953053462359,0.932781696153187,0.922578295489673,0.9306460263745456,0.9305908552611916,0.9352916377444651,0.9310594596819027,0.9157181685877216,0.9359738776398026,0.9076664523169233,0.9312533354085992,0.9385468873797795,0.9323458378911504,0.9291620851182956,0.9240932351248321,0.923375422824277,0.9266497105518708,0.9121349085313086,0.9266062203481342,0.9414605891652263,0.9167258429152613,0.9207613316708859,0.9150550306114528,0.927165864838466,0.9369966494449575,0.9373799277170773,0.9314901826401523,0.937107355270599,0.91389925221527,0.9199849344615603,0.9265294726229812,0.942589688628469,0.9376758394565732,0.9429089654438723,0.9294299427037661,0.936359741890367,0.9332995304422507,0.9455618689189002,0.9396942735222736,0.9020141587875328,0.9164019211158565,0.926642203632672,0.9418367362300382,0.9310397703881443,0.9211306773969035,0.9430878941907598,0.9368468683773117,0.9177011294200222,0.9142635468656486,0.9504628729243266,0.9508979345873554,0.9354405842786448,0.9255933099282907,0.9319113106719745,0.922031889873925,0.921033009978154,0.9265083676494315,0.901760641929151,0.9296912481356185,0.9364908172700075,0.9271694179809874,0.9256024988937812,0.9344070089060055,0.9407839746296935,0.927449816600204,0.9464504484331252,0.9099699143203175,0.9414353945296042,0.9231424258708565,0.9173968887858893,0.928098106690147,0.9393048145044107,0.9351813838068129,0.9233372319308621,0.9475935229287463,0.9295067842441331,0.011086185948403084,178
33.45993067264557,45.619464911352615,0.09921429872512817,0.17140122739764896,0.009477580161406974,7,0.5762776490360921,2,4168,0.7166462117662614,"{'learning_rate': 0.009477580161406974, 'max_depth': 7, 'max_features': 0.5762776490360921, 'min_samples_split': 2, 'n_estimators': 4168, 'subsample': 0.7166462117662614}",0.9383486143012673,0.9503623746268638,0.9552769034749723,0.9492127373150092,0.9441665268516152,0.9521858129050618,0.9386831996490828,0.9489244266526711,0.9541137569835246,0.9426644250490639,0.9376695128756702,0.9346754273185528,0.9484640776883506,0.9541754907407421,0.9551472659498218,0.9528984773163156,0.9516904318586937,0.9473482092353084,0.9526805054779041,0.9282814761220879,0.9539248301528486,0.9334149020815137,0.9621501247588852,0.9432932705908574,0.9291620638743852,0.9473416315708536,0.9558849728393266,0.9385915419455838,0.95249169510588,0.9463157315312448,0.9557573623016825,0.9488013811470167,0.9379249377736943,0.9466532038972136,0.9423743083203626,0.9388097120190141,0.9562419940670466,0.9492255122016698,0.9515452528923286,0.9423784288643443,0.9353949457921119,0.9460395311080109,0.9557692179336875,0.9467997097462868,0.9454888087471657,0.9370236326508002,0.9498924848952801,0.942374528220526,0.9507564422390412,0.9496642108981391,0.953801671792744,0.9430868096194125,0.9515743101296714,0.936266418164941,0.9393298055394652,0.9481588064297525,0.9470278474452929,0.9562738643884062,0.955237868459468,0.9334434503367869,0.9569167919569178,0.9420112594504204,0.96020962806422,0.941490646391372,0.9251095138869948,0.9419605006226127,0.9451556741529012,0.9530825153909515,0.9533902283443787,0.93856551658899,0.9585488140781252,0.9457071219002454,0.932007737472425,0.9298771001039889,0.9601701801702446,0.9611162509574329,0.9399676674354355,0.9411625912090987,0.949313277846963,0.9367216932644651,0.9460136460772011,0.9500065647579984,0.9432392044746638,0.9447849463975155,0.955740908208441,0.9482313346098786,0.9398045176235684,0.9440023575745674,0.9570749149111799,0.9428902967997301,0.9532015373347776,0.9471140533996698,0.9556600983032124,0.9525070564214316,0.9392394235509458,0.941139199791876,0.9493068054356192,0.9553874009368056,0.9408321921137413,0.9496927841572589,0.946610108270336,0.00793052968617567,31
6.339461193084717,9.337127920609701,0.018720111846923827,0.055838448549224255,0.25566286825132806,12,0.8447686965101635,2,4168,0.6986024431356466,"{'learning_rate': 0.25566286825132806, 'max_depth': 12, 'max_features': 0.8447686965101635, 'min_samples_split': 2, 'n_estimators': 4168, 'subsample': 0.6986024431356466}",0.9141036870252713,0.9385427194511616,0.9375834554958822,0.927236518012934,0.9125926393370652,0.9112098307222332,0.9176964679213866,0.9318612730158843,0.9475386192240193,0.9148138782316495,0.9169354596962618,0.8967069007484983,0.9318570338153352,0.930313869216339,0.9345858136966099,0.9179404810525367,0.9320207217065821,0.9421077664623542,0.9374515171324186,0.8959549037155757,0.9298064211067656,0.9144147486256261,0.9456958469782463,0.9171466770588417,0.9035920026160962,0.9116411521544403,0.930605044940881,0.9265429930638558,0.9324866285861146,0.9232932413980048,0.9361476606546262,0.9259586069275342,0.9144382802714683,0.9362919507960323,0.9301916986626136,0.9080846513534715,0.9342670498396355,0.9338408519082936,0.9470102719528337,0.922824917586122,0.919278808059207,0.91921596833703,0.9202341988359192,0.9230703511407676,0.9307783258155744,0.9127249765932025,0.9311906035552497,0.9270041013753364,0.9302010545642125,0.9284127482410699,0.9356076437043375,0.9160714918104703,0.9267446741540267,0.9018059751462237,0.9170527399827141,0.9313231415495701,0.9305301501174689,0.9412613225528036,0.9398278371683965,0.8877654853304764,0.9427547005892705,0.9137165207304445,0.9441040614023195,0.9266778094929905,0.9042405816552451,0.9078514894346484,0.9286374146442271,0.9404559756003238,0.9380493733508086,0.9075949605790493,0.9336744071487296,0.9111876521079294,0.9180570530408143,0.9040183667722266,0.945183444359182,0.9470177854073555,0.9130213361921813,0.918308867579072,0.9305366274462772,0.9171940722005121,0.9270399297663702,0.9185621691982548,0.9185868144388781,0.915450738289922,0.9398582805511446,0.9280892851292047,0.9161503500968401,0.9183109142850485,0.937222068701171,0.9137892257993752,0.9404600225459183,0.9262722358185056,0.9305568264940615,0.9375990957804725,0.9263321796374046,0.9041240926551812,0.9249653864845709,0.9409553026746592,0.9103405977252046,0.9412981134543909,0.9249168197945575,0.012775466820761767,188
42.385938510894775,53.78638037800548,0.13148799657821655,0.19783540592482712,0.0020143801083789686,7,0.5198936688318733,2,4168,0.8996750943797756,"{'learning_rate': 0.0020143801083789686, 'max_depth': 7, 'max_features': 0.5198936688318733, 'min_samples_split': 2, 'n_estimators': 4168, 'subsample': 0.8996750943797756}",0.9320251763556096,0.947964872804637,0.9520590759894023,0.9490291608618308,0.9437073755396459,0.9512407517011264,0.937632114927395,0.9459486306331671,0.9522939491731371,0.940406346073044,0.9346708498482185,0.9324428842601047,0.9438699626136761,0.9523608470328184,0.9519842463098306,0.9498487472633891,0.9498274690501575,0.945674277920439,0.949565065550168,0.9261541506787485,0.9534143732343798,0.9277023020049026,0.9603618338825555,0.9383797101649674,0.9270719646284487,0.94544246338352,0.9530112689377036,0.9356764378297684,0.9515808714004773,0.9439797233416853,0.9532571088954376,0.9441858649462115,0.9362902331475231,0.9462483049774487,0.9391530617610182,0.9398837512614971,0.9556556007471586,0.947939047615908,0.9485782775030983,0.9395027267253541,0.9291279298969621,0.9437562991793385,0.9568427935300189,0.9442244367190745,0.9419774335359901,0.9360064889053702,0.9470040802764985,0.9385975742131836,0.9485313660832774,0.9470744604706737,0.9521689927684246,0.9398037405786428,0.9500825184856676,0.9318180236879282,0.9364387154147646,0.9462143199990127,0.9429708053925157,0.9545443938338313,0.9527054176716069,0.9304217460963886,0.9556096227893057,0.9408403982818381,0.9600610239666345,0.938660824379005,0.9222856329738018,0.9401414640600441,0.9423773466455149,0.9514183021120765,0.9511389497123542,0.9348300044548505,0.9557895913675438,0.9465672771892094,0.928723354713232,0.9284830523529058,0.9590119322100463,0.9592220351899788,0.9378628906924991,0.9371313461357862,0.9479077587868632,0.9349711243851468,0.9399308347450771,0.9464412546328572,0.9410892980089299,0.9416234853529167,0.9527028699921191,0.9471494883285831,0.9382866498878427,0.9424011347812319,0.9534676602408947,0.9393585685910716,0.949877900927503,0.9460321170099409,0.9533660490715932,0.9469211440730175,0.9369786097608312,0.9380286902893642,0.9467531231569181,0.9541267379564478,0.9392506649398011,0.9464317771855751,0.9441958440904594,0.008339483825877413,57
36.19748905420303,45.185777237633545,0.08820405960083008,0.12269665807200679,0.021492877622786812,10,0.5302754167783346,2,4168,0.9087200648184439,"{'learning_rate': 0.021492877622786812, 'max_depth': 10, 'max_features': 0.5302754167783346, 'min_samples_split': 2, 'n_estimators': 4168, 'subsample': 0.9087200648184439}",0.924576535155437,0.9438734478246747,0.9460440923048057,0.942503871737763,0.9344641943379598,0.9472948544691905,0.9319341323273387,0.9337564009522274,0.9477804057738136,0.9348916873752189,0.923687979877894,0.9259104781780851,0.9407837107398181,0.950351164909674,0.9454791271850933,0.9448375017785741,0.9457013156113027,0.9418707867844645,0.9407779213079244,0.921697026950907,0.9488687122106605,0.9163069537939641,0.9563238736813282,0.931742311878121,0.9177551530202332,0.940195144089416,0.9472331885276948,0.929504389225903,0.9459792938394589,0.9364425965141223,0.9474057274943056,0.936394326440939,0.9292742683052916,0.939331269983185,0.935453848023046,0.9317432426044998,0.9472613009246809,0.9394954663668127,0.9443366024131071,0.9308021539321502,0.9176431796649293,0.938355532707343,0.9549613098944437,0.9410370691942921,0.9333383299200954,0.9306478394959498,0.9421422414408285,0.9318557789998483,0.9413387386289085,0.9408838796766309,0.9453636649146503,0.9310593474643201,0.9437195193207895,0.9274958725438973,0.9297357378610918,0.9418548416411419,0.9382635642735841,0.9521404462073778,0.9490407861916955,0.9219286330760893,0.9486882873334236,0.9336081665877388,0.9542367611033201,0.9315066371534172,0.9133639629028442,0.9337769533199749,0.9367069699052708,0.9410095820632538,0.9455671700443928,0.9260309068943862,0.9501786732705115,0.9404515149283206,0.920488740269239,0.9221059212009725,0.9534136121727396,0.9553179084791203,0.9330129067371393,0.9287296750800943,0.9399122782631335,0.9312308524289675,0.9349957528503703,0.9364279014421382,0.9342022743692691,0.9350363187578883,0.9457471787798528,0.9442644768453309,0.936014890058811,0.9358301069974684,0.947500533791138,0.9326160558478369,0.9432205984060589,0.9413201090157999,0.9445306904134174,0.9412037571375086,0.9303300380295011,0.9303786672850514,0.9396307253241322,0.949801500564873,0.9262928643678202,0.9383052262073132,0.9377985991859883,0.009337549717026133,143
