mean_fit_time,std_fit_time,mean_score_time,std_score_time,param_learning_rate,param_max_depth,param_max_features,param_min_samples_split,param_n_estimators,param_subsample,params,split0_test_score,split1_test_score,split2_test_score,split3_test_score,split4_test_score,split5_test_score,split6_test_score,split7_test_score,split8_test_score,split9_test_score,split10_test_score,split11_test_score,split12_test_score,split13_test_score,split14_test_score,split15_test_score,split16_test_score,split17_test_score,split18_test_score,split19_test_score,split20_test_score,split21_test_score,split22_test_score,split23_test_score,split24_test_score,split25_test_score,split26_test_score,split27_test_score,split28_test_score,split29_test_score,split30_test_score,split31_test_score,split32_test_score,split33_test_score,split34_test_score,split35_test_score,split36_test_score,split37_test_score,split38_test_score,split39_test_score,split40_test_score,split41_test_score,split42_test_score,split43_test_score,split44_test_score,split45_test_score,split46_test_score,split47_test_score,split48_test_score,split49_test_score,split50_test_score,split51_test_score,split52_test_score,split53_test_score,split54_test_score,split55_test_score,split56_test_score,split57_test_score,split58_test_score,split59_test_score,split60_test_score,split61_test_score,split62_test_score,split63_test_score,split64_test_score,split65_test_score,split66_test_score,split67_test_score,split68_test_score,split69_test_score,split70_test_score,split71_test_score,split72_test_score,split73_test_score,split74_test_score,split75_test_score,split76_test_score,split77_test_score,split78_test_score,split79_test_score,split80_test_score,split81_test_score,split82_test_score,split83_test_score,split84_test_score,split85_test_score,split86_test_score,split87_test_score,split88_test_score,split89_test_score,split90_test_score,split91_test_score,split92_test_score,split93_test_score,split94_test_score,split95_test_score,split96_test_score,split97_test_score,split98_test_score,split99_test_score,mean_test_score,std_test_score,rank_test_score
19.630910012722016,0.6796267260095137,0.03208425521850586,0.0021205638769821867,0.034309977022776265,10,0.8255183999255711,2,4168,0.8993315400781986,"{'learning_rate': 0.034309977022776265, 'max_depth': 10, 'max_features': 0.8255183999255711, 'min_samples_split': 2, 'n_estimators': 4168, 'subsample': 0.8993315400781986}",0.9336357709368862,0.9437857986889993,0.9366712367898904,0.9421978182685015,0.9360452761961624,0.9338486598275392,0.9403119447961584,0.9433211098171383,0.9401730260305081,0.9368062346013284,0.9279233299249047,0.9278211177866432,0.9382127810330845,0.9446860703625143,0.9466599325159903,0.9473669722631688,0.9473897887938791,0.938621817028921,0.9370941130457895,0.9282356408718253,0.9487003635892138,0.9320957653276777,0.955785003887225,0.9410856731517824,0.9138549706435476,0.940840449209918,0.9436918670531566,0.926419375934623,0.9451119078306066,0.944521320448237,0.9523397166239973,0.9363761454350109,0.9320078041248001,0.9479595477465407,0.938189568113779,0.9423704503242399,0.9397906040089551,0.9403580960946787,0.9472561762774926,0.9376014780450905,0.9315980343356339,0.9333140115497525,0.9487832402765183,0.9364934474652603,0.940216649598225,0.9398022246497568,0.9386617668182811,0.9395020183046559,0.9410408175321824,0.9370176910472073,0.9388713970341656,0.9333356312967676,0.9533539907277364,0.9261028151163211,0.931807074216627,0.9472086108137514,0.9283502281254908,0.9428446908189727,0.9480075453126033,0.9211412477679883,0.9431093808518743,0.9424249667177379,0.9519423354353244,0.9337923119561389,0.9303543055169214,0.9422113163751354,0.9511628545868455,0.9381219262016036,0.9410408351107657,0.9311025191414191,0.9513762895820485,0.9369931452946829,0.932541301079444,0.9246146740972659,0.954780818324989,0.9527876904261572,0.9226367823720788,0.9356535733238291,0.9379323514142166,0.9441144871767378,0.9371658859961274,0.9407909905580218,0.9308712622412784,0.9292987627211426,0.9496923020070833,0.9474401092025233,0.9501187263948228,0.9362060215005624,0.9422467695610652,0.9352609202308422,0.9464910186817914,0.9462018330546396,0.9494039143572812,0.9394130836692388,0.9294081359687963,0.9437304953825257,0.936154552214609,0.9422968934960639,0.9336328807877462,0.9376609554752448,0.9393679723474492,0.007899473840380769,166
5.3062551712989805,0.11563789417772427,0.012486772537231445,0.0008039388324404791,0.16094119246640926,8,0.7102644796917272,2,4168,0.7257235182514921,"{'learning_rate': 0.16094119246640926, 'max_depth': 8, 'max_features': 0.7102644796917272, 'min_samples_split': 2, 'n_estimators': 4168, 'subsample': 0.7257235182514921}",0.9375733494446695,0.9427504276487138,0.9464978399725454,0.9414102076581361,0.9440384672900821,0.9452629688078357,0.9333569556537963,0.9471167012576943,0.9463234494078739,0.9393077137176822,0.9311645593530227,0.9294308071249301,0.9416916548540922,0.9428247281597616,0.9484857774433519,0.9486860633008597,0.9449339821277343,0.9425725057752171,0.9380963662335513,0.9230215798773437,0.946784568842255,0.9415337042568803,0.9532761362151088,0.9336472047883241,0.928060653099442,0.9391144068150171,0.9431385581617664,0.9214403107933511,0.9495522029400132,0.9443319742066606,0.9542451987464795,0.9395903550460886,0.9384128075958854,0.9361531510650727,0.9464921181171844,0.9422295550927656,0.949620239717816,0.9336720028219672,0.9459274292220295,0.9342572086092857,0.9284113426264611,0.9439041215955886,0.9527685856161203,0.9385163238693489,0.9471740425704901,0.9429467453198934,0.9441501438435543,0.9414118044979178,0.9329007551209868,0.9453752563442891,0.9467144440012539,0.9355076005391414,0.9548087583840651,0.9301164312528605,0.9338564555980378,0.9455360613586113,0.9340604794341182,0.9464720564794384,0.9501107473533266,0.9297835518371598,0.9416749464717985,0.9475979220948331,0.9505450813100302,0.9314930657946723,0.9201004260497347,0.937037317004179,0.9489569483395058,0.9419971739030374,0.932311329006775,0.9335049555023928,0.9563966182472584,0.9280327795794576,0.9351106968719317,0.9280284066233316,0.9540438764045125,0.9565433064652398,0.9251443985565362,0.9380254113955775,0.9464922712661226,0.9431701108193716,0.9484166085982292,0.9414485690457406,0.9254169774686988,0.9376732472202534,0.9502769204289735,0.9481172534748615,0.9480681440963397,0.9402643197237909,0.944377305532566,0.9334355037042336,0.9475945459542472,0.9461115688802393,0.9524019289604233,0.943176645808672,0.9252621178482143,0.9330631317375219,0.9398692829033232,0.9457358535527255,0.9276542946351345,0.9462280989029729,0.9408135095908841,0.008300650776242499,159
3.4385557079315188,0.09385728049583297,0.0096342134475708,0.0007082950739666785,0.20267695188333315,13,0.4934133071510458,2,4168,0.7422756934537176,"{'learning_rate': 0.20267695188333315, 'max_depth': 13, 'max_features': 0.4934133071510458, 'min_samples_split': 2, 'n_estimators': 4168, 'subsample': 0.7422756934537176}",0.9315949916186077,0.9316927167545347,0.9374190233517219,0.9434126956245483,0.928225813088939,0.9340546138276499,0.9265404970992722,0.9425346061469978,0.93839881439532,0.9265706611820731,0.924067122237256,0.9036133143328239,0.9297087319890853,0.9326594934493598,0.9449564771414253,0.9406067202347157,0.9441492296396453,0.9411033664513285,0.9372136461783642,0.9156445309077375,0.9356141839212284,0.9309866862649679,0.946556634473199,0.9289829227521249,0.9053761069357951,0.9241329331752347,0.9286513806558249,0.9147115617488215,0.9428551781740248,0.931411442912086,0.9467057645695515,0.9309334079870465,0.9247528036831745,0.9356229615708127,0.9347337025941069,0.9409182008948282,0.9437297914598077,0.9209260885065529,0.9356106326734506,0.9233077520902881,0.9339720229895383,0.9338028627149457,0.937619298545888,0.9282043732975765,0.9285005299001281,0.9278805715131585,0.9245161906548109,0.9334359814909794,0.9350082480379537,0.9351033200583464,0.928595517008859,0.9352916592410879,0.9439788509769096,0.9302882099711663,0.9238364137244054,0.9422346068562123,0.9234247693226694,0.9379188981585997,0.941703605668387,0.9328005226555025,0.9348614935314078,0.9276446742533163,0.9460131817467126,0.9281248591173755,0.9203039751100265,0.925470048943386,0.9475901978807058,0.9316544302665786,0.946942714360501,0.9190714031489886,0.94642110955444,0.931028576622113,0.926539855432072,0.9114286041609362,0.9427015591012003,0.9418596509473435,0.9231395735217167,0.9345274572293578,0.9337119256791447,0.9286492064710454,0.9382410897540777,0.9230639721546998,0.9324262179371199,0.9302360523308595,0.942400711149915,0.9439679615607144,0.9296971958251178,0.9250104443723062,0.9391015800907733,0.9341209170280635,0.9360861274094214,0.9290344827977829,0.9474021468467807,0.9243592785792314,0.9273073988834599,0.9292941289230406,0.9353894057636075,0.9378146889242784,0.9230623978956608,0.929206254706175,0.932437106054929,0.008864490489806823,188
4.115875060558319,0.13598971884952232,0.01088090181350708,0.0010374156602384953,0.13420186966472852,13,0.563207966534582,2,4168,0.890300529340937,"{'learning_rate': 0.13420186966472852, 'max_depth': 13, 'max_features': 0.563207966534582, 'min_samples_split': 2, 'n_estimators': 4168, 'subsample': 0.890300529340937}",0.932186504854325,0.9385019769890721,0.9374500975175035,0.9336370615365209,0.9397348266698582,0.9392057203244113,0.9384718670849885,0.9413264423531464,0.9364503319684306,0.9352353977430081,0.9219728503377054,0.9190365711504831,0.9431960370777858,0.944841116984397,0.9434758591679696,0.9466377810591026,0.9443711503038282,0.9333209488894376,0.9341498875205387,0.9233515119711363,0.9411429627099576,0.9197445120017498,0.9527607835407406,0.9355076659029373,0.9120387422183407,0.9395430104030387,0.9384756436034487,0.9253316666460828,0.9390094996929947,0.9389418971128403,0.9507299300533598,0.9348695026058088,0.9262892963155595,0.9443724376619159,0.931398808553082,0.93667617617029,0.9473527178790047,0.9354401209349691,0.9416522629879818,0.9331119855717681,0.9274708403331549,0.9327704699160985,0.9479839684321272,0.9201007255985402,0.9288378278487552,0.9348722328531711,0.9313599447065949,0.9392029757352722,0.9387823546337366,0.9297589557538184,0.9345985160037671,0.9321946205033002,0.9500740707207952,0.9259290733888262,0.9290577085089207,0.9444072872664838,0.9340672483251313,0.9371211429793889,0.9472372640609777,0.9277758645480485,0.9385498868788965,0.9438564863289582,0.9509127882110558,0.9253911367894795,0.9272044064843732,0.94325800672006,0.9500794455527221,0.9213845699926203,0.9420759862636408,0.9252486465814064,0.9476074157252896,0.9424485618778382,0.9278018506515028,0.9159728333620377,0.9490817047358113,0.960220494883777,0.9237228732982747,0.9355864051785049,0.9362419434219134,0.935234176365676,0.9412899823677334,0.9373546802758483,0.9361892009696363,0.9291854040150856,0.9458349279233876,0.9428479482213975,0.9430216397200963,0.9351391558654156,0.9333426405486949,0.9375676841895925,0.9434037835862575,0.9508081054464942,0.9460242901824084,0.9429911874138497,0.9244466117711633,0.9363048603843642,0.9413539306154635,0.9334913924279709,0.9288703937454754,0.9360103563054654,0.9365190445146605,0.008816644896257357,173
13.143595981597901,0.18980555956068115,0.0605383563041687,0.0028887601229998297,0.011478916201752568,9,0.3467468889128293,2,4168,0.8888719962112984,"{'learning_rate': 0.011478916201752568, 'max_depth': 9, 'max_features': 0.3467468889128293, 'min_samples_split': 2, 'n_estimators': 4168, 'subsample': 0.8888719962112984}",0.9419095517387477,0.9484182447987455,0.9466387373360571,0.9469354620443299,0.9466750910207757,0.9489179789234026,0.9424973671197522,0.9477194987252021,0.9444870550326298,0.9412816134059081,0.9376455147929716,0.9340506010430804,0.9463597917761234,0.9500124946965093,0.9498579607747002,0.9530456823485556,0.9541532564427172,0.9451790321297028,0.9436603497738301,0.9314467231196826,0.9524682326036297,0.9254300051555283,0.9595995829422207,0.9385085772530146,0.9300769441862662,0.9463550525449432,0.9521210582316959,0.931959702276289,0.9533615211832378,0.9501355997532221,0.9559372506805521,0.9440217494376602,0.939142485323909,0.9514243865273199,0.9389375916305707,0.9462107644071482,0.952255005394746,0.9460213109375502,0.9485430728691843,0.9435192141113551,0.9381173393444425,0.9407538971521747,0.9524801867215795,0.9441368700882233,0.9437171121024973,0.9469765616156139,0.9409280788712192,0.9446512832473953,0.9486413969939398,0.9460596315036579,0.9519542331240146,0.9459115140885311,0.9559544826334881,0.9349304203045486,0.9393291440130174,0.9472201410511819,0.9421499804735795,0.9512052912575688,0.954563100241275,0.9387775875757446,0.9464913944587844,0.946993403825953,0.9568679567071233,0.9434624728818677,0.9364518251761987,0.9498021907131764,0.9476168297632896,0.941253527295484,0.9487796196491134,0.9376690870335835,0.9562944995896216,0.9510890255086738,0.9401641234547985,0.9281419848800534,0.9582387149050489,0.9583097604067189,0.9420312888583173,0.9436029808134953,0.9449825070829405,0.9432819943540034,0.9397381298897646,0.9435227895361884,0.9467029786437912,0.9466509398379852,0.9511513346291063,0.9495968871673458,0.9419071874898264,0.9454712606703138,0.9493803267476565,0.9406528025523728,0.9517503156471535,0.9510761642370628,0.9518002262390214,0.9488577714100916,0.933377530084143,0.9416714363736888,0.9498323881751888,0.9512822054198576,0.9435031180607251,0.9449293480314822,0.9455975969509818,0.006669385972672417,104
15.707490329742432,0.28359289056734377,0.02054023265838623,0.00092936703574382,0.11252755476052344,5,0.9035772568372358,2,4168,0.8750524870215068,"{'learning_rate': 0.11252755476052344, 'max_depth': 5, 'max_features': 0.9035772568372358, 'min_samples_split': 2, 'n_estimators': 4168, 'subsample': 0.8750524870215068}",0.9435742725770263,0.9420266954353842,0.9465531742128271,0.9490364674363243,0.9473610110710154,0.9377465280336685,0.9429141953796166,0.9439049403729567,0.9499748018789658,0.9471321951294088,0.9219547382965942,0.9330019443281661,0.9434471515256444,0.950139367650166,0.9485302223441573,0.9567851528647994,0.9534501262321399,0.951091276132339,0.9505407040626355,0.9307049449251662,0.951478349240028,0.9415574979465529,0.9600189851435619,0.9431058748227136,0.9318900525596545,0.942354200924032,0.9546153863635688,0.9321970840141028,0.9486691121242907,0.9522487900397497,0.9518880379158242,0.948503397115054,0.9405306811541689,0.9444570781392877,0.9433723478451379,0.9443580709283721,0.9507028213783791,0.9493275105262858,0.953025894071494,0.9440804629869408,0.9470891462925832,0.9402781574348898,0.9549552672374426,0.940731842305469,0.9460496332197197,0.9350004194761912,0.9470645497583281,0.9444558807999472,0.9506475430881851,0.9517580508596087,0.9497757431711897,0.9505080269260388,0.9576373693190189,0.9374593479392516,0.9374054247230585,0.9521122794832243,0.9459165563751049,0.9509091544581366,0.9523652159861519,0.9382949922031003,0.9452892522439987,0.9455202881179919,0.9555814586837945,0.9419682702383813,0.9332488499412029,0.945961386546906,0.9577780608287062,0.9467844265835075,0.9481611835666731,0.9322569333335686,0.9573566285023842,0.9487758330422752,0.9408613876017629,0.9339170148981907,0.9540163922391809,0.9593696477249237,0.9333395080376881,0.9459943293343533,0.9449612166299285,0.9468299096301592,0.9495503056670751,0.9486390502716506,0.9382143590040481,0.9399995137283486,0.9561944327181899,0.9504831096141338,0.9471307254681037,0.9420018299476886,0.9509581850056732,0.9448830018514693,0.9515462324869403,0.950534152506792,0.9579998746318491,0.9479144253980033,0.9404396293629762,0.9405320867759078,0.9489214850509231,0.9527645914350873,0.9395264695911942,0.9444561347777869,0.9460932771920425,0.0071184346550302105,95
25.352353332042693,0.32132338290601037,0.04554822206497192,0.0018393388455441727,0.02182672713652882,8,0.729429006999116,2,4168,0.8426212864018037,"{'learning_rate': 0.02182672713652882, 'max_depth': 8, 'max_features': 0.729429006999116, 'min_samples_split': 2, 'n_estimators': 4168, 'subsample': 0.8426212864018037}",0.9440922384510401,0.9470678364231384,0.9449488588050547,0.949546192478273,0.9442890151283013,0.946129717099229,0.9471956068757792,0.9487759981891675,0.9469898016798266,0.9431101718387556,0.9364538128027149,0.9338605552818956,0.9447097596869898,0.9494520165059369,0.9527079510497924,0.9506058289849495,0.9506190728697459,0.9483810873599164,0.9449128608733252,0.9309325949021596,0.953113276614223,0.9408695793654028,0.9592578561926426,0.9417447917797036,0.9299236468215678,0.9446867523636806,0.9528377011392474,0.932780721168128,0.9522838531662184,0.9501745320919228,0.9558184841567838,0.9450856882311267,0.9415432902504999,0.9500803253744591,0.9421997009337074,0.9455803786467699,0.9501109972438344,0.9476743256791359,0.9532431547956736,0.9419051044152276,0.9411132525912629,0.9409173079571937,0.9543235562546694,0.9457949323632439,0.9441218255368848,0.9478050674695689,0.9434544276647668,0.9458834805875345,0.9456922094524214,0.9454954984047912,0.94804567975644,0.9457481879587353,0.9568342682737897,0.9355651962905948,0.9365200111115803,0.9508524693715336,0.9380444906653636,0.9512128301179227,0.9530437300996922,0.9292657087966036,0.9480849477186758,0.9495720501243844,0.956340077363477,0.9391167438364741,0.9374501525040382,0.9474481983851888,0.9555164801125373,0.9436175963219113,0.94509375468541,0.9334817009486077,0.957514982962573,0.9490081271854963,0.9406416270271734,0.9273956439956869,0.9576840355857229,0.9576414986976047,0.9380172986529052,0.9418773124421385,0.946559871266058,0.9461776216643094,0.9467588369379526,0.9487613511013316,0.9429029031442696,0.9392081126174794,0.9546340566313725,0.95168092131719,0.9518561357690074,0.9437820568750227,0.9502526232921901,0.9397499590467207,0.9500395398572764,0.9503152793543176,0.9555710120261206,0.9476168693620377,0.9367331585793781,0.9466061232389611,0.9437271862552271,0.9502417268682045,0.9411924485033093,0.9469848476240349,0.9459228413832232,0.006675235653464789,100
13.39798103094101,0.2499083243784994,0.02819469690322876,0.0016257699612525606,0.04074815560860463,5,0.6381938749367917,2,4168,0.7162553812160863,"{'learning_rate': 0.04074815560860463, 'max_depth': 5, 'max_features': 0.6381938749367917, 'min_samples_split': 2, 'n_estimators': 4168, 'subsample': 0.7162553812160863}",0.9505270238550947,0.9535473198547966,0.9494949763914365,0.954237355626669,0.9479487268261079,0.9448031851305603,0.9494190278020785,0.9535636205407663,0.955156271946772,0.9495791791309736,0.9374234636314605,0.9402105722063815,0.9550018486409643,0.9537540276549985,0.9572316524845915,0.9573657300854455,0.9581369508509683,0.9490703403175025,0.9564738568369359,0.9371360618471194,0.9540307740387028,0.9424575975712232,0.9653916352134414,0.944750865470966,0.9415617436130486,0.9482721292786847,0.9582823762503713,0.9429158772824906,0.9555226567652011,0.9551461950708797,0.9604605420101197,0.9544702315682239,0.946101221452382,0.9502732662776656,0.9474107854167384,0.9488077184568211,0.9534978612941434,0.9525057973683361,0.9557506115370766,0.9484432891341279,0.9494301114068832,0.9492970318178104,0.9584953640988448,0.9460781218056826,0.9502651978414155,0.9489430450511344,0.9513298863723609,0.9524552246966034,0.953044354989881,0.9522988501153605,0.9516515998011897,0.9490894200132359,0.9629074844583146,0.9364923678133509,0.946449692426504,0.9535357860132544,0.9445995886591263,0.9558281827366734,0.957781688011216,0.9407196806758995,0.9509958542987434,0.952350019886508,0.9598447319264367,0.9497810490390245,0.9415189500220298,0.9529470756192678,0.9568127754966674,0.9520133063761977,0.9494754766814919,0.9405344422075209,0.9651997985141488,0.9598306174126089,0.9455025803682212,0.9345027109571353,0.9593382276641296,0.961721957843681,0.9362955358451449,0.9486352791685603,0.9488915500387711,0.9495173321522838,0.9515986847439347,0.949699129660245,0.9475231445218678,0.9507370053280005,0.9598759066373967,0.957940376995739,0.9447545920820074,0.949956332221477,0.9528464176040418,0.9491610478821578,0.9594828422345799,0.9539305476430245,0.9620826688862633,0.9521829637901772,0.9433842248248834,0.9459304174593283,0.9501105178658795,0.956873555898178,0.9508766960263342,0.9511274908833758,0.9510261088024446,0.006375704600455542,16
16.688378036022186,0.25637782067058845,0.04384277105331421,0.002611936900623857,0.00787169111132696,7,0.6000233430178148,2,4168,0.7797632208827519,"{'learning_rate': 0.00787169111132696, 'max_depth': 7, 'max_features': 0.6000233430178148, 'min_samples_split': 2, 'n_estimators': 4168, 'subsample': 0.7797632208827519}",0.9463124292768152,0.9504645610375306,0.9497842328689361,0.9519223478504865,0.9483683001426849,0.9518141748386258,0.9488279063964575,0.9548118058233668,0.9523875421711936,0.9475131779664866,0.9362137518609015,0.9395313532895206,0.9504020284173034,0.9542012909898988,0.9562068052659236,0.957003985622682,0.9560707275831984,0.9507989170549205,0.9504540866468606,0.9377904359514031,0.9543659250816691,0.9359417860887589,0.9633105634579773,0.946086483928677,0.933510506334616,0.9498536501202979,0.9562992253079932,0.9387994022834398,0.9557324153086129,0.955308163618987,0.9589775593794538,0.9511842208374468,0.9431012612076262,0.9514488422560954,0.9449387492535682,0.9512645994213323,0.9543163087889867,0.9513916527354258,0.9545098083720956,0.9468053948949224,0.9413378834981345,0.9446115336347458,0.9574463369543494,0.9482801533685274,0.9468871041664946,0.9498528629164575,0.94752744156515,0.9515172048120482,0.9519202091126387,0.9506997065683142,0.9518575409726779,0.9497553369227125,0.9587491592717129,0.9397032190715846,0.9443925375117819,0.9531019732744642,0.9461651298468939,0.9550810875780406,0.9565879505965319,0.9404344213809498,0.9506227895893866,0.9508044630035393,0.9591926925421675,0.9468073376393455,0.9410219702059618,0.9541177576522877,0.9571756564275051,0.9483226117698342,0.9487099789519258,0.9418733209568796,0.9616524778439157,0.9523758336502658,0.9441065380753269,0.9351060828690452,0.9591110591885387,0.9605327236129017,0.9415726024000886,0.946056489022683,0.9484477512810168,0.9486639105428231,0.9494404005850966,0.9497342981585448,0.9485234354697981,0.9495128902157091,0.9574109132755517,0.953687558824943,0.949750658574458,0.9479081832308317,0.9536328384638503,0.9429236597797547,0.9566152487034401,0.9541183542414438,0.9590700359465726,0.9518950994081228,0.940629775899024,0.9471129027076596,0.949426606091642,0.9539942453676682,0.9480238071296837,0.9514159318249266,0.9498503606388156,0.006128697080341658,31
13.741969509124756,0.2494250237629063,0.07807166576385498,0.004847142243932848,0.002204408027866876,10,0.42196109783371993,2,4168,0.6368187333479057,"{'learning_rate': 0.002204408027866876, 'max_depth': 10, 'max_features': 0.42196109783371993, 'min_samples_split': 2, 'n_estimators': 4168, 'subsample': 0.6368187333479057}",0.9455062562798817,0.9493295571547725,0.9501638403421749,0.9487555244995827,0.9480435453019804,0.9531527366369626,0.9478760190229876,0.9518275314987178,0.9486695381402797,0.9457463217258592,0.9367682772322296,0.9348907883199414,0.9505820573071463,0.9520116700247971,0.9549517244925413,0.9549931688307526,0.9573747435375,0.9497753270263686,0.9508257619127508,0.9355034224493947,0.9557712289556983,0.9296178707225881,0.9620838899671966,0.9449020496937015,0.9324874446892895,0.9484855980538273,0.9548915368833432,0.9380757658894952,0.9545645989575283,0.9523890154939442,0.9582346191630696,0.9483050783042967,0.9429618693855557,0.9528758651324702,0.944778864859237,0.9491135031102615,0.9541138191310029,0.9468807149151153,0.9544489922343374,0.9436095746562476,0.9424593062306582,0.9465610834436234,0.9581509615661545,0.9467514258593689,0.9456659288548939,0.9466564455276193,0.9468509896838714,0.946259247800916,0.9514657387804728,0.9487636639019209,0.9531456987994074,0.9474333346671125,0.9573552695167793,0.9396280124364096,0.9436318117889486,0.9499009240810911,0.9444974103826699,0.9544289621894285,0.9564616822376995,0.941508597185693,0.9487627243208113,0.9499641880974454,0.9582504301103725,0.9475194363696646,0.9379974357862423,0.9536051473544856,0.9545504017302522,0.9436146835929847,0.9505030472592144,0.9408647696279276,0.9594535076985568,0.9492670213108834,0.9430085638242358,0.9340768348788189,0.9604371684927054,0.961044074166291,0.9422428004805093,0.9464045128829119,0.947488395808581,0.9444978722737559,0.9473369402426269,0.9456944601747187,0.9483914858787382,0.9478793530921078,0.9561081760328339,0.9529975051623972,0.9481969172769814,0.9480679973066793,0.9534757121419322,0.944190492420832,0.9553975543131209,0.953380237378651,0.9553854395511793,0.95183216081835,0.9386527925242307,0.9466075505972208,0.9489071803232085,0.9530596564738083,0.9468328538615596,0.9496064087792752,0.9486847009728667,0.006357482757540329,48
23.802429745197298,0.6926195122483569,0.05795513868331909,0.004126370313847418,0.01480199922593233,9,0.7311375937791238,2,4168,0.6934767629369737,"{'learning_rate': 0.01480199922593233, 'max_depth': 9, 'max_features': 0.7311375937791238, 'min_samples_split': 2, 'n_estimators': 4168, 'subsample': 0.6934767629369737}",0.9445439963345348,0.9499841668972203,0.9460615346600812,0.9491527240341957,0.9467928973015152,0.9478681956740179,0.9465540470519614,0.9510930672263951,0.9478073233868667,0.9455632241831733,0.9365765944998574,0.9346019837186325,0.9477487148673541,0.9508033741114831,0.9538994708174051,0.9522242475854708,0.9542226379117714,0.9501963491885503,0.9464050587415653,0.929683118747569,0.9554086882359556,0.9392626681798659,0.9615888855731369,0.9450038462780321,0.9303850287450808,0.9453047929176104,0.9547766132476229,0.9371975468622653,0.9531576363027543,0.9519056377316331,0.9577673351331553,0.9485874218306504,0.9417050205084042,0.9509208497567107,0.9459413479343487,0.9479679940680155,0.9525257321860743,0.9471820902028504,0.955421226612416,0.9414078850439411,0.9397813821229565,0.9451900437071348,0.9542295966754047,0.9459397560061826,0.9468041338205804,0.9471282954885878,0.9484573537075197,0.9500008571308302,0.9496273663765892,0.94644899828265,0.9493287398993054,0.9452388021893731,0.9587498159727404,0.9358023708438123,0.9412034869749383,0.9505516281894919,0.9426643964596535,0.9526036528065224,0.9555233877495455,0.9374772740739252,0.9485622165928244,0.9503028129906239,0.9564671169777617,0.9425525693282841,0.9390528358735059,0.9485395291675884,0.9576796926872294,0.941650328762651,0.9473258275743893,0.9393895440612849,0.9595558473557978,0.947444186158589,0.9429803695811607,0.9329061996490621,0.9598636998259099,0.9591255513235127,0.9421372481947619,0.9431196642004613,0.9462701258874673,0.9466890726311651,0.9496382088122779,0.9479194754033957,0.9460806398483731,0.9417436545088107,0.9566672871150503,0.9544812682518395,0.9520381416265771,0.9473706883211185,0.9512600694253589,0.9438968061128328,0.9510534457295617,0.9516084523568629,0.9566029833531795,0.9506553271518037,0.9368568154053372,0.9453747257685946,0.9462990926847172,0.9517120521956408,0.9414441157792807,0.9514817031302409,0.9476375170457277,0.006473387962015782,69
12.588887186050416,0.2052776932499775,0.033699936866760254,0.0013026257314886153,0.019230985848199402,6,0.3926818835585638,2,4168,0.9455311449794073,"{'learning_rate': 0.019230985848199402, 'max_depth': 6, 'max_features': 0.3926818835585638, 'min_samples_split': 2, 'n_estimators': 4168, 'subsample': 0.9455311449794073}",0.9472817003377159,0.950737478196316,0.9505370233355153,0.9500752061728065,0.9478498394171253,0.9497805201304136,0.9483036724721895,0.9540560667895024,0.9522362219852264,0.947552999293203,0.9365801748693201,0.9374665715001684,0.9506401459687082,0.9547471030054914,0.951858714800261,0.9579500868272953,0.954498380287339,0.9510960542734004,0.9521510938893092,0.9320382466608214,0.9549914006783848,0.9308639323392387,0.9646604264545668,0.9440700155697084,0.9412067959555205,0.9526517342219997,0.9557002803608031,0.9360303422529435,0.9536964694522353,0.9551436093021707,0.9583331827130113,0.9532248337251372,0.9437099244843647,0.9509484465102471,0.9415124352926747,0.9492576686951839,0.9540958167794061,0.9512979098653708,0.955328373471365,0.9467057525172662,0.9469756013970652,0.9439509330815645,0.9578042229162678,0.9451223087445656,0.9467991891998347,0.9508379505792445,0.9435447894125885,0.9502478724403888,0.951066251625544,0.9526356367354817,0.9517309967652825,0.9497833684081316,0.9593145000878216,0.9349348258889497,0.9426635924207587,0.9511211935713642,0.9450396746656398,0.9536917728126204,0.9561587930930877,0.9427464544509967,0.9514505189206546,0.9520862661545442,0.9590957529592512,0.9445249003440037,0.9396649323087767,0.9529243198768729,0.9559365809177772,0.9493452384897694,0.9516878745356829,0.9407495693786248,0.9599516428422679,0.9526113877313456,0.943849816571727,0.9365298292134813,0.9605894479038327,0.9588080032744644,0.9440578322449492,0.9461347296596173,0.9485825318001828,0.9431528981841795,0.943567424022322,0.9478960834235116,0.9482158373473032,0.9500254602713165,0.9542895717520697,0.9517340755180809,0.9419375674054399,0.9490350935834275,0.9530120618826228,0.9462123119105014,0.9583071243795734,0.9540477072868787,0.9568012742545335,0.9526644064527389,0.93733737916724,0.9476363105603146,0.9507478409039667,0.9554923939589434,0.949717137342283,0.9473560937972757,0.949348038076833,0.006470503890792879,38
7.90681227684021,0.16769643262673659,0.0304587197303772,0.0018997630785041848,0.058894059575253024,7,0.4099061789374698,2,4168,0.675271908931688,"{'learning_rate': 0.058894059575253024, 'max_depth': 7, 'max_features': 0.4099061789374698, 'min_samples_split': 2, 'n_estimators': 4168, 'subsample': 0.675271908931688}",0.9511469623673218,0.9494694654575772,0.9492429198853821,0.9497266201121369,0.9507378296087162,0.9516757144848139,0.9475100396448111,0.9502633864308161,0.9501661664277511,0.9477490276769238,0.9411498086778114,0.9362969200939032,0.9492699030594592,0.9536253095762515,0.9545040696245859,0.958658033754097,0.954099614905135,0.9518123233289078,0.9498715869717299,0.9326193109265764,0.9562545447555691,0.9225772384285231,0.9610803720097753,0.9410714743235005,0.9374516739267229,0.9450744109480526,0.9555263593800263,0.9317732561701374,0.956206261132641,0.9479971217790424,0.9542464274276189,0.95009816065349,0.9447891314850999,0.9502126806684456,0.9400764909638608,0.9493415257651971,0.9512308173215458,0.9490975532029615,0.9540466719252478,0.945337639532488,0.9446404643207574,0.9463070575760606,0.9561544332730969,0.9463458021078301,0.9452423234763451,0.9502672191833594,0.9384288777752288,0.9491051263086309,0.9471282934589229,0.947951045940602,0.9539657909766927,0.9463016354219019,0.9567063460327431,0.9433559602013037,0.9408716001128393,0.9466323786538744,0.9415498958065935,0.9533455234694327,0.9548301623988407,0.9407257491074041,0.946668635540773,0.9494874717793496,0.9543051962532473,0.9481744675584028,0.9422089130522788,0.9516700163040672,0.954089731312584,0.944574607710564,0.949569732899059,0.9365349655339542,0.9597584070933151,0.9527082133879683,0.9415443278214999,0.9348494420939583,0.9576808199705199,0.9588614654651243,0.9468712887210835,0.945567505940388,0.9489831213535515,0.9449140035444915,0.9457456244058312,0.9460709320256799,0.9416552424994464,0.9512544913591908,0.9534058217381378,0.9515428037629314,0.9425277306276143,0.9505004565221408,0.9533293662581943,0.9436820735016807,0.961107756485218,0.950385046297051,0.9543367428220287,0.9493992777850375,0.9337178445573298,0.9418592680772301,0.9480259198208686,0.9511166362231626,0.9506894940511548,0.9484568766786037,0.9481077224925183,0.006648018622158017,63
28.072061409950255,0.37459993178767764,0.053826212882995605,0.0024082446157561053,0.013154903428519675,9,0.7035132276732117,2,4168,0.9410460479419269,"{'learning_rate': 0.013154903428519675, 'max_depth': 9, 'max_features': 0.7035132276732117, 'min_samples_split': 2, 'n_estimators': 4168, 'subsample': 0.9410460479419269}",0.9395908370215723,0.9457935267982955,0.9422712475426069,0.9456793890902235,0.9413191691528191,0.9430521031915609,0.9433066350459702,0.9453588339785363,0.9434101168791686,0.9424550717583468,0.933178352380659,0.9311664833300246,0.9428768396762721,0.9465490709505242,0.9501766956138501,0.9513862130551829,0.9488316857234814,0.9438792712269313,0.9421628173236599,0.9336221460580348,0.9489192812281532,0.9226598274294447,0.9560196814596098,0.9412504095172723,0.9252650596143228,0.9437001831818621,0.9477965483875787,0.9290436706452977,0.9509699264423854,0.9488897858488887,0.9552865180896151,0.9428268869590953,0.9382198859322075,0.9497674787505439,0.9403063102432352,0.9431401984158468,0.9467585628403131,0.9438179704651812,0.9474549770540093,0.9407693637990617,0.9354389161297717,0.9332944056931785,0.9541649325722299,0.941569661100857,0.9417530920475959,0.9446114690527861,0.9425327746662157,0.944925931724238,0.9455709156201793,0.9412999246930167,0.9431290451224531,0.9397321520157638,0.9536279834337724,0.9348954972145609,0.9343679572638064,0.9471640998954274,0.9314687658611263,0.9464200460026894,0.9518993508728865,0.9326463436610791,0.9449783258653957,0.9405280446267777,0.9566983308899115,0.938508612723394,0.9339828549193315,0.9441852555473988,0.9534806622260964,0.9418766377704588,0.9457067773209076,0.9359273955401861,0.9527867439086749,0.9442145738352059,0.9365551140785738,0.9286380726979178,0.955066665983526,0.9525507203225351,0.9323450576618599,0.9382513158448533,0.9431471244713806,0.9453337298115,0.9353295506059837,0.9424503384103091,0.941498426336053,0.9368378560255082,0.9518467114951478,0.9488960292349125,0.9496168741829162,0.9423381090643127,0.9440080422993137,0.9421904270018651,0.9478988814650667,0.9496050151207767,0.9529466174862001,0.9448134870152012,0.9302775874007794,0.9443681363784211,0.9413450709328742,0.9485086040666004,0.9387233382555876,0.9439931538551406,0.9430169656942414,0.0069237703652365165,142
6.76576140165329,0.125615431903899,0.02311837673187256,0.0011491165256224335,0.058787488174591576,9,0.4287208298911828,2,4168,0.8147337384172095,"{'learning_rate': 0.058787488174591576, 'max_depth': 9, 'max_features': 0.4287208298911828, 'min_samples_split': 2, 'n_estimators': 4168, 'subsample': 0.8147337384172095}",0.9417549219228477,0.9448879342444498,0.9492783536843049,0.9457501689810659,0.9474978346327424,0.9496830909429238,0.9467821592811789,0.9480217737738201,0.9480880648675369,0.942406480174803,0.9349706390216462,0.9314716890810812,0.9477420357445764,0.9481415053471466,0.9482234050487653,0.953213544353233,0.9519733239017137,0.9478797464036889,0.9442187427633225,0.9240763272757546,0.9532856636754022,0.9245725797953155,0.9588131366600854,0.9398940687684708,0.9291968387890929,0.9477068520130199,0.9489135819888823,0.9281282406580164,0.947970877290802,0.9465919307295381,0.9545204340401279,0.9438533255788769,0.9371330263016237,0.9478133057416169,0.9402112636222164,0.9462829192505037,0.9478636425162935,0.9445238828779344,0.9487057810833418,0.9410012676042684,0.9410138142927642,0.9438188999305762,0.9537627531708674,0.9413800009613223,0.9415634932654012,0.9401508949353794,0.9381245377714896,0.947012351547721,0.947641222363787,0.9475908965003329,0.9479804200107347,0.9400686363550494,0.9542509384716178,0.9381582116772836,0.9389582334303871,0.9456683922933287,0.9405931786338326,0.950007127149235,0.9517327411351553,0.9406416169406185,0.9470656937328585,0.9456043455654886,0.9577146114672208,0.9416611451348486,0.9357800188604102,0.9496519947161712,0.9494479196206825,0.9391897394160045,0.9447872093487819,0.9395285980092064,0.9572571687450825,0.9451540081233044,0.937581658579154,0.9262742324231794,0.9553568983175744,0.9601845669425322,0.9339298454462641,0.9433940589622342,0.946957688781072,0.9422401522166335,0.9425959095064481,0.9396745976658112,0.9464190242217547,0.9412062483314844,0.9534246825803473,0.9478288534409268,0.9467730071560874,0.947433865378826,0.9477241640734663,0.9399316591194417,0.9531776705028111,0.9490730381639242,0.9480461209907157,0.94749603883386,0.9295673863481636,0.9383682366693659,0.9390829604887415,0.950450350367294,0.9390101257269586,0.9465293361590764,0.9445573755140312,0.007077442712336304,120
14.504768676757813,0.25208766567286306,0.06307153701782227,0.005726004040862773,0.0074256256636144845,9,0.4770112689529312,2,4168,0.6106544380455997,"{'learning_rate': 0.0074256256636144845, 'max_depth': 9, 'max_features': 0.4770112689529312, 'min_samples_split': 2, 'n_estimators': 4168, 'subsample': 0.6106544380455997}",0.9475074637256052,0.9507848024779788,0.9511456512812937,0.9515307750449327,0.9494738930314772,0.9528890859536749,0.9490759720793055,0.9530309855521666,0.9488097878292278,0.9458778708650246,0.9373351767113394,0.9362470080395089,0.9498837692823083,0.9526224700900014,0.9550115198164284,0.9561815587166147,0.9579915575755665,0.9511262723350198,0.9515302310603313,0.9358257535086756,0.9564207549569348,0.932782489974861,0.9628367703769684,0.946133668651197,0.9336523671676037,0.9489816209000411,0.9563136724597061,0.9400849328494323,0.9556500590970198,0.9531127475337084,0.9596827852561548,0.9489261025968966,0.9444578831424586,0.9532334159182663,0.9478198131039275,0.950217853310263,0.9541952116369574,0.9478330406800295,0.9554352208114891,0.9448299657522181,0.9431472505870624,0.9477059348258103,0.9594716690711966,0.947174749559228,0.9463039592330377,0.9494607700826696,0.9480869129813523,0.949226490277149,0.952510421596193,0.950360691718695,0.953559283636754,0.9482496231647766,0.9579920638330286,0.941965229780976,0.9453068431704961,0.951631003720655,0.9442603512959211,0.9544382803590971,0.9569692492960483,0.9431265442364355,0.9502652495320042,0.9501494755467355,0.958419840671538,0.946925071644041,0.9390383074233639,0.9524006453848222,0.9570321563639042,0.9438379807296585,0.9510168446602197,0.9423716974206546,0.9613408665995421,0.9516992414658293,0.9451253358368983,0.9346764195502675,0.9606924740159501,0.9619850160636608,0.942668075828536,0.9467342334817119,0.9496393659381059,0.9492647640970039,0.9482778204687431,0.9486622074638372,0.9503719951285513,0.9490187839311759,0.9571464441789569,0.9538048067928002,0.9502733538157989,0.9479071364257667,0.95430490467746,0.9451237600097456,0.9570022720374002,0.955153431300357,0.9573334382540363,0.9538519374711123,0.9399714279155508,0.9458960708607721,0.9500797095412854,0.9559845993786013,0.9475724153813498,0.951668409619011,0.9498211729048595,0.006244774081870553,33
21.420628259181978,0.890147558862887,0.07857524394989014,0.005413758363643396,0.003542301979862929,10,0.519294212142261,2,4168,0.8664566840767005,"{'learning_rate': 0.003542301979862929, 'max_depth': 10, 'max_features': 0.519294212142261, 'min_samples_split': 2, 'n_estimators': 4168, 'subsample': 0.8664566840767005}",0.940781851168443,0.9478595931489296,0.944329031220099,0.9453062218791447,0.9438233366400433,0.9484616878520914,0.9438370417383195,0.9475915754911006,0.9462157569412513,0.9435792907901064,0.9348230792435483,0.9322704228039446,0.9455529421016272,0.948698559073044,0.9522621915373244,0.9530206720669863,0.9527914721412791,0.9458619464978413,0.944934595514439,0.9335306200714044,0.9507792583221514,0.9288658425278814,0.9582593371689686,0.9413322998124874,0.9268608118227527,0.94479895033318,0.9519323292333965,0.9327632795526121,0.9525719390710785,0.9491718109787525,0.9559533385913543,0.9442105297525227,0.9405036643458854,0.9501462431727518,0.9429096038770887,0.94597147648673,0.9490795552105027,0.944949823232374,0.948882490199854,0.9419503470692935,0.9368532792986869,0.9409445128522756,0.9556101471634576,0.9442665435086047,0.9407856177595717,0.9458882113317172,0.9431134950070907,0.9444568662879149,0.947448237575698,0.943815368083847,0.9503478673546588,0.9447535313281004,0.9552620394029121,0.9358419301455927,0.9376551453250852,0.9469692608584923,0.9393970098685988,0.9518279076081213,0.9533576964014084,0.9372741410606114,0.9462051823400216,0.9477352716952261,0.9565175824872766,0.9432682413833477,0.9346111153083185,0.9474589048916977,0.9515951870935432,0.9415087413373334,0.9495111413781981,0.9369411060997089,0.9556630793550286,0.9484210734058127,0.939028501798236,0.9310427292312284,0.9580079753094705,0.9591240370726178,0.9386158439715728,0.9413261071339413,0.9450801691542442,0.9449394805609872,0.9435582989991068,0.9431109539341904,0.945545444188393,0.9429294905741288,0.9529188351517962,0.9495661279102745,0.9469036546580393,0.9443961483854063,0.9485283331350362,0.9419081190069042,0.9508925409079296,0.9514660960020825,0.9535940848279427,0.9474281740683955,0.9343675439356924,0.9436550252937725,0.9465982546924868,0.9503650343655382,0.9427830066544831,0.946818791230317,0.9453722905583475,0.0065140467146913746,112
3.0459047102928163,0.07002201130471378,0.008975975513458252,0.0008225641182211455,0.2734032352073796,10,0.34288512029063584,2,4168,0.8022354374607745,"{'learning_rate': 0.2734032352073796, 'max_depth': 10, 'max_features': 0.34288512029063584, 'min_samples_split': 2, 'n_estimators': 4168, 'subsample': 0.8022354374607745}",0.9167996190020192,0.9235813718312901,0.9301020214605855,0.9178254593106816,0.9279229105683805,0.9342786013959364,0.9092248459066561,0.9118763643258452,0.9274905854764547,0.9284400246336966,0.9229433666799809,0.9208011305673861,0.923555503468148,0.9277576568976276,0.9295503165241504,0.9384883947353168,0.9349187324154633,0.9313736756137443,0.9277289976961557,0.9085252083425249,0.9378116652786641,0.9380866327092486,0.9382314547517903,0.9180545497705378,0.8860466602641408,0.9117464048352113,0.9409566361649025,0.9032601760389934,0.9340654783034029,0.9246459596113326,0.936826546701115,0.936119456108292,0.9062294479531795,0.9196310261731723,0.9275698054311616,0.9311431746384736,0.9251498298777623,0.9250827857345774,0.9353641727909359,0.919544625567399,0.9296567980885228,0.927377835920231,0.9258237916126251,0.9333553647294961,0.9097177091146567,0.9283042431892147,0.9321932811529953,0.9240004386492214,0.9331779879955902,0.9153748608836954,0.9201821326074681,0.9321639790314168,0.9391157759426653,0.9306390342419678,0.9113053313757131,0.9340820800232138,0.9216079361024396,0.9382639862892005,0.9241671897564362,0.9058288880580723,0.9341673659042383,0.9306484483848401,0.9515689773588296,0.926969410608071,0.9264862597366758,0.9280277090802974,0.9294333572344894,0.9192230584445232,0.9210725029895269,0.9099602939630477,0.9410581652335342,0.9286318527100376,0.9263219874386941,0.8959355207853787,0.9469789800874097,0.9442516801423908,0.9320605346991203,0.9219937991978333,0.9299291673952079,0.9124025894211764,0.923706748849851,0.917051089241036,0.9306820699008416,0.9338091504482396,0.9341029258578929,0.9275440542208815,0.9305879051277596,0.9169119550769962,0.9269522679003694,0.9250050692233562,0.9393371165586275,0.9414524472196772,0.9363797229699353,0.9275867377562405,0.9175078517737305,0.9167913895883528,0.9406648439265967,0.920808672724471,0.9255919430969184,0.9243710543574548,0.9261905659695573,0.010711317674302183,196
16.95531688451767,0.25054328834385586,0.027526462078094484,0.001974634065414941,0.06549741060235847,5,0.9023229491727829,2,4168,0.7385529462805007,"{'learning_rate': 0.06549741060235847, 'max_depth': 5, 'max_features': 0.9023229491727829, 'min_samples_split': 2, 'n_estimators': 4168, 'subsample': 0.7385529462805007}",0.9470973740207319,0.9506882771922645,0.9498886790152106,0.9554440443764948,0.949498476057315,0.947121486504261,0.9525780014689414,0.9552855299187678,0.9514939755504574,0.9449678746095702,0.9336939849473812,0.9335389437184902,0.9501173651538987,0.9500936071868061,0.9560406472541901,0.951139378355576,0.9537092167525071,0.9536070285682374,0.9564132819526383,0.9301205113672005,0.9557501848832859,0.9506919146169543,0.9632563375077046,0.9432742598775778,0.9319647939265794,0.9526079195519545,0.9563452108073154,0.9385158496880238,0.9539511205852437,0.9542193922120353,0.9590982968641528,0.9505565487474711,0.9438359622968056,0.9511985532928429,0.948312471012121,0.9491860604406713,0.9503667016750058,0.9498889005865131,0.9523029759048554,0.943203978251757,0.9461716019819091,0.9473263902955216,0.9571990562211585,0.9454530435872838,0.9458287830363336,0.9460481286954007,0.9456088017079902,0.942903963203641,0.9499307528419417,0.9535042969798655,0.9540207476417968,0.952060388753159,0.9575734136035299,0.9388774756766893,0.9442257384760209,0.9524373644941524,0.9474637515689415,0.9489940188636877,0.9573599559441895,0.9408382282355366,0.9500941880498198,0.9481882483795284,0.9594524499842696,0.951801402081698,0.9406975235213768,0.9544687305452192,0.9575970861921069,0.9526973046239845,0.9413560130124612,0.9375649925532309,0.9635673476063286,0.9529217768782818,0.942721502817115,0.9316231633428053,0.9584140354503338,0.9595761867457617,0.9363607161606472,0.9465882736655472,0.9481162927249777,0.9473658283912674,0.9468499214159783,0.9473617257861513,0.9458475706425304,0.9512225725239868,0.9599530590288489,0.9527724621345386,0.9437057966184943,0.9462772958135148,0.9525882234008047,0.9455580282459165,0.959495132951413,0.9499996792669063,0.9592035802132169,0.9524201844533359,0.9376001969286109,0.9426211872908705,0.9515349538499348,0.9536428601879133,0.9466051269839947,0.9488701699920657,0.9492019380896434,0.006884012281747907,42
3.5173916935920717,0.3353981417193645,0.009504635334014893,0.0009919984589659193,0.3147454283856185,12,0.5971235036366592,2,4168,0.5532549058138174,"{'learning_rate': 0.3147454283856185, 'max_depth': 12, 'max_features': 0.5971235036366592, 'min_samples_split': 2, 'n_estimators': 4168, 'subsample': 0.5532549058138174}",0.9227769409233557,0.9061780005856391,0.9297632683757501,0.9205801689199381,0.9157756016381751,0.9236919007128495,0.9225089319506208,0.9263323605649092,0.92546369290964,0.9223092920142731,0.9057779026379976,0.9243785571355039,0.9240645162079224,0.9254915106663253,0.9354869077956105,0.9385464626823633,0.9381144874428268,0.9295511810822163,0.9201772110206293,0.9127475227206571,0.9237857228972018,0.9157675373899,0.9334717714694338,0.9209067149187925,0.8892431378907234,0.9138599042106562,0.922849828460617,0.9273137837091603,0.9269455104717381,0.9045401600332096,0.9325886586999516,0.9286440114300111,0.9058694559765265,0.9277982777965804,0.9195117682745729,0.922692670658763,0.9190459780186631,0.9147892392570187,0.9414576958245697,0.9016107462956392,0.931500874262166,0.9245111813557539,0.9218275996623584,0.9194773413743326,0.9291485531311686,0.9232217729176503,0.9275461757649853,0.8985098699689296,0.9262148883030339,0.9345995448990079,0.9358944335875845,0.9051398528621912,0.9396556963832736,0.9103640326477538,0.9002273246989905,0.9286001489582034,0.9105064018113155,0.9234751332702246,0.9333554277936948,0.8723581017101963,0.9145354187996839,0.9176826197373353,0.9523828456566695,0.9078585558965679,0.925882035789435,0.9264866128146239,0.9267935171793975,0.9094078925572195,0.9017705826944977,0.9094846710498834,0.9359606428229134,0.9264075715939954,0.9185230042331775,0.8925042923133641,0.9369853119730751,0.9534530692233486,0.8805023475559614,0.9210673023424787,0.9210165865080828,0.9142685868619498,0.9195569630599293,0.9295526499760002,0.9008540461303801,0.9249856404465399,0.9337091413093423,0.9166123293842062,0.9124460348529213,0.9219144839950485,0.9261918513942163,0.9014023710261645,0.9352644249852853,0.9268251119608061,0.9404128599387752,0.9160292837308728,0.9100691207411924,0.9159059768376807,0.9227908876892139,0.9331103052059156,0.9322953934601479,0.9190132198102303,0.9209045891057228,0.013328765998821986,200
16.491366686820985,0.48860286010779286,0.04983690023422241,0.005200351136598521,0.01970268772826537,12,0.6143991414158105,2,4168,0.8294170684987832,"{'learning_rate': 0.01970268772826537, 'max_depth': 12, 'max_features': 0.6143991414158105, 'min_samples_split': 2, 'n_estimators': 4168, 'subsample': 0.8294170684987832}",0.9371906975675547,0.945502629151158,0.9473249392149197,0.9439156001720983,0.9434259623219814,0.9458362375105167,0.9419563396183823,0.9488619435269346,0.9467280349808621,0.9404613690060306,0.9341391242644693,0.9311322600684152,0.9468374674575115,0.9467809673492722,0.9511422879206237,0.9515389613816174,0.9490946605912606,0.9428650609702142,0.9438496304687012,0.9274817650189029,0.9522028006669981,0.9248836455429286,0.9586197611773111,0.940601640765749,0.9237505962799394,0.9442130773765169,0.951838503964664,0.9329748587487717,0.9491984477296324,0.9491083736284514,0.9534283457002942,0.9423823276599318,0.937249140896115,0.946762987537946,0.9431849029619732,0.9447696776857544,0.9487930086156657,0.9418999458487298,0.9490064977203924,0.9391943619745907,0.9343069188131405,0.9415935014690586,0.9526880096311816,0.9392406329070553,0.9407367437672975,0.9440422459559773,0.9448239264716761,0.9463147482464314,0.9447874054254789,0.94370555469455,0.9453662041355791,0.9441630535638927,0.9516103782485186,0.9354210817523793,0.9350514714380009,0.9456588295941214,0.9406986493575632,0.9485594430834366,0.9526660916191719,0.9363751964764924,0.9453258387975262,0.9464252536418842,0.9559051762662245,0.9396858112061686,0.9309365597718804,0.9452859628688028,0.9532852384299346,0.9357276386565789,0.9486964381820926,0.9331908612839128,0.9546437878772492,0.94593044831367,0.9378892211623187,0.9298171346993849,0.9555654762829834,0.9577664387386722,0.9356090696349313,0.9369729612240096,0.9415935095057325,0.9438124289247882,0.944848129060296,0.9435042393466693,0.9425375516093331,0.93840745225712,0.9526449577733284,0.9464019487327303,0.9487050341643308,0.9396204589542173,0.9473067426495048,0.9387065070713985,0.9511477207434492,0.9519971095312979,0.9532708188242899,0.9458267124094342,0.9361276667836738,0.94283590519011,0.943413543441344,0.9469707552319514,0.9402337845172625,0.9447034987446099,0.9438121472019987,0.006957920563759196,135
5.483768293857574,0.16010094905283034,0.011419563293457032,0.001272374685963925,0.19115907462495102,8,0.7373263013539815,2,4168,0.7790064005873156,"{'learning_rate': 0.19115907462495102, 'max_depth': 8, 'max_features': 0.7373263013539815, 'min_samples_split': 2, 'n_estimators': 4168, 'subsample': 0.7790064005873156}",0.9411535374944583,0.9425670809979205,0.940972736921967,0.9489787295073429,0.941810042360744,0.9436414701703967,0.9367605220565786,0.9467585121934045,0.9468518109859433,0.9370197705672113,0.9307741858569826,0.9287038547975504,0.9362113477446244,0.9408746677951366,0.9478016969337139,0.9479963940709831,0.9477161894203845,0.942099101358847,0.9376303046994441,0.9290248691695444,0.9449660052633205,0.9291733338639563,0.9556454709732356,0.9355026431005081,0.9306606364870407,0.9438404901059021,0.9421398754417128,0.9303823442692127,0.9420486750300162,0.944236839564871,0.9497493208020061,0.9418945579644804,0.9357316440620372,0.94648952732349,0.934545868861726,0.9389770951597987,0.9509033816752822,0.9494486657699324,0.9414816576553818,0.9291038875596508,0.9236882376309803,0.9262739166427383,0.9395010921425097,0.9401523509625965,0.9422290367318508,0.9391887874413976,0.935926018692494,0.9459746232413877,0.9401519714105104,0.940846653762996,0.9473656970533165,0.9343935698461292,0.9557593876592714,0.9329394732689689,0.9305319367814123,0.9490129057141743,0.928613229273527,0.9458171692091439,0.9502800779999119,0.9169172535847175,0.936442912344496,0.9444573871213587,0.9518837256388433,0.9353722475100611,0.9327238805881664,0.9464825318894327,0.949590341538487,0.938387499862439,0.9459398613502417,0.9295565341020728,0.9533804347632641,0.9432448112459331,0.9380889833716719,0.9272337300330927,0.9527572326633728,0.9504662019500154,0.9297466075505101,0.9322753012873123,0.9455894201139003,0.935652782303143,0.9300524263723534,0.9454633894234581,0.9347900625170038,0.9361072809610624,0.9482353684219751,0.9437974740200302,0.9429862909610967,0.9382156714767728,0.9488106156067514,0.937807817784801,0.941698012629533,0.9407498689045813,0.9522131442306284,0.9409867682983647,0.9322644255279947,0.9401033845193786,0.9350625982201409,0.9476826939763547,0.9290960584595231,0.9392732936526615,0.9402250120827906,0.007687216847097518,163
9.638851294517517,0.21490849041370286,0.037559618949890135,0.002231126173613399,0.007905759575680264,6,0.38328835821838003,2,4168,0.6596977658090665,"{'learning_rate': 0.007905759575680264, 'max_depth': 6, 'max_features': 0.38328835821838003, 'min_samples_split': 2, 'n_estimators': 4168, 'subsample': 0.6596977658090665}",0.9521618756348128,0.9532561969684193,0.9540075552355562,0.953673457792158,0.951897660182055,0.953684183527844,0.9527632065308506,0.954316866590297,0.953764769610659,0.9491029714142586,0.9399790002268295,0.9398577848002145,0.9516958137467327,0.9556808485751049,0.9561584507487039,0.9594165061388632,0.9587309311354999,0.9525505364485995,0.9571490079390341,0.9389538140233266,0.956957230838531,0.939882190147538,0.9658974087286539,0.9485633710772553,0.9400619889758305,0.9533127080999515,0.9584595753797158,0.9429448940030885,0.9575239941658824,0.9573898339171114,0.9604796538422191,0.9557618944312395,0.946586155849503,0.9531603400169567,0.9451940973849432,0.9525117131463889,0.9574258923476764,0.9540634469846989,0.9561989762771143,0.9479447020841205,0.9460388028835126,0.9505245821385406,0.9618137266287662,0.9494207435926676,0.9503645385076605,0.9512652126094182,0.9511157687108502,0.9504286962478316,0.9532649135482004,0.9546925399745275,0.9566645761886756,0.9530030127190678,0.9608651362241898,0.9426374524520469,0.9477315628994044,0.9548951729669852,0.945534917035385,0.9566543245931621,0.9602556195499229,0.943906231161592,0.9514007792815847,0.9518423995964539,0.9594263601877422,0.9521452655566426,0.9422949724414494,0.9556525104015136,0.95775900082239,0.9501154783204627,0.953766865142771,0.9439607786854969,0.9644126794607348,0.9552346675527092,0.9467358643206987,0.9368233856787571,0.962352406924272,0.9626210068966422,0.947460951759841,0.9502259250139836,0.9516729838301903,0.9471635190041058,0.9519183662350783,0.9485309493374974,0.9512322974708791,0.9517154473405591,0.9581125729084959,0.9562623013132424,0.9484166712738062,0.95169753248557,0.9571380783040717,0.9486637953643162,0.9596154910954757,0.9540540697394451,0.9587841871122691,0.9547974910822115,0.9437030197409225,0.9473876009986788,0.9543842613636309,0.9575364317778782,0.9504234069137935,0.9520757816008607,0.9522971658993776,0.0058863109143144285,6
13.011116366386414,0.24176762442469854,0.04888150453567505,0.0019376675653133637,0.002099302779853093,7,0.41157455805695187,2,4168,0.8408431353009675,"{'learning_rate': 0.002099302779853093, 'max_depth': 7, 'max_features': 0.41157455805695187, 'min_samples_split': 2, 'n_estimators': 4168, 'subsample': 0.8408431353009675}",0.9458464455206446,0.9504111154783037,0.9507631261573437,0.9486528028452013,0.9477000685301081,0.9514025618749222,0.9466239341681884,0.9519922524082761,0.9497632678022854,0.9461876349575512,0.9385844591323708,0.9358872163706553,0.9497939892602472,0.9536108739538283,0.9537594029441009,0.9569291310764486,0.9561971975139694,0.9493688641927196,0.9496821334013384,0.9328764300446094,0.9545390016279629,0.9316751057280341,0.9621063240787953,0.9444284067845898,0.9333904672848159,0.9484712806828806,0.9548996865537627,0.9373103610843425,0.9544690630683471,0.9532840025276935,0.9578228861941678,0.9491296319021802,0.9421793576514669,0.9509795790444191,0.9432663034118489,0.9495803021519325,0.9524891682064561,0.9501960446217641,0.9533862671440434,0.9451113494253706,0.9417413268203699,0.943896482417705,0.957584922158953,0.9476508502970113,0.9448729942248639,0.9487832292210314,0.9450548926686224,0.9477759240492096,0.9500694052043388,0.9500814694411683,0.9538682773495754,0.9491183906803857,0.958109849893073,0.9381249496883495,0.9426979819446761,0.9507631462577127,0.943719677964354,0.9545641667608082,0.9561462685188034,0.9401244489582252,0.9493579484560613,0.9500168325259749,0.958033417227245,0.9475270707184389,0.9392982405638284,0.9524489075611839,0.9549069641883151,0.9466509918666973,0.9504308493217734,0.9399503330527974,0.9595652096027676,0.9514909009446775,0.94371027551098,0.9337149203141998,0.9604514882811518,0.9598604034247469,0.9432726663304642,0.9460221580344357,0.9475939623704849,0.9455032199747928,0.9451987287153973,0.9467993631331704,0.9489992928936043,0.9488704621480905,0.9560554299075369,0.951364079351709,0.9460872025620303,0.9492461287477054,0.9534175862284594,0.9434732165877749,0.9561947826803836,0.9532280919294224,0.9558832965611819,0.9516988895452758,0.9388889895065635,0.9451315230703056,0.9487429235323599,0.9543664230609007,0.9464086052518235,0.9493662862803399,0.9486872421329227,0.006316794558893839,47
18.581062767505646,0.234454505581478,0.05103407621383667,0.0014864613192816284,0.008952858170585108,8,0.5661338573527634,2,4168,0.773315271193567,"{'learning_rate': 0.008952858170585108, 'max_depth': 8, 'max_features': 0.5661338573527634, 'min_samples_split': 2, 'n_estimators': 4168, 'subsample': 0.773315271193567}",0.9454595607248493,0.9495121637554038,0.9493061398590963,0.9504398594813974,0.946628177219288,0.950705685774185,0.9469606785230619,0.9527348123384781,0.9495507238011567,0.9453236196745267,0.9379492574716446,0.9351937131766813,0.9473182980025404,0.9511617036434916,0.9531822739682209,0.9544351318275155,0.95638586596045,0.9488434444715724,0.9476958679193798,0.9364208683617795,0.9552340094083276,0.9329183949884564,0.9608324564890801,0.9439596281542618,0.9296259274381489,0.9486767427436098,0.9539174152632186,0.9379682562378596,0.9541020244726964,0.9520309829021016,0.9580131645331188,0.9482055835428483,0.9415921316766908,0.9511122023131876,0.946871744556854,0.9500856308719112,0.9521523843141158,0.9492559808989673,0.9537824374763626,0.9450947861091239,0.9424296314759025,0.9452924899930136,0.9574191481951791,0.9472168452201039,0.9459058145992463,0.9458804715793657,0.9470536751551412,0.9504407798929376,0.9500665241751327,0.9499953151319751,0.9523057285540341,0.9473282923301315,0.9580814830453971,0.9369647818306426,0.9427158348825511,0.9504279881132919,0.9425626177838566,0.9528007501995703,0.9554981494313333,0.9374540236967848,0.9496752829047009,0.949922165383233,0.9588389545982002,0.9461428786644027,0.93987297924095,0.9516605014060567,0.9541000348752828,0.9444767015347736,0.9484582025405979,0.9394317398262694,0.959504027770869,0.9502322226184666,0.9436097752351371,0.9340850176806292,0.9590026676922921,0.9591850563548713,0.9414675560632123,0.944981050423085,0.9457511137460868,0.9477897366182111,0.9471464504145021,0.9473868300302342,0.9472028132181612,0.9472880038129504,0.9562910472198606,0.952008613401564,0.9500009706544175,0.9471903474747757,0.9516270001106703,0.9430081907153828,0.9547229328677881,0.954027096980749,0.9568545119476404,0.9517158015630724,0.9372695265294922,0.9463966995209626,0.947404225248102,0.9523520925284881,0.945877929270086,0.9506865484819925,0.9483312537279948,0.006233465802658712,58
29.263212149143218,0.3599778300670622,0.09511611223220826,0.0033456030770998052,0.004699090486003942,13,0.7288114078786097,2,4168,0.6565132929283641,"{'learning_rate': 0.004699090486003942, 'max_depth': 13, 'max_features': 0.7288114078786097, 'min_samples_split': 2, 'n_estimators': 4168, 'subsample': 0.6565132929283641}",0.9412408811335146,0.9494757124291647,0.9465894467208205,0.9494446496894552,0.9461991997025734,0.9477321292669417,0.9466569513773673,0.9517855040733331,0.9483220156029846,0.9437540497121357,0.936538061277983,0.9312661635814102,0.9474013615938075,0.9502137648577034,0.9536668360876188,0.9539465618875232,0.9549190455738903,0.9470504294582714,0.9488399040961141,0.9330421334929235,0.9539243853641644,0.9392025084306638,0.9604602807863761,0.9432765290978395,0.9256332118951923,0.9459030860483991,0.9544407744734295,0.93699105072443,0.9518109763237962,0.952875919735219,0.9566542047176285,0.9457456485191446,0.9407076232866128,0.9507097017858166,0.9459314281552,0.9471524818714069,0.9520118091364597,0.9469319385686097,0.9546074358449106,0.9407686922799074,0.9412196769129466,0.9437969153350225,0.955766666601338,0.9436888462759293,0.9442108222868676,0.945204504699488,0.9474305703337325,0.9462771168206795,0.9479633994845672,0.9472027892770801,0.9486069487084827,0.942279448122417,0.9575045730638474,0.9400133243043025,0.940546010738787,0.9499988071195292,0.9400339083036844,0.9524341324850907,0.9545978691199917,0.9379098892412101,0.9459101187995506,0.9487146826144259,0.9576107983284413,0.9448950332326066,0.9358147282416938,0.9476328919496875,0.9555285937999729,0.9391927899372245,0.9460043599043956,0.9382656735405724,0.9588822396224576,0.9483603662477404,0.9423587577954171,0.9325082626322587,0.9580221249765879,0.9605933920895882,0.9350290835883287,0.942736262067596,0.9448371282569547,0.947713004411566,0.9494865333229977,0.9465289222638531,0.9460476741457795,0.9413861614220798,0.9552556307909792,0.9512750485794667,0.9516790787044009,0.9428150080179156,0.9508975819370731,0.9427751671368373,0.9511534262737533,0.9513316906194941,0.9563561399919753,0.9488775857446712,0.9361054865812407,0.9479020079688117,0.9452105389260252,0.951914923008294,0.9410688752581584,0.9501150479566393,0.9468930352858324,0.006683343263791608,82
10.90519569158554,0.17193665231202837,0.027406795024871825,0.0008519726435558772,0.09007975215349343,5,0.47952557638509563,2,4168,0.7829529791145666,"{'learning_rate': 0.09007975215349343, 'max_depth': 5, 'max_features': 0.47952557638509563, 'min_samples_split': 2, 'n_estimators': 4168, 'subsample': 0.7829529791145666}",0.9501573339737716,0.9490268567327892,0.9468704448109493,0.9446342873633157,0.9510061443903536,0.9489331469819863,0.9492612229546372,0.9507128840227731,0.9516370681982294,0.9476399973631857,0.9341798303743375,0.9434207966751569,0.9475630906296241,0.9482836008989131,0.9535913449434025,0.9567741020012777,0.9551012802231001,0.9476231759946635,0.9522523893369308,0.9341373366964864,0.9549440557126218,0.9449170302036924,0.9645177418586433,0.9435812249209621,0.9314039087055924,0.9456332647926416,0.9562285345684937,0.936737797682315,0.9518830950320831,0.9547139432592755,0.9521337002329437,0.9524675327794548,0.9485118475011729,0.9488800903808354,0.9408236144350828,0.9498836776086593,0.9532699317964947,0.952731463337886,0.9532171788166158,0.9418137169376992,0.9455994432472971,0.9465377579778284,0.9544670584276549,0.9444958375132569,0.9476951576863114,0.9446956539077254,0.9420663385406544,0.9455574275234631,0.9478112888919189,0.9478233221965939,0.9515975231390721,0.9500015998360358,0.9532813923333262,0.9324102481465152,0.9415508793626586,0.9530206191476268,0.9455179321237424,0.9465372224994556,0.9566619906535827,0.9422571480790428,0.9457300961141664,0.9518802445664534,0.9563675174789434,0.9535479616122431,0.9389559345537184,0.953935057462138,0.9557520054120348,0.949528635987824,0.9494602912672994,0.9385889385740802,0.9601532891859805,0.9580092037893926,0.9388383653121956,0.9336973360873355,0.9577196238723727,0.9583610181968827,0.9445827339434233,0.9434813195874492,0.9461221471148924,0.9476437276934402,0.9521407261293576,0.9458334885402248,0.9468769648495212,0.9470339717640529,0.9583464264859427,0.952857272969224,0.9402866942571532,0.9496438673831996,0.9537196140988572,0.9400307783051253,0.9515562872271962,0.9485810637776736,0.9562808521866425,0.9495687117988083,0.9406053134877698,0.9438405195316079,0.95020335179277,0.9528410290891554,0.9475168376291867,0.9475007548007308,0.9483830550027927,0.006292849869413477,55
20.481222422122954,0.3626470470579469,0.03502644777297974,0.0010673945931733752,0.04291901388569427,7,0.7062131452903928,2,4168,0.9132119825742047,"{'learning_rate': 0.04291901388569427, 'max_depth': 7, 'max_features': 0.7062131452903928, 'min_samples_split': 2, 'n_estimators': 4168, 'subsample': 0.9132119825742047}",0.9423602153604278,0.9486573007559562,0.9437646092455302,0.9473320327332866,0.9437945771758521,0.9460733122990124,0.9472331044678439,0.9478487012717182,0.9435962910092106,0.9432334355180911,0.9374832305925335,0.9336231222298674,0.9436737761462659,0.9504231305684032,0.9533850778103162,0.9542560771371449,0.9526948302043657,0.9463116970639115,0.944821434895996,0.9301081486817291,0.9529251633498775,0.9286295300184226,0.9578019128427417,0.9397035241299223,0.9327243326613515,0.9473261095937933,0.9560942516570933,0.9337562306454925,0.9497783053693858,0.9522111688909928,0.9566261740425126,0.9457876270602064,0.9412456163191609,0.9475088874130321,0.9428806463542245,0.9443718063808396,0.9522775355324167,0.9462880288936268,0.950473517038958,0.9450044202566303,0.9403846268905247,0.9425410559404894,0.9556413890495398,0.9450634297232317,0.944611698204202,0.9478279338163604,0.9407837687788468,0.9477645892133088,0.9479927884341746,0.9439647332174579,0.9491934216517499,0.9459966016548214,0.9556378519910178,0.9366733154902388,0.9377586046320865,0.9488464680382458,0.9383188411055999,0.9493528476158515,0.9529531077588224,0.9333617894179245,0.9480983178820475,0.9466371925660579,0.958678472291471,0.9416228436160856,0.9358890201592291,0.9485280154430702,0.957367865906574,0.9473691245061088,0.9460327589365602,0.9362695850254281,0.9584003222308264,0.9519147434350199,0.941944370404355,0.9304601755509242,0.9571497924250408,0.9552035891680348,0.9338231189523396,0.9421691886430397,0.9429552090034461,0.9452096823049847,0.9352992204474545,0.9462515939529142,0.9397401806861361,0.9440811296957579,0.9546590198396998,0.9512519468886208,0.9488395214736416,0.9429395026341766,0.9472024851636154,0.9386527090608554,0.9481251950687233,0.9514285952886439,0.9555737478619768,0.945679659190797,0.939338911049272,0.9468402167710243,0.9460269678282426,0.9511272854812033,0.9412346492750767,0.9474458985246403,0.9457621958087574,0.0067578171839838,101
18.901841576099397,0.2411464792261732,0.026578986644744874,0.004034858727307491,0.06770330433633677,5,0.8267634387057252,2,4168,0.8338849407061293,"{'learning_rate': 0.06770330433633677, 'max_depth': 5, 'max_features': 0.8267634387057252, 'min_samples_split': 2, 'n_estimators': 4168, 'subsample': 0.8338849407061293}",0.9475753434020058,0.9478922609503941,0.9486832335824429,0.949166102971375,0.9470017608240427,0.9405299889585003,0.9498382579369617,0.9520950845967124,0.954138597693462,0.9462295603105582,0.9363721219663457,0.9386295281829867,0.9544501824619107,0.9513201105431376,0.9537027004134196,0.9565800260285474,0.9559777225838294,0.9517044341882406,0.9548522129194628,0.9315075228836824,0.9539955677882371,0.9447909399514706,0.9658722003172105,0.9405936398048744,0.9336142638797036,0.9489635102185481,0.9570063773799308,0.9392942277581898,0.9530333031226563,0.9531328175898276,0.9556683100223612,0.9467201590410749,0.943044540494722,0.9474620979632922,0.945077992397871,0.950114765642574,0.9519918599577033,0.9529493951219791,0.9528745473685977,0.9415921781789611,0.9409097788348578,0.9405599158820593,0.9509306807828557,0.9447399080105554,0.9461496761608821,0.9472643352997889,0.9480413568340167,0.9498139568818604,0.9481780616485391,0.9514711733774217,0.9527503286249103,0.9482615676157045,0.9603049930741292,0.9363778881878606,0.9419718586526362,0.9537950631017509,0.9406844862644138,0.9509360564752748,0.9519132411647221,0.935580519725699,0.9513152683582105,0.9479306733251406,0.9564506750477729,0.9430968245981687,0.9380317296023141,0.9511686821302092,0.9591910234125818,0.951429583075218,0.9462232926889723,0.9330180786811867,0.9591568284931722,0.954227756980766,0.9424322599140742,0.9283245724337215,0.9574932858911455,0.9591294528165162,0.9326742232111802,0.9481702275573815,0.9487394601266407,0.9459486627939588,0.9441990177698354,0.9463018980514166,0.9434477000602247,0.9450018992761278,0.9572240288941082,0.9519741549447098,0.9438742709758832,0.9453229673656618,0.9540802997772811,0.9436219324351259,0.9537278634258015,0.9477551901121378,0.960644913731178,0.952180773185376,0.9415951486939336,0.9479047556646426,0.9502824039344274,0.9541556078156717,0.9441738855973225,0.9504509838737913,0.9481874655072072,0.00696317685343047,61
20.588039627075194,0.2913780901016888,0.09353525400161743,0.00282211605244676,0.009333073735289197,13,0.4801316361555423,2,4168,0.6743591710936778,"{'learning_rate': 0.009333073735289197, 'max_depth': 13, 'max_features': 0.4801316361555423, 'min_samples_split': 2, 'n_estimators': 4168, 'subsample': 0.6743591710936778}",0.9437062099410769,0.9489066108679103,0.9463073947740284,0.9486646573884703,0.9472488725859748,0.9508105897679173,0.9421788573313798,0.9519026252453651,0.9494381551881125,0.9436788906715524,0.9349300947119281,0.9328660547817978,0.9487551328929137,0.9493850141054607,0.9534571065556814,0.9530066485611849,0.9549627781058908,0.9473652049534271,0.947777827238526,0.9356044817574476,0.9541730884272492,0.9342709075762489,0.9603477969125324,0.943260672098783,0.9266631358390091,0.9466027170827508,0.9531478339201795,0.934731359997403,0.9516924687762071,0.9508292981099885,0.9568646060343847,0.9458978535388741,0.9393485252746409,0.9513457245742628,0.944710108311709,0.9460735653370357,0.9528137000082052,0.9447255703396945,0.9520297978285771,0.9422700289517664,0.9427779935569593,0.9463402117376397,0.9579212950513947,0.9451906728326916,0.9438304730425663,0.9466587337717448,0.9440427707025415,0.9480154981800034,0.9497944999115814,0.9477922306131109,0.9515962152452344,0.9435234094541244,0.9563995533397852,0.9398858522496353,0.9402025582717575,0.9487409591588958,0.9414477698575499,0.9504022968115562,0.9550731140686174,0.9411839911792447,0.9476291654853221,0.9485749622580231,0.9572176220009916,0.9447927575889493,0.9349900389576068,0.9513121646559266,0.9524858234083425,0.940138607804654,0.9482354633294502,0.9389408066155747,0.957987159482556,0.9456165189623765,0.9418564271172327,0.9333905749667306,0.9587091775759189,0.961371082417826,0.9399722428329481,0.9442463519139132,0.9465257125837697,0.9457275321037993,0.943828415083634,0.9457366081673192,0.9459626962262729,0.9463152848409772,0.9539529319351837,0.9499864005340628,0.9476816707318831,0.9454784269874227,0.9505994817495098,0.9424190541197103,0.9531265141635072,0.9526540806651688,0.9537129183758474,0.9517957232535768,0.9357635510388498,0.9446168316823816,0.9444445300061571,0.9507792256907942,0.9440422592069907,0.9507491709950728,0.9469693803291841,0.006436796675508116,79
6.167267274856568,0.15472636780616705,0.011698598861694337,0.0009950895669424925,0.2967854276883806,5,0.7563727365752111,2,4168,0.752046969735728,"{'learning_rate': 0.2967854276883806, 'max_depth': 5, 'max_features': 0.7563727365752111, 'min_samples_split': 2, 'n_estimators': 4168, 'subsample': 0.752046969735728}",0.943800273250103,0.9345922183940407,0.9393871381192666,0.9323421407631644,0.926228839500352,0.9319733627787786,0.9385419082629083,0.9485021854538089,0.9454029701043484,0.9275320364244887,0.9072589005778671,0.9181607999406607,0.9357785880514644,0.9425600049303843,0.9482189839733828,0.9390881253018469,0.9399417812602607,0.928716420604474,0.9427493293402595,0.9286685717306599,0.9414604938743459,0.931258843694291,0.9541212604295968,0.9273982165055583,0.9222119622944143,0.9324329242851442,0.9450787493197729,0.9290488379523396,0.9398749200354685,0.9337469138171295,0.9381485977981402,0.9460399236679111,0.924008933621071,0.9457827360266221,0.9376796690219864,0.943211931800814,0.9407644943934979,0.9398103002281029,0.9394446996885412,0.9320267691416029,0.9342608684515168,0.9311217369254092,0.9482208715146075,0.9325671698395305,0.9367606958034945,0.926165112027526,0.9254474779567267,0.9405123235848187,0.9389413231607162,0.9447606405967838,0.9471713951838092,0.9414398681002345,0.9492214121272035,0.9278427357156203,0.933689561531962,0.9397346928119862,0.9232194805716254,0.9373050354432115,0.947850492815776,0.9340284876940812,0.9339280069364156,0.9375543898473743,0.9437063442843923,0.9277616492582481,0.9309321911531266,0.938936144716565,0.9482574217971086,0.9474403457576153,0.9371838514082639,0.9321998894220802,0.9507433325445543,0.9349574684021932,0.9279831852492644,0.9115706683299318,0.9453744781750101,0.9517680515438598,0.9308434012337288,0.9334798435460773,0.9261262286962167,0.933566042870435,0.9341842629444358,0.9386697281630206,0.911769790199318,0.9340689893086911,0.9476985832611226,0.9413519915317416,0.9307468898918099,0.947851392680724,0.9476065367993939,0.9346921172191295,0.9469188834335563,0.9453974835091817,0.9482482199517329,0.9348523518591273,0.926816172985039,0.927897351985346,0.9286409281019637,0.9381542279776849,0.9347434804039885,0.9261640371249645,0.9363404349271995,0.008988503765355677,175
4.837100307941437,0.18029164324046082,0.01107043981552124,0.003285161488259338,0.2827819835087035,6,0.5644190594945832,2,4168,0.8005679371762305,"{'learning_rate': 0.2827819835087035, 'max_depth': 6, 'max_features': 0.5644190594945832, 'min_samples_split': 2, 'n_estimators': 4168, 'subsample': 0.8005679371762305}",0.9269783477382577,0.9368168426778417,0.9338640737430216,0.9436345755141138,0.9413443334872829,0.9403655491672166,0.9228229353813191,0.9482737289196049,0.921802923159044,0.9141673899329219,0.9014705733524114,0.9242226076602752,0.930576744745573,0.9323332883162347,0.9409155122954818,0.9363333355187142,0.9510579271077667,0.9327244036217583,0.9261007926226587,0.9059242033344732,0.930429582170477,0.9078340723488086,0.9526540902571198,0.9325482322221565,0.8919939323124674,0.9250556896367675,0.9392700289141368,0.9274913477234294,0.9355008838228951,0.9358879435840906,0.9375837342818641,0.942144409490376,0.924400923321251,0.9364964654748281,0.9365744776094754,0.9369186089590023,0.9461552315164605,0.9411803480395817,0.9453062906507997,0.9330832202694541,0.9260362355426186,0.929400363855243,0.9484387210750812,0.9256557529360494,0.9390115834062864,0.9384488727662972,0.928783666404337,0.9394116447134968,0.9390848650108098,0.9442483484839014,0.9335629704873945,0.931609947383301,0.9506516067474066,0.920834526581342,0.9205340192662586,0.9295456933653692,0.9331676783783401,0.934134046889719,0.9396679073681712,0.9220057316531803,0.9367899452038765,0.9374591715254172,0.9501580089516211,0.9349410886513759,0.9234187620150469,0.9367049083518769,0.9549121164809294,0.93136972026263,0.9383772207640261,0.9114132714712826,0.9499054323504177,0.9461670656091887,0.9332391104815864,0.9083561512933164,0.944045994252324,0.9588409037137223,0.9179917778605364,0.9292033813625036,0.9421584138574538,0.9408168013443651,0.9403173300734577,0.9278154119334208,0.9146090687467314,0.9366403565943744,0.9410409240553497,0.9413501708659349,0.9270996667432775,0.9182830080833818,0.9445102330330705,0.9299064086922361,0.9409354565705856,0.9420250894244071,0.9510664396961451,0.9451240876131706,0.9140424990355912,0.9343117287850707,0.9409274142501066,0.9459383664640286,0.9361733202583722,0.9413135482801734,0.9338417355821842,0.011874694096576432,183
13.210511395931244,0.2822529241150156,0.043772990703582766,0.0014307634262314382,0.023393824703871684,11,0.5102149684879131,2,4168,0.817651670984479,"{'learning_rate': 0.023393824703871684, 'max_depth': 11, 'max_features': 0.5102149684879131, 'min_samples_split': 2, 'n_estimators': 4168, 'subsample': 0.817651670984479}",0.9414679907094224,0.9454190952712009,0.9443516740777401,0.9448616373710861,0.943173344289505,0.9506820692841441,0.9446206663676656,0.9435136289940591,0.9459252005166279,0.9429758875884638,0.9341013199300497,0.9321236610311271,0.9458863580146566,0.946371346095029,0.9494578125287008,0.9517224545985231,0.9516134771175008,0.9477110628385451,0.9466350988422455,0.9322064865770071,0.9502198961253575,0.932250917103276,0.957714730556656,0.9390969727504437,0.9261545221956726,0.9453033470317953,0.9512068164870612,0.9354122046704242,0.9510929960432112,0.9490558598590363,0.9555561234246553,0.9441311295852565,0.9376332838907442,0.9500160544670552,0.9431843414614663,0.9418331185305449,0.9508114234626613,0.9420120101107824,0.9475243340029967,0.9390570233398109,0.9357501573860393,0.9414199961592882,0.953989293662795,0.9434288931806065,0.938735144998464,0.9415174318046242,0.9448092889900566,0.9444809957633629,0.9460243985657778,0.9436714182383668,0.949611728187296,0.9426993495786773,0.9538143492887284,0.9358192856919735,0.9361944076977178,0.9453319233063018,0.9382967142149092,0.9500843108582485,0.9534054975703434,0.938017235037151,0.946653790613465,0.9458545064621088,0.956331539116033,0.946949017875825,0.9332699696412963,0.944420506416213,0.9510373421742078,0.9408580630248107,0.9481979482068174,0.9351389950211432,0.9563817181074925,0.9494086881701187,0.9377300307714741,0.9293516507804532,0.9577632898828125,0.9587554503269842,0.9349935654388019,0.9431539356077181,0.9441869173459665,0.9433581004750756,0.9428931926660316,0.9434030722246904,0.9436411013538133,0.9405508616716459,0.9546487610916944,0.9483972100429963,0.9481843072696226,0.943217144117921,0.9486570203362115,0.9429437717141214,0.9487197208928806,0.9497608237371025,0.9530840700275824,0.9468902761899125,0.9295913981470492,0.9416062299160676,0.9428141137186566,0.9496194706753293,0.9419998961033114,0.9501399221500163,0.9446574658682841,0.0066647884851765765,119
18.454309124946594,0.5332843648033548,0.04457087993621826,0.002109518856379519,0.008984048200827542,7,0.8453807225503804,2,4168,0.58748256714039,"{'learning_rate': 0.008984048200827542, 'max_depth': 7, 'max_features': 0.8453807225503804, 'min_samples_split': 2, 'n_estimators': 4168, 'subsample': 0.58748256714039}",0.9492686634143148,0.9518406954933899,0.9517753792167971,0.9552820603677051,0.9510986731268767,0.9517420876836024,0.9519330366364099,0.9557727431081272,0.9546044910658121,0.9478136483864789,0.9399050672507717,0.9395540194965012,0.9515114111628271,0.9543429933615382,0.9566975978061582,0.9566101065408195,0.9598043238748585,0.9526830296639206,0.9529709983197416,0.9352486125273589,0.9584105485970658,0.9458002133502253,0.9643621474635757,0.9467680168939591,0.9350808076193454,0.952368950308437,0.9568370458517093,0.9429993943745797,0.9562612942059853,0.9562506168970583,0.9596585218889677,0.9534764478570097,0.9450437346951706,0.9528274523135656,0.9491304220026299,0.9517189139118504,0.9540068259698276,0.9518915608992712,0.9584204412449808,0.9462068614451984,0.947540965198792,0.9492585337694496,0.9565694850780689,0.9486292564692216,0.9497151114439046,0.9470300468180979,0.9510592539867951,0.9505003877568097,0.9523714849878349,0.9534415404857076,0.9532873869278772,0.9501738325123219,0.9622581720286169,0.9417523057647681,0.9468066874310628,0.9551315354207318,0.9462630035053459,0.9558439384645985,0.9579609569211553,0.9424873767374727,0.9514929155876787,0.9520698643056476,0.9590548728930178,0.9490781498377001,0.9401260828943506,0.9551064322043913,0.9594017531332657,0.9484893889454695,0.9483256223610472,0.9442511257080444,0.9642077255150188,0.9539740630319361,0.9461006716727388,0.9371407854617675,0.960698534623962,0.9611350141441379,0.9428816344143539,0.947768924703678,0.9480278304498744,0.9503653240715886,0.9526609404287405,0.9496745884564248,0.9476463769621765,0.950040799832775,0.9615536008707746,0.9536643283087152,0.9505352192080226,0.9469575093052148,0.9563666929310699,0.9443603984154342,0.9579327671323763,0.9541078792493661,0.9601521791282742,0.9530015507242575,0.9418991504390872,0.948939039948861,0.9513860182637053,0.9570824166164905,0.9469792295952069,0.9532059557986371,0.9513390447557832,0.006039621294460478,14
17.504473083019256,0.4256457315986577,0.03790833473205566,0.003998183356704382,0.003226986853355662,6,0.6686829695816052,2,4168,0.8147719386009962,"{'learning_rate': 0.003226986853355662, 'max_depth': 6, 'max_features': 0.6686829695816052, 'min_samples_split': 2, 'n_estimators': 4168, 'subsample': 0.8147719386009962}",0.9472960597795181,0.9505963974670121,0.9509953037877561,0.9514732917152365,0.9490677209989712,0.9499859881268432,0.949535560294056,0.9536521718902071,0.9526643627601691,0.9472413136480259,0.9358262627127851,0.9387288604990893,0.9506534406774341,0.9544857979639324,0.9554656652388223,0.9573099232044252,0.9565257788308775,0.9506075889204483,0.9513282695776267,0.9371906947682253,0.9559002172657975,0.938004670158178,0.9630576176706807,0.9459613008793449,0.9349316593808852,0.9495542630660446,0.956883624597445,0.93883590354029,0.9550482479115804,0.9556913971576356,0.9580802625703263,0.951248527038994,0.9438707792937384,0.9507564732175253,0.9456031727174415,0.9522718131991185,0.9544140729741506,0.9508788273982611,0.9551905498290133,0.9458371407985265,0.9443212242375386,0.9461047052640923,0.9572150143765153,0.9489431652231011,0.9476330768721256,0.947438052039879,0.9478988150560219,0.9500293865495969,0.951125207870382,0.9524208815359935,0.9525611537357241,0.9501875270980565,0.9587524688133339,0.9375417769558457,0.9434787907951975,0.9531625900768869,0.9450445265191694,0.9551250760905032,0.955248404360403,0.9414767573975982,0.9501155890879356,0.9501783625978233,0.9601048619854972,0.946254549448487,0.940178622985855,0.9533580359538083,0.9567466061395831,0.948861438033687,0.9491506618181372,0.9410868709291577,0.9613500577317153,0.9529545075511558,0.9448100669590801,0.9347297456671441,0.9611729988139741,0.9599447522461658,0.9401564818491078,0.9467844600051772,0.9479735054253895,0.9491078921658153,0.9471157128138591,0.9490685784128154,0.9481299160725043,0.9475748456200881,0.9578217289877468,0.9521401405912303,0.9465547143253183,0.9479576427496431,0.9545228172962523,0.9450941750742455,0.9551280194475426,0.9541298927305302,0.9592387083216084,0.9518153470421211,0.941931587613456,0.947041098642737,0.9498586652049901,0.9556113457491533,0.9475709304550861,0.9511586186545479,0.9498284412759458,0.00611102790213943,32
7.726524028778076,0.20173437344282372,0.028713762760162354,0.0021167064982681207,0.058578682461386235,8,0.4635536200917778,2,4168,0.6033419927343954,"{'learning_rate': 0.058578682461386235, 'max_depth': 8, 'max_features': 0.4635536200917778, 'min_samples_split': 2, 'n_estimators': 4168, 'subsample': 0.6033419927343954}",0.9438547191223536,0.948271414699693,0.9479812610517382,0.9497991868256416,0.947870983976719,0.9517264948021752,0.9440871454703984,0.9490396668820583,0.9481876589445473,0.9503667914513069,0.9375189477420851,0.9318844781056957,0.9439050129009179,0.9530778723210545,0.9510022224425121,0.9511730602681145,0.9572448639204743,0.9491584547735097,0.9503188948813911,0.9314631121942856,0.9501536035891107,0.9449722991622923,0.9611148666963647,0.9410211549180425,0.9287874772212577,0.9488195145313906,0.9547279896505152,0.9390562543368156,0.9509246152650409,0.9524097779073657,0.9584833065583237,0.9462394536260789,0.9414131133448492,0.9442997226497063,0.9459482162355903,0.9502592758192944,0.9537221783791073,0.9485594606825919,0.9536924910282298,0.9422413485879184,0.9377233826378708,0.9437352452581583,0.9526619009870008,0.9427028481757451,0.9431824338884771,0.9518445771140052,0.9463776759301502,0.945586429643697,0.9475083224265113,0.9499672559709924,0.9548674862039305,0.9437464528636226,0.957942671746273,0.931891794861079,0.9381711402937442,0.9543855708722954,0.9399532121282577,0.9533293622762005,0.9583106885971538,0.9408737433268531,0.9450007131632022,0.9491481384151239,0.9532614058179403,0.9434700832924814,0.9371262821527615,0.9509930823830267,0.9569658043525762,0.9442802299124766,0.9497211238409629,0.9345113997333834,0.9588369876742727,0.9543044325405288,0.9387338560338573,0.9354397061348517,0.956125762493468,0.959357841414948,0.945462939660701,0.9442104744239895,0.9523108189747022,0.9413227363663618,0.9531356422242813,0.9463874196913378,0.9455929995461603,0.9490577250816227,0.9546662230002758,0.9531442583347537,0.9492542748978657,0.948876640223943,0.9555899955070339,0.9398433783506954,0.9543239033030555,0.9530393862407439,0.9541588681624367,0.9522443402760397,0.9375736557582094,0.9414091464019549,0.9451002329888503,0.951235345799183,0.9446979343465485,0.9485254282958078,0.9475798117538099,0.006773485195885143,70
29.458421988487245,0.3467291748304209,0.0542049765586853,0.001940596965503974,0.0033096865408180623,8,0.8532074692641054,2,4168,0.8779581174760334,"{'learning_rate': 0.0033096865408180623, 'max_depth': 8, 'max_features': 0.8532074692641054, 'min_samples_split': 2, 'n_estimators': 4168, 'subsample': 0.8779581174760334}",0.9415838631484926,0.9472956207148646,0.9434347414340968,0.946607311177307,0.9419839775099349,0.9427973841357705,0.9451121109908711,0.94815066396138,0.9463837304850559,0.9419922164875553,0.9346766843117154,0.9327335698468615,0.9412772721154345,0.948499896915019,0.9518512755662488,0.9513924100193809,0.9504346191665405,0.945402055953832,0.9434640450071066,0.9348124141974858,0.951454043744013,0.9351190297611769,0.9574343008297207,0.9433004777268791,0.9248663145350271,0.9438202331241945,0.9505053846915266,0.9334316005708448,0.9510699698201284,0.9499207417733392,0.9549030906117402,0.9428693665205736,0.938620142535176,0.9518498409566232,0.9441479357038182,0.9447964931288614,0.9482821775577112,0.9468511395125658,0.951316376804432,0.9422121867747707,0.9349966246910899,0.9381555590740944,0.9544236761813975,0.9437165679904346,0.9434944056815482,0.9440583076044636,0.9444097411736224,0.9461131083970505,0.9466182005790907,0.9440744421471178,0.9460629388294152,0.9422894564683252,0.9570207635383103,0.9344465574390016,0.9373872729943131,0.9495124215468771,0.9351164310848765,0.949110565912603,0.9514105295604764,0.9275521790886019,0.9461920675781579,0.9450228543679561,0.9558196155553776,0.9393685285944428,0.9346983983560477,0.9464970700571077,0.9550339025178017,0.9421120598832041,0.9441687844555129,0.9358166957009917,0.9553593787196539,0.944794166259774,0.9396403013164344,0.9299399789729901,0.9576208406545871,0.9545351603222628,0.930850109347271,0.9397499779976497,0.9427502659437973,0.9485405338907327,0.9432257500369972,0.9466148751029229,0.9399498732408711,0.9365490656339043,0.9526385708331989,0.9511029448203835,0.9516131209309662,0.9428139073702968,0.9459634726933357,0.9399959252719683,0.9490573942244747,0.9497333302360023,0.9552563186525621,0.9455845339565031,0.935840310322926,0.9459721829491778,0.9419247163814075,0.949739302997926,0.9378744683753697,0.9463096673646828,0.9445289688169843,0.006832914993907788,121
8.713165841102601,0.15234695616620472,0.029675605297088622,0.0011812468520140884,0.07659757870614843,5,0.39284964077338125,2,4168,0.6905047160758202,"{'learning_rate': 0.07659757870614843, 'max_depth': 5, 'max_features': 0.39284964077338125, 'min_samples_split': 2, 'n_estimators': 4168, 'subsample': 0.6905047160758202}",0.9462714369841078,0.9492713029261082,0.9511077024263956,0.9468035655139693,0.9478903627271336,0.9459289760926014,0.9500793903977586,0.9505382270562206,0.9491973143858823,0.944161260341931,0.9364301417687648,0.9379725806142539,0.9528021455551838,0.9509314917653172,0.9533876137197671,0.9612224189507534,0.956550402464824,0.9447755373384485,0.954638099659026,0.9340507714664207,0.9538008953139451,0.9390220019531754,0.965025722976638,0.9466249338482797,0.9429276160609781,0.949325026987673,0.9599407937345966,0.945534220164533,0.9562853110581195,0.9536747395825218,0.9543199667774328,0.9490836149817262,0.9420894430791211,0.9495579669085445,0.9406442087412875,0.9568329357668461,0.9550027762693238,0.9449774422067095,0.9537056184154137,0.9450067229588169,0.9393688993287481,0.9480916952327669,0.9567190902693185,0.9453407321217261,0.9496682568510857,0.9518932332231672,0.9457048129994655,0.9542949200302827,0.9507973936415268,0.9513405196745259,0.9494263843537476,0.9501687871892616,0.9545386563850369,0.9427810679887507,0.9407310785400493,0.9514812103565915,0.9395517395415414,0.9542757576413164,0.9581980680233853,0.941475560209035,0.9462052569682148,0.9485732371253577,0.957883064014737,0.9494741286241979,0.9369640554832233,0.9514411054085072,0.9547107569648938,0.9526895643856536,0.9476810490854963,0.9388040632288246,0.9603127880338213,0.9513832247173467,0.9407405216300686,0.9347455779638357,0.9558892686131849,0.9617932953450622,0.9408449420634531,0.944199412489762,0.9519499271246714,0.9477847933193745,0.9478650850186554,0.946235362884613,0.9494537552536172,0.951434482651365,0.9550719760248334,0.953867931581732,0.9416585558505807,0.9512499725216654,0.9539740726657314,0.945630426064158,0.958700549411933,0.9524718249497786,0.9597605488121973,0.95216123272116,0.9377793160962655,0.9394270188405216,0.9504220449798095,0.9555451802075475,0.9499287762589571,0.9539414363675489,0.9492389014529423,0.006476624784367799,41
13.101664595603943,0.2630264537940013,0.04550857543945312,0.0017368503835196423,0.022722937137443968,10,0.42182946500629437,2,4168,0.9035360616930725,"{'learning_rate': 0.022722937137443968, 'max_depth': 10, 'max_features': 0.42182946500629437, 'min_samples_split': 2, 'n_estimators': 4168, 'subsample': 0.9035360616930725}",0.9400922843812389,0.9462696960597171,0.9458438040166229,0.9419804941755079,0.9440486514655406,0.9484750785284218,0.9439570881825161,0.9415938577494587,0.9447435369192405,0.9425940152692536,0.938084624441185,0.9307624056131024,0.9445940392215711,0.9503035815457637,0.9501693812553174,0.9500766584888584,0.9521678738309036,0.9448951768866376,0.9434572701562457,0.928400161272812,0.9504039069088019,0.9145661185982609,0.9577237340893145,0.9371000782584933,0.9272544731319693,0.9430015796549513,0.9500300519431876,0.9304820323634824,0.9496546944362905,0.9475215736401859,0.9548012215506633,0.9436402007867072,0.9381085315697024,0.9500502146646695,0.9403702878686132,0.9454789660869651,0.9493636864200643,0.9430604506623574,0.947688839124518,0.9404699259551863,0.9372144637030977,0.9393074455113837,0.9556918286811674,0.9432979767621514,0.942143540624112,0.9456165217401759,0.9354874456334867,0.9450285017623172,0.9437378146647515,0.9443482835532155,0.9475468438475794,0.9452444868528125,0.9538271445493869,0.933894865135416,0.9382071320702512,0.9453205907541635,0.9395144440289509,0.9503939276309555,0.951984392730356,0.9415138881113795,0.9457855157044942,0.9439431798419322,0.9532364050469381,0.9410272429191808,0.9319104823041551,0.9445634313014863,0.9486927208798963,0.9410503053634264,0.9475430893336322,0.9356548123128698,0.9557512807551248,0.9432383037590351,0.9353356936941346,0.9275324746165117,0.9579556127165829,0.9573431177670894,0.9403806234383798,0.939810799068388,0.9464715778495031,0.9408672369123162,0.9393260439730649,0.9418768888903966,0.947316920629477,0.9455641708675696,0.9518792445828089,0.9494722170407444,0.9447827246896696,0.9427601104298486,0.9465778305821333,0.9399269839186385,0.9518950167428685,0.9505783307861561,0.9481211802446472,0.9450576517172424,0.9293472795375703,0.9424569581473942,0.9470026948328476,0.9485445347901753,0.9405772503938649,0.9418985933558615,0.9438565831725945,0.007146296493230638,134
14.86345708847046,0.21631773561021223,0.05502329111099243,0.002372720606338473,0.004639902315883837,8,0.4319384050811783,2,4168,0.8667480710985318,"{'learning_rate': 0.004639902315883837, 'max_depth': 8, 'max_features': 0.4319384050811783, 'min_samples_split': 2, 'n_estimators': 4168, 'subsample': 0.8667480710985318}",0.9431068385603174,0.9493514393682131,0.9494583664189314,0.9475253859420568,0.9467313179732594,0.9503649365178574,0.9467669249012607,0.9512394993534714,0.9487985152986906,0.9449943205071469,0.936470290230704,0.9357431094252411,0.9479663871998739,0.9520332180954898,0.9529560912381088,0.9556833881786065,0.9551406659995807,0.948050812028949,0.9484479328823117,0.9344759607053017,0.9536225827208106,0.9303229123211554,0.961125270371687,0.9446432311259424,0.9329252491897437,0.9493949195839002,0.9537919357722608,0.9354612639361063,0.9540083560297408,0.9522521069509828,0.9571764311591902,0.9489956860133512,0.9424226129390277,0.9508432056358525,0.9443870200037523,0.9483802720440431,0.9527904340555371,0.9478947068171835,0.9520668393597214,0.9444130590812335,0.9407562694886467,0.9432990971973938,0.9560442225176627,0.9470264793419082,0.9449111299128677,0.947717736113391,0.9428263332556291,0.9463630181161852,0.9491097631757085,0.9491750298226969,0.9513042602653151,0.947782613078881,0.9574602173186427,0.9388528870566567,0.9412162895551865,0.9486252906715449,0.9420249073752232,0.9540353864174982,0.9559487066500421,0.9392464220112009,0.949170929276813,0.9488488396306262,0.9579238275877925,0.9447783041586726,0.9372668703194008,0.9504628335084203,0.9545448997607978,0.9454289518842044,0.9504115376240458,0.9388845180173662,0.9582262609893472,0.9497277821780306,0.9426313931982175,0.9311934748891998,0.9603615696219922,0.9594067177729613,0.9431852204666414,0.9457049883997842,0.9469662167163613,0.9449173579786948,0.9452849392715222,0.9460678574525264,0.9475685139763388,0.9475058373475282,0.9536807447061549,0.9513243000063046,0.9460957517784385,0.9484530077056461,0.952195508937612,0.9417815193980842,0.9539166620667664,0.9542224280659783,0.9547543312632655,0.9511610172587841,0.9363870995080416,0.9456344194888886,0.9477429715637286,0.9542836793604572,0.9463903066163998,0.9492794343224946,0.9477972237935319,0.006345093252276327,64
4.473436000347138,0.10559730942061443,0.011459391117095947,0.0016658785361374185,0.176374803692031,10,0.6656475291350787,2,4168,0.7131667017543379,"{'learning_rate': 0.176374803692031, 'max_depth': 10, 'max_features': 0.6656475291350787, 'min_samples_split': 2, 'n_estimators': 4168, 'subsample': 0.7131667017543379}",0.9336654040885751,0.9411239478179811,0.9373269170439521,0.9396376180771324,0.942012627548315,0.9429833859619214,0.9276647884745006,0.9438465871757641,0.9412431123253433,0.935645029102248,0.9264117532917112,0.9190693596686395,0.9365531229685607,0.9353987636161374,0.9432028366427335,0.9461929855563624,0.940803414629834,0.9368424488167748,0.9352002740545371,0.9241666417536046,0.9498307197745217,0.932309705134833,0.9496792633824214,0.9304623138106426,0.921286555731291,0.937337521043122,0.9461565926231272,0.9196313688823383,0.9424450609478835,0.9348460423636173,0.9475457877836027,0.9392454019476163,0.9344736850624706,0.9392844521262156,0.93924721954109,0.9360909994774907,0.9398357029141374,0.9394475560307702,0.9358531955972245,0.9287063313861228,0.9338542159530129,0.9422950397072983,0.9466301965512964,0.9355151961216416,0.9388662357246934,0.9355761559643041,0.9314745649458473,0.9407480332163511,0.9399674246917206,0.9349932424451864,0.948033866876009,0.933602992699639,0.9485935751937522,0.9155101688833436,0.9323112595337757,0.9451374303380597,0.9205139350573494,0.9421350792395449,0.9400425923488667,0.919328082058766,0.9400517892763607,0.936658007737656,0.9441844530189865,0.9295899351170577,0.9206632933340555,0.9416379217575062,0.9486806856515964,0.9307748734612833,0.9359623176759808,0.9295531158403373,0.9464075706346359,0.9383427881177901,0.9342884312837539,0.9257542012537838,0.9512795658559127,0.9523575076630924,0.9303883840991563,0.93961496908098,0.9379179934152782,0.9376009736522557,0.9394546779329295,0.9391295071260669,0.937421791681882,0.9399610923688515,0.9451446301044244,0.9399418733207762,0.9424263268229874,0.9411652393694481,0.9373973512756776,0.937390877676959,0.9385718406194798,0.9454949514845917,0.9505478079456383,0.9296277131890809,0.9313237986489561,0.9353314805455435,0.9364090356189452,0.9371995004153914,0.9290763228911607,0.9398546752301171,0.93722415053922,0.0076203478766205274,171
27.370856909751893,0.36808951490934166,0.10356849670410156,0.0040250084651171514,0.0028615430780951833,12,0.598508298635958,2,4168,0.8432089625812538,"{'learning_rate': 0.0028615430780951833, 'max_depth': 12, 'max_features': 0.598508298635958, 'min_samples_split': 2, 'n_estimators': 4168, 'subsample': 0.8432089625812538}",0.9396540742753922,0.9461123404917444,0.9431459876290387,0.9437783313570228,0.9426986297505916,0.9458324833925101,0.9433245422093238,0.9461361773823973,0.9461183921270403,0.941820539721754,0.9330255576899582,0.9301771891310454,0.9469106183770094,0.9474640902698388,0.9523216925910766,0.9514863603160792,0.9511049441200528,0.9441980115559893,0.9449364197455183,0.9345449198097151,0.9520218178305858,0.9245634582473164,0.9574308900046048,0.9404016340340032,0.92295394350108,0.9437294551316164,0.9500047485062024,0.9312835181181256,0.9506790033955047,0.9479884116298269,0.9542407545009267,0.9430357551656734,0.9387537974116075,0.9494062268640807,0.9430279268071026,0.9442869814958685,0.9499227498320532,0.9450108638282492,0.9485112516304487,0.9408336563013355,0.9350861004158592,0.9385300599871025,0.9547791014208623,0.9420738977792332,0.941125913505767,0.9451285794495654,0.9426866662618296,0.9448526602702504,0.9461731759681288,0.9429173219556184,0.9464583525007816,0.9427651962030266,0.9534897895058497,0.9349715035537113,0.9362895681722215,0.9457481247750867,0.9380282159358969,0.9490390493024133,0.9522943791420093,0.9371424540419948,0.9455727310556682,0.9458129138695989,0.9555965152240451,0.9415975098115061,0.9327295268082005,0.9461887421926977,0.9526830577203881,0.9387369469948568,0.9474293605608138,0.9354423992984565,0.9549505087403645,0.9463154838921299,0.9375672351745339,0.9285692608364868,0.9574046558084965,0.9580220991005138,0.9350983690264121,0.9392071527807304,0.9431836792456372,0.9442391508761936,0.9404551679786566,0.9431616922453288,0.9435802337229161,0.9394061229609519,0.9514845984536883,0.9491650988058173,0.9496884953509729,0.9424034727328899,0.9466819215254149,0.9423955942496494,0.9488903716645937,0.9506346960542821,0.9537105655255029,0.9469389293772359,0.9341511726401717,0.9443559098566215,0.9444006061862972,0.9484490968943776,0.9410807382246735,0.9468462438048223,0.9441668628359912,0.006846623495149148,129
3.644111306667328,0.07441471053291868,0.010023255348205567,0.0006819836844882832,0.1777033847672164,12,0.5441472554619294,2,4168,0.846486102281136,"{'learning_rate': 0.1777033847672164, 'max_depth': 12, 'max_features': 0.5441472554619294, 'min_samples_split': 2, 'n_estimators': 4168, 'subsample': 0.846486102281136}",0.9226316617464141,0.9426597604722265,0.9333660141955781,0.93256745913284,0.9328961434709702,0.9361899092179539,0.9311509400193746,0.9415380536239851,0.9303776749518746,0.936382731829598,0.9257131128887568,0.9131803244496136,0.9467881797399447,0.9382143020112795,0.9400972308487962,0.9476179653328844,0.9470174980983468,0.9376174297878253,0.9325243345999543,0.9196987522543062,0.9379933924319884,0.909560858149266,0.952211849434444,0.9381080807967693,0.9041926866066283,0.9308636864092593,0.9375345090646381,0.9201376939470578,0.944084117675392,0.9298602629798168,0.9456845166788526,0.9378534883719417,0.9283448247946969,0.9330197167985338,0.9286415012127176,0.939819457831332,0.9439363878198356,0.9376219694138868,0.9407775722189355,0.9304645517263369,0.9233657641918646,0.9280409831106026,0.9505990012240534,0.9356007400104202,0.9268222165754333,0.930700558061211,0.9304042524668197,0.9338590922673322,0.9345995726243747,0.9318851522117916,0.9411531482042033,0.9374319469795022,0.9523072696471838,0.9237528384388183,0.9226623991804609,0.9405234254449213,0.9227986276202097,0.9448498858327319,0.9381002709690551,0.9318651935721665,0.931122183838555,0.9343464727164184,0.95385770245373,0.9396239625699467,0.9284921925936468,0.9414616034980631,0.9464833605586097,0.9297388794831056,0.9230037660969983,0.9263805303211947,0.9484938327125948,0.9426065278133452,0.9345755573385638,0.9100175469922207,0.9442315157302,0.9562219285414123,0.925808107815197,0.9302404313462401,0.9385600038775188,0.9285752355597352,0.9368327715117759,0.9381702442364772,0.9355518456199324,0.9326337426986011,0.9412232355234976,0.9415072925884908,0.9494432262312431,0.9244299459967796,0.9320950628080111,0.9316627445978369,0.9423760563730889,0.933050651284559,0.939160533588726,0.9316350394457259,0.9234767337981271,0.9345565781254453,0.9377076792866376,0.9379030305743516,0.9255278718753823,0.92839299237616,0.9345144156206614,0.009433191852120392,180
14.97507066488266,0.1802474824542286,0.04624630689620972,0.003912957111276046,0.004864734957527726,7,0.6194279323337255,2,4168,0.6850008532300484,"{'learning_rate': 0.004864734957527726, 'max_depth': 7, 'max_features': 0.6194279323337255, 'min_samples_split': 2, 'n_estimators': 4168, 'subsample': 0.6850008532300484}",0.949182454373148,0.9534481645066059,0.9514357363033097,0.9537446776766499,0.9500007804220256,0.9529659011239753,0.9501575465105808,0.9549222741306369,0.9534823414595193,0.9488427316435282,0.9398302215142458,0.9399707774886945,0.9514851113333475,0.9535512096019112,0.9557741174170367,0.9573514060662933,0.9583572288019198,0.9514448313477809,0.9523782976206445,0.9381206288054015,0.9563002388284519,0.9366029371887169,0.9645557946501776,0.9466698363067616,0.9348945740363906,0.9497719766156654,0.9574866432482889,0.9408757117212635,0.9556456583552548,0.956137473305633,0.9599768706735102,0.9527995913898475,0.9451990599096133,0.9515455772228643,0.9483888042159174,0.9526462892931917,0.9556205661102255,0.9521293585272546,0.9563309738784463,0.9470554452006038,0.9455608823476849,0.947009326490557,0.9581301421010251,0.9482028317378578,0.9481308140316702,0.9482662550885181,0.9498792189758409,0.9508590102080889,0.9520620124173474,0.9513045909435797,0.9539760454480294,0.9510502654546439,0.9597292133795879,0.9418949488867877,0.944238938009335,0.9545917582248312,0.9454460102745043,0.9563894931609291,0.957761308816328,0.9397840486764346,0.9504518465351388,0.9512063294560071,0.9603668411039891,0.9495457575357446,0.9409823003970297,0.9542989964234941,0.9582230321324894,0.9484345838541999,0.9505890733253735,0.9426077105668755,0.9618005970187494,0.9532240227688682,0.946018902942672,0.9343142160553475,0.960811952134792,0.9618156549995858,0.9439307296841141,0.9478417940402003,0.948670627683607,0.9502651169203964,0.949438758572169,0.949216726414721,0.9481113216494214,0.949937237659277,0.9583995778061402,0.9532693543873593,0.9497614594598773,0.9488714759689648,0.9548995313558846,0.9450135045774154,0.9579558582628964,0.9550839960865304,0.9582850904660897,0.9537102434953822,0.9419307059309167,0.9470291888276412,0.9503947978372491,0.9554852048803034,0.9479363530071706,0.9528197097732555,0.9508429711549624,0.006061240295541765,19
13.528228724002838,0.16325708696393662,0.03001823902130127,0.0013640450515975606,0.005066863395249431,5,0.7961383656506613,2,4168,0.637480896168937,"{'learning_rate': 0.005066863395249431, 'max_depth': 5, 'max_features': 0.7961383656506613, 'min_samples_split': 2, 'n_estimators': 4168, 'subsample': 0.637480896168937}",0.9503055937195594,0.9529699220384766,0.9542493492522419,0.9540068573020444,0.9511721756762016,0.9502619271093664,0.9532511461068256,0.9551427166566304,0.9545788240476704,0.9500331119749472,0.9361990786701283,0.9408337077648434,0.9551279470834181,0.9553547107243184,0.9578467617434134,0.9600748420273058,0.9594305381422573,0.9517597811705103,0.9576066027728751,0.9357324132320856,0.9582005960712973,0.9440941629261529,0.966205394424912,0.9459733009280759,0.9396554227562137,0.9525282663690132,0.9594378126622324,0.942999628826779,0.956591986848357,0.9574055329511334,0.960173897934201,0.9558424402551005,0.9458629117103875,0.9503870104460839,0.9474713457415247,0.9533896911738678,0.9560847397842942,0.9548848745857578,0.959406079602298,0.9474224361732145,0.9469713317788945,0.9488722497642462,0.9601798742566712,0.9478050379877128,0.9504450015533162,0.9509642309085685,0.9520783016696704,0.9507525667685599,0.9530129529227397,0.9548887101128986,0.9560833172346994,0.950519759088673,0.9608946784905735,0.942640329749754,0.9474759480423661,0.9564724979816369,0.9469511403670784,0.9565940946526299,0.9572338895962689,0.9440946487585078,0.9511464731999183,0.9530032054578627,0.9606216034733643,0.9504583735697725,0.9415960590153971,0.9558677194691031,0.9604169122649207,0.9527085825315925,0.9492810404308056,0.9442310364818354,0.9649486954598315,0.9571432413246324,0.9471798311775653,0.9352180151423375,0.9614106138747439,0.963519102915917,0.9439586287151877,0.9502387948250063,0.9512797273179158,0.9507582658638866,0.952702136573802,0.950917409420679,0.9489078106958511,0.9531964071030886,0.9606955560185355,0.9556923488162826,0.9485756644928232,0.9507461631333506,0.95749698222111,0.9487529540662966,0.9600847703841647,0.9537890216520475,0.960669461435508,0.9545754959815647,0.9471980606756367,0.9484085053246851,0.9533652310574914,0.9576054470167971,0.9481433394303272,0.9526322601577244,0.9523402704924085,0.006176366514083264,5
14.610175895690919,0.15402518352538352,0.028254427909851075,0.0013311684201818897,0.01196174193467231,5,0.6883949150611814,2,4168,0.7914186827998569,"{'learning_rate': 0.01196174193467231, 'max_depth': 5, 'max_features': 0.6883949150611814, 'min_samples_split': 2, 'n_estimators': 4168, 'subsample': 0.7914186827998569}",0.9471741726729793,0.9510095115165458,0.9539363302892757,0.9537018770417611,0.9493797711476838,0.9504395953432783,0.9518062192108873,0.9554470343264808,0.9547947497741734,0.9501132248821611,0.9345475926101869,0.9425755066152061,0.954302819023653,0.9557063446054704,0.9562481026591789,0.9595538907241277,0.9592042421339458,0.9515030251469438,0.9571500268145218,0.9341160636878053,0.957192624411984,0.9415441514686256,0.9658020025429331,0.9463080568319393,0.940108360986932,0.9500057871733939,0.9598313605192723,0.9419526807312391,0.9566324808931386,0.9571505253340115,0.958846859531891,0.9539570544581597,0.946561681953161,0.9500231104625232,0.9431762300484301,0.9524083280119146,0.9532917177547018,0.9549897589778782,0.958566421564753,0.9472986697239223,0.9469951624704805,0.9492750550993291,0.9621387209160268,0.9497488128001514,0.950024126494432,0.9505850240363374,0.9510236271824299,0.9488929616039173,0.9517091367435102,0.9532843811299943,0.953659968120806,0.9503170164395522,0.9607358527810544,0.9403445065781927,0.9467901809046816,0.954017040695597,0.9452038617629424,0.9549248378624515,0.9578693798520295,0.9449456442634414,0.95006028391078,0.9520556293974319,0.9603052372946099,0.9503577574975559,0.9417814390169387,0.9573250155052541,0.9599181089240112,0.952912597271878,0.950446983265533,0.9427776496020892,0.963637096996843,0.9569975026817239,0.9462537556116765,0.935482851750927,0.9612857187113855,0.9630736193776582,0.9430807690045229,0.9491378536103845,0.94996880593111,0.9496737100967897,0.9517198130066731,0.950915747076648,0.9485392143687145,0.95243971367338,0.9600738513241921,0.9531098222662036,0.9479688555495386,0.9500688904154925,0.9558476487333367,0.9491132255112659,0.959712445678744,0.9530902877792349,0.9602375556660513,0.9549934424603486,0.9450530599703542,0.9457528077698024,0.9510917172946183,0.9561222232005724,0.9493571668574544,0.9525318770186569,0.951651150124248,0.006277878296848271,11
6.918460869789124,0.2148117005622621,0.015329287052154542,0.0013429650081888556,0.11577141594597738,8,0.6960789512713625,2,4168,0.7833954070935212,"{'learning_rate': 0.11577141594597738, 'max_depth': 8, 'max_features': 0.6960789512713625, 'min_samples_split': 2, 'n_estimators': 4168, 'subsample': 0.7833954070935212}",0.9462750299646475,0.9452028179394764,0.9450034104303064,0.9452805109083967,0.9426209285080444,0.9436376495660941,0.9415870889541842,0.9428885503843777,0.9353606729862075,0.9340227486671417,0.9412374586197664,0.928032117077288,0.9415300641639985,0.9445604430651039,0.9504168071622128,0.9492322398907626,0.9493120388036641,0.9440433548168738,0.944643258468085,0.9267298375837323,0.9477219904290576,0.9301090113505461,0.958031374819784,0.9399436079585259,0.9271215330923764,0.9416013117186856,0.9432417408969951,0.9288897360884671,0.9501208962067674,0.9460252102539447,0.9500518062295816,0.945485302253723,0.9369174714687719,0.9436426089580126,0.9466299978877505,0.9426005850880609,0.9499429397621523,0.9385412436532565,0.9458640941896622,0.9404841157267394,0.9352416161468542,0.9403781254799544,0.9487094671047119,0.9428574046795736,0.9394858365826416,0.9473584068026288,0.937418709827773,0.9439981517590256,0.9425171514350198,0.9443255457309774,0.9424394919013821,0.9425149999571909,0.955560825541327,0.9291628391800392,0.9377349231853654,0.947305367528004,0.9387424630139523,0.9485670534647965,0.9547414243094717,0.9285931596529162,0.9397471576777009,0.9466296708957981,0.9560709553865588,0.9414070018721622,0.9319331205618082,0.9411233722686635,0.9490541280893192,0.9371335270708891,0.9407647556290073,0.9300906178155198,0.9551192234361835,0.9504511817128738,0.9365219119097958,0.9276460264733196,0.9554950623215368,0.9554663837185575,0.9311441132658524,0.9410425770112031,0.9461468492623968,0.9460629610241904,0.9464615785482177,0.9502284441645961,0.9414893808204411,0.9354414395542948,0.9529965278772913,0.9454409140038821,0.9413998826562812,0.9397807345837086,0.9497088649220007,0.9429587712579418,0.9465795675021114,0.9495086791677092,0.9501474147606261,0.940480016647063,0.9324355711108484,0.938318242895527,0.9385840554331847,0.9513760385873734,0.9209596502969293,0.9426636502249067,0.9425824659169508,0.00741284062648863,147
20.964933087825774,0.3157495542247384,0.05185150384902954,0.0032607841398496692,0.0068564314564107985,8,0.6917142204161856,2,4168,0.7662163476493078,"{'learning_rate': 0.0068564314564107985, 'max_depth': 8, 'max_features': 0.6917142204161856, 'min_samples_split': 2, 'n_estimators': 4168, 'subsample': 0.7662163476493078}",0.9435926127381021,0.950619104345585,0.9471873801946257,0.9504069333966305,0.946940637448232,0.9494927379946494,0.948250514985749,0.9546585988893028,0.9491742939962825,0.94614146269847,0.9386144571958597,0.9360684688490087,0.9493787741409189,0.9512573908074282,0.9549734561743981,0.9553324221916338,0.956066086998522,0.9505468118000765,0.9472688325184901,0.9373234224557917,0.9555216385610827,0.9318850029866863,0.9611061117045124,0.9460950663703507,0.9298641958914218,0.9472415218504721,0.9525220656723041,0.9374737094523432,0.9541125391390791,0.9530551837193951,0.9583490063999469,0.9479950696413934,0.9431071463712323,0.9510356868097798,0.9458159127442133,0.9497548986085749,0.9514996919506795,0.9497803250250401,0.9555587440962564,0.9444362610705392,0.9417296925716058,0.9430809513632197,0.9549918308803816,0.9466568220592,0.945795296784027,0.9473089313344916,0.9475193825347801,0.9514346939201755,0.9504775668692746,0.9477556331298337,0.9515585449776282,0.9465160293432453,0.959288131619426,0.9405093470497634,0.9414690306960357,0.9504955151755105,0.9416456076471672,0.9538637263062675,0.9558895266404341,0.9395463224109994,0.9493629314940222,0.9493334725394702,0.9599531089000037,0.946623727669771,0.9412364611887151,0.9518918969668059,0.9559536921803431,0.9435233466761097,0.9484838540879684,0.9388467522783565,0.9593319446792398,0.9503005811600368,0.9428479162756891,0.9344167934760222,0.9595468696603527,0.958363751143536,0.9368809175623556,0.9450819573774755,0.9462031096632879,0.9498501095881474,0.9485653111838483,0.947304506014974,0.9461449931764907,0.9441371636360704,0.9572798183744623,0.9519178415749466,0.9495133701142854,0.9465454709947523,0.9516651917323731,0.9434380674447237,0.9534312465166589,0.953297135527023,0.9569994928186564,0.949671027476064,0.9383831862770264,0.9480241869575929,0.9466351348373614,0.9541090624779642,0.9453753783936493,0.9509099843054021,0.9483841752560056,0.006318813544905213,54
20.541883828639985,0.21818179273463137,0.03257307291030884,0.0012313078925155695,0.042447737358520234,6,0.8953685550856594,2,4168,0.7739021256898738,"{'learning_rate': 0.042447737358520234, 'max_depth': 6, 'max_features': 0.8953685550856594, 'min_samples_split': 2, 'n_estimators': 4168, 'subsample': 0.7739021256898738}",0.9466387451812674,0.9491477333058996,0.9474297608238581,0.9495519237031206,0.9464172115499518,0.9481365738823306,0.9511884498959025,0.9488626898716207,0.9479111128534432,0.9452711206750096,0.9372899771310539,0.9342195567977577,0.9510158952446699,0.9538419050179516,0.9528437547268764,0.9516507770438309,0.9570220135388707,0.9506569925365723,0.9496329271391848,0.9347985862140893,0.9533490537124023,0.9444905803376272,0.9637230792114977,0.9453180615013567,0.932847508710895,0.9526742109419777,0.9556042718393464,0.9376940929976,0.9537692276994331,0.9546345614742631,0.9576796077834453,0.952501765278961,0.9429002656304057,0.9514500963931356,0.9488918676278763,0.9464283021183888,0.9544444692422871,0.949454152126814,0.9533088508056147,0.9469180031062108,0.9431477531067992,0.946338378329614,0.9546283580527898,0.9453488531240812,0.943201467432695,0.9455051560654915,0.9470200648547906,0.9496672946118552,0.9490322360281288,0.9505219765326378,0.9508151363300237,0.9495589202965314,0.959165552769226,0.9364490378975537,0.9427769885999829,0.9528271678991035,0.9451330684357437,0.9508932130954275,0.955081608155059,0.9392360380582447,0.9493346101132818,0.9509580052185289,0.9566030358301973,0.9435919923158842,0.9337854093363418,0.9539348994261523,0.9565280258578632,0.9476136234315911,0.9431344659655326,0.9382502944793792,0.9601886511431218,0.951438755647263,0.9428901295357676,0.9364144075053634,0.9585783962868569,0.9587882233358545,0.9329739834172053,0.9478450609218065,0.9482480344495711,0.9486693034805457,0.9490383660972662,0.9497938047357918,0.9386971775958017,0.9445837479839632,0.9589048543626468,0.9501036528349411,0.9515337825275754,0.9466419487404792,0.9556164742984483,0.9436009513294163,0.9567563688304381,0.9503416780366383,0.9596205538806688,0.9498234114105879,0.9395207674269388,0.9496276431145779,0.9509710706813278,0.9539306609474166,0.9487540556199742,0.951142634518619,0.9486673091802021,0.006483859495433035,50
14.123418781757355,0.19455696612183046,0.04433906555175781,0.002135050072172024,0.006008116661255823,7,0.4431781364164753,2,4168,0.9350257970633646,"{'learning_rate': 0.006008116661255823, 'max_depth': 7, 'max_features': 0.4431781364164753, 'min_samples_split': 2, 'n_estimators': 4168, 'subsample': 0.9350257970633646}",0.9454327341215847,0.9501781285011456,0.9489985774507159,0.9480475753161616,0.9475637810459581,0.951317190221528,0.9473226005031196,0.9513434480946809,0.9489972994123735,0.946743656830924,0.9413939383099,0.93765954844892,0.9479060042100392,0.9536782151501256,0.9529767492210659,0.9556703233280153,0.9560679659420598,0.9495962889285854,0.9493542442004065,0.9328524350234584,0.9543661856474885,0.9295926867196456,0.9610410460654454,0.9434996394434126,0.933926050734813,0.9493396416940472,0.9531111649252747,0.9349783084482373,0.954315328816451,0.954036536793455,0.9588758809033867,0.9510184862846545,0.9422075742665258,0.9502766225824082,0.9441869044134562,0.9512570879629175,0.9537193997843606,0.9513915806520384,0.9529934069752377,0.9460223921905561,0.9422420269501087,0.9443878511747296,0.9559781830669187,0.9464135320632983,0.9449501649249182,0.9481808143350378,0.9448900598333433,0.9476540742348224,0.9495734639176626,0.9501570105617542,0.9507616260528582,0.949610422261933,0.9579190315287728,0.9383258624990841,0.9406268030766308,0.9514549198532889,0.9430904744396421,0.9538290666276174,0.9564836100161003,0.9386389552215096,0.9494263332346777,0.9499660322308259,0.9592544189827535,0.9470845241699312,0.9384795164188149,0.9522055447136238,0.954923896074867,0.9484890913038362,0.9512265549448458,0.9404386236922734,0.9600960896375325,0.9525301480009967,0.9426638062269964,0.9330976336150594,0.9607112347129451,0.9594735270069137,0.94438492660587,0.9461628999364808,0.9481629673303459,0.944664413399894,0.9433545680291294,0.9469915256937219,0.9489141130074543,0.9484254805700927,0.9550657363969577,0.9506622225693129,0.9433217203879855,0.9480669681401743,0.9529958762603671,0.9434091765319759,0.9564872674917302,0.9537984510575864,0.9556099842331572,0.950462782526398,0.9379297610038455,0.9459686236675334,0.9497043419913658,0.9536887704694217,0.9475970502555744,0.949727289255455,0.9485404847398334,0.006373697333072758,51
11.90287094116211,0.20645944597182664,0.019288377761840822,0.001302023051207265,0.0921353795171421,7,0.8987075128788344,2,4168,0.826064957462618,"{'learning_rate': 0.0921353795171421, 'max_depth': 7, 'max_features': 0.8987075128788344, 'min_samples_split': 2, 'n_estimators': 4168, 'subsample': 0.826064957462618}",0.9432533544140576,0.9440731116541411,0.9474816048142989,0.9472090728523385,0.9437819538695396,0.9380316690841313,0.9435340407499947,0.950868963909989,0.9486563784355935,0.9417134540467262,0.9401230642507868,0.9313880282350571,0.9423686706405907,0.9490698195492957,0.9495702241486054,0.9493472481810108,0.9533473416476081,0.9472470427805431,0.9417523463272253,0.9274606274054578,0.9526153225223116,0.9383799067367427,0.9561932950484331,0.9437883265416315,0.928408643472283,0.9459755077570904,0.949612605222611,0.9332578184039031,0.9504285245723381,0.9510517750476587,0.9564916537676733,0.9468343536074006,0.9393443461491773,0.9480140544982839,0.9474850053820322,0.94464963473427,0.9534565413730455,0.9451913730527117,0.9471608641749936,0.9433378275703704,0.937962898413456,0.9352330032603777,0.9509745466932149,0.9407384830437142,0.9428622700803745,0.9430034166978487,0.9431522863905328,0.9476281799649785,0.9422159902151706,0.9408475022265564,0.947505008520044,0.9438170852235148,0.9583673094912152,0.9325179622678483,0.9381713133426444,0.944320951012937,0.9335314616940638,0.9484600819484147,0.9508357184385424,0.9247657310117906,0.9441645080984093,0.9432060034327308,0.9556302498148904,0.9407310998053794,0.932973450449889,0.9458065623548533,0.9530895827808276,0.9398901938269337,0.9421044867033355,0.9288593241353159,0.9587887057550463,0.9442328098066648,0.9417967264166992,0.9332311305965534,0.9570873890481761,0.9568124083027555,0.9379324630999146,0.9408542689162482,0.9423618290059494,0.9477944749342496,0.9491643386051809,0.9487805081464386,0.9369364233767958,0.9398298948392168,0.9513075922265526,0.9501669035839693,0.9485848199239444,0.9398074055068641,0.9454986126213547,0.9354947196228719,0.9506193702424673,0.9493833624774477,0.9567203228170991,0.9423118501749495,0.9363348657273216,0.943256542214114,0.9437686298589522,0.9520036571085695,0.9345566213953425,0.9436557196384247,0.944343964239619,0.0071146360045352105,127
21.019208030700682,0.2187599781301502,0.08473370790481567,0.0023467151013714565,0.0031108326056301064,11,0.5873960594492682,2,4168,0.6737716992635644,"{'learning_rate': 0.0031108326056301064, 'max_depth': 11, 'max_features': 0.5873960594492682, 'min_samples_split': 2, 'n_estimators': 4168, 'subsample': 0.6737716992635644}",0.9434467412816497,0.9498195548090855,0.9482293894256719,0.9484824429655949,0.9462766418510913,0.9515663990232098,0.9469242378908576,0.9521788484375745,0.9490407629911227,0.9452103095048555,0.9367250329777725,0.9351587398313855,0.9488606366402792,0.9498524188591237,0.9553490122707784,0.9538002877650642,0.9562493123170148,0.9478178541831747,0.9474802187534515,0.9357464563240732,0.9553951934034527,0.9321090281927169,0.9610170477273241,0.9440169346870082,0.9284889428002504,0.9463955701486065,0.9536909238924265,0.9367698895990584,0.9536480802841026,0.9519862130033019,0.9571627726663904,0.9467063030640532,0.9422565447987793,0.9513551196607094,0.9444829453972524,0.9485109727602202,0.9523151936065536,0.9480126321958876,0.9535255029430273,0.9430813033644653,0.9403964474590649,0.9439284032115719,0.9566840774351135,0.945769610098434,0.9443694293161241,0.9466311979643323,0.947147099088251,0.947320779382004,0.9507471446314875,0.9476151627503895,0.9513190009474656,0.9454963221984451,0.9560918059723247,0.9394392887097441,0.941720585289693,0.9500971776865433,0.9420856425992282,0.9526125107342498,0.9553702935278363,0.9396162802402779,0.9469378173066871,0.9490240171217958,0.9583348014642632,0.9461117366149472,0.9366128475632189,0.9510609862743001,0.9558260928603675,0.9420465723457027,0.9488720914866846,0.9393750542731129,0.9588756635273145,0.9484148186350644,0.942639949947285,0.9324713547528876,0.9594867770053463,0.9604642367343801,0.9395611708555508,0.9442527959171476,0.9455704840071658,0.9486003374601008,0.9478965005535308,0.9470207799660763,0.9463604972192347,0.9444736994550869,0.9559965306477703,0.9504680431384003,0.9491747365099462,0.9460821211948192,0.9505538478660039,0.9434142599878869,0.9539444630744447,0.9533485952450454,0.95717037601622,0.950332726556863,0.9385246164255985,0.9463678937239768,0.9474067357179419,0.9525764975688467,0.9431526770261633,0.950882315391467,0.9477328819097964,0.006425287721259211,67
5.712045464515686,0.09575279916457963,0.025132567882537843,0.0015579046841627166,0.07366219007900414,8,0.4393497366621478,2,4168,0.5551923148256198,"{'learning_rate': 0.07366219007900414, 'max_depth': 8, 'max_features': 0.4393497366621478, 'min_samples_split': 2, 'n_estimators': 4168, 'subsample': 0.5551923148256198}",0.9498516234354021,0.9462320059088662,0.9547777107788759,0.9469819061195133,0.9457927807032521,0.9460253419868163,0.9454057363120969,0.9461136041658471,0.9472213003282755,0.9400644532997744,0.9307069201972302,0.9324108342143975,0.9415897005148747,0.9481321865721063,0.9462394281151341,0.9575332961571477,0.9516656983502735,0.9513657861915524,0.9438671404936899,0.9265304580568218,0.956623693930394,0.9337451265070492,0.9639426263517614,0.9426216302167577,0.9291314225831753,0.946689616847264,0.9500673721772129,0.9415023259109124,0.9513619431568247,0.9509969206805985,0.9567802037868266,0.9467155162053175,0.9365623325843295,0.9487451723428819,0.9426142583236895,0.948670172130594,0.954568678313992,0.9407263881991268,0.952810194737438,0.9410347022299972,0.9405352617608572,0.9460932102898657,0.9554916435398901,0.9407058462332096,0.9456729535997201,0.9502378477702916,0.9472766163939382,0.9446534460483568,0.9435683287553107,0.950275150572699,0.9486730162926379,0.9490483087974478,0.9598215195637045,0.939948716113216,0.9390705389706626,0.9463079542278966,0.9436050359618109,0.9550128349871856,0.9580519527735576,0.9432098030570102,0.9487934664038512,0.9455645298713946,0.9513848774605522,0.9410330581916893,0.9395931040809127,0.953686137361552,0.9480156683931363,0.9458321681251971,0.9543452093581106,0.9371884912873312,0.9581717675343429,0.9521122125887574,0.9381733517962112,0.9349508550168781,0.9589372129118269,0.955615903660675,0.9322483364594601,0.9442741074813685,0.9481474105753769,0.939755203544657,0.9523053145211985,0.9385567973737879,0.9422291583973744,0.9477499018395664,0.9478735940144716,0.9556032892241366,0.945128255093062,0.9472285644001944,0.9531190824558031,0.9422476964995015,0.9549918142098507,0.9541579472280999,0.9537396967163181,0.9457216510086208,0.9433518739298573,0.9461710515101448,0.9481723408822614,0.9538641743265915,0.932214779720289,0.9454276096527533,0.9465935585993454,0.007170089314606523,86
16.465447657108307,0.1794422457005249,0.047144186496734616,0.001402342156235317,0.0028332686506026515,7,0.5985978666870624,2,4168,0.7666072141879023,"{'learning_rate': 0.0028332686506026515, 'max_depth': 7, 'max_features': 0.5985978666870624, 'min_samples_split': 2, 'n_estimators': 4168, 'subsample': 0.7666072141879023}",0.9470344621676349,0.9518003459694603,0.949096571755578,0.951596948732925,0.9485441775957338,0.9517976852316065,0.9488981517749454,0.953869458337756,0.9519454513620785,0.9466475984220031,0.9389215272834881,0.9377659133544194,0.9499577503436083,0.9533616729711841,0.9552821122729034,0.956516161602142,0.9565752669701436,0.9510304477773366,0.9502976355619783,0.9366166746480733,0.9556338734161763,0.93517069675195,0.9623323533246346,0.9460805144295912,0.9336333567995994,0.9497398281369899,0.9559249072559531,0.9389196410846333,0.9549725671076513,0.9546969942927441,0.9580238340646885,0.9505130013352779,0.9442095710291969,0.9514097441183591,0.9459924794712403,0.9514983330601542,0.9537808973984244,0.9501947346681612,0.9550012234886197,0.9464355775282993,0.9428409422804326,0.9441766530066498,0.9574931902959009,0.9480472687878893,0.9464323793687646,0.9492480065411245,0.9475046487321052,0.9495223202869711,0.9513274501537836,0.9507814515942707,0.9536564797800223,0.9503037366690065,0.9584264443298912,0.9394859251444546,0.9441151059040461,0.9521011593195396,0.9447555696222352,0.9552472448394554,0.9561986186303392,0.941166994328072,0.9494963048220986,0.95001676818422,0.9606571178940839,0.9470052554958331,0.9395713012422634,0.9528262401420591,0.9574828373136625,0.9473284968188271,0.9490218076826434,0.9404417447608138,0.9608043129363216,0.951880044666805,0.9444408419101544,0.9338940508957064,0.9610037465691895,0.9604547592559416,0.9415605200735631,0.9471412918100675,0.9477887824618387,0.9490167024456401,0.9487710624217718,0.9487477507496987,0.9490502746905717,0.9480861567462309,0.957767720838465,0.9527901014026574,0.949015165118276,0.9475005231968768,0.9531746068012075,0.9446579415234786,0.9567186959705575,0.9538119091639372,0.9581062346445327,0.9527425303750904,0.940985441489839,0.9472669032487451,0.9494813037471238,0.9546752440315958,0.946563567499935,0.9512153842187386,0.9496751317777335,0.006126850209939192,36
7.3549445176124575,0.1219830155490198,0.013823096752166747,0.0005089630082491774,0.2078842538782157,5,0.5999444960895808,2,4168,0.9193506699558507,"{'learning_rate': 0.2078842538782157, 'max_depth': 5, 'max_features': 0.5999444960895808, 'min_samples_split': 2, 'n_estimators': 4168, 'subsample': 0.9193506699558507}",0.932457666216742,0.9440643297027352,0.943680136951868,0.9281619097059459,0.934064348223826,0.9379003874504728,0.9495081910672527,0.9573529960463836,0.9500415377202197,0.9333159151992442,0.917083195016401,0.9352528595006119,0.9418958396267877,0.9371933819947138,0.9492979532922223,0.9471232492605348,0.9484968764029564,0.940601478822601,0.9411622484616405,0.9145162304091169,0.9484176486465139,0.9204858673737768,0.9574431326326749,0.9357726319993567,0.9094320674162804,0.9405391910688408,0.9506246192663208,0.9220583794570772,0.9474145967831349,0.9471407705372332,0.9486679368233794,0.9382787875254581,0.9325324086126534,0.9419498833595117,0.9387658894730019,0.9443704534357105,0.9486896726053212,0.9455304840851548,0.9505653638107187,0.935402890078394,0.935086710162483,0.9399435434890224,0.9501973466436966,0.938972442991369,0.9450576522093481,0.94566940262425,0.9378408069545474,0.9431482053979272,0.9395274007802783,0.9448067934384577,0.9498103179432621,0.9418031039231773,0.9510954958578401,0.9414026781224191,0.9332310042854514,0.9500017034291525,0.9377463896739239,0.9428426830603364,0.9467514877472334,0.9377022474562191,0.9415760456724146,0.9450893469829653,0.9445689043036086,0.9282939094461753,0.927089965057679,0.9469962447982164,0.9518348379883221,0.9498638538490657,0.932748089956553,0.9243994464872677,0.9529387810525263,0.9524368157843444,0.9393285964426742,0.91490781772042,0.9567120739373655,0.9517791343609133,0.9362006582502729,0.941350779575302,0.9381525843298849,0.9376415887366051,0.9365966368461672,0.9403256993361525,0.9222307561369288,0.9380646129889392,0.950390661117417,0.9455290029489124,0.9371929119216815,0.9211365879559721,0.9475788957117671,0.9386649571727681,0.9547205638059054,0.9493601233683157,0.9541543753729601,0.9447446007309181,0.9393872241272757,0.9389947327354223,0.9419575129326064,0.9461821251024439,0.9394953119872463,0.9473001561399826,0.9408780774542553,0.009643377476929943,158
30.043671162128447,0.299181462434809,0.09712050676345825,0.0038953959040011533,0.00407067039939574,13,0.7756179978787981,2,4168,0.6771670832896792,"{'learning_rate': 0.00407067039939574, 'max_depth': 13, 'max_features': 0.7756179978787981, 'min_samples_split': 2, 'n_estimators': 4168, 'subsample': 0.6771670832896792}",0.9425823065536985,0.9488371596162277,0.9460705553752248,0.9483133651257591,0.9457742184178786,0.9462654161722865,0.9450284294837483,0.9507054626133705,0.9469972465678492,0.9431313859900303,0.9373227836454936,0.9313162353221175,0.9467727349128205,0.9497242489969022,0.954154531170315,0.9521290380142392,0.9542243655977665,0.9464572736864032,0.9476472162340123,0.9325130789235652,0.9548609673250801,0.9384595377324679,0.9600792162094387,0.9420410638639232,0.9251920534918281,0.9462959902719116,0.9527704176130679,0.9364868402485979,0.951746706632641,0.9519239206155417,0.9557996984260569,0.9456893502699407,0.9401239812424054,0.9499986764367885,0.9456487226333132,0.9469679878300293,0.951494806334348,0.9459020944842772,0.9541815848726428,0.9405598056490361,0.9386047347389173,0.9440715344735383,0.9548916193818474,0.9437791417537612,0.94426983796138,0.9466162803894004,0.9476157973753998,0.9463738356102768,0.9473168078120168,0.9463571253530607,0.9487158691678879,0.943642577624127,0.9574048894059389,0.9391178558853028,0.9411057227449077,0.9498344145945233,0.9404817920312041,0.9510481515035136,0.9530805506548771,0.9381188170606787,0.9451189689027943,0.9485620136380044,0.9574866933389596,0.9451482507294477,0.9365632005870517,0.9472430726105009,0.9553951431869042,0.9391715350253854,0.9467814902956302,0.9382098255474529,0.9575887014736542,0.9461789145772422,0.9407793373441423,0.9313897867804215,0.9583448408263612,0.9597393608558062,0.9350257111728868,0.9417542740975647,0.9437427029251907,0.9473895385943348,0.9488517102584292,0.9460739053551668,0.9443890406148264,0.9403959132617469,0.9556035705500748,0.950223829856298,0.9507595695392664,0.942016609603672,0.9506794038692412,0.9433903829983838,0.9510590840939461,0.9505487563690674,0.956006193153503,0.947902790715494,0.935878599968925,0.9477760013808172,0.9443977804315113,0.9508154889255467,0.9404220308048442,0.9495396368258578,0.9464298149121195,0.006589935252344937,91
11.61970761537552,0.18204467105856648,0.07400211095809936,0.0020729306913503665,0.014571905849303018,12,0.33503216233857,2,4168,0.6737982711417441,"{'learning_rate': 0.014571905849303018, 'max_depth': 12, 'max_features': 0.33503216233857, 'min_samples_split': 2, 'n_estimators': 4168, 'subsample': 0.6737982711417441}",0.9435025787694973,0.9452706898856068,0.9494171160230136,0.9452763414876388,0.9462676939670279,0.9520885930904448,0.9433695127483146,0.9486564681199152,0.9474257308482007,0.9439584565380311,0.938422368618738,0.9336320850637181,0.947904096575331,0.9488458786703181,0.9508506060636234,0.9522101698089144,0.9533832627296811,0.9451686928380346,0.9482056706135022,0.9329516160262594,0.9527769263297297,0.9290649722196065,0.9601394179598957,0.9431112335204768,0.9268688489397039,0.9448958421098487,0.9533362994413872,0.9332686485469446,0.9529087817271715,0.9505663783907361,0.9567575151914173,0.9447701074792683,0.9368345590288611,0.9513299421199986,0.9434111342646151,0.9441886335375145,0.9515365037995174,0.9463226315698083,0.9515850445252888,0.9431907396166528,0.9396949781861761,0.9455449500040616,0.9575375266635958,0.9448155932573741,0.942306501596613,0.9451256793769017,0.9416528213298279,0.9463592112925052,0.9501365360298644,0.9483089428039597,0.9496741963451146,0.9443758887534222,0.9549279262275971,0.9377208388554422,0.9415105528831101,0.9453633999127888,0.9424693280730518,0.9522577064029092,0.9530717692656969,0.9389163952080558,0.9439387601680393,0.9474641298874615,0.9538131390019706,0.9440362876905013,0.9318634364962115,0.9523239065378434,0.9517755156825063,0.9424256202328556,0.948479014080696,0.9385410761655277,0.9573454071025906,0.9490776345913455,0.9401875947030567,0.9305087773129495,0.9580019141625593,0.9596981126354752,0.937345360321874,0.9420183891932515,0.9473233528015872,0.9403792780088179,0.9440468864462328,0.9425320596470945,0.9438416300130733,0.947134268909957,0.9509564186051946,0.9503552739032698,0.9454886696116089,0.9454581901135404,0.9497052716579191,0.9408398204700344,0.9523860617139929,0.9518521316766073,0.9518086262533827,0.9490324940955898,0.9328881611950857,0.9427976199082955,0.9482306942426827,0.9503440723779862,0.9425642451772465,0.9462379981381727,0.9460048983220642,0.006624931788069842,97
17.729489662647246,0.19373815171410566,0.03384948492050171,0.0009442075365417128,0.01811151984115001,6,0.730009964172333,2,4168,0.733381595886742,"{'learning_rate': 0.01811151984115001, 'max_depth': 6, 'max_features': 0.730009964172333, 'min_samples_split': 2, 'n_estimators': 4168, 'subsample': 0.733381595886742}",0.9472615232027959,0.9511446092738673,0.9517963134833588,0.9533325596215019,0.9495332236707074,0.9477893785845631,0.9512441157225929,0.9541498280362924,0.953573377760582,0.948740203180947,0.9333204014888645,0.9390458453587837,0.9530332137948888,0.955131716393624,0.9564737950649674,0.9562775698090165,0.9582625290040784,0.9530662819952062,0.953047111421607,0.9335282807897752,0.955235278592063,0.9429375635132881,0.9623744054525253,0.9469744632297736,0.9389883027417474,0.9522160332902275,0.9582454166252723,0.9397586092003936,0.9559377138647955,0.9551396193639213,0.9599796668394656,0.9529972086348368,0.9444618581173403,0.9515335717404203,0.9431345498346009,0.9525301249767143,0.9546216269067528,0.9515283864424446,0.9588350802362068,0.9463065820630026,0.9473300581941295,0.946765539220217,0.9574599272098261,0.9489115461121137,0.9486031677389947,0.9506948635805348,0.9510644813024687,0.9500986528429991,0.9506029872590763,0.952918370345331,0.953248221274698,0.9515787163864231,0.960677924485267,0.9406942431522753,0.9437787064164881,0.9523544998308301,0.9453401150180067,0.953976270176917,0.9564881609901814,0.9398584049712467,0.952460087933626,0.9512770922445044,0.9615331454769368,0.9465950460324823,0.9425516781210762,0.952943571045855,0.958946607742797,0.9496824788802376,0.9475755873779791,0.9422333029118966,0.9626236371860833,0.9537080239861433,0.9470726841185725,0.9349940020182244,0.9600292833652468,0.9598270857570282,0.9439801165086807,0.9474133159467019,0.948304439350077,0.950142923512903,0.9490092656370237,0.9508964878442773,0.9489540591716037,0.9472498265084507,0.9595132085079451,0.9540195783276124,0.9472824418328378,0.9486455919805058,0.9551324435836946,0.9447174638792102,0.9585000659761921,0.9544541053672553,0.9594364278304797,0.9510682846159919,0.9417063273994416,0.9479278358408407,0.9512949089394376,0.9550440850192055,0.9473959651326832,0.9522406614574658,0.9506431594020104,0.006179697964841183,23
29.080385630130767,0.48324800644100135,0.04748295307159424,0.0017498763809366792,0.024451857832937164,9,0.885422313074065,2,4168,0.8468434481960752,"{'learning_rate': 0.024451857832937164, 'max_depth': 9, 'max_features': 0.885422313074065, 'min_samples_split': 2, 'n_estimators': 4168, 'subsample': 0.8468434481960752}",0.9422861264227477,0.947702221563084,0.9449276531090081,0.9428560252643571,0.9420432607228593,0.9418530676037102,0.9427096514669777,0.9477386231468305,0.941819202124242,0.939829291934115,0.9377170804634648,0.9314547303364735,0.9435485855955761,0.948394466559869,0.9509597958872144,0.9485523500546034,0.9477134651447757,0.9428303338492083,0.9409789954857231,0.9346317368071998,0.9524875015744407,0.9366793173160828,0.9580073618213366,0.939587682871378,0.9226843487817122,0.9396663766469757,0.9493693023026177,0.9294349818081942,0.9492015706925289,0.9486194622478437,0.9522603545030841,0.941041178689931,0.9379903197552221,0.9501364524244411,0.9403349249875385,0.939788545414636,0.9480416776082924,0.9424290903862336,0.9518256740981186,0.9419827659341664,0.9364110832726598,0.938089688357899,0.9542072619394099,0.9429244234666168,0.9442857800906082,0.9432968936429189,0.9453032506910947,0.943272910645,0.946893233802653,0.9404082588177329,0.9463791016800877,0.9400989737621586,0.9567690170072856,0.9346432635369177,0.9360431301363239,0.9477809805008294,0.9327876515576371,0.9478578195811717,0.9504396008753327,0.9259880957350862,0.9448866528498179,0.9442772885073533,0.95581846210408,0.9398975476109347,0.9327008109943136,0.9422824916663735,0.9539355756210521,0.9381275761356628,0.941887380846844,0.9315816305037395,0.9557541589130909,0.9433585869408391,0.9361975327437356,0.9305289589558703,0.9560739686391424,0.9546692848006681,0.934922017568545,0.9378298317304131,0.942219576527523,0.9468268403728395,0.9449609976838416,0.9456246481761434,0.9398442154889409,0.9352587121222355,0.9515043196124294,0.9496780944038834,0.9521630371004379,0.9391045790664949,0.9431113109387559,0.936036495401497,0.9481271004329341,0.9477167080874745,0.9527474404304489,0.9448275621009566,0.9355458462984361,0.9453487848997406,0.9394312584996121,0.946490914662797,0.9367925059630682,0.943453549085594,0.943275402269948,0.006936004374576495,139
28.28384461402893,1.701748190526686,0.06046829462051392,0.005689914193509354,0.007450666443838127,9,0.8912789471378522,2,4168,0.7398333987787269,"{'learning_rate': 0.007450666443838127, 'max_depth': 9, 'max_features': 0.8912789471378522, 'min_samples_split': 2, 'n_estimators': 4168, 'subsample': 0.7398333987787269}",0.9426620522885055,0.9481183208976893,0.945856192715926,0.9481798290003205,0.9451474073831548,0.9474384521141204,0.9467898804345504,0.9517146928510635,0.946941853767493,0.9442098539992714,0.9374285366870161,0.9331977263336346,0.9439201909696191,0.949874542426134,0.9541200250669728,0.9530088192063206,0.9539234149285286,0.9485571073678751,0.9462305083937043,0.9356706050911235,0.9546619720804473,0.9398521346152513,0.9595648686270614,0.9434492532249419,0.9270551329166895,0.9463163949031561,0.9521811901055919,0.9366894953698326,0.9518529868141441,0.951822101379929,0.9563290201178503,0.9450154544259204,0.9394094725100162,0.9514780110732545,0.945134265773849,0.9465381876224337,0.949277493788967,0.9466632639899776,0.9528918272346177,0.9421609465815335,0.9400159939238849,0.9416917910424495,0.9550730631781064,0.9437642318134495,0.9455301138984523,0.9447551539747859,0.9470716342377042,0.9469754771114784,0.946825170930323,0.9460238634954645,0.9486480050902322,0.9442983345916247,0.9579800594747172,0.9366758684829518,0.940056589838785,0.9497619642556651,0.9392237405398877,0.9512141345450792,0.9541161692977096,0.9331778177184542,0.946466856752553,0.9468081749971416,0.9562997354991698,0.9438490158749474,0.9371654615571776,0.9472867680727539,0.9563825192306499,0.9402771268028677,0.943990108387341,0.9370630563132119,0.9591045907498656,0.9455555374555423,0.9416226458599247,0.9330895774456102,0.9584660958413388,0.9575820840556081,0.934351579120327,0.9421171292967908,0.9441402831486705,0.9498209076649078,0.9491309886346997,0.9469561620177764,0.9409885352445689,0.9395318318193486,0.9556953104460197,0.9526976523317799,0.951952382709211,0.9422108970268436,0.9486605221277922,0.9421122125480499,0.9517033728370763,0.9512812523535155,0.9575357280243676,0.9483222934287997,0.9371094167874058,0.9480689803087683,0.9445192460988149,0.9521391831422462,0.9394820933934989,0.9501615685843323,0.9464591154651102,0.00658788993310606,90
5.621746463775635,0.11169924325802995,0.017243990898132323,0.001113240833103771,0.07971189763535122,12,0.5817422573446251,2,4168,0.6995322018780352,"{'learning_rate': 0.07971189763535122, 'max_depth': 12, 'max_features': 0.5817422573446251, 'min_samples_split': 2, 'n_estimators': 4168, 'subsample': 0.6995322018780352}",0.9424277107321706,0.9442680911331124,0.9462861353821094,0.9429134263623464,0.9445034926571733,0.9445933004571323,0.9393786798724006,0.9488923758821377,0.9438411153720963,0.9399529929778785,0.9273225655531603,0.931710236197408,0.9410666060531212,0.9437792537808573,0.9532236031469463,0.9520088352501804,0.9486569211688725,0.9420043364866815,0.9382125236288374,0.9365456511462587,0.9476257084121422,0.9304568164010735,0.956293366324543,0.9380208430019704,0.9145811048229544,0.9368848508340832,0.9458360467731026,0.9264209029265228,0.9479727681629467,0.9421181015069537,0.9566835687804132,0.9438820619293746,0.9342566902462179,0.9455445997714633,0.9449869942965456,0.9422301004406162,0.955253445036054,0.9429852483389383,0.9460930998020194,0.9366977397667369,0.9352449812315211,0.938613855794766,0.9526424686574735,0.9375945769730742,0.9407233345408376,0.942235099180761,0.9383796271020064,0.9469902848674168,0.9435568979558606,0.943688244968391,0.9442346034550715,0.9398600973111195,0.9517108750039167,0.9285670559955181,0.9341323018869255,0.9433177323945243,0.9339007527341662,0.9467449423109504,0.9525092440003675,0.9337491021574524,0.9431626807772548,0.9462027855619788,0.953809338136947,0.940795898116719,0.9346892174913478,0.9422203783140605,0.9523948609279692,0.9360946282841694,0.941428480970094,0.9344992192503611,0.9542155656049417,0.9483536924418974,0.935653614010244,0.9263376897641922,0.9526169622948183,0.9590226399129256,0.9386500820710544,0.9389689171378665,0.9420136069273269,0.937652136825345,0.941313664840415,0.939667400857561,0.9390381815774973,0.9355395786306168,0.9505652642147487,0.9470229721630934,0.9516660857287312,0.9406978670857836,0.945578804567033,0.9334125262323822,0.9550108627884278,0.9470828691270232,0.9469506310147034,0.9379849246049802,0.9329566121381409,0.9392596685908742,0.9415474065237127,0.9508305821300189,0.9419894919117171,0.9406237677515177,0.9423232954663816,0.007502146661643228,150
24.704898524284364,0.4809164400327511,0.047812345027923586,0.0017719523359823925,0.022064956656423867,10,0.8042041362069554,2,4168,0.8535438211675037,"{'learning_rate': 0.022064956656423867, 'max_depth': 10, 'max_features': 0.8042041362069554, 'min_samples_split': 2, 'n_estimators': 4168, 'subsample': 0.8535438211675037}",0.9408503611838406,0.9462188144862045,0.9438828135441899,0.9448751370871432,0.9406318710644708,0.9426813902620202,0.944262713530373,0.9437038741266417,0.9432539810349241,0.9392798495588699,0.9338078549770823,0.9301200794157259,0.9441572125850045,0.9455438947407381,0.9508754830524763,0.9516439263349348,0.9487443300073808,0.9422639443468178,0.9428187526358309,0.931354934588999,0.9513045228847524,0.9329740533196709,0.9558006301645088,0.9416382724128065,0.9242835766441968,0.943620006917558,0.9483201235618733,0.933166518903838,0.9507616565361139,0.9503954995411364,0.9545880593463454,0.941331468277236,0.9362251499806509,0.9486153012630336,0.9425401773958623,0.9420245600726513,0.9496070557294256,0.9436570419105187,0.9473188270055972,0.9404343268018265,0.9349824971233367,0.9374414020699956,0.9541238994262616,0.9411294354630869,0.9408264524971431,0.9451745011001671,0.9430779213868773,0.9445887038126827,0.9445590151776843,0.940791281592715,0.9461121393645078,0.9408734778132479,0.9533487014240375,0.9352128740036496,0.9333791935490754,0.9469840145125114,0.9348452847558769,0.9467772464167735,0.9519735239863419,0.9267293091060448,0.9459733209217208,0.9440318109018805,0.9556697670664864,0.936985331548307,0.9321953855265656,0.9443745599829723,0.9544259090230972,0.9373942939900808,0.9451974858424447,0.9307003608163766,0.9533676253953607,0.942589476380461,0.9340048007579956,0.9271872456049295,0.9555371870487371,0.9543972028580443,0.9347170495600396,0.9355606509360326,0.9412480715238625,0.9466676109559725,0.9402990740453797,0.9451166564361503,0.9404540558663236,0.9364459391409512,0.9527954284491201,0.9477694597278213,0.9526070022006753,0.939904133853796,0.9454590809314416,0.940420909364577,0.9474172004014731,0.950709681981006,0.9528820553412956,0.943450557702261,0.931991415577866,0.9428204780162271,0.9410296276671948,0.9468301248285197,0.9357386457244186,0.9431974429542844,0.9430207303866743,0.007033696041670511,141
6.346828744411469,0.11435408745066408,0.02098402976989746,0.0009347163659325093,0.06590153608896254,9,0.43662205597382386,2,4168,0.835947868716513,"{'learning_rate': 0.06590153608896254, 'max_depth': 9, 'max_features': 0.43662205597382386, 'min_samples_split': 2, 'n_estimators': 4168, 'subsample': 0.835947868716513}",0.9434879318002274,0.9467169141791328,0.9445750398224703,0.9384466653082071,0.9471918995557553,0.9489356288484693,0.94075685646615,0.9431535347730888,0.9470260749395806,0.9417012269295474,0.9342349038533516,0.9366615909445744,0.9460305388740882,0.944599510694939,0.9507612134463159,0.9521742500674413,0.952157263340008,0.9447816625467955,0.947081925156596,0.9268407795062452,0.9515323928177455,0.9219407550322067,0.9562570504919948,0.9372190397470428,0.9286410656905862,0.9433420362982059,0.9528686874962738,0.9322492363919721,0.9466898685514035,0.9502063429406391,0.9497973704422167,0.9425592723495367,0.9381901114181983,0.9478436164865601,0.9373110193495833,0.9475135601568966,0.9479990221760322,0.9438496473974358,0.949334463659256,0.9389843219652735,0.9410579248114637,0.9395404980167027,0.9529429257497426,0.9428617308281348,0.9442375956194182,0.9477022133870976,0.9442017324299468,0.9388488575925662,0.9410099817801308,0.9426406713099249,0.9488831966328635,0.9432577110906928,0.9558038198260222,0.9344591737890586,0.9395877430148536,0.9464427590376746,0.9336082796813361,0.9479966786762478,0.9545932877864696,0.9348995244034547,0.9440909808553996,0.9449713162983988,0.9557880572962024,0.9397254977851872,0.9364952674291657,0.94951641203246,0.9495185310832492,0.937960913956926,0.945374655398257,0.9368622354275323,0.957282658521786,0.9441173182640487,0.9417991769456333,0.9282217654186881,0.9573223590376836,0.9549995231526057,0.9360008832357856,0.9432532971911389,0.943332947432035,0.9363427089777714,0.9383351307780852,0.9417545424326288,0.9428821027424111,0.9433582416160788,0.9533713577433264,0.9482175896759218,0.9352704603015661,0.9465259728790115,0.949004429017882,0.9424544321579004,0.9525919850111666,0.9541130626827858,0.9467270703121878,0.9467457570267827,0.9329695470861241,0.9393206586639403,0.9446541247034104,0.9496335954136793,0.9417008872610719,0.9463178531701958,0.9439514590379195,0.0069242131126404085,132
10.058100638389588,0.14192823461268123,0.04572799921035767,0.003229722965944115,0.0220164181334109,7,0.4414855848403797,2,4168,0.6048221246088148,"{'learning_rate': 0.0220164181334109, 'max_depth': 7, 'max_features': 0.4414855848403797, 'min_samples_split': 2, 'n_estimators': 4168, 'subsample': 0.6048221246088148}",0.9479296859364672,0.9534467560970341,0.9510701530718948,0.9526913278837978,0.9510435011631702,0.9519114996304529,0.9486327053146967,0.9520727026283075,0.9475774694753402,0.9480870993597273,0.9387507148677516,0.9374209920957617,0.9514185081159208,0.9553791112093696,0.9537396430948667,0.9577214441474453,0.9592339845055124,0.9515980071687286,0.9557238757742247,0.932419633798925,0.9567752980609372,0.937068166815469,0.9629130221783667,0.9459943586354577,0.9389432500403939,0.9508347282361174,0.9536256357134157,0.9421988853099975,0.9577861603140184,0.9532618334487353,0.9607274598210468,0.9522442489215411,0.9453046646614776,0.9521379598322252,0.9434676735889751,0.9520929128122843,0.957397321625177,0.9477975794017236,0.9562149634848811,0.9471113331673806,0.9452494685763344,0.9512810619882393,0.957393132394706,0.947482232767473,0.9504187767449476,0.9495633622752623,0.9473464231409133,0.9495251045113056,0.9553699325104285,0.9538573738326798,0.9527606016615027,0.9501291168022789,0.9592935091445693,0.9414164087096957,0.9478639605491505,0.954203353812101,0.9462545682178616,0.953806891290254,0.9580369885510316,0.9454697798665884,0.950180053679182,0.9526455687461154,0.9583043522965085,0.9504551834200703,0.9409717441676224,0.9547754094404121,0.9561493899265824,0.9472160032374226,0.9529675488581801,0.9399511492379681,0.9616770642979227,0.953006704507456,0.9398209122208796,0.937147081022489,0.9596018808187199,0.961341182729646,0.9443229107981149,0.9499692778528326,0.9492029268480351,0.9469998042459005,0.9520570212042849,0.9468453921205497,0.95130779553275,0.9521065819736646,0.9583044749665268,0.9560859842357816,0.9476378022924064,0.9480583765877061,0.9558064560114918,0.945397594710455,0.9599166387041363,0.9540124004139895,0.9576172965770179,0.9527137812176414,0.9425994654022511,0.9482079756607099,0.9507715292927538,0.9577131512621492,0.9473326277590721,0.951052495713424,0.9507073930874717,0.006105705203904252,20
19.577052500247955,0.8157585468359144,0.038895983695983884,0.0033498452494667244,0.025047557393561622,12,0.8813909601918843,2,4168,0.8610793298222768,"{'learning_rate': 0.025047557393561622, 'max_depth': 12, 'max_features': 0.8813909601918843, 'min_samples_split': 2, 'n_estimators': 4168, 'subsample': 0.8610793298222768}",0.9360891352452171,0.943443870290525,0.9389842803941606,0.9411627583892211,0.9361152254137552,0.9386564202292582,0.9408751844208714,0.9391017224515914,0.9401834736904819,0.937637771559976,0.9311242580510395,0.9256144301492046,0.9412671431064402,0.9436932746332678,0.9480882357772801,0.9467604737957787,0.9455352573504745,0.9407049682038355,0.9386536126813877,0.9308106119197254,0.948490696165516,0.931444726001655,0.9551891460799002,0.9403540333974902,0.9184057962310204,0.9387166726599904,0.948082594778622,0.9264424156927403,0.9466010166536326,0.9464471455341565,0.9499597204729726,0.9368106188293013,0.9344528100529226,0.9462746654655952,0.9384473771792443,0.9399160686840946,0.9450442591112169,0.9380749530454698,0.9454662314893918,0.937951500611737,0.9339524142235753,0.9318829400964163,0.9524096793565829,0.9390597315342064,0.9391540366239598,0.9410730307664172,0.9405583369668564,0.9431319165434932,0.9404283788465274,0.9391571558706868,0.9392095770057912,0.9369676333330794,0.9529496008604021,0.9311624170284531,0.9280266232777631,0.9426739783078472,0.928292398839653,0.9445048129865375,0.9474135631296757,0.9266910796802852,0.9416210945049878,0.9447079219735086,0.9524017414685425,0.9386999809841121,0.9275921338687835,0.938610237131225,0.9529955311913154,0.9345391093439737,0.9383266416997154,0.9286177040448061,0.9516447540829597,0.9414347448927524,0.9335347626244894,0.9234854457853963,0.9548010188670452,0.954606245167019,0.9218611628717368,0.9354167819275012,0.9391259004701232,0.9445830217010452,0.9376306251352979,0.9429701542362089,0.9373093351653264,0.9313617074864724,0.949670397047233,0.9471457071469055,0.9525840741150369,0.9349424288434691,0.9413949647900622,0.9342460166106091,0.9434791996925205,0.9459014053944612,0.9506911547380639,0.9375393103377526,0.9289200009788096,0.943560095195032,0.9358694847832036,0.9416713751684429,0.9334819525556624,0.9391753292190929,0.9398392451440907,0.007628285391939228,165
5.008405311107635,0.1348114610030603,0.014291877746582032,0.0009674792903126009,0.0965879569053994,11,0.4613387362619372,2,4168,0.854442074247118,"{'learning_rate': 0.0965879569053994, 'max_depth': 11, 'max_features': 0.4613387362619372, 'min_samples_split': 2, 'n_estimators': 4168, 'subsample': 0.854442074247118}",0.9341859450163291,0.947097599979952,0.9305179829094826,0.9396761019246165,0.9405095067398956,0.9345385039784873,0.9348505627877484,0.937863431527864,0.9379620213798102,0.9401775317104678,0.9271322559880458,0.921533667157387,0.9320729958405117,0.9474839103746827,0.9498158156508594,0.9463752768685061,0.9468787710372714,0.9435516757260737,0.9397385368149717,0.9221555110091161,0.9438228806483091,0.9230717129030779,0.9586920622793166,0.9325579599646452,0.9166341747484928,0.9325964497420082,0.93857912851427,0.9245623562956795,0.9487004406562568,0.9443230037956807,0.9533865354818603,0.9427989520705619,0.9376523175806943,0.9455094469950922,0.9418439701205533,0.9318131963806835,0.9447130116722685,0.9440592102697375,0.944793975201154,0.9339317197370902,0.9271057419355866,0.9298588218859487,0.9492072822101055,0.9403743007955885,0.9377469651490081,0.9420070673974524,0.9417452107053675,0.9409940356141677,0.9420547405603824,0.9395584615023884,0.9399833018592876,0.9380869677531053,0.9527768261178461,0.9285147364841255,0.9324148170643975,0.9411837406820956,0.9310800067042415,0.9453393648285057,0.9479167541960342,0.9226961491312025,0.939767950549308,0.945044402969732,0.9510550255668722,0.9356834776011008,0.9344494192307894,0.937344636536173,0.9482102486410099,0.937853738112037,0.9407469617524418,0.9301752919392945,0.9513724228468956,0.9441481657811702,0.935412642379111,0.9173030884783417,0.9538073376274645,0.9590944776870511,0.933278240521543,0.9350535424219324,0.9427223656280436,0.9383370659135181,0.9401525052867546,0.9383903372369043,0.9449122645007351,0.9364803286305702,0.9515896562170945,0.949668194881116,0.9437133287662041,0.9333213677589026,0.9432649013322751,0.9299284007626687,0.9459927772579161,0.9425437451168378,0.944299881409437,0.9388691068449784,0.924061797295299,0.9424723022082337,0.9360157931430957,0.9436198760773538,0.9326502397755163,0.940826475984569,0.9392243918472662,0.00841873606538198,168
6.226340811252594,0.4678159287276501,0.020664632320404053,0.0023686112369103373,0.08846151865692825,8,0.5047377130664709,2,4168,0.6444622861050796,"{'learning_rate': 0.08846151865692825, 'max_depth': 8, 'max_features': 0.5047377130664709, 'min_samples_split': 2, 'n_estimators': 4168, 'subsample': 0.6444622861050796}",0.9398528486472649,0.9388017895757867,0.948020503757972,0.9461076335935938,0.949329784648951,0.9484210135719675,0.9447570857152334,0.9428580101234634,0.9426743013273149,0.941368134450272,0.9326147997964146,0.924431961300714,0.9505320255911187,0.9424961947223589,0.9505808191099057,0.9506415704661683,0.9540954189058307,0.9443662269864388,0.9462531298485954,0.9297311699950267,0.9488405544077102,0.9376440041457867,0.9596051355637624,0.9432096925689116,0.9198697436709778,0.9445338900902301,0.9505804848313912,0.939627661445585,0.9512055793795627,0.9444928876346873,0.9570967958726835,0.9437957939290205,0.9440426922982407,0.9466262205787175,0.9438010213033129,0.942025237470028,0.9521158384229753,0.9443533395089995,0.9450562605760612,0.9426651323510288,0.9305773449440835,0.9452285646816548,0.9557132431389089,0.9438878021000794,0.9346273323290487,0.941778323503984,0.9436832592944351,0.9530257489963193,0.9500724653207323,0.9457203761607805,0.9513407397519238,0.9433067627189012,0.9536790981388299,0.9433373976153762,0.9417335213014731,0.9466776838914881,0.9323812960668987,0.9515517521436823,0.9531484554096716,0.9348145650196397,0.9457817520114077,0.9474062637827498,0.9551938846322569,0.939698752536122,0.9345037225254629,0.9458552737838858,0.9548054804181545,0.9420407365703243,0.9482031992959185,0.9323792382417587,0.9569805208471571,0.9505848887241825,0.9357761748109293,0.9269153938899325,0.9537928127652961,0.9535207667717298,0.931831086370812,0.9450364345374074,0.9455527074248181,0.9394532264084624,0.9471044113735667,0.9428258075582047,0.9430304254062744,0.9479531439149316,0.9558457029371958,0.9546985132777701,0.9415596911562829,0.9451730471952796,0.9492468534150307,0.9319380765555655,0.9498045101884559,0.9519368379745542,0.950295285826768,0.9545205924261312,0.9341510788324442,0.9431789636105186,0.9464309277868217,0.9537795500939592,0.9424410423118021,0.9416648108504019,0.9447829970975269,0.007550156640343414,117
37.79814181804657,1.6558553120103234,0.09106663465499878,0.009580423165107462,0.003362102626007117,11,0.8750565330562627,2,4168,0.8216755337420458,"{'learning_rate': 0.003362102626007117, 'max_depth': 11, 'max_features': 0.8750565330562627, 'min_samples_split': 2, 'n_estimators': 4168, 'subsample': 0.8216755337420458}",0.9396971737008726,0.9455842673190378,0.9409839303339517,0.9434322720105015,0.9407861409974323,0.940047806137647,0.94314843337318,0.9467639281079921,0.9445260407457857,0.9394867097810113,0.934452009241649,0.9281220175339069,0.941764874092703,0.9461025832392601,0.950793844747007,0.9488137219139441,0.9483243789924085,0.9426936160749246,0.9430138584245346,0.9331981848090877,0.9512098376511164,0.9324864020460758,0.956345513591673,0.9402045474224914,0.9210746716028678,0.9420587838032495,0.9481571995079195,0.9303838941020386,0.9500641166499252,0.949099900323273,0.9543935499886914,0.9402566374936954,0.9369631111764136,0.9512170429044148,0.9412307696782374,0.94084415191942,0.9469703344018425,0.9438042698914544,0.9486413934591431,0.939606537299349,0.9347808099207047,0.9364725366183204,0.9534166817492971,0.9392019657727607,0.941416224063365,0.9424885826754866,0.9437908382504008,0.943558655671688,0.944864188979415,0.9408490320157771,0.943259348749932,0.9390571906325554,0.9554774658435766,0.9328209573424336,0.9342031595709822,0.9468641089186687,0.9328633947585409,0.9475603491708043,0.9509755956040293,0.9294956245892623,0.9438255727358743,0.9439866917615067,0.954623704429406,0.9392122025087195,0.9324136870294994,0.9445177875550409,0.9535957963879484,0.9380371514732496,0.9432658200780141,0.9334489007402464,0.9538467491038831,0.9432212032067837,0.9370257462038932,0.9285525597272821,0.9565992328453834,0.9556146465377743,0.9274088156407779,0.9369900718614631,0.9405732472514923,0.9469669592975276,0.9432074917579717,0.9445802320592724,0.9388613362513544,0.9335860704605475,0.9520598873324669,0.9492608270211057,0.9532193616056309,0.939426434753844,0.9447971580822242,0.9396907417054882,0.9459043672866722,0.9484339844662644,0.9543020941045798,0.9423713443239314,0.9331850821250911,0.9457970369836111,0.9385118537998592,0.9479404238049461,0.9360946587699936,0.9450026092644515,0.942701247097232,0.00722288576244026,144
11.318332855701447,0.6283953362938419,0.024265341758728028,0.003642934814734291,0.11667952049666686,5,0.743730469582262,2,4168,0.6200136858032161,"{'learning_rate': 0.11667952049666686, 'max_depth': 5, 'max_features': 0.743730469582262, 'min_samples_split': 2, 'n_estimators': 4168, 'subsample': 0.6200136858032161}",0.9425208683684105,0.947322115435623,0.9497321181056336,0.9511644391964895,0.94099107947559,0.9389398876500458,0.9486791243041571,0.951948363606462,0.9501393575336896,0.9467744065762005,0.927793342314456,0.9304659428324633,0.955883260414695,0.9533837360282971,0.9530981336750127,0.9518334589760926,0.9533085533858202,0.9464252899346187,0.9465653736484568,0.930008632065023,0.9557749488072513,0.9365559409916391,0.9619974713947489,0.9458764921752075,0.9372560120596327,0.9446953535557555,0.9521966477112671,0.9437777719065232,0.9481819318234644,0.9551981361173936,0.9532815888986881,0.9540377511874587,0.9457427719040825,0.949290536507633,0.9387739012829474,0.9446167748336102,0.9530685847671613,0.9509712089734482,0.956646180855696,0.9381517339280441,0.9412624226870465,0.9460229011294251,0.9473608055919216,0.9440040515261713,0.9435369236612187,0.9426838094401445,0.9356800319547507,0.9459069717300272,0.9505151052258801,0.9524426125611744,0.9456277732448174,0.9404996734300755,0.9539231769674221,0.9437458305255653,0.9328523240829893,0.9513122078601851,0.9438306175669978,0.9496481455786153,0.9610560175103948,0.9395366302911552,0.9489412548341726,0.9494510251268876,0.9525740432027416,0.9436992896630704,0.9410365211677434,0.9489040543376152,0.9587679124474859,0.956298251486645,0.9422609618114248,0.9348412668841961,0.961269764675737,0.9548952804459504,0.9442466926687404,0.9329613396826661,0.9574981245581351,0.9572994762851101,0.9445073556855277,0.9466602483417195,0.9498651161559399,0.9490134915079609,0.9471163588220447,0.948062456804936,0.9384349578457064,0.9468656180622483,0.9532014082078875,0.9493967131097644,0.9444702029622678,0.9493601045579259,0.955733724748605,0.9491711777315395,0.95393279775079,0.9470282095683559,0.9572552583658812,0.9488855629207978,0.9436763926394316,0.946310297362675,0.9502406870759172,0.956743403624915,0.9452378742381048,0.9501997130301514,0.9475083164617427,0.006962507211919614,71
30.928038029670716,0.5795095932453844,0.04278563737869263,0.0017188305487096961,0.02841217831524539,8,0.9029246761915235,2,4168,0.906996666315752,"{'learning_rate': 0.02841217831524539, 'max_depth': 8, 'max_features': 0.9029246761915235, 'min_samples_split': 2, 'n_estimators': 4168, 'subsample': 0.906996666315752}",0.9392487993758656,0.9450924199423261,0.9398633378832864,0.9467809206320148,0.938004895773643,0.9393858779159476,0.9441807577345742,0.9449055965787316,0.9442463908378292,0.9411452756662084,0.9318319642147553,0.930034055471525,0.938558685435867,0.9476021880648537,0.9496069624799498,0.9509678523699303,0.9495783931102979,0.9418783573005519,0.9396078908269183,0.9363657638182995,0.9512792615815292,0.9357060024917151,0.9555787115873905,0.9428556938946546,0.9193787381481235,0.9406953450040062,0.9474037303754617,0.9294909098106565,0.9492660440477306,0.9481918541846315,0.9542810881244758,0.941978469566561,0.9356203961487374,0.9482104677977382,0.9442530032862618,0.9445067322788748,0.9456951892582888,0.9431415721616352,0.9507737822305564,0.942146823842854,0.9349640912699961,0.9329518907505555,0.9531758732357449,0.9409490937999337,0.9408991049688462,0.9414836263457358,0.9432906728126791,0.9459555819842134,0.9450801961873093,0.9434520057341402,0.9440000350648821,0.9388726580745602,0.9564939747354316,0.9323771149813027,0.9352861648672943,0.9471983930413709,0.9383851667557991,0.9484931651609085,0.9500792543215962,0.9230795580778332,0.9455240760122605,0.9426187011279772,0.9550164300220717,0.9376533997223777,0.931585648879804,0.9442672468857544,0.9537997617847458,0.9390147414653385,0.941264348274541,0.9316791102464973,0.9533687785635631,0.9415454454250534,0.9399960178094092,0.9266768565706288,0.9564129059683679,0.9553375414282602,0.9276878164595871,0.9365356473211234,0.9428467146393248,0.9471742518048397,0.9421064284215716,0.9465465611939536,0.9370146049914184,0.9351795022025686,0.9514831208036402,0.9480918740027882,0.9521182120911978,0.9380755816022867,0.9439994335435525,0.9381266003263069,0.9480224055966401,0.9456937380065067,0.9512470743950602,0.9433902543076317,0.934476263724285,0.9453480420473985,0.9411461764422582,0.94673157916371,0.9357995901306818,0.9421650471836226,0.94262575354014,0.00732673198960534,146
12.735449097156526,0.12385454560373192,0.02795529842376709,0.002579439664566794,0.011524353055160108,5,0.4696186449797698,2,4168,0.9370686736576764,"{'learning_rate': 0.011524353055160108, 'max_depth': 5, 'max_features': 0.4696186449797698, 'min_samples_split': 2, 'n_estimators': 4168, 'subsample': 0.9370686736576764}",0.9482950301805485,0.9513383603484553,0.951636087351253,0.9511091686975952,0.9490676441482166,0.9501101659200984,0.9517234986705362,0.9541326358994004,0.9539308393610781,0.9495731751809802,0.9327329490808008,0.9417494380804043,0.9522426462363098,0.9558007402646213,0.9549864207124212,0.9595265314898711,0.9555949337618864,0.950173777352957,0.9561355742542385,0.9331395907367552,0.9560359766781311,0.9387580197485931,0.9642539150378964,0.9448986560680789,0.9402608122572237,0.9502620978214779,0.9581345071090519,0.9419976266297618,0.9550912452821092,0.9580981250552635,0.9570405181093208,0.9535713461979345,0.9444169177913164,0.951040706464753,0.9435942232702795,0.9528870516887885,0.952678680457643,0.954329235954744,0.9563582514266689,0.945311098146883,0.9473408686289447,0.9457781490657088,0.9591329995841035,0.9467784512866843,0.9486905259910189,0.9506818700506163,0.9470468848144264,0.9498710106018768,0.951904770621286,0.9506183134738492,0.9548919677721007,0.9510699144419249,0.9598237939233827,0.9392999161190263,0.9448686325205421,0.9536056251614516,0.9464855505678845,0.9530353256150461,0.9579216660784788,0.9441941655498791,0.9503112554926526,0.9510367338659851,0.9591343587423513,0.9480638533338741,0.94243165181072,0.9542420463802009,0.9584436717470591,0.951217450967271,0.9521290508111744,0.9394800708292015,0.9626566167386229,0.9569221803254808,0.9442309757726469,0.9350000984987565,0.9603819108149864,0.9626665408355837,0.9438878390270002,0.94792081389837,0.9483033745920395,0.947659764587583,0.9483156386018416,0.9505594716968679,0.950136938660174,0.9480221450215255,0.9581770458387711,0.9532748666043138,0.9475213005087412,0.9493466072725334,0.9544593809051285,0.9462618602332015,0.9594896156106962,0.9538263324435374,0.9582908515699132,0.9520461809786807,0.9414633296493973,0.947267389116455,0.9519938596987448,0.9572160773519124,0.9496124133332746,0.9502681536532631,0.9506872833861312,0.006257202001354802,21
3.81565101146698,0.07373594793696386,0.009015896320343018,0.000745272258558281,0.2620445808292873,9,0.6174587045408059,2,4168,0.8376303859582612,"{'learning_rate': 0.2620445808292873, 'max_depth': 9, 'max_features': 0.6174587045408059, 'min_samples_split': 2, 'n_estimators': 4168, 'subsample': 0.8376303859582612}",0.9341840362740875,0.944171159443661,0.9202555480941691,0.9320858972885099,0.9341029216938956,0.9341739921879694,0.9213672435022549,0.9350001395670907,0.9255512909209375,0.9348119477185859,0.919149526836329,0.9236922203037817,0.9351348594529387,0.943247923788418,0.945196260510096,0.9352045769512916,0.9420601025498381,0.9338368876905594,0.9337944537765318,0.909936449472189,0.9359534077445129,0.9047561180496387,0.9537793543379237,0.9258893284714459,0.8904813908303926,0.9416148889836511,0.94236587438851,0.9049395649546421,0.939805680857665,0.9438148605992275,0.9452405077649584,0.9298188073190293,0.9193207809356354,0.926241268770488,0.940377162976165,0.9345814622097006,0.9403022008470706,0.9312001511780075,0.9405789995832943,0.91952804883085,0.9218963083406443,0.9210476119485282,0.9407243689782091,0.9364200987475895,0.9332814171336005,0.9292539045214276,0.9265851249341646,0.9386335336931141,0.9181886369333704,0.9329549474873515,0.9396005495881035,0.929264383701903,0.9416830547423325,0.9303715572242476,0.9242698635046295,0.9428088110303756,0.9263476413881852,0.9339285065937494,0.9350032128750849,0.9308028084600639,0.929583017503139,0.9309441502396589,0.9452431715556602,0.9266846969464319,0.9334204582537788,0.9359889570954675,0.9466824723377885,0.9269968786041145,0.9303926422617039,0.9179130676476472,0.9463183640316467,0.9388163229719216,0.928932517164069,0.9287507833087008,0.9520852476817178,0.9421043222920366,0.9213144297745579,0.9281247547441454,0.939507067657447,0.9344665552783695,0.9419530414680577,0.9414021819835124,0.925598823502735,0.9396474442684324,0.9420916700633342,0.9346585509803265,0.9250733232097127,0.9341422003054238,0.9368727055841115,0.9222518465844856,0.940273563582124,0.9429150791981579,0.9409130233113703,0.9307459469012885,0.9237961875213452,0.936599188608808,0.9390072415386662,0.943232876203933,0.9116202535449298,0.9421199146744168,0.9325979857986779,0.010340746488300587,186
25.606987900733948,0.807641490994046,0.04550828218460083,0.0031496135819803497,0.026390412137601137,9,0.8282362056368054,2,4168,0.8001830737619373,"{'learning_rate': 0.026390412137601137, 'max_depth': 9, 'max_features': 0.8282362056368054, 'min_samples_split': 2, 'n_estimators': 4168, 'subsample': 0.8001830737619373}",0.9435991996671963,0.9457589442691048,0.9435374517980805,0.945923900985796,0.9401907457882488,0.9479000860017642,0.9460236400516884,0.9471867414969996,0.9440552492505945,0.9426151545519184,0.9350240345842766,0.9299079237662506,0.944178534590612,0.9450603426624512,0.9536589152071536,0.9524679763228923,0.9509005867443042,0.9446628907062775,0.9423258651632913,0.9354187835177618,0.9543093826957054,0.9375646990355846,0.9584161172642617,0.9435139433859856,0.9245371182297968,0.944731514640272,0.9511323053574684,0.9330192219984771,0.9512806877876137,0.950560873335404,0.9548641270442061,0.9418144695780811,0.9391913410846606,0.9476446049954292,0.9435938832904041,0.945185260765481,0.9499899049210472,0.9445645371961648,0.9495297449256365,0.941980518999152,0.9369307505890394,0.9392399605398305,0.9535181837809306,0.9426951111351353,0.9444159305566893,0.9434450394685446,0.9451912681801817,0.9428068657535217,0.947205016697368,0.9439877289562052,0.9450323455434989,0.9431408535141393,0.9549639785942261,0.9329641870020069,0.9379814408510534,0.948881475369076,0.9366229677113386,0.9486353875568151,0.9523339493078408,0.9254606968634405,0.9470444210506933,0.948476022305051,0.9542691026170711,0.9424701792164987,0.9346479867104899,0.944741214238944,0.9545370045393952,0.9403248953887322,0.9420032324169605,0.9327584084728348,0.9538091618392961,0.9415652952859395,0.9399539242901737,0.929783401031339,0.9574234076030993,0.9566813218123076,0.9299819858885148,0.9397231739439598,0.9440289023858209,0.9469302370441424,0.9467957648652475,0.9435409677710445,0.938312932396695,0.9372770475720331,0.953402254216228,0.9497575565942982,0.9516764648247854,0.9398402027394924,0.9483728670643841,0.9370180701953654,0.9500622589913325,0.9486893745021029,0.955683123055723,0.9456060672295412,0.9350943115552688,0.9448804247391659,0.9414931072237019,0.9475309179510962,0.9396973097297504,0.9473787406499719,0.9443653740357686,0.006969954975076791,125
22.40519435405731,0.35618714639124033,0.03793854713439941,0.0016443441124914485,0.0021419154051415027,6,0.8360019806405143,2,4168,0.8673162069059576,"{'learning_rate': 0.0021419154051415027, 'max_depth': 6, 'max_features': 0.8360019806405143, 'min_samples_split': 2, 'n_estimators': 4168, 'subsample': 0.8673162069059576}",0.9435230456352733,0.9476923516785587,0.9466499722985744,0.9484030967608871,0.945465265497302,0.9466382098540759,0.9470230197232503,0.9509231655719589,0.9496654765778619,0.9464937625693113,0.9333787068125075,0.93721013897204,0.9475513139569753,0.952360728751391,0.95364683897684,0.9535345698030806,0.9548388573571724,0.9484607263365151,0.9479108066074124,0.9341238535612282,0.9528080181493032,0.9399666157574464,0.9605517518838732,0.9453511808062777,0.9289832756702268,0.9473786989591789,0.9554091056343115,0.9379876753479696,0.9518582238827975,0.9540193274495322,0.9558204716533885,0.9490743290635089,0.9414022837916349,0.9500341525477992,0.9451325163385478,0.9485409519121188,0.9505123973960937,0.9509933954137001,0.9544353209310913,0.9441436667848794,0.9416068363867734,0.9425035451009697,0.955634652632714,0.9461869002924608,0.9451659709528344,0.9436229355433047,0.9469849659710217,0.9469396484251089,0.9491483702884542,0.9504167058476954,0.9502978706945695,0.9463440694419598,0.9567296564587455,0.9349907396191118,0.9413049905681524,0.9508888268845701,0.9405568035592695,0.9522312714435455,0.9511732280532699,0.9369976757033301,0.949290476585077,0.9483508372834575,0.9578521537025647,0.9421951008794975,0.9354300960191824,0.9500459539547632,0.9566767322955377,0.946870152098811,0.9432852588628267,0.9382778035247921,0.9596806316125707,0.9496067473558408,0.9409006652763816,0.9331136729852081,0.9593378004042051,0.9568846205156818,0.9348048923348886,0.9443890576200169,0.9447158014552549,0.9480963602950518,0.9447398181861457,0.9490511035056661,0.9441919567399405,0.9410730699832883,0.9560309627945138,0.9503693505388733,0.9455550333515809,0.945312111817389,0.9509257505363503,0.9422793476857557,0.952896415616578,0.9520427678738557,0.95724365235824,0.9480802799251709,0.9400596850453933,0.946936173947572,0.9465449997701523,0.9524728289298241,0.9432882649868376,0.9488808073466741,0.9472740212654517,0.006381895956185683,75
3.2026112055778504,0.07643199870998421,0.007839045524597167,0.000903301046641136,0.32852088137344915,12,0.623984383354723,2,4168,0.8091021492726729,"{'learning_rate': 0.32852088137344915, 'max_depth': 12, 'max_features': 0.623984383354723, 'min_samples_split': 2, 'n_estimators': 4168, 'subsample': 0.8091021492726729}",0.9247531454157649,0.9357911145856033,0.9368309270523975,0.9272403280138215,0.9379850442376261,0.9117099626873423,0.9144462753020319,0.9303704465669829,0.916501030917847,0.9160950282868373,0.8958857178886674,0.9126549662203775,0.9120094910625385,0.9226309207704055,0.9366081905689173,0.9335182258557395,0.9361225575605063,0.927701958045453,0.9073771911560234,0.8544589207426303,0.932997796925764,0.8942398393032056,0.9474318691826772,0.9260240060239051,0.8633267718956812,0.914586137371984,0.9373688935856039,0.9038599237265099,0.9278153943407351,0.9230154118873788,0.9380199910484235,0.9135682989952093,0.9084719490671861,0.9337069598150166,0.9243280197912075,0.9279406267885318,0.9413273001210055,0.9236765024387077,0.9146627315115377,0.9253717811414942,0.905490146034184,0.9148792457486822,0.9363659744323949,0.9277658686511933,0.9265511704698736,0.9261535390429154,0.93293103582458,0.9437409934980165,0.9264152031239659,0.9260652345987828,0.9351844839368011,0.9174060982441674,0.9441889527167211,0.9081816971961982,0.9111725669851012,0.9267457064650573,0.9238590814040412,0.9325589859311126,0.9367981957928233,0.8757050459398336,0.9195807131539802,0.9296202165497844,0.9437137504753152,0.9171462350777089,0.9173737941031326,0.9335839404882144,0.9428601701460949,0.9190341459778821,0.9254721142188312,0.9158947936318286,0.9393365060779054,0.9328844923331295,0.9193562256852147,0.9044909643061299,0.9537094985686186,0.9394280776031474,0.8802230574908514,0.9237047245018161,0.9244779119884723,0.9293681866295638,0.933988948891953,0.926926937069552,0.9238885501994362,0.9194767988087303,0.9431392947616356,0.9336274863900615,0.920473325115338,0.9184957548106212,0.9289960199025824,0.9108466460503741,0.946473017186393,0.9363094012428042,0.9248152629408382,0.9266123005213763,0.9156144098805999,0.9158057092057941,0.9293392489446362,0.9246888686403447,0.8752488918694865,0.932611042535613,0.9228922830791153,0.016711204019828237,199
20.50109263896942,0.2877520429993453,0.077193922996521,0.002381596436026427,0.013491178435132414,13,0.5837980464596331,2,4168,0.6680086710632382,"{'learning_rate': 0.013491178435132414, 'max_depth': 13, 'max_features': 0.5837980464596331, 'min_samples_split': 2, 'n_estimators': 4168, 'subsample': 0.6680086710632382}",0.9420888459898351,0.9467785414794336,0.9467644222801732,0.9490578303474416,0.9461412843458755,0.9499757454742194,0.9462431523525205,0.9471848623654698,0.9473910815856765,0.9444903934714886,0.9338401304620794,0.9316557754770023,0.9498261219757203,0.9495319081216154,0.9536526906696471,0.9546533453363212,0.9548912772360804,0.9468535809121034,0.9480543087941735,0.9350541894886515,0.9530129280704184,0.9308779900411553,0.9597935809396594,0.9407225377159315,0.9253849349594513,0.9463514429618773,0.9529931766811368,0.9358948182909269,0.9522862018584184,0.9504942707915589,0.9572706808738792,0.9440971462106484,0.9375764316089181,0.9507636859762432,0.9448602384122812,0.9477153459443035,0.9523338733923047,0.9454167635293405,0.9535125890781442,0.9414110346566825,0.9372006040249299,0.9439419639536655,0.9555018418081405,0.9465467267895105,0.9435493873467052,0.9451143107731867,0.9461899021732929,0.9461759149949751,0.9471576806712275,0.9454731279614106,0.9494905570356458,0.944732240961755,0.9548275920792294,0.9390473041083921,0.9403681256907819,0.9478361028020954,0.9428612061012057,0.9514588032023086,0.9554818733819885,0.9391991639665009,0.945667839671076,0.9496659368851534,0.958317502412714,0.9462703462753614,0.9354999532879349,0.9524079128249715,0.95339588844857,0.942293665610136,0.9485809822481691,0.9351771568905688,0.9574785584381043,0.9463830963053435,0.940725770526039,0.9309076127904734,0.9578017405596059,0.9591296012142673,0.938979061517358,0.9439133055603828,0.9445032991970643,0.9445759207234434,0.9485705577779224,0.9437500238731383,0.9435104858757856,0.9411006958280733,0.9542158894638184,0.950084423323126,0.948944968436638,0.9421562734715199,0.9495387159723606,0.9419295570812056,0.9527274773239638,0.9521167049036098,0.9554947910773071,0.9497701320422366,0.9360010034694999,0.9462852279924795,0.9458812011954527,0.9512278068843386,0.9426518458039507,0.9500400044460715,0.9464672652761498,0.0067379685425918425,89
12.068528258800507,0.2244106629327878,0.03441807508468628,0.002594925182745513,0.015968208674515427,6,0.3918476454910338,2,4168,0.9010850966951552,"{'learning_rate': 0.015968208674515427, 'max_depth': 6, 'max_features': 0.3918476454910338, 'min_samples_split': 2, 'n_estimators': 4168, 'subsample': 0.9010850966951552}",0.9479554696051588,0.9513476867100586,0.9497065939181099,0.9511048367611857,0.9483025701835167,0.9509927008066652,0.9485601890382687,0.9537405460197885,0.952729533342399,0.9477926482380385,0.9376332677069575,0.9390100675727143,0.949692485223496,0.9541544263944061,0.9532148271431391,0.958809749223428,0.9568161991025294,0.9512642922130089,0.9537625155800846,0.9339046241772154,0.9549849452243236,0.9294455868835695,0.9633655630032087,0.9461307587306913,0.9374011954384968,0.9511231149179248,0.9554373360146319,0.9381490147161179,0.9519154211236176,0.9560085267772795,0.9596116025814078,0.9549611177792487,0.9452654514410078,0.951324989375159,0.9429402140996099,0.9498743712029376,0.9533870796842118,0.9513744467016132,0.954794033908392,0.9474271853959847,0.943256575776698,0.9430331930561509,0.9577269257596019,0.9465409708410335,0.9470585139133993,0.9501927950636694,0.9477849553941867,0.9519005989386411,0.9510006063014379,0.9509734786792033,0.952400196161961,0.951829467849984,0.960259536831919,0.9377700698152794,0.9454601938847563,0.9525866720511414,0.9457201007112134,0.9552055293041486,0.9580892309851184,0.9422754147325604,0.9492209391983908,0.9511713935098021,0.9577912223256121,0.9483666285097783,0.9416042441946115,0.955332211463459,0.9544876890681825,0.9474065505512173,0.9504835198180763,0.9422207152804565,0.9606424603328734,0.9527158763650667,0.9445079671748401,0.9368670985434738,0.9618352967097353,0.9607401287295162,0.944396095682364,0.9471991041368457,0.9497418059619436,0.9457542825396036,0.9453737561555691,0.9474293598485473,0.9490762089472781,0.9512449454649404,0.9550590476977289,0.9529147373908449,0.945156073963881,0.9507621163150427,0.9537547368473799,0.9453572265118874,0.9590418665619943,0.9544411834399349,0.9568052773942531,0.9532355847072034,0.9384622790600818,0.9440830497789852,0.9505207753196299,0.95606468064274,0.94866779793957,0.9509201534804448,0.9498733829757547,0.006330667731773226,30
3.3105328416824342,0.2092505500172678,0.008388185501098632,0.0006476212099765903,0.30854528362859684,13,0.574007372556042,2,4168,0.6933790952458154,"{'learning_rate': 0.30854528362859684, 'max_depth': 13, 'max_features': 0.574007372556042, 'min_samples_split': 2, 'n_estimators': 4168, 'subsample': 0.6933790952458154}",0.9273633229178697,0.9167731307724507,0.9264557024007736,0.9254230007389788,0.9231436315573265,0.9249586385527004,0.9177998524227222,0.9382294854330474,0.9296673629610722,0.9111667428275145,0.9003439949044183,0.9054954717511289,0.9144442023764119,0.9227078992361477,0.9288439086747255,0.9203056404302685,0.9386261240308924,0.9308233944232421,0.9373362532635514,0.90321459776817,0.9243331064346334,0.9247998932088644,0.9266332153950974,0.9218859823741474,0.896710097553124,0.9093891550737525,0.930404604264945,0.8971417545574202,0.9309787937121364,0.9202275123337454,0.9470297902780855,0.928513850461028,0.9047636509074726,0.9288693282281368,0.9312349340798963,0.9291123637959119,0.9451414250167526,0.926227514036308,0.9415645610990983,0.9057318956149416,0.9215010108555823,0.9192533050981504,0.9466541309418351,0.9296975476595077,0.923214837232397,0.9326184873346391,0.9211051512261951,0.9312572595063124,0.9153275965110512,0.9332155816511312,0.9401199640501666,0.8988291471943979,0.9415740692222182,0.9193366333852778,0.9125878965808198,0.9176313118106179,0.9203508350264856,0.9205579956109843,0.9340747461804375,0.9096490755172719,0.9257280054945227,0.9365003373899409,0.9289838226426408,0.9188008782560394,0.9247255843988925,0.928818474316425,0.9405924878358317,0.9208197354671619,0.9299748767339033,0.920563100153265,0.9433671125265568,0.947498395996043,0.9131061786239159,0.9037298210408781,0.9246591473266479,0.934285526177991,0.9076655280333319,0.9179515870095842,0.9022069205264377,0.9256315815017102,0.930137874710625,0.9286119197915211,0.9063915985674217,0.9207098369431886,0.9443137219207048,0.9302245150149813,0.9356485997148162,0.8906989151759407,0.9327274758482949,0.9088510987097986,0.9424348923710819,0.9278392850147265,0.9288900183695246,0.9292444649343141,0.9031031997834241,0.9200569253147353,0.9375329524931508,0.9322012702054785,0.9207461087118354,0.929004859826188,0.9239735100333789,0.012394274047367385,197
19.629990763664246,0.5963061870412685,0.07365315675735473,0.007336116272586725,0.01583369549343909,11,0.571607120591422,2,4168,0.6409127007165993,"{'learning_rate': 0.01583369549343909, 'max_depth': 11, 'max_features': 0.571607120591422, 'min_samples_split': 2, 'n_estimators': 4168, 'subsample': 0.6409127007165993}",0.9453889077190315,0.9504254681337161,0.9492028913975699,0.9526967633720549,0.9491414473497616,0.9518162889510227,0.9446664939652567,0.9528002591167068,0.9481462503750117,0.9450906797518887,0.934814850378316,0.9344042992059579,0.9467749787357895,0.9491525114580073,0.9546162790877822,0.9551820361391433,0.9568277347072023,0.9493979727150011,0.9477564943114004,0.9361483074552602,0.9536012742660428,0.9337392504920704,0.9589963402101579,0.9419675007643799,0.9274538143084997,0.9470607278545259,0.9552519607346782,0.9364147868667745,0.9514915532875295,0.9518154496981568,0.9572787930212828,0.9462418775337128,0.9413723159616126,0.9502450402946683,0.9470882799090162,0.9516698617980937,0.9540518893408823,0.9469265045014311,0.9542372441170692,0.9409892314434996,0.9410286355736466,0.9468682833481535,0.9548753310510706,0.9468388113350598,0.944650699307016,0.9453424740693146,0.9495649979612595,0.9474299889000478,0.9483424047824988,0.9465222212239156,0.9489423111629859,0.9447396262424239,0.956090236126003,0.9388713549450665,0.9428579735270703,0.9511433816316489,0.9417964104272734,0.9517461322717737,0.9560750509118958,0.9393987317442605,0.9472327425005558,0.9483329400655816,0.9586916277454495,0.9464237780695743,0.9373382890727348,0.949622648984766,0.9558030596722065,0.9426391214220021,0.9496370894648226,0.9390721360262161,0.9584564076549393,0.9513197147359495,0.9388989931123745,0.9309073803818136,0.9585540491622512,0.9600833210092736,0.9418526263390018,0.9455335147368238,0.947361835943369,0.9469231672947217,0.9487322017319177,0.9476298868482005,0.9459302017464847,0.9466288117505556,0.9549646342167839,0.9512126317046985,0.9476693177713256,0.9443412701142759,0.9509807083781568,0.9433787689331022,0.9527140521527881,0.9510440152937087,0.9573199267121648,0.951942835684005,0.9357114608094204,0.9445837596611012,0.9466088533566712,0.9534521770668037,0.9442571269291641,0.9500357289172662,0.9476929248044539,0.006511110106947165,68
15.502818994522094,0.21162106541085857,0.04556809425354004,0.0010043794101810444,0.003972107248757926,7,0.7565703256063463,2,4168,0.5497195404121379,"{'learning_rate': 0.003972107248757926, 'max_depth': 7, 'max_features': 0.7565703256063463, 'min_samples_split': 2, 'n_estimators': 4168, 'subsample': 0.5497195404121379}",0.948727961388346,0.9532360911652403,0.9538238830853712,0.9555151193792151,0.9513155855392308,0.9523561440115651,0.9509543663393355,0.9543992791971689,0.9533034647320908,0.9502056492917852,0.940509337510228,0.9406192969427901,0.9535932530315107,0.9541918696283666,0.9575061840488465,0.9581957940715449,0.9596492424694086,0.9529059465095207,0.9555133893085083,0.9375467561031602,0.9576435963315559,0.9436350972549169,0.9651242133903217,0.9483404989574372,0.9362838386502242,0.9518224365109298,0.9583182334664271,0.9434073406436725,0.9562952494796876,0.9562031166245161,0.9612410287018178,0.9539005937240584,0.9450246186987318,0.9536443845831013,0.9496078235685375,0.9531181730053759,0.9556010295092885,0.953457492248364,0.9584732160791609,0.9468419653359257,0.9464772800158554,0.949681557271273,0.9580041176905765,0.9492862312815048,0.9486997267617892,0.9479038470560742,0.9515041473409857,0.9512013164660571,0.9526414071949064,0.9532011349900527,0.9557119697132502,0.9499655852281418,0.9614522468265545,0.945344205316441,0.9478231210631879,0.9562701544378033,0.9452731434106542,0.9570068778609352,0.9569367397982671,0.9436836792580361,0.9511062933993973,0.9532226169252882,0.9610362711604704,0.9506119437838747,0.9410336466112852,0.9545594630193305,0.9598710526357446,0.9504777501618769,0.9480321507776597,0.9436618648170536,0.963477059020257,0.9530513406245272,0.9475274214833933,0.9358866592644299,0.961092031791737,0.9628276832988928,0.9424987590475041,0.9495389857213293,0.9500720444241668,0.9506105177520646,0.9526955360329197,0.9502902195079734,0.9492578786630876,0.950616960182224,0.9593391557789843,0.9542529930268305,0.9512782264542674,0.950460785477521,0.9572258412732773,0.9484063414827603,0.9598018872288528,0.9548343040289091,0.9594643325234716,0.9556898085791572,0.9443614035382094,0.9504699921903453,0.9524489222503653,0.9572461521109733,0.946976390304764,0.9539051561411684,0.9519933889199598,0.0059004465416763454,7
4.470004448890686,0.10860468950318458,0.017433233261108398,0.0015482085156460483,0.10819792933577056,9,0.3812023299829051,2,4168,0.5820060531405441,"{'learning_rate': 0.10819792933577056, 'max_depth': 9, 'max_features': 0.3812023299829051, 'min_samples_split': 2, 'n_estimators': 4168, 'subsample': 0.5820060531405441}",0.9455263495267509,0.9487146996086726,0.9367181435739416,0.9389824406214561,0.9375453555347306,0.9449645557328799,0.9365353879764607,0.9414369298163933,0.9429215495192145,0.9370078747582375,0.9259071121984919,0.9280642518606345,0.9422208765289041,0.9485927427489448,0.952330225714685,0.950246715072783,0.9505439197331091,0.9400287575854109,0.9423984605230228,0.9189954685250565,0.9539392691141557,0.9345945055340358,0.9594024202446388,0.9381982910167659,0.9318584540225961,0.9501040603337945,0.9466051118310622,0.9298890698071431,0.9534714515590029,0.9480834213287386,0.9583009441502296,0.9423008668583642,0.9344950589458185,0.9396551448341575,0.9402195311901589,0.934440582426853,0.953693743407126,0.9376891908541524,0.9503672953283049,0.94099836001451,0.9339636618124445,0.9448482076149795,0.9460493226693047,0.942163119566676,0.9432105781333799,0.9374379591835579,0.9378073227358792,0.9406922371479851,0.9512711920202228,0.9451876250622466,0.9424823757168986,0.9346493251457683,0.9516613510321102,0.9332457834602854,0.9361869345605354,0.9478444764488748,0.9366149433961529,0.9496885409353509,0.9533685039285076,0.9347533948800922,0.9461107119227344,0.9431404856504607,0.954931078414182,0.9328272567962932,0.9272231446998738,0.9432129406479991,0.9523668276720341,0.934962260189169,0.9420386479852378,0.9313135756893104,0.9539300365594817,0.9475568293616179,0.9314921595374136,0.9271836069662999,0.9491920625156295,0.953332811060141,0.9338549884792464,0.935980829400602,0.9407084597866547,0.9414502437840291,0.9405354290526836,0.9380525340624284,0.9313741208338256,0.9408868823874761,0.950912505210101,0.9488949152109607,0.9431973103844471,0.935026360382993,0.9472092917469473,0.934731710476358,0.955087709499405,0.9441844252580663,0.9520282487653433,0.9434033408585081,0.9293324981025762,0.9407679469382048,0.9480992767851093,0.9511191363370284,0.9359007637727221,0.9418038783145916,0.9420647268691082,0.00800917586362093,153
8.473156070709228,0.45955500224075774,0.022519965171813965,0.0023097451218507805,0.0649529409711041,9,0.5793334301411373,2,4168,0.7751933108167777,"{'learning_rate': 0.0649529409711041, 'max_depth': 9, 'max_features': 0.5793334301411373, 'min_samples_split': 2, 'n_estimators': 4168, 'subsample': 0.7751933108167777}",0.9401118733594103,0.9468008542628179,0.9384452633250888,0.938931781688582,0.9419987817235037,0.9455800880438889,0.9401912579418404,0.9438790234674813,0.9456614974333728,0.9422387590205117,0.9341405919132068,0.9295296594202059,0.9417083298663202,0.9469527108217255,0.9532785428825464,0.9549553665520467,0.9559782974506148,0.9466487287747176,0.941719916474901,0.9385285703485269,0.9501857505214873,0.936404034378661,0.9574099473042715,0.9428652356715086,0.9285783517289066,0.9438796370947451,0.9478900849373779,0.9266986554857601,0.9509095287418781,0.9455452838198886,0.9580747332701381,0.9453127691750721,0.9389981189452797,0.946670782636179,0.9429516934899775,0.9439084614057547,0.951971507161553,0.9465542994908034,0.9452526397971813,0.9376775027815786,0.9297964610176627,0.938875959448252,0.9538686457961758,0.9422649055835993,0.9388346015502268,0.9402692252304655,0.9448211819801571,0.9452729933785463,0.9459727637570254,0.9449305637282841,0.9442922924707444,0.9465586763113009,0.9534611327531596,0.9332880604091708,0.9381602645824931,0.9482930890706763,0.9420968150748685,0.9498092259763014,0.9537728087758357,0.9342633131386346,0.9448904770802963,0.948477722501239,0.9499491199454659,0.9420358322532113,0.9324282774976493,0.9461874731555748,0.9530637555018965,0.9391305149542893,0.9448927847907667,0.9385317806062692,0.9574089011600639,0.9506822398978173,0.9385974894227902,0.9347455033255659,0.9581873838703773,0.9591325647867054,0.9333816173767115,0.9406255191192394,0.9453089028468454,0.943267345216854,0.9475511670678719,0.9441556258466567,0.943777510545559,0.9424360096821667,0.9529691173859071,0.9506501720272795,0.9479511674249455,0.9440715048164361,0.948297356446231,0.940180415799141,0.9521624582522895,0.9469369405631382,0.9512454931615942,0.9474598396144362,0.933936536227404,0.9440772379268816,0.942524965419434,0.9505918979342067,0.9361902261511441,0.9471839090022992,0.9443919664924754,0.006835366588677865,124
3.5912869477272036,0.2872037743907733,0.011748590469360352,0.0023328188287171196,0.17241707862737543,13,0.39109532330975316,2,4168,0.6507856454722762,"{'learning_rate': 0.17241707862737543, 'max_depth': 13, 'max_features': 0.39109532330975316, 'min_samples_split': 2, 'n_estimators': 4168, 'subsample': 0.6507856454722762}",0.9285041503227223,0.9421267490815705,0.9310399602252655,0.9309308905019418,0.9386617526167783,0.9316314741321835,0.9325469168997382,0.9475981406013251,0.9438690380661989,0.9344268901412535,0.9278089178733652,0.905006463733292,0.9317142620842088,0.9363282891278089,0.9415946169875418,0.9443491252741743,0.9393042564878189,0.9330647246906,0.9429740384316021,0.9155855573453175,0.9467204718306993,0.9345475349925476,0.947276322403755,0.9329114468752451,0.9155616929230408,0.9326898950200517,0.9465606135527622,0.928005068676764,0.9376413948057892,0.9273337578619965,0.9474464732017611,0.9332759571604111,0.9318199864255095,0.9351192712236139,0.930151168419053,0.9460563250797199,0.946446384861346,0.934616265001207,0.9278057748203576,0.9235211633694187,0.929726314522189,0.9308864673816595,0.945622016643751,0.9288115270252962,0.9339729036308837,0.9299903318661165,0.9395344691090741,0.9339508998821465,0.9378497291069,0.9352778568488013,0.9436896921664497,0.9149122641206627,0.9429046504413772,0.9358235124372672,0.9257692646485431,0.9324987840101003,0.9328358676208451,0.9382560615555932,0.9500162108034889,0.926007719916894,0.9340637951365519,0.9338954558909759,0.9423872989845172,0.9341356359948446,0.9221719861070442,0.9338853282980424,0.9441041485226206,0.928051503689921,0.9402903310222238,0.9147411440808695,0.9482460716401331,0.9278608037939082,0.9194634532563986,0.9219166227883305,0.9468737594675131,0.9474397838060636,0.9085339043152608,0.9330489069041874,0.9407292876146989,0.9383636546026902,0.9319514089893604,0.9290475698714575,0.936422443442361,0.9384437618482222,0.9439831361146728,0.9403265723713186,0.9378645557721967,0.9374899468907564,0.9430236214488479,0.9323390205657163,0.9420822123236218,0.9388105331537384,0.9369414069987028,0.9389637345840276,0.919664033818749,0.9261984986678158,0.941520730266607,0.9409760488994822,0.934750432260523,0.9467691081356472,0.9347068137920842,0.008969672733478824,178
7.85782499551773,0.7627310058779877,0.03151587724685669,0.005837711736780256,0.04289528731925299,13,0.5102288066334276,2,4168,0.6532547956359871,"{'learning_rate': 0.04289528731925299, 'max_depth': 13, 'max_features': 0.5102288066334276, 'min_samples_split': 2, 'n_estimators': 4168, 'subsample': 0.6532547956359871}",0.9423818625954306,0.9495493199927317,0.9409653047869245,0.9486692556784836,0.9461112823113562,0.9468775238634273,0.9414323227089826,0.9460711156632269,0.9475071189225285,0.9438479433513791,0.9342466094325529,0.9351932112003575,0.9490963037231068,0.9509678716415716,0.9523794694025927,0.9516567363891438,0.9517784377633153,0.9447980407432821,0.9476417241927394,0.9316679879601968,0.9506593695636897,0.9347074066477532,0.9600224793517221,0.940117099979024,0.9260633796983762,0.9437543908058803,0.9532103714773729,0.9339267095447565,0.9490024322657182,0.9486683765689838,0.9558871484794078,0.9469080115858695,0.9376919776634551,0.95355394071024,0.9433238642962627,0.9454520368546565,0.9509757645958758,0.945404174801012,0.9454836355920097,0.9381167529609303,0.9395508863395469,0.942576870984461,0.9539760606451473,0.9461765825299541,0.9393952772668245,0.9436532965825633,0.9434823963337435,0.9439075105189128,0.945918997875977,0.9452642527651977,0.9500164875608941,0.940657668549805,0.9505057004589388,0.9334218269097082,0.9435138653902981,0.9503070903018216,0.9425833692681403,0.9513746301842794,0.9540576626088221,0.9335339721130074,0.9435933441009459,0.9480422042834235,0.9559429927158042,0.9411683891689475,0.9329704938987085,0.9493237255431572,0.9531429129143275,0.9360593739035199,0.9511944701509405,0.9360157449681771,0.9564455698646446,0.9471528165509036,0.9390099673409309,0.9288225916302568,0.9571116973086519,0.9589349088884834,0.935874244322869,0.94449833945336,0.946038776979161,0.9430806998093829,0.942795889956751,0.9421259016761462,0.9410191821170085,0.9466823927968553,0.9534007526434342,0.952842388161875,0.9512994429113989,0.9460585488417466,0.9516562240358989,0.9411617570200198,0.9510500563537326,0.9525143416812927,0.9534853876609918,0.9501494806851608,0.9342509116330452,0.9429594978333855,0.94321859778203,0.9531494071764414,0.9408500822946892,0.9459314892482302,0.9454066816726109,0.006867637946524728,110
16.917757999897002,1.302754232338175,0.04794192314147949,0.00913434460573225,0.02123149663694276,12,0.5918108996388196,2,4168,0.8971382235221064,"{'learning_rate': 0.02123149663694276, 'max_depth': 12, 'max_features': 0.5918108996388196, 'min_samples_split': 2, 'n_estimators': 4168, 'subsample': 0.8971382235221064}",0.9379795725509537,0.9478344103685585,0.9387142276013636,0.9432398202570584,0.9400723184369677,0.9410762422258571,0.9432026599089188,0.9434246692267999,0.9424091340212585,0.9391714870165461,0.929694203176298,0.928799536701966,0.9467634278946818,0.9452360914557156,0.9509005949222833,0.9518148117454619,0.9497815635601794,0.9429001867807915,0.942599918487405,0.9340754027702065,0.9493791892657764,0.923087171423114,0.9568026470519267,0.9378286361472669,0.9196828622148964,0.9426098486060136,0.9477567902011798,0.9288656659631237,0.949184811288769,0.9474102256864546,0.9540247225426193,0.9402775950634643,0.9371637815366275,0.9448438329019324,0.9419074060836599,0.942848559857338,0.9478029920206179,0.9408491098031102,0.9438656057845164,0.9364086325120862,0.9316595572267047,0.9368931099086555,0.950868179320563,0.9387613883674569,0.9377896621003141,0.9434806288585538,0.9419136075249988,0.9419555989388531,0.9442188775632582,0.9419197484018692,0.9443233718590749,0.9421435396056905,0.9528716590758775,0.9334693543174761,0.9321529454083831,0.945678886930844,0.9373316071908177,0.9469268030278608,0.9511941395077559,0.9333325836477963,0.9431905344759697,0.9461178008091145,0.9533884851970735,0.9389297691671307,0.9321929138648404,0.9416370712813595,0.9518036552949041,0.9362046234102057,0.9478150063026716,0.9331044980917732,0.9528199086890308,0.9464501592119616,0.9330137201846167,0.9290619322538973,0.9575202090424363,0.9592968402640115,0.9296033364371851,0.9355613016432553,0.9447755853777512,0.9435404513699579,0.9420798821797172,0.9428769909325109,0.9408886986774696,0.9372198002070307,0.9507354960277803,0.9484549270955112,0.9496530062103938,0.9394033819358377,0.9436820871410727,0.9412879046575621,0.94863710902265,0.949355144378849,0.9515290552324731,0.9437286274652612,0.9321818914155372,0.9435870848590447,0.9416370563867068,0.9478891899020865,0.9368815951355306,0.9445396788918958,0.9423345202397064,0.007325140964946811,149
16.24459257364273,0.9061210834174493,0.054474439620971676,0.006790322158838279,0.018876445785241384,8,0.4402487087691407,2,4168,0.8706692965825922,"{'learning_rate': 0.018876445785241384, 'max_depth': 8, 'max_features': 0.4402487087691407, 'min_samples_split': 2, 'n_estimators': 4168, 'subsample': 0.8706692965825922}",0.9444466511347808,0.9483376351309014,0.9482716114206209,0.9480783666952662,0.9463118057953277,0.9506053018456564,0.9462496374185817,0.9484502626015099,0.9474052401165336,0.9445816439135919,0.9337827821894296,0.9361139503280219,0.9468726506995597,0.9509185358175491,0.9549121034555001,0.9547252106638295,0.9552307031060933,0.9477518334385292,0.9476235638232827,0.9284278947575191,0.9509082949195599,0.9298092132003613,0.9614859310252644,0.9462621972927664,0.9315110487278622,0.9473721115827908,0.9529225766192194,0.9357628883313344,0.9537307681369893,0.9508964489160114,0.9550336235198978,0.9483950866473664,0.9412553517234953,0.9503697589618284,0.9432204749180487,0.9484879672522529,0.9530669671740815,0.9436809944897152,0.9492405551347101,0.9441384968030103,0.9360952738521494,0.9401403207384823,0.9572411766643721,0.9491829402073733,0.9445881660666384,0.947234223870579,0.9426484919002457,0.9468234080499927,0.9467859776047164,0.9494932820606216,0.9523425370219503,0.9473089856310032,0.9565302479852643,0.9374484130470124,0.9392957130986185,0.9492076615115965,0.9417746951211091,0.9538665388486516,0.9554467599974209,0.9388998282693819,0.9470556115317371,0.9469180193660205,0.9562567611187587,0.9457497550152467,0.9385708696643404,0.9490393258252422,0.9517380030351776,0.945330546898925,0.9507865807870001,0.9373717694915003,0.9576421120056878,0.9506871610307247,0.9410816098207613,0.9322327347648511,0.9603111914931729,0.9573746168127286,0.9397815269031973,0.9448285748607769,0.9471912787513312,0.9423117901628577,0.9415604080101514,0.94507159758225,0.9465251357891049,0.9480227145662383,0.953429379236636,0.9506581684191944,0.944216072851894,0.9483655655297947,0.9523009424156682,0.9390122819938176,0.9563800451007289,0.953865703728312,0.9545473565963065,0.9512716200622588,0.9366638955821744,0.9424660623815092,0.9449799010714539,0.95216498312063,0.9448440150554122,0.9488355640222483,0.9469644403373164,0.006669146578395885,80
25.974277725219725,1.0055167896379285,0.1153418231010437,0.01654895136443338,0.0026846804224504644,12,0.4550314667107316,2,4168,0.8949247081955471,"{'learning_rate': 0.0026846804224504644, 'max_depth': 12, 'max_features': 0.4550314667107316, 'min_samples_split': 2, 'n_estimators': 4168, 'subsample': 0.8949247081955471}",0.9383413794274814,0.946472872372244,0.9426967517912744,0.942912232037034,0.9422088726651441,0.9465540323870344,0.9426991785170314,0.9458892476380327,0.9443245783709963,0.941599953433665,0.9326280693241387,0.9285154092304203,0.9453057199672992,0.9481952130273771,0.9517857711693117,0.9507688354525461,0.9508480244953214,0.9437255213896344,0.9446986494839021,0.9326356334110226,0.9513884549922949,0.9229763831403238,0.9570030494848276,0.9396383369620864,0.9234497722138397,0.9446894427986439,0.9498724749895509,0.9296152861185757,0.9507627624064914,0.9476292919485052,0.954438207171799,0.9423900199986368,0.9381232939058102,0.9482756398292695,0.9414887084096075,0.9430855357552381,0.9481593415794373,0.9440305719163788,0.9475173086201475,0.9408864270627957,0.9361504118048443,0.9389024187277303,0.9547428219651855,0.9424052346164545,0.9395290387106217,0.9443071915808132,0.9411557016817649,0.9431857088036933,0.9461292033867706,0.9424849772300766,0.9473755217299936,0.9431467882646403,0.9529263527327408,0.9330185706737472,0.9355205198759851,0.9457979880180957,0.9379675594534196,0.9491092201565829,0.9523334125114359,0.9358340880403295,0.9446742729974327,0.9454755731405513,0.9544534746518447,0.9419511196851887,0.9328723072937259,0.9463839126549535,0.951014116249427,0.940186107691853,0.9479240669708496,0.9345072362192296,0.9543431541789023,0.9465577327833333,0.9367758208499205,0.928015360770737,0.9570151008550253,0.9579930572382322,0.9369438658534547,0.9389577708889582,0.9442676296900286,0.9425117316477926,0.9400586732597243,0.9421582531163851,0.944083048856498,0.9410161188749352,0.9515627026466301,0.9480803291081409,0.9472423935341167,0.9426653419113209,0.9463609135627092,0.9407772451625311,0.948697218934944,0.9505042773056861,0.9521051312282782,0.9455693373736325,0.9333814523236393,0.9421539388874478,0.9448753336978236,0.948391538115648,0.9405653861740708,0.9466203236334422,0.9436994135487913,0.006903935189895827,137
8.953253407478332,0.18155105264624286,0.023696725368499757,0.000799332676541675,0.06816192225818918,8,0.676395388049102,2,4168,0.6576754457013049,"{'learning_rate': 0.06816192225818918, 'max_depth': 8, 'max_features': 0.676395388049102, 'min_samples_split': 2, 'n_estimators': 4168, 'subsample': 0.6576754457013049}",0.938903239417466,0.9495491753998182,0.9500560417331749,0.9491815121017643,0.9475363038081506,0.9481879484546971,0.9412496432410562,0.9502756510658473,0.9500378094954991,0.9442549788812139,0.9387541259414293,0.9309801360946757,0.9436644960746199,0.9481750838239656,0.9502369311092167,0.9512564184082104,0.9550361936372691,0.9508909301259789,0.9453328623238446,0.9274130162978933,0.9515527921526956,0.9321553885197806,0.9614408709827857,0.943578023251484,0.9291922349789256,0.9396920251278591,0.9538193850081197,0.9395608488741499,0.9471294464260854,0.9471144847254859,0.9580081434056069,0.9483508700105843,0.940410418755413,0.9476755218330951,0.9486712645002835,0.9467800080682647,0.9498781417851179,0.9466017629751965,0.9547564777869938,0.9410563436101235,0.9452077264097769,0.9444710039520464,0.9558106700596533,0.9473556612998111,0.9487507748566274,0.9466041204947632,0.9473139288221891,0.9507899741897788,0.9481090154310639,0.9448303119933995,0.9445853525449548,0.9461657509193727,0.9571028157276003,0.9322568470828994,0.9423656890463811,0.9475397840949485,0.9432678782171805,0.9480900082250956,0.9566326676007452,0.9361096014231916,0.9448195986397512,0.9489192477561864,0.9582416735074517,0.9468577328962047,0.9329715858839149,0.9479525061653572,0.952572553781966,0.9493001759874546,0.9397333860865694,0.9347863537084133,0.9564232217806167,0.9466370339116202,0.9407473331998318,0.9333665591630124,0.9587159236091827,0.9596637894176117,0.934711372964091,0.9443963323533496,0.9445589563751456,0.9403321661553188,0.9413450672771069,0.9467416125618846,0.944916224012899,0.9427259056531322,0.955130611836489,0.9513315159262515,0.9416709824702115,0.9464800625082151,0.9530860153168105,0.9393038487228565,0.9558688458386598,0.9480073354930024,0.9581703345620223,0.9490824186063836,0.9314913719999552,0.9420832891367886,0.9418838778046609,0.9481835161722872,0.9407071586608191,0.9529797419426616,0.9461865377245147,0.0070980241264690744,93
9.896293110847473,0.15754494491684684,0.029830338954925536,0.0012857336437245082,0.013650592509024203,5,0.6021762684622403,2,4168,0.5634248804179491,"{'learning_rate': 0.013650592509024203, 'max_depth': 5, 'max_features': 0.6021762684622403, 'min_samples_split': 2, 'n_estimators': 4168, 'subsample': 0.5634248804179491}",0.9513186698280391,0.9516598384723329,0.9553932755769395,0.9560575494891403,0.9505616417008795,0.9522833023488823,0.9560610314999816,0.9554132288414301,0.9541585478187524,0.9501640283689169,0.9411787738884436,0.9395479051525923,0.9535560427940751,0.955090448378433,0.9567330089903678,0.9623359732269126,0.9592210664953285,0.9530574277203276,0.9565799351703758,0.9405444361015003,0.9589677532016068,0.946453266552557,0.9671373121106841,0.9491251504032062,0.9405890098205822,0.9549986827278114,0.9607757596618889,0.9440954392778894,0.9569980019260284,0.9571941083556547,0.9611646737119705,0.9565266830194709,0.9459087391220905,0.9533736562799711,0.944794141428421,0.9540252248110933,0.9550348884048296,0.9547663620794657,0.9601818707729645,0.9475421053354542,0.9486795254557868,0.9513815132618381,0.9626242030098132,0.9497798053621939,0.9498317943326167,0.9511825263812884,0.9527699704034045,0.9535324664813735,0.9545495369726085,0.954691007333603,0.9584060144738619,0.9505695364532512,0.9627519533267237,0.9451515996807923,0.9475734098808648,0.9566019374840686,0.9484234096348421,0.9547121674257716,0.9609576447945549,0.9465047840603659,0.9514565188646917,0.9545937441615543,0.9612760614575625,0.952720437922125,0.9425858035359013,0.9563300106311283,0.9596037713176702,0.9549103075959413,0.9522006437372792,0.9461756838171551,0.9644543025351364,0.9580123372320083,0.9487773945529512,0.9356570629531852,0.9613951213104942,0.9634046491386353,0.9497036061526622,0.9511091349804744,0.9526192714128988,0.9512475192280238,0.9541119125180105,0.9493128121486379,0.9509786529760247,0.9558314360865429,0.9615034177995564,0.9558659555343733,0.9494355758183336,0.9527988991840222,0.9595457911775874,0.9470381092425536,0.9624951915710112,0.9547235590802723,0.962999894018273,0.9568552753508809,0.9458168810401961,0.9496232608105236,0.9584298218558592,0.9585464976440623,0.9501080894140306,0.9536905685894047,0.9533918875147456,0.00598675764544165,1
7.3424575543403625,0.1621885649703514,0.01517946720123291,0.0007540146332226433,0.12587213119593038,7,0.6077785140010954,2,4168,0.9095589365192694,"{'learning_rate': 0.12587213119593038, 'max_depth': 7, 'max_features': 0.6077785140010954, 'min_samples_split': 2, 'n_estimators': 4168, 'subsample': 0.9095589365192694}",0.9381495476074718,0.9463953016679277,0.9394894692503811,0.937964248006046,0.9428380476096473,0.9452952202790769,0.9475491339136322,0.9415560413761852,0.9453021116094598,0.9440836791935975,0.9274016789228645,0.9255176961315039,0.9374600568708543,0.94478300859375,0.9477609223929162,0.9511932742280976,0.9495795761867025,0.9460338866303524,0.9404784580780314,0.9236493157137635,0.9445234584435678,0.9309769092200121,0.9583866025928804,0.9379044525555792,0.9221355974059091,0.9384476651792786,0.9457848351416491,0.9273595812521348,0.9517717244183619,0.9482642823479244,0.9551124630194687,0.9411052341814776,0.94451157964738,0.9527348688585068,0.9402680550075537,0.9427578229469504,0.9485532403119717,0.9447969824055926,0.9475278724827527,0.943717841365931,0.9314502290290033,0.9308262152042918,0.9467022029624322,0.9402415734446664,0.94154429230654,0.9366758063399768,0.9446510162148688,0.9466774636556373,0.9399117116932093,0.9378856506116748,0.9426583732703628,0.9418191287130575,0.952967091635285,0.9381609820932283,0.9319151160391272,0.9489298170448807,0.9405533747959061,0.9489224222304704,0.9516640269001315,0.9285196828954768,0.9419391712795455,0.9450311750294108,0.9516226437999762,0.9296555514813772,0.9268151486991549,0.9487176281951121,0.9517289298343802,0.9349428990500365,0.9451119752282846,0.9307779642003152,0.9509524084768307,0.9489815926954303,0.9279572074614797,0.9259304711851327,0.9535669025970642,0.9532470881636724,0.9236289589272186,0.9429941351081624,0.9483985595235797,0.9444209760735967,0.9464165177784567,0.9459257094346563,0.9372735368210889,0.9413202865131522,0.9537836921859645,0.9523614080927313,0.9403991944110566,0.9353173050331233,0.9464880381868556,0.9335690138920493,0.9476453458761201,0.9458799613056984,0.948490364357863,0.9399994425034965,0.9378907181060313,0.9452105021174543,0.9409865348370405,0.9490785634362039,0.9311477934709046,0.9375112174485626,0.9419491445294564,0.00804099878132042,154
18.46646014690399,0.3076173896032894,0.02760634183883667,0.004600503894734492,0.02509349191067395,5,0.8924307710242201,2,4168,0.8116205109603296,"{'learning_rate': 0.02509349191067395, 'max_depth': 5, 'max_features': 0.8924307710242201, 'min_samples_split': 2, 'n_estimators': 4168, 'subsample': 0.8116205109603296}",0.9486958514810927,0.9493716922815284,0.9502318253969958,0.9509540493458826,0.9485023187572296,0.9452798382354206,0.9523412701735513,0.9548326944912938,0.9532978834497581,0.9463883847067613,0.93074917020416,0.9429861160484766,0.9513469422915886,0.953788814324257,0.9560712090821136,0.9566506703563887,0.959034700301829,0.9501983334389159,0.9522200370056517,0.9389656104147874,0.9547987405306712,0.9456592240165281,0.9637051215955392,0.9447040914826207,0.9354756805383464,0.9515566438632354,0.9584182810324215,0.9398402814904115,0.9555095630812165,0.9563696233175889,0.9588192845923976,0.9501834218064991,0.9439759359462412,0.9504270071471843,0.9465479540924129,0.950295008427809,0.9521909602434796,0.9535877274671449,0.9561534304240927,0.9466637206972904,0.9478080209390044,0.9472570691234512,0.9601228126429062,0.946347850698791,0.9474919653325652,0.9434718584929187,0.9475642820369513,0.9521113824158808,0.9505824600057432,0.9528341489326183,0.9520317203949523,0.9525413167575567,0.9599499209265927,0.9382178843434779,0.9428893235897069,0.9495873156576291,0.9461485974491838,0.9542389048829328,0.9543337353167463,0.9399183031913655,0.9529537087814097,0.9505866666004678,0.9596092006461099,0.9468978553233331,0.9382565212360003,0.9555497177295982,0.9593176689286171,0.9510242026680167,0.9446537192695524,0.939366073904675,0.9636068303967744,0.9531635645341412,0.9464303008442196,0.9341016178309399,0.9582172051640121,0.9611524602545436,0.9398839785257447,0.9490405921708597,0.9488161646175174,0.9494045931735635,0.9486623387592249,0.9504957811162262,0.9462518675185355,0.9472011468022469,0.9581450821836714,0.9545432581553793,0.9464575781196463,0.9473816871231573,0.9533487897903962,0.9439312999486635,0.9592072840565303,0.9511681566670487,0.9615718746469267,0.9517790221882058,0.9419539419625531,0.9454855568488971,0.9513164256925859,0.9559535314545016,0.9456408653308235,0.9520940976968852,0.9500686021537399,0.006462671750199491,29
16.377373061180116,0.812889933798138,0.05173180818557739,0.007622545008326799,0.0024019675067792653,7,0.6582854971984013,2,4168,0.6110251048910715,"{'learning_rate': 0.0024019675067792653, 'max_depth': 7, 'max_features': 0.6582854971984013, 'min_samples_split': 2, 'n_estimators': 4168, 'subsample': 0.6110251048910715}",0.9481893126330512,0.9521112026088193,0.9505300665691517,0.9550503384964483,0.9499773586631571,0.9521331808788231,0.9492370207897475,0.954565276350349,0.952575174629862,0.9486026546850114,0.9386790424868514,0.93910541380146,0.9510399897167324,0.9540828704046197,0.9570627926576234,0.9563334421803844,0.9580372764203335,0.9519704209434855,0.9535759530966152,0.9375834723722288,0.9578084211036171,0.9391256177267482,0.9635741498686434,0.9462462810426966,0.9352087468828116,0.951114175747647,0.9569984051440388,0.9413479904196238,0.9554895914142378,0.9563736291057475,0.9601447630769756,0.9519928219311968,0.9445756437442133,0.9522232099921155,0.9483720089474467,0.9522940829897019,0.954699863620422,0.952038358288126,0.9573815455749195,0.9458435668421452,0.9447505872988291,0.9479646489277422,0.957834506054142,0.9488673082473382,0.9484874727311787,0.9469957810885847,0.9505570951574244,0.9508068221919632,0.9521381986431449,0.9521758684541453,0.9546730604682203,0.9501810162774543,0.960971422295865,0.9406964675534294,0.9458961120364519,0.9545870634851427,0.9451676501452632,0.956573642346886,0.9580694878115684,0.9425640320131439,0.9509888467109204,0.9518471061099629,0.9600463258325184,0.9489098359904202,0.9412477689228387,0.9534334193521262,0.9591541743628993,0.9488087800352499,0.9496547889908575,0.9429907193767125,0.9627779714951179,0.9530015857734362,0.9458048331846441,0.9344448318195882,0.9610075947354924,0.9614666961203273,0.9415855620938752,0.9481263640231617,0.9484936970302407,0.949965431852423,0.9500158227106871,0.9492287567999632,0.9490587161303625,0.9488132037673728,0.959404491722733,0.954021415069519,0.9494493950135757,0.9495408850758675,0.9557519864516085,0.946989947734515,0.9573940964521185,0.9548788125655969,0.959306535627409,0.9541615779263767,0.942687430545381,0.94934920952087,0.9506674527640486,0.9570390794004685,0.9469872046058317,0.9523148854875048,0.9509407061626038,0.006099127686006948,18
11.218700144290924,0.6488000141529151,0.040611472129821774,0.005038514198171639,0.004212411295973444,6,0.4962833327821561,2,4168,0.5982194135375902,"{'learning_rate': 0.004212411295973444, 'max_depth': 6, 'max_features': 0.4962833327821561, 'min_samples_split': 2, 'n_estimators': 4168, 'subsample': 0.5982194135375902}",0.9511268985124779,0.9536359509627742,0.9539108243831157,0.9542295504059245,0.9523533870176629,0.9534756731133996,0.9531674896278267,0.9535495531678996,0.9537170123911783,0.9502328843135721,0.9392209792783002,0.9413536372172158,0.953279228712927,0.9563198575954981,0.9569775249571765,0.9596935976359258,0.958733625468179,0.9527143246228604,0.9574142021473216,0.9390379966901761,0.9579200288063627,0.9406051861694951,0.9654504620417708,0.9474177666665675,0.9391511998642148,0.9526316889801015,0.9586706318924477,0.9439878386470295,0.9561006031651426,0.9576985194826727,0.9606468690774268,0.9545647728041884,0.9463706076636336,0.9540568356092237,0.9485308958397574,0.9522176870960369,0.9561427855902693,0.9546096569197048,0.9586251801137051,0.9478324406645561,0.9484005973979732,0.9497062278612547,0.9608058460641865,0.9490787918139069,0.9500080190440374,0.951381965158262,0.9508942286195119,0.9512680280109723,0.952929999849847,0.9544242361985034,0.957742636406544,0.9512377414812428,0.9604081130071132,0.9421494675091618,0.948508029521892,0.9542721842302113,0.9473750943716368,0.956505804456756,0.9599722863975971,0.9450020570947769,0.9505713222553271,0.9536327279211716,0.9609361071808356,0.9510681851985872,0.9415798551782,0.9564653497907964,0.9579005001440701,0.9504217913276827,0.9533381058455606,0.9443841013460872,0.964520972367299,0.9575828707744308,0.9472679317895116,0.9384890713836864,0.9626805139483174,0.9638482139994037,0.9464227947971277,0.9493628747505437,0.9521321110305855,0.9497924810001386,0.9507192444025153,0.9511102089315586,0.9523235765669389,0.9531556521190611,0.9603177578452256,0.955608966637099,0.949798781289991,0.9519022389791144,0.9583750579153303,0.9481275581128037,0.9612095478117795,0.9561207832825047,0.9599053405101534,0.9553390321349653,0.9451608343828993,0.9480112934439127,0.9532262215020202,0.9575960642482004,0.9505284052717733,0.9532646926577885,0.952636463498861,0.005852572608403393,4
14.643048689365386,0.8773416820221484,0.082349054813385,0.01340457503143854,0.015283945568403533,12,0.4278845090100396,2,4168,0.5984472953553899,"{'learning_rate': 0.015283945568403533, 'max_depth': 12, 'max_features': 0.4278845090100396, 'min_samples_split': 2, 'n_estimators': 4168, 'subsample': 0.5984472953553899}",0.9461669510571972,0.9493120235806534,0.9502434582816517,0.948743332633086,0.9472884066410882,0.9509757053887705,0.9471834898675189,0.9487571997420592,0.949589036739098,0.9433365897949658,0.9388331644326761,0.9342780607618515,0.9497932372078289,0.9497262740605371,0.9533974527329091,0.9551581580686431,0.9522241567511023,0.9481400515111121,0.9509603539255951,0.9363045569366099,0.9553625105464882,0.928082671571979,0.9606818122341042,0.9437739663019682,0.9259338993646399,0.9438478998906282,0.9546012707962923,0.9393191229977925,0.9538998919684576,0.9508112200130372,0.9576790485851376,0.9488008577665884,0.9415223423490003,0.949046484972951,0.9439155138339831,0.9448547750277941,0.954037413822987,0.943940297034589,0.9552291311488147,0.9409932039777358,0.9406176297879646,0.9493652853158572,0.9559165270651998,0.9446511254923201,0.9452828284474769,0.9478734474695341,0.9465706782074271,0.9451173559664146,0.9501777894093947,0.9487182463623092,0.9523472710801589,0.9476548418846572,0.9547504875804474,0.9394365924227528,0.9437412251620826,0.9499066264229321,0.9479172011420229,0.9522968636519994,0.9554591607553062,0.9409631106619606,0.9479256040939432,0.9501328772494357,0.9550191223276925,0.9456598036245191,0.9352687416532103,0.9514102943167988,0.9511037139084688,0.9410503759038741,0.9504646807241626,0.9390618365030828,0.9597671752693965,0.9501296193511874,0.9416333019308797,0.9326518924746443,0.9602125469320208,0.9619886509354185,0.9429415256084401,0.9460592994964632,0.9470494706921778,0.9473391254023334,0.9456667072171276,0.9453174403971629,0.9464982867462053,0.9450659153192243,0.9559478125169764,0.9515283313741207,0.945352808720749,0.9494982647967304,0.951222625841489,0.9456083260627314,0.9538291842700624,0.9524253691890188,0.9551146847179433,0.9508405422206405,0.939224625180072,0.946701996671368,0.9513406209649883,0.9509684212398186,0.9446463781834807,0.9482407311992036,0.9477741801983541,0.006427431799712123,66
7.516342687606811,0.6390817817236591,0.02739558696746826,0.003491836498889571,0.04009971433481413,12,0.38320658538824987,2,4168,0.8755563048502895,"{'learning_rate': 0.04009971433481413, 'max_depth': 12, 'max_features': 0.38320658538824987, 'min_samples_split': 2, 'n_estimators': 4168, 'subsample': 0.8755563048502895}",0.9396273423345759,0.9461364530673382,0.9425767734491123,0.9398908744366515,0.9394092987526202,0.9483016446474902,0.941893331822089,0.9473413503067045,0.9468845235364236,0.9419976274186918,0.9350565140673752,0.9327166685775232,0.9487378491195053,0.9471400159792078,0.9507045393546691,0.9524172903051199,0.9492996139927107,0.9435425169791976,0.9435445092170046,0.927690773268674,0.9494454780217083,0.9125787636949033,0.9563740868050127,0.9328638434322869,0.9178816770677045,0.9411662356517791,0.9513186807261927,0.923840353166326,0.9471804022569034,0.9471917188227246,0.9494027176401532,0.9425273369214641,0.9371877952030921,0.9479608972221728,0.9410326976094383,0.9446034241662814,0.94522206749036,0.9376562237303699,0.9461980720392046,0.9385848320233371,0.9312332571054165,0.9393576131788661,0.9562716004927914,0.9399220574612429,0.9388785252330918,0.946600362781374,0.9390735893496713,0.9397404147817587,0.9438124421085798,0.9451315052604214,0.9438199794565167,0.9384174965268175,0.9536276628701738,0.9362561971703245,0.9353835692177541,0.9394590433139587,0.9379759408509447,0.9489369518603474,0.9510700851097401,0.9362754315841418,0.9417724333560877,0.9486148983821839,0.952555299657032,0.9420029220421582,0.9293846633655606,0.9475705635696928,0.9480498616164681,0.93696142942541,0.945887110592764,0.9317827783643775,0.9524124787213715,0.9418753254069148,0.9387860319750272,0.9274779858489054,0.955170573136574,0.9576707862670085,0.9314263598680441,0.9428260739185814,0.945683713649404,0.9347851361115028,0.9354819513588104,0.9397174776375302,0.9423471243757215,0.9399295511285973,0.9452800711823496,0.9450576719141218,0.9397849632325574,0.943593652480371,0.9445794664535202,0.9384826765251338,0.9482847781508295,0.9487417636944241,0.9473342061182429,0.9457284280864466,0.9295088063913873,0.9379942316732423,0.9399079585894001,0.9480400978885503,0.9377969994729393,0.9437158984052173,0.942103747400725,0.007705986064536253,152
5.044128332138062,0.3738990467366101,0.010760905742645264,0.0035773537038109784,0.18787609436667907,11,0.8602497922754564,2,4168,0.8299803333389769,"{'learning_rate': 0.18787609436667907, 'max_depth': 11, 'max_features': 0.8602497922754564, 'min_samples_split': 2, 'n_estimators': 4168, 'subsample': 0.8299803333389769}",0.934195528284292,0.94010328604957,0.9376566417236313,0.9441777022802988,0.9319573159878919,0.9421344774932388,0.9394317503441881,0.9258821838290501,0.9355435400825136,0.9256101870563312,0.9156860142260385,0.9240819777261645,0.9375557667952026,0.9328395606694411,0.94650683640432,0.9412407513917441,0.9388514204415965,0.9345278982120003,0.9370456108275974,0.9240453639202024,0.944972604563611,0.9418575750579675,0.9523779497684524,0.9326095935617689,0.9140546503582818,0.9323768595507433,0.9352463321888997,0.9261702061051555,0.9408119033413375,0.9457249240513815,0.9423277834088833,0.931546617903652,0.9242669605398885,0.9444611444217956,0.9363633650598755,0.9384711801598299,0.9519294128258569,0.9350578584311001,0.9387538746342173,0.9372091074524193,0.9319376364901466,0.928875725089542,0.9455310016113381,0.9291173925997854,0.9326360196734798,0.9408217383516552,0.937157377839594,0.9431689868818908,0.9326423411966913,0.9359112433861819,0.936113446380477,0.9301226228344306,0.9485535199946757,0.9200390609095919,0.9293793299422438,0.9376827359669724,0.9279131965260787,0.9416995650473299,0.9427335948887664,0.9156068586370767,0.9341439679087851,0.9353177563376764,0.941513814844376,0.9196187537748668,0.9189612010216183,0.9384645748468756,0.9504219423848985,0.9312418044399301,0.9310096342038625,0.9280803833695688,0.944082931146581,0.9353844428969573,0.9262407504111861,0.9257537878901734,0.9442981222123531,0.9466816639437513,0.9217640288709906,0.9215147259905372,0.9343791233041447,0.9426438356139041,0.9379230026681773,0.9429682377292653,0.9368100379011388,0.9275326606121443,0.9404226526569883,0.9406481890111916,0.9436893400547508,0.9184362244617172,0.9441460650057295,0.9318974966853804,0.9371459498972697,0.9407309616542203,0.9437386005922781,0.9328506606190472,0.9194587517434131,0.9329898639012436,0.9341820046282312,0.9352570541133279,0.9204230333264787,0.929557346565727,0.9348563249061912,0.008485656032181753,177
7.439409821033478,0.4649129278423194,0.02225271224975586,0.0036871823623470384,0.07492362316610363,11,0.7511378652206688,2,4168,0.5561794907129796,"{'learning_rate': 0.07492362316610363, 'max_depth': 11, 'max_features': 0.7511378652206688, 'min_samples_split': 2, 'n_estimators': 4168, 'subsample': 0.5561794907129796}",0.9403633624974977,0.9497036427113484,0.946577228680383,0.9469504637248417,0.9442389086208343,0.9504379118754759,0.9447117746690873,0.9532345994665696,0.9438629575776311,0.9451823851114808,0.942943040420335,0.9311303807773355,0.9489321764479448,0.9494818840059293,0.9487909664516607,0.9568162596474424,0.9553717108151154,0.9407789987907247,0.9488490811818071,0.9270866499105022,0.953424586062459,0.9362450922130403,0.960440046818668,0.9427945043120272,0.9252231710022325,0.9481842566818731,0.9516308974658719,0.9396234131362833,0.9527615957579116,0.9482313332602264,0.9560155497890092,0.9467408613518873,0.936981019925555,0.9499540309798564,0.9403172263455852,0.9470046389115039,0.9486474747662421,0.9436908678570513,0.9574658524494083,0.9362577615540406,0.9387421455025432,0.948147720139039,0.9480299263442449,0.943609085590529,0.9483466030889482,0.942680833008415,0.948050711615223,0.9485972975532209,0.9428222554399507,0.9415690869688591,0.9478633403072191,0.9407130884195518,0.9558831972449263,0.9306108058595974,0.9379330442233542,0.9501503373628868,0.937833727512148,0.95254943505597,0.9508287112868075,0.9285250220295326,0.942151387288052,0.9483365451428019,0.9547269020875975,0.9433031116496083,0.9395595665514745,0.9515068660428859,0.953885578159752,0.9485648115022562,0.9394393020544395,0.9330339929402811,0.9603702764227011,0.9520095294251266,0.9434381346756628,0.9281050258651486,0.9547141132404989,0.9584935081440208,0.9326844376263216,0.9421757321979403,0.9440498921041098,0.9387451885940667,0.9416350911312616,0.9397313510421462,0.9386501731413857,0.9403690226577872,0.9520009027151076,0.9530964130232698,0.9511644602723623,0.9465393126714812,0.9506541194847227,0.9446752322007805,0.9539347151830441,0.9508039071520189,0.9537587363307988,0.94490846793044,0.937435081507816,0.9435216039313543,0.9376669099782449,0.9498340315879336,0.9413905903768152,0.9485561727026834,0.9455018513531386,0.00741282350023878,107
4.520420780181885,0.32397221918980146,0.01585716485977173,0.0035105822988513035,0.08832582271700674,13,0.428273055863934,2,4168,0.873909678975658,"{'learning_rate': 0.08832582271700674, 'max_depth': 13, 'max_features': 0.428273055863934, 'min_samples_split': 2, 'n_estimators': 4168, 'subsample': 0.873909678975658}",0.9360876229159188,0.9405912059692132,0.9401352902101048,0.9426774354038528,0.9314050292846676,0.9461189615267269,0.9415147022606029,0.9477157785531711,0.9420254628365203,0.9347565829594813,0.9199223261240852,0.9274363035587792,0.9381729704563141,0.9427912394876348,0.939562954949746,0.9428657120682157,0.9460464808363452,0.9432349690145033,0.9390044328077426,0.9302862326021047,0.9454911323040294,0.913914927668476,0.9565839497068909,0.9326071673235893,0.9227207750757862,0.9440878856370266,0.939205668327656,0.9223428537939604,0.9427295763013066,0.9391873843085627,0.9492327006541752,0.9404369635399268,0.9346741666590288,0.9366101049523068,0.9334109967308337,0.9411323357596719,0.9481940565052167,0.937652687340136,0.9386199900682726,0.936854775806665,0.9297184154087184,0.9297935468748445,0.953400836689598,0.9378466614166852,0.9366885788270529,0.9358024532406941,0.9408408146715018,0.9429160308693539,0.9395368620274266,0.9428597617726294,0.9447766830829872,0.9411599856492147,0.9506366912321631,0.9387743379574508,0.9293676615127048,0.9384782031464525,0.9307478343319824,0.9454525563590106,0.9452267339781062,0.9286613546751324,0.939174457387251,0.9460025217147225,0.9499102639457875,0.9407242108559795,0.9276640714702798,0.9387218529858133,0.9399509633993333,0.9312838452997867,0.9420667753116533,0.9283931853598945,0.9496479628168617,0.9429178314338106,0.9325286413854066,0.9236780117238754,0.9558419078168408,0.9523147483853558,0.9339418847407308,0.9391646580029465,0.9441436946108531,0.9307641319997029,0.9399426116298031,0.9374250726692642,0.9436398221434181,0.9378515237205817,0.9420074065893927,0.9473065797530928,0.9424816346191831,0.9360351215194148,0.9448120539722012,0.932603073473613,0.9459860231343761,0.9468696703295626,0.9435192571887612,0.9423595577552947,0.9235708606663368,0.9326272599173807,0.9391017548110905,0.9405689467563773,0.9359041226360992,0.945458694412918,0.9389963446435798,0.0076622724986736505,170
3.6044391107559206,0.24674854617272318,0.008527061939239501,0.0015793040951823777,0.28733328872112207,11,0.6274913356331124,2,4168,0.9388869302141626,"{'learning_rate': 0.28733328872112207, 'max_depth': 11, 'max_features': 0.6274913356331124, 'min_samples_split': 2, 'n_estimators': 4168, 'subsample': 0.9388869302141626}",0.9231592837456403,0.9391642182364126,0.9251194282258506,0.9214602459739302,0.933847608497554,0.9252870189031264,0.9328463521699596,0.9414981508130298,0.9349102887008074,0.9253364002317965,0.9036659092503643,0.9294362478007997,0.9257262456834486,0.9405392576910973,0.9352053712427668,0.9295893594354752,0.9349508685198463,0.9359035146073608,0.9225235115739899,0.8996888310514158,0.9320011217939101,0.9103333628655936,0.9392616604538461,0.9189470046552288,0.9014181868003892,0.937087802364057,0.9353300077623119,0.9190917416886846,0.9375956922233233,0.9382549230942303,0.9384788135177915,0.9322110881115937,0.9236129631417102,0.9339834548598004,0.931030496640985,0.923330864537117,0.9411892974644207,0.9177575351935401,0.93844170199065,0.9283581693036475,0.9109561585166398,0.9158582166058384,0.9347659709574585,0.9242208465254069,0.9141146614837834,0.9220249146964974,0.9281672885450752,0.940629937152264,0.9227972440743422,0.9260323490859396,0.9356549292503503,0.9270181684027005,0.9383686807891951,0.9244434264525355,0.9197953292859725,0.933962646306514,0.9143485147454622,0.9308503902033147,0.9386996855734712,0.9123404823275671,0.9200200042171709,0.9273754529741798,0.9443122204516631,0.9064099008398445,0.910763587632462,0.9286974813578631,0.9303266110002443,0.9281517030122693,0.9367943792544986,0.9082352604414743,0.9292848821155425,0.9295224008853137,0.9162757373133574,0.9051847848993906,0.9432311621784664,0.9510429481229208,0.9199899876790819,0.91821394299272,0.931030321347424,0.9363577218566721,0.9182139266513668,0.9381748770848872,0.9068184186354764,0.9328028368855201,0.9436866130988958,0.9293104739664895,0.9431151660837604,0.9161822727479265,0.9263483392147923,0.9223299086191865,0.9336298789730415,0.9398116355986362,0.9372244310865526,0.9231527389887657,0.9073867372265187,0.9293152716681001,0.9398650279723517,0.93457849433859,0.914063364542119,0.9325135100984524,0.927423682558518,0.010904677600159958,194
17.30973521232605,0.8083427025510701,0.033829326629638674,0.0028720271160414396,0.03594663627942926,10,0.8880390710398196,2,4168,0.7827852299245324,"{'learning_rate': 0.03594663627942926, 'max_depth': 10, 'max_features': 0.8880390710398196, 'min_samples_split': 2, 'n_estimators': 4168, 'subsample': 0.7827852299245324}",0.9408146725166979,0.9435322730823783,0.9424508333202988,0.9470256020296299,0.941487465850703,0.9428504583005537,0.9450303571342406,0.9438007781066827,0.9407048209744332,0.9390157240501518,0.9315584203589006,0.9312338128153123,0.9451057307271367,0.9446867686648344,0.9518817259527794,0.9493553064304683,0.9496466511745598,0.9434873358279563,0.9455689935735792,0.9342635656557571,0.9532397510567452,0.9354319043453481,0.956195387761265,0.9379693314494025,0.9244523148590602,0.9425057360814135,0.9493667778315946,0.9297312306534942,0.9469525927920216,0.9514419305154603,0.9532584295289791,0.9425962706282253,0.9392695606299116,0.9492515894481751,0.9395350169823193,0.9435198325959498,0.9486126389744847,0.9426968342559646,0.9495636078766926,0.9409159188101731,0.9380358032478795,0.939313449909583,0.9532984999213721,0.9377181267269825,0.941809291469594,0.945844434780484,0.944216839423676,0.9418945870045375,0.9455470796249144,0.943166151918548,0.9430875153038383,0.9432604128650696,0.9566638379784922,0.9306662577844097,0.9309594707626564,0.9447449887612805,0.9380936716005313,0.9478884870031692,0.9521530911070925,0.931930983996503,0.946084674252799,0.9453713406289853,0.9547189128994487,0.9448990173780573,0.9339355315168207,0.9437916348445535,0.9509397577013902,0.9403471258819384,0.9383120160088575,0.931449471028408,0.9561600430304666,0.9410692573337046,0.9380697891696788,0.9295239230519716,0.9573052944841248,0.9556796423713552,0.926870269703124,0.9422086968680314,0.9476732290599532,0.9475302001185473,0.9448476526076958,0.9391454761043672,0.9373511802690765,0.9378517310022892,0.9541590575236155,0.9477386971087485,0.9515620184196569,0.9386627649024093,0.9483173871525238,0.9370159171187171,0.9465653705386611,0.9464552890431833,0.9540288383026522,0.9418212313937335,0.9301171743522776,0.9440542694237011,0.9399927777223115,0.9506035616082931,0.9351174041040591,0.94642987791148,0.9432407843875603,0.007148037935029223,140
7.79016872882843,0.568554551304599,0.01646601676940918,0.0023915169675034643,0.14031304686898666,7,0.9116015530289661,2,4168,0.5801054408836229,"{'learning_rate': 0.14031304686898666, 'max_depth': 7, 'max_features': 0.9116015530289661, 'min_samples_split': 2, 'n_estimators': 4168, 'subsample': 0.5801054408836229}",0.9454071840526824,0.9486796715484475,0.9499347604375382,0.9481567728593474,0.929677155530646,0.9409959504881967,0.9430397969881767,0.9554309200686064,0.949777140602548,0.9442040455132582,0.9332463689882523,0.9353705892033691,0.9356820630143718,0.9454048236844492,0.9479323312732418,0.9495266575703579,0.9538150511798207,0.9402427435376685,0.9520942566944055,0.9242999962010666,0.9487334887295764,0.9270298322969854,0.95887935129538,0.9431876541347138,0.9183424464147151,0.9445265415173176,0.9484117338945769,0.9319066896858301,0.9483224680550728,0.9495677429135576,0.9584276689033546,0.9457875572800181,0.9338899428158793,0.9440219114359253,0.9430857778927308,0.9512411082185468,0.9512517665099589,0.942490129133066,0.9432944992091271,0.9338703976107912,0.9370137697067685,0.9375482705971727,0.9485196432365446,0.9429173040173244,0.9451560739560947,0.9411609118093628,0.9460217601722536,0.9494518928053071,0.9467468202546011,0.94457792286024,0.9473720717111371,0.9468786494341649,0.956182155663793,0.93491680292999,0.9429721972066945,0.9512638375553956,0.9379678251566986,0.9515523101916984,0.9534231877146295,0.9272067535471714,0.9402205516191912,0.9461930856294176,0.9542205244180463,0.939955101953351,0.9383753961446324,0.9416980993582582,0.9521045315199276,0.9481522981877483,0.9411931215170785,0.9381116300769451,0.9541271066855219,0.9471708970402204,0.9353702238432647,0.9340759104461925,0.9542905898425362,0.9552969143174683,0.935686507990432,0.942805940687842,0.9437306304953255,0.9458297262447172,0.9366701200514618,0.9412354510368128,0.9307870693358063,0.9410588288628365,0.9540564839161539,0.9463568652088131,0.9456825121777406,0.9424706080550671,0.9495794249178382,0.933857091848214,0.9503099780098547,0.9452787123240635,0.9553462430006607,0.9461116930987162,0.9354393419767604,0.9471601180089709,0.9444461180052512,0.9549752082412063,0.933122386770919,0.9435024588003602,0.9439409264957623,0.007792628172885683,133
16.23219672203064,0.6639400214426663,0.06624228715896606,0.00688542044344472,0.0032620046892131676,9,0.5664903042580324,2,4168,0.5709004491856419,"{'learning_rate': 0.0032620046892131676, 'max_depth': 9, 'max_features': 0.5664903042580324, 'min_samples_split': 2, 'n_estimators': 4168, 'subsample': 0.5709004491856419}",0.9462644211647033,0.9518987721889668,0.951542087379753,0.9539622748083818,0.9490370080413946,0.9537114734730443,0.9491799587411235,0.9536145280931795,0.9520196257195764,0.9479729244468718,0.9387157752741224,0.9378266829647515,0.95114784622335,0.9533373409934328,0.9563798869950336,0.9572926152112584,0.9582952132116644,0.9504996729388842,0.9522123295747555,0.9367943378871015,0.9576844334533597,0.9356832680144854,0.9635831709036132,0.9460694644433532,0.9318599471550435,0.9498533103263511,0.9570973075140061,0.9414680087597058,0.9551751765310428,0.9546012874478832,0.9592103517862309,0.9509345226054198,0.9446676767908445,0.9520928344967058,0.9471519881428462,0.9514604516724647,0.9549949860373621,0.9509150851699917,0.9571669344444533,0.9452971371632666,0.9437822490764758,0.9486715969243469,0.9575507901181931,0.9481162541678626,0.947809393637949,0.9474725160030205,0.9503110956366186,0.9507494937307505,0.9518602045569887,0.9508921359024338,0.9538807983092619,0.9503124759822366,0.9597776726185759,0.9431959071171102,0.9459829352477075,0.9538138224217177,0.945667494917609,0.9549783188800494,0.9576272771416697,0.9426199823001068,0.9493696450313185,0.9522155462915146,0.9589233618347048,0.9491908634683467,0.9389013746388682,0.9541669752000931,0.957251102806403,0.9458991710658076,0.9517273785435107,0.9437122522331255,0.9613528018890816,0.9533692741497133,0.944683006704545,0.9340869148326814,0.9609027964132478,0.9621596272838282,0.9432472171824691,0.9482166881112938,0.9489409367239535,0.9485131447120702,0.9508798724804777,0.94965538262782,0.9500715942286272,0.9493662913689058,0.958291393811968,0.9528474666986687,0.9508483677988445,0.9491798676535025,0.954644325796498,0.9463644811589815,0.9579840756196946,0.9548891033094472,0.9586762933375128,0.9538133435632925,0.9409927389625533,0.9485947710190927,0.949576729464463,0.9540264792252329,0.9453618250526971,0.9534731398206611,0.9505011215499599,0.006191998551411554,27
25.056166779994964,2.0823330083813514,0.0441469669342041,0.009380301998325442,0.017978880263594194,7,0.7577915753594879,2,4168,0.851544284885785,"{'learning_rate': 0.017978880263594194, 'max_depth': 7, 'max_features': 0.7577915753594879, 'min_samples_split': 2, 'n_estimators': 4168, 'subsample': 0.851544284885785}",0.9470061894925078,0.9487754898414757,0.9480983564902107,0.9509573254324216,0.9450778060560409,0.9470996552225399,0.9482292912530397,0.950285700331939,0.9491182257266816,0.9445345599328483,0.9381094484210579,0.9382680681445597,0.9457130804799179,0.9522472593918536,0.9539098229449043,0.9540204026869238,0.9542232957478022,0.9487489582735164,0.9477004671718211,0.9333068480395483,0.9543345392942139,0.9379901755961161,0.9598725915001262,0.9449257614246863,0.9328369578839423,0.9467100189234151,0.95446009728903,0.9346193810149597,0.9531447283375143,0.9528190429777009,0.9589849208840074,0.9485080371252783,0.9420903118058201,0.9493865460720967,0.9448709077050104,0.948882053226835,0.9509285429081583,0.9496663534023302,0.9528579424784664,0.9450526521400728,0.9399984186787358,0.9404883796472754,0.9541106062973348,0.945709662842459,0.9460852440660235,0.948147400529183,0.9455570542269822,0.9499233373248032,0.9484447045222578,0.9482309358214838,0.9497086342128412,0.9479837480775875,0.9579464492550376,0.937125125496937,0.9404768025104285,0.9521198667019181,0.9413966657023207,0.9514375179686607,0.9538238373836069,0.9345350761415236,0.9500507850676088,0.9502970527829945,0.9586491823094739,0.9409056945543071,0.9374465087689468,0.9507594817710994,0.9556527337506838,0.9459292988615905,0.9467966406869941,0.9378910493398919,0.9568266738945455,0.9489505426475383,0.9420964203836927,0.930864160995076,0.9592866172596489,0.957900954354664,0.9394997464740013,0.9418978039680604,0.9454891759019022,0.9480026922252832,0.9465389434060997,0.9476757654783886,0.9436759396709832,0.9418474960415892,0.957149751255782,0.9527866780378997,0.9497535861715558,0.9467513866166538,0.9512672205029759,0.9431024484431367,0.9516246508268786,0.950948606426171,0.9575848125809655,0.9489429892198606,0.9374921099429876,0.9462245399588181,0.9440137938541926,0.9521148828948072,0.9433112077297745,0.9496856507696527,0.9474930695630597,0.0063231658042357235,72
23.04165881872177,2.1267547061043244,0.1001511287689209,0.012757285609851933,0.009806240235313657,13,0.5414693009621911,2,4168,0.6923199457362502,"{'learning_rate': 0.009806240235313657, 'max_depth': 13, 'max_features': 0.5414693009621911, 'min_samples_split': 2, 'n_estimators': 4168, 'subsample': 0.6923199457362502}",0.9431221182571812,0.9490117665970293,0.9462890048959838,0.9479478175357001,0.9441627360723776,0.950114608612091,0.9452737358697504,0.9487451091306113,0.9464678532481876,0.9457550516913276,0.9307699293445247,0.9332270380633868,0.94746853674864,0.9501785066958567,0.9533485595445848,0.9512034089704114,0.9545480619543699,0.9464258468350529,0.9484973456604204,0.9360612707988877,0.9532595461898081,0.9340658712753498,0.9603658231659478,0.9438286305374245,0.9295432004738017,0.9442228586068504,0.9533931223335135,0.9361175568898452,0.9508504430032101,0.9502027328831842,0.9565121945874958,0.9442900304364771,0.9392166440199026,0.9503634670286341,0.9445942799172171,0.948471462908173,0.9509813584831096,0.9465590420424009,0.9508788031535617,0.9429360498440065,0.9400800217646965,0.9449138106561834,0.9556617614202713,0.9460782548727131,0.9437144992104991,0.9463104310931395,0.9454524981362384,0.9456995414117982,0.9487848620374063,0.94684134408436,0.9514139286310953,0.9453731222121926,0.9571908703988357,0.9389359739915736,0.9398388070694548,0.9471036389996729,0.9413751414758762,0.9514469551953526,0.9552917064032103,0.9397241325922535,0.9475161396776557,0.9483965489042381,0.9570278890089067,0.9453210284887663,0.9352079983393718,0.9507279789663515,0.9533518231554221,0.9402534913539192,0.9485221460541797,0.9404017646041235,0.9580374459000023,0.948480877892491,0.9421179672238765,0.9302159142421178,0.9573578427221199,0.9606357421461726,0.9387606098313229,0.9432341531017968,0.9448741706737942,0.945851905992711,0.9450928268527916,0.9453167455493973,0.9461670543270762,0.9459830617551348,0.9535826685180686,0.9515205846000444,0.9480612194869121,0.945541171360526,0.9507291095873399,0.9429963300515107,0.95132985475813,0.9517827287342602,0.9534861330994957,0.950101849885129,0.9364511977083504,0.9438220354962386,0.9457590079598541,0.9514248124530471,0.9422464949144349,0.9495477666521442,0.9466773881799232,0.006314008680898725,84
38.54751587152481,3.382382002033574,0.12075613975524903,0.015943241091286864,0.002176486797469943,13,0.8261528131375593,2,4168,0.7664813868239325,"{'learning_rate': 0.002176486797469943, 'max_depth': 13, 'max_features': 0.8261528131375593, 'min_samples_split': 2, 'n_estimators': 4168, 'subsample': 0.7664813868239325}",0.9392809435252165,0.9457307339240587,0.941937631326312,0.944987535812575,0.9423119055426813,0.9427799399135486,0.9437338683385678,0.9468822748016845,0.9441188631831554,0.9409979138098883,0.9343072371018889,0.9283433840060136,0.9431777384705503,0.9472320058849073,0.952451686135851,0.9493019446381392,0.9503435149666476,0.9447320923826636,0.9440593014439017,0.9327654122007676,0.9524554475040965,0.9343373579147412,0.9571986526657126,0.9408331642632837,0.9220886763292846,0.9428241653556365,0.9492061805461096,0.9321324157860105,0.9497268592743399,0.9502202696130584,0.9536947969878509,0.94151106066714,0.9367241889514515,0.9493394983658776,0.9430831640264273,0.9424200939758518,0.9476859089774087,0.9437118016319924,0.950808418546228,0.9385266910624549,0.935740744915675,0.9395836691353385,0.953857268119494,0.9398781308295461,0.9422246297586869,0.9432425406594067,0.9441056745483509,0.9443124909266908,0.9452075754311237,0.9430546330274011,0.9448253656182232,0.9398671252955023,0.9555003425649824,0.9355119827309808,0.9352133510535832,0.9474462776762705,0.935262003018013,0.949058723251756,0.9517713062406105,0.9338267307674278,0.9431522414677642,0.9451222873892267,0.9555043916926163,0.9406094400273437,0.9333140673073892,0.9445078119690113,0.9534737643685509,0.9376482958847041,0.9440140148693135,0.9350938116568891,0.9555992965694313,0.9433756349662972,0.9375807140067836,0.9299187150601351,0.9568102829213301,0.9577011028792234,0.9301555805225483,0.9382161771704681,0.9395846106319118,0.9471734525022745,0.9448935076395327,0.9447194716907747,0.9390768253359237,0.9358752203675432,0.9518667406013013,0.9494638842754047,0.9516067090265944,0.9403601042955804,0.945766006071781,0.9404802069780167,0.9472175411784102,0.9486800885206914,0.9549433128644788,0.9431052419564885,0.934496941360635,0.9455587631419611,0.9400633343964909,0.9477224893961413,0.9365297289604739,0.9463381993751807,0.9435481531671965,0.006953623669929235,138
6.28455828666687,0.6308517243259039,0.026698300838470457,0.0029906326551693576,0.06777858563396964,8,0.3922157199544671,2,4168,0.5830073928577384,"{'learning_rate': 0.06777858563396964, 'max_depth': 8, 'max_features': 0.3922157199544671, 'min_samples_split': 2, 'n_estimators': 4168, 'subsample': 0.5830073928577384}",0.9412881940729743,0.9494277440215306,0.9520219456359384,0.9514134644944277,0.9435589252049733,0.9485556245264576,0.9439465082634505,0.9452206116497083,0.9470152641180465,0.9437925975569442,0.9414993549665821,0.9355119093950675,0.9467989974100589,0.9518074457024335,0.9485710076788908,0.9542753321474833,0.9537101952457095,0.9493592199078071,0.9531825353982222,0.9280454535561715,0.9544173712749271,0.9317360066993804,0.9601880407239568,0.9400204695441097,0.9373767094064395,0.9480917950932665,0.9505822868357646,0.9428917855650588,0.9524409821002507,0.9519541919159754,0.9586192245950738,0.9480194195680033,0.9379516125902481,0.9540455286646625,0.9360501172128252,0.9473329645017101,0.9510343013487134,0.9498497598065788,0.9510039940871531,0.9367055905112524,0.9425640430405797,0.9499573918096831,0.9557123943893405,0.9382225911907309,0.9425525088339678,0.9448404301698149,0.9423314118112611,0.9433756531441938,0.9469347782212371,0.9481418820236938,0.9470680503888415,0.9432126067192498,0.9573716551229012,0.934558601323382,0.9427533350403363,0.9488940481632566,0.944791086279094,0.9487503675501454,0.9550935405563489,0.9393468211185951,0.9514223539618657,0.9436751565007974,0.9563292003384544,0.9494061666462289,0.9343249667701619,0.9486841478185717,0.9500358898164029,0.9449009950872272,0.9423960264664457,0.9385779090665172,0.9604281663487133,0.9454617084125608,0.9393087397647386,0.9306096659429532,0.9570676655505784,0.9591925585888351,0.9401104413637318,0.9413622715034783,0.9446003221288499,0.9491343657940763,0.944039535210938,0.9393853563573897,0.949305982087043,0.9409235995392397,0.9553725430447213,0.9511813614169997,0.9454324354468908,0.9457945241689402,0.9514652931574155,0.9415731160039497,0.958289246986295,0.949456272959058,0.9504617498667761,0.9518349851338421,0.9354130397565656,0.945220973404605,0.9470614408956886,0.9548736079607811,0.9390642592366955,0.9496917203224902,0.946586574407224,0.006795450212111165,87
22.723965139389037,1.6491166851745145,0.09805011510848999,0.01562849429302848,0.0026724417314984536,11,0.47022433911113204,2,4168,0.7987739237749492,"{'learning_rate': 0.0026724417314984536, 'max_depth': 11, 'max_features': 0.47022433911113204, 'min_samples_split': 2, 'n_estimators': 4168, 'subsample': 0.7987739237749492}",0.941787937994825,0.9483988097123699,0.9455152276139321,0.9459659897239195,0.9448747446637228,0.9489809428362641,0.9440753346979267,0.9499090780665238,0.9469652582546483,0.942757987490559,0.9348828024684253,0.9326112274178563,0.9462119227463724,0.9489047670170158,0.9526300564107627,0.9527099239827401,0.9536899971403698,0.9473720702541666,0.9465209811391069,0.9331618137843962,0.9532842844181504,0.9293789028252732,0.9586450530340078,0.9424443348823363,0.9266963473549182,0.9451638886382935,0.9524592494225663,0.9337936168653562,0.952169294965273,0.949911343748747,0.955984886443503,0.9447224623918237,0.9407763991786514,0.9500636122850645,0.9445846032359848,0.9458138819551453,0.951188787737244,0.9448215257891535,0.9507171909999613,0.9421484339586359,0.9383061974083058,0.942178650341274,0.9555228704174292,0.944802401978406,0.9413416781106267,0.9448163725130976,0.9442037045429439,0.9463036442855058,0.9477246118990166,0.94569072581591,0.95004212463749,0.9450916193785855,0.955434894347981,0.9363249189928925,0.9397932166219987,0.9473225419660345,0.9400712384636395,0.951661895795117,0.9543057599643536,0.9377355203550761,0.9468976044546014,0.9485541619110737,0.9562024758030232,0.943703047342304,0.9346898087056396,0.9494145782876936,0.9528864579229653,0.9415704727399017,0.9489363469236881,0.9363717033861778,0.9570775767615056,0.9488064145134927,0.9402620560378984,0.9305457153479959,0.958544014336628,0.9597135436064195,0.9386619125788118,0.9422410760805507,0.9445391557139103,0.944234439352572,0.9439887559489155,0.9438547411177783,0.9453310054605962,0.9432499655253046,0.9535422475006076,0.9509427573109562,0.9481483103878025,0.9434135389380158,0.949055579431562,0.9426423378394083,0.950918060013751,0.952064007691674,0.9532238700635064,0.9483169054670229,0.9350819030613894,0.9441876034870954,0.9459291736170882,0.9511550413340338,0.9434120342473453,0.9486588791984322,0.945923388408308,0.006571771504172508,99
29.00890278339386,2.3005620063780667,0.09820276260375976,0.016062899963622736,0.002373675310108523,11,0.7125523766171264,2,4168,0.7699160323593887,"{'learning_rate': 0.002373675310108523, 'max_depth': 11, 'max_features': 0.7125523766171264, 'min_samples_split': 2, 'n_estimators': 4168, 'subsample': 0.7699160323593887}",0.9406974946483175,0.9484893188159875,0.9443038594371844,0.9470698426432446,0.9438827013263679,0.9467932975986405,0.9448757185326055,0.9499620320986739,0.9466423896550157,0.9425133197918402,0.9365295864271074,0.932105406988872,0.9465374774435318,0.9492801019613513,0.953214673384807,0.9526494755453072,0.9528527430017169,0.9471109071998771,0.9455815509595934,0.9334129316450838,0.9532694596459373,0.9307612391161215,0.9583431819405706,0.9432085799913396,0.9263240434816584,0.9453596708560136,0.9512946686605327,0.9331282269496197,0.9517789084315978,0.9500551087234193,0.9559941135249325,0.9443062803285137,0.93950001000885,0.9498249388425374,0.9448692827045684,0.9456818328280332,0.9502795821360722,0.9456499699917853,0.9512775158570147,0.9413312807158541,0.9371651162401282,0.9404146140422981,0.9549266715273719,0.9436184649865812,0.9430263313656061,0.9450582751402723,0.9459982843176719,0.9464324542529932,0.9471145660450543,0.9446776765690347,0.9468210585489419,0.9431067005779624,0.9557500246949325,0.9375422906921048,0.9382208621660351,0.9481245354546322,0.9388009274817485,0.9510388754935205,0.9529276650739071,0.9378169625248386,0.9458187204892815,0.9466707305045692,0.9571342555357684,0.943369665546971,0.935350617506306,0.9484423086840101,0.9542174659264657,0.9399255294447076,0.9476889464607154,0.9372524921641077,0.9564793810377441,0.9465979114370875,0.9396631446812074,0.9301525831293059,0.95791978290231,0.9577061530058104,0.9366613708475722,0.9413140385601305,0.9431679478766395,0.9473430110333453,0.9449860166548291,0.9448797487967764,0.9439971839915333,0.940829207819013,0.9535709654770385,0.9508796451644776,0.950744153419502,0.9429568457206673,0.9489167127830863,0.9421873220894257,0.9498205619973928,0.9518297363900282,0.9557541506048821,0.9472580274067874,0.9369875445878104,0.9450784062035232,0.9432366600333519,0.9500964266497267,0.9404318745142088,0.9490586576318304,0.9456170098574566,0.006554546200596607,103
18.14721970796585,1.7454536892588852,0.09461232662200927,0.016979590059697614,0.002366196923256197,11,0.48210408355297696,2,4168,0.5991258104919015,"{'learning_rate': 0.002366196923256197, 'max_depth': 11, 'max_features': 0.48210408355297696, 'min_samples_split': 2, 'n_estimators': 4168, 'subsample': 0.5991258104919015}",0.9452698426068284,0.9506415184951033,0.9502998138438338,0.9507811822443489,0.9481236994111626,0.9525969162561582,0.9480735919331058,0.9519454285846118,0.9496752044872004,0.9465820395047722,0.937283959342327,0.9352637110748503,0.9501052299769447,0.9529676800405978,0.9551609167707356,0.9555392552004988,0.9567353758708517,0.9498865523770584,0.9500609179407011,0.936475486155915,0.9563058926236447,0.9345583481375216,0.9617977896781057,0.9444884250725898,0.9327162897903452,0.9485781563124972,0.9544853524711086,0.9389984141773373,0.954978020658059,0.952589340437856,0.9582488461070128,0.9483625528819288,0.9429391074299193,0.9536552301707982,0.9461387020122499,0.9489757590328233,0.9533307489294106,0.9481264161463036,0.954949985826538,0.9439035642805741,0.9423982346729282,0.9471754242338435,0.9586126928855918,0.9465985539134439,0.9462690611617647,0.9467023360779452,0.9482461552744869,0.9482623551567481,0.9506290191537097,0.9498051532206948,0.9535312366072042,0.9469183084589867,0.9581215515538727,0.9416201279484049,0.9439267925535431,0.9499021741931915,0.9438547574340941,0.9538980094988908,0.9578628960501412,0.9430517248153735,0.9485796758599325,0.9502608971683987,0.9581078376690342,0.9463838410970274,0.9378140057539639,0.9526554366888006,0.9557183599145926,0.9431102956613991,0.9506350262688286,0.9419453674501798,0.9600883831703735,0.9520635534379178,0.9444619761546432,0.9327372805095246,0.9600876179998934,0.9622998050334127,0.9413022856067514,0.9459788360622536,0.9475009472908485,0.9471262838849583,0.9482011562296341,0.9473894782136816,0.948395765190932,0.9471194849451611,0.9570315424522091,0.9532426406848075,0.9495277454494961,0.9477654768844663,0.9537348437166496,0.9455546784588067,0.9560942929440402,0.9533210103924874,0.9563486352619842,0.9521470694991765,0.9396093443225346,0.9466048199049089,0.9486980144039789,0.9532906115547751,0.9461783518524878,0.9505907934044692,0.949086852976085,0.006218555285579782,43
27.50839234352112,3.0565022396596473,0.06451579809188843,0.01367209864733153,0.0021286381843707647,8,0.6943370307769066,2,4168,0.9473678158938548,"{'learning_rate': 0.0021286381843707647, 'max_depth': 8, 'max_features': 0.6943370307769066, 'min_samples_split': 2, 'n_estimators': 4168, 'subsample': 0.9473678158938548}",0.9404364868913362,0.9462767237580819,0.9432622869573665,0.9475972020322231,0.9421497081346675,0.9440801544524619,0.9448251919938289,0.9467856465156026,0.9462489761697706,0.9426697266513936,0.9354329817544315,0.932617569753618,0.9429329735958076,0.9485065457814564,0.9514954856740342,0.9519631286699524,0.9509168751181019,0.9455264223215805,0.9429945058883188,0.9324051839980332,0.9493740280609151,0.9269916847108162,0.9571139221677109,0.9413433779984031,0.9248060206763821,0.9442795309407905,0.9501210812668177,0.9316912184569548,0.9520684432535554,0.9500709505728068,0.9551445807456513,0.944063378421223,0.9393183501893586,0.9492940857250219,0.9433305578545718,0.9453165460117152,0.9486811205557043,0.9483178675242164,0.9497239408321166,0.9428781119407994,0.9348872070199213,0.9350888404063967,0.9537106092274161,0.9446079272459965,0.9427311352597998,0.9448186715978915,0.94306448342946,0.9477992116161746,0.9468295549843516,0.9429247330774202,0.9466127925346416,0.9442882099961775,0.9549429814245146,0.9350870162192266,0.9365125053829106,0.9486058798992821,0.9363256822614897,0.9492408321666135,0.9521631366171289,0.9316484293816031,0.946232741866926,0.945257276996827,0.9568274612537622,0.9397338055803438,0.9342650036167919,0.946008340936626,0.9539724149205147,0.9437000845222084,0.945838548078345,0.9360344638565999,0.9540970050221639,0.9475699812819877,0.9380301956893943,0.9297737250705775,0.9583550585982473,0.9544810793337676,0.9331646378722637,0.9401936208243371,0.9450109483269886,0.9458450511570932,0.9402401174134644,0.9441502450645687,0.9445245108148914,0.9402599009134907,0.9528623326624576,0.9496552874862839,0.9466050842893902,0.9440869577576876,0.9466716338545752,0.9416230590225565,0.948644502440549,0.9512398362385548,0.9547740536094205,0.946579360925974,0.9350250673242766,0.9438584952025973,0.9431481234347884,0.950020722508008,0.9421111693724905,0.9456200805090105,0.9445103439941681,0.006761948142554001,122
3.5427861738204958,0.599384279664841,0.00864582061767578,0.002604459568558204,0.33768544846210125,10,0.5151492988219598,2,4168,0.8884175121471927,"{'learning_rate': 0.33768544846210125, 'max_depth': 10, 'max_features': 0.5151492988219598, 'min_samples_split': 2, 'n_estimators': 4168, 'subsample': 0.8884175121471927}",0.9064845095939843,0.9252833582798082,0.9100035491796088,0.9088479454787585,0.9320104694200877,0.9219884487938833,0.9278002864798052,0.9268694029358578,0.9305872784399514,0.9071490943175554,0.9056697703345712,0.9128864808700086,0.9303047265664874,0.9161290442338982,0.9391781873991522,0.9361368371865959,0.9377000625637522,0.9288519410946782,0.9302725468030077,0.9153506128626365,0.9350201704661294,0.8980327416965792,0.9387542130638583,0.9059470419387989,0.8980411987215624,0.927676291086607,0.9349860003366836,0.9160023945822527,0.92993733197551,0.9230419528337948,0.9281719008870435,0.9283489625941268,0.9137685665145038,0.9244890336295133,0.9162873464987047,0.9167610667209027,0.9197440371338568,0.9226783655630404,0.9307866767913283,0.9174458570290649,0.9150600097580793,0.9202918710870415,0.9422875010222723,0.9251102668448553,0.9271419895210895,0.9241561064719162,0.9292211136537433,0.9342857845467474,0.899057660380344,0.9332697788339521,0.9317514528226879,0.9331748440987392,0.9422296395392202,0.9244979087022167,0.9019979297646052,0.9374449649636359,0.9107662096902206,0.9322497996702489,0.930747695694012,0.9004607883476122,0.9278993450659846,0.929647242567827,0.943834753103338,0.922441678471969,0.9154238694687155,0.9246379822724416,0.9403765716405705,0.9185488085655298,0.9269274680561083,0.9084807629509627,0.9353971064106885,0.9307320851642314,0.9231314671292788,0.9045423759593315,0.9484951177423236,0.9506548756299347,0.8737337959173829,0.9289455488420997,0.9252182242442024,0.9188084287685842,0.9119714318415646,0.9144132399166521,0.9166119329260444,0.924795224544653,0.9331678935336328,0.927767153304476,0.9394857717550414,0.9234902981130072,0.9284876245630092,0.9100195924169379,0.9363469132435229,0.931236462969698,0.928974347008379,0.9210354399949877,0.9221776909970023,0.9239165310881967,0.9217148533832128,0.9247141078850794,0.8986489732167434,0.9380213983809053,0.9234550340736544,0.012530917130115784,198
7.613169598579407,1.059721966566475,0.019675493240356445,0.005809403697032417,0.13067257002449995,6,0.5488674955512713,2,4168,0.6741671111544656,"{'learning_rate': 0.13067257002449995, 'max_depth': 6, 'max_features': 0.5488674955512713, 'min_samples_split': 2, 'n_estimators': 4168, 'subsample': 0.6741671111544656}",0.9467930748905199,0.9447950980273292,0.9411127040534447,0.9444668348457583,0.9486640700339266,0.9484533642597421,0.9457556877208506,0.9523737389060438,0.9445735096474814,0.9428295453775531,0.9225217886303103,0.9373288900014588,0.9411299500054864,0.9511534657106763,0.9503728753339414,0.9572015957967142,0.9524056970497197,0.9452187045286253,0.9416429705886941,0.9304271787491815,0.9497800317028997,0.9470233878213941,0.962696703833559,0.9435419901848409,0.9061581500599744,0.9468164270625204,0.9452227415330121,0.9362937247979752,0.951269462957417,0.9435886780429102,0.9569793072671753,0.9431115060724663,0.9347738586056682,0.9459304293689197,0.9467285473530039,0.9490223518663782,0.9519671228805447,0.9449967711857535,0.952492394159869,0.939534167061256,0.9414066674503458,0.9458516200765352,0.9563347520511687,0.9396003489650246,0.943985709949268,0.9459078846391756,0.9391934977466196,0.9493880842404842,0.9497828965789568,0.9409201128157343,0.9452688645911953,0.9380581095998637,0.9556005872378204,0.9409952014859575,0.937402455717877,0.9506570539063866,0.9431654811984217,0.9414761143283096,0.9574406065423369,0.9399948488792434,0.9444313161839619,0.9500143172690728,0.9553664557079983,0.943961062432494,0.9396117654135401,0.9487550212648937,0.9513803618070578,0.9543800394025383,0.9406602875982513,0.934475469539779,0.9578344788282691,0.9546444786368181,0.9418689526358781,0.9313511303050316,0.9531141694656915,0.9577075898233252,0.9364168634468455,0.9462385380493611,0.9457101799438403,0.9427369072806248,0.9477900011685536,0.9471442332098242,0.9468133365426487,0.9471149113717259,0.9523502576856651,0.9514306517801561,0.946901217851353,0.9398002519670605,0.9559157656506088,0.9390106922215288,0.9593294162841092,0.9506828333708954,0.9520623954923245,0.9363467054885902,0.9400329568155583,0.9434402702981969,0.9481053722624818,0.9472130505317485,0.9408134211691426,0.9466683954540096,0.9455920491762716,0.007855067378441409,105
4.78241575717926,0.6732385766855661,0.01366204023361206,0.004032300584259382,0.1272092075710441,11,0.4752642182644895,2,4168,0.8186143880429952,"{'learning_rate': 0.1272092075710441, 'max_depth': 11, 'max_features': 0.4752642182644895, 'min_samples_split': 2, 'n_estimators': 4168, 'subsample': 0.8186143880429952}",0.9286930659412332,0.9409347104106353,0.9396603489435605,0.9359299059496112,0.9373833470746717,0.9442903765043379,0.9290293639453338,0.9426893275370412,0.9530787206241823,0.9341422205469702,0.9350932033504713,0.9284454657518734,0.940526659243215,0.9419481588297648,0.9442551735035636,0.9523965040952481,0.9474690303478167,0.937168756080409,0.9438459963107474,0.9300573498353915,0.9466719524723649,0.9328972696176961,0.9571156237613136,0.9333485277321005,0.9244285854763888,0.9341279818464672,0.9472234073239537,0.9323246392462604,0.94528622887827,0.9399103786347575,0.9485964097076662,0.94205445520843,0.9294632150541031,0.9416413605725892,0.946584063351863,0.9358181252681377,0.9466864991974444,0.9386162689358116,0.945893497731418,0.9324635885973462,0.93391741876319,0.9331411550053563,0.9522460602374426,0.9390220551083269,0.9360387862257746,0.9362323944520882,0.9357459276463143,0.9296673831272197,0.9410466726146923,0.9339284395618789,0.9395023091326973,0.9374872315792103,0.9483202883234552,0.9317768250590714,0.930060821337947,0.9387763504743006,0.9405396346930979,0.9444687400587182,0.9478031024586874,0.9296705561283501,0.9401915281392076,0.9470913374009194,0.947938788985852,0.9397734534937224,0.9248478244042355,0.9432039345548743,0.9415494741248406,0.932050675464797,0.9422222342944889,0.9290456638745167,0.9489376129411224,0.9502679560754927,0.9320487403555646,0.9188399624230146,0.9531009002617925,0.9592118527235797,0.9212329579147276,0.9373029091420148,0.940378839545871,0.9432209795578704,0.9452542898116797,0.9365215378576183,0.9357085460520795,0.9327466192189743,0.9482042423664488,0.9476069984841591,0.9369689283619473,0.9346563694676656,0.9403977537379635,0.9406572186524924,0.9470547170018098,0.9432036611806168,0.945989036420519,0.9358349496157403,0.9222147483878721,0.9374578563888469,0.9398234245363859,0.9460357485250012,0.9302572979922096,0.9462037671886787,0.9393283725235549,0.007809285005606393,167
20.14024528026581,2.038467356784542,0.05609416961669922,0.012390814888233966,0.0071527806525984805,8,0.5813957022812284,2,4168,0.774086064977166,"{'learning_rate': 0.0071527806525984805, 'max_depth': 8, 'max_features': 0.5813957022812284, 'min_samples_split': 2, 'n_estimators': 4168, 'subsample': 0.774086064977166}",0.9454822752677764,0.95008669807504,0.948296192976493,0.9499331582261471,0.947210684228539,0.9524111292620627,0.9481228742911789,0.9515877769859787,0.9484852661630702,0.9452423870865166,0.936498471302204,0.9342237420492263,0.9474756327255736,0.9518531199251563,0.9547432041331537,0.9546280088702966,0.9564677926946398,0.9507337760749919,0.9478318357793734,0.9363682186752709,0.9553529738796466,0.9334468034052217,0.9611202651562617,0.9453515421146703,0.9306843057653492,0.9498858580804329,0.9550112072411593,0.9376492327412183,0.9535189954576369,0.9519733871699749,0.9579101363381973,0.947591329198014,0.9417532538711535,0.9501605267124201,0.9465412257874087,0.9502777270332038,0.9521735833408244,0.9483514077504517,0.9532523958384893,0.9444320058951533,0.9427756070321845,0.9445432383782201,0.9567545967931015,0.9472084837759983,0.9455621007920347,0.9466067848843,0.9476364889356824,0.9499304969882612,0.9502964035278274,0.9482661097225228,0.9507462833495344,0.9487006529821679,0.9575090605970198,0.9392305830051065,0.9422531684059605,0.9513410668799855,0.9428555214241615,0.9534924061196854,0.9566608819451369,0.9381236187228594,0.9486359260873333,0.9499550712991223,0.9588940469502945,0.944797976706774,0.9385777022538043,0.9520743348621759,0.9541620466410076,0.945533489222073,0.9490611625694042,0.9398510819097872,0.959465484843125,0.9515819365006416,0.943340772280858,0.9337880628445963,0.9603311097016004,0.9583883583674069,0.9414067120917052,0.9446824840198419,0.9471915551014229,0.948623191068725,0.948192522492759,0.9476213982231363,0.9466850551986928,0.9469842671996763,0.9559839094256508,0.9516137266967213,0.9512423404181726,0.9482078749471189,0.9517974174747896,0.9424855291576438,0.954635274404306,0.9525345488297674,0.9563103268221421,0.9512056137443833,0.9392632872071305,0.9463586051783348,0.9478847608977383,0.9525912156776182,0.9460391651391613,0.9503154672002577,0.948429087734882,0.006197185681610925,52
21.647743821144104,2.1328296785711505,0.046471147537231444,0.017390043467024597,0.008844347597902088,7,0.5947905713280809,2,4168,0.9451569559740671,"{'learning_rate': 0.008844347597902088, 'max_depth': 7, 'max_features': 0.5947905713280809, 'min_samples_split': 2, 'n_estimators': 4168, 'subsample': 0.9451569559740671}",0.9446871280939894,0.9488591139610846,0.9453300036166745,0.9488363432041749,0.9458500041084873,0.947312141970841,0.9481314798346682,0.950472185978904,0.9502126760808334,0.9451541756356621,0.9342780109354393,0.9385682234099961,0.9463856268284292,0.9516552883282463,0.9526428729752767,0.9543998139114759,0.9540024670777634,0.94790346357805,0.9474496445781808,0.9326499667137198,0.9512672593438718,0.9328595204750042,0.9597080126575236,0.9446030087885756,0.9293263586298464,0.9485636483032646,0.9533285243057582,0.9340848726317337,0.95348740582805,0.9534562807101412,0.9575033638424257,0.9489355635793632,0.9417153749258577,0.9507285578413932,0.9436921681686482,0.9497309867900189,0.9526704442814058,0.9515855191759344,0.9522726449344852,0.945259637542701,0.941440066290997,0.9408378282752178,0.9547061621657839,0.9459587967125703,0.9447465884318209,0.9466690712806541,0.9443331363255831,0.9489502584409423,0.9482341439985985,0.9476680683046592,0.9505854586365907,0.9480749790843438,0.9571035613927648,0.9355601016897525,0.9399672071602825,0.9508395775072257,0.9416519212712102,0.9515413946978254,0.9549137761134967,0.9365751433771762,0.9483551931577684,0.9490145076246146,0.9577759784817991,0.9418631934293747,0.9386814344281109,0.9490365035784704,0.9558217002020843,0.9462651280802737,0.9495111045726713,0.9372327551626506,0.9580614910560532,0.9520097379805238,0.9412658452922931,0.9316036965701433,0.9599032745909213,0.9580401245479573,0.9376519811398865,0.9440735014431357,0.9487861054251814,0.9454477195987394,0.9428155060142608,0.9482930379102921,0.9486807836964937,0.9444150339603449,0.9555987138584822,0.9511835551864668,0.9435866768288345,0.9467675054185649,0.9506206685993595,0.9425496908128981,0.9532221246150633,0.9528846758299974,0.9570321271189401,0.9499162327052573,0.9371065701751055,0.9457324916411199,0.9471496780748718,0.951832167558565,0.9437451244313205,0.9493705493988551,0.9473282091493311,0.0065222266200328964,74
30.308168919086455,2.878890452591062,0.08149853229522705,0.014778469731002096,0.013117518949995733,13,0.7641746250030121,2,4168,0.7304714556406326,"{'learning_rate': 0.013117518949995733, 'max_depth': 13, 'max_features': 0.7641746250030121, 'min_samples_split': 2, 'n_estimators': 4168, 'subsample': 0.7304714556406326}",0.9385870833652955,0.94808176152928,0.9430587608946187,0.9472133241398154,0.944123119930251,0.9452343926769408,0.9439303896653534,0.9494576387416352,0.9435281377724117,0.9407678638917977,0.9333861267107767,0.9307367507299685,0.946158589210885,0.9480797080259974,0.9523778598877761,0.9516023965825376,0.9523560816922534,0.9446821537313277,0.9450219979909785,0.9323105035557394,0.953379518180228,0.9365143725472475,0.9579996822488105,0.940372054473341,0.9261368693901149,0.9431082905401134,0.9500972267114189,0.9350146714103822,0.9510336478624196,0.949385590840905,0.9535161726178258,0.9415143163274874,0.938924520270741,0.947183953016667,0.9439218430889433,0.9469435719204725,0.950616297411863,0.9429181545707731,0.9516259922259318,0.939177505895479,0.9358654506002837,0.9441987698855125,0.9549552541291124,0.9395427520543796,0.9443052107421297,0.9463589999963248,0.9437553657010457,0.9452260224803447,0.9450526402229125,0.9453939480755367,0.9467865386299942,0.9411333192085305,0.9543853834460695,0.9368602845794269,0.9361967730590223,0.9478675762442107,0.9382076288510101,0.9498907848167557,0.9545101243726767,0.9350661826503923,0.9456958582704332,0.9472127066408691,0.9578175679237766,0.941802657484226,0.9324278671149904,0.9451961059495211,0.9552742642177988,0.9369523333080532,0.9429813641545896,0.9375292544053048,0.956112936000726,0.9447562091030965,0.9400850304060692,0.9297953191249237,0.9572682527388819,0.9569635240762024,0.9347497881823892,0.9401778035792195,0.9425701427866737,0.9451600284691585,0.9479038939318161,0.9470687270701524,0.9429858659967778,0.9375422124918489,0.9521875645125,0.9503627803886275,0.9502581800192821,0.9424680447527427,0.9485225178344587,0.942031610356331,0.9497976000662802,0.9496490387215866,0.9564274040014206,0.9463000635622704,0.9332706243546004,0.9440234820723512,0.94231853764842,0.9491490647266887,0.939437092902915,0.9473553184061653,0.9447522653977662,0.006759926920897391,118
4.19968103647232,0.4774491787514834,0.009286460876464843,0.004188164720908445,0.2565478901666342,12,0.907570519460756,2,4168,0.9451853140288553,"{'learning_rate': 0.2565478901666342, 'max_depth': 12, 'max_features': 0.907570519460756, 'min_samples_split': 2, 'n_estimators': 4168, 'subsample': 0.9451853140288553}",0.9239505916290733,0.9324626308507498,0.9255054736837057,0.9281911630889068,0.9157231529154245,0.9145079756781261,0.9244863317922418,0.9454175146323175,0.9267921950027287,0.9264152057040005,0.9102994204693271,0.9163838870695653,0.9238299080871331,0.9356242022989973,0.9374251191905926,0.9361581388113294,0.9354514928108848,0.9295236294912405,0.9270962649123952,0.9196859476064714,0.9429519194281303,0.916848711789022,0.9497942163127873,0.9231182273507513,0.9065443061879104,0.9247474880550528,0.9440087555950518,0.9039027829297621,0.9301162301526222,0.9367883626210572,0.9403223286692151,0.9219753836866358,0.9228889123023384,0.9410860182498673,0.9167448965186656,0.9340370351455964,0.9230583642845531,0.9272395314618916,0.9341288444967147,0.9110994763028246,0.9213678228134635,0.9118988934332153,0.9379818411437514,0.9078735082034125,0.9267348776453657,0.9341873493974842,0.9364646111093216,0.9353019075004508,0.9293135979456799,0.9194628331539837,0.9208609630197755,0.9189940741021231,0.9379228666164159,0.9227314746981132,0.9089181239804134,0.9358398693564953,0.916168515860406,0.9319023383780042,0.9389186654386616,0.900689882583359,0.9334942701451974,0.9244557068279814,0.941295596262941,0.919097050899751,0.9158976777776383,0.9289588803179895,0.9453027564458881,0.9208371517681719,0.9302456524622473,0.9104361238128653,0.9434688071993801,0.9257221234490495,0.9258949475602204,0.9170119720449509,0.9413321606303964,0.9336417545885141,0.9126094788546446,0.9157870418330443,0.9279803042833453,0.9280465475558844,0.9251707087502954,0.9285286780937118,0.9206027101625052,0.919183768430308,0.9357228217862418,0.9376492369778026,0.9483189533307366,0.927642316733406,0.9266811348003864,0.9153663534913781,0.9408117648663158,0.9355020976277459,0.9311638954005035,0.9160582952959808,0.9031750066018167,0.9270387861894631,0.9212766769610244,0.9323644618875832,0.9209347217322562,0.917362636716105,0.9265193708420124,0.010643512441920024,195
3.462907147407532,0.40645564708588866,0.010929551124572754,0.0031374454395056138,0.21698930459598872,12,0.40533579004823067,2,4168,0.6447583685220069,"{'learning_rate': 0.21698930459598872, 'max_depth': 12, 'max_features': 0.40533579004823067, 'min_samples_split': 2, 'n_estimators': 4168, 'subsample': 0.6447583685220069}",0.9345926274042932,0.93659958339983,0.9288906223021028,0.9284792528117475,0.9243115799473811,0.9284015304859277,0.9299099825854985,0.9467140866427278,0.9341893789367568,0.9098913710906571,0.9217122032765378,0.9103552272950308,0.9329296841295891,0.9342400381786073,0.939304072445792,0.9438156049589668,0.9295228191640141,0.9350673264154008,0.9344873291881172,0.9164300998835471,0.9440044533393599,0.9265375487698815,0.9473811936659382,0.9278327374800117,0.9112057295272158,0.9293493342474262,0.9398484057284561,0.9099664898694108,0.9335998637076972,0.9305909403085213,0.9416823267233091,0.9302471270673451,0.9279044091739881,0.9297310139733954,0.9199354183958472,0.9394324119086026,0.9416815424699672,0.9290793364112173,0.9226003478202179,0.9185075217133912,0.9265261540983085,0.9339494641358951,0.9450508384870496,0.9254394256644974,0.9217315826696957,0.929323975989211,0.9188885740960124,0.9410877437093642,0.9281752363500619,0.938426117129762,0.9313501816773792,0.9205786893507385,0.938619326910495,0.9277384491355394,0.9099878683443777,0.9375945026934761,0.9243847871857542,0.9372601762138143,0.9390310704568917,0.9230885946987932,0.9344948618199379,0.9395828383984258,0.9486827747246374,0.9276779189471984,0.9124733351371133,0.9428231046107445,0.9373281261149509,0.9278706219196092,0.9246826964613754,0.9115244383606061,0.9503234800039418,0.9301987770279325,0.9231469183466083,0.909594670239466,0.940089348289611,0.9525101803741122,0.9142712754355007,0.9189138921242943,0.9365646908539972,0.9186018335639785,0.9330680622869532,0.9243389951319285,0.9303394451862759,0.9220192480067321,0.9395946859208917,0.941152353057134,0.9255231126198669,0.9360029663281586,0.9317133625880323,0.9305814597440742,0.9421356713486558,0.9383094993880067,0.9359688993281392,0.9429730113402156,0.9220165339843978,0.9168216271091566,0.9402810720456405,0.9391661085130993,0.9292587012434521,0.9336089178621811,0.9305542484762789,0.009970208980492841,192
19.53339124441147,3.4859014132834005,0.04170914173126221,0.016669607978638763,0.006522891161423848,6,0.8875034670231838,2,4168,0.6414025655083238,"{'learning_rate': 0.006522891161423848, 'max_depth': 6, 'max_features': 0.8875034670231838, 'min_samples_split': 2, 'n_estimators': 4168, 'subsample': 0.6414025655083238}",0.947951082863402,0.9530426110096226,0.9528158278984525,0.9543431422527485,0.9503626618354922,0.950050871655082,0.9526619441474862,0.9548195683379,0.9543505480482527,0.949276884974661,0.9386675018513927,0.9388944364049311,0.9532209447880511,0.9547760948094645,0.9572255708999141,0.9583565044857177,0.9578110153442385,0.9527067192010668,0.9542293441376098,0.9393817799755391,0.9576670705948288,0.9430167030136344,0.9650408672560723,0.9471289552324624,0.9385533253869649,0.9533293578633044,0.9598056635347575,0.9424803278315619,0.9563157810305197,0.9569455442498603,0.9605145561396429,0.9546829985738687,0.9451768105137307,0.9523084546544511,0.949327837994549,0.9528473672435743,0.9551703349488418,0.9539722443043881,0.9573928015293935,0.9476517042060335,0.9487142349661808,0.9481554391631932,0.9561996522565847,0.9493414460561854,0.9497835700086878,0.9486966282869257,0.9515146778838366,0.9514049331008667,0.9533998692458315,0.9544184102862941,0.9538804992740129,0.9511476983419918,0.9615055575426276,0.9427405088264674,0.947330950787654,0.9551305094449785,0.948135219184998,0.9556915284439514,0.9573612092517032,0.9431066074985012,0.9517729498314451,0.9521277136955631,0.9596051186298671,0.9488070846696497,0.9401678536688866,0.9556167570087499,0.9601442005350714,0.9503021648127259,0.9477286106548124,0.9440227912023536,0.9642785748608267,0.9538614845963096,0.9482753443085056,0.9369743260635575,0.9617714301934174,0.9611713373366941,0.9431860169382237,0.9492514090999082,0.9498166692377118,0.9518138064528091,0.9509007662129515,0.950091392282713,0.9485418802134905,0.9487175302377109,0.9606226102355121,0.9550518769853537,0.9467050118315415,0.9497807177812495,0.9563137683669242,0.9462851807982697,0.958489891958995,0.9544332300155136,0.9603457663869657,0.9541294376109956,0.9448783339047344,0.9497651460253362,0.9528928452510104,0.9571233594885495,0.9473087595330179,0.9520479678592945,0.9517705402765216,0.005858439447858262,10
30.96330221891403,34.54408183367978,0.06703465700149536,0.10169010089037851,0.07119600820859484,5,0.8676183982308356,2,4168,0.5920062724810127,"{'learning_rate': 0.07119600820859484, 'max_depth': 5, 'max_features': 0.8676183982308356, 'min_samples_split': 2, 'n_estimators': 4168, 'subsample': 0.5920062724810127}",0.9513042089470857,0.945942166766671,0.951267072604002,0.9522818723520451,0.9449290750762949,0.9445512458635502,0.9538475228314711,0.9515621001868899,0.9541695486290831,0.9490443154236657,0.9324714378593486,0.94196618650046,0.9526984285793356,0.9507452196472488,0.9521337098699924,0.9542092960511411,0.9574720837960254,0.9481351976721077,0.9547555426722427,0.926370871496877,0.9539021792125486,0.9442453371594425,0.9629686956448771,0.9417227359887779,0.9374366393208964,0.9556132971914114,0.9550601188586193,0.9359046922807147,0.9511473436456287,0.9536520392606281,0.9600702042344111,0.9532119769723097,0.9421155550779864,0.9486433669183729,0.9370708056716999,0.9510915884506366,0.9554817859199365,0.9543092555542846,0.9518547284175756,0.9455459941760219,0.9418197350740886,0.9485921769595284,0.9598180565747401,0.944691292417082,0.9490946605224685,0.951970564301302,0.9497193172201713,0.948920786721511,0.9490854742990752,0.9517581258629193,0.9516325737240255,0.946491857752547,0.9581247197120115,0.9359463572779758,0.9394817292894602,0.9532139600935163,0.9435621516750488,0.9564305679434979,0.9594796894888655,0.9418125765772893,0.9488520811773128,0.9510399914683056,0.9586425850477748,0.941456492656739,0.9409939952635302,0.9530619970637482,0.9564323970693471,0.9522644775695134,0.9474225216402065,0.939640989391396,0.9628541387716849,0.9520984817631591,0.9483484281031308,0.9298724129543137,0.9610740218337216,0.9626730410553319,0.9336224605009874,0.950305173692903,0.9533050002601796,0.952348436473829,0.9462657289949046,0.9490855948052495,0.9423768001932976,0.9502865269220173,0.9588736921477015,0.9495611920326363,0.9477306722592399,0.9433745140875665,0.9524990801514731,0.9460133347266827,0.9604237622667515,0.9499401979967459,0.9580029963006613,0.9522779616422211,0.9441846269411016,0.949195059628878,0.95434424699903,0.9548543144166788,0.9469304530334488,0.9521409999296178,0.9494722269550244,0.007169687008386742,37
31.810949108600617,40.745396739137995,0.10056328773498535,0.13869908025772837,0.05254804063459852,7,0.555232056620986,2,4168,0.6995843237115383,"{'learning_rate': 0.05254804063459852, 'max_depth': 7, 'max_features': 0.555232056620986, 'min_samples_split': 2, 'n_estimators': 4168, 'subsample': 0.6995843237115383}",0.9473784088211415,0.9474348688813427,0.9506637076898975,0.9494910067124391,0.947051216402181,0.9466247890218521,0.9495270637428387,0.9495346841800021,0.9521621487326747,0.947288791171338,0.9339532842100753,0.9352260441973355,0.9441518264595996,0.9497781112773294,0.9556727225390576,0.9519739770282218,0.9544037405728657,0.9464330390894873,0.9501405153403636,0.9393725972670237,0.9551059313068079,0.9412181156497124,0.9617013957478542,0.9463992823119276,0.9325861687983517,0.9441996704956495,0.953860094506062,0.9371923599024262,0.9559307478814505,0.9512426336598708,0.9564195725118996,0.9485008432486508,0.9457413552420358,0.9534273154095465,0.9431518545254783,0.9479350729210961,0.9559817428594682,0.9493977384574798,0.9550720294889365,0.9433971187338812,0.9449427131603861,0.9421445986474062,0.953646902551138,0.9473203357900518,0.9457774099588393,0.9462259993777521,0.943372445250117,0.9487053857951827,0.9495504537936942,0.9495887743059404,0.9545871271728195,0.9474633871492647,0.9583055480332047,0.9413357811116917,0.9411100414504348,0.9514545690869035,0.9413729968474922,0.9522616198716777,0.9593559749546463,0.9352843361650072,0.9483751217092925,0.9518005154028951,0.9582192335944663,0.9460278240464165,0.93879347853842,0.9515081864687993,0.9523856927670211,0.9461572882169925,0.9479678426111193,0.9403010856911135,0.9582151943220034,0.9507266790093452,0.9453744108681277,0.9317773162473916,0.9590152931412987,0.9599785388465615,0.9440919953156133,0.9453505772705328,0.9489444598176565,0.9468740843846793,0.9500816569408278,0.9493036486703282,0.94489084906678,0.9457093922996546,0.9569908458367071,0.952858583461403,0.9469548210580346,0.949827656043057,0.9541465112149633,0.933632686909252,0.9572552737694621,0.953634978915299,0.9552425692774157,0.9500906953969077,0.9388737221870337,0.9441031712913651,0.9508699240762605,0.9519340444436953,0.9455929289794947,0.9472243287694929,0.9483163309434649,0.00632260596372525,59
13.387973129749298,19.51228991359762,0.028282170295715333,0.06627594392925998,0.09665032406866822,11,0.7972056875068445,2,4168,0.7531245817062069,"{'learning_rate': 0.09665032406866822, 'max_depth': 11, 'max_features': 0.7972056875068445, 'min_samples_split': 2, 'n_estimators': 4168, 'subsample': 0.7531245817062069}",0.9421448837928577,0.9477400115163198,0.9451001144651873,0.9446854506459511,0.9386296028223473,0.9441744933096324,0.9378442595054189,0.9413304356778421,0.941238915622567,0.9314747388551868,0.9330197568507477,0.9316665992963568,0.939489248504616,0.9445625595697564,0.9474417207432816,0.9400533869923503,0.9471118515810272,0.9392132206359687,0.9430042063628782,0.929430556669156,0.9518332890043477,0.9247694204291431,0.9537068333920006,0.9344817847051364,0.9208562061783452,0.9421865152400982,0.9448834952274405,0.9315704097112577,0.9452359768260234,0.9451759995305234,0.9464580086235237,0.9389327495847073,0.9339322286296333,0.9435830857526697,0.9368659717069296,0.938320024308899,0.950085949702453,0.9421720732429625,0.9463841175459438,0.9364702419375688,0.9338283493466606,0.9390880777927535,0.9483140521601939,0.9349688496922297,0.9344247311784486,0.9418081697642703,0.9393291107768724,0.9440426171159465,0.9434589112339665,0.9406246466293386,0.945867192652909,0.9351040308643356,0.9522659219872628,0.9228815534340871,0.9373751092728302,0.9424235065856751,0.9371117312567677,0.9410790349115712,0.950385399633792,0.926511374857301,0.9395204880960709,0.9474514669206163,0.9509666104968598,0.9391340076846189,0.9343258730311712,0.9457505964015456,0.9516052697377897,0.9334104000107333,0.9397584058781969,0.9347777536145575,0.953656592057203,0.9416336477210381,0.9402703861024585,0.9178101802889623,0.9539939722891276,0.9529744036914236,0.9321287657636034,0.9359843225617391,0.9443031617312228,0.9388257840766818,0.9419496277033786,0.9423394412344811,0.936329549883374,0.9366875570728797,0.9469332770457611,0.9492396272138919,0.9493676668159586,0.9349261218562386,0.946642401872359,0.9378588308711775,0.9459729709720597,0.9480657881444896,0.9520364138376503,0.9375394059742339,0.9287146388617601,0.9391011463629136,0.937925538010795,0.9485133309525737,0.9388648368861129,0.9440704643944682,0.9407951348996846,0.007278155476276232,160
70.90009526014327,75.22492157101,0.24010441541671754,0.31368581348924207,0.00927551194363054,10,0.5394367958987355,2,4168,0.8499552094674621,"{'learning_rate': 0.00927551194363054, 'max_depth': 10, 'max_features': 0.5394367958987355, 'min_samples_split': 2, 'n_estimators': 4168, 'subsample': 0.8499552094674621}",0.9398013829257345,0.9484669203396429,0.9457579795267671,0.945475690966468,0.944237623484271,0.9484173685945895,0.9434864506417104,0.9489238202288587,0.9445023243972716,0.9440540687226212,0.9356940885964984,0.9312906205272643,0.946524849048058,0.9506397725764766,0.9520105682210802,0.9511797238167408,0.9525004806950763,0.9455562073544129,0.9443834145325438,0.9322862486920831,0.9517658786016371,0.9278045884766314,0.9580750936119482,0.9420681383235113,0.9285672368047075,0.9449611896092639,0.9508725830174861,0.934697843160951,0.9517075013546328,0.9494352914969741,0.9559844777992637,0.9435511092728579,0.9402333342668556,0.9489052519086071,0.9429956822057077,0.945898173168312,0.9496530592026915,0.944747482648681,0.9489952649635137,0.9412519178450561,0.9381784587918643,0.9402487060909595,0.9549602383227048,0.943025030987393,0.9411005051197779,0.9452389908440693,0.9434653870947912,0.9459162393110756,0.947561139117077,0.9443681717481167,0.9508493549174124,0.9443756365105405,0.9550181462282761,0.9361350090685365,0.9373132275689721,0.9470494816183489,0.9392909050760141,0.9514620100746186,0.9532914317543819,0.9380606746432,0.9459009331338025,0.9478285853257067,0.9560403761209508,0.9423306958845916,0.9351643812858719,0.9479194806533184,0.9515843547542439,0.9411638782543109,0.9482398814267415,0.9368343035976536,0.9568235212211189,0.9479839166808872,0.9405931029933463,0.929068402364761,0.9575890089561157,0.9580089074996537,0.9372606465543818,0.9413435299477891,0.9457617940671985,0.9432588447788293,0.9424716875030029,0.9418977498952079,0.9457526403884904,0.9422712394762156,0.9519660072716137,0.9505923200526937,0.9468332434512428,0.945197729851205,0.9491861373505426,0.9406421223261252,0.9515470592712837,0.9512667039990292,0.9531872572648672,0.9480248699176061,0.9337620935036884,0.943272345424793,0.9461712583214286,0.9504769971640915,0.9416850873710334,0.9480351589688591,0.9452920770078989,0.0065146901759568785,114
57.42891194105148,69.27773434038154,0.09517817735671998,0.13106155558816981,0.03549340267615612,6,0.7033526623896479,2,4168,0.903190524455998,"{'learning_rate': 0.03549340267615612, 'max_depth': 6, 'max_features': 0.7033526623896479, 'min_samples_split': 2, 'n_estimators': 4168, 'subsample': 0.903190524455998}",0.9455266567618992,0.9500115245968432,0.9479613788731858,0.950015182453682,0.9446496835230707,0.9480371941607997,0.9522331885351173,0.9511775177264622,0.9501691969011711,0.946654082686828,0.9330284346823615,0.9340631740673173,0.9513635510360463,0.9519493227678754,0.9524559471044423,0.9571892126121937,0.9540826211105978,0.9480177036562336,0.9514200788696476,0.9304583797143732,0.9543104033419287,0.9320375128274128,0.961155133958874,0.945965251036183,0.9299974422973714,0.948930043626381,0.9565035790379901,0.9389922253006232,0.9527921313504317,0.9545165104773912,0.9569227190371752,0.9505537882661685,0.9399400021459416,0.9514878499361507,0.9471082384385278,0.9499618355044992,0.9524090149169384,0.9483391084862547,0.9540124795819508,0.9473634220675532,0.9446127754010409,0.9449688932307545,0.9578105034827709,0.9453170867370876,0.9469910322966906,0.9482457756679517,0.9436675255409198,0.9483108685895477,0.9492947245351152,0.9509445173937514,0.9520995032402502,0.9487414137766789,0.9574601228422684,0.9326987173473441,0.9407376952334018,0.951913294713965,0.9451701150430719,0.9528658977614962,0.9531925812870179,0.9385939723479431,0.947984702073528,0.9503754629983675,0.9591928284370556,0.9420232593321153,0.9376189316302115,0.953577015629262,0.955711181412075,0.9474256846592489,0.9504094638753009,0.9374454495363996,0.9603542173386465,0.953735959298584,0.9429219187581774,0.9335321129591723,0.9596185867277875,0.9585479704431684,0.936742091284449,0.9455995368717036,0.9444898912067929,0.9459020095171758,0.9470213802429097,0.9483686894104799,0.9457785940762816,0.9426554762485829,0.9558966765760644,0.9512482403163853,0.9462042725769494,0.9478592911611954,0.9506652609902816,0.9417711510082559,0.9543601778583896,0.9514896030151638,0.9592525621737742,0.9497600310816413,0.9400649001250605,0.9454987998168558,0.9481700954849926,0.9549015150182184,0.9445814463796578,0.9519336157001538,0.9481808979319548,0.006851709785275795,62
12.514480810165406,16.56157979461869,0.025609633922576903,0.07469752992163346,0.26046422714545997,9,0.7414531099905806,2,4168,0.9447697790075458,"{'learning_rate': 0.26046422714545997, 'max_depth': 9, 'max_features': 0.7414531099905806, 'min_samples_split': 2, 'n_estimators': 4168, 'subsample': 0.9447697790075458}",0.9334778961915506,0.9313052121788054,0.9405860794812612,0.9213443196365741,0.9320818978689516,0.9384895192799444,0.9302019701450966,0.9380290657577648,0.9247310420227444,0.9329834000143987,0.9228460221236578,0.9257462534245778,0.9250260771675274,0.9317387697526243,0.9377901031134184,0.9430954664557726,0.9373901441053483,0.9339410209617038,0.9269993446053927,0.9207903483480642,0.935741650120663,0.9380764241444652,0.9469258101045974,0.9303171577579108,0.9155340848822497,0.9380659920807886,0.9406670373214769,0.9235494203543596,0.9360165409818337,0.9413894999720219,0.9454718668642937,0.9398386185062403,0.9288468950297474,0.938956073099248,0.9268078333736924,0.929478876407678,0.9268668281103213,0.9340907555301737,0.9391341737051191,0.9217590198045112,0.9284692529393052,0.9285995106017119,0.936193562155077,0.9278877190310219,0.9350223927267585,0.9324218447739248,0.9274044530986183,0.9336610603841851,0.9354885860549896,0.9271833931170742,0.9385966417696345,0.9265454415402795,0.9406009529062146,0.9351379267095947,0.9209134917477539,0.9310458551311511,0.9226322380315555,0.9362656457538213,0.9436603246958073,0.9132182190811178,0.9392548181185161,0.9347484189387841,0.9501084656579011,0.9213119540427925,0.9198028766448753,0.9333420606998358,0.9479616115438749,0.9297911264617303,0.9373894067665857,0.9248941684609695,0.9407572155695559,0.9333590725517081,0.9212155806530775,0.9151656935661738,0.9512346701857403,0.940849466331937,0.9222926975714335,0.9283888715027844,0.9226154398595392,0.9380232977982845,0.9153785281420169,0.93522823057047,0.938362803540646,0.9355902465355836,0.9427324597761314,0.936901825435896,0.9419185660795312,0.9325071391537795,0.9276140053004565,0.9246955445315374,0.9409680870062154,0.9397957543740048,0.945391744250419,0.9372597099256635,0.92550064979949,0.9317798919815554,0.9297322496092889,0.9336327014272637,0.9222930605144215,0.9278716918115147,0.9324473882572815,0.008053878174251664,187
12.046390821933747,16.80630805992261,0.028761208057403564,0.07993452620780045,0.3448534842958974,7,0.7469708979813408,2,4168,0.7976520951608117,"{'learning_rate': 0.3448534842958974, 'max_depth': 7, 'max_features': 0.7469708979813408, 'min_samples_split': 2, 'n_estimators': 4168, 'subsample': 0.7976520951608117}",0.9350730994272713,0.9339133460798041,0.940790967070824,0.9240026138500104,0.9270017394634231,0.9358204396851892,0.9202791162470095,0.9393998370688652,0.9424131001384064,0.928160355426151,0.9163403062442339,0.9209561912925569,0.9378211242064168,0.9409398916369089,0.9377027077402688,0.9433307871443228,0.9418526476674022,0.9244356297939054,0.9421213575621942,0.9183458182607888,0.9395441971280251,0.9217549899562931,0.9397008970529368,0.9325781602500105,0.9114075043181435,0.9329223838070274,0.9397753661240301,0.9143039068211681,0.9393288382557446,0.9319969676095493,0.9440474615610155,0.9244373490165776,0.91958318089451,0.9432910959554546,0.9281647007930425,0.931547683664738,0.9419471519861974,0.9277627599549558,0.9215703170145109,0.9189098227772431,0.918228655666392,0.9390655907525293,0.9256185700499205,0.9341031281142863,0.9259731318513061,0.9233137410493296,0.9289286563195219,0.9344445861338107,0.9270265072569658,0.9387126777169241,0.9392899080097026,0.9305342670012693,0.9455020653357019,0.9254433331901837,0.9250974769726316,0.9453351865501899,0.9276915259511229,0.9404497939389359,0.9490970979907808,0.9209777977315206,0.93482041264214,0.9366000143646295,0.9398223486205881,0.9230776835907717,0.925822612818069,0.934341312826412,0.9409891659526796,0.9411762051163879,0.9269197151494424,0.9189242669988513,0.9451073125703539,0.9337496610010716,0.9248114581526815,0.9195240410860847,0.9493867432423483,0.9482927504838857,0.9150402862759026,0.9246178732117252,0.9334391635477332,0.9352493778238317,0.9179906681704215,0.9425618495229309,0.9217925113633602,0.9316979703353736,0.9432983904389859,0.9423813681965776,0.92439056233613,0.926841504520957,0.9445366107109193,0.9261692521466656,0.9394626414353389,0.936859469800401,0.9428867410289073,0.9359169335249405,0.9173938018185401,0.9342245836453028,0.9367797881718902,0.9392518263385371,0.9217290795153993,0.9363529443132415,0.9321434041134057,0.009213053885395155,190
15.72037897825241,22.46767406002306,0.0584503173828125,0.10379974928537539,0.06490559761248617,11,0.5775595837564829,2,4168,0.5992224926594548,"{'learning_rate': 0.06490559761248617, 'max_depth': 11, 'max_features': 0.5775595837564829, 'min_samples_split': 2, 'n_estimators': 4168, 'subsample': 0.5992224926594548}",0.9428916111162402,0.9431203527840921,0.9450790446054984,0.9494876270315611,0.945074162015567,0.9520650060482997,0.9471318768069209,0.9443986640724504,0.9439570687415735,0.9423464228579241,0.9295731725323084,0.9326220522435177,0.9527194823284764,0.9471072576039912,0.9520104011413288,0.9517981638938926,0.9551046596796109,0.9388294134026917,0.9437744967409257,0.9361732136380823,0.9475110863592883,0.9382084865015449,0.9597813525978645,0.9422183292371954,0.9092742910176285,0.9442828944187909,0.9507762034729608,0.9336834014961032,0.9509478120226159,0.9477504673307637,0.9550020191144072,0.9483703845229734,0.9362709195775677,0.9520272541268776,0.9386315233308494,0.9469991952875474,0.9530219961759365,0.9460781988968416,0.9569162696409547,0.9388305885318139,0.9377674402312878,0.9427258829615764,0.9525734450868061,0.9438587165975114,0.9396334053425934,0.9451258969184286,0.9412608826764693,0.9484032089866856,0.9466226320826728,0.9467183098089877,0.9508092776220475,0.9406232411587014,0.9570593078376267,0.9410707374590016,0.9430761739369431,0.946688109709961,0.9421420879996882,0.9492669471919422,0.95582716504986,0.9334923495747321,0.9475194525557122,0.9490655159140848,0.9574981713158166,0.9403455583942915,0.9278103393776075,0.9476222497215623,0.9507248910268303,0.9389301808726083,0.944587939715229,0.9350359908456446,0.9593137281700711,0.950603580274213,0.938810702975546,0.9337265714032255,0.9549883582930108,0.9595895728919214,0.9344813190017502,0.9419633921575779,0.9463707179153397,0.9488639057367497,0.9492412393657577,0.9453065989113736,0.940804938823537,0.9406681132076417,0.9529637053724074,0.9500829399364837,0.9468373553325043,0.9449312692054362,0.9489501508704867,0.9382679049009313,0.9572508628075908,0.9512870280899888,0.9558336202468419,0.9473217126086713,0.937470536467899,0.9420281942923551,0.9423839930836271,0.9534876298586064,0.9331383495249489,0.9493337532931223,0.94532034075938,0.007847194805132887,113
48.265792133808134,53.35655409894589,0.07017819881439209,0.1154633503689421,0.0456889069406599,10,0.8552191987714499,2,4168,0.9446991994527814,"{'learning_rate': 0.0456889069406599, 'max_depth': 10, 'max_features': 0.8552191987714499, 'min_samples_split': 2, 'n_estimators': 4168, 'subsample': 0.9446991994527814}",0.9327811972941648,0.9425794166835714,0.9359552398801234,0.9399610397504921,0.9331029028037733,0.9358045525283505,0.9406796920462468,0.9434610155016384,0.9400653625890877,0.9354017799002095,0.9243849353967468,0.9244922897364649,0.9412664497775383,0.9436122159963263,0.9457099814393384,0.9468292806713853,0.9453385014715573,0.9397973384105955,0.9360556292996765,0.9279610082921282,0.9471747615399317,0.927391262952876,0.9523993821118427,0.9370717772002483,0.9111399265599993,0.9323841173269949,0.9416760224050565,0.9244586878631865,0.9452833555295898,0.9456233282019344,0.9515356438363192,0.9327102257323621,0.9294406510696992,0.9473638434563265,0.9291924612756424,0.938193130889857,0.9400916727070997,0.9409513272097498,0.943023551000369,0.9308223832816065,0.9263276795616249,0.9261112047856819,0.9493020556067584,0.932705671010593,0.9370780862594823,0.9374565549338819,0.9368255401424281,0.9384357311521693,0.9391676468828135,0.933871228675436,0.936772867891553,0.9330443315997032,0.951233399440086,0.9300459430861593,0.923867202907451,0.9400506131785731,0.9273763997742235,0.9399097529885965,0.9452636790541796,0.9161128367108471,0.9414505990228274,0.9372209652479464,0.9518865282545458,0.9317929511384231,0.9298728409668066,0.9371687595954441,0.9507004940805232,0.9326393615703976,0.9382550187614307,0.9263847738861863,0.951296062930493,0.9357871893123078,0.9284603638159472,0.9280666051986846,0.9528765972254089,0.9449496418373503,0.918042461075154,0.9279535152245029,0.9341073893394639,0.9408619144330125,0.930161351211446,0.9368933346458871,0.9306595239192172,0.9252522649102407,0.94623011513515,0.9451712571423093,0.9521357631406873,0.9324732742910896,0.9353563667305601,0.9306692276459541,0.942001810369538,0.9434403155604189,0.9457016641325207,0.9361754793890126,0.9271567010805706,0.9403782564885416,0.9347816575974739,0.9409926119846964,0.9270871925006738,0.9336449655876795,0.9368026293364287,0.008457439699688696,172
13.877244262695312,21.12760738131055,0.06532142877578735,0.09777582539211195,0.03396898874829706,13,0.42126576896820866,2,4168,0.65184405901553,"{'learning_rate': 0.03396898874829706, 'max_depth': 13, 'max_features': 0.42126576896820866, 'min_samples_split': 2, 'n_estimators': 4168, 'subsample': 0.65184405901553}",0.945248623434277,0.9480472614916939,0.9486028971563474,0.9472103298552874,0.9452357450991392,0.9509587100675059,0.9450678624051737,0.9469292353827208,0.9480704896107199,0.9426842757697931,0.9349102750372114,0.9335362983652453,0.9470996158585188,0.9500786306792071,0.9520463992429549,0.9514174733626238,0.956473569528576,0.9446229590400739,0.947995345371341,0.935034575414417,0.9522591857467168,0.9232995641186246,0.9583694263110353,0.9390454951856779,0.9285844263496986,0.9442335691473095,0.9497961329840299,0.936066205077853,0.9512314976772025,0.947272399834787,0.9567082854356643,0.9459596660600265,0.9401235067475027,0.948717981217309,0.9371718425789541,0.9447171899027957,0.9519305971140761,0.9461550067270871,0.9485343846701053,0.9398862194620062,0.938937165494336,0.9444948316350659,0.9551374113608166,0.9421018574050409,0.9395029844477738,0.9442144736068293,0.944919435376323,0.943312865038057,0.9493574385168287,0.945089199155933,0.9503627408140567,0.9425711431571209,0.9521390132385005,0.9358572782879139,0.9332310454884727,0.9458677279697391,0.9432153216164695,0.9520511658276293,0.9541114670392149,0.9396522640306366,0.9460850792758594,0.9488572292081652,0.9556110555464192,0.9438710605126305,0.9349800419025819,0.9520604474803975,0.9509903528971743,0.9438463597496332,0.9460472456695556,0.9383591193062497,0.9567346726503448,0.946292974165823,0.9387666481659688,0.9309157148913224,0.9573233787832457,0.9611360887532986,0.9376902650421363,0.9434093430467608,0.9477464724424908,0.9421108074324481,0.941308253023888,0.9439769754545836,0.9457496608178789,0.942299441304068,0.9521511284463889,0.9486459982397714,0.9401325688830467,0.9458847504496806,0.9465052573867166,0.940218568753692,0.9531642273884572,0.9481047659846588,0.9510706763004027,0.9472477453758343,0.9327753750434803,0.9425655216450988,0.9461566070809678,0.9518013155267461,0.9407007425140431,0.947351409370313,0.9453810532994028,0.006722811386760589,111
64.16355560064316,74.61191198549736,0.14390209197998047,0.21430353563614501,0.0061065658491761335,8,0.9019117290662992,2,4168,0.6577526762343826,"{'learning_rate': 0.0061065658491761335, 'max_depth': 8, 'max_features': 0.9019117290662992, 'min_samples_split': 2, 'n_estimators': 4168, 'subsample': 0.6577526762343826}",0.9451363054373735,0.9507157347998392,0.9512604215346456,0.9524201836555816,0.9490898645747768,0.9500186263227295,0.9483606697711309,0.9537244856284602,0.9508347687127655,0.9476667711211534,0.9390689041491279,0.9371473130555839,0.9482395708430397,0.9526867375133923,0.9557172540694078,0.9546355938724278,0.9565109532195603,0.950398327963806,0.9507750161901687,0.9363058611175878,0.9562048539417956,0.9413912982934908,0.9621621562336204,0.9444629233100507,0.9324854935770266,0.9492737491606353,0.9556938985621405,0.9392438836410435,0.9539492825831076,0.9538914305915124,0.958642096760398,0.9520441393180428,0.9424316887636893,0.9511387511495751,0.9482247169355189,0.951381875225124,0.9534136775963226,0.9499746553470677,0.957266845614207,0.9455094894736451,0.943187110582207,0.9454355114256521,0.955601005767562,0.9469129283590983,0.9479319481727242,0.9471033253510474,0.9487445715860342,0.9489000215440558,0.9507019317165566,0.9497692626093637,0.9514598601606618,0.9481976610358901,0.9608344803626774,0.9416211400639172,0.9433489326888558,0.9537929381001302,0.94316717586937,0.9549232263944278,0.9552830652091394,0.9394561974765951,0.9490831572430483,0.9506978859740994,0.9586537298560217,0.9464319912072581,0.9403921989907631,0.9506645310389749,0.9572575293646278,0.9449485968920707,0.9459772093066611,0.9405421561452586,0.9611804748142995,0.9493810378901586,0.9448120558653502,0.9347528896434525,0.9599906277171113,0.9598842596006447,0.9373994211509158,0.9461025852772738,0.9461407957163879,0.9515269142322009,0.9497242482362825,0.9479128349880848,0.9464259888861426,0.9445458746389553,0.9576360495712988,0.9524491910152377,0.9516203885605367,0.945424112435606,0.9514030831187175,0.9444866935687984,0.9539586056040091,0.9526407523521084,0.9588332861632778,0.9521104172595887,0.9408079484394631,0.9493947476762775,0.9474732229940334,0.9545391188795145,0.9412377130771921,0.9502885007483051,0.9492460539024654,0.006138714094660957,40
8.3916605758667,12.577061842664468,0.018070626258850097,0.058606220543797174,0.3040333734528999,13,0.8509533928476898,2,4168,0.8376554501964695,"{'learning_rate': 0.3040333734528999, 'max_depth': 13, 'max_features': 0.8509533928476898, 'min_samples_split': 2, 'n_estimators': 4168, 'subsample': 0.8376554501964695}",0.9259210438685113,0.9433337396744856,0.9270903996465267,0.9400695803420538,0.9231641822383225,0.9214338692578924,0.9274037769394111,0.9151999805489626,0.928982614417591,0.9286766003335499,0.906984760099223,0.9153198199254973,0.9199199678859068,0.9356098055712975,0.939579559775052,0.9330619146956878,0.9371366083288087,0.9328844742901822,0.9281173580304025,0.9130737468212776,0.9436585007013438,0.9278132424981621,0.9434291573944289,0.9262542151152077,0.8995800199635837,0.9187689321672837,0.9333721764740458,0.9091495148627301,0.9365910341117683,0.9398104355633632,0.9362306023209891,0.9307778985579768,0.9236048813135694,0.9427654682120484,0.9190222368278512,0.9229913247084578,0.9408389382289507,0.925752042839353,0.9392398855747283,0.9245411765035328,0.9215972117427602,0.910911975597081,0.9453126557277941,0.9275751815461865,0.9272040251416298,0.9276577337311267,0.9181964751633632,0.9423910260778011,0.9291396988738697,0.9324969198582511,0.9315039456546309,0.9144638263798303,0.9386877503822555,0.8987128043316945,0.8966958451629351,0.9369142285572333,0.9241113743464884,0.924704129310557,0.939026516412732,0.9054999296780124,0.9324078203597292,0.9371489242346009,0.9433371306527486,0.9278950248864732,0.9165623488276026,0.9337654132731759,0.9393460775800367,0.927821718952616,0.9295621000116406,0.906218146930898,0.9427546991029137,0.9262756199268527,0.9161913021334313,0.915269384309314,0.9415423575108496,0.9447104773272607,0.9173678819764923,0.9188053032858733,0.9253317442768934,0.9312486688819467,0.9345728951631187,0.9323488946214078,0.927323194195024,0.9163219386398864,0.9393429723808416,0.9373823103134108,0.9395447021936847,0.9211790638908732,0.9286837727177817,0.9296620417542726,0.9229105204296025,0.9417265375646086,0.9387727715753691,0.9227814718848246,0.9066389844256861,0.9307186335401098,0.933901164377333,0.9340484539329784,0.915052199450461,0.9270788950157591,0.9277351230281462,0.011107232238332777,193
60.8231954407692,53.284152983072744,0.37845550298690794,0.4588908504332975,0.008429427624238468,13,0.3504096030600049,2,4168,0.8033879229630425,"{'learning_rate': 0.008429427624238468, 'max_depth': 13, 'max_features': 0.3504096030600049, 'min_samples_split': 2, 'n_estimators': 4168, 'subsample': 0.8033879229630425}",0.9402432673692892,0.9454227047763517,0.9462350318788003,0.943244926133726,0.9455074871570981,0.9486661397394962,0.9423517939118556,0.9455469359721635,0.945571953784381,0.9419567055402679,0.9349730039934445,0.9318044140862918,0.9460542557354217,0.9480711983368767,0.9511122728371981,0.9516074327163119,0.9520978726270602,0.944584453440038,0.9457124634349372,0.930211870468576,0.9505057592643676,0.9246127422494577,0.9582184335964176,0.937908060350271,0.925460250986855,0.9453826702286195,0.9516982234661054,0.9324260661607252,0.9510777602111898,0.9479051328706596,0.9546759439023779,0.9423459454807758,0.9375534868415174,0.9489824818751529,0.9417110734667659,0.9429943258698793,0.9514723147444619,0.9444720518986962,0.946505024365807,0.9406603468975735,0.9369180106324758,0.9429684821579255,0.9534332392112688,0.939691957016758,0.9395774776690747,0.9409194687627706,0.9401347341154809,0.9400647053410367,0.9474972694498984,0.9423380971955829,0.9479231830017403,0.9431276740264097,0.9549393757650781,0.9348310828832984,0.9356428993801832,0.9435779287767672,0.940912099695438,0.9503182778185069,0.9517796111013209,0.9380643530502818,0.9433513619178928,0.944940429381162,0.9561764258852734,0.9431222193562767,0.9324334492702792,0.9488486440385719,0.9476690852559772,0.9374532632446211,0.947020984642657,0.9370036830028929,0.9554898850986784,0.948194951202297,0.9397551328782734,0.9262302330291329,0.9574393386524316,0.9582117794685614,0.936760635009309,0.9416526091259854,0.9441539599469325,0.9407138411173782,0.9391242589763461,0.94032476288952,0.9454581936459896,0.943293455203367,0.9503964915672696,0.9495469707707824,0.9441910459596933,0.9424886474378121,0.9468674570611113,0.9394067859665098,0.9510330785156218,0.9507475227755515,0.9514190816487674,0.9477406854760657,0.9322630604277019,0.9409008618832099,0.9455085864894661,0.9497072594921241,0.942344533710878,0.9429656184705931,0.9440455447561154,0.0068692200290261865,130
42.45837615728378,42.5109570859532,0.09908657789230346,0.13762442402740907,0.011021403932878348,5,0.8360070757116593,2,4168,0.5651090922378933,"{'learning_rate': 0.011021403932878348, 'max_depth': 5, 'max_features': 0.8360070757116593, 'min_samples_split': 2, 'n_estimators': 4168, 'subsample': 0.5651090922378933}",0.9527082158872883,0.9529986886728977,0.9556135009851657,0.9570770691787177,0.950874116760809,0.950481986165215,0.9544122316370757,0.9550651439910532,0.95581767683189,0.9490280273458603,0.9344960693198294,0.9405461014916341,0.9540118975057966,0.9567652189292613,0.9592968700677182,0.9603772238364704,0.9604663673943168,0.9522614699618208,0.9564722654692042,0.9345177152701424,0.9595373498517171,0.9465673263047555,0.9651238788039791,0.9465499508453512,0.9421599200649868,0.9541034190627914,0.9602217945939153,0.9429910371326364,0.9587441092700685,0.956954574657137,0.961217788958924,0.9564708676351483,0.9464474901952519,0.9528646572900286,0.9482949067264888,0.9536816513304125,0.9554873441866786,0.9553101471546824,0.9597199484531939,0.9487021002388052,0.9514022971821176,0.9490365926168968,0.9594183903445269,0.9500854630414322,0.9512671248360879,0.946984581888731,0.9532149544799248,0.9521433850025053,0.9528654999522591,0.9567571067835428,0.955672024164434,0.9514135959885097,0.9632001250581959,0.9455875593985305,0.9474155378576394,0.9570437798995114,0.946332525962828,0.9559536601454051,0.959190155487063,0.9449713337707819,0.9521299831514481,0.9518362123908283,0.9594545421687757,0.952182957677175,0.9413170321022968,0.9564373034064515,0.9606174173830586,0.9552280364512991,0.950040579185904,0.9446477210252726,0.9657113494046893,0.9591345771642803,0.9465498298468273,0.9347843579329179,0.9607614773704618,0.9646834730047988,0.9453855315208433,0.9498745305558888,0.9518242634774999,0.9489787154141407,0.9531023251916706,0.9499668223623365,0.9472120094105779,0.9535635759227428,0.9621811843611584,0.9559563081621076,0.9464181610462004,0.9527324623375032,0.95743188790528,0.9483535101943863,0.9633875061742846,0.9538048950639225,0.9619985396025015,0.9563975069694405,0.9462353449134698,0.9490533128305603,0.9541464837777051,0.9569174318480151,0.9488253528522231,0.9534044457224334,0.952870627706034,0.006397311634573406,3
103.90607190608978,84.42915671870578,0.235340678691864,0.32652782040387235,0.0074391333649686,11,0.8516445599257112,2,4168,0.756642535067503,"{'learning_rate': 0.0074391333649686, 'max_depth': 11, 'max_features': 0.8516445599257112, 'min_samples_split': 2, 'n_estimators': 4168, 'subsample': 0.756642535067503}",0.9395086054788652,0.9475701651465493,0.943955576074992,0.9452887717641687,0.9433358754258053,0.9452379951973562,0.9443569579420219,0.9497997998636651,0.9460494172877307,0.9415776688687489,0.9371748495391069,0.9302220091973729,0.9419297025719391,0.9480603859437614,0.9531946669301203,0.9523519026925626,0.9512338926033059,0.9455969444330957,0.9445261438244377,0.9343158953544464,0.9537690883968893,0.9375335749575933,0.9571717570091066,0.9429488415989019,0.9248162718954386,0.9420952385273565,0.9503486279501476,0.9333026180053391,0.9503503821146528,0.9508091212159875,0.9545007886930901,0.9426840609083916,0.9391247833442211,0.9493099270073013,0.9425529292278252,0.9427628301932609,0.9473949627406281,0.9442907456081241,0.9522579008878497,0.9394750550165123,0.9362536675913908,0.9400344449875374,0.954781619238829,0.9407503196818374,0.9446682108448177,0.9424668099487509,0.9446788369060162,0.9445006093782294,0.946481262585587,0.9430252465099079,0.9459912951072587,0.9412759335739133,0.9557988012477737,0.9348152716269257,0.9370606280713953,0.9480195318159431,0.9373035239245633,0.949573441302599,0.9518155093617076,0.9339633601911834,0.9442625365470046,0.9460309805782361,0.9565916868593218,0.9434429007479939,0.9335289784885047,0.9458910792557946,0.9536777990390946,0.9379422002945857,0.9435940614603407,0.9351464250811066,0.9560343724859562,0.943548054350038,0.9393571461524356,0.9312762511550703,0.9559722801187778,0.9570363473637327,0.9314212160438788,0.9387955190973494,0.943215025222278,0.9488967776050268,0.9467146551244109,0.944389692541193,0.9393168961299949,0.936583144642904,0.9534899082279052,0.950273896946015,0.9530944683805062,0.939771223167482,0.9474731305119292,0.9411175506971005,0.9493941143041347,0.9489530104556283,0.9553791428645771,0.9438508683675966,0.935807466298343,0.9463154541035252,0.9433559673449299,0.9488129000480958,0.9379905708906731,0.947139007386832,0.9445092976171514,0.0067488202706888715,123
51.19569289684296,54.96027185007227,0.1075439190864563,0.14281918605950303,0.02815371399170348,11,0.6429816717923086,2,4168,0.9351641896102445,"{'learning_rate': 0.02815371399170348, 'max_depth': 11, 'max_features': 0.6429816717923086, 'min_samples_split': 2, 'n_estimators': 4168, 'subsample': 0.9351641896102445}",0.9354511094027606,0.943274074894587,0.9422645026855628,0.9412277416732486,0.9363678265063026,0.9391945968176864,0.9429478741992922,0.9398615936114726,0.942511003739102,0.940848942215408,0.9348839955531821,0.9251751517334045,0.9394030405610543,0.943717256519068,0.9490882246960836,0.9496060771540101,0.9452673243475205,0.9387622538820045,0.9415219491286505,0.9328212668958786,0.9476889993390823,0.9175173765967833,0.9532425691096855,0.9372233490367041,0.9229657260651204,0.9410106421541936,0.9448960428663643,0.9272608079504314,0.949486270497183,0.9487811165315242,0.9526706049068876,0.939227101639282,0.935211243505279,0.9467024221488941,0.9396242348943497,0.9394232089425122,0.9474162360966633,0.9409564460202068,0.9428279754201588,0.9362471793844036,0.9340001633727539,0.9318763866997446,0.9531440342521688,0.9366633622232123,0.938811770652184,0.9446266656739942,0.9402032691948362,0.9451134104661676,0.9413056698205907,0.9380876492110671,0.9425719267143104,0.9360543452894138,0.9502984029331061,0.9306937245177354,0.9283391683102385,0.9425466429626514,0.9332705112264768,0.9447920523084437,0.949138447612657,0.9318499447499855,0.943545144749928,0.9439442835446322,0.9528794644203187,0.9348525559522475,0.931754133488809,0.9421307488743175,0.9500679574432771,0.9375567288551405,0.9448350871511803,0.9300626859134618,0.949888093560348,0.9416779198238516,0.9369658743673235,0.9286279413183598,0.9543513006134272,0.9542148850269678,0.929826816109024,0.9369862409403439,0.9416643851619136,0.9417251451902666,0.9265558788834889,0.9410995674043268,0.9380535025869481,0.9318235368335137,0.951586721705147,0.9459008600113894,0.9489150919074839,0.9387172780648653,0.9441785267232,0.9404087935821401,0.9430130977168338,0.9487103271717209,0.9519331420722082,0.9401233123652378,0.9274342250538392,0.9395688898468781,0.9422821688769245,0.9464451591221369,0.9336545907267088,0.9438119014683319,0.940597368721422,0.007389764398291924,162
12.945642936229707,16.48848534502506,0.025560741424560548,0.07253813726801524,0.20382351878154142,11,0.7278968822032059,2,4168,0.9081239571319382,"{'learning_rate': 0.20382351878154142, 'max_depth': 11, 'max_features': 0.7278968822032059, 'min_samples_split': 2, 'n_estimators': 4168, 'subsample': 0.9081239571319382}",0.9289055143180411,0.9317384644585841,0.9369995266447141,0.9310046259740861,0.9329947069395017,0.9331334805535227,0.9319285719855733,0.9293462845115745,0.9295379045234008,0.9290883991176995,0.9170628839062331,0.9253278785786444,0.9226527532521687,0.9375524304435944,0.9392221479972512,0.9351599562232379,0.9379758517340423,0.9347876198301932,0.9320444565812102,0.9203617006447125,0.9350745432742984,0.9345220892686726,0.9491254066766487,0.935053205875988,0.9029330216723958,0.9320513258876376,0.945776786085125,0.9218432283211158,0.93720700078908,0.938301254832637,0.9443043760110515,0.9345370202571445,0.9222153871727223,0.9426823957414552,0.9310753791514255,0.9324682720270474,0.936175040391889,0.937978125020145,0.9405711908392168,0.9306641022308265,0.9220234431970711,0.9297710090410689,0.9316165328991944,0.9326994775643992,0.9372474173459195,0.9377068831668278,0.9400848715206763,0.9354547215654769,0.9382420740701949,0.9313117236690502,0.9337610523052416,0.9312719115275867,0.9482725895832212,0.9292914569768709,0.9303130674502985,0.9424535518479279,0.9177003564944116,0.9400634841714899,0.9473574943783527,0.9163357056823049,0.9388242207638776,0.9409603295612007,0.9366486021474122,0.9224928425706054,0.9227913877435264,0.9371505317562802,0.9502303300084572,0.9275815356625978,0.9401928462523353,0.9236389150012713,0.9449227183651645,0.9300528579922922,0.9257519843715959,0.9195039669443636,0.9504059197472537,0.9511270640889856,0.9299292863595019,0.9286133613011557,0.936271325619601,0.9323397361741872,0.9396500751318131,0.936155032710704,0.9312003174445953,0.9291177724001948,0.9448490496801151,0.9403794686043006,0.9401367892690915,0.9273965989516105,0.9378830325011495,0.9313936641205853,0.9451012847870802,0.9383214256674588,0.9449016384220553,0.9277308253159787,0.9253447037437141,0.935451580937282,0.9295778987141621,0.9364082108696747,0.9269727439773081,0.9343861011629927,0.9336615111104563,0.00821350583244085,184
23.94971722126007,29.307288918182465,0.11054583072662354,0.1442415187312482,0.033409485011516145,11,0.3525666849014759,2,4168,0.8383691103663502,"{'learning_rate': 0.033409485011516145, 'max_depth': 11, 'max_features': 0.3525666849014759, 'min_samples_split': 2, 'n_estimators': 4168, 'subsample': 0.8383691103663502}",0.9404401432661923,0.9432976574482002,0.9475721430740202,0.9407704956567061,0.9432208688514017,0.9476686330997621,0.9405280324180545,0.9451222330019519,0.9433381709611129,0.9376834315947105,0.9268278331009399,0.9324482100258734,0.9481890004882384,0.9488312420139247,0.9475302113529976,0.950318338339812,0.95017096908105,0.9403304909777201,0.9451922762252528,0.9218664522941631,0.9481691456448617,0.9227975134101473,0.9582507800007622,0.9392811674887307,0.9232809933384901,0.9460153001127143,0.9476183186636319,0.9244276974510532,0.9494533345426467,0.9453092315897587,0.9524724998164902,0.9418925509401987,0.9354809133251225,0.9499929538430082,0.9415412149501731,0.9422679754564035,0.946821489067816,0.940257122554034,0.947016374482015,0.9396341685915028,0.9310009991547754,0.939781771420658,0.9551248922319514,0.94057623100832,0.9381559403861022,0.9432907139920538,0.9419417922761675,0.9359969828903602,0.9418486697509758,0.9424725339500809,0.9500304452083738,0.9405923408629453,0.9532452982868603,0.9268475315874782,0.9389286528808674,0.9459423648230293,0.9419856045595721,0.9472260745357278,0.9510090537797626,0.9349410514824666,0.9413336003980436,0.9440255649660899,0.955479138389657,0.9435997452949306,0.9332412514665772,0.9479313374248559,0.9471953531414603,0.9339600244720335,0.9431641935933148,0.9325527612305989,0.9540511211952528,0.9459957189561851,0.939740729933739,0.926030571383453,0.9545415620009792,0.9567915717758655,0.9334772540671085,0.9408411143910873,0.9471059828730988,0.9419309836068949,0.9439812281251126,0.9384099841475855,0.9451083067728975,0.9411203512645391,0.9489425486995394,0.9488257239318063,0.9379017825096484,0.9407627720547853,0.9484225788531789,0.9373463541627722,0.946896907126649,0.951545192039808,0.9509839123241235,0.9476567742222319,0.9282494250542846,0.9398487181090298,0.947163718412507,0.9504763513105096,0.9421258246144841,0.9402900550675503,0.9426331461297444,0.007644750763287514,145
41.980035021305085,52.3471830052976,0.27004352569580076,0.36580776845732377,0.0020833532205690964,10,0.3492504177931109,2,4168,0.7754808866816165,"{'learning_rate': 0.0020833532205690964, 'max_depth': 10, 'max_features': 0.3492504177931109, 'min_samples_split': 2, 'n_estimators': 4168, 'subsample': 0.7754808866816165}",0.9435030299669955,0.9475698370126915,0.9485019907417431,0.9446851942278238,0.9463672936008286,0.9521837120757264,0.9428248707949388,0.949300646952653,0.9466266138822843,0.9442146728882622,0.9346602411559282,0.9330865429299074,0.9471221495805001,0.9513423683306105,0.9521543521614408,0.9528767300867793,0.954853688230329,0.9476135873198324,0.94651752368547,0.9329133485363963,0.9524923425795491,0.9300828401989909,0.9604148847363106,0.9423837370987016,0.9266741082404526,0.9472362125600334,0.9524469203874865,0.9342037481989718,0.9532224963822392,0.9499110934831176,0.9564194025685486,0.9439314658616264,0.9406891661927173,0.9509754736871013,0.9426869755161337,0.9460722078603342,0.9510310916485545,0.9461050997184566,0.9502981441754329,0.942895084741205,0.9386537833425804,0.9442330491089638,0.9549022228496793,0.9441747240521616,0.942290151508981,0.9449833909870796,0.9418575332866007,0.9434603840462357,0.9491978426815989,0.946979617991021,0.9520344784731224,0.9461285022096131,0.9566491196998079,0.9361122197017453,0.9399565130232915,0.9460168365746935,0.9417357939950309,0.9525870439792214,0.9545945982156347,0.9380652930536909,0.9476367276993556,0.9465195621265079,0.9560825620245879,0.9438833381917638,0.9358789458409089,0.950860419294606,0.9507670545899666,0.9419309089801079,0.9493274339015765,0.9386899293415522,0.9569543574420866,0.950019099963788,0.9423878067387198,0.9294973474983859,0.9593776909017617,0.9589227141076799,0.9383736077463053,0.944677259216024,0.94691224184988,0.9431580153618652,0.9434559206467463,0.9421203067895034,0.9476072409315701,0.94644203627849,0.9534051814975811,0.9499246169424085,0.9445170820000867,0.9460786399537999,0.9501784263945462,0.9416679947458803,0.9524528461827757,0.951652163144312,0.952517775989698,0.949199682208618,0.9347220056043832,0.9428554707625554,0.9477077893851986,0.951701808315742,0.9448019505051393,0.9456107468550371,0.9462418069672939,0.006623298199935123,92
40.33138470888138,45.07366989554541,0.21551677227020263,0.26655550706942793,0.012981694801923469,8,0.3491259690316017,2,4168,0.6864983365330768,"{'learning_rate': 0.012981694801923469, 'max_depth': 8, 'max_features': 0.3491259690316017, 'min_samples_split': 2, 'n_estimators': 4168, 'subsample': 0.6864983365330768}",0.9458272127434174,0.9498162276216014,0.9531460585593092,0.9470851908599103,0.9491601505608307,0.953306567851489,0.9476547752166055,0.9528232871582125,0.9512661173857291,0.9469192590216827,0.9405275120779777,0.9386449772599187,0.9511862382493049,0.9532153126049061,0.9539983129972904,0.9561352427408261,0.957377294731965,0.9465543856161426,0.9498978781226716,0.9284725984015675,0.9545002696768895,0.930254574965863,0.9626057167572111,0.9446807172244125,0.9335838672347558,0.9499102341934543,0.9556038452538381,0.9381438543469087,0.9550039604924484,0.9539904535140513,0.9584565327203478,0.9492142568494494,0.9416584272821384,0.9522389371149766,0.9456810688383109,0.9504238093591939,0.9546056942039675,0.9487270020872252,0.9532649132147462,0.9451830581292041,0.9417592327457599,0.9470224245528099,0.9554219019048247,0.9443965159215915,0.9453391831753326,0.9493064105333076,0.9445364742569914,0.9475443645968613,0.9504006625674385,0.9513839535697638,0.9547035808223729,0.9512528572211508,0.9588739341304832,0.9414098182087098,0.9438304218478875,0.9490959662665397,0.9430651088638216,0.9568483412999664,0.9579581710622774,0.9414579444360437,0.9489749981063482,0.9506557965712864,0.9575906573811642,0.9486748485059611,0.939410333010744,0.9546266567099128,0.953416543807852,0.9446522648932014,0.950928353731955,0.939815491509781,0.959268342950087,0.9535957228877161,0.9442640752275206,0.937595304141021,0.9607229514993381,0.9617871913511308,0.9428792064507497,0.9482026168218852,0.9505397572032627,0.944060335202082,0.946193586835206,0.9461135867114465,0.9472043309937301,0.9489942927309749,0.9564219979037754,0.9530829255120873,0.9472943258002131,0.9489262779896608,0.9518556380487726,0.9421818788865172,0.9560163929446489,0.9544438095827749,0.9550961089543475,0.9512148974078845,0.9376396206474662,0.944767773194349,0.9494444956666325,0.955655054781126,0.9470173380830936,0.9491859248228292,0.9490676476668523,0.006466017757068155,45
23.57507112503052,29.485461229786733,0.07074850559234619,0.1251017532975187,0.05018235878175852,10,0.5033597839098564,2,4168,0.767637374814736,"{'learning_rate': 0.05018235878175852, 'max_depth': 10, 'max_features': 0.5033597839098564, 'min_samples_split': 2, 'n_estimators': 4168, 'subsample': 0.767637374814736}",0.9427601689754976,0.9497108108765396,0.9434780665425004,0.9427512575085595,0.9450236662718977,0.945737463760479,0.9395554710712848,0.9478415048091762,0.9465868636987705,0.9407724605650223,0.9333328381170878,0.9268901536559493,0.9455599429412642,0.9470070500004406,0.9526152142432418,0.9496899462342037,0.9529811094571736,0.947249964625491,0.9437260735321855,0.9356858188533995,0.9506444615367604,0.932226447921378,0.9562235079542305,0.93973193401305,0.9230022914923599,0.9459459595115158,0.9502401255276332,0.9344991859930832,0.953031356126518,0.9487954787182806,0.9571170065410833,0.9448258341454997,0.9403184304684,0.946363252268631,0.941575525764942,0.9405296048769436,0.9514495717968778,0.9411933468325732,0.9517812637335102,0.9394309820409463,0.9314738834318705,0.9422387903119097,0.9544541195511116,0.942395104891149,0.9438502761491149,0.9418622153890834,0.9389827166296844,0.9458874046857867,0.9425508229795304,0.9474256502052969,0.9513812381282226,0.9438729934137712,0.9545485481194317,0.9359188232187283,0.9394425065782659,0.9450752196890122,0.9375868228336502,0.9457779514095649,0.9514488958998308,0.9366570888525243,0.9460589016753291,0.9448479991963387,0.955040143715759,0.9410578561924181,0.9305734047677964,0.9444509487964807,0.9481558636743845,0.9382401455136042,0.9476310808143474,0.9369872354202582,0.9538203765739618,0.9466167788787696,0.9394488925851717,0.9301917099094105,0.9558685469764063,0.9569889773699642,0.9393486544855341,0.9448535338433226,0.9457794696125501,0.9423535703707752,0.9414144708279996,0.9457803648058564,0.9481722616074805,0.9439710909517359,0.9534459015953127,0.9470204552074056,0.9462148542744956,0.9451752259358815,0.9489978249056219,0.9387383131576941,0.951355917605516,0.9501745894465616,0.9529718826425372,0.9470361490137411,0.9304202336240881,0.9414616192467232,0.9413979620493416,0.9491610501135753,0.9398908078581563,0.9439092563176895,0.9443573680693192,0.0067542909501514614,126
18.583991305828093,24.069146694317098,0.037199251651763916,0.08328121707035897,0.08507111927040711,10,0.7110212559124349,2,4168,0.7929619939213252,"{'learning_rate': 0.08507111927040711, 'max_depth': 10, 'max_features': 0.7110212559124349, 'min_samples_split': 2, 'n_estimators': 4168, 'subsample': 0.7929619939213252}",0.9345976158633326,0.944017150921377,0.9448948444663193,0.9380451442199254,0.9430825259054122,0.949182443130808,0.9361401518110906,0.9466830187681617,0.9427203485015476,0.9366236929740213,0.934851672068408,0.928096007862492,0.9431371504976525,0.9470293425573807,0.9515273863635069,0.947994236482294,0.9483068897853949,0.940356797873914,0.9457786962069313,0.9319239888932657,0.9492876275322285,0.9249519509861274,0.9566432972449705,0.9375422685917025,0.9203216377291837,0.9414746580571136,0.953027092871284,0.9327296971842809,0.9467562182623381,0.9460036297637238,0.9538731613199358,0.9396843551783666,0.9319699550841384,0.9456909758052952,0.9380032992715982,0.9374043758020185,0.9501430762910749,0.9384453906497245,0.9447832136240474,0.941559781529458,0.9368756940384355,0.934322480089532,0.9522599240945824,0.9377412652588978,0.9426158159818232,0.9418407067922434,0.9459715514834267,0.9436727024204307,0.9406641371569371,0.9390974071838862,0.9442485608646995,0.9439395234688648,0.9549953812881935,0.9305981581234487,0.934707453350989,0.9436981903311478,0.9358511253360051,0.9483890410741487,0.951392847213529,0.934909993077768,0.9443011116745088,0.9427273768237444,0.9568216588868369,0.9365071364083366,0.9337167665631771,0.9471897837126211,0.9536978130059891,0.9338924801085398,0.937103287856062,0.9314160646426978,0.9508373393863669,0.9458441460964359,0.9331538218587405,0.9300840740941063,0.958453887593351,0.9570641172849025,0.9286034508476056,0.9378906650361756,0.9405419814995183,0.9482335624729196,0.9327525581094377,0.9448255734568135,0.941615815411814,0.93725214272386,0.9516510292370561,0.9512590757961572,0.948351139123508,0.9335380504092137,0.9463478294782819,0.9340241108971319,0.9429077263296683,0.947390607100333,0.9515717281963204,0.9413528823402804,0.93257002093624,0.9400028848891382,0.9338857288190596,0.9466125324075882,0.9260755686138851,0.939345039830061,0.9417448929651931,0.0077836400154222135,157
41.00759161233902,47.10476535558982,0.07633851051330566,0.12001542448509488,0.042191227357192974,10,0.8664933736160578,2,4168,0.8205886405903641,"{'learning_rate': 0.042191227357192974, 'max_depth': 10, 'max_features': 0.8664933736160578, 'min_samples_split': 2, 'n_estimators': 4168, 'subsample': 0.8205886405903641}",0.939501918817897,0.9428839256953907,0.9434832251697782,0.9438735803057882,0.9398020052440352,0.9400303107578639,0.9424501655242414,0.9459930631849306,0.9398814607019438,0.9376783126637718,0.9362060189157406,0.9295527586872024,0.9403760431345374,0.9440323809816116,0.9523117147125764,0.9453295183591061,0.9477452012883611,0.9427147922137202,0.9389023473188512,0.9297758345947094,0.952516430309765,0.9334560437885044,0.9578489018513011,0.9389331040931165,0.921251304499477,0.9407447296310523,0.9452863081283258,0.9305526386320135,0.9477298754560379,0.9484854512735256,0.9527584555944357,0.9394898568897713,0.9359456656817595,0.9477880757260037,0.9413191890177044,0.9411087445351083,0.9473007734244506,0.9424071135679959,0.948460620989252,0.9389726025819217,0.9377092258321481,0.9325046963779788,0.9528248113336247,0.936353688970171,0.9418335413309483,0.9427306667267674,0.9417611849020577,0.9455348328212984,0.9451015529448261,0.9412720589552711,0.9453446482461504,0.9421380795239073,0.9540990618563802,0.9299674002655794,0.9331397078708077,0.94300230729222,0.9325598259244678,0.9458090727985135,0.9502767213171914,0.9285096250866873,0.9423531216250416,0.9459124902477966,0.9540174004708137,0.9376245030966703,0.9303851957930145,0.9419712977628111,0.9528050379428623,0.937868351473524,0.9384727353292049,0.9305048521405381,0.9529329139589017,0.9421527214347953,0.9373832285996706,0.9334504862542078,0.9552081408878688,0.9568473359343058,0.927084312666407,0.9369539667073248,0.9422864460409728,0.9431896101296199,0.9401265484174595,0.9445136102502393,0.9371243987460239,0.9327249234965612,0.9510890630307031,0.9456969014880319,0.9523323322494871,0.9379633230958208,0.94488276765789,0.9353059535980506,0.9432832672322607,0.9455280125079554,0.9511853171934638,0.9429410835758344,0.9300311655268508,0.9468307964435219,0.9363167286844091,0.9460818623553696,0.9365608618460495,0.9446653295821942,0.941819415697951,0.0071690455593622525,156
30.576677715778352,40.34585656633526,0.0796051001548767,0.12032322817681972,0.019596361764174793,5,0.7118356171625375,2,4168,0.5570183058650567,"{'learning_rate': 0.019596361764174793, 'max_depth': 5, 'max_features': 0.7118356171625375, 'min_samples_split': 2, 'n_estimators': 4168, 'subsample': 0.5570183058650567}",0.9531369135093744,0.9514360405761777,0.9551859579065177,0.9556267581587141,0.9511631602165542,0.9527972181189991,0.9565682141682843,0.9552849177984882,0.9537730155647707,0.9503719038286815,0.9392770127407047,0.9409092163168108,0.953976103071298,0.9558061168886712,0.9587150567367652,0.9605489046882384,0.9589654700935981,0.9538331179840198,0.9580262934352228,0.938022224233965,0.9608370819950826,0.9436386119503052,0.9665121345170841,0.9488385554341312,0.9455140692256918,0.9528375124330044,0.9605538701635494,0.9465499364983752,0.9588924155735017,0.9583135659529968,0.9587388202585522,0.9570041681244582,0.9489831660237629,0.9520307034412926,0.9411289934887118,0.9537310253552723,0.9552508474307329,0.9540308721848777,0.9596533722476759,0.94872492478157,0.9502442779608299,0.9519784989111572,0.9616369635533616,0.9476857056158918,0.9517527150302016,0.9482078378446707,0.9515816521730522,0.9545214701625897,0.9532938311303727,0.9549347998151537,0.956830159849547,0.9511763782066069,0.9625585973873484,0.9428854434938486,0.9495793367791693,0.9543302847820011,0.9489707426314854,0.9563033923265981,0.9598053519047096,0.9488041638431379,0.9520309110024225,0.9527494645753581,0.959859017479523,0.9528947046212144,0.944266587682529,0.9559502604864831,0.9604626726790134,0.9547870183554482,0.9528956735892744,0.945623097341049,0.9656581727347896,0.9563530293817369,0.9453314439181522,0.9356845593556277,0.9610246067598518,0.9632157468213486,0.9488283715645941,0.9499824577142908,0.9531958141295848,0.9512064172741111,0.954161524645837,0.9492519847426517,0.9486053961420028,0.9543645580029203,0.960158517677349,0.9547323117714309,0.9452841173778287,0.9545488139659358,0.9574933121870018,0.9509095491645388,0.9614348574514445,0.9545950416031523,0.960076191015857,0.9559061645163408,0.9456263104839927,0.9490422994668741,0.9546182051731416,0.9579487985550001,0.9498713482274057,0.9525132932109429,0.9531541248936627,0.005877348622114827,2
20.60464337348938,27.4985764438567,0.02743589162826538,0.06623934769598319,0.2340122487288133,5,0.9108532992161238,2,4168,0.7032214942097962,"{'learning_rate': 0.2340122487288133, 'max_depth': 5, 'max_features': 0.9108532992161238, 'min_samples_split': 2, 'n_estimators': 4168, 'subsample': 0.7032214942097962}",0.9372214894306983,0.9477708115352059,0.9438195960707754,0.9393080875577977,0.9450287745939355,0.9351800394209102,0.9353328108078964,0.9505478930214281,0.9393955140641578,0.9273762860591119,0.917103705097403,0.924978743364098,0.9446551552477015,0.9435415650322886,0.9430606381021732,0.9385695349987357,0.9408831512516794,0.9437199741600941,0.9524411374176457,0.9289226848416925,0.9390760762527101,0.9435342495907153,0.9585694599296412,0.9340248335718305,0.9253569656341509,0.937399148413035,0.9496484626231176,0.926542780991615,0.9456513035489093,0.9428424319872935,0.9471628990674592,0.9483552942882182,0.9307508406274632,0.9472485874072121,0.9416568529081472,0.9415868475146956,0.9448351912452118,0.9443604849196299,0.9479205266851347,0.9267191523617428,0.9349300605315021,0.9269964217322073,0.9518705751857831,0.9237330677041794,0.945387591955803,0.9389695498543051,0.9336302696401264,0.9436497745096503,0.9429855947606067,0.942591982027684,0.9480629263566382,0.938499200213011,0.9537627678804945,0.9342895010636748,0.9316958716027854,0.9384126567800408,0.9429474160252368,0.9420923352066184,0.949204277542806,0.9344527433278095,0.9428387898216077,0.938043227563769,0.9469724968957778,0.9396875716884817,0.9265548903629857,0.9396920937550799,0.9429420876192984,0.9464481300050553,0.9353458158896857,0.9272051861833828,0.9613361503936423,0.9389182695312596,0.942464483173105,0.9253066393745228,0.9517802394036508,0.9462540952821261,0.9278037075196042,0.9388920819091805,0.93906359589298,0.9424074640113289,0.9308968761101971,0.929801697862383,0.9210286938567723,0.9388601377163344,0.9517192613610873,0.9514623593484773,0.9419340032111989,0.942347532908646,0.9357858226029787,0.9313594280448749,0.9495768289213461,0.9327545403683171,0.9563918144012055,0.9444994251419673,0.9350284196213636,0.9355433432610338,0.9463970895749788,0.9485036550514993,0.9293826112121181,0.9441804869047082,0.9399767560930233,0.008547594164269475,164
11.170605132579803,15.89890468702054,0.04251518249511719,0.09894171559211468,0.13043355075604016,9,0.4673282703934972,2,4168,0.7144545453910219,"{'learning_rate': 0.13043355075604016, 'max_depth': 9, 'max_features': 0.4673282703934972, 'min_samples_split': 2, 'n_estimators': 4168, 'subsample': 0.7144545453910219}",0.9388428428071248,0.9485256940932777,0.9428579302101247,0.939900200019323,0.9403332852655375,0.9465019223456816,0.9385573745518803,0.943116606241206,0.9416825554740681,0.9355969282766359,0.9199418137995292,0.9219555639992417,0.9397858277428881,0.9400725712751468,0.9494520330097919,0.9378197858757632,0.9472596971726451,0.9470188527548067,0.9395227032851998,0.9250319751855133,0.9415935219675517,0.9240776350510518,0.9551351216117178,0.936164921346915,0.9195350196079077,0.9366133127794458,0.9471500061723807,0.9267652288249134,0.9464822884318971,0.9428662030527799,0.9513557876178557,0.9494543616087854,0.9352519761631991,0.9471606655806367,0.943679155843445,0.939053955063936,0.9515078172474271,0.9423996779128456,0.944743811247211,0.9270437237050879,0.9343548778533151,0.9402988564035781,0.9504660642007567,0.941849163736884,0.9375392418666725,0.9401396961519273,0.9299465591491549,0.9473934987519452,0.9379684369727981,0.944951827674273,0.9473817230288674,0.9383099226300798,0.9507472081462028,0.9315978049992087,0.9328539331061632,0.950749465201813,0.9394241728189312,0.9431388561891337,0.9509609751704119,0.9331587620835873,0.9409580372888502,0.9455436278720512,0.9513952961033654,0.9426967675965657,0.9245991328160861,0.9377761801926879,0.9480699738460644,0.9336523375669197,0.941847140305472,0.9354799135436351,0.9500089540572889,0.9429506972101975,0.934491308158908,0.9295487076437945,0.9520186115422957,0.95572706431449,0.9201721147807748,0.9329391041922677,0.945326291270953,0.9308809051669713,0.944478578433342,0.9443703748770028,0.9368406620657187,0.9415211464863809,0.9489545700690822,0.9492155541543253,0.9463985713892366,0.9365795298840464,0.9409825067977932,0.938651366718853,0.9453664878822203,0.9460468254567209,0.9468525542589694,0.9446691946259915,0.9328677441513203,0.9408594482266185,0.947417404891607,0.9463953569964615,0.927150098833627,0.9439187330266994,0.9406066027505373,0.008064448975357685,161
48.123947241306304,44.88032575565515,0.12453362464904785,0.18050074100644373,0.05045954735624511,6,0.6945380037482397,2,4168,0.6001195874961279,"{'learning_rate': 0.05045954735624511, 'max_depth': 6, 'max_features': 0.6945380037482397, 'min_samples_split': 2, 'n_estimators': 4168, 'subsample': 0.6001195874961279}",0.9476540986052993,0.9514321641611757,0.9544762424291829,0.9569150440833764,0.9492755091456083,0.9487126800277637,0.9549193573207212,0.9504604505223856,0.9517294238548165,0.946485898135078,0.9409036113462991,0.9372097146534021,0.9512857792297224,0.9527713933054968,0.9547523511071055,0.9576810288479802,0.9587052485290323,0.9513916129161734,0.9519379304099771,0.9347907640458373,0.9552530497953567,0.93908231768483,0.9648742455674508,0.9456663819263569,0.9352019613795791,0.9511737102979155,0.9533783494091694,0.9439573278095855,0.9556093161529123,0.9552073059035447,0.9580908575448066,0.9547582790328297,0.9438516435337189,0.9531951017171195,0.9449031758429376,0.9494911222165039,0.9539022714027462,0.952992984841366,0.9537002557646037,0.9471606850168603,0.9460865271834648,0.9469326835038406,0.9578688276892179,0.9494401102584794,0.9492566109563847,0.9484364120624542,0.9480393663457972,0.952655008760917,0.9495475725653484,0.9524813260770673,0.9510955411021422,0.9497249808452847,0.958848450062725,0.9363966669630795,0.9451032027493864,0.9566727225835622,0.9455187954355203,0.9533769545873223,0.9594780237916737,0.9382903801741223,0.9501077171241278,0.9521614319812328,0.9605040825335667,0.9522467784352255,0.9448046616112811,0.9550609807080165,0.9537014796896637,0.9502087135216487,0.9470538771528303,0.943593887368599,0.9635032406697555,0.9555264108291947,0.9409390816633147,0.9365002513242507,0.9582451315490859,0.9612201618701401,0.945659360745805,0.949827437906609,0.9511128451532324,0.949784866711834,0.9513018142327138,0.9474607770310349,0.9406073940454078,0.9523714181025887,0.9565413012381713,0.9542566130387061,0.9456761939742284,0.9494185286269687,0.9550870984280267,0.9455818047837796,0.9591590576999537,0.9534427582902564,0.9586069419935037,0.9485470061719009,0.9452402267475213,0.947705120783121,0.9546779619645774,0.9553554267094556,0.9455862509156341,0.9527484187747564,0.9505132532131616,0.0061595050736297655,25
16.909666180610657,19.101513202958497,0.025540988445281982,0.0715976532433071,0.3210326617493179,5,0.6270807622254333,2,4168,0.9259297164820095,"{'learning_rate': 0.3210326617493179, 'max_depth': 5, 'max_features': 0.6270807622254333, 'min_samples_split': 2, 'n_estimators': 4168, 'subsample': 0.9259297164820095}",0.9333336131642721,0.930367930572011,0.9348153492721262,0.9329126645308232,0.9354146609479665,0.9199078751489205,0.9432628790989092,0.941340067809161,0.93474730874318,0.9390635300928197,0.9026408505118226,0.9249233336940934,0.9348805893810308,0.9396990296724659,0.9453092409540996,0.9487112551502282,0.9432159181015125,0.9382141979146764,0.9459942875567534,0.8883858921020197,0.9342113855603406,0.9216145649910981,0.949999430437259,0.9312571910521578,0.9000298988566882,0.9292799193107103,0.9486230376601187,0.9122672140198386,0.9379917331201771,0.9403092512007255,0.9344006867325608,0.9324541604449827,0.9287966296493386,0.9464626081993117,0.9254869696339281,0.9397421281638407,0.9384146639230169,0.9330260893681592,0.9305676904033346,0.9365525435938199,0.9317741188958854,0.9257893990390205,0.9377675069180011,0.933402326372673,0.936308827767429,0.942869696618867,0.9287090545708971,0.9338216147298242,0.9460355805203505,0.9412282329307613,0.9458292049767102,0.9370188536338472,0.9571452645221056,0.9441245901530958,0.9307031860646868,0.9375511206115711,0.9211005009342617,0.9381462872753039,0.9471047835645726,0.9233543581995378,0.9401537504300976,0.9414938752010018,0.9469728340471816,0.9179465448010411,0.9262019953213538,0.9488115357074735,0.9491079666387937,0.9457782172290538,0.9275827537828811,0.9127381177643659,0.9355725815228342,0.9478590181511253,0.9203187360455788,0.9202701915796795,0.9487985359688732,0.950831914661187,0.9294371732860195,0.935657459205855,0.9407570355439541,0.9287390326869605,0.9368775268755141,0.9269512245684658,0.9290178647614402,0.935862345331458,0.9522841087007803,0.9476582663835923,0.9365500467026409,0.9220581338509751,0.9343608293282494,0.9197396124664469,0.9508602481808726,0.9490707841198714,0.9487099032599459,0.9332953416050296,0.9247007076028014,0.93463452100469,0.937586068685729,0.942405045984843,0.9354288030229815,0.9355130715609566,0.9349700650261231,0.011441432899002709,176
57.034018588066104,58.68179217807027,0.13253730773925781,0.18441215801835725,0.033014352780711444,8,0.7304850956661282,2,4168,0.6635802550755612,"{'learning_rate': 0.033014352780711444, 'max_depth': 8, 'max_features': 0.7304850956661282, 'min_samples_split': 2, 'n_estimators': 4168, 'subsample': 0.6635802550755612}",0.9456386766551085,0.9529660770789448,0.951413724058244,0.9476394626711585,0.9469542771389323,0.9490147142086822,0.9482156515431791,0.9530299754405943,0.9480273205191246,0.946359097917889,0.9369288301810133,0.9339411251725559,0.945388290038784,0.952782250267527,0.9543692374194421,0.9554035739963147,0.9572339403260554,0.9540681359014842,0.9481461397651372,0.9328061396064823,0.95720129814655,0.940899781653715,0.9603506992140993,0.9461627298334176,0.9340466115078377,0.9485418738294751,0.954982663388133,0.9381616152626423,0.9529806084035586,0.9531414235126076,0.958124056609795,0.9498577805333542,0.9407096815973417,0.9546533062766857,0.9469691513497647,0.9477453789685123,0.9560379695814082,0.947598795589627,0.9538926467363033,0.9435667652080526,0.9378697332749205,0.9449836377203394,0.9549376306759371,0.9479559240635452,0.9441244697438349,0.9474090241684657,0.9478267804538405,0.9461326594335183,0.9489598568604892,0.950611810103307,0.949498466996452,0.948435275194545,0.9608949655169449,0.9373279655616467,0.9416800474407077,0.9535473455756769,0.9464215224296814,0.9527965301664527,0.9568979147422677,0.9354199328687844,0.9480388993085036,0.9507384692033912,0.9589474912879344,0.9458420426931623,0.9392570392191565,0.9507961907639196,0.9581590528506003,0.9457903255409574,0.9454488433843963,0.9404394284107,0.9621772532938309,0.9527332437365961,0.9423904705369879,0.9345219954354714,0.9603489805355118,0.9591564580480234,0.9417033970291219,0.9474166186294409,0.9442976479659493,0.9476168597958069,0.948021639621169,0.9490015377661423,0.9453421928328971,0.9459706033181776,0.9574218025815197,0.9520674009249631,0.9529147336973897,0.9474340680065129,0.9544595577385175,0.9434503893214511,0.9570246789789614,0.9493778515839534,0.9566856421006429,0.9499638172525243,0.93721650551714,0.9491345074206315,0.9470425425898705,0.9555372038974064,0.9477165625077763,0.9500547321398911,0.948713416475679,0.006580790591273068,46
57.77046912431717,54.87769779022158,0.3818362021446228,0.5134803279371765,0.0024985754202840617,13,0.3968354853581081,2,4168,0.6757095104285525,"{'learning_rate': 0.0024985754202840617, 'max_depth': 13, 'max_features': 0.3968354853581081, 'min_samples_split': 2, 'n_estimators': 4168, 'subsample': 0.6757095104285525}",0.943540234293845,0.9478265231026559,0.9483177503421778,0.9477909803108603,0.9461510258618907,0.9508306400551411,0.9449508844973629,0.9496613855798829,0.9485832569781926,0.9449154805496752,0.9349080556307764,0.9319359456773414,0.9482727539101268,0.9512586405066706,0.9542465393360358,0.9526199997666255,0.956122870955338,0.9476502342580863,0.948754321899872,0.9338683679986378,0.9550261157867442,0.9283430985727443,0.9602561994743247,0.9425865099385277,0.9290830743676043,0.9457616461154221,0.953460453931896,0.935637568118177,0.9530482713659897,0.9495793959675733,0.9568537605530321,0.9453235600349164,0.9406772024483355,0.951108106881622,0.9447348937212592,0.9478099366595908,0.9532258195900032,0.9458869016528796,0.953272073122973,0.9424663584516663,0.938827268983486,0.9440160947045917,0.9558913788612259,0.9447118445554106,0.9438024948235512,0.945453239993057,0.9461096705362096,0.9454960579232325,0.9498849018107063,0.9467012051803326,0.9516265475494474,0.9440782992297692,0.9558676629171633,0.9399222997608486,0.9426580024770443,0.9471331190978305,0.9413076810992439,0.952183103351608,0.9558964307889439,0.9408612272867571,0.9463121276412283,0.9486350113625661,0.9572981601728182,0.9456241315521954,0.9351934930102654,0.9505598463022843,0.952970466633482,0.9409381254883451,0.9494323589061218,0.9394634961452032,0.9578646631911126,0.9490525842721506,0.9421070443082317,0.9301433190206719,0.9588264142516911,0.9605387390074325,0.9400479547147897,0.94440950666474,0.9464447077755362,0.9444961416363163,0.9457235729512965,0.9435770167200008,0.9470035350602816,0.9457954389909871,0.9537211384451444,0.9514502932187254,0.946484300286178,0.9461266385945181,0.9514713582320304,0.9427458426646795,0.9527664045964217,0.9523954060174288,0.9549075710615311,0.9501982317526328,0.9374278051674149,0.9449404590776701,0.9473242089170624,0.9513160767354158,0.9435709443893878,0.9493091472691344,0.9469738905140207,0.006578918761041569,78
88.7795430612564,85.29740024828293,0.23360544204711914,0.3421905654397184,0.007170272316391664,11,0.8499430109962913,2,4168,0.7293608935945628,"{'learning_rate': 0.007170272316391664, 'max_depth': 11, 'max_features': 0.8499430109962913, 'min_samples_split': 2, 'n_estimators': 4168, 'subsample': 0.7293608935945628}",0.9401225886366349,0.9471917452574404,0.9435034857449468,0.9460811546097593,0.9433999425191025,0.9442561878482495,0.943935651906513,0.9502762369105879,0.9464978251684758,0.9416600107605998,0.9366423303830448,0.9302115731082782,0.9433808831458128,0.9481335564290606,0.9543976963501607,0.9511391204997367,0.9527957734402558,0.9475342612197389,0.9453759995337878,0.9351230491563078,0.9539143884102319,0.9364696810388331,0.9590047503772405,0.9412274428792019,0.9248603536551749,0.9431174031901859,0.9511158648261802,0.9346884945979983,0.9509542343353812,0.950691614747526,0.9546870200366007,0.943888040481857,0.9388388195635028,0.9483563250419524,0.9439567118125918,0.9450299461121545,0.9495892706910428,0.9454271050210115,0.9517496439098588,0.9393050119481849,0.9393261307915746,0.9412545338794748,0.9545179680536867,0.9408731970452784,0.9444840670711324,0.9432952913962328,0.9463039177219776,0.94591409074462,0.9465506123852899,0.9451251182570208,0.9465033695356805,0.9442282315887828,0.9580424964855494,0.9338041093197939,0.9384748743329225,0.948759253860794,0.9380767004543824,0.9504188308423722,0.9531265799640309,0.9358742955902695,0.9462992226339065,0.9465187678980216,0.9558391234048632,0.9424123144706881,0.9341322404121163,0.9464014583582865,0.955542178212281,0.9387550637366309,0.942769410078013,0.9351541718324021,0.9577569474157037,0.9430877995875862,0.9398765802744531,0.9317760643263291,0.9571930444951984,0.958215268980175,0.9330520052961871,0.9408356564063974,0.9428804798041506,0.9485474399275315,0.9469481593122216,0.9449500983645454,0.9388172924729817,0.9369919703542632,0.9540264841983683,0.9506973477341143,0.9514367107714736,0.9417152993605528,0.9475614438067312,0.939396675290028,0.9496575432107764,0.9493067383675605,0.956395908146989,0.9470205040604849,0.9365623362638844,0.9466445829335962,0.9414820693590841,0.9499704857725838,0.9373699229638845,0.949042263119965,0.9450652393804106,0.006840179710427065,115
6.7780089807510375,9.60454987728188,0.016116526126861572,0.04850556583789087,0.22030395364157684,12,0.7191092741862057,2,4168,0.7268289299185802,"{'learning_rate': 0.22030395364157684, 'max_depth': 12, 'max_features': 0.7191092741862057, 'min_samples_split': 2, 'n_estimators': 4168, 'subsample': 0.7268289299185802}",0.9393926372622141,0.939099084395793,0.9348851430586324,0.9344040660601114,0.9409612119211365,0.9398072199985161,0.9204640695984305,0.9456306653057657,0.9280959162950401,0.9305388040548588,0.9284344878055573,0.9146885372968931,0.9361682463489036,0.9385640712598613,0.9456660548281504,0.9446206250017022,0.9443605171689687,0.9375972336224967,0.9366181713044828,0.9243843267937932,0.9457933816829852,0.9357448600372308,0.9480328333383737,0.9316626628803579,0.923479298325716,0.9247169650695148,0.9441288215565785,0.9191196642800191,0.9401050383957816,0.9291046879068998,0.9394279635165494,0.9385652118159644,0.9281892938617079,0.9311500659915402,0.9341101774302727,0.9403821519090034,0.9423280481232423,0.931741793682679,0.9430857123986254,0.9205238775350055,0.9133441123918081,0.9355652594270354,0.9468817931126161,0.9251452473616629,0.9424340308620012,0.9393251268281763,0.936561917926732,0.9337488778176435,0.9323573276952403,0.9382654686533827,0.9312452717439671,0.9301186278460756,0.9432058689749231,0.9142985632481982,0.9291760337507752,0.9442243806289433,0.9328937063862283,0.9475313017980903,0.938187268183772,0.9220715222318853,0.9409141530312478,0.9423510686971023,0.9493302212577189,0.9339892136809657,0.9148513494563454,0.9377160829431208,0.9348883281049643,0.932515507545047,0.9269288682858935,0.9181941391896932,0.941618311715119,0.9284643095980544,0.9276919714175157,0.9050582614059822,0.9434828093691311,0.9445683916442136,0.9167824364152919,0.9338576901850508,0.9452070226515487,0.9384610981082202,0.9433427575871496,0.938882663894163,0.9113814606224345,0.9382314776084649,0.9404398857619385,0.9379377889630485,0.9478817249529835,0.9185300511000557,0.9334090199952063,0.9300951080528246,0.940431866553533,0.949758080338317,0.9405659338037097,0.9198684127912228,0.9251776489134659,0.9336809760898378,0.9357789528111962,0.9436498274423809,0.9148495720033298,0.9446462196419252,0.9341776596961792,0.009768327893565437,181
49.14302093982697,50.78098479262932,0.28366076707839966,0.39730187893415075,0.002972103375337846,11,0.47873867696824834,2,4168,0.5613612108253409,"{'learning_rate': 0.002972103375337846, 'max_depth': 11, 'max_features': 0.47873867696824834, 'min_samples_split': 2, 'n_estimators': 4168, 'subsample': 0.5613612108253409}",0.9463113554707433,0.9511518543256176,0.9506950038735158,0.9518536690472459,0.9487407619348216,0.9538140090399267,0.9490059676502288,0.9524205926811383,0.9491927639129244,0.9473507606924777,0.9366021024773459,0.9347712629198347,0.9488849956545455,0.9534754208448517,0.9560188444187153,0.9554130348262957,0.95778459421307,0.9495236699390155,0.9522248593635375,0.9361682637900071,0.9561558346961412,0.93429263239004,0.9623637842135152,0.9452446012810801,0.9314848221344345,0.9494326007986356,0.9549924062430615,0.9394433674588236,0.9552150961037262,0.9543138513177177,0.9588815373113221,0.9497812393599783,0.9427961104530503,0.9523473837825748,0.9466813965094469,0.9490890573281536,0.9548584848241108,0.949863783676336,0.9561610344845399,0.9446108986308447,0.9436164975449076,0.9480748777314775,0.9593504601684038,0.9472205929146635,0.9469810932099217,0.9479997102612442,0.9484338868678253,0.949083307283925,0.9516596719037302,0.9495952748654237,0.9550756744320038,0.9489148193370004,0.958935614243489,0.9439878927139455,0.9453356404592665,0.9508357140273483,0.9441694643593677,0.9554256646530542,0.9574488121174176,0.9430772774537701,0.94823950308229,0.9517547828269602,0.9585330276717142,0.948279065399472,0.9387976851158666,0.9538332047947284,0.9564473521596363,0.9442268515173259,0.9516535843985975,0.9419953954376934,0.9609032926707824,0.952065150655279,0.9444901230065712,0.9348917955193667,0.9603124890385344,0.9628807200841548,0.9418905591437355,0.9472771237642656,0.9488227097532311,0.9475164322851062,0.9490317243978607,0.9462786960737261,0.9479302606658561,0.9476694936420977,0.9568721048038604,0.9532033137857161,0.9496747530126483,0.9497352206165915,0.9546386285715692,0.9446466043159907,0.9576441371261308,0.953881895619918,0.958034040218077,0.9528959188742434,0.9393979332747993,0.9479698052776081,0.951037852624724,0.9543843300436111,0.9459219030878597,0.9520089252196257,0.9497230404619941,0.006355645803820863,35
83.54212836742401,74.01036573033888,0.3551030945777893,0.4367314316070998,0.0027280769290078575,12,0.6107821010454956,2,4168,0.6211417520759408,"{'learning_rate': 0.0027280769290078575, 'max_depth': 12, 'max_features': 0.6107821010454956, 'min_samples_split': 2, 'n_estimators': 4168, 'subsample': 0.6211417520759408}",0.9441925792663046,0.9501084698418808,0.9478910115056,0.9504358005458855,0.9465286367675888,0.9517810062962729,0.9479115077504928,0.9508522199864993,0.9490659585330957,0.9456034847316978,0.9379577344336424,0.9350219668851099,0.9491111768719899,0.950562758369502,0.9542301512089701,0.954650991161578,0.9569992478379674,0.9494194967750653,0.950270170237073,0.9361577695772286,0.9559330068308799,0.9328044038126307,0.9608843602148265,0.9442235888277973,0.9276318082220385,0.9464423198607202,0.9553702594832818,0.9383715599229075,0.9539136853654189,0.9536168383416762,0.9587770168831741,0.9468519662256404,0.9419683374360023,0.951494570088572,0.9464263946389668,0.9485515011525503,0.9528210063313368,0.9487357347053914,0.9548585098569643,0.9425481150923546,0.9421055542813059,0.9465930934037694,0.9571976076871515,0.9459341796455369,0.9456639497277344,0.9459622156516817,0.9479259129934172,0.9478449085206566,0.9500389368923843,0.948603074558723,0.9517057510591118,0.9456081172214973,0.9577590436048601,0.9416950152477862,0.9435155673765941,0.9504926612799608,0.9428308354707995,0.9535415659518819,0.9555842080175841,0.941543305942675,0.9468678027992132,0.94912188855594,0.9577548964097096,0.9479887202816952,0.9358969583982975,0.9518847379619148,0.9555336799398417,0.9423394517087403,0.9490948294430493,0.9398087023464479,0.959624525996444,0.9505186333952079,0.9424911146380882,0.933633665628821,0.9594779874716544,0.9614269452258107,0.9401894192208845,0.9452131979345813,0.9467776479031271,0.9464783236390097,0.9491446529101861,0.9463948537011384,0.9465623421166018,0.9443098741623143,0.956339222761716,0.9523588174999877,0.9491400840540426,0.9471238100718821,0.9522450291443881,0.9457221190168686,0.9531983502403909,0.9534192123430411,0.9573221756153508,0.9512444323369701,0.9381013416111879,0.9474915995416551,0.9480855157932963,0.9526395593993102,0.9444682079632523,0.953034810303009,0.9483359176589675,0.006410214323364173,57
54.2404109454155,57.04960903919248,0.11925408124923706,0.15218515095678353,0.01900609617765293,6,0.7257703228632789,2,4168,0.7634521906897548,"{'learning_rate': 0.01900609617765293, 'max_depth': 6, 'max_features': 0.7257703228632789, 'min_samples_split': 2, 'n_estimators': 4168, 'subsample': 0.7634521906897548}",0.9488853084330126,0.9508943450119256,0.954227573536995,0.9508649636246835,0.9498660657760514,0.9500088735217203,0.9479720712563174,0.9545752601525149,0.9552411019385691,0.9491516434371583,0.9377003330993413,0.9390103752440754,0.9517067885732646,0.9553097886439171,0.9567938778618822,0.956606202831799,0.9568614999482251,0.9513471144544238,0.9525196434588487,0.935954671820115,0.9570529461921884,0.9369665528067688,0.965755082697372,0.9457494233010679,0.9374675367622064,0.9508891174553573,0.9564581628836419,0.9419624360451632,0.9557825712842822,0.9564652763327509,0.9614136112077403,0.9530707161903903,0.9456119951081389,0.9520031856822108,0.9437044385080491,0.948507013731553,0.954892803457189,0.9507882549389093,0.9542647710707426,0.9466133295344114,0.9437071376418097,0.9458011969018019,0.9611937472473926,0.9480520751776152,0.9489343363458884,0.9478251013681703,0.9505924247317427,0.9511846366454713,0.9502553040282128,0.9531984724427339,0.9544507222925959,0.9487041338817562,0.9595767722074902,0.9401028887206699,0.9446541926794922,0.9530905668441334,0.945899825949783,0.9550891725861747,0.957188142923275,0.9429906865835518,0.9521076983025836,0.9509264232469531,0.9626079255595617,0.9495016184742399,0.9413269425700801,0.955202319966939,0.9567602919258451,0.9510054563253181,0.9471659871920357,0.9418753093762278,0.9629266006606171,0.9541708624648707,0.9443362690821807,0.9344793487025392,0.9616917967599738,0.9614786059119392,0.9436544371326329,0.9489517113629247,0.9498021690234595,0.9504826749161904,0.9503501346142987,0.9506518886932095,0.9457157270303725,0.9478109734422879,0.9593810266740646,0.9521214134591034,0.9470931926472053,0.9502828347785919,0.9554570152494781,0.94527574020457,0.9574734329555027,0.9533860330932322,0.9593278700199548,0.9512116387159428,0.9439357507339661,0.9455536264475025,0.9508209746497561,0.9556804860360527,0.9483779555821722,0.9519016362287457,0.9506567206522787,0.006277827503590007,22
34.0820847940445,37.3937271118427,0.17327384948730468,0.2624608601490567,0.009678103411289605,9,0.33680083337002875,2,4168,0.7916861140234621,"{'learning_rate': 0.009678103411289605, 'max_depth': 9, 'max_features': 0.33680083337002875, 'min_samples_split': 2, 'n_estimators': 4168, 'subsample': 0.7916861140234621}",0.9421936085941166,0.948608171345826,0.9490998751251432,0.9473226991458263,0.9461816771924224,0.9512411446517838,0.9419744734331703,0.9490029676276419,0.9460563185297315,0.9455260048784889,0.9344887343949044,0.9348962466966736,0.9483215112208282,0.9519719061310019,0.9511721159655429,0.9561271794518218,0.9545542828730842,0.9471138656492735,0.9461798518226846,0.933871540723993,0.9525831237104136,0.9244920818881692,0.9612420537926794,0.941002263119054,0.931114985853001,0.9489028105681104,0.9526199455112804,0.9358621521062599,0.9539462582641444,0.9522951321683317,0.9557644924510814,0.9463873205540061,0.941875139763884,0.9504052916599571,0.9444424040744301,0.945511396366641,0.9511689375573749,0.9470313020361556,0.9488610048807811,0.9449094086867376,0.9399812778143471,0.9448943345154657,0.9556139518164052,0.9443877724901198,0.944145654592066,0.9486098370173567,0.9399421673268982,0.9457122131529347,0.9493909744307198,0.9475226422664486,0.9522275861073083,0.9481599778554997,0.9575966443575672,0.9333382243561481,0.9401749767142464,0.9468744129943163,0.9433417157799693,0.9525225996063484,0.9551764622109501,0.9423670127653476,0.9467886689864865,0.9486220728207431,0.9560329091230593,0.9443652246215528,0.9355244750036227,0.9524192929981857,0.949977683573775,0.9420898224616597,0.9490940176039138,0.9376219853561002,0.9580692860259769,0.9499361430582057,0.9400327511212718,0.9327674194296477,0.9594138948677429,0.9580479298811492,0.9395220948437274,0.9455873946878564,0.950215901044206,0.9428365390029707,0.9426583103845555,0.9446483145379514,0.9467711670653555,0.9480869441345549,0.9531447722539387,0.9499920081312762,0.9429437828435084,0.9457333158102117,0.9507584228071677,0.9405651446434239,0.9563970977552781,0.9508924773612474,0.9537337225663592,0.9473021832596432,0.9344568214277285,0.9426268389614934,0.9502973843429149,0.9524658820397017,0.9431209140029525,0.9460961371167724,0.946699592665948,0.006711752049844226,83
45.4928923368454,48.938081918509845,0.08191112995147705,0.12695485066348017,0.05766813678495467,5,0.9041051459439013,2,4168,0.6171339131681375,"{'learning_rate': 0.05766813678495467, 'max_depth': 5, 'max_features': 0.9041051459439013, 'min_samples_split': 2, 'n_estimators': 4168, 'subsample': 0.6171339131681375}",0.9527516387288154,0.9521382535474673,0.9514429291076613,0.953190764328861,0.948742747459515,0.9444309179631453,0.9521086488689952,0.9581894081873025,0.9541401725497356,0.9501463676479992,0.9379070888055907,0.9415046327114757,0.9512650279042977,0.9547907453947596,0.9551272369576173,0.9561126602461855,0.9573244475560864,0.9515164424178051,0.9569809988024515,0.9323762473042034,0.9559573091758884,0.9461556809425262,0.9646862709925929,0.945644052134393,0.9393809471081541,0.9521552914184351,0.9569352027451612,0.9383567103338691,0.9551147882787048,0.9546553885111079,0.9581584114365372,0.9560706092611484,0.9420922421584336,0.9485826647510395,0.9446235296391269,0.9449221611753421,0.949839135923777,0.95240206440428,0.9559439611978364,0.9429321795679901,0.9443884259520083,0.9484109683904236,0.9576368034886595,0.9455012456782604,0.952100094789943,0.9447237461995753,0.9497932005808706,0.9549086200578734,0.9523355698309983,0.9542118567388149,0.9537875182871117,0.9460458675315346,0.9615888617264658,0.9424908284663446,0.9398055146933406,0.9546326733082732,0.945134186152129,0.9542616644487788,0.9611580553213759,0.9357780168605653,0.9499789614928515,0.9478889414956095,0.955348520487891,0.9475577863835628,0.9414789960091803,0.9544630205731451,0.9582395956476596,0.9522475322208245,0.9491776385114615,0.9393826298132862,0.9626726884330897,0.9518168416933139,0.9429170507055774,0.9350523770292998,0.9584261384489594,0.9607459486322274,0.9387643657545273,0.95121313759945,0.9514005398864831,0.9480775412463331,0.949203014342748,0.9467507367005831,0.9458413612390885,0.9503688994991624,0.9576024325166258,0.9553131726449836,0.9452953455309245,0.9492860448808467,0.9568114530494196,0.948417246385328,0.9579880764166818,0.9511455928859196,0.9619715590649454,0.9556623894523224,0.9423209441001364,0.9449917666334142,0.9521504060926268,0.95587974323573,0.9466109619317915,0.9515868912964018,0.9503753798611407,0.006593215038647044,28
51.466098606586456,53.549672151255514,0.19924448251724244,0.314397287352962,0.010933018136631901,10,0.3717236262547444,2,4168,0.7957939914667664,"{'learning_rate': 0.010933018136631901, 'max_depth': 10, 'max_features': 0.3717236262547444, 'min_samples_split': 2, 'n_estimators': 4168, 'subsample': 0.7957939914667664}",0.9426740383363236,0.9467706567859091,0.9458647996069689,0.9469309821045072,0.9448637995073529,0.950389699267471,0.9443693834273806,0.9480053236337165,0.9456528184027123,0.9429394031630639,0.9382447310880887,0.9334024072818451,0.9483680646678286,0.9470229328635035,0.9530682386702525,0.9519071630297851,0.9553681022743022,0.9472074611402866,0.9478291967695233,0.9319884350788158,0.9534478647319672,0.9242839454192631,0.9588818344915246,0.9414600096931516,0.9304107451718131,0.946976803953051,0.9533243176566115,0.9359220201884418,0.9521322897853773,0.9503039047538295,0.9563210254684738,0.9462674140938139,0.9400456039801987,0.9509686928782085,0.9423922891466019,0.9464450547992944,0.9506496081650154,0.9451723915062881,0.9515272782348113,0.9428798821488624,0.9375303489451525,0.9405997607628183,0.9549361064443151,0.9458035094684607,0.9436072344935315,0.944627756256495,0.9411046261892864,0.9424597356616738,0.9476237456336791,0.945858104080877,0.948600324778248,0.94320726044606,0.9578540248806015,0.9381236206144118,0.9401678592359899,0.9465964099886799,0.9445282651392634,0.9513238425386841,0.9538030436418319,0.9400912118443598,0.9469501803109508,0.9471079414401716,0.9572850570500744,0.9459768655823622,0.9358233134844586,0.9495573526086422,0.9501034229820438,0.9423919674338187,0.9488476696975685,0.9381857718087143,0.9577533800017458,0.9473741457085206,0.940889284766914,0.9297004486574778,0.9596649826117741,0.9604468117033564,0.940135163157286,0.9437811284906473,0.9455714693992548,0.9434160496885203,0.9448260857167181,0.9434500876508424,0.9461639106588943,0.9444732209302111,0.9546628655560717,0.9510775359467487,0.9466767834449936,0.9439336056085521,0.9491760069890705,0.943987895404995,0.952193762658,0.953628853614929,0.9524245812317371,0.9483394535584142,0.9344886524298729,0.9435219096771774,0.9461438852715804,0.9514553105415442,0.9402660529023569,0.9464337351075631,0.9460941400589523,0.006601031212283931,94
47.79658971071243,49.27739276142233,0.1511687183380127,0.22219827224197455,0.023732950058719497,8,0.47351811621687767,2,4168,0.7574937629823866,"{'learning_rate': 0.023732950058719497, 'max_depth': 8, 'max_features': 0.47351811621687767, 'min_samples_split': 2, 'n_estimators': 4168, 'subsample': 0.7574937629823866}",0.9462479587558289,0.9514724321977167,0.9500714259158493,0.950197989694859,0.9463443239646682,0.9515412404473111,0.9473393342105881,0.9523668568478392,0.9473399877743093,0.946804648237916,0.9340663597463437,0.9380077259358722,0.947430506522951,0.9512691704597873,0.9552790504973464,0.9573930490535415,0.956508063710853,0.9507100613010782,0.9474769719608606,0.9364360856585738,0.955600071860443,0.936734388830152,0.9602549777265171,0.9444193603331331,0.9296321986447602,0.9480730082749749,0.9548900456525368,0.9391183288583792,0.9533180242348508,0.9529272347168647,0.9590847226404009,0.9479057088931614,0.941646324968608,0.9513441524700982,0.9457310654472024,0.9461363309979235,0.9501479721897753,0.949264322252279,0.953751223008528,0.9439568732948829,0.942779722761211,0.9454752005012408,0.9573368916086888,0.947327268402358,0.946564125471131,0.9465953217948215,0.9453714412086657,0.9480718047808872,0.947346381000287,0.947936784440313,0.9504741584816182,0.9470257374541544,0.9574295281882845,0.9381635732411188,0.938907841488253,0.9502956719085601,0.9411967560388628,0.9525969140820842,0.9539577004833536,0.9396136671122206,0.9491042557477853,0.9518825706118276,0.9576768012340353,0.9493529948835395,0.9379040026819093,0.9488204998172638,0.9536257612010121,0.9434160012451689,0.9481046817231525,0.9397625812135768,0.9614337779824406,0.9556838837346093,0.9412177369163338,0.9341975053374258,0.9612223169582412,0.9591181700906398,0.9399573591253613,0.9471562022467925,0.9479717063704689,0.9446954653349298,0.9494391338917795,0.9455941857397784,0.9454930824025332,0.9491887603984597,0.9555312309021623,0.9533319620191674,0.9479050188769225,0.9466473870981698,0.9529439058116262,0.9416175223825243,0.9551326168559946,0.9525918903795363,0.9565912359410832,0.9481658012273353,0.9385827699814789,0.9449117540650278,0.9512673793911243,0.9522785719523732,0.9428215943529891,0.9503226749794277,0.9482536882174369,0.006373572024795825,60
88.99077483892441,78.22069086235096,0.23838426113128663,0.3338223900580097,0.013445349798407289,11,0.6789988650163588,2,4168,0.723327175109192,"{'learning_rate': 0.013445349798407289, 'max_depth': 11, 'max_features': 0.6789988650163588, 'min_samples_split': 2, 'n_estimators': 4168, 'subsample': 0.723327175109192}",0.9430244458118425,0.9482706385158263,0.9449837629290376,0.9482764884348537,0.9442070306333745,0.9478444227297913,0.9433612711491535,0.9508407066899668,0.9450305202343001,0.9413891246782013,0.9363502415026632,0.9319110163266875,0.9456089394313217,0.9500419419872672,0.9536278117266244,0.9521501313493732,0.9531723841279657,0.9461375338989482,0.9473679020811451,0.9339440986642973,0.9545802267351206,0.9309878668746357,0.9588741489631294,0.9422698751897555,0.9267715932682322,0.9427746803745873,0.9527137675393719,0.93492417597397,0.951007649229691,0.9513685503035458,0.9562516653844088,0.9463263485379831,0.9385801190157397,0.9500978307546781,0.9468301967403069,0.9462939292777943,0.94953891978553,0.9441761372772979,0.9510443063024739,0.940530866725206,0.9385120158608047,0.9432087225365633,0.9548815153278261,0.9459502135793912,0.9440342451793805,0.9459228366776519,0.9476893377525697,0.9462484907274896,0.9443752583856723,0.9454444555727128,0.9473961301152765,0.9453767458732845,0.9565690659044159,0.9377468238492297,0.9404803376077608,0.949673884214285,0.9382312880796833,0.9499519772604562,0.9531946538863744,0.9385989176461659,0.9457339086698262,0.9488225901748628,0.9564559023469998,0.945457754247414,0.9356557737406682,0.9473644769925361,0.9535233534956241,0.940215840850862,0.9457993148191127,0.9381022425409555,0.9575219074125224,0.9469553654422085,0.9414308917703922,0.9292133158109643,0.9576311375118873,0.9587524542721847,0.936422266948186,0.9430543052220228,0.9452193839811877,0.9489353868181561,0.9471916029612087,0.946702370243244,0.9427183903569061,0.9406825976216386,0.9541182604433719,0.9507780713433384,0.9496666033299617,0.9463556799706726,0.9482685478574006,0.9428292515466334,0.9516829805394211,0.9503602961542292,0.9559393803875804,0.9470123978286273,0.9371234188233388,0.9466018937969963,0.9423482854316041,0.9508770695512848,0.9401847314853682,0.9506238424804231,0.9460130342841492,0.0065396614343249835,96
56.307503099441526,47.08009380613361,0.09932138204574585,0.14822170099598825,0.04308344342080995,6,0.716728488806714,2,4168,0.8144035974822499,"{'learning_rate': 0.04308344342080995, 'max_depth': 6, 'max_features': 0.716728488806714, 'min_samples_split': 2, 'n_estimators': 4168, 'subsample': 0.8144035974822499}",0.9473864456995147,0.9487576547034571,0.9547264463310533,0.9525050432391066,0.9492350429568024,0.9490232474496995,0.948995481243042,0.9514158714937013,0.95116272368456,0.9467891404400801,0.9416294469539712,0.934712649468737,0.9519292970316855,0.954717528968268,0.9557875749388081,0.9560959100538227,0.9554278259350727,0.9495386211736054,0.9555605958098567,0.9344286159318667,0.9548651859093922,0.9376123432954323,0.9622030378590798,0.9433678974156622,0.9383104100620895,0.9486018053886726,0.9531413549127357,0.9370747468940128,0.9544100993667168,0.9547287700470379,0.9582109559455076,0.9506458959771399,0.9447359711367376,0.9489776591487684,0.9450434975732939,0.9476692212416331,0.9538481644967166,0.9527491821303168,0.9526711438549159,0.9464206406467339,0.9398743444746941,0.9456990605866405,0.9565240870319629,0.94649004060051,0.9457839695166236,0.9472989274959365,0.9482994892690764,0.9487208083285488,0.9489313526199081,0.9483532724615318,0.9503010569901452,0.9487282605329376,0.9548537881034074,0.935749593432085,0.9400997467127461,0.951275707707637,0.9426177166591397,0.9547671674503154,0.9555072105222284,0.9418919812746127,0.9499392657984903,0.9512005164603119,0.9609875978537962,0.9446725296877106,0.9390243492732708,0.9528181263376514,0.9569728173552398,0.9480467455073852,0.9452430835474623,0.9417407101145866,0.9595843014912785,0.9554746198502402,0.9438319169453209,0.932964067914806,0.9608459445159957,0.960976309523218,0.9398997819928917,0.9448314261760735,0.9476519574601077,0.9515815078165352,0.9499053834456568,0.9500285402161865,0.9464789360328344,0.9494958537512183,0.955609778088515,0.951510411891454,0.944982476966035,0.9450460178410225,0.9543550373492876,0.9415648853122274,0.9576887745471643,0.9508457725991651,0.9608757888231305,0.9499274232886415,0.9412999606142535,0.9459104993064228,0.9497943630628427,0.9553384768905987,0.9439815019683068,0.9485087216709674,0.9490831690786828,0.006364343600736719,44
27.92950516462326,29.190598566871717,0.049427196979522706,0.10781391264784068,0.14100614488070173,6,0.5658061701046324,2,4168,0.9577018114898567,"{'learning_rate': 0.14100614488070173, 'max_depth': 6, 'max_features': 0.5658061701046324, 'min_samples_split': 2, 'n_estimators': 4168, 'subsample': 0.9577018114898567}",0.9408569442364959,0.9462246933504918,0.9412393249724098,0.9359734629431875,0.9495122609572222,0.9429663032755076,0.9514778911449348,0.9509893450216592,0.955505614668647,0.9406173045230583,0.9241638566679917,0.9301772594682877,0.9435747037589269,0.9455756697284488,0.9486937261717541,0.9526421991682794,0.9528509962193726,0.949390744029228,0.9447395119048768,0.9301994085042505,0.9457699289218581,0.9169791928350869,0.9597535717153781,0.9445965491943079,0.9250732766726129,0.9485480132463924,0.9473592237996609,0.9269126733997903,0.9465761333807785,0.9457177802876611,0.955308225809429,0.9450031634348774,0.9369911812688227,0.9484743458237835,0.9456402108307398,0.9464012530848801,0.9443001885772528,0.948310314283106,0.943508191156167,0.9386358847025167,0.9398530741723053,0.9429113271285552,0.9532638592842758,0.9472021617974982,0.9425642531503208,0.9392740206800637,0.9373953713338812,0.9404597715874621,0.947330252548166,0.9457501748282835,0.9486878780314296,0.9362095024597479,0.9509386600527526,0.9387743765077909,0.9341934960048293,0.9516948995379847,0.9337038781595173,0.9465127300685834,0.954254896987824,0.9291714022501091,0.9472972512614047,0.9447868295468629,0.9540254615284481,0.9430440168559693,0.930790720714362,0.9470490097052481,0.9520024014405835,0.9459385648052393,0.9375437300318074,0.9290080261084944,0.955137120980422,0.9499933149079518,0.9362323316763982,0.9204814137695039,0.9566121583777217,0.9525584489844988,0.9294772986427693,0.9412322477216613,0.9436284191704778,0.9411227577349861,0.9404698721111481,0.9452585857341941,0.9364804972647426,0.9398174504329931,0.9505948430854982,0.9461342885431883,0.9439397357679481,0.929568662957357,0.9500317294759879,0.928881098655564,0.9426898355818326,0.9504743570690849,0.9539672522363688,0.9473337437653352,0.9272030666545512,0.9361839966509506,0.9504177863582112,0.9480987766443781,0.9332255153315483,0.9366999295001137,0.9429280905749732,0.008555575600582739,143
82.85721017122269,66.21269952399223,0.14881539583206177,0.21654760172926352,0.012373915463819782,8,0.8797660659211541,2,4168,0.8225529566019121,"{'learning_rate': 0.012373915463819782, 'max_depth': 8, 'max_features': 0.8797660659211541, 'min_samples_split': 2, 'n_estimators': 4168, 'subsample': 0.8225529566019121}",0.9423203308710912,0.9470221572886044,0.945444631698251,0.9479927628624186,0.9434464714809844,0.9438220807066335,0.946422644997867,0.9510528158419594,0.9458461001851879,0.9422661912515646,0.9394803799103558,0.933166852706363,0.9419921738537388,0.9503704035301943,0.9542393098053796,0.9513157111751066,0.9523145803911124,0.9487312689433697,0.9449395689917804,0.9344041515297129,0.9527769959171299,0.9388139373108166,0.9581546780178432,0.9440840014179724,0.9254443010246358,0.9467225761827401,0.9504379434202728,0.935285652161914,0.9510462678965349,0.9523841878466318,0.9557036565959922,0.9449745315531287,0.9399010015088013,0.9502102188595819,0.9441830080445894,0.9465051016243359,0.9491790398920974,0.946396692424724,0.9531430092267509,0.9429752107803887,0.9391142698451936,0.9390631527934368,0.9556901904711885,0.9443330262081322,0.9440056854604906,0.9446085564761196,0.9457394667632392,0.9458208449148975,0.9484259096645193,0.945647230104769,0.9492184274561641,0.9452676282725829,0.9581450652401944,0.936588630317116,0.9385811928541373,0.9510862776303131,0.937965720752019,0.9505235121517279,0.952737460698089,0.9293570038101405,0.9484284775290885,0.9466904255493038,0.9563507399781094,0.9411771850580161,0.9365223252103039,0.9496492924133487,0.9564328767893315,0.9419397173258032,0.9431536921460936,0.936086673324493,0.9569994134045495,0.9468595226400968,0.9396484657323857,0.9319890011774078,0.9578432550416103,0.957093737770785,0.9330358293190747,0.9413972620735561,0.9435646024170695,0.9496770564035476,0.9467793494352721,0.947038215351878,0.9423307713484959,0.9376190262880055,0.9544614308127839,0.9490715611661202,0.9487676662837384,0.943584317748803,0.9480976097324283,0.9385137173216077,0.9504587970005807,0.9494826887190764,0.95547814929396,0.9489686399358078,0.9365717238579858,0.9456742899885835,0.9444555267601471,0.9504762223926696,0.940580324910973,0.9461606848121049,0.9457594211607802,0.00666010433186245,102
65.35059710741044,57.57247046224999,0.08737155437469482,0.13262359160174347,0.007959470449050965,5,0.8519701143948588,2,4168,0.8607640954097336,"{'learning_rate': 0.007959470449050965, 'max_depth': 5, 'max_features': 0.8519701143948588, 'min_samples_split': 2, 'n_estimators': 4168, 'subsample': 0.8607640954097336}",0.9467471019917455,0.9465316992036044,0.9505254402998845,0.9502830182031262,0.9461637984521343,0.946152365862406,0.9498551823837819,0.954340115447728,0.9524898100486011,0.9473522892544316,0.928299243756923,0.9387337651717381,0.9520339098648507,0.9550720363705384,0.9561417248976094,0.9581735639849868,0.9576058204634894,0.9491130890002814,0.9531310231536371,0.9359746107830688,0.9559151830387054,0.9432989937727759,0.9641697256969296,0.9441881646529967,0.9367850246367806,0.9483850926274572,0.9574589574867427,0.9392750162089978,0.9540103507784836,0.9566363206471739,0.9572082648531508,0.9516955630855862,0.9444044003566148,0.9501079446712236,0.9461129018456593,0.951703335942683,0.9535939764379234,0.9535087642300659,0.9568218186207973,0.9456705032157342,0.9462460946011509,0.94644568424712,0.9594623372201805,0.94740609003555,0.9469938156926699,0.9458210328632326,0.9492398846801792,0.949907606644769,0.9518685900515051,0.9515486401004469,0.9526156251313759,0.9497847724736627,0.9591585156539603,0.9387081507499047,0.9438616929222674,0.9523083426651916,0.9459802808294476,0.9529072161330907,0.9538179125715744,0.9427567572917739,0.9522570773984176,0.951677179027841,0.9579654348795159,0.9462383361764714,0.9392072467991125,0.9549720162210907,0.9608745552668749,0.9490952944941063,0.9454027618298133,0.9401988161554734,0.9630963639501439,0.9533513649993794,0.9454461442243387,0.9334915524033355,0.9599335411553679,0.9608855578688095,0.9389269335108873,0.9483569069100507,0.9468823209722009,0.9481330976203383,0.9499078437764346,0.9493590991329431,0.9450666495587857,0.9462574409698783,0.9585766563567037,0.9530412382056087,0.9464987603449202,0.9468538672115049,0.9534576321681597,0.9458465589223619,0.9578564075245068,0.9534628641662162,0.9610707200779857,0.9527087766427238,0.9436373992332979,0.946527530294605,0.9489605973878522,0.9546787811479711,0.9468073679427945,0.9509223004408194,0.9498039994732974,0.006528357394041728,34
11.441744561195373,15.520469551856326,0.05408271789550781,0.10581322108974768,0.0743925293548933,11,0.42080532093809697,2,4168,0.5708686692637015,"{'learning_rate': 0.0743925293548933, 'max_depth': 11, 'max_features': 0.42080532093809697, 'min_samples_split': 2, 'n_estimators': 4168, 'subsample': 0.5708686692637015}",0.9402813529497415,0.9475140287622187,0.9453349754334738,0.9418429653061838,0.9411735548670667,0.9510204974149614,0.9432614844296408,0.9471234060826891,0.9475593242793121,0.9427269988722711,0.9341558949840755,0.9341188240424648,0.948317849486026,0.9508215091343314,0.9499489277718598,0.9523987546849048,0.956565582231576,0.9390745353635153,0.9453271600867832,0.9268782468403186,0.9530502611141974,0.9332086336760841,0.9574659965522309,0.9361193051639339,0.9317693345114453,0.944815126787673,0.9523787340869548,0.9379037085134919,0.9488104984335123,0.9408494575298473,0.955104562449202,0.9389285379714177,0.9348202153573549,0.9511092271433493,0.9344698705193378,0.9469161605862634,0.9552447791290781,0.9409483681134799,0.9506287635172496,0.9408252992239737,0.9390292627480716,0.9454516754602953,0.9538737496390087,0.9398705249464611,0.9399804912162686,0.9441674004191689,0.9432191098123126,0.9449123993280434,0.9451192064676686,0.9460934824457709,0.9520501107416716,0.937763366798555,0.9555435616560229,0.9342466172954582,0.9425817105225119,0.9445860236507415,0.939467229341828,0.95073483741551,0.9556137126225993,0.9406574154430862,0.9448311807049533,0.9433889675181135,0.9565174376396621,0.9432845831466227,0.9294328607567,0.9499137170420826,0.9519783990632856,0.9387178962172495,0.9396648753784809,0.9359630996397497,0.9520154701268837,0.9459873130278594,0.9384121642626481,0.9327774102682045,0.9478110160993269,0.958308925752831,0.9355895373186606,0.9405060059362311,0.9434597979754566,0.9403880529305717,0.9506892756896671,0.9378942360545746,0.9446381651840576,0.9383634597862924,0.9494695762583445,0.9524284578946259,0.9465644434778194,0.9414976780894024,0.9502853834185367,0.943808110606435,0.9552973505915151,0.9446672525022696,0.9479364277033873,0.9474410817570906,0.929299225613796,0.9390082911002953,0.9480968429204998,0.9450205250132012,0.9244343844048484,0.9464748095563752,0.9441803828980316,0.007185005814936559,128
40.264826855659486,44.90773047228232,0.08231889009475708,0.1286576523114219,0.007000271939956904,5,0.4864252554646121,2,4168,0.904757102417078,"{'learning_rate': 0.007000271939956904, 'max_depth': 5, 'max_features': 0.4864252554646121, 'min_samples_split': 2, 'n_estimators': 4168, 'subsample': 0.904757102417078}",0.9486168286716631,0.952489969109048,0.9513066106158659,0.9519813071004981,0.9500246107233428,0.9493732876916036,0.9509778060050312,0.954225261858901,0.9541111100327974,0.9495902326029102,0.9355356427994118,0.9415499883394695,0.951636292572889,0.9560716173006901,0.9552129707702716,0.960213270521425,0.9569937002993754,0.9506859976128841,0.9556910359663537,0.9348425407538867,0.9564395381870506,0.940847964123612,0.9643510529866921,0.9447411623636007,0.9392891783086441,0.9519678295512711,0.9584928236813808,0.942642442318003,0.9560772954960091,0.9580883081534883,0.9587704549635241,0.9534874674387224,0.944164042180466,0.9510643763467281,0.9439478792645059,0.95242927446329,0.9536261712689654,0.9543205137880508,0.9566780588855133,0.9465885200192635,0.9460725471052818,0.9468355315528195,0.9607924023887261,0.9478799769687334,0.9479923488221966,0.9500407851497004,0.9487406460052894,0.9494911807042234,0.9523829148569893,0.9523216425403599,0.9556611736517344,0.9511466400957472,0.9603707910043057,0.9380754096197494,0.9451729787629405,0.9536660693674267,0.946903948763713,0.9542148229032452,0.9580362930628054,0.9436941493345603,0.9516783343048063,0.9524339665756327,0.9599142634025931,0.949083088368979,0.9424084644773681,0.9552307214895293,0.9577440999194623,0.9532263591282683,0.9526521616829511,0.9413372801187039,0.9621011337310059,0.957501760086058,0.9459586840292169,0.9368475348731659,0.9609072860238898,0.9625189358651352,0.944059748003561,0.948666849771999,0.9481709012484218,0.9483721297047568,0.9488437042833506,0.9496523659049962,0.9506125170501368,0.9498870589595566,0.9580171718899978,0.9536289007144028,0.9474341722970369,0.950200534526198,0.9544468437587532,0.9460917370762384,0.9603842255620619,0.9537629435971591,0.9599653618433674,0.9542525607752629,0.9434229365403897,0.946212127665902,0.9522312384480702,0.9573522190890765,0.9495619527890525,0.9503353704701979,0.9511574633384435,0.006155010928296938,15
68.9169412636757,76.4880651439502,0.2655519080162048,0.366567156426064,0.005064759528005534,11,0.5238935052541599,2,4168,0.785945929553687,"{'learning_rate': 0.005064759528005534, 'max_depth': 11, 'max_features': 0.5238935052541599, 'min_samples_split': 2, 'n_estimators': 4168, 'subsample': 0.785945929553687}",0.9416297457728194,0.9478120782796692,0.9452237978800369,0.9435310539706173,0.9444292277270993,0.9484678635125724,0.9447718631449405,0.9487641332791139,0.9470623279480773,0.9429714354093122,0.9351096452838361,0.9338199834184882,0.945995003798862,0.949135886040612,0.9527870816300087,0.9538993625224084,0.9532692834516209,0.9476129867401921,0.9466596109801628,0.93395294762613,0.9522867884611309,0.9293332389749902,0.959199775164245,0.9433076223755283,0.9287356041303696,0.9447453230091796,0.952495711950877,0.9344583615849972,0.9521147181023547,0.9487800308852798,0.9553776721255871,0.944769317335399,0.9404700302910012,0.950516580820408,0.9435368478357515,0.944480500263591,0.9512688452365485,0.9460969263662923,0.9508420612226941,0.9420468442433706,0.938807319202983,0.9425240818840848,0.9543109577949909,0.9447413546612659,0.9425633919669911,0.9463330421459328,0.9424677314113653,0.9472194687320894,0.9472205076356058,0.9459165814054389,0.9493284316178225,0.9447153664088491,0.9555457530975497,0.9358828533351595,0.9389221424103406,0.9467775508089761,0.9395306898595136,0.9522335823827459,0.9529653114500086,0.9382405240962545,0.9459041192066024,0.948394652413594,0.9566048619091014,0.9436363421627179,0.9352604820378159,0.9486951954294529,0.9531405923017994,0.9403418077514231,0.9485598803557939,0.9382751800810163,0.9567265973408522,0.9484562320233029,0.9410376982638963,0.9323460836640545,0.9585445668998087,0.9602199133829935,0.9401135760704671,0.9422787764237954,0.9436841757433284,0.9455126409445377,0.9437722531596969,0.9451424208766005,0.9465721630332189,0.9451526274361846,0.952648370369346,0.9505734674141967,0.9484108990561188,0.9443455211182449,0.9495032810983723,0.9436328673865552,0.9508570327732555,0.9512335930121671,0.9540714350376083,0.9484422376960815,0.9357221656465342,0.9441143135628015,0.9458731333963829,0.9515900170608471,0.9435777038593612,0.9474757012763143,0.945984593397804,0.006321741502624725,98
8.778219361305236,11.910869705991187,0.030657622814178467,0.07617110871815402,0.2554656472004627,5,0.36550724528520134,2,4168,0.7912351927098262,"{'learning_rate': 0.2554656472004627, 'max_depth': 5, 'max_features': 0.36550724528520134, 'min_samples_split': 2, 'n_estimators': 4168, 'subsample': 0.7912351927098262}",0.9402172598329862,0.9432219655737576,0.9388656168458165,0.9262248532782568,0.9325316045340297,0.9410236424557127,0.9395057920509474,0.9370220316342445,0.9491237246957094,0.9276425186358711,0.8976934671306105,0.9330173376028984,0.9442441608832435,0.9359874898072068,0.9433080254349407,0.9480683012397487,0.9432786829036942,0.942734309846274,0.9438588002714126,0.9289927814924914,0.9469983535335064,0.9314697495576942,0.9553044510018034,0.9278457845102558,0.9256944592331282,0.9434208577825046,0.9461016979693003,0.9272950665821277,0.9468620994580419,0.9424003576846011,0.9366592110986528,0.9340323162905043,0.9330264954460088,0.9381692275736292,0.9121036644110682,0.9420346808400883,0.9402642686836025,0.9439839695242762,0.9442812547396432,0.9321252986066993,0.9164445329765517,0.935127226261955,0.9479254097471665,0.9293176371435519,0.9407975318169969,0.9391379982709426,0.9358876251786543,0.9355500276072662,0.9423119890720977,0.9441178994241589,0.950744788400145,0.9312783857861922,0.9528416318966235,0.9247252966361272,0.9350325376567142,0.9415550807361346,0.9398506645477602,0.940196628843535,0.9397312391747886,0.9041829149432267,0.9381381955264443,0.9373781371599371,0.9484144628310746,0.9254019127438231,0.9226088670523714,0.9306580118382729,0.9460231930312591,0.9361755519660466,0.933551941247095,0.919445760639695,0.951603351086277,0.9396766171347274,0.9278909802426464,0.91363697948821,0.9406727616650921,0.9522837083145652,0.9217166043456274,0.9318272670361449,0.9265521847058247,0.9339668378053332,0.9218027159649345,0.9379230114501295,0.9274379205224594,0.9378675342969138,0.9474206624031711,0.9409068628666377,0.9377143644077798,0.9417447723107497,0.9432215817952546,0.9244863061122608,0.9490052254648013,0.9404150083225028,0.9527137692321195,0.9357065605136737,0.9208161975861825,0.9341362789468777,0.9452571247116527,0.9451010160475162,0.9235751862229112,0.9457687130736321,0.936440368149102,0.010383838369356085,174
7.614732029438019,11.374102036739023,0.024838507175445557,0.06933869860645352,0.20270630725893457,12,0.55597474162952,2,4168,0.6060449834759736,"{'learning_rate': 0.20270630725893457, 'max_depth': 12, 'max_features': 0.55597474162952, 'min_samples_split': 2, 'n_estimators': 4168, 'subsample': 0.6060449834759736}",0.9367747714503815,0.9276535844937661,0.9365086263701883,0.939258188591956,0.9260880171559542,0.9351524758909509,0.9353267593793739,0.9409648887838213,0.9296430134547694,0.9331583793725415,0.9315091860630232,0.9283409193785531,0.9347644666431558,0.9385580320781252,0.9265566631938376,0.9473665938360569,0.9408553375068821,0.935948026525285,0.9222178859655334,0.9040115228089494,0.9480721052456916,0.9387457530993776,0.950508024654833,0.9337062376388214,0.9063196080790584,0.9285191393041989,0.9302502414202082,0.914885636510108,0.935410045780583,0.9302216891980428,0.9474136853381404,0.9355296720910582,0.9220969646500512,0.9387522367457226,0.9301656608526628,0.9386647997055193,0.9469998475431343,0.91926809237094,0.9436762405718542,0.9205920788274445,0.9214874743661222,0.9384449535658967,0.9407558025915285,0.9372696658940337,0.9322356982165974,0.9400908131244752,0.9343975108721383,0.9340615191599511,0.9358441719739022,0.9430090442339716,0.932230096448972,0.9288743921052963,0.9423438629743833,0.9157461259635041,0.9364738226480042,0.9428432967164998,0.9353796369434794,0.9383910545771548,0.9489396632097935,0.9206762801181414,0.9331352987306436,0.9369086667321522,0.9440567708518203,0.9185612453537153,0.933974074412026,0.934667749120421,0.9442231230327475,0.9376397819100373,0.9280021652260654,0.9158179055119104,0.9493286844488333,0.9345113088776419,0.9352948411340027,0.9114300703547928,0.9493975127813667,0.9481164560666345,0.9309699910803821,0.9352624645825574,0.9355002109717894,0.9377868617532843,0.9129017485981348,0.936886812996344,0.9229250854545356,0.926856823572281,0.9393676770118916,0.9375880982284414,0.9298716638971135,0.9228657284249234,0.9449498260346401,0.9265339938778556,0.9467295690525999,0.9253611632304952,0.944755103759374,0.9264303301191174,0.9230232324131378,0.9260369512048435,0.9346193738181058,0.948018316864725,0.9209458915591354,0.9424553645215341,0.9334365792184645,0.009824211549968858,185
25.701662459373473,32.789966182990916,0.0754577612876892,0.12610790813558148,0.06943579464540373,11,0.8571793203790363,2,4168,0.5486886124474373,"{'learning_rate': 0.06943579464540373, 'max_depth': 11, 'max_features': 0.8571793203790363, 'min_samples_split': 2, 'n_estimators': 4168, 'subsample': 0.5486886124474373}",0.9452633932989911,0.9465771712857581,0.9468387518732078,0.9518876636113464,0.9449998697792921,0.9467393020150284,0.946013042260882,0.9409467468636397,0.9485746647924581,0.9408048093072997,0.9378034771766856,0.9355779063501978,0.9454221421201005,0.9444308872544736,0.9522206581433161,0.9478104122558726,0.9548842127426129,0.9452389727288012,0.9424879260900622,0.9213248963259996,0.9526507339206984,0.940483132643736,0.9562090068542173,0.9445332468307377,0.931528400562211,0.9462660008033449,0.9481916040096209,0.9373100128929002,0.9503751232965784,0.9507202374622742,0.9567514067953865,0.9468452406212736,0.9383673847697486,0.9516642423693104,0.9394932728694204,0.9424830990841829,0.9511201300938251,0.9439513154300392,0.9497807004287203,0.9401356153945893,0.9384444030225775,0.9424582296242213,0.948909778758123,0.9439305644026199,0.9429954919402064,0.941610224917995,0.9437401673495288,0.950169468264189,0.9473694272526992,0.9440489279926927,0.9484652588525612,0.9425303988222189,0.9618938505238553,0.9368993937629045,0.9375567949132703,0.950408077389255,0.9356566745939193,0.9528837211238443,0.9512860434201367,0.9312050876599629,0.9432653537212078,0.9461406042082411,0.9547685825376052,0.9448640689663856,0.9372045797438269,0.9470828063671548,0.9512600817240907,0.9438630707599933,0.9489566147613487,0.9376632893565807,0.9612081789960625,0.9493327751072697,0.9369060440444223,0.924397992033274,0.9567857651716304,0.9618996650602194,0.9404117360385458,0.9394626107353042,0.9474440349688502,0.9497984645334226,0.9438677192049397,0.9459296872591113,0.9414689561470816,0.9474994819476821,0.9559483128966126,0.9504405945463479,0.9507412282853165,0.9489669803633635,0.9501572143147128,0.939561594528921,0.9548650625087048,0.9472969767566806,0.9570528883668575,0.9459151305271235,0.9372278556245172,0.9424475305779194,0.9411874615465233,0.9469710182660518,0.9373943168573008,0.9504988682463934,0.9455532399560324,0.007076589570530578,106
63.582284586429594,82.62858459560145,0.21800013542175292,0.33730969059628385,0.003191404586995293,10,0.6726086011394686,2,4168,0.6447630575364863,"{'learning_rate': 0.003191404586995293, 'max_depth': 10, 'max_features': 0.6726086011394686, 'min_samples_split': 2, 'n_estimators': 4168, 'subsample': 0.6447630575364863}",0.9437656143033069,0.951050296562709,0.9484973394114149,0.9514610452055309,0.9477700087620422,0.951328607264447,0.9473949487217419,0.9535575251390368,0.9501387971818062,0.9455585081264354,0.937771845849138,0.9354708081535812,0.948344935160859,0.951577906650492,0.9556846927800745,0.9542944291070986,0.9565595363312642,0.9503820546273468,0.9500696884204982,0.9365542513061427,0.9559826531428666,0.9346597307357132,0.961681244065829,0.944733924512312,0.9304999904721465,0.9482680975985031,0.9533103995703054,0.9383017992452013,0.9532719047405391,0.9528703800576943,0.9586540494285799,0.9481412629041945,0.9427251033968332,0.9523195818138587,0.9468987562015226,0.9502327827427398,0.9530671328733867,0.9493441997090207,0.9560043150224069,0.9430636572094916,0.9412072678233828,0.9447640654751905,0.9565798186095008,0.9464789254873878,0.9456656381829682,0.9478969464535447,0.9482916879861975,0.9484301627668744,0.9502907011580416,0.9485346272862987,0.9512214023581946,0.9466958185488503,0.9590185777131388,0.9412263377521333,0.9433850008597747,0.9513532637332044,0.9429011747946872,0.953893531971254,0.9557938115900764,0.940772936064814,0.9481344689925236,0.9500098019054831,0.9585793021689706,0.9471270209839046,0.9391267787483135,0.9512500166879921,0.9560887446057644,0.9439564138701745,0.9490074774059885,0.9403065429621255,0.9599959965817769,0.9497542394365287,0.9424710290567011,0.9345734773198403,0.9590684107023535,0.9609547615927615,0.9381446209494684,0.9452503525819846,0.9469366564038209,0.9493437278220206,0.9501770342537984,0.9471565578044001,0.9481571305618884,0.9442512370557377,0.9571451590621293,0.9509525986371167,0.9508394727315257,0.9459536904180791,0.9529514147110392,0.9447857952280596,0.9539283687015673,0.9528912245286665,0.9585374929309487,0.9522503165603011,0.9381995513601294,0.9479028094160467,0.9469640555650506,0.9533504701090421,0.9439632616360827,0.9517719515474327,0.9486787493472115,0.006302489520143937,49
70.63639144659042,84.51646917078894,0.17772303581237792,0.25559370609825505,0.004799562611044572,9,0.8559137093499958,2,4168,0.6569698307914021,"{'learning_rate': 0.004799562611044572, 'max_depth': 9, 'max_features': 0.8559137093499958, 'min_samples_split': 2, 'n_estimators': 4168, 'subsample': 0.6569698307914021}",0.9446492267168302,0.9510629499472254,0.9482150051532682,0.9499857439192058,0.9484042273105708,0.9492445129847068,0.9467500384083685,0.9520926440175688,0.9495856917208376,0.9458719944909173,0.9376792036603812,0.9347494576822302,0.947126824863047,0.9516061602191888,0.9551204648860075,0.9534687974533349,0.9552128763273027,0.94976956074912,0.9496347520668699,0.9364288387258841,0.955407716278394,0.9402980439882925,0.9610824450329511,0.9445197810407477,0.9297209452944667,0.9493762282367912,0.9542352550656434,0.9380710154220053,0.9529266502566366,0.9537337406382029,0.9580548364243356,0.9492590894721548,0.9408229094159152,0.9518812754797558,0.948043972710017,0.9499645950868959,0.9514260969014777,0.9488200570339668,0.9560694199112062,0.9434542732220501,0.9428516362878989,0.9450104774500966,0.9558281508250883,0.9469229164026364,0.9469634966484095,0.9470323621900082,0.9493957969564951,0.9479651147379952,0.950677129261899,0.9485050332890459,0.9498922768991904,0.9466414829440976,0.9600439175906763,0.9396893550726517,0.9427281816313905,0.9517415340613389,0.9427530712863125,0.9528936203295821,0.9548302047000364,0.940547299111527,0.948075336403777,0.9496174845356405,0.9574052705995638,0.9459866994204287,0.938748769456168,0.9495781389703888,0.956885881527366,0.9429641203068698,0.9477538797877347,0.9399445913206257,0.9606525583810402,0.9482631098490877,0.9442580946466352,0.933901070856072,0.959206805939764,0.9594938458572385,0.9380280721687948,0.9443900039076564,0.945399050382684,0.9506021947333291,0.9499562721239252,0.947001941764241,0.9446274813063062,0.9433962147031276,0.9571265792003566,0.9517840447901799,0.9517374179002929,0.9453488442388917,0.9512259325018493,0.94415341847691,0.9530930636937835,0.9526967389966463,0.9586663000209436,0.948969403431671,0.9401197591507046,0.9494494358691653,0.946630855899907,0.9536611101525194,0.9416597114305396,0.9513948438167661,0.9484059472441076,0.006188650041814666,53
49.957549128532406,62.99655474889102,0.10336749792099,0.166358993028392,0.02319146980125873,7,0.6303748161446907,2,4168,0.9444780933334733,"{'learning_rate': 0.02319146980125873, 'max_depth': 7, 'max_features': 0.6303748161446907, 'min_samples_split': 2, 'n_estimators': 4168, 'subsample': 0.9444780933334733}",0.9436918433412519,0.9474567167063365,0.9464868590799159,0.9497197606172096,0.946655326959102,0.9449756569370009,0.946972088232182,0.9518886698089095,0.9495973139341148,0.9447918428741027,0.935062930317915,0.9350468710535659,0.9455663221540807,0.9499578169419812,0.9518856138907149,0.9549795521019955,0.953582858747019,0.948815429988859,0.9481203469532103,0.9286251705349511,0.9507209035858893,0.936065719500675,0.9589341619144611,0.942954611186709,0.9273401404227708,0.9468819116701945,0.9546830712671854,0.933242837056325,0.9538258508784186,0.9542561968049028,0.9583893119993574,0.9488819149130052,0.9413488220123593,0.9498911479634518,0.9454671250306282,0.948341079281956,0.9524707272954963,0.9470297443898815,0.9507248126502729,0.9430187220218955,0.9376852134092849,0.939911442197764,0.954918382613848,0.9453524122226306,0.9443371395023936,0.947632676434744,0.9440707330909954,0.9492793725372284,0.94667413414973,0.946859182047534,0.9487919545395073,0.9469706840711763,0.9567875641460933,0.9360371623011124,0.9370001014208929,0.9504006130707869,0.9417924789466255,0.9517149964577104,0.9544923341010106,0.934057807869195,0.9478462588588709,0.9484646349589032,0.9574815806275503,0.9417913702337388,0.9386328206498437,0.9508474294913083,0.9559973832853471,0.9456255624943406,0.9475920301591558,0.9348440050297298,0.957167525290394,0.9520968124469724,0.9385206030254223,0.9305690537855545,0.9603281579517149,0.9580062143410831,0.9391997465221762,0.9431737609403316,0.9461426272985318,0.9476835721313642,0.9425834237429787,0.9458536311120006,0.9471109394368316,0.94330762528673,0.9530097053668004,0.9485711297110386,0.9470876680598573,0.944986955896857,0.9495187330926321,0.9407735326671662,0.9525975132845833,0.952330760271874,0.9549468899531924,0.95021634497125,0.9362223021272319,0.942739587720924,0.9477700566349234,0.9501692183248518,0.9432099221098514,0.9454426043006662,0.9466357388174509,0.006800895400312792,85
16.62299483537674,23.61422476340129,0.06033772468566895,0.08291830214847623,0.003356267169447912,6,0.40316034279043567,2,4168,0.6570271077026499,"{'learning_rate': 0.003356267169447912, 'max_depth': 6, 'max_features': 0.40316034279043567, 'min_samples_split': 2, 'n_estimators': 4168, 'subsample': 0.6570271077026499}",0.9502595846955378,0.9521707739111426,0.9535564927467046,0.9525411359173709,0.9503492343475157,0.953442839646465,0.9508505862314593,0.9544512594304595,0.9526136256301416,0.948808208433675,0.9405271312371368,0.9408454236122976,0.9536635460603039,0.9552444953819447,0.9568161021318372,0.9595227987737643,0.9582025723350169,0.9509449703031039,0.9555637977284102,0.9361289341915413,0.957935272002056,0.9392492956285562,0.9647351644837829,0.9470617236351192,0.9385565002289499,0.9521943623498162,0.9576612979645751,0.9427716848681031,0.9567697896036297,0.9562215876289659,0.9606896405949379,0.9547533269931452,0.945268676387461,0.953540073087927,0.9455734989588478,0.9528865724718618,0.9559530033781304,0.9533243415268859,0.95689621715142,0.9469665110296617,0.9471367717184846,0.9496056072176636,0.9599221557076251,0.9485650233165973,0.9491282956976701,0.9516600803868903,0.9507343792231008,0.9499988072141484,0.9523900675276843,0.9528030050294545,0.9558920346039497,0.951499321438549,0.9596765400534238,0.943068087189776,0.9474593875886586,0.9539598114137335,0.9468472750443833,0.9567335270944376,0.9590329529995038,0.9450329918919391,0.9496874797446261,0.9525869184612086,0.9598023666395574,0.9516112891960022,0.9420065714182556,0.9554270668596523,0.9566780953530364,0.9510720593430568,0.9532700325838304,0.9426615480031864,0.9633076078402956,0.9559506957287095,0.946314213668363,0.9376048797479806,0.9627345546492926,0.9631255237832104,0.9457600376136671,0.9499794577568516,0.9515159674317063,0.9469810139687022,0.9500923334164229,0.9493645397428111,0.9508807677037476,0.9524795606098373,0.9587067117548408,0.9547458621380904,0.9480583788406414,0.9507552244780334,0.9568533590535458,0.9463974984460348,0.9607653100344083,0.9548237581431575,0.9581775080147057,0.9541236621040942,0.9436195797850347,0.9469359182811187,0.9538677895839393,0.9577201789466335,0.9492088263824049,0.9519105619472624,0.9518422288427528,0.005890967314940269,9
34.03572712898254,44.151532026867926,0.09261127948760986,0.13382717979224734,0.016189743372400367,6,0.53528123200517,2,4168,0.8397857166533368,"{'learning_rate': 0.016189743372400367, 'max_depth': 6, 'max_features': 0.53528123200517, 'min_samples_split': 2, 'n_estimators': 4168, 'subsample': 0.8397857166533368}",0.9459465679201272,0.9509397793197145,0.9487465354976861,0.9524689805711947,0.9488942229461002,0.9520461405092746,0.9501428468857803,0.9534443349063685,0.9504164510824502,0.9485430175256013,0.9394339760118319,0.9390415576075894,0.9506827726765851,0.9554001041600546,0.9547859109840171,0.9585986952716672,0.9578781591105038,0.9491892881695483,0.9543285642620984,0.9348722712747753,0.9569803079355185,0.9387834403724206,0.9639387373351842,0.9470369476313638,0.935429433552577,0.9516070421547709,0.9566136742438721,0.937419227163147,0.9551235580847228,0.9559815572301394,0.9598112438305938,0.9538606007246118,0.9445192152632971,0.9498698239034405,0.9447308570373006,0.9512103430860223,0.9522572356688848,0.9501689881141997,0.9558980185080864,0.9462241173755493,0.9485155379144891,0.9460558811313505,0.9603678587375807,0.9477840396310858,0.9485756595939159,0.9507802259578222,0.9477029474401544,0.9518599537165137,0.9497360816888419,0.9520566064831819,0.9568469699007146,0.9531947510821731,0.9593928560276576,0.9383778245725185,0.9436595104492413,0.9532487365787539,0.9465154972691692,0.9556183870583612,0.9586466162948342,0.9426307979241207,0.9515609703307013,0.9513367145765178,0.9604237953609325,0.9486955205470485,0.9432209346269645,0.9543416107181311,0.9581084646556534,0.948809250937232,0.9492421917466447,0.9428128580364019,0.9630195282930789,0.9554993179135339,0.9449656860995713,0.9373987010083933,0.9607637886837533,0.9608689548488375,0.9450011620399859,0.948462335434266,0.9489073036546684,0.946926266628458,0.9469360924999892,0.9470550962386448,0.9478015301608744,0.9500296029641826,0.9583379733041563,0.9539790604922248,0.9486667352755705,0.9516305679304256,0.9552541207568853,0.9457611138484305,0.9593917463539975,0.9537314682881903,0.9592735284374467,0.9535719534373623,0.9390052095919003,0.9445530153281533,0.9515285456325288,0.9563428166411004,0.947265934352712,0.9502523051940838,0.9505556505823078,0.006267033954924663,24
11.418655335903168,16.18525259244034,0.04858976125717163,0.0820281461434259,0.054788337132392936,9,0.34776668222138757,2,4168,0.6997728671267625,"{'learning_rate': 0.054788337132392936, 'max_depth': 9, 'max_features': 0.34776668222138757, 'min_samples_split': 2, 'n_estimators': 4168, 'subsample': 0.6997728671267625}",0.9434826152541547,0.9474503287690668,0.9462021012907619,0.9471285007480332,0.945148239603639,0.9527545903742305,0.9422988009491122,0.9469904884392294,0.9452028820141365,0.9418564700400018,0.9296380291778774,0.9353052839935142,0.9493430049846767,0.9522746609617198,0.9505490770182342,0.951893911978729,0.9516676077002878,0.942064894342042,0.9470532444625792,0.9250107722705952,0.949389017974282,0.9305569534541294,0.9595582882844665,0.9425797729492694,0.931040656325302,0.9429134958999802,0.9524308505608087,0.9335680981995554,0.9514474241348463,0.9433886352916317,0.9555657879890619,0.9471699523828329,0.9366276657845036,0.9494657935663618,0.9435435603580791,0.9410680438561783,0.9486787534815452,0.9457241053990832,0.9501694144325223,0.9407477791386638,0.9334370497305576,0.9466257594775632,0.9512233045443167,0.9433977555818349,0.9409345887004057,0.944319285843929,0.9418822576536078,0.9427745268969026,0.9503687699487522,0.9467130797356593,0.9504954033680708,0.9479083820548091,0.9570516833287238,0.9347567835100892,0.9345295119354575,0.9465969882132024,0.9395846471771957,0.9512213758537513,0.9558060000669767,0.9385321761923489,0.9430527652281676,0.9501172758623042,0.9565014794710882,0.9417416566720486,0.9391098776282717,0.9532677687393232,0.9523769186989286,0.9401940337912823,0.9524116957126236,0.938114668545237,0.9574761330795749,0.9513073337159647,0.9363761874912826,0.9258260282283814,0.9577337255406645,0.9523552143961977,0.9385268279243859,0.9465003157102173,0.9469552297485878,0.9409332222185697,0.9392672978426047,0.9378944919739273,0.9453900640339213,0.9444644564013225,0.9502995273419205,0.9512149712478221,0.935066058817152,0.942379501646423,0.9533459349097504,0.9323910329016095,0.9514106913245306,0.9518529881521348,0.9525613664772599,0.9447352126696026,0.9342889355686184,0.9398904263647203,0.948517152509184,0.9467715194240877,0.9433952497149705,0.9390095920500943,0.9449213371342465,0.007250667408762698,116
31.211702291965484,43.64571909195026,0.059450361728668216,0.10214755232971043,0.06153412392775783,8,0.8128183149846561,2,4168,0.814862939539932,"{'learning_rate': 0.06153412392775783, 'max_depth': 8, 'max_features': 0.8128183149846561, 'min_samples_split': 2, 'n_estimators': 4168, 'subsample': 0.814862939539932}",0.9434538449222416,0.9456597421702408,0.9464704453265964,0.9522423420269304,0.9451618477370133,0.9434893874655156,0.9468823415193766,0.948498584520709,0.9503094043888476,0.9434433215164406,0.9386320177507546,0.9327607819485328,0.9451596291605371,0.9481614498235836,0.9544816459111118,0.9527370061633703,0.9510436647578967,0.9467300462646318,0.9430366645435053,0.9360987031949914,0.9504615459441268,0.9369980034495909,0.95893164461714,0.9385330504583528,0.9296798657016916,0.9428013773052452,0.9520488337579825,0.9334465980741219,0.9487866206518484,0.9491426689851643,0.9559712129127771,0.9405914287548572,0.9411540125639294,0.9497254480045817,0.949658376966223,0.9474409052756294,0.9532318910317517,0.9456992884125159,0.9529244718573336,0.9410577578372081,0.9331517339499468,0.9408973989832806,0.955110404953846,0.943679766632716,0.9426362044878644,0.943648220796402,0.9450219714909086,0.9494515324581901,0.9452061448350902,0.9477424048282739,0.9494319980279927,0.9446607675981196,0.9541786375990746,0.9282177500826051,0.9406802420285633,0.9490790946840941,0.9359148277949828,0.9468995032328011,0.9561038270278939,0.9321172541336977,0.9497292259281934,0.9469377810733164,0.9530217955229624,0.9374349229195431,0.935809855456798,0.9471700863840591,0.9540625505961888,0.9411572180212916,0.9444485070216108,0.9389734866992394,0.9583690987722638,0.9454354423675122,0.937649895601873,0.9278895366786905,0.9584347571717864,0.955779628909654,0.9368377656301249,0.940202276339996,0.9433848640165418,0.9497211046216275,0.9499255538826958,0.9482038201595613,0.9422158444021396,0.9388069774124679,0.955440713136199,0.9509670364765823,0.9497068437050911,0.9379839756441748,0.9499139100143332,0.9367088564910118,0.9501346265834801,0.9483970762576522,0.9590814124526655,0.9454154294128034,0.9382114166644541,0.9446531356280151,0.9438764456051392,0.9490930876149961,0.9408229870254505,0.9466329850995582,0.94545209492703,0.006930708364492815,108
11.730596346855164,16.29743500327776,0.042306363582611084,0.08816943103444418,0.08604354073824311,11,0.3991872014862037,2,4168,0.7122797082916403,"{'learning_rate': 0.08604354073824311, 'max_depth': 11, 'max_features': 0.3991872014862037, 'min_samples_split': 2, 'n_estimators': 4168, 'subsample': 0.7122797082916403}",0.9435439650331588,0.9428339361344327,0.9453429393391709,0.9417222543328545,0.9447761639487444,0.9473003880758301,0.9385338367554816,0.9442503012631616,0.9457185454894942,0.9384982850825976,0.9305320012675935,0.9253849446443919,0.9466791667825906,0.9449974974040608,0.948455221927921,0.9496508054194142,0.953496658632869,0.9418315121176808,0.9461179389523481,0.927950898373269,0.9540424046588789,0.9288320296105896,0.9557130594688067,0.9371872217804982,0.9284168306286255,0.9373500979804426,0.9470387068714953,0.9321386285603095,0.9462946043564928,0.9453820665306502,0.9531875039341681,0.9398725971193538,0.9366726997760093,0.9393353823069422,0.9325579096150571,0.9463301020821445,0.9472498367962915,0.9388339906141236,0.9472522184320764,0.9419679548290347,0.9271234942410862,0.9367466471348334,0.9565582803240374,0.9412758458953564,0.9359121027297045,0.9411856876116276,0.9430772812596897,0.9426578133025691,0.9489152207721382,0.9447627300403171,0.9439169182278193,0.9363345004533226,0.9536388937051616,0.9327012279227551,0.9321453704645674,0.9444440403154606,0.9385657151885148,0.950216129526576,0.9517619316198348,0.9333599539011561,0.9425138305057037,0.9429971435858318,0.9478274303503292,0.9389992364012597,0.9268119539107595,0.9475242231689947,0.9486951596194413,0.9378508843116091,0.9408329018749904,0.938666290623031,0.9576056639549461,0.9396963720967594,0.9327306299951567,0.9199201632323724,0.9504561905407778,0.9555646927763349,0.9341353062713655,0.9389642329941139,0.9418965069646728,0.943724930035758,0.9429498021238543,0.9416668879822601,0.9410762078771093,0.9412964642157644,0.9459247448059189,0.9480439636138089,0.94173215090637,0.9452044945200365,0.9485001801063367,0.9437951357722907,0.9509059987584875,0.9458385140419566,0.9455686450165537,0.943218703332828,0.9290294990648669,0.9353669910117389,0.939954890016651,0.9479342829169763,0.9417160445616355,0.9531979232265403,0.9421890815865177,0.007412742519945152,151
94.23122537136078,100.77020099012226,0.2142552328109741,0.26121485343206613,0.016322835066573,12,0.7497917001202787,2,4168,0.7769314170068949,"{'learning_rate': 0.016322835066573, 'max_depth': 12, 'max_features': 0.7497917001202787, 'min_samples_split': 2, 'n_estimators': 4168, 'subsample': 0.7769314170068949}",0.9379297832910348,0.9471482126650104,0.9414312242201305,0.9445153003514936,0.9433423159823041,0.9442956994302354,0.9410037000493027,0.9481502363228913,0.9457579762452268,0.939964854806236,0.9341709541570736,0.9326517575392965,0.9434937496223014,0.9460110434557526,0.95156257258397,0.9519259572664645,0.9499992011168509,0.9453493758194902,0.946010927070164,0.9330902955356944,0.9512065300057261,0.9367541593183953,0.958360757817088,0.9408730436157813,0.9232367821846468,0.9413389474487629,0.9492653741613918,0.932038861136281,0.9500017775299285,0.949426736777321,0.9545145129373549,0.9412661237809135,0.9361620175710638,0.9498490735895285,0.9423709759273318,0.9417166372765053,0.9469319041991291,0.9440399826988575,0.9501380101452631,0.9384989747832826,0.9374187251308159,0.9394591648748107,0.954284841703991,0.94202298111155,0.9411477759093044,0.9454713462282456,0.9464316210558252,0.946967537754083,0.9449189122464217,0.9420005419164775,0.9446737165900415,0.9432837330323993,0.9566226993830003,0.9320082858733112,0.9367644415223404,0.9465907662576057,0.9367451655941018,0.950636239782367,0.9521769903091427,0.9324367064113981,0.9445814810030739,0.9478950643590288,0.9568124312302482,0.9399265730736337,0.9327192246522281,0.947283529414003,0.9544025725168369,0.9382363484873864,0.9442151655570603,0.9332407316155538,0.9545966157432993,0.945346757262145,0.935987391728289,0.9296913230357251,0.9565050621348608,0.954660341497034,0.9339043733185515,0.9382091726503822,0.9431735289514435,0.9454286712636082,0.9446240209111144,0.9481465603504067,0.9401389180230223,0.9372629848831492,0.9513580953165124,0.9510268618041147,0.9521080213991002,0.9402140889844394,0.947493402159136,0.9400733015813527,0.9478881558776064,0.9468508376256716,0.9540690419177681,0.9438828559799874,0.9337453437071276,0.9458765811415,0.9421262979595947,0.9482923623752169,0.9407743617522888,0.9458161061760726,0.9439644307254227,0.006861399433264425,131
56.40431231021881,70.45196387762758,0.1076530385017395,0.15331582499603846,0.01584691190537599,7,0.6872650252991945,2,4168,0.8354288260409601,"{'learning_rate': 0.01584691190537599, 'max_depth': 7, 'max_features': 0.6872650252991945, 'min_samples_split': 2, 'n_estimators': 4168, 'subsample': 0.8354288260409601}",0.9445006142218076,0.9495678256737737,0.9500832194673997,0.9505861882438974,0.9481764597342649,0.9492457992722627,0.9471470461345614,0.9519391698853321,0.9492209402121105,0.9460199046699331,0.9375718452383689,0.936090982799147,0.9497481261584471,0.9511234125457237,0.9526715771058625,0.9538979964591141,0.9548521979899534,0.9480113062258956,0.9490944940870938,0.938027803918997,0.9555408188140632,0.9320056069653659,0.9615444025468275,0.9461122248495718,0.9320691823501046,0.9478363689255346,0.9549410214625432,0.9360590905112034,0.9541954799198836,0.953618834475886,0.9575044809259124,0.9496370599026828,0.9425211100611764,0.9492542617738121,0.9472349210212048,0.9508633138081594,0.9528779565637081,0.9510551477542009,0.9530785387905143,0.9458883990053135,0.9414772372178365,0.9445754810352115,0.9563135855251526,0.9458831919271506,0.9460259545904764,0.9468428360723499,0.9458373685236224,0.9483830574168051,0.9484113924613934,0.9488567611186465,0.9513669015427559,0.9482990016460564,0.9586474875493751,0.9399513201976835,0.9445482819199964,0.9526867025767914,0.9423235907919979,0.9549059026747361,0.9546493615737052,0.9381689114746207,0.949491611033104,0.9494993357409638,0.9577258535202593,0.9434101306260382,0.938840703319437,0.9520594166726712,0.9575814368373343,0.9468842591789662,0.9492583906099281,0.9386658096018755,0.9595753179321039,0.951085220493768,0.9414761664928563,0.9334666062591386,0.9599052232899331,0.9575664564349897,0.9388399915037092,0.9445994305824806,0.9486563225229675,0.9489241299475861,0.947374753561281,0.9481908377030035,0.948260245537826,0.9439049791007428,0.9571617880532641,0.9523317920970078,0.9494984958849273,0.9459866986872617,0.9512153086504135,0.9429666196566375,0.9534919377370928,0.9509119197208679,0.9580838628944818,0.9500850097497036,0.9382601955162826,0.945397574131468,0.9462736323503982,0.9540557919291173,0.9451701976181186,0.9499298487769753,0.9483563276026498,0.006234677849421721,56
44.34881955385208,55.77315567088059,0.08313684463500977,0.12625917796543004,0.05355380716983466,9,0.8516759306417123,2,4168,0.8267151299576464,"{'learning_rate': 0.05355380716983466, 'max_depth': 9, 'max_features': 0.8516759306417123, 'min_samples_split': 2, 'n_estimators': 4168, 'subsample': 0.8267151299576464}",0.9426553565504001,0.9457498375547083,0.9414043437707285,0.9424686348285343,0.9395307033235185,0.9417410847775861,0.9428786664263358,0.9486902194353016,0.941592845131195,0.9394063522175188,0.9400615456174319,0.9332259700029789,0.9395509022982097,0.9455615194116663,0.9507220238030333,0.944829918161707,0.9478772014637282,0.9419777839493229,0.9420549810022871,0.9322403503186539,0.9489426284911618,0.9385964449935198,0.9578477679968334,0.9393447355583681,0.9212991821071426,0.940022588484184,0.9469216129975147,0.9317254369419772,0.9477010141775593,0.9471556881990495,0.9523353303045542,0.9421206465789086,0.9363252405448023,0.9459635818208254,0.9385951906775186,0.9408369000619969,0.9513544724127662,0.9403084512665207,0.9507786610051038,0.941968772143559,0.937540083207481,0.9358419474392216,0.9546691744295056,0.9387803191785654,0.9395391729804814,0.9425940439468564,0.9454605817431967,0.9479181712412131,0.9454820644327672,0.9422945009043711,0.944936626612365,0.9421381064803744,0.9543065581421282,0.9324874270873987,0.9375099116871303,0.9446592966179203,0.9307526194361458,0.9489072540644597,0.949194182440139,0.9263434406774999,0.9436575917482398,0.9448368226240751,0.9525647716467298,0.9373745993591058,0.9320876933278769,0.9420725426569786,0.9525382933035018,0.941013271961885,0.9435180330223925,0.9283451587975388,0.9546371929880119,0.944401048435999,0.9363258517046315,0.931413197775373,0.9569887791710032,0.9553600011055137,0.9287271356301672,0.9396421598263118,0.9388575187582262,0.9460570627475923,0.9403834015594701,0.9461670526400076,0.9369719846466125,0.9332084269188737,0.952365012960989,0.9496914223836472,0.9511154427644724,0.9386985096066889,0.9467586710216774,0.9371367708150312,0.9490385048751682,0.9472871762357216,0.9523405639742185,0.9397760945042626,0.9284551941058135,0.942171629814379,0.9399906179714793,0.9462794042057298,0.934841539993173,0.944736470275588,0.9425355268742207,0.007087378440328159,148
14.98167590856552,19.218085602107404,0.03025392770767212,0.07705579318570883,0.20219609705389646,8,0.6457866927126358,2,4168,0.7119526142089139,"{'learning_rate': 0.20219609705389646, 'max_depth': 8, 'max_features': 0.6457866927126358, 'min_samples_split': 2, 'n_estimators': 4168, 'subsample': 0.7119526142089139}",0.9330446354134073,0.9451102203256718,0.9488809167151824,0.9433858134690932,0.9439038196808526,0.9409599011659331,0.931961230936305,0.9426168281186414,0.9314296965255913,0.9430662377482134,0.9287287837582544,0.928831182392316,0.9380377653682205,0.9414350737439474,0.9461906630807921,0.9508657645749873,0.9475859160481183,0.9395168171937686,0.9441176882659498,0.9175155932707426,0.9439736915738053,0.9364168723645477,0.9553992686396084,0.9355100709513842,0.9244002385270016,0.9396818962460892,0.9454647358336895,0.9295557075731756,0.9455570913724881,0.9387697794586592,0.9493919259368673,0.9394109975355818,0.9334396669884346,0.9442694129518795,0.9401789897068126,0.9384253867452929,0.9448692537403732,0.9422903589001697,0.9434759858490205,0.9266050742642729,0.923694068404213,0.9450342544931736,0.9430626204017992,0.9369556223122922,0.93815585596611,0.9377549687436807,0.93543902400116,0.9439269903994414,0.9293911882934623,0.9379301245985384,0.9454411041979737,0.9398912699959526,0.9555637378267413,0.9370441779724562,0.9351471897757125,0.9460500381101791,0.9296525626120753,0.9417604894174372,0.9512617384599328,0.9238593322801164,0.9322400476979971,0.9496191678173802,0.9554065944540665,0.9344731435133026,0.9209397067993361,0.9400714577364476,0.947524971328404,0.9273000005230501,0.9344387642192141,0.9305954472998631,0.9476948187887165,0.9419299000104656,0.9393407549528231,0.9135020632913374,0.9471137747591414,0.9543722648867966,0.9250869079707269,0.9357384854338592,0.9383526888467587,0.9387011751973194,0.9377599876487278,0.947417305471564,0.9348878646560608,0.9378303552616162,0.9479855343921363,0.9286873542470603,0.9425090623715375,0.9426172138628686,0.9414334752440605,0.9341560797610778,0.9430496271349632,0.9430346223851012,0.9504784871813043,0.9404167203416915,0.9343753216336319,0.9342870453079261,0.941516626184295,0.9470441299130122,0.9290311044027362,0.943168194468742,0.939174155586147,0.008210052232939621,169
26.071220490932465,32.449233148582024,0.1333422017097473,0.18896534833626297,0.030201149519229455,12,0.44571937758017954,2,4168,0.5528977566463089,"{'learning_rate': 0.030201149519229455, 'max_depth': 12, 'max_features': 0.44571937758017954, 'min_samples_split': 2, 'n_estimators': 4168, 'subsample': 0.5528977566463089}",0.9447721099546702,0.9467859162920114,0.952134816544158,0.9498833352547935,0.944091249154418,0.9533930431652093,0.947089461342477,0.9474311669169444,0.946690609381208,0.9433427277742767,0.9371044507521515,0.9313603835233828,0.9473971399498176,0.9520375380946012,0.9557670448854791,0.9527850512100944,0.95566941398286,0.9467809640841237,0.9512674338041894,0.934730132391066,0.9569135613905168,0.9310124074394385,0.9604284386673797,0.9413446331448776,0.9252575930575225,0.946278460675905,0.9534253862322067,0.9365287164116647,0.9526834999481429,0.9489130862608577,0.9566337867008425,0.9453126268814976,0.9402062104969765,0.9527139493101136,0.9438386936961234,0.9470822485849049,0.9538137151657191,0.9418748125864459,0.9559875519032739,0.9435718618913503,0.9425787880052005,0.9476772208416497,0.9525665059609902,0.9421460148935195,0.940710499520977,0.9466144388811353,0.9438953302696933,0.9459566228370596,0.9502385562065586,0.9503024641958818,0.9524154470064014,0.9433797423659147,0.9576662490926773,0.9429023198196473,0.9454018317448953,0.9478878994549024,0.9418552526386994,0.9510805905071499,0.9544734049955623,0.941011221690456,0.9484692383700021,0.949635953327125,0.9561830603740442,0.9488157784593364,0.9372263569893788,0.9535022172695222,0.9527744686504667,0.9453941653454959,0.9498386399205632,0.9405512943098406,0.9606545812006069,0.9449167009766551,0.9440270262505928,0.9338750482765633,0.9582805777868978,0.9620764929408868,0.9385099183564857,0.9435449695502441,0.9471137530697507,0.9433253604068991,0.943599299381877,0.9434924096144419,0.9461683804333485,0.9452947202404669,0.9535787504641479,0.9482503553094906,0.9510248007259655,0.9457638285526138,0.9519740689080177,0.9373474924955839,0.9550669783460382,0.9513604403497743,0.951889104668294,0.9508146422268439,0.9403099810955705,0.9418608295933416,0.9512668719182271,0.9516596099948871,0.9423956457699294,0.9465520466875057,0.9472348148844039,0.006678441380286584,76
48.054730367660525,66.6569898390527,0.07647471904754638,0.11803570213326535,0.029271953442410396,8,0.7536264877232794,2,4168,0.8066003212782946,"{'learning_rate': 0.029271953442410396, 'max_depth': 8, 'max_features': 0.7536264877232794, 'min_samples_split': 2, 'n_estimators': 4168, 'subsample': 0.8066003212782946}",0.9460970350592253,0.9462479190313273,0.9478068688029985,0.948639829766172,0.9445806617795794,0.949120291163543,0.9468696795119765,0.9510117176051758,0.9474168532841042,0.9423978743779986,0.9383754695647554,0.9362650627785056,0.9463055725831966,0.9486231470019484,0.9535870173176741,0.9525974994621338,0.9507534359979061,0.9474648096311875,0.9474788418573987,0.9295746281740401,0.9539725250933129,0.9388383293117021,0.9598892683475128,0.9444979406277794,0.9309263085028469,0.9447958559890055,0.9518926864088496,0.9348127520705348,0.9532954613808202,0.9502878035525536,0.9572388547490088,0.942982261824629,0.9415399438209155,0.9504579435722199,0.9460583733296861,0.9480425863774925,0.9516673157560399,0.9440351713284164,0.9516578113720663,0.9432817210020428,0.9388193853090954,0.9411845458496931,0.9540574214052072,0.944564190143679,0.9450352541518453,0.9457478287776829,0.9465575325569396,0.9496715150171899,0.9490302699476606,0.9451766848350429,0.9498764407883185,0.9456507506522869,0.95875488455689,0.9348026947482619,0.9400289011857313,0.9522938983747906,0.9383642944551535,0.9525825017585634,0.9521857762668979,0.9380442496783851,0.9483138614052368,0.9493901393157544,0.9569557584086191,0.9414128754413672,0.9385319832149666,0.9476422118020288,0.9540386180008749,0.9431894278118144,0.9453972724230628,0.9403216257320831,0.9583566352405338,0.9487732389537062,0.9369556645845202,0.9313154063933692,0.9564326265617734,0.9571245104165338,0.9353989035780169,0.9422276111281794,0.945785023914507,0.9503617841535554,0.9475269485451883,0.9480834095577869,0.9455944302906879,0.9399612728560247,0.9549688332739439,0.9515139270701921,0.9511865496409297,0.942809491071468,0.951994367774021,0.9395665192831772,0.9505460371188158,0.9517536877382664,0.9581211855767098,0.9454226757320097,0.936275963066227,0.944417313969503,0.9437364303955794,0.9508637557204291,0.9384394925831341,0.9475489959966522,0.9465207061536884,0.006464543758134873,88
23.923262856006623,32.7566360835713,0.1152325677871704,0.17406967876425136,0.009826069993112911,7,0.38456564633196666,2,4168,0.636436732318915,"{'learning_rate': 0.009826069993112911, 'max_depth': 7, 'max_features': 0.38456564633196666, 'min_samples_split': 2, 'n_estimators': 4168, 'subsample': 0.636436732318915}",0.9511675391862001,0.9531153255538065,0.9528740393680794,0.9520251909779643,0.950990424669164,0.9544775993597073,0.9516252842930352,0.9537245876674773,0.9523911788642616,0.9470717439488553,0.9415810083797052,0.9383665263385755,0.9515603537450373,0.954912418124514,0.9567663624519289,0.9572005382956256,0.9588134589809607,0.9519833937949661,0.9529817715751352,0.938665356989535,0.9550587263840173,0.9363589046258517,0.9654507108305083,0.9470264599808639,0.9370316375105693,0.9532172536309675,0.9564365117157538,0.9436867578035462,0.956911864707568,0.9566012580018891,0.9586852307464996,0.9538508139245899,0.9459851909132044,0.9520759800744337,0.9454784189432481,0.9523202920756,0.9561807149252844,0.949854560283219,0.9565355590392861,0.9461646859390999,0.946807497530198,0.9498564428184475,0.9590162233951279,0.946903394202328,0.9489849032455286,0.951148928806178,0.949246515512042,0.9498734707415345,0.953004608673206,0.9548959785705382,0.9536727540664559,0.9507237636040712,0.9582057942103996,0.9384728841590406,0.9480251448291203,0.9540119345217335,0.9472222501708522,0.9550603257360029,0.9606408620374751,0.9438030943522254,0.9508289328128903,0.9532762594207903,0.9595116071711914,0.9510404916221114,0.9424118074325278,0.9550256459909474,0.9565227278974459,0.9483232343613186,0.9547682863680944,0.9444680719048753,0.963805036512928,0.9536020563286572,0.9469246672106567,0.9359967027758109,0.9616270734234164,0.9632982323119846,0.946791180042422,0.9483661090317145,0.9483310580722841,0.9483640269129093,0.9487730122305508,0.949678360810293,0.9506032571571208,0.9518393729421316,0.9575107598042861,0.9558335453977951,0.95032098362273,0.9512405996619978,0.9557164965188362,0.946557481178106,0.9587490852732168,0.9563008274290679,0.9579738012366785,0.9551790862555707,0.9428009377239076,0.9475451224874163,0.950666609123487,0.9565960181892982,0.9489955886670948,0.9515401086178161,0.9514448666773542,0.005909767130874915,13
23.281679859161375,33.17455904222405,0.06854115962982178,0.10334782063995594,0.0033572327977361665,5,0.46436425893378597,2,4168,0.6975992433574473,"{'learning_rate': 0.0033572327977361665, 'max_depth': 5, 'max_features': 0.46436425893378597, 'min_samples_split': 2, 'n_estimators': 4168, 'subsample': 0.6975992433574473}",0.9501649333648962,0.9524518155411016,0.9535483638708023,0.953250986255225,0.9492054234117003,0.9517566054762555,0.9514106839098869,0.9540604392849276,0.9546017954178975,0.949410763409869,0.9378465029888103,0.9406954366992922,0.9543182379047116,0.955511487131108,0.9562641671785306,0.9600645856990085,0.9583849487994318,0.9514762018221377,0.955756784614133,0.9380664535080984,0.9569643041914586,0.9426800403347475,0.9648912812689916,0.9446846590183902,0.9399951063716465,0.9514505800588364,0.9581857054873867,0.9444227833020542,0.9560919352077456,0.9576442399034405,0.9598252360318994,0.9539424733552089,0.9451959255280775,0.952085536688582,0.9460352580278882,0.9527012538537474,0.9552749727637284,0.9546108511505466,0.957478803287071,0.9461479789327246,0.9490513183519123,0.9484082239663512,0.9618415452179987,0.9481253629021806,0.9492414604993027,0.9499598832280767,0.9513301350091233,0.9501581957118326,0.9509015410908502,0.9539108432467859,0.9563093864798294,0.9521119715642631,0.9604060629102973,0.9410634504398001,0.9467633308305518,0.9539347404231224,0.9469200553321101,0.9557435091952469,0.9588759765514662,0.9462187838321825,0.9502661355068331,0.9530364516186745,0.9606787817925037,0.9499602967538331,0.9422867858526083,0.9564098231852927,0.9579826044725754,0.9515847899918362,0.9517761087234132,0.9434812401927684,0.9630236615104322,0.9585252684996581,0.9441186629441904,0.935527750274112,0.962046187380942,0.9633701313750633,0.9441498584102287,0.94935676740126,0.9515594978980343,0.9501297925323828,0.9486267610683244,0.9491471648492787,0.9506178028316083,0.9522832099961223,0.9592581489056553,0.9541753259936326,0.9461118304075137,0.9512583049728971,0.9560875662411936,0.9479561148519263,0.9601651705637195,0.9536547276111277,0.9603051873169074,0.9547078986425466,0.944490874774391,0.9471579142088722,0.9531464409573283,0.9576425509306704,0.9496399749751695,0.9525625664413807,0.9518809745069219,0.005993117125138425,8
43.15133726358414,55.8101034694605,0.08808857679367066,0.12595837243717203,0.00266058533728436,7,0.7843776713248867,2,4168,0.7334971504850345,"{'learning_rate': 0.00266058533728436, 'max_depth': 7, 'max_features': 0.7843776713248867, 'min_samples_split': 2, 'n_estimators': 4168, 'subsample': 0.7334971504850345}",0.9458625321385989,0.9516689639867504,0.9497432003816967,0.9522016901918637,0.9477273023427186,0.9494519485308958,0.9476142428066288,0.9535805627251623,0.9513406024980615,0.946970294348227,0.9382962254190234,0.9369119867627042,0.9486539927398724,0.9528843720202521,0.9558297576131474,0.9555867247429465,0.9563823141414056,0.9512377777970255,0.9508801351203447,0.936465157928622,0.9551467161446853,0.9403488450754768,0.9621826048225113,0.9458999466709513,0.9315924047246804,0.9497764324914582,0.9551768501814702,0.9400099599882498,0.9545613936020609,0.9542531807536381,0.958889383382728,0.9501859157805268,0.9433905477003023,0.9519832164671319,0.9476851050984241,0.9505169381977416,0.9539130911818762,0.9506988810731296,0.9552741834257371,0.9436872917939289,0.9431013924643361,0.9451623092964997,0.9564521121015865,0.9472415036996732,0.9469405459882619,0.9467225646795268,0.9482276101050116,0.948496289723363,0.9505890758648669,0.9504388907963691,0.9525325205111391,0.9488074986067814,0.9590828240453068,0.9379617462042316,0.9435845849824407,0.952424212262506,0.9439776631446585,0.9544679630406543,0.9552543060912096,0.9385243632684546,0.9499140425904348,0.9497702319639663,0.9597830717862307,0.9457682248536741,0.939536226814094,0.9511172731408868,0.958053933282983,0.9464938717856641,0.9464873358845011,0.9412498404367156,0.9609094203626575,0.9507607778609825,0.9438512823237188,0.9343112193651848,0.9601446825225199,0.9602906587187222,0.9398296958428257,0.9467862170180067,0.9469864422461688,0.9488970295596442,0.9490844806689214,0.9494861534557578,0.9467955369660593,0.9455960304425686,0.9578307344548314,0.9528498913120942,0.9498523762253784,0.9465250697392565,0.9538340230578267,0.9449807532926106,0.9546345351252292,0.9528900354275681,0.958663786610233,0.950888150106377,0.9410816030373574,0.9477881305940417,0.9494239914863827,0.9547904130840327,0.9451751897710119,0.951253157784683,0.9492881817067133,0.006152540166378121,39
91.08504384040833,114.07209578819943,0.30050882816314695,0.39528539149655706,0.0044257514856917415,13,0.7492105015632795,2,4168,0.7213276284945062,"{'learning_rate': 0.0044257514856917415, 'max_depth': 13, 'max_features': 0.7492105015632795, 'min_samples_split': 2, 'n_estimators': 4168, 'subsample': 0.7213276284945062}",0.9411308731542234,0.94915589501037,0.944791235280423,0.9466985040306244,0.9445239522337673,0.9457541477331817,0.9443379626010978,0.9496116655847942,0.9466578448139558,0.9422120266907431,0.934091819287936,0.9315885568403661,0.9454997094752124,0.9485636254160354,0.953563271341345,0.9516342103652096,0.9527578237163095,0.9471705281747046,0.9474053553188558,0.9327709162942494,0.9528737343150004,0.9349361635580827,0.9585695817713334,0.9422659984046001,0.9256114804456383,0.9426430674677706,0.9517056500992727,0.9346050745579059,0.9507469149050427,0.9508018351059373,0.9554825970493105,0.9443553558694555,0.9387589001138792,0.9497383896565323,0.943786961136809,0.9469303586736926,0.9512371182875716,0.9440228931945379,0.9526867234049904,0.9395122023320844,0.9385262487166133,0.9422297435669448,0.9552153758086133,0.9413615851502822,0.9442040766808779,0.9456038495766025,0.9452325062730367,0.9450173962404316,0.946779375765666,0.945764068043922,0.9465009713621649,0.9434839256318558,0.9561705136939294,0.9369944276611358,0.937518541339384,0.9490129727907011,0.9380847868794099,0.9508815296181357,0.9531458921716979,0.9363526811418386,0.9454265259713219,0.9469726132229566,0.9571463026437222,0.9438365728982308,0.9357546952727165,0.9464847340017083,0.9546264295385161,0.9386527963940395,0.946722084923359,0.9364890435074089,0.956129013699353,0.9459880484766084,0.9395161088978657,0.929710712369882,0.9568045293399917,0.9585294138663336,0.9343863116744509,0.940796286574689,0.9420778967258158,0.9479655738029742,0.947130687020512,0.9460314522659969,0.9429018164996158,0.9397326776727981,0.9533833430907436,0.9506247538648745,0.9507937835799201,0.941866550757429,0.9497743755954522,0.9426610875193513,0.9500702052911261,0.9505021267992968,0.955952514061691,0.9479107235919592,0.9364097979349273,0.9462741226075911,0.9427713786666999,0.9495547660565773,0.9390773402951488,0.947939978230851,0.9454465056703062,0.0066850326668167126,109
115.94826773643494,132.69646779758637,0.22822301626205443,0.2986027518744227,0.009541050504959124,12,0.7890396477363382,2,4168,0.8551719409776926,"{'learning_rate': 0.009541050504959124, 'max_depth': 12, 'max_features': 0.7890396477363382, 'min_samples_split': 2, 'n_estimators': 4168, 'subsample': 0.8551719409776926}",0.9381053338632086,0.9435531421328682,0.9405827046000909,0.9428907770886734,0.9400785303301884,0.9424580546664727,0.9439582523877236,0.943304116526189,0.9420600959142296,0.9393640882748137,0.9320854457163374,0.9270351014941507,0.9417129610516061,0.9467979167409385,0.950111871691291,0.9484144549086572,0.9481470265642084,0.9421049149202737,0.9440558193643783,0.9310680206401117,0.9502640774519847,0.9309713456460834,0.9561360054847212,0.9374449054811126,0.9223379309347535,0.9394692746092658,0.9463105418343971,0.9271777580922642,0.9493406680456314,0.9467308103743751,0.9508899179119843,0.9408373624287244,0.9347062731424756,0.9476106264860684,0.9416343809469536,0.9421937186921602,0.9471092776825337,0.9415536647331452,0.9473512804929453,0.9380576330915847,0.933444157089646,0.9365830503914084,0.9534235390021775,0.9396197523415296,0.9395770230509373,0.9431663049633661,0.9426761002223173,0.9415220668949166,0.9455900656520376,0.9408333235481984,0.9433911060677924,0.9393073500581615,0.952099572553457,0.9336526495860278,0.93126417267611,0.9456111120228226,0.9340099483927855,0.9471083946438967,0.9497897968888265,0.9304126688358991,0.9433503462487685,0.943338677695946,0.9544663628051392,0.9384967179401578,0.932931603592124,0.9427601453517016,0.9528227537414256,0.9354769642479396,0.9450174778166159,0.9304327409065288,0.9530750650334217,0.9420012063190698,0.934680404478569,0.9268745603511799,0.9560559834847289,0.9554054020885239,0.9298224712810285,0.9358700723955838,0.9393339395633431,0.944966624374336,0.9419908681684358,0.9452384537565381,0.9408832137397389,0.9337405172419052,0.9500643947366435,0.949333086906307,0.9521262541016409,0.9400183566933845,0.9441302425906462,0.9408542557138622,0.9452131392020909,0.9483480619061772,0.9533355595015094,0.941914339686481,0.9311297625866334,0.9451826992811966,0.9396868052319168,0.9470943734924084,0.9356245142242217,0.9427043949949035,0.9419489105079465,0.007134937283008888,155
5.976808753013611,8.299088807915377,0.022215316295623778,0.06491262005954238,0.24350802020929316,10,0.8553966401931281,2,4168,0.7071309096348684,"{'learning_rate': 0.24350802020929316, 'max_depth': 10, 'max_features': 0.8553966401931281, 'min_samples_split': 2, 'n_estimators': 4168, 'subsample': 0.7071309096348684}",0.9382812894019582,0.9323920520943311,0.9416862029853725,0.9404723975273719,0.9442011475896187,0.9314076752893078,0.9309896794969728,0.9377564860442095,0.925413190197821,0.9367607773810033,0.8997748999468749,0.9229850889450535,0.931710846956102,0.9387774609686133,0.9434579789769707,0.9413902985208608,0.9423370642434465,0.9297509996445876,0.9312234476716594,0.909939364258313,0.9379639554292427,0.9323444089978272,0.9486099798157436,0.9368778011674632,0.904032958132985,0.9231471208845217,0.9422210481843898,0.9313147908971813,0.9400750044629532,0.9432369311780989,0.9455456646983185,0.9351377720566338,0.9240020491634114,0.941794765281022,0.93447088580565,0.9419393824079647,0.9397487060203299,0.9324408411532423,0.937267813446505,0.9146008769082772,0.9352791221793021,0.9315825217418607,0.9447776805988594,0.933721852603129,0.936431130321538,0.9228132565983839,0.9316993777559367,0.9383553463721306,0.9389813790733743,0.9274685912054915,0.9367158015994068,0.9264465914332798,0.9459985690062818,0.9319065983705694,0.9265615519798115,0.9423466504031874,0.9155798401641005,0.9398083870444476,0.9462550760106677,0.9147515138272827,0.9312004416462691,0.939292857479401,0.9439160315289087,0.9345211691871449,0.916328157017879,0.9302652227434961,0.9443621047088545,0.9373969182800446,0.9311970217729668,0.9196477472824416,0.9513107122398758,0.9270041316720052,0.9329771381880104,0.9199238162624254,0.9496287139331431,0.9514024401681864,0.9353779003229576,0.9272585279039935,0.9408960294107998,0.9480277394352951,0.9272839658212599,0.9436497697505635,0.918694698003977,0.9282908184997316,0.9427200708112143,0.9353430536600069,0.9319398677947482,0.9324360162834491,0.935333944700697,0.9293568948166544,0.9398371073129093,0.9363680997164772,0.9433343053623411,0.927973703429275,0.921904000548868,0.9404245208166393,0.9356221506704885,0.9422163236873254,0.9214130476523213,0.9339512893292297,0.9338499041237351,0.00977664334546465,182
5.309550776481628,7.828034229404732,0.018739395141601563,0.056600455899321854,0.18908800050097183,12,0.44696914450563213,2,4168,0.9241719757660005,"{'learning_rate': 0.18908800050097183, 'max_depth': 12, 'max_features': 0.44696914450563213, 'min_samples_split': 2, 'n_estimators': 4168, 'subsample': 0.9241719757660005}",0.9279062029455714,0.9390314521588933,0.9153145661951602,0.9282744444610607,0.935258616290168,0.9366474276717051,0.9329846097374077,0.9342342749728882,0.9375323873705343,0.9223762220007299,0.9085851636709383,0.9216618613126407,0.9268555662684546,0.9304973074118467,0.9447105309898141,0.9466419035958725,0.9427416188509932,0.9361278240551427,0.9299838666794081,0.9114197616502049,0.9392649838132725,0.9120728181496428,0.9461171910545907,0.9311082824995041,0.9086831853304904,0.9344889276717054,0.9356624085946935,0.9167352894104052,0.938754258274114,0.9368320135909429,0.9389734568334035,0.9340394008663311,0.926877948799725,0.9349981954737642,0.9289848276523167,0.9379952892202942,0.9403734977122751,0.9292674882974701,0.944529419603532,0.9348144191020638,0.9261605769470062,0.9217572701180774,0.938767001672396,0.9278301082180892,0.9299046650532095,0.9392859471189192,0.9267028018573553,0.9298412299617578,0.9348276543215954,0.9319706647459365,0.9423722969965262,0.9335998729609253,0.947153104394098,0.9192899599927236,0.9172000199458581,0.9286589549669568,0.9292972642856059,0.9320341460588283,0.9380190485661812,0.9267347588949487,0.9314719708060425,0.9311186695625208,0.9429158815606918,0.9306499234608243,0.9177307741336603,0.9314750481234695,0.938066012140376,0.9341812390063742,0.9349735385336999,0.919146965012968,0.9485498579149548,0.9353528574312087,0.9237289367161525,0.9084800909146094,0.953830275423221,0.9472853274913021,0.9175304333453,0.9319324621229089,0.9310574378748068,0.9325719726283181,0.9257423890154122,0.9299184389906128,0.9309012813647406,0.925593001234964,0.9387279293366608,0.9387651109467283,0.9384030588760989,0.9365302231929915,0.9332961302948543,0.9165916361993911,0.9435688778006501,0.9394402560675331,0.9464194352948434,0.9313947901220362,0.9078101641644961,0.9339632429312501,0.9376523810374783,0.9416612249317738,0.9187747613641992,0.9341896740066016,0.931721599386937,0.009624862366723988,191
18.440116946697234,27.597930017512596,0.0441019606590271,0.07005991784356783,0.040257546850620746,5,0.6261177034169909,2,4168,0.7004487210952671,"{'learning_rate': 0.040257546850620746, 'max_depth': 5, 'max_features': 0.6261177034169909, 'min_samples_split': 2, 'n_estimators': 4168, 'subsample': 0.7004487210952671}",0.9527560336416749,0.9493670453892717,0.956577372644303,0.9523496429758002,0.948659426346148,0.9468373116136386,0.9529411816435974,0.9529226478013563,0.9526319119229578,0.9477767780957647,0.93329720224996,0.9429694213635306,0.9533062181750754,0.955850553793203,0.9586085979881664,0.9597075065283452,0.9580689953090379,0.9497274441494603,0.9546243829874691,0.9313783850927051,0.9577838304162651,0.9421660080036798,0.9648482696850169,0.9459459594181543,0.9386013697485406,0.9523416878669252,0.9590381951346694,0.940825524651369,0.9586375714119395,0.9554179291856044,0.9571960418456277,0.9549868471146843,0.9465486710109614,0.9523514161936759,0.9452380830171624,0.953363155316054,0.9552974748870338,0.9554423490472247,0.9571936431317934,0.9440605320285728,0.9453008772798561,0.9490466554295289,0.9590633752291464,0.9471673926020643,0.9479383375504393,0.9463051932417612,0.9509426760528227,0.9514557033810758,0.9521824805786426,0.9536583905176114,0.956123804700567,0.9497668527471801,0.9589896300997434,0.940595310121689,0.9437359592687499,0.9548913346333621,0.9470450656522699,0.9560831551108823,0.962528012565603,0.9437492611178386,0.9502250900327658,0.9496805419553236,0.9583543620872662,0.9546668591827665,0.9391099920658406,0.9587062967613423,0.9587143704149793,0.9530965905249937,0.9501588845481904,0.9437250485735403,0.9636014871328359,0.9561175415440145,0.9464811755381254,0.9376622510676975,0.9624553613919717,0.9635573025366786,0.9499154320584514,0.950269736478887,0.9514233824670424,0.9511992099242523,0.953365031835008,0.9500270915550182,0.9502502201845425,0.9528099503593271,0.9596778612938194,0.9561385170300899,0.9456411784212384,0.9483274544644521,0.9568595876157153,0.9454665192849775,0.9606558306202666,0.9523409351081419,0.9603347776547003,0.9533665055427956,0.945613547453995,0.9454672108732195,0.9530310475310877,0.9570512783083063,0.9531082717509906,0.9516363912570636,0.9516450221113898,0.00650531194588297,12
35.65467315196991,47.526771091027065,0.1975049352645874,0.29452855514632353,0.013236985643524067,13,0.41163578809916035,2,4168,0.6278131133359567,"{'learning_rate': 0.013236985643524067, 'max_depth': 13, 'max_features': 0.41163578809916035, 'min_samples_split': 2, 'n_estimators': 4168, 'subsample': 0.6278131133359567}",0.945010268380883,0.9460217394225094,0.9470498469595938,0.9502993722021856,0.9464577258152405,0.9505490941045865,0.9452593036292525,0.9485812769209142,0.9462871968551039,0.946376007221288,0.9397362122584086,0.9316814118661303,0.9475642429160674,0.9488385328977277,0.954912437850295,0.9516876101313895,0.9549846031244636,0.9451201128719113,0.9487316385512083,0.9320943123151976,0.9537526532461117,0.9307400964405117,0.9612530596427368,0.9420755572746854,0.9261470701846477,0.9472701036367451,0.9527741106773907,0.9383233918239942,0.953692489281572,0.9499566084633247,0.9580413724076113,0.9480227050098939,0.9389795873780656,0.9486969692778158,0.9438120333282586,0.9463218315163834,0.9524404052603485,0.9469953007975075,0.952683334787439,0.9432158927074797,0.9396406700432949,0.9467270661923506,0.9556076221619715,0.9460884798239964,0.9414889936793847,0.9451189847367752,0.9463995344052931,0.9445016700409996,0.9477108617645846,0.9470670969898218,0.951182327216412,0.9470576332693946,0.9560970642466159,0.9399326160305284,0.9400823988951119,0.948539986764975,0.9429145461934217,0.9523881434400399,0.9547391579281744,0.939117990376069,0.9481759671043505,0.9500469838739765,0.95662927913754,0.9479529260786134,0.9352807056398403,0.9500560730924972,0.9526243902205687,0.9401653651709184,0.9482981151899906,0.9400671909410431,0.9592998438986646,0.9478305001473448,0.943686508111079,0.932999258653378,0.9586379119837388,0.9617692642372354,0.9419325213269155,0.9442735233999562,0.9468474351790561,0.9435062611855956,0.9484431236971141,0.945132111167945,0.9477244173426276,0.9459831831876729,0.9539072649362295,0.9515295817519467,0.9462029650605257,0.945552458529798,0.9500296786406506,0.9433983035632298,0.9516437350211813,0.9531895863198264,0.9548124406314971,0.9492722414430607,0.9354747891936295,0.9445372162193724,0.9465359048757992,0.9516350284859458,0.9434245548203152,0.9464362146434531,0.9469978518774022,0.006473073733525285,77
29.507783098220827,39.43897536076959,0.09131525754928589,0.13235142889637785,0.028657643074216935,12,0.6396646702358648,2,4168,0.5934780614924402,"{'learning_rate': 0.028657643074216935, 'max_depth': 12, 'max_features': 0.6396646702358648, 'min_samples_split': 2, 'n_estimators': 4168, 'subsample': 0.5934780614924402}",0.9426907232105267,0.9508807631011074,0.950915805517539,0.9475619522774985,0.9485771155803977,0.947831385433927,0.9482657896171807,0.9519389345532039,0.9496068998622867,0.941592640601529,0.9378162712510137,0.9303307811227557,0.9474422801431479,0.9487813369491733,0.9538159648664757,0.9544700597712611,0.9585676438234586,0.9487852586347699,0.946464793108251,0.9316506848106487,0.9542867875459972,0.9337280599984348,0.9599912656335648,0.9429126614416542,0.9285291514169037,0.9476635009759011,0.9511171584600536,0.9408235002347292,0.9515042252911878,0.9535007353387462,0.9549265457517389,0.9461696079163046,0.9403995339469616,0.9494036301497212,0.9438478319052744,0.9420296896212311,0.9541400224793138,0.9453739634341006,0.9525672994962903,0.9437637047681662,0.9460589084129876,0.9444851057591401,0.9554445534042983,0.9481839189976589,0.946317238114834,0.9451099785827721,0.9466506622164458,0.9491782265542696,0.9479417857387141,0.946595772965694,0.9509849071305525,0.9403140072672145,0.9554076876579449,0.9420146836268423,0.9436688035474918,0.9512158308818991,0.9412354636004119,0.953448293734959,0.9568632929074541,0.9448460115796348,0.9476958518191847,0.9498381557786129,0.9561600825430239,0.9490612068496612,0.937245818151726,0.9482415902964034,0.9540437930904796,0.9443847194903942,0.9457902720321931,0.937529750754825,0.9598432377979026,0.9480804226322787,0.9394829880859569,0.9324735385482482,0.9563077669905743,0.9611373762447831,0.938096025106423,0.9438629917035318,0.9432236443879342,0.9472715840527577,0.9498433912276909,0.9465605555993943,0.9459649577508409,0.944455288341473,0.9559414128668395,0.9485869662937296,0.9485248216679663,0.946926541944741,0.9507194854084413,0.944618976070114,0.9535931618081402,0.9497377989540291,0.9573578666425925,0.9461275559047437,0.9356950049556192,0.945312307588795,0.9492103607770269,0.9511576969333335,0.9420430209255578,0.9518114216828238,0.9473459050242442,0.006446462868979588,73
50.22436053276062,66.16239301161264,0.13686156034469604,0.202322634931004,0.004576713770144064,8,0.8989949682497376,2,4168,0.5465943251737378,"{'learning_rate': 0.004576713770144064, 'max_depth': 8, 'max_features': 0.8989949682497376, 'min_samples_split': 2, 'n_estimators': 4168, 'subsample': 0.5465943251737378}",0.947550286813872,0.951956449108352,0.9519192259605326,0.954976623727519,0.9506740551324724,0.9523438689536943,0.9500759370910971,0.9540661214747672,0.9524357229010663,0.9482839657116408,0.9399907544182372,0.9389131069126602,0.9506872125553846,0.9535815983755287,0.9564844715539927,0.955976509736264,0.959026647162836,0.9525439495171684,0.9540729007311749,0.9361885513648057,0.9579493755554722,0.9419967114526729,0.9641536553215898,0.9457539874886989,0.9333028525404313,0.9515061291136173,0.9567960219189915,0.9413909671067509,0.9558099421250887,0.9543384793877137,0.9604925593289827,0.9514647992652853,0.9444448285942411,0.953167279708451,0.9491283595312225,0.9518397717551643,0.9551769100994063,0.9512882098973156,0.9596488572795042,0.9453678502987137,0.9459879706778711,0.9501025651578033,0.9583408652195974,0.9473937464023624,0.9500431516211814,0.9465456377623089,0.9508785044881998,0.9515026260712943,0.9524844023836911,0.951456500368454,0.9526187764804503,0.949152148279028,0.9613288516503443,0.9449864349444891,0.9462698078530927,0.9545308480703057,0.9459960652398461,0.955684634558721,0.9578811520084788,0.9435153551616202,0.9505080580005829,0.9525982749617258,0.9601631006916612,0.9497383734377626,0.9412424012773907,0.9539482067595106,0.9584629565043981,0.947315184630865,0.947425232749681,0.9442892116455773,0.9631838158837236,0.9508937558684241,0.947171068189281,0.9354999788466482,0.9600614958145244,0.9623598803284491,0.943069632698144,0.947571298029225,0.9485647412027645,0.9499353068189507,0.9506441175484778,0.9484316245705787,0.9474070179144836,0.9473287861844785,0.9599850425395158,0.9543017573270514,0.9527225264439875,0.9488763063343727,0.9559187543265619,0.9476340324305977,0.9580228706799253,0.9528332456515484,0.9589501618848365,0.9541102046649428,0.941858913623371,0.9501268614907961,0.9486601921628725,0.9562457871779745,0.9438114874603838,0.9542670518369667,0.9509960426796453,0.006069838155942226,17
39.772503011226654,49.88615310094758,0.1744022250175476,0.24436250659067077,0.005043032494055014,9,0.4338278902640621,2,4168,0.828467526482219,"{'learning_rate': 0.005043032494055014, 'max_depth': 9, 'max_features': 0.4338278902640621, 'min_samples_split': 2, 'n_estimators': 4168, 'subsample': 0.828467526482219}",0.9434342004256269,0.9495675038914784,0.9477165377744053,0.9462150313675004,0.9475848979811198,0.9504322689903943,0.9459239228517984,0.9500918025272527,0.945547988737035,0.9450695354677078,0.9376813210949229,0.9341481086091771,0.9483995117558165,0.9525725932208451,0.9533402342092537,0.9529989213573101,0.9545721852019934,0.9469711598230534,0.9467752573357138,0.933988251797867,0.953576173815962,0.9257645302224518,0.9601598074224067,0.9424074552019592,0.931479460833259,0.9480821293419535,0.9533317601047482,0.9347582193687503,0.9535355848930551,0.95103090911266,0.9559609434616296,0.9475383771905738,0.941179329062277,0.950491605487957,0.945009140315946,0.9480892274513617,0.9502497568249499,0.9472934872510108,0.9511676897849579,0.9439352762806915,0.9387879170038798,0.9421266395688823,0.956842003684786,0.9441029548206016,0.9420161577893024,0.9458520620770886,0.9432638079645235,0.9461209956925432,0.9494008875756091,0.9482138830174948,0.950624571198284,0.946774860713983,0.9558460939766331,0.9376727278855327,0.9412917022278949,0.9471356806955266,0.9433596329410282,0.9526677537202166,0.9543598255391939,0.9384875164197881,0.9487438252847462,0.9483574950211405,0.9576910128177958,0.9453845442170966,0.9357770323602876,0.9512469547016397,0.9527301063795612,0.9433661919446061,0.9506566298253646,0.9390993941280653,0.9571031398552955,0.9486176113588055,0.9403317557760184,0.9317723721586519,0.9591924830958544,0.9596967307765567,0.9422512969620968,0.944650872382808,0.9472528114345298,0.9444445427367889,0.9435142729041417,0.9429042043255408,0.9474669031768933,0.9463391223522915,0.9536978312965945,0.9500732248720959,0.9457769007613073,0.9459867316073517,0.9507319337203055,0.9421406264340821,0.9542905813538927,0.9525138154144035,0.9547177202016288,0.949573925326039,0.9344759047120718,0.9441199060606977,0.9468307076676397,0.9532268483179005,0.9447379678508643,0.9472511165593639,0.9469175682049443,0.006487376852095515,81
15.074655418395997,20.86118385634206,0.030348389148712157,0.07726035891837031,0.3148118030349409,5,0.896472573405416,2,4168,0.754653481010436,"{'learning_rate': 0.3148118030349409, 'max_depth': 5, 'max_features': 0.896472573405416, 'min_samples_split': 2, 'n_estimators': 4168, 'subsample': 0.754653481010436}",0.940454052651961,0.9316948884428388,0.933663730862322,0.9398533111805627,0.9290867894262522,0.9193299343324874,0.9342129669626276,0.9482526252419228,0.93548822835969,0.9357190442158059,0.8972268493040821,0.9178441630927113,0.9366528023317741,0.9403847123392911,0.9440567889584844,0.9335209391059447,0.9436120179115978,0.941489833115538,0.9360508788679847,0.905176762610382,0.9484194288863431,0.9257584704102102,0.9514037784329504,0.9265387653232346,0.9294168835739146,0.9363539834064031,0.9542044011541886,0.934105452947882,0.9389948748605401,0.9410949098416344,0.945311947339899,0.9378776028677194,0.934538878455482,0.9419781531015241,0.9336601307707008,0.9191252663095869,0.9493272901898399,0.9294575625776951,0.940256206178134,0.9169542512828289,0.9316568679876487,0.9375516711240076,0.9460891949281421,0.9406526402263292,0.9333276606364144,0.9262358223153174,0.9266084727359466,0.9460593855970106,0.9336342221937723,0.9306249004222686,0.946965150625601,0.9315034298964643,0.9529201099325909,0.9347734808354592,0.921563791325944,0.9360344678938969,0.9289505673092011,0.9322582469624165,0.9475693775152932,0.9127216118070379,0.9402419756482688,0.9367820824683982,0.9339785343143749,0.9381200177954474,0.9251093243045734,0.9368770670611055,0.9482317132531985,0.9389054190143974,0.9280113684751968,0.9284194979786348,0.9478077457951443,0.9390745128671887,0.9137931485156509,0.9183708059519823,0.9504840721555583,0.9460138160228512,0.9132533569494451,0.9317305301038417,0.9360121885410239,0.9270487438350952,0.9349157191381804,0.9442086868285571,0.9067522023079355,0.9343862375516497,0.950012790550093,0.9424482360491914,0.9295343017003863,0.9368753909965127,0.9449358804591296,0.9388555557171698,0.9372897051333479,0.9283029620102731,0.9445990511443145,0.9330406852672655,0.9264943443117029,0.9250062328474273,0.9368786841166459,0.9428744938469223,0.9362955773193675,0.9339303734356582,0.9346215366127885,0.010574883585150224,179
59.15149812936783,66.65113315966461,0.15685957431793213,0.20271574530624734,0.009477580161406974,7,0.5762776490360921,2,4168,0.7166462117662614,"{'learning_rate': 0.009477580161406974, 'max_depth': 7, 'max_features': 0.5762776490360921, 'min_samples_split': 2, 'n_estimators': 4168, 'subsample': 0.7166462117662614}",0.9473672813048718,0.9523369983627578,0.9512824435431931,0.9537894632069263,0.9499498861135286,0.9509181704833843,0.9507201011168844,0.956215639986556,0.9526258400986065,0.9475962365862952,0.9394556651846584,0.9389655073685196,0.9508953027502659,0.9542741373714693,0.955734743207197,0.9576290748976272,0.9580647774689994,0.9520834386892164,0.9511483769205356,0.9365084144529241,0.9564400964950768,0.9377373292351625,0.9641152522455904,0.9478155772232734,0.9329778824929194,0.9508649553540417,0.9564970945641786,0.9394621561606258,0.9550603659680341,0.9551035902265741,0.9607786924923009,0.9531152741493517,0.9449410837818923,0.9508508863716135,0.9484437964647316,0.9518666500098967,0.9562112857191929,0.9521231269672781,0.9558848096584194,0.9465779837413577,0.9430588510737257,0.9454973219818916,0.9582656118274694,0.9471184606320862,0.9477986905615474,0.9468453576895265,0.949133522720841,0.9516701107776768,0.9509058869752743,0.9501312508633482,0.9546290662520549,0.9516818819457893,0.958317561314256,0.941265948413726,0.9438092765430086,0.9526267376510291,0.9470106200359156,0.9559336542215904,0.9590491667173405,0.9427485792410336,0.9500674158944932,0.9516197295057185,0.9609796912959808,0.9485898029084718,0.941480859888111,0.954204515266014,0.9567893239742902,0.9484477751429533,0.9494253403996487,0.9408135164389869,0.9619362867596664,0.9522304213900065,0.9459287011911812,0.9324439814850668,0.9598366198182751,0.9606250839781776,0.9451852621708775,0.9476418814105985,0.9490445814760142,0.9489260526818484,0.9503369364424322,0.9480821316438925,0.9491908477931559,0.9485030961270966,0.9576631221144555,0.9531504367509014,0.950145984696329,0.9498778476458725,0.9537497295953508,0.9434692620337546,0.956675427031621,0.9543476156584053,0.9578587369660337,0.9547307386595483,0.941270163922653,0.9481711526404069,0.9507456390786442,0.9545713066753945,0.9472348051417726,0.9524206493440244,0.9505033941891317,0.006167436701033532,26
4.2061834716796875,3.756224318718946,0.00880746841430664,0.001499869788814319,0.25566286825132806,12,0.8447686965101635,2,4168,0.6986024431356466,"{'learning_rate': 0.25566286825132806, 'max_depth': 12, 'max_features': 0.8447686965101635, 'min_samples_split': 2, 'n_estimators': 4168, 'subsample': 0.6986024431356466}",0.9303651821704427,0.9281877599285302,0.9387372877823077,0.9404907231292534,0.9373712471364031,0.91624311097359,0.9226779674138105,0.9348079629546457,0.9333666075546724,0.9279080772644586,0.9161455673877581,0.9087474412103058,0.9341091134724401,0.9410206216200026,0.9348331834605045,0.9448597287797087,0.9378723981376694,0.9284083114376668,0.9256501649731443,0.9156229607101866,0.9438738773506725,0.9321845966370372,0.952531938364256,0.9290046599738964,0.9084278620619913,0.9203235942162957,0.934749956355183,0.917689855329807,0.9407120804173046,0.9414935475557367,0.9404494015138253,0.9235217889940686,0.9262306361200211,0.9404201883053621,0.9262861333828369,0.9315074511115542,0.9462334825178453,0.9310625690340726,0.9389131416787294,0.9165819863001892,0.9365577931576395,0.9258014528348536,0.9427229647415366,0.9323902290462558,0.9339294925408549,0.9236411817063584,0.9464719204017206,0.9393658989348967,0.9376327649952841,0.9370554576785559,0.933510463448947,0.9300602434875703,0.9443762080547086,0.9279025010179704,0.9249346295368792,0.9359098049436574,0.9249785668774257,0.9440190080160333,0.9521254289904957,0.9181285969259823,0.9295722132116636,0.938540382193773,0.949061514471949,0.9317262919991555,0.9178792429569954,0.9284851907399767,0.9417661255755612,0.9266170038388414,0.9299168606756374,0.9162763354868307,0.9499858484272552,0.9288415377926269,0.9239814478941251,0.9152613548457369,0.9487635924837865,0.9483949560948756,0.9328561039605043,0.9238437540493352,0.9471442049294754,0.9287074977709784,0.9286320578504972,0.929908773008399,0.8968676980555905,0.9215069969920309,0.9415055443454151,0.9358744797902457,0.9382362134189595,0.9328174658646519,0.9407961731733088,0.931059399370489,0.9348889156519621,0.9428772624070852,0.9464915539239565,0.9268346834213755,0.9165999109030927,0.9444253672949361,0.935206030263478,0.9376534305374685,0.9293206384819376,0.9429362658772125,0.9324319909208698,0.010438489206814047,189
36.9703373503685,50.920638908781925,0.12815126180648803,0.2056280255847848,0.0020143801083789686,7,0.5198936688318733,2,4168,0.8996750943797756,"{'learning_rate': 0.0020143801083789686, 'max_depth': 7, 'max_features': 0.5198936688318733, 'min_samples_split': 2, 'n_estimators': 4168, 'subsample': 0.8996750943797756}",0.943710235342921,0.9494536898694284,0.9461051063579708,0.9481529813361274,0.9469893480302399,0.9503883513928778,0.9464693469589818,0.9523814911796129,0.9488966993824898,0.9451447418098529,0.9374923426941755,0.9354807773578544,0.9464147399882965,0.9529164990175465,0.9526535407531389,0.9555088564699035,0.9544722693817449,0.9484348038713881,0.9474682568831846,0.933033126901733,0.9532628637554613,0.9314004229108567,0.9607587600529829,0.9441522463139274,0.9318852628674239,0.9484203115314924,0.9540233879878035,0.9362611004238359,0.9536121130309274,0.953384420022752,0.9570793104443897,0.948883824897739,0.94260324410548,0.9499958134147608,0.9442259456877217,0.9487544308832172,0.952033313516173,0.9499169551748349,0.9524362672419207,0.9442841597528597,0.9399180077829825,0.9422155109884295,0.9565341092154243,0.9468905446178322,0.9443402851920984,0.9473069284712321,0.9448253223920846,0.9482801494690207,0.9485576481027291,0.9483413949811091,0.9514020866290568,0.9497268645402241,0.9564978128076642,0.9365021985172727,0.941119708546718,0.9503483110228574,0.9420456708911898,0.953389747077096,0.9547817504251709,0.9377210824981602,0.9491322335637496,0.9495207078301022,0.9583190951006156,0.9454109037175544,0.9383643290861414,0.950680591813242,0.9545598480272512,0.9461533976201979,0.9485453141366721,0.938773880033653,0.9586407431389498,0.9513219351731507,0.9422237823437878,0.9329263614619896,0.959913586941418,0.9593490746223952,0.9413584403206314,0.9444264870782543,0.9476246324872131,0.9454705043077314,0.945693514760675,0.9459346273709153,0.9482557240510714,0.9464251147588539,0.9551380847718508,0.9510706328832176,0.9458027105097018,0.947369772134434,0.9513638091418237,0.9431582997588072,0.9546349511286233,0.9530180962076219,0.9565249535716707,0.950589196412353,0.9377211520412368,0.9454376868870189,0.9494533260722893,0.9533544042761473,0.9456390900233036,0.9489240066221747,0.9477791149535286,0.006338760431516512,65
25.914554846286773,28.934057928606915,0.07381205797195435,0.10186166783402711,0.021492877622786812,10,0.5302754167783346,2,4168,0.9087200648184439,"{'learning_rate': 0.021492877622786812, 'max_depth': 10, 'max_features': 0.5302754167783346, 'min_samples_split': 2, 'n_estimators': 4168, 'subsample': 0.9087200648184439}",0.9354653959838426,0.9498230177189657,0.9385110144342275,0.9434726300465747,0.94248954583462,0.9479025515287379,0.9432270504247852,0.9459297726404341,0.9434728825356381,0.9408553811059283,0.9293582333170692,0.9302443269738261,0.9450493139902345,0.9492392038683783,0.9510205335642462,0.9532587416860494,0.9494867048088994,0.9436229932631954,0.9442503555706601,0.9325693287287964,0.951035535506433,0.9265893434312835,0.9564478735313597,0.9390304793107973,0.9224639195654878,0.9459985107320501,0.949481632853772,0.9316984887175275,0.9517701394615167,0.9484847062653595,0.9538728265302887,0.9398744869351379,0.9372648217102383,0.9462517795668244,0.9395785693150909,0.9406794036422539,0.9462722228762862,0.9439667009040345,0.9459185762721194,0.9416074279326928,0.9401694665278083,0.9385322220892051,0.9551388909317072,0.9417050739065603,0.9400046293241885,0.9433757400163384,0.9408684093703288,0.9462087589728365,0.945630381996203,0.9417795645449678,0.9513186130163214,0.9429978191456133,0.9541589995085755,0.9324030767258704,0.93800583754459,0.9438960445098861,0.9399393113021867,0.9489879830607856,0.9531557988707348,0.9308346352843806,0.94463478389669,0.9451947301267982,0.9536960774725367,0.9421589975923219,0.9353818415924222,0.9436959117784576,0.950188837132032,0.9364966249945822,0.9484988791138599,0.9347141719223228,0.956311761528993,0.9489049948356099,0.9386781447123135,0.9293501458957688,0.9568617953770944,0.9561282143507432,0.938639042525931,0.9415013294187972,0.9458186341099932,0.942093272536375,0.9415539453010845,0.9417398194563329,0.9440687990306336,0.9411104037652107,0.951341980720887,0.9477216710609779,0.9472052322333468,0.9443354485514853,0.9467808195572337,0.9387242144239295,0.9497049082968227,0.9499863552407998,0.951862213832815,0.94675928449683,0.9293285536967002,0.9433709349169792,0.9452191422156109,0.9515361705667587,0.93906394230957,0.9451797876267617,0.9437218949794915,0.00701367294692856,136
